performance_id,driver_id,trip_count,average_rating,cancellation_rate,complaints_count,created_at
2,2,207,3.97,0.05,9,09-05-2025 9.41
6,6,233,4.88,0.06,4,29-05-2025 8.41
11,11,954,4.14,0.08,17,21-10-2024 18.15
12,12,227,4.51,0.03,2,11-08-2024 10.19
13,13,579,4.33,0.05,9,26-11-2024 1.54
15,15,472,4.74,0.07,8,20-10-2024 16.55
17,17,410,4.72,0.09,0,07-09-2024 7.46
20,20,205,4.29,0.03,4,05-09-2024 9.53
21,21,333,4.7,0.09,7,25-04-2025 18.27
22,22,619,3.82,0.06,15,29-04-2025 22.22
25,25,718,4.98,0.14,4,02-11-2024 16.55
28,28,371,4.74,0.11,16,17-08-2024 14.20
30,30,879,4.48,0.05,7,11-07-2025 23.22
31,31,665,4.44,0.01,3,09-09-2024 17.13
33,33,202,4.75,0.06,6,30-09-2024 8.08
34,34,384,4.12,0.05,16,31-05-2025 15.04
37,37,453,4.54,0.05,4,01-09-2024 17.36
38,38,267,4.45,0.08,17,08-06-2025 8.31
42,42,462,4.88,0.07,7,15-07-2025 21.40
44,44,839,3.95,0.03,9,20-12-2024 22.18
45,45,231,4.87,0.12,12,24-12-2024 5.30
46,46,132,4.17,0,14,29-07-2025 6.25
47,47,186,4.45,0.13,5,21-08-2024 21.51
49,49,166,4.52,0.06,2,18-08-2024 13.51
50,50,856,3.91,0.1,15,19-09-2024 1.25
51,51,374,4.09,0.1,20,04-02-2025 16.08
53,53,921,4.5,0.13,1,07-04-2025 7.07
56,56,428,3.9,0.15,16,03-06-2025 15.37
58,58,302,3.91,0.08,12,14-03-2025 9.20
59,59,203,4.63,0.04,0,06-07-2025 13.52
60,60,934,4.82,0.12,13,07-10-2024 4.20
62,62,542,4.58,0.13,17,27-09-2024 11.40
64,64,856,3.85,0.03,5,09-12-2024 3.46
65,65,351,3.99,0.12,14,21-06-2025 15.27
66,66,680,4.49,0.13,16,02-06-2025 0.31
70,70,117,3.93,0.14,5,03-07-2025 10.35
72,72,384,4.76,0.07,11,17-05-2025 15.46
74,74,901,4.79,0.06,7,18-01-2025 13.43
78,78,632,4.6,0.11,0,12-01-2025 14.56
80,80,182,4.76,0.11,13,14-04-2025 23.29
82,82,967,4.28,0.03,3,18-11-2024 2.48
84,84,531,4.43,0.02,19,03-09-2024 12.32
85,85,908,4.16,0.12,19,25-02-2025 7.01
86,86,271,4.41,0.1,20,06-02-2025 14.48
97,97,635,4.04,0.09,20,18-07-2025 13.38
99,99,493,3.8,0.04,19,06-06-2025 21.45
100,100,946,4.65,0.14,4,15-11-2024 22.34
103,103,200,3.92,0.07,11,02-10-2024 20.32
104,104,577,3.81,0.14,3,27-03-2025 4.02
107,107,151,4.14,0.03,6,19-11-2024 6.39
110,110,722,4.58,0.1,9,08-05-2025 13.11
111,111,532,4.44,0.06,8,15-06-2025 8.42
112,112,454,4.68,0,15,08-06-2025 11.47
114,114,128,4.98,0.12,8,06-06-2025 2.05
118,118,413,4.53,0.09,4,06-03-2025 14.41
119,119,443,3.95,0.02,8,06-06-2025 21.23
120,120,988,4.96,0.06,0,15-06-2025 10.25
123,123,297,3.85,0.12,20,05-03-2025 20.50
124,124,367,4.95,0.14,10,26-06-2025 16.01
125,125,105,4.63,0.11,19,17-08-2024 6.29
130,130,332,3.91,0.06,8,30-12-2024 5.48
135,135,504,4.35,0.07,14,21-11-2024 19.43
138,138,395,4.94,0.04,20,09-04-2025 6.28
139,139,294,4.55,0.14,7,28-05-2025 9.25
142,142,933,4.57,0.12,17,26-05-2025 10.34
143,143,979,4.6,0.07,10,24-04-2025 9.16
144,144,625,3.84,0.04,17,01-06-2025 4.52
148,148,981,4.57,0.14,13,22-08-2024 20.10
149,149,411,4.6,0.03,20,04-01-2025 10.37
151,151,399,4.47,0.05,7,22-02-2025 11.29
152,152,216,3.86,0.1,2,28-05-2025 14.49
153,153,695,4.66,0.06,18,10-12-2024 4.01
155,155,269,4.72,0.12,20,05-03-2025 2.52
159,159,456,4.82,0.09,17,08-08-2024 10.24
162,162,598,4.49,0.11,3,13-07-2025 23.18
164,164,271,3.99,0.08,6,19-04-2025 2.31
166,166,185,4.7,0.08,11,06-04-2025 17.59
167,167,981,4.84,0.09,6,31-12-2024 16.10
168,168,210,4.51,0.12,6,18-06-2025 23.44
169,169,877,4.05,0,1,30-04-2025 22.31
175,175,510,4.22,0.02,9,24-03-2025 7.35
179,179,907,4.81,0.07,2,08-07-2025 16.14
183,183,672,4.4,0.09,3,11-03-2025 4.42
186,186,139,4.71,0.11,14,26-05-2025 3.27
187,187,376,4.9,0.03,0,16-11-2024 16.21
189,189,664,3.84,0.06,14,04-11-2024 14.59
192,192,753,4.84,0.05,15,24-07-2025 19.33
193,193,937,4.43,0.05,15,29-11-2024 5.53
194,194,729,4.2,0.07,6,09-04-2025 19.58
195,195,180,4.64,0.01,0,20-03-2025 22.34
196,196,894,4.96,0.01,14,08-07-2025 12.04
199,199,482,4.18,0.14,19,09-07-2025 14.43
201,201,237,4.76,0.09,1,23-12-2024 12.11
202,202,617,4.52,0.06,15,26-03-2025 18.52
208,208,936,4.69,0.14,1,02-07-2025 16.29
209,209,149,4.92,0.07,17,08-02-2025 13.23
211,211,291,3.85,0.01,9,24-03-2025 5.52
212,212,361,4.07,0.14,19,20-12-2024 13.17
213,213,419,4.25,0.02,19,21-02-2025 9.23
215,215,103,4.61,0.03,20,30-05-2025 9.29
217,217,433,3.91,0.04,12,08-10-2024 15.07
219,219,388,4.27,0.06,6,23-04-2025 17.54
220,220,316,4.15,0.1,16,26-06-2025 22.10
221,221,446,4.08,0.03,4,06-11-2024 5.39
222,222,521,3.91,0.11,12,02-10-2024 3.46
224,224,581,3.81,0.02,20,20-06-2025 23.13
226,226,981,4.72,0.04,3,28-11-2024 12.35
231,231,828,3.86,0.01,6,03-02-2025 9.42
232,232,105,4.97,0.13,14,31-08-2024 13.47
234,234,308,4.86,0.05,3,09-09-2024 18.41
237,237,415,4.5,0.04,20,29-07-2025 17.06
239,239,861,4.74,0.04,14,18-11-2024 10.26
241,241,750,4.16,0.09,17,21-01-2025 9.21
242,242,195,3.83,0.1,3,22-09-2024 15.40
243,243,139,4.32,0.15,1,06-04-2025 20.26
244,244,437,3.84,0.02,4,20-06-2025 22.46
245,245,272,4.25,0.1,8,24-06-2025 2.09
246,246,380,4.24,0.09,15,25-01-2025 9.49
247,247,908,4.01,0.09,11,05-02-2025 2.35
248,248,935,4.53,0.04,9,29-09-2024 21.49
249,249,342,4.85,0.1,10,23-06-2025 11.38
250,250,337,4.36,0.1,11,04-08-2025 23.08
253,253,927,4.21,0.11,3,05-08-2024 3.00
256,256,607,3.99,0.07,1,04-03-2025 20.23
258,258,990,4.64,0.01,17,23-04-2025 12.16
259,259,846,4.31,0.13,1,24-08-2024 12.28
260,260,808,3.82,0.01,15,29-01-2025 16.06
262,262,223,4.76,0.07,9,13-04-2025 11.50
264,264,704,4.54,0.13,6,22-03-2025 11.39
266,266,677,4.62,0.06,9,14-06-2025 20.18
267,267,745,4.23,0.14,1,28-11-2024 7.51
270,270,583,4.47,0.13,1,05-03-2025 4.42
272,272,204,3.92,0.1,17,10-06-2025 14.49
277,277,821,4.45,0.08,5,20-10-2024 8.05
278,278,680,4.62,0.05,1,06-12-2024 20.44
280,280,167,4.39,0.01,5,26-12-2024 7.47
282,282,668,4.03,0,13,18-10-2024 21.54
283,283,250,4.84,0.04,3,04-03-2025 23.54
284,284,133,4.88,0.05,5,04-09-2024 7.33
293,293,181,4.26,0.04,9,10-08-2024 12.34
295,295,708,3.98,0.14,0,05-01-2025 5.34
298,298,751,4.35,0.07,20,19-01-2025 9.12
300,300,407,4.81,0.14,9,20-07-2025 10.19
303,303,113,4.28,0.13,5,05-01-2025 15.44
306,306,295,4.42,0.08,9,07-09-2024 8.05
308,308,312,4.26,0.03,13,12-10-2024 16.49
309,309,290,4.25,0.1,10,07-03-2025 23.25
311,311,704,4.07,0.13,15,07-06-2025 22.56
314,314,886,4.27,0.13,8,14-09-2024 10.37
315,315,836,4.28,0.05,8,06-07-2025 3.48
316,316,477,3.96,0.08,11,30-12-2024 5.57
317,317,583,4.51,0.01,12,19-11-2024 23.59
319,319,644,4.05,0.06,17,21-09-2024 7.16
321,321,244,3.84,0.1,2,29-10-2024 22.54
323,323,761,4.7,0.07,5,15-10-2024 6.07
324,324,965,4.66,0.14,4,08-07-2025 21.00
325,325,154,4.07,0.05,1,01-05-2025 15.26
326,326,392,4.58,0.03,8,20-07-2025 17.21
327,327,747,3.92,0.1,15,15-08-2024 9.05
331,331,395,3.95,0.15,0,13-03-2025 7.42
333,333,511,4.11,0.12,12,02-05-2025 7.56
335,335,423,4.11,0.08,6,26-04-2025 6.22
336,336,379,4.95,0.11,9,15-06-2025 17.28
337,337,188,4.86,0.03,2,05-01-2025 22.10
338,338,463,4.64,0.15,3,23-10-2024 5.33
339,339,243,3.98,0.11,10,07-07-2025 1.01
340,340,253,4.76,0.12,4,18-07-2025 14.50
341,341,291,4.67,0.04,13,07-04-2025 15.33
342,342,121,4.55,0.02,18,03-06-2025 3.06
348,348,244,4,0.05,15,07-12-2024 2.27
349,349,862,4.36,0.01,14,03-03-2025 21.46
356,356,398,4.75,0.04,5,18-06-2025 6.17
357,357,602,4.89,0.03,6,29-04-2025 0.03
359,359,661,4.94,0.03,8,28-05-2025 3.16
360,360,704,4.44,0.11,12,29-01-2025 0.06
361,361,205,4.39,0.1,9,29-05-2025 14.53
363,363,874,4.9,0.11,20,16-03-2025 0.16
365,365,819,4.66,0.07,16,03-10-2024 1.49
368,368,853,4.75,0.13,11,24-06-2025 3.25
370,370,988,4.86,0.07,19,02-09-2024 8.34
372,372,704,4.36,0.02,11,29-09-2024 5.07
373,373,373,3.83,0.04,12,01-04-2025 16.36
374,374,773,4.98,0.12,19,10-12-2024 12.24
382,382,241,4.61,0.1,13,31-03-2025 12.10
383,383,559,4.49,0.04,7,07-09-2024 19.32
385,385,535,4.72,0.06,20,16-01-2025 23.28
386,386,233,3.95,0.1,10,10-08-2024 6.05
391,391,970,3.94,0.1,6,25-06-2025 13.03
394,394,346,3.95,0.02,1,03-11-2024 18.14
396,396,403,4.03,0.14,4,25-06-2025 8.02
397,397,412,4.7,0.13,19,13-07-2025 11.32
398,398,381,4.91,0.14,20,13-03-2025 12.57
401,401,493,4.78,0.03,18,24-03-2025 0.57
402,402,897,4.33,0.01,18,04-08-2025 18.10
406,406,600,4.73,0.02,12,05-03-2025 19.49
407,407,690,4.85,0.02,0,16-06-2025 22.09
409,409,569,4.04,0.03,12,23-03-2025 16.04
411,411,189,4.08,0.07,12,20-04-2025 7.30
412,412,754,4.22,0.09,9,04-03-2025 0.01
414,414,406,4.24,0.14,2,23-03-2025 20.55
415,415,516,4.14,0,8,01-07-2025 18.40
416,416,444,4.01,0.02,20,15-08-2024 10.16
419,419,599,4.97,0.02,5,23-12-2024 19.47
422,422,432,4.98,0.03,7,11-04-2025 13.12
424,424,724,4.76,0.1,15,08-10-2024 3.46
425,425,705,4.47,0.03,8,13-09-2024 1.23
428,428,841,4.76,0.13,17,14-12-2024 1.33
431,431,425,4.27,0.04,2,25-09-2024 16.22
433,433,647,4.21,0,10,27-12-2024 6.59
435,435,576,4.06,0.09,18,12-05-2025 15.02
437,437,564,4.31,0.03,1,11-07-2025 4.00
438,438,589,3.83,0.05,10,05-02-2025 4.31
439,439,896,4.5,0.05,4,11-07-2025 15.00
444,444,851,4.96,0.1,14,03-07-2025 14.23
445,445,158,4.61,0.09,9,27-11-2024 23.21
446,446,331,4.45,0.13,1,17-09-2024 9.43
447,447,396,4.26,0.06,2,30-03-2025 11.33
448,448,848,4.98,0.03,4,14-10-2024 18.46
449,449,138,4.66,0.14,0,02-10-2024 6.26
450,450,776,4.37,0.03,19,15-07-2025 2.09
451,451,359,4.98,0.1,0,05-06-2025 9.04
452,452,256,4.48,0.07,12,31-05-2025 5.40
453,453,688,4.53,0.01,5,20-07-2025 9.17
455,455,950,3.86,0.09,5,17-03-2025 19.20
456,456,738,4.38,0.1,20,05-09-2024 13.23
457,457,869,4.12,0.13,10,04-12-2024 16.14
458,458,834,4.44,0.01,2,20-10-2024 0.33
461,461,779,4.84,0.15,3,09-06-2025 12.41
462,462,522,4.71,0.01,13,16-11-2024 11.29
463,463,381,4.81,0.01,12,04-04-2025 13.35
466,466,337,4.98,0.03,11,20-01-2025 7.07
467,467,213,4.27,0.06,14,06-09-2024 19.14
469,469,835,4.26,0.1,16,31-03-2025 6.18
470,470,743,3.83,0.08,18,07-09-2024 17.06
474,474,963,4.23,0.03,17,23-03-2025 12.22
478,478,793,4.23,0.08,17,09-06-2025 9.20
479,479,216,4.35,0.05,4,01-03-2025 6.12
480,480,223,3.95,0.02,0,27-06-2025 0.17
482,482,675,4.87,0.06,8,26-01-2025 5.15
485,485,121,4.14,0.02,11,25-02-2025 8.32
486,486,875,3.89,0.01,4,29-01-2025 7.40
488,488,203,4.71,0.14,4,21-07-2025 5.33
489,489,262,4,0.03,0,20-07-2025 22.18
491,491,774,4.25,0.03,20,10-12-2024 14.56
493,493,468,4.81,0.1,5,09-03-2025 17.14
494,494,432,4.96,0.15,5,25-09-2024 5.40
495,495,900,4.44,0.08,7,03-08-2025 18.01
496,496,118,4.15,0.05,19,12-06-2025 13.56
497,497,717,4.16,0.08,12,25-01-2025 0.42
499,499,369,4,0.09,19,19-10-2024 5.57
500,500,138,4.53,0.06,19,12-12-2024 18.44
501,501,332,4.03,0.07,0,28-04-2025 17.06
503,503,910,4.19,0.07,9,11-01-2025 19.15
505,505,742,4.54,0.03,15,13-10-2024 9.22
507,507,289,3.8,0.09,11,23-10-2024 7.36
511,511,622,3.89,0.05,7,11-10-2024 4.18
512,512,805,4.58,0.08,1,02-01-2025 14.27
514,514,381,4.42,0.01,14,17-09-2024 6.13
517,517,372,4.34,0.11,11,17-08-2024 7.26
518,518,271,3.93,0.06,6,08-08-2024 15.01
519,519,529,4.66,0.01,16,14-10-2024 9.11
520,520,888,4.45,0.12,3,02-02-2025 21.14
524,524,115,4.85,0.13,15,01-07-2025 8.31
525,525,406,4.36,0.13,12,17-08-2024 7.19
526,526,128,4.02,0.01,12,21-10-2024 19.54
528,528,727,4.43,0.1,5,20-09-2024 23.37
529,529,569,4.39,0.08,10,30-04-2025 3.10
531,531,262,3.8,0.05,16,14-07-2025 23.59
532,532,473,4,0.04,18,01-12-2024 8.12
534,534,634,4.6,0.13,8,24-05-2025 22.49
535,535,706,3.82,0.06,19,29-11-2024 12.15
538,538,253,4.45,0.14,11,22-05-2025 22.21
541,541,419,4.08,0.05,11,05-10-2024 1.17
542,542,292,4.17,0.13,14,16-12-2024 12.37
545,545,473,4.11,0.06,17,28-05-2025 6.01
548,548,760,4.31,0.02,6,06-05-2025 4.31
549,549,178,4.43,0.12,2,16-09-2024 12.22
550,550,414,4.02,0.12,3,26-08-2024 19.47
551,551,894,4.32,0.12,4,18-05-2025 22.05
552,552,509,4.85,0.07,16,16-09-2024 8.14
554,554,499,4.14,0.01,15,23-04-2025 21.20
557,557,280,4.47,0.13,9,07-07-2025 19.04
562,562,974,3.97,0.06,9,07-09-2024 17.37
565,565,228,4.66,0.12,5,22-08-2024 1.02
568,568,456,4.79,0.01,17,16-06-2025 19.25
569,569,499,4.1,0.13,17,26-03-2025 8.47
572,572,249,4.45,0.03,14,25-05-2025 8.07
574,574,854,3.89,0,12,08-08-2024 11.16
575,575,392,4.72,0.06,11,31-05-2025 14.14
578,578,520,4.73,0.06,16,06-08-2024 0.05
580,580,815,4.57,0.07,17,10-07-2025 5.36
581,581,249,4.97,0.02,20,24-12-2024 11.50
582,582,343,3.85,0.08,9,24-10-2024 3.28
584,584,963,4.51,0.11,8,04-04-2025 18.19
587,587,507,4.71,0.05,19,21-07-2025 20.38
588,588,341,4.84,0.09,4,22-01-2025 13.31
589,589,104,3.81,0.02,20,23-08-2024 16.58
592,592,888,4.56,0.15,13,12-06-2025 17.52
593,593,645,4.49,0.04,13,18-04-2025 4.17
594,594,855,3.92,0.08,20,22-05-2025 5.44
595,595,641,4.17,0.09,2,12-03-2025 3.00
596,596,856,4.84,0,5,18-02-2025 16.05
597,597,701,4.66,0.06,7,21-04-2025 7.33
598,598,232,4.85,0.12,1,31-12-2024 0.44
599,599,873,4.58,0.11,0,24-04-2025 3.34
605,605,420,4.28,0.05,13,01-08-2025 15.53
606,606,243,3.91,0.04,15,17-04-2025 2.53
607,607,688,4.87,0.07,1,20-09-2024 9.26
608,608,702,3.83,0.11,1,29-05-2025 19.45
609,609,371,4.04,0.08,5,06-02-2025 21.32
612,612,794,4.69,0.01,12,23-09-2024 15.42
614,614,806,4.75,0.08,19,10-05-2025 13.56
615,615,576,4.75,0.13,10,26-03-2025 21.03
618,618,693,4.3,0.01,15,13-10-2024 7.57
620,620,250,4.43,0.12,13,22-07-2025 22.57
621,621,877,4.88,0.12,19,01-06-2025 12.48
623,623,999,4.31,0.09,5,04-03-2025 9.20
627,627,216,4.64,0.12,2,21-02-2025 2.12
628,628,765,3.82,0.04,15,26-10-2024 21.12
629,629,247,4.81,0.08,16,27-09-2024 9.10
630,630,694,4.54,0.1,14,24-09-2024 17.01
634,634,578,4.57,0.08,15,15-04-2025 11.45
635,635,684,4.1,0.14,20,17-03-2025 18.20
636,636,834,4.2,0.05,12,26-02-2025 10.46
637,637,302,4.93,0.06,7,09-11-2024 19.36
639,639,851,4.61,0.12,15,26-05-2025 9.13
640,640,154,4.85,0.06,3,10-02-2025 13.14
641,641,870,4.97,0.06,4,27-11-2024 16.07
642,642,802,4.74,0.11,10,15-01-2025 0.54
647,647,995,5,0.11,19,03-09-2024 22.42
648,648,249,4.98,0.1,1,10-10-2024 14.44
650,650,667,4.58,0.1,15,09-10-2024 17.14
653,653,668,3.81,0.01,0,14-08-2024 7.04
654,654,565,4.11,0.14,16,31-01-2025 0.04
655,655,641,4.77,0.11,13,25-08-2024 13.43
656,656,162,4.44,0.01,3,27-01-2025 14.26
657,657,674,4.14,0.15,19,23-10-2024 8.36
658,658,754,3.97,0.09,13,02-09-2024 1.57
659,659,724,3.91,0,5,30-07-2025 20.31
660,660,141,4.89,0.11,15,03-04-2025 13.40
661,661,540,4.79,0.08,5,10-02-2025 13.59
662,662,844,4.83,0.03,11,29-08-2024 21.47
663,663,102,4.37,0.12,9,06-02-2025 12.03
666,666,116,4.66,0.08,8,08-12-2024 11.48
667,667,678,4.82,0.03,20,05-05-2025 15.55
669,669,997,4.67,0.03,2,01-02-2025 21.05
674,674,149,4.82,0.11,13,05-01-2025 22.39
680,680,550,4.11,0.07,12,14-10-2024 19.03
681,681,631,4.48,0.04,12,20-02-2025 17.32
682,682,279,4.69,0.12,1,27-10-2024 14.42
685,685,788,4.11,0.02,6,22-01-2025 9.53
686,686,792,4.29,0.03,2,27-03-2025 10.06
689,689,272,4.29,0.11,15,07-07-2025 12.42
691,691,613,4.61,0.04,17,29-12-2024 17.15
693,693,428,3.84,0.07,3,13-02-2025 2.23
696,696,860,3.91,0.03,12,22-12-2024 21.00
698,698,546,4.18,0.15,9,28-07-2025 23.44
699,699,629,3.89,0.09,15,18-07-2025 9.08
702,702,582,4.34,0.13,5,30-12-2024 22.05
704,704,415,4.31,0.08,3,07-01-2025 2.34
705,705,379,4.87,0.13,18,29-10-2024 9.58
706,706,493,4.44,0.09,18,04-05-2025 4.18
710,710,795,3.94,0.1,2,28-01-2025 7.51
711,711,230,4.5,0.09,0,05-01-2025 3.57
715,715,170,3.82,0.11,11,04-11-2024 8.55
718,718,975,4.17,0.12,5,17-05-2025 2.46
721,721,856,4.77,0.13,2,03-07-2025 19.51
722,722,932,3.9,0.04,10,26-01-2025 23.32
724,724,360,4.72,0.13,16,21-10-2024 10.21
731,731,242,4.53,0.07,19,04-06-2025 2.32
735,735,704,4.62,0.13,2,19-10-2024 11.33
736,736,446,4.48,0.14,15,09-07-2025 21.05
737,737,906,3.94,0.01,4,12-06-2025 12.39
739,739,351,3.96,0.15,12,01-07-2025 9.49
740,740,256,3.85,0.08,13,12-12-2024 17.11
741,741,938,4.51,0.12,1,11-11-2024 10.06
742,742,938,3.86,0.1,14,23-07-2025 14.06
743,743,235,4.91,0,12,01-02-2025 9.12
747,747,347,3.81,0.06,16,28-09-2024 18.25
751,751,242,4.39,0.13,6,28-05-2025 2.39
754,754,241,4.03,0.02,6,17-05-2025 13.37
757,757,331,4.75,0.02,15,20-11-2024 23.36
758,758,610,4.94,0.04,19,16-08-2024 16.47
759,759,936,4.54,0.01,10,30-08-2024 12.59
764,764,652,4.37,0.08,4,25-02-2025 4.54
765,765,418,4.75,0.04,16,25-03-2025 11.49
769,769,896,4.38,0.12,19,30-08-2024 16.16
770,770,142,4.94,0.06,10,22-12-2024 23.18
771,771,276,4.47,0.02,17,03-04-2025 22.58
773,773,602,5,0.15,0,07-05-2025 15.04
775,775,128,4.08,0.01,3,01-04-2025 21.56
778,778,786,4.63,0.11,20,12-09-2024 11.08
781,781,316,4.8,0.13,1,08-08-2024 4.05
783,783,842,4.2,0.1,16,09-03-2025 3.52
785,785,415,4.73,0,20,28-04-2025 9.23
786,786,290,3.87,0.12,1,13-12-2024 16.51
787,787,194,4.23,0.13,10,13-01-2025 6.53
788,788,470,4.07,0.05,9,21-05-2025 15.38
789,789,593,4.15,0.14,12,22-05-2025 17.35
791,791,583,4.14,0.14,2,23-07-2025 14.17
793,793,949,4.28,0.09,18,08-04-2025 13.43
794,794,241,4.71,0,4,28-02-2025 10.46
800,800,409,4.33,0.05,5,01-06-2025 23.36
801,801,751,3.99,0.12,10,21-02-2025 2.21
802,802,589,4.8,0.12,18,30-12-2024 23.48
804,804,696,4.63,0.09,20,28-07-2025 0.44
806,806,101,4.97,0.08,13,17-09-2024 19.04
807,807,947,4.99,0.09,16,10-12-2024 20.31
808,808,577,4.07,0.07,6,25-06-2025 5.10
809,809,389,3.93,0.13,19,02-08-2025 5.40
811,811,356,4.19,0.03,3,26-12-2024 16.50
812,812,248,4.35,0.04,1,26-12-2024 6.43
813,813,797,4.68,0.1,5,10-06-2025 4.09
814,814,878,4.5,0.08,3,18-10-2024 21.20
816,816,448,3.94,0.08,11,05-12-2024 13.11
818,818,499,4.05,0.04,11,02-08-2025 16.54
819,819,474,4.82,0.15,13,03-09-2024 4.43
820,820,487,3.86,0.1,3,22-05-2025 8.53
821,821,682,4.13,0.03,20,04-11-2024 22.48
822,822,874,3.9,0.14,17,08-12-2024 11.16
823,823,794,4.9,0.07,14,24-04-2025 9.39
824,824,845,4.48,0.05,20,15-05-2025 8.47
826,826,278,4.96,0.13,13,14-03-2025 12.44
829,829,879,3.93,0.05,0,07-10-2024 11.17
832,832,369,4.6,0.13,6,10-07-2025 9.26
835,835,697,4.78,0.11,7,11-07-2025 10.19
836,836,178,4.43,0.03,8,27-08-2024 23.03
838,838,452,4.94,0.06,14,30-01-2025 12.21
839,839,778,4.47,0,12,05-01-2025 17.48
842,842,927,4.29,0.07,10,12-01-2025 17.34
843,843,450,4.89,0.01,5,10-02-2025 0.05
845,845,911,4.63,0.02,18,23-03-2025 11.15
847,847,242,4.83,0.01,1,22-02-2025 21.15
852,852,642,4.14,0.03,10,01-05-2025 2.57
853,853,199,4.86,0.06,3,23-02-2025 10.07
855,855,787,4.63,0.08,18,04-04-2025 6.45
860,860,961,4.92,0.12,17,16-07-2025 18.50
863,863,413,4.2,0.05,6,22-03-2025 15.40
864,864,193,4.36,0.14,20,12-07-2025 18.27
866,866,733,3.92,0.05,10,10-01-2025 4.33
867,867,347,3.99,0.12,18,18-02-2025 2.37
868,868,668,4.38,0.05,14,12-11-2024 9.19
870,870,901,4.53,0.01,12,25-09-2024 10.24
874,874,324,3.91,0.09,3,15-06-2025 11.29
875,875,445,3.86,0.13,18,12-07-2025 21.35
876,876,328,4.99,0.04,0,12-02-2025 17.43
877,877,528,4.18,0.02,8,10-12-2024 11.49
878,878,952,4.94,0.02,8,22-05-2025 11.11
879,879,324,4.42,0.15,13,27-07-2025 13.57
883,883,431,3.87,0.13,17,09-03-2025 14.37
886,886,955,4.99,0.06,10,06-06-2025 19.33
887,887,604,3.83,0.03,12,26-11-2024 11.39
888,888,515,4.18,0.02,0,24-04-2025 4.25
889,889,776,4.72,0.04,19,06-04-2025 22.52
890,890,711,4.63,0.13,18,02-01-2025 13.31
891,891,333,4.93,0,10,02-06-2025 5.44
892,892,995,4.65,0,1,04-01-2025 6.54
894,894,508,4.48,0.1,10,08-04-2025 4.56
895,895,297,4.76,0.14,5,23-09-2024 8.13
898,898,157,4.04,0.03,12,20-10-2024 9.02
899,899,825,3.85,0.06,0,30-11-2024 19.41
900,900,648,3.97,0.05,5,16-11-2024 6.57
904,904,681,4.24,0.06,17,25-03-2025 7.23
907,907,487,4.35,0.11,16,05-01-2025 2.50
909,909,310,4.93,0.08,19,13-06-2025 2.37
910,910,621,4.24,0.08,4,16-07-2025 17.00
912,912,457,4.96,0.08,14,14-10-2024 14.11
913,913,304,4.14,0.11,17,25-09-2024 14.40
915,915,305,4.41,0.09,4,30-01-2025 12.59
916,916,612,4.82,0.12,15,04-03-2025 7.07
918,918,625,3.85,0.05,15,03-02-2025 18.18
920,920,144,4.94,0.12,6,02-01-2025 7.29
921,921,284,4.94,0.06,3,04-07-2025 12.28
923,923,480,3.97,0.13,5,05-09-2024 16.54
924,924,241,4.72,0.01,7,31-05-2025 20.17
925,925,423,3.92,0.14,9,23-02-2025 1.01
929,929,104,3.9,0.15,8,03-05-2025 1.31
930,930,220,4.16,0.06,5,07-02-2025 17.00
931,931,553,4.09,0.01,8,07-08-2024 12.40
932,932,123,4.96,0.02,10,19-12-2024 2.00
934,934,929,3.84,0.03,10,06-02-2025 3.09
935,935,929,4.96,0.06,6,16-08-2024 12.52
936,936,118,4.49,0.12,9,24-02-2025 15.01
938,938,970,4.19,0.01,2,17-07-2025 17.27
941,941,110,4.42,0.1,16,20-09-2024 10.53
942,942,701,4.59,0,7,28-08-2024 11.45
944,944,486,4.45,0.06,9,17-03-2025 19.53
945,945,414,4.3,0.15,13,03-09-2024 0.17
946,946,622,3.9,0.09,19,24-10-2024 10.03
947,947,320,4.57,0.1,10,30-11-2024 12.08
948,948,166,4.88,0.11,19,07-06-2025 8.46
950,950,525,4.44,0.01,6,21-10-2024 3.42
951,951,588,4.78,0.11,10,14-06-2025 13.42
952,952,151,4.51,0.01,5,30-11-2024 15.35
953,953,810,4.2,0.01,8,29-09-2024 9.43
955,955,829,4.46,0.1,17,19-03-2025 23.54
956,956,333,4.87,0.01,12,14-01-2025 9.25
960,960,951,3.93,0.04,15,14-01-2025 21.07
963,963,529,4.91,0.02,8,03-12-2024 0.46
966,966,105,4.33,0.04,0,26-10-2024 1.59
967,967,321,4.94,0.13,5,10-09-2024 9.38
969,969,948,3.98,0.07,11,03-10-2024 9.31
970,970,831,4.21,0.1,7,19-09-2024 5.36
971,971,664,4.29,0.07,19,16-02-2025 5.46
973,973,437,4.94,0.06,5,10-04-2025 5.48
974,974,458,4.36,0.14,12,04-03-2025 0.05
976,976,967,4.87,0.02,6,08-12-2024 14.21
977,977,494,4.98,0.05,20,17-09-2024 10.35
978,978,534,4.23,0.1,19,25-02-2025 13.54
980,980,114,4.37,0.06,15,02-10-2024 22.00
981,981,358,4.56,0.07,6,07-09-2024 14.00
982,982,316,4.39,0.06,20,19-05-2025 13.54
983,983,476,4.94,0.08,18,16-04-2025 19.14
984,984,664,4.11,0.15,9,08-01-2025 15.48
985,985,680,4.47,0.12,2,15-11-2024 13.16
987,987,180,4.82,0.04,15,29-05-2025 11.24
988,988,948,4.18,0.02,10,30-09-2024 21.24
994,994,952,4.76,0.08,16,23-08-2024 17.52
995,995,186,4.72,0.04,4,21-06-2025 20.28
998,998,584,4.52,0.06,6,09-08-2024 4.57
1000,1000,112,4.4,0.07,4,24-08-2024 18.32
1004,1004,565,4.02,0.07,18,27-03-2025 16.59
1006,1006,429,3.86,0.12,14,05-08-2024 12.01
1007,1007,567,4.95,0.15,5,21-03-2025 5.34
1010,1010,149,4.58,0.03,7,02-03-2025 2.38
1011,1011,966,4.7,0.09,12,25-01-2025 0.32
1012,1012,447,3.95,0.01,6,22-04-2025 18.49
1014,1014,169,4.56,0.12,1,23-04-2025 11.17
1015,1015,434,4.94,0.05,3,02-03-2025 1.03
1017,1017,798,4.23,0.07,2,30-12-2024 14.49
1019,1019,390,4.2,0.12,11,09-06-2025 23.18
1020,1020,809,3.94,0.11,11,25-03-2025 15.04
1021,1021,113,3.9,0.09,1,23-01-2025 2.56
1023,1023,729,4.33,0.07,10,05-10-2024 7.12
1025,1025,729,4.18,0.06,17,01-03-2025 13.32
1027,1027,657,4.28,0.14,5,11-06-2025 11.43
1028,1028,339,4.39,0,4,06-08-2024 8.20
1030,1030,212,4.46,0.02,20,29-03-2025 19.48
1032,1032,895,4.36,0.11,2,23-03-2025 11.16
1034,1034,218,4.74,0.02,19,25-12-2024 21.40
1035,1035,752,3.9,0.08,19,27-01-2025 1.53
1039,1039,437,4.18,0.12,13,03-08-2025 7.55
1040,1040,873,4.01,0.04,6,25-02-2025 21.48
1043,1043,537,4.58,0.02,7,27-04-2025 17.01
1044,1044,843,3.83,0.14,3,17-09-2024 21.34
1048,1048,957,4.77,0.01,4,02-06-2025 18.57
1049,1049,361,4.34,0.13,2,17-05-2025 15.35
1051,1051,117,4.33,0.07,3,11-06-2025 17.22
1052,1052,198,4.62,0.03,14,13-08-2024 1.58
1053,1053,877,4.83,0.13,20,12-09-2024 10.06
1054,1054,649,4.08,0.06,0,10-07-2025 5.30
1056,1056,354,4.72,0.07,14,05-08-2024 9.26
1058,1058,385,4.91,0.05,4,05-11-2024 1.18
1061,1061,470,4.5,0.05,3,26-12-2024 7.04
1064,1064,168,3.88,0.13,18,09-11-2024 4.45
1065,1065,883,4.7,0.09,12,17-07-2025 9.19
1067,1067,185,3.91,0.1,12,28-08-2024 23.20
1068,1068,588,3.8,0.13,11,14-11-2024 14.15
1069,1069,839,4.48,0.07,15,25-02-2025 6.56
1073,1073,234,4.95,0.13,10,13-11-2024 0.21
1076,1076,970,4.7,0.1,19,07-02-2025 6.20
1077,1077,661,4.91,0.15,4,10-01-2025 21.41
1078,1078,342,3.92,0.01,10,23-03-2025 0.20
1080,1080,360,3.93,0.09,12,14-02-2025 9.13
1081,1081,811,4.61,0.04,19,17-06-2025 6.21
1083,1083,767,4.36,0.06,8,25-06-2025 6.05
1089,1089,409,4.27,0.15,3,07-05-2025 11.40
1092,1092,365,4.42,0.06,6,17-10-2024 13.40
1093,1093,632,4.36,0.04,17,26-03-2025 0.33
1094,1094,601,4.43,0.06,3,08-02-2025 0.42
1095,1095,451,4.64,0.09,17,22-09-2024 3.42
1097,1097,214,4.65,0.04,0,02-07-2025 22.46
1100,1100,611,4.9,0.15,18,04-08-2025 13.27
1101,1101,250,4.85,0.08,16,08-01-2025 22.06
1102,1102,464,4.47,0.14,8,26-11-2024 3.39
1103,1103,948,4,0.05,9,09-02-2025 5.49
1104,1104,527,4.72,0,12,02-04-2025 18.18
1106,1106,558,4.96,0.02,0,09-06-2025 2.07
1110,1110,657,4.27,0.13,12,12-05-2025 3.34
1115,1115,445,4.52,0.14,11,31-03-2025 19.09
1117,1117,359,3.8,0.07,14,08-08-2024 7.34
1122,1122,359,3.99,0.04,16,03-04-2025 17.29
1128,1128,213,4.69,0.11,8,12-02-2025 4.27
1129,1129,366,4.84,0.13,2,23-11-2024 12.45
1130,1130,533,4.92,0.01,5,28-09-2024 22.26
1131,1131,640,4.84,0.07,6,04-05-2025 20.47
1132,1132,171,4.62,0.13,7,07-05-2025 14.55
1134,1134,167,4.76,0.06,13,28-09-2024 12.15
1135,1135,533,4.77,0.07,7,07-11-2024 21.19
1136,1136,461,3.85,0.14,11,11-07-2025 9.19
1139,1139,543,4.61,0.01,12,23-12-2024 2.03
1141,1141,487,4.71,0.09,3,18-08-2024 20.26
1142,1142,305,4.89,0.1,7,08-10-2024 3.21
1144,1144,356,4.14,0.07,16,13-03-2025 19.33
1145,1145,683,4.11,0.11,7,20-09-2024 10.32
1146,1146,550,4.43,0.08,2,19-10-2024 4.27
1147,1147,950,4.32,0.1,13,05-04-2025 18.19
1149,1149,106,4.29,0.11,20,04-04-2025 5.31
1153,1153,656,4.51,0.08,17,31-10-2024 3.57
1157,1157,626,4.6,0.13,18,15-04-2025 5.06
1159,1159,289,5,0.09,0,27-04-2025 0.05
1161,1161,429,4.49,0.07,16,29-08-2024 2.03
1163,1163,855,5,0.06,2,16-10-2024 8.06
1164,1164,309,3.95,0.01,12,10-06-2025 18.08
1165,1165,248,4.07,0.01,12,01-06-2025 2.31
1169,1169,631,4.43,0,1,28-10-2024 3.16
1170,1170,658,4.11,0.08,18,17-03-2025 12.51
1172,1172,537,3.93,0.12,17,06-10-2024 4.02
1174,1174,346,3.83,0.12,20,07-05-2025 3.01
1176,1176,486,4.38,0.07,4,17-06-2025 1.14
1177,1177,455,4.72,0.01,19,13-03-2025 22.15
1178,1178,965,4.03,0.04,1,31-08-2024 11.48
1181,1181,325,4.83,0.04,17,28-11-2024 5.42
1185,1185,386,3.88,0.02,14,13-03-2025 7.45
1187,1187,983,4.5,0.14,0,18-01-2025 5.20
1189,1189,499,4.5,0.05,2,31-01-2025 22.48
1195,1195,881,4.48,0.13,11,04-11-2024 3.47
1196,1196,496,4.94,0.04,15,25-07-2025 17.11
1198,1198,435,4.13,0.1,19,27-10-2024 1.43
1201,1201,392,4.33,0.05,0,07-09-2024 21.17
1202,1202,917,4.38,0.13,19,20-08-2024 21.48
1204,1204,307,4.5,0.09,19,08-01-2025 4.42
1206,1206,978,4.27,0.13,14,13-08-2024 12.25
1208,1208,884,4.17,0.13,8,09-08-2024 20.09
1209,1209,377,4.94,0.08,18,20-06-2025 4.36
1211,1211,239,3.92,0.14,6,18-03-2025 21.58
1212,1212,112,4.87,0.05,20,09-06-2025 3.10
1213,1213,526,3.8,0.07,9,18-06-2025 1.11
1214,1214,1000,4.62,0.08,16,05-01-2025 19.50
1216,1216,881,3.88,0.01,2,04-10-2024 9.37
1217,1217,305,4.99,0.01,6,08-09-2024 8.00
1220,1220,993,4.68,0.04,10,23-12-2024 10.54
1221,1221,791,4.9,0.13,4,19-03-2025 3.20
1223,1223,248,4.95,0.06,3,15-04-2025 19.23
1225,1225,273,4.4,0.09,4,10-04-2025 12.35
1227,1227,554,4.34,0.08,12,18-11-2024 4.40
1232,1232,510,4.29,0.14,8,25-05-2025 15.25
1233,1233,321,4.4,0.02,5,02-03-2025 13.19
1236,1236,983,4.66,0.09,18,17-08-2024 21.17
1237,1237,935,4.53,0.11,19,07-12-2024 8.40
1239,1239,867,4.77,0.02,16,21-02-2025 22.26
1240,1240,734,4.8,0.13,19,20-01-2025 18.37
1243,1243,813,4.54,0.13,3,08-06-2025 18.35
1244,1244,153,4.13,0.03,5,08-05-2025 11.12
1245,1245,773,4.6,0.12,16,28-04-2025 2.33
1246,1246,767,4.44,0.1,13,22-07-2025 14.06
1247,1247,536,4.74,0.09,16,21-03-2025 0.14
1249,1249,200,4.72,0.01,15,15-09-2024 0.49
1251,1251,805,4.86,0.11,8,15-04-2025 7.46
1252,1252,900,4.2,0.11,9,01-04-2025 2.32
1253,1253,870,4.11,0.13,16,07-12-2024 19.12
1255,1255,478,4.06,0.05,11,29-12-2024 18.56
1256,1256,769,4.17,0.08,0,06-11-2024 7.12
1262,1262,183,4.23,0.08,9,15-03-2025 9.35
1263,1263,131,4.77,0.12,8,27-05-2025 21.23
1267,1267,926,4.8,0.13,4,11-06-2025 7.03
1268,1268,473,4.31,0.01,19,23-06-2025 5.03
1269,1269,934,4.43,0,0,21-10-2024 15.51
1270,1270,887,4.58,0.02,16,16-06-2025 5.50
1271,1271,747,4.55,0.09,1,08-04-2025 18.39
1276,1276,360,4.51,0.09,6,19-06-2025 15.09
1277,1277,351,4.06,0.1,19,15-02-2025 21.04
1279,1279,466,4.22,0.02,8,16-04-2025 14.22
1281,1281,178,4.58,0.14,3,11-01-2025 6.00
1282,1282,873,3.83,0.01,10,15-12-2024 11.02
1286,1286,407,4.81,0.06,2,15-09-2024 9.50
1288,1288,262,4.82,0.08,14,03-01-2025 14.11
1289,1289,444,3.86,0.05,1,18-08-2024 7.26
1291,1291,583,4.87,0.04,12,12-11-2024 13.01
1292,1292,288,4.24,0.1,9,23-06-2025 10.51
1293,1293,256,4.8,0,19,01-07-2025 9.50
1294,1294,259,4.57,0.05,6,27-02-2025 20.53
1295,1295,169,4.48,0.05,0,06-04-2025 16.21
1297,1297,372,4.16,0.03,7,08-01-2025 15.05
1301,1301,854,3.81,0.06,12,17-03-2025 7.02
1304,1304,354,3.92,0.01,19,24-05-2025 20.07
1306,1306,436,4.04,0.13,1,17-09-2024 20.11
1307,1307,666,4.77,0.09,14,06-10-2024 11.47
1313,1313,289,4.04,0.02,12,30-03-2025 17.57
1314,1314,715,4.69,0.01,8,24-08-2024 21.55
1315,1315,761,4.94,0.02,8,18-01-2025 6.11
1316,1316,274,4.39,0.04,10,10-12-2024 19.17
1317,1317,186,4.56,0.06,5,04-08-2025 10.22
1319,1319,847,3.94,0.07,15,03-05-2025 4.57
1322,1322,101,3.85,0.14,19,02-03-2025 0.46
1325,1325,533,4.47,0.12,15,13-10-2024 2.33
1326,1326,192,4.89,0.06,0,03-03-2025 0.25
1328,1328,502,4.66,0.11,8,13-10-2024 21.11
1332,1332,227,3.99,0.11,20,17-09-2024 9.53
1334,1334,601,4.14,0.01,2,12-09-2024 3.56
1335,1335,293,3.99,0.03,14,02-08-2025 19.29
1336,1336,727,4.83,0.03,8,29-10-2024 23.25
1338,1338,990,4.93,0.13,17,19-12-2024 18.28
1339,1339,629,4.3,0.13,8,03-04-2025 21.27
1340,1340,455,4.35,0.11,16,21-09-2024 8.17
1343,1343,946,3.87,0.01,3,06-04-2025 7.46
1344,1344,366,4.66,0.1,5,06-01-2025 12.48
1345,1345,818,4.78,0.08,12,14-09-2024 18.42
1346,1346,801,4.54,0.08,15,19-10-2024 2.08
1347,1347,932,4.7,0.02,15,09-01-2025 3.34
1350,1350,664,4.3,0,12,23-06-2025 4.42
1354,1354,496,4.92,0.03,9,30-05-2025 16.32
1355,1355,844,4.88,0.03,1,17-12-2024 4.23
1356,1356,540,3.86,0.02,20,10-02-2025 20.40
1357,1357,485,4.15,0.04,4,10-08-2024 19.11
1359,1359,289,4.31,0.08,16,30-07-2025 17.09
1360,1360,212,4.28,0.13,16,08-12-2024 5.17
1363,1363,272,4.23,0.12,2,27-05-2025 21.54
1364,1364,641,4.96,0.02,19,19-03-2025 10.06
1366,1366,944,4.43,0.09,3,19-07-2025 22.26
1367,1367,997,3.93,0.01,13,25-11-2024 9.32
1369,1369,248,4.93,0.11,18,02-05-2025 1.20
1370,1370,568,4.87,0.12,11,05-03-2025 19.23
1374,1374,849,3.98,0.11,6,10-10-2024 2.09
1375,1375,970,4.87,0.01,8,28-04-2025 22.54
1376,1376,298,3.81,0.08,17,04-06-2025 10.34
1378,1378,119,4.93,0.1,2,25-03-2025 13.15
1379,1379,284,4.58,0.14,12,08-10-2024 10.30
1380,1380,319,4.21,0.15,7,30-03-2025 12.41
1381,1381,750,4.13,0.07,3,24-02-2025 1.56
1383,1383,492,4.46,0.01,2,12-11-2024 10.34
1385,1385,690,4.55,0.12,13,27-01-2025 22.54
1386,1386,223,4.77,0.12,1,06-03-2025 14.09
1387,1387,243,4.07,0.15,9,19-10-2024 6.01
1388,1388,769,3.89,0.12,3,15-12-2024 17.50
1389,1389,862,4.11,0.15,12,08-08-2024 10.02
1391,1391,116,4.38,0.03,1,14-09-2024 16.48
1396,1396,113,4.68,0.05,1,10-01-2025 5.51
1397,1397,535,4.28,0.03,2,02-08-2025 19.25
1401,1401,955,4.75,0.06,0,20-03-2025 10.03
1402,1402,718,4.22,0.09,4,31-10-2024 18.45
1404,1404,975,4.57,0,17,27-03-2025 3.01
1405,1405,878,3.97,0.12,14,23-04-2025 12.55
1410,1410,689,4.9,0.14,20,02-07-2025 15.22
1415,1415,400,3.85,0.07,20,06-11-2024 14.26
1417,1417,136,4.07,0.1,7,22-10-2024 9.08
1418,1418,777,4.72,0.12,18,12-06-2025 19.12
1419,1419,542,4.4,0.11,3,13-04-2025 10.45
1423,1423,632,4.07,0.11,3,19-01-2025 5.17
1425,1425,488,4.63,0.04,1,13-09-2024 5.38
1428,1428,418,4.72,0.13,5,07-12-2024 20.25
1429,1429,308,4.99,0.06,20,12-03-2025 9.47
1431,1431,165,3.9,0.15,15,22-08-2024 16.23
1433,1433,812,4.17,0.02,19,30-01-2025 8.41
1434,1434,784,4.47,0.06,12,13-10-2024 22.50
1436,1436,379,4.74,0.14,19,21-01-2025 15.38
1438,1438,702,4.16,0.04,16,16-01-2025 3.25
1442,1442,406,4.91,0.08,9,19-07-2025 10.19
1443,1443,722,4.53,0.12,8,12-04-2025 12.36
1444,1444,737,4.59,0.01,13,13-04-2025 13.36
1448,1448,318,4.56,0.01,12,07-05-2025 17.24
1450,1450,340,4,0.03,10,20-04-2025 21.35
1451,1451,181,4.73,0.12,18,19-05-2025 15.27
1452,1452,610,4.76,0.04,9,11-05-2025 5.40
1453,1453,288,4.98,0.12,5,06-02-2025 18.07
1458,1458,704,4.81,0.11,14,01-09-2024 2.19
1460,1460,831,3.97,0.02,9,11-01-2025 19.42
1468,1468,750,4.55,0.07,10,26-09-2024 20.29
1469,1469,904,4.7,0.12,7,22-04-2025 6.50
1470,1470,382,4.03,0.14,6,26-06-2025 20.12
1471,1471,811,4.29,0,7,05-12-2024 2.13
1473,1473,232,4.6,0.11,5,01-01-2025 19.26
1476,1476,258,4.03,0.1,7,03-10-2024 7.55
1477,1477,863,4.84,0.12,5,29-12-2024 13.49
1478,1478,995,4.14,0.09,9,10-07-2025 6.29
1486,1486,545,4.67,0.06,19,20-01-2025 4.07
1489,1489,182,4.81,0.13,12,22-05-2025 3.37
1490,1490,679,4.99,0.05,11,21-12-2024 5.12
1491,1491,861,4.34,0.12,20,07-02-2025 4.59
1492,1492,168,4.81,0.07,15,28-07-2025 16.43
1493,1493,246,4.26,0,1,28-02-2025 9.04
1498,1498,450,4.29,0.04,1,07-07-2025 2.55
1499,1499,601,3.82,0.08,5,13-09-2024 19.27
1500,1500,942,4.01,0,19,01-01-2025 19.09
1501,1501,876,4.24,0.13,5,26-12-2024 1.02
1502,1502,102,4.63,0.05,14,30-01-2025 14.27
1503,1503,495,3.8,0.01,5,05-06-2025 5.33
1504,1504,643,4.75,0.1,11,22-11-2024 5.47
1505,1505,225,4.5,0.14,16,10-06-2025 11.47
1509,1509,295,4.46,0.04,7,28-12-2024 9.58
1510,1510,995,4.36,0.05,19,11-06-2025 10.15
1511,1511,560,4.55,0.06,4,02-08-2025 12.48
1514,1514,870,4.14,0.02,6,19-02-2025 20.53
1518,1518,831,3.82,0.14,2,13-08-2024 8.12
1519,1519,973,4.83,0.13,17,30-09-2024 14.41
1525,1525,499,4.12,0.08,0,16-02-2025 2.31
1526,1526,145,4.12,0.04,4,10-04-2025 15.35
1527,1527,837,4.82,0.1,2,24-09-2024 6.22
1528,1528,324,4.17,0.13,17,23-06-2025 3.37
1533,1533,234,4.84,0.11,19,20-11-2024 9.15
1534,1534,506,4.84,0.11,18,22-08-2024 17.43
1536,1536,611,4.41,0.04,3,15-05-2025 5.56
1537,1537,184,4.79,0,10,25-06-2025 12.00
1538,1538,851,4.53,0.05,17,08-04-2025 4.05
1542,1542,263,4.29,0.04,20,27-09-2024 1.03
1544,1544,118,3.82,0.13,7,28-04-2025 17.45
1546,1546,976,4.64,0.01,3,16-05-2025 5.29
1548,1548,163,4.19,0.02,9,13-09-2024 5.50
1550,1550,448,4.72,0.06,14,17-08-2024 6.18
1555,1555,212,4.94,0.03,16,05-09-2024 20.17
1556,1556,407,4.74,0.01,9,24-07-2025 7.14
1560,1560,817,4.27,0.13,20,22-03-2025 19.14
1563,1563,321,4.37,0.07,11,30-05-2025 15.47
1564,1564,985,4.11,0.11,6,25-04-2025 18.37
1565,1565,598,4.24,0.1,16,11-10-2024 23.11
1568,1568,890,4.82,0.03,12,17-10-2024 19.00
1569,1569,700,4.76,0.14,3,13-05-2025 11.04
1571,1571,719,4.29,0.07,7,01-02-2025 14.28
1572,1572,390,3.89,0.11,5,23-08-2024 7.07
1573,1573,627,4.72,0.08,8,02-10-2024 6.14
1575,1575,768,4.66,0.09,20,19-07-2025 17.42
1576,1576,411,4.03,0.08,11,15-01-2025 0.40
1579,1579,742,4.61,0.14,20,03-01-2025 18.27
1580,1580,383,4.51,0.02,17,15-03-2025 2.26
1581,1581,998,4.24,0.02,19,23-04-2025 13.38
1582,1582,205,4.27,0.03,1,14-09-2024 10.26
1585,1585,758,4.74,0.06,1,07-07-2025 17.04
1586,1586,158,4.42,0.09,12,25-03-2025 4.46
1587,1587,510,4.88,0.01,8,11-07-2025 1.54
1592,1592,735,4.23,0.06,5,20-06-2025 10.43
1595,1595,296,4.45,0.1,15,18-09-2024 15.33
1599,1599,372,4.57,0.08,3,24-12-2024 16.07
1600,1600,530,4.35,0.08,11,09-02-2025 20.49
1604,1604,895,4.23,0.03,0,09-10-2024 14.35
1605,1605,880,4.45,0.03,17,03-01-2025 10.58
1611,1611,126,4.12,0,14,14-12-2024 23.33
1612,1612,285,4.43,0.05,6,05-10-2024 8.40
1614,1614,221,4.96,0.11,14,19-04-2025 16.24
1616,1616,333,4.49,0.05,12,10-04-2025 4.42
1617,1617,784,4.5,0.07,17,11-05-2025 12.50
1618,1618,314,4.48,0.13,20,06-06-2025 21.29
1620,1620,462,4.4,0.13,9,30-06-2025 1.25
1623,1623,631,4.06,0,0,11-09-2024 4.27
1625,1625,334,4.39,0.08,18,29-04-2025 17.30
1629,1629,485,4.46,0.1,3,24-10-2024 8.34
1631,1631,671,4.25,0.13,17,20-01-2025 22.48
1635,1635,900,4.85,0.02,7,16-12-2024 13.46
1637,1637,401,4.79,0.14,8,27-04-2025 2.27
1638,1638,234,4.38,0.12,5,02-05-2025 12.31
1639,1639,990,4.84,0.12,5,29-06-2025 11.12
1640,1640,604,4.43,0.01,15,05-10-2024 23.32
1641,1641,586,4.71,0.03,3,17-05-2025 12.36
1642,1642,626,4.99,0.01,10,15-11-2024 4.07
1644,1644,433,4.98,0.13,14,24-10-2024 21.35
1647,1647,158,4.08,0.02,10,13-03-2025 10.27
1652,1652,386,4.87,0.02,2,16-07-2025 15.40
1653,1653,652,4.8,0.13,5,28-11-2024 10.28
1654,1654,748,4.84,0.11,5,23-10-2024 9.19
1656,1656,504,4.65,0.11,2,05-06-2025 20.53
1658,1658,291,4.52,0.13,5,28-07-2025 10.16
1659,1659,187,4.01,0.15,1,11-12-2024 23.34
1661,1661,127,4.91,0.14,5,17-01-2025 20.54
1662,1662,380,4.52,0.11,17,12-04-2025 6.10
1666,1666,897,3.93,0.08,6,03-03-2025 7.21
1669,1669,153,4.04,0.02,13,16-04-2025 2.42
1670,1670,718,4.99,0.11,1,11-11-2024 5.42
1671,1671,547,4.38,0.08,17,06-05-2025 8.49
1672,1672,751,4.05,0.03,2,12-08-2024 13.39
1673,1673,803,4.15,0.14,4,19-08-2024 17.49
1674,1674,786,3.91,0.08,3,08-01-2025 2.07
1675,1675,683,4.36,0.08,1,28-05-2025 18.06
1676,1676,989,4.09,0.06,6,05-05-2025 20.45
1677,1677,607,4.32,0.06,4,09-06-2025 2.26
1678,1678,328,4.08,0.04,8,29-05-2025 10.21
1679,1679,612,4.8,0,8,16-12-2024 8.11
1683,1683,374,4.65,0.04,8,06-05-2025 1.34
1684,1684,369,4.85,0.11,4,02-03-2025 3.34
1687,1687,173,4.18,0.12,18,30-12-2024 12.28
1688,1688,868,4.07,0.09,16,03-09-2024 12.33
1690,1690,179,4.81,0.07,8,13-12-2024 12.11
1691,1691,894,4.71,0.1,14,22-06-2025 19.47
1693,1693,191,4.38,0.01,7,17-02-2025 14.40
1699,1699,644,4.97,0.09,9,10-11-2024 1.23
1701,1701,486,4.22,0.07,5,29-05-2025 22.07
1702,1702,387,4.61,0.13,15,02-11-2024 6.08
1703,1703,449,4.68,0.06,6,15-12-2024 11.10
1704,1704,895,4.17,0.05,1,10-03-2025 5.08
1705,1705,775,4.5,0.07,10,18-06-2025 14.36
1706,1706,513,4.72,0.06,13,15-04-2025 5.35
1710,1710,751,4.02,0.04,10,28-04-2025 12.51
1711,1711,266,4.91,0.05,18,19-09-2024 8.06
1712,1712,580,4.23,0.1,16,02-12-2024 2.30
1713,1713,288,4.71,0.11,18,28-07-2025 0.36
1715,1715,593,4.01,0.09,1,02-04-2025 0.57
1716,1716,965,4.54,0.09,0,29-06-2025 16.09
1717,1717,267,4.42,0.08,13,29-08-2024 3.37
1719,1719,833,4.81,0.13,0,25-04-2025 22.22
1720,1720,127,3.94,0.13,10,16-02-2025 13.01
1721,1721,110,4.87,0.02,5,09-06-2025 23.50
1722,1722,758,4.13,0.1,15,26-02-2025 10.52
1723,1723,446,4.83,0.1,16,08-04-2025 11.38
1725,1725,737,4.21,0.11,14,29-09-2024 11.56
1726,1726,388,4.79,0.13,14,27-11-2024 2.46
1727,1727,394,3.83,0.04,9,23-10-2024 15.15
1729,1729,176,4.16,0.09,14,27-07-2025 23.54
1730,1730,900,4.98,0.01,20,21-01-2025 5.26
1731,1731,368,4.86,0.13,10,10-06-2025 4.43
1733,1733,874,4.74,0.14,13,18-05-2025 11.22
1734,1734,339,3.96,0.04,17,30-06-2025 15.20
1741,1741,458,3.91,0.09,1,05-05-2025 11.59
1742,1742,393,4.35,0.05,15,10-07-2025 15.17
1744,1744,324,4,0.12,18,09-02-2025 1.33
1745,1745,617,4.59,0.14,17,20-12-2024 20.41
1746,1746,502,4.86,0.05,6,29-04-2025 21.50
1747,1747,710,4.12,0.06,1,23-04-2025 7.16
1754,1754,758,4.76,0.08,17,08-03-2025 9.25
1756,1756,270,4.82,0.01,9,18-08-2024 8.46
1759,1759,334,4.52,0.08,12,21-08-2024 20.54
1760,1760,130,4.41,0.13,17,04-07-2025 18.56
1761,1761,702,4.38,0.14,10,03-01-2025 0.41
1762,1762,130,4.68,0.03,16,11-01-2025 22.41
1763,1763,445,3.85,0.13,6,04-10-2024 21.12
1764,1764,695,4.13,0.05,1,08-10-2024 11.47
1765,1765,369,4.34,0.12,3,10-02-2025 8.38
1767,1767,801,3.85,0.02,6,13-02-2025 7.39
1768,1768,706,4.36,0.15,10,07-09-2024 3.57
1771,1771,400,4.96,0.04,17,29-04-2025 19.19
1772,1772,428,4.02,0.1,17,04-10-2024 1.19
1773,1773,421,4.76,0,3,15-09-2024 6.13
1776,1776,143,4.84,0.12,4,08-08-2024 21.56
1778,1778,825,4.11,0.05,14,08-10-2024 2.39
1779,1779,795,4.29,0.03,10,23-07-2025 4.14
1780,1780,662,4.64,0.07,19,23-08-2024 17.51
1784,1784,299,4.32,0.05,10,13-04-2025 15.27
1785,1785,209,4.14,0.13,5,10-02-2025 16.11
1791,1791,460,4.83,0.01,11,30-11-2024 23.28
1792,1792,989,3.96,0.04,19,07-11-2024 20.34
1793,1793,495,3.82,0.05,16,05-05-2025 5.13
1794,1794,957,3.97,0.15,3,22-09-2024 22.59
1795,1795,938,4.28,0.01,16,04-06-2025 13.18
1801,1801,587,4.32,0.02,4,08-09-2024 16.06
1804,1804,969,4.85,0.14,16,26-08-2024 10.02
1805,1805,761,4.36,0.01,15,15-12-2024 13.50
1806,1806,165,4.46,0.12,17,20-01-2025 1.24
1808,1808,538,4.85,0.03,18,31-03-2025 1.54
1809,1809,828,4.84,0.1,19,05-05-2025 14.47
1811,1811,278,4.11,0.1,5,17-08-2024 0.50
1815,1815,378,4.7,0.02,0,05-07-2025 22.19
1816,1816,524,4.52,0.13,0,19-09-2024 23.25
1817,1817,623,4.51,0.04,19,03-06-2025 3.22
1824,1824,564,4.41,0.07,12,23-01-2025 21.47
1826,1826,247,3.97,0.1,12,14-09-2024 12.44
1828,1828,446,4.25,0.11,16,06-01-2025 18.32
1829,1829,520,4.58,0.01,9,10-07-2025 5.37
1830,1830,805,3.84,0.14,3,16-11-2024 8.57
1832,1832,990,3.82,0.14,5,26-12-2024 10.16
1834,1834,501,4.34,0.02,15,18-11-2024 12.21
1839,1839,653,3.93,0.15,6,25-11-2024 15.46
1840,1840,658,4.75,0.06,15,19-09-2024 17.53
1845,1845,316,4.05,0.02,20,10-09-2024 9.23
1847,1847,422,3.81,0.05,18,07-05-2025 17.15
1850,1850,378,4.33,0.1,16,13-10-2024 6.01
1851,1851,327,3.9,0,12,27-05-2025 15.24
1856,1856,763,3.81,0.05,0,13-12-2024 12.14
1859,1859,426,4.11,0,12,01-09-2024 6.50
1861,1861,211,4.48,0.08,8,25-01-2025 19.33
1862,1862,720,4.36,0.02,17,27-10-2024 5.24
1866,1866,608,3.8,0.01,18,04-06-2025 22.33
1869,1869,123,4.24,0.03,5,01-08-2025 1.01
1870,1870,627,4.38,0.08,3,14-07-2025 1.51
1871,1871,402,4.29,0.09,12,23-05-2025 2.50
1874,1874,469,4.58,0.04,5,09-05-2025 4.03
1875,1875,102,4.42,0,7,30-05-2025 22.29
1879,1879,729,4.35,0.06,16,21-02-2025 11.05
1880,1880,389,4.73,0.07,12,12-04-2025 10.22
1882,1882,195,3.86,0.09,1,20-11-2024 17.52
1884,1884,346,4.65,0.11,18,06-09-2024 17.40
1885,1885,214,3.97,0.05,16,12-04-2025 10.20
1886,1886,386,4.61,0.13,5,11-02-2025 9.28
1890,1890,200,4.65,0.09,3,28-12-2024 7.19
1891,1891,305,4.22,0.03,17,16-08-2024 9.05
1892,1892,754,4.25,0.13,12,17-04-2025 7.53
1893,1893,385,4.87,0.06,1,16-10-2024 11.29
1895,1895,199,4.16,0.03,0,11-06-2025 15.15
1897,1897,1000,4.12,0.09,20,29-09-2024 8.35
1899,1899,986,4.71,0.04,1,08-02-2025 7.35
1903,1903,371,4.18,0.06,0,04-03-2025 8.22
1907,1907,560,4.26,0.15,3,30-10-2024 18.14
1909,1909,790,4.97,0.14,20,20-04-2025 1.50
1911,1911,192,4.46,0.05,14,14-09-2024 0.44
1913,1913,211,4.39,0.03,12,20-09-2024 21.09
1915,1915,490,3.92,0.04,19,02-01-2025 21.28
1916,1916,934,4.46,0.09,2,15-03-2025 23.04
1917,1917,575,4.43,0.05,20,15-12-2024 9.34
1918,1918,618,4.64,0.15,1,30-09-2024 16.16
1919,1919,214,4.67,0.05,9,09-11-2024 6.04
1921,1921,113,4.9,0.09,1,03-08-2025 4.41
1923,1923,250,4.69,0.07,11,24-12-2024 15.16
1925,1925,926,4.12,0.08,18,16-05-2025 6.42
1927,1927,561,4.05,0.07,12,06-05-2025 17.24
1928,1928,724,4.48,0.09,17,27-03-2025 1.54
1929,1929,289,4.64,0.01,11,16-05-2025 8.56
1932,1932,825,4.98,0.01,8,07-05-2025 15.19
1933,1933,573,4.03,0.07,2,19-10-2024 5.12
1935,1935,962,4.07,0.13,0,11-03-2025 14.06
1936,1936,653,4.84,0.14,15,10-10-2024 4.20
1937,1937,921,4.8,0.06,13,16-04-2025 12.19
1939,1939,672,4.69,0.08,12,09-10-2024 23.20
1940,1940,133,4.95,0.09,16,26-08-2024 4.45
1941,1941,649,4.44,0.08,16,18-03-2025 7.53
1942,1942,633,4.45,0.05,9,26-08-2024 14.12
1944,1944,518,4.12,0.09,18,31-10-2024 8.45
1948,1948,333,4.17,0.01,15,06-10-2024 14.56
1949,1949,405,4.64,0.04,12,30-06-2025 2.46
1953,1953,484,4.42,0.08,5,20-11-2024 6.07
1954,1954,856,3.9,0.11,10,28-08-2024 23.08
1956,1956,804,4.43,0.06,11,18-05-2025 8.35
1957,1957,394,4.32,0.1,0,15-08-2024 14.36
1959,1959,133,4.66,0.12,1,27-01-2025 10.12
1960,1960,894,4.51,0.01,19,07-10-2024 19.56
1961,1961,343,4.83,0,1,27-04-2025 21.11
1964,1964,510,3.98,0.09,19,26-05-2025 14.53
1966,1966,362,4.42,0.15,16,20-04-2025 7.36
1967,1967,701,4.16,0.14,2,15-09-2024 14.23
1968,1968,895,3.86,0.03,7,25-09-2024 9.50
1969,1969,597,4.62,0.11,12,13-09-2024 12.14
1970,1970,863,4.73,0.02,15,22-02-2025 4.17
1973,1973,543,3.91,0,15,25-07-2025 13.23
1977,1977,912,4.03,0.02,17,27-01-2025 2.21
1981,1981,481,4.12,0.01,10,06-03-2025 4.59
1983,1983,830,4.36,0.14,10,22-05-2025 14.29
1984,1984,817,4.41,0.14,19,07-05-2025 23.50
1985,1985,248,3.97,0.08,2,18-06-2025 8.12
1986,1986,496,4.21,0.08,13,07-12-2024 18.08
1988,1988,892,4.05,0.03,0,26-11-2024 3.40
1989,1989,610,4.71,0.11,7,12-04-2025 12.23
1990,1990,781,4.09,0.12,3,11-10-2024 8.25
1992,1992,785,4.83,0.01,17,06-02-2025 14.49
1997,1997,593,4.24,0.1,18,05-08-2024 5.30
1998,1998,307,4.99,0.1,13,12-10-2024 1.28
2000,2000,626,3.91,0.05,13,13-08-2024 6.39
2001,2001,242,4.31,0.05,8,21-03-2025 14.18
2005,2005,527,4.8,0.1,16,16-07-2025 22.09
2006,2006,714,4.78,0.13,19,22-06-2025 18.29
2007,2007,549,3.86,0.11,12,29-11-2024 4.34
2011,2011,699,4.08,0.04,6,08-12-2024 22.00
2012,2012,295,3.98,0.15,19,15-12-2024 15.12
2014,2014,862,4.47,0.11,17,27-01-2025 23.06
2015,2015,529,4.25,0.01,13,11-11-2024 1.26
2016,2016,501,4.43,0.14,10,02-05-2025 16.13
2018,2018,113,4.78,0.03,8,16-01-2025 18.08
2021,2021,180,4.8,0.04,20,20-10-2024 7.45
2022,2022,268,4.33,0.09,19,10-07-2025 16.30
2023,2023,834,4.21,0.03,20,01-04-2025 22.44
2024,2024,807,4.71,0.15,12,13-03-2025 2.51
2025,2025,472,4.71,0.14,1,07-07-2025 10.54
2032,2032,694,4.37,0.15,19,12-08-2024 23.27
2034,2034,644,4.43,0.13,1,28-05-2025 9.36
2036,2036,352,4.47,0.12,11,25-11-2024 20.17
2042,2042,125,4.84,0.01,20,28-05-2025 1.34
2043,2043,240,4.81,0.1,9,06-11-2024 16.20
2044,2044,680,4.47,0.11,8,11-05-2025 15.27
2049,2049,578,4.2,0.08,8,31-10-2024 17.36
2051,2051,959,4.82,0.03,8,17-09-2024 18.04
2053,2053,192,4.68,0.06,5,23-04-2025 2.50
2054,2054,463,4.82,0.14,20,17-01-2025 2.53
2055,2055,868,4.74,0.05,1,09-03-2025 3.17
2057,2057,463,4.5,0.07,2,30-09-2024 4.41
2058,2058,828,4.72,0.12,5,15-08-2024 16.51
2059,2059,536,4.41,0.06,16,29-01-2025 8.39
2063,2063,528,4.15,0.07,2,22-01-2025 21.43
2069,2069,677,3.96,0.13,17,23-02-2025 15.14
2072,2072,685,4.01,0.1,16,25-12-2024 22.33
2076,2076,832,4.61,0.15,5,07-10-2024 16.42
2077,2077,474,4.24,0.06,11,11-06-2025 14.20
2079,2079,523,4.79,0.03,7,26-01-2025 18.17
2081,2081,724,4.19,0.02,5,11-12-2024 20.24
2082,2082,762,3.88,0.11,14,09-11-2024 9.33
2084,2084,238,4.92,0.14,13,25-09-2024 20.31
2085,2085,970,3.8,0.05,2,20-05-2025 9.07
2088,2088,374,4.17,0,5,19-08-2024 7.55
2089,2089,687,3.96,0.02,5,03-01-2025 21.51
2090,2090,322,3.88,0.01,16,11-04-2025 8.10
2091,2091,939,4.45,0.03,1,12-09-2024 9.33
2092,2092,337,4.14,0.01,5,21-06-2025 12.29
2093,2093,384,4.32,0.14,5,19-10-2024 11.49
2101,2101,104,4.67,0.1,13,28-11-2024 23.12
2103,2103,795,3.88,0.06,7,27-06-2025 1.20
2104,2104,804,4.97,0.14,4,20-09-2024 11.55
2105,2105,920,4.21,0.03,10,24-07-2025 7.10
2107,2107,315,4.28,0.01,14,26-05-2025 2.27
2108,2108,899,4.65,0.09,15,28-03-2025 3.13
2110,2110,539,4.08,0.01,10,07-10-2024 14.18
2116,2116,755,4.18,0.09,15,05-05-2025 14.49
2119,2119,520,3.84,0.13,20,29-01-2025 13.44
2122,2122,689,3.93,0.03,10,15-09-2024 19.05
2123,2123,400,4.08,0.02,11,18-10-2024 2.35
2125,2125,703,4.13,0.05,13,29-10-2024 8.20
2126,2126,581,3.84,0,15,12-03-2025 18.07
2128,2128,663,4.25,0.02,12,28-01-2025 2.20
2130,2130,234,4,0.14,3,18-04-2025 20.14
2132,2132,222,4.65,0.05,2,13-11-2024 14.37
2133,2133,434,4.66,0.11,14,14-06-2025 23.29
2134,2134,301,4,0.05,16,14-12-2024 9.30
2139,2139,889,4,0.01,4,17-08-2024 7.46
2143,2143,976,4.59,0.01,2,06-10-2024 22.31
2145,2145,639,4.5,0.03,20,19-09-2024 14.22
2155,2155,204,4.38,0.07,3,20-07-2025 7.05
2158,2158,193,4.02,0.08,10,25-11-2024 10.46
2159,2159,917,4.47,0.05,20,22-12-2024 15.41
2161,2161,926,4.25,0.13,7,04-11-2024 16.53
2164,2164,995,4.4,0.15,11,15-09-2024 5.22
2165,2165,967,3.88,0.02,20,08-09-2024 22.15
2167,2167,288,4.15,0.06,2,25-12-2024 20.45
2170,2170,132,4.12,0.03,14,13-03-2025 5.16
2172,2172,904,4.15,0.11,6,04-02-2025 18.39
2175,2175,217,3.97,0.08,0,28-11-2024 6.48
2177,2177,108,3.96,0.06,18,31-03-2025 0.33
2179,2179,639,4.65,0.09,4,03-02-2025 16.28
2180,2180,540,4.77,0.13,0,08-03-2025 14.51
2181,2181,300,4.31,0.01,4,09-04-2025 16.32
2184,2184,809,4.82,0.06,0,20-01-2025 23.07
2186,2186,616,4.3,0.07,12,08-06-2025 23.39
2192,2192,854,3.91,0.13,0,29-04-2025 4.28
2194,2194,934,3.81,0,9,09-04-2025 12.57
2195,2195,311,4.44,0.13,16,13-01-2025 1.21
2196,2196,109,4.45,0.14,8,22-11-2024 16.05
2197,2197,192,4.72,0.12,11,21-10-2024 3.14
2198,2198,304,4.69,0.14,9,30-03-2025 10.36
2199,2199,216,4.28,0.06,6,14-09-2024 16.51
2200,2200,454,4.74,0.08,15,26-10-2024 16.55
2201,2201,348,4.04,0.07,4,15-10-2024 17.53
2202,2202,402,4.12,0.07,6,15-06-2025 16.56
2203,2203,222,4.4,0.13,4,07-01-2025 9.58
2204,2204,202,4.1,0.01,11,01-09-2024 3.57
2209,2209,706,4.44,0.03,12,24-11-2024 13.27
2211,2211,364,4.8,0.04,19,25-12-2024 2.29
2213,2213,144,4.25,0.05,6,13-12-2024 16.33
2214,2214,270,4.44,0.09,12,26-08-2024 10.22
2219,2219,186,4.58,0.03,17,25-03-2025 17.25
2220,2220,601,4.42,0.09,9,10-10-2024 12.16
2222,2222,399,4.56,0.06,12,04-12-2024 11.59
2224,2224,677,4.31,0.01,18,20-11-2024 4.58
2230,2230,466,4.35,0.14,5,17-07-2025 8.46
2231,2231,764,4.95,0.07,6,06-08-2024 1.32
2232,2232,510,4.44,0.15,11,25-02-2025 3.37
2236,2236,283,4.56,0.07,17,02-08-2025 7.25
2237,2237,586,4.16,0.13,18,02-11-2024 17.19
2238,2238,766,4.82,0.12,3,29-11-2024 19.24
2240,2240,478,4.67,0.02,16,18-07-2025 15.40
2245,2245,907,4.66,0.1,3,18-12-2024 5.08
2247,2247,483,4.91,0.14,1,03-09-2024 2.32
2248,2248,382,4.33,0.11,1,01-10-2024 2.19
2249,2249,514,4.87,0.13,5,11-03-2025 10.19
2250,2250,100,4.66,0.07,10,10-09-2024 11.48
2251,2251,685,4.03,0.06,13,15-04-2025 0.05
2252,2252,597,3.84,0.11,17,03-04-2025 8.45
2257,2257,508,3.99,0.13,19,07-12-2024 11.32
2258,2258,980,4.46,0.06,15,30-06-2025 13.54
2262,2262,547,4.02,0.05,20,02-03-2025 20.30
2264,2264,127,4.59,0.14,17,10-04-2025 1.29
2266,2266,464,3.87,0.09,4,04-02-2025 5.41
2272,2272,711,4.72,0.09,7,22-08-2024 21.16
2277,2277,992,4.5,0.03,8,28-03-2025 10.44
2278,2278,713,4.18,0.02,16,14-12-2024 19.50
2279,2279,855,4.55,0.13,3,10-10-2024 14.15
2281,2281,740,4.17,0.03,18,19-01-2025 6.02
2284,2284,384,4.6,0.12,12,25-10-2024 0.37
2286,2286,854,4.2,0.11,2,29-12-2024 15.49
2289,2289,214,4.88,0.12,20,03-06-2025 0.57
2293,2293,234,3.81,0.07,8,11-04-2025 21.35
2295,2295,135,4.27,0.11,16,15-10-2024 7.55
2296,2296,555,4.89,0.02,5,23-01-2025 19.59
2297,2297,771,4.35,0.03,20,18-11-2024 19.09
2299,2299,242,4.48,0.04,11,12-10-2024 12.13
2300,2300,156,4.49,0,4,27-09-2024 15.38
2301,2301,311,4.51,0.07,4,08-12-2024 1.45
2302,2302,149,3.97,0.01,4,11-03-2025 4.30
2306,2306,230,4.13,0.12,1,05-12-2024 4.15
2307,2307,700,4.54,0.12,5,27-10-2024 13.52
2311,2311,132,3.97,0.01,15,16-03-2025 15.53
2313,2313,304,4.76,0.15,20,13-01-2025 13.00
2314,2314,666,4.76,0.06,5,06-11-2024 12.32
2318,2318,908,4.55,0.06,19,19-07-2025 13.42
2320,2320,777,3.87,0.11,8,15-12-2024 9.36
2321,2321,503,4.83,0.07,13,14-08-2024 17.47
2322,2322,544,4.7,0.09,15,04-10-2024 5.21
2327,2327,745,4.41,0.04,19,18-03-2025 7.04
2328,2328,284,4.6,0.13,19,16-03-2025 22.13
2330,2330,189,4.63,0.14,20,26-02-2025 17.38
2332,2332,192,4,0.08,0,30-07-2025 0.13
2333,2333,462,3.94,0.13,9,27-10-2024 13.32
2335,2335,939,4.97,0.11,18,26-04-2025 4.04
2336,2336,189,4.06,0.14,5,22-07-2025 0.57
2337,2337,604,4.58,0.07,6,20-04-2025 6.29
2338,2338,700,4.48,0.06,6,21-06-2025 11.09
2339,2339,757,3.92,0.05,14,14-12-2024 8.07
2340,2340,241,4.92,0.09,6,10-12-2024 20.57
2349,2349,857,4.82,0.09,7,07-02-2025 3.36
2351,2351,812,4.24,0.04,3,28-06-2025 19.56
2353,2353,954,4.77,0.04,9,05-08-2024 14.11
2355,2355,243,4.7,0.13,3,06-04-2025 17.24
2359,2359,284,3.87,0.1,18,25-02-2025 15.22
2360,2360,659,4.04,0.11,2,15-07-2025 16.56
2361,2361,921,3.98,0.03,9,22-04-2025 3.34
2362,2362,518,4.7,0.04,10,24-01-2025 23.51
2364,2364,485,3.8,0.12,4,24-07-2025 14.40
2365,2365,570,3.95,0.08,2,14-06-2025 21.49
2366,2366,207,4.57,0.02,4,15-11-2024 0.28
2367,2367,746,4.54,0.05,0,27-01-2025 13.55
2369,2369,239,4.65,0.03,11,11-01-2025 20.16
2370,2370,845,4.21,0.08,11,21-07-2025 21.29
2371,2371,409,4.56,0,8,09-12-2024 18.25
2372,2372,588,4.51,0.1,3,27-09-2024 12.15
2375,2375,848,4.33,0.03,2,24-02-2025 20.10
2377,2377,927,4.64,0.03,3,06-01-2025 15.21
2379,2379,989,4.99,0.11,18,08-03-2025 6.15
2381,2381,463,4.52,0.11,9,25-10-2024 1.07
2382,2382,982,4.89,0.13,14,27-04-2025 12.45
2383,2383,837,4.1,0.09,0,04-03-2025 16.53
2385,2385,844,4.97,0.1,20,11-07-2025 16.54
2389,2389,886,4.79,0,9,13-11-2024 12.35
2390,2390,550,4.9,0.01,20,22-10-2024 5.54
2393,2393,241,4.62,0.08,13,05-10-2024 7.43
2394,2394,160,3.88,0.11,2,19-11-2024 4.49
2395,2395,818,4.71,0.06,6,06-02-2025 17.25
2401,2401,846,4.54,0.06,19,14-06-2025 12.33
2402,2402,671,4.45,0.02,18,10-04-2025 15.35
2405,2405,139,4.96,0.09,15,09-06-2025 4.07
2406,2406,802,4.35,0.13,10,15-01-2025 18.58
2407,2407,577,4.68,0.02,3,09-09-2024 1.43
2408,2408,552,4.17,0.05,2,27-07-2025 15.20
2412,2412,758,4.79,0.04,5,30-08-2024 23.39
2413,2413,383,4.65,0.11,0,03-12-2024 10.30
2415,2415,200,4.77,0.07,2,31-10-2024 18.38
2417,2417,515,4.67,0.11,4,15-11-2024 1.50
2422,2422,184,4.18,0.12,4,29-10-2024 16.45
2423,2423,243,4.66,0.13,16,19-02-2025 7.16
2426,2426,964,4.52,0.11,2,29-10-2024 2.27
2430,2430,353,3.89,0.07,19,05-11-2024 5.12
2432,2432,931,4.91,0.08,16,27-12-2024 7.35
2436,2436,187,4.1,0.11,20,15-08-2024 0.41
2442,2442,524,4.87,0.14,1,09-01-2025 23.33
2444,2444,508,4.89,0.14,7,24-02-2025 12.37
2445,2445,461,4.97,0.14,19,13-03-2025 13.09
2446,2446,833,3.91,0.01,15,07-02-2025 4.35
2448,2448,180,4.03,0.12,17,23-04-2025 22.17
2451,2451,869,4.82,0.09,13,16-04-2025 13.41
2452,2452,805,4.37,0.03,8,21-11-2024 23.04
2453,2453,448,4.15,0.09,6,27-11-2024 10.35
2455,2455,299,4.03,0.13,19,23-04-2025 11.21
2456,2456,708,3.84,0.13,19,11-11-2024 0.15
2459,2459,819,4.7,0.11,19,16-01-2025 11.14
2460,2460,270,3.93,0.03,0,24-06-2025 1.42
2462,2462,487,4.58,0,7,10-03-2025 8.26
2466,2466,740,4.01,0,1,21-04-2025 17.29
2467,2467,594,4.09,0.13,3,30-05-2025 4.51
2469,2469,583,3.94,0.11,17,29-01-2025 12.49
2470,2470,901,4.09,0.02,0,21-09-2024 22.54
2478,2478,161,4.89,0.07,0,26-01-2025 0.45
2479,2479,257,4.2,0.08,6,20-11-2024 2.28
2480,2480,841,4.31,0.06,7,28-03-2025 3.59
2485,2485,678,4.52,0.03,9,07-08-2024 18.50
2488,2488,889,4.26,0.07,13,31-03-2025 11.25
2492,2492,597,4.05,0.11,3,22-04-2025 13.58
2496,2496,103,4.46,0,3,09-12-2024 2.08
2497,2497,514,4.74,0.1,11,03-07-2025 1.36
2498,2498,319,4.14,0.02,13,05-12-2024 7.54
2500,2500,467,4.02,0.02,10,05-10-2024 6.51
2501,2501,787,4.43,0.07,5,30-03-2025 15.53
2502,2502,299,4.14,0.05,3,31-05-2025 6.09
2503,2503,637,4.42,0,4,03-03-2025 19.14
2504,2504,715,4.16,0.11,8,07-08-2024 6.08
2505,2505,483,4,0,17,26-01-2025 10.36
2506,2506,965,4.95,0.06,20,09-09-2024 8.42
2509,2509,605,4.86,0.14,17,10-02-2025 11.07
2510,2510,835,4.02,0.03,14,21-07-2025 9.00
2511,2511,170,4.74,0.07,5,02-08-2025 20.02
2517,2517,915,4.03,0.13,18,02-04-2025 19.57
2518,2518,983,4.63,0.07,6,15-01-2025 18.11
2521,2521,798,3.91,0.07,13,05-05-2025 14.43
2523,2523,114,3.87,0.12,12,23-12-2024 12.00
2525,2525,959,4.32,0.14,4,23-10-2024 9.52
2527,2527,362,3.94,0.02,1,14-10-2024 0.22
2529,2529,836,4.36,0.09,16,29-08-2024 19.49
2532,2532,850,4.75,0.09,13,22-01-2025 0.36
2533,2533,222,3.92,0.02,16,10-04-2025 7.56
2535,2535,205,4.65,0.08,9,06-08-2024 2.01
2536,2536,122,3.93,0.1,7,21-03-2025 19.02
2544,2544,780,4.43,0.12,9,18-09-2024 9.32
2546,2546,519,4.94,0.01,0,15-09-2024 20.57
2547,2547,456,3.81,0.02,20,12-02-2025 17.12
2551,2551,328,4.96,0.04,14,05-06-2025 7.31
2553,2553,971,4.23,0.05,17,04-02-2025 10.49
2556,2556,685,4.21,0.01,11,13-04-2025 11.05
2560,2560,501,4.44,0.09,2,20-07-2025 23.35
2562,2562,611,3.93,0.12,13,05-03-2025 0.02
2563,2563,739,4.01,0.13,20,09-01-2025 20.54
2565,2565,781,4.9,0.09,16,22-05-2025 1.37
2568,2568,221,4.09,0.12,8,30-06-2025 18.49
2569,2569,180,4.9,0.06,1,22-04-2025 7.02
2571,2571,473,4.72,0.04,0,24-11-2024 23.18
2577,2577,490,3.89,0.13,3,27-03-2025 1.52
2581,2581,857,4.74,0.13,16,24-06-2025 14.00
2582,2582,570,4.49,0.11,7,30-04-2025 8.32
2586,2586,574,3.98,0.03,8,10-05-2025 15.35
2587,2587,490,4.15,0.14,8,05-01-2025 0.05
2588,2588,798,4.76,0.06,10,03-12-2024 10.11
2590,2590,157,4.64,0.01,5,15-05-2025 13.21
2592,2592,115,4.73,0.07,11,30-12-2024 2.14
2595,2595,602,4.71,0.12,16,18-05-2025 16.49
2598,2598,244,4.52,0.12,6,09-12-2024 6.10
2601,2601,675,3.97,0,6,23-02-2025 13.11
2602,2602,886,4.31,0.13,7,19-04-2025 2.30
2604,2604,200,4,0.09,3,20-02-2025 2.17
2605,2605,971,4.93,0.13,13,31-03-2025 5.56
2607,2607,697,4.71,0.11,18,04-06-2025 13.06
2608,2608,638,4.73,0.14,9,12-05-2025 6.11
2610,2610,257,3.89,0.05,20,30-11-2024 4.58
2612,2612,870,3.93,0.1,19,27-03-2025 12.03
2617,2617,174,4.82,0.05,12,28-09-2024 19.53
2618,2618,943,4.64,0.11,4,02-09-2024 20.15
2622,2622,560,4.63,0.04,0,23-04-2025 11.34
2628,2628,379,4.79,0.02,6,03-12-2024 23.19
2630,2630,720,5,0.13,6,13-02-2025 0.17
2631,2631,770,4.8,0.1,20,27-12-2024 16.47
2632,2632,868,3.94,0.09,1,02-03-2025 1.16
2641,2641,454,4.34,0.12,14,07-12-2024 9.00
2643,2643,100,3.97,0.03,9,24-01-2025 6.56
2648,2648,318,4.68,0.13,18,27-08-2024 15.05
2651,2651,695,4.94,0.07,13,13-06-2025 12.01
2652,2652,779,4.37,0.06,1,30-07-2025 2.24
2654,2654,426,4.76,0.08,2,11-07-2025 2.52
2655,2655,109,4.2,0.02,6,14-05-2025 8.02
2656,2656,298,4.98,0.12,7,10-11-2024 11.25
2659,2659,196,4.41,0.01,18,16-08-2024 0.26
2661,2661,564,4.1,0.07,14,16-03-2025 9.53
2662,2662,758,4.58,0.07,6,30-05-2025 11.29
2664,2664,345,4.24,0.04,0,23-03-2025 21.13
2665,2665,145,4.02,0.07,2,20-04-2025 16.46
2666,2666,258,4.52,0.07,17,19-05-2025 15.46
2668,2668,584,4.82,0.04,15,13-07-2025 3.14
2670,2670,464,3.88,0.07,12,14-05-2025 5.56
2673,2673,551,3.9,0.06,7,05-10-2024 9.39
2674,2674,437,4.69,0.08,0,05-01-2025 19.06
2678,2678,153,3.91,0.1,20,19-11-2024 19.10
2681,2681,493,3.98,0.04,5,10-04-2025 1.12
2682,2682,355,4.97,0.03,1,25-10-2024 5.42
2684,2684,456,4.63,0.02,10,01-07-2025 23.30
2689,2689,348,4.12,0.04,11,06-01-2025 12.47
2690,2690,263,4.46,0.09,5,01-04-2025 9.48
2695,2695,338,3.83,0,1,15-04-2025 4.09
2697,2697,963,4.6,0.14,7,18-08-2024 23.38
2699,2699,940,4.92,0.06,13,23-09-2024 19.31
2700,2700,657,4.16,0.04,14,09-05-2025 23.31
2703,2703,639,4.18,0.03,16,26-12-2024 22.59
2709,2709,289,4.79,0.14,2,11-06-2025 11.21
2713,2713,285,4.5,0.01,18,10-06-2025 2.52
2715,2715,394,4.67,0.11,3,21-02-2025 5.58
2717,2717,901,4.47,0.04,10,04-12-2024 6.31
2718,2718,219,4.7,0.1,17,02-06-2025 18.54
2719,2719,294,4.39,0.15,18,10-12-2024 12.07
2721,2721,707,4.28,0.03,7,11-07-2025 7.33
2723,2723,240,4.02,0.05,0,26-05-2025 8.06
2724,2724,894,4.02,0.03,12,13-10-2024 23.54
2728,2728,458,3.97,0.13,20,19-12-2024 5.50
2729,2729,720,4.72,0.06,0,29-08-2024 3.05
2730,2730,446,3.9,0.02,2,11-01-2025 19.22
2731,2731,158,4.23,0.07,12,19-09-2024 10.08
2732,2732,313,4.96,0.08,2,29-09-2024 17.36
2737,2737,290,4.51,0.05,7,19-06-2025 3.15
2739,2739,136,4.74,0.05,14,18-03-2025 20.24
2740,2740,666,4.73,0.13,7,26-06-2025 9.03
2743,2743,132,4.21,0.12,11,07-12-2024 5.59
2744,2744,894,4.75,0.15,9,14-07-2025 18.45
2745,2745,228,4.58,0.07,13,22-11-2024 12.48
2747,2747,845,4.83,0.11,15,15-08-2024 17.33
2750,2750,507,4,0.06,20,08-09-2024 5.48
2751,2751,657,4.6,0.11,13,27-01-2025 3.49
2754,2754,817,4.51,0.03,20,28-03-2025 16.21
2755,2755,513,3.95,0.12,10,05-05-2025 6.48
2756,2756,638,4.66,0.13,1,26-12-2024 6.59
2757,2757,161,4.32,0.15,16,23-12-2024 8.49
2759,2759,816,3.98,0.15,13,27-07-2025 20.57
2761,2761,835,4.16,0.1,2,13-03-2025 2.38
2762,2762,847,4.52,0.05,12,23-02-2025 5.51
2764,2764,289,4.16,0.1,13,21-06-2025 9.43
2766,2766,761,4.08,0.1,18,09-04-2025 23.16
2767,2767,216,4.05,0,18,19-05-2025 4.47
2770,2770,181,4.86,0.06,8,28-03-2025 3.23
2772,2772,672,4.91,0.05,10,11-03-2025 2.12
2778,2778,890,4.12,0.12,6,05-11-2024 19.19
2779,2779,647,4.98,0.12,13,11-11-2024 20.07
2783,2783,472,4.57,0.12,1,18-10-2024 19.09
2785,2785,920,4.68,0.08,7,07-02-2025 3.58
2787,2787,343,4.2,0.1,12,22-08-2024 1.17
2789,2789,461,4.11,0.15,1,10-10-2024 3.05
2790,2790,379,4.94,0.04,3,24-11-2024 8.07
2791,2791,255,4.04,0.07,10,07-07-2025 0.18
2793,2793,247,4.34,0.01,2,31-08-2024 9.48
2794,2794,827,3.97,0.01,9,22-08-2024 4.18
2797,2797,442,3.82,0.06,1,19-12-2024 0.20
2800,2800,673,4.57,0.1,7,09-10-2024 8.29
2801,2801,947,4.15,0.12,9,17-02-2025 13.43
2805,2805,121,4.89,0.12,16,23-07-2025 4.34
2806,2806,529,3.93,0.06,10,05-11-2024 0.29
2808,2808,568,4.43,0.07,13,24-12-2024 9.48
2811,2811,900,4.82,0.04,13,30-03-2025 22.27
2813,2813,593,4.95,0.01,5,12-01-2025 11.26
2814,2814,175,4.07,0.08,19,12-05-2025 5.03
2818,2818,616,4.04,0.02,19,06-11-2024 22.59
2819,2819,379,4.05,0.09,6,22-10-2024 8.43
2820,2820,931,4.63,0.05,20,27-08-2024 19.59
2823,2823,342,4.54,0.12,19,23-08-2024 10.03
2825,2825,584,4.7,0.12,11,25-07-2025 11.13
2826,2826,141,4.71,0.03,15,04-06-2025 22.10
2829,2829,681,4.52,0.12,15,02-11-2024 4.03
2831,2831,826,4.17,0.05,10,30-06-2025 10.06
2836,2836,673,4.72,0.09,13,23-01-2025 1.17
2837,2837,926,3.94,0.11,20,14-11-2024 20.31
2840,2840,348,4.2,0.13,12,19-09-2024 14.04
2841,2841,245,4.21,0.02,20,14-02-2025 14.41
2842,2842,218,4.58,0.14,18,11-10-2024 21.42
2843,2843,713,4.6,0.13,15,18-06-2025 10.31
2846,2846,789,4.75,0.11,19,06-02-2025 19.03
2847,2847,159,4.77,0.07,19,13-07-2025 8.25
2850,2850,913,4.16,0.09,8,03-09-2024 12.27
2852,2852,191,4.84,0.05,12,10-11-2024 4.04
2853,2853,872,3.81,0.01,4,01-07-2025 13.55
2858,2858,843,3.86,0.02,7,26-05-2025 18.24
2859,2859,298,4.62,0.02,19,07-02-2025 15.25
2861,2861,444,4.83,0.03,10,30-01-2025 11.31
2862,2862,758,4.45,0.14,5,06-03-2025 11.11
2863,2863,467,4.71,0.13,19,16-08-2024 0.56
2865,2865,605,4.74,0.08,19,01-04-2025 12.43
2866,2866,706,4.08,0.12,7,03-01-2025 19.35
2867,2867,235,3.82,0.09,11,09-08-2024 13.11
2869,2869,743,3.94,0.01,18,16-10-2024 2.29
2870,2870,889,4.12,0.07,12,02-05-2025 21.14
2872,2872,397,4.35,0.13,20,10-07-2025 0.30
2873,2873,521,3.97,0.06,17,31-05-2025 23.36
2874,2874,569,4.61,0.09,5,24-08-2024 1.01
2876,2876,945,5,0,5,02-09-2024 21.28
2878,2878,354,4.46,0.04,11,21-12-2024 3.25
2879,2879,867,4.48,0.06,2,10-03-2025 8.54
2880,2880,990,4.46,0.12,16,16-09-2024 6.59
2884,2884,250,4.05,0.11,13,02-06-2025 20.17
2886,2886,790,4.69,0.05,4,16-10-2024 0.05
2887,2887,200,3.84,0.03,13,07-04-2025 3.05
2888,2888,820,4.63,0.14,19,21-02-2025 3.09
2889,2889,499,4.3,0.09,15,15-06-2025 11.08
2890,2890,253,3.87,0.01,20,03-02-2025 16.19
2891,2891,940,3.84,0.03,13,25-08-2024 1.55
2894,2894,228,3.81,0.1,20,26-11-2024 17.34
2895,2895,657,4.3,0.11,16,25-01-2025 1.39
2896,2896,246,3.86,0.06,8,17-03-2025 3.02
2898,2898,401,4.31,0,19,05-05-2025 11.42
2900,2900,842,4.82,0.06,4,24-04-2025 20.46
2902,2902,365,3.85,0.07,11,18-10-2024 0.42
2905,2905,653,4.06,0.05,12,23-09-2024 12.07
2906,2906,578,4.89,0.07,2,12-08-2024 23.30
2907,2907,383,4.86,0,6,01-05-2025 16.58
2909,2909,250,4.09,0.05,6,10-08-2024 23.06
2910,2910,888,4.77,0.08,5,01-07-2025 11.21
2911,2911,974,4.32,0.09,16,24-09-2024 21.15
2912,2912,312,3.97,0.13,14,16-05-2025 20.54
2913,2913,463,4.99,0.09,7,21-11-2024 21.28
2915,2915,660,4.24,0.03,7,04-10-2024 4.01
2916,2916,581,4,0.01,0,17-01-2025 13.40
2917,2917,927,4.33,0.05,9,08-04-2025 14.57
2921,2921,593,4.84,0.13,20,04-06-2025 22.42
2924,2924,249,3.94,0.08,17,01-06-2025 6.54
2925,2925,394,4.47,0.05,6,03-05-2025 23.35
2926,2926,410,4.69,0.01,4,23-10-2024 14.24
2930,2930,380,4.16,0.08,6,28-07-2025 11.32
2931,2931,524,4,0.08,16,05-01-2025 3.59
2932,2932,441,4.68,0.01,5,08-11-2024 2.37
2936,2936,959,4.2,0.14,2,22-07-2025 10.41
2939,2939,835,4.82,0.1,3,13-10-2024 21.47
2940,2940,547,3.92,0.01,19,06-01-2025 12.01
2942,2942,586,4.36,0.13,9,01-09-2024 13.56
2943,2943,893,3.95,0.06,1,26-07-2025 2.52
2944,2944,446,4.97,0,17,21-02-2025 4.19
2946,2946,388,4.89,0.07,18,21-11-2024 1.29
2947,2947,431,4.28,0.09,16,30-01-2025 13.24
2948,2948,644,3.98,0.12,11,21-01-2025 7.00
2949,2949,762,3.99,0.03,13,22-05-2025 15.35
2950,2950,425,4.53,0.06,16,04-06-2025 6.11
2952,2952,668,4.1,0.04,7,08-08-2024 21.31
2953,2953,305,4.71,0.03,14,30-12-2024 21.29
2954,2954,278,4.65,0.1,5,24-03-2025 2.32
2956,2956,827,4.47,0.03,12,11-06-2025 9.57
2959,2959,420,4.74,0.02,11,17-04-2025 12.08
2960,2960,871,4.51,0.1,19,05-11-2024 18.30
2963,2963,135,3.81,0.07,2,13-02-2025 13.51
2965,2965,819,4.36,0.1,6,13-09-2024 13.55
2966,2966,281,4,0.01,0,30-04-2025 4.41
2976,2976,329,4.46,0.08,14,11-05-2025 16.46
2978,2978,447,4.5,0.14,7,20-04-2025 16.50
2979,2979,338,3.97,0.03,1,09-10-2024 10.55
2981,2981,614,4.76,0.13,3,13-09-2024 17.18
2982,2982,827,4.76,0.1,6,05-03-2025 10.10
2983,2983,594,4.07,0.05,8,29-10-2024 12.11
2984,2984,930,4.43,0.09,3,30-06-2025 4.27
2988,2988,674,4.88,0.03,8,06-12-2024 1.20
2989,2989,182,3.87,0.13,12,05-06-2025 23.57
2991,2991,941,4.46,0.06,11,14-05-2025 8.27
2993,2993,502,4.95,0.07,6,30-05-2025 18.23
2996,2996,859,3.99,0.14,11,17-05-2025 0.05
3000,3000,204,3.97,0.09,4,22-10-2024 18.31
3001,3001,712,4.75,0.1,6,02-03-2025 11.55
3003,3003,228,4.72,0.12,8,21-11-2024 1.26
3004,3004,158,4.5,0.09,0,18-09-2024 4.47
3007,3007,946,4.21,0.06,3,11-10-2024 10.12
3009,3009,816,4.04,0.01,4,22-01-2025 12.47
3010,3010,410,4.87,0.07,17,29-10-2024 9.41
3012,3012,917,4.58,0.14,1,21-09-2024 2.15
3013,3013,258,4.24,0.12,16,15-08-2024 2.13
3014,3014,642,4.6,0.1,5,12-01-2025 17.31
3018,3018,299,4.84,0.08,17,20-05-2025 21.36
3019,3019,285,4.15,0.12,15,19-10-2024 2.19
3025,3025,251,4.38,0.1,18,10-03-2025 21.12
3026,3026,681,3.85,0.14,14,10-09-2024 6.27
3027,3027,300,4.86,0.03,19,29-05-2025 5.08
3032,3032,734,4.99,0.1,13,11-12-2024 0.59
3036,3036,115,4.8,0.09,8,22-09-2024 7.04
3037,3037,241,3.93,0.1,20,21-02-2025 21.53
3047,3047,258,4.99,0.08,17,02-06-2025 18.35
3048,3048,891,4.66,0,20,07-08-2024 11.44
3053,3053,491,3.88,0.02,4,07-05-2025 3.19
3054,3054,277,4.96,0.11,2,30-05-2025 21.41
3055,3055,437,4.13,0.1,0,21-06-2025 18.53
3061,3061,876,3.91,0.11,3,20-11-2024 18.03
3064,3064,969,3.91,0.11,4,21-03-2025 10.19
3065,3065,287,4.46,0.14,4,27-07-2025 12.59
3067,3067,822,4.62,0.02,15,13-07-2025 6.41
3068,3068,927,4.81,0,13,24-04-2025 13.30
3073,3073,756,3.89,0.09,6,18-06-2025 23.13
3082,3082,542,4.71,0.07,2,19-01-2025 6.09
3085,3085,844,4.29,0.11,19,27-10-2024 13.54
3087,3087,358,4.9,0.07,15,04-02-2025 12.03
3088,3088,669,4.74,0.05,12,07-02-2025 11.05
3094,3094,936,4.4,0.01,9,20-08-2024 21.22
3097,3097,426,3.95,0.11,13,20-04-2025 16.44
3099,3099,316,3.91,0,8,09-10-2024 4.48
3100,3100,726,4.02,0.13,10,13-02-2025 21.40
3102,3102,447,4.79,0.06,5,23-08-2024 3.29
3103,3103,408,4.66,0.06,15,16-08-2024 4.21
3105,3105,962,4.58,0.09,12,07-04-2025 8.27
3106,3106,886,4.31,0.08,13,11-10-2024 15.53
3109,3109,106,4.06,0.12,9,19-09-2024 11.53
3110,3110,606,4.9,0.13,7,01-06-2025 16.36
3114,3114,986,4.16,0.04,20,19-06-2025 19.50
3115,3115,819,4.76,0.12,17,06-08-2024 20.29
3116,3116,433,4.81,0.08,2,15-08-2024 13.05
3117,3117,550,3.89,0.05,12,18-04-2025 8.15
3120,3120,342,4.05,0.13,9,23-05-2025 3.14
3121,3121,379,4.81,0.02,17,15-12-2024 3.46
3122,3122,548,4.3,0.14,12,06-03-2025 0.41
3123,3123,197,4.89,0.14,2,16-08-2024 13.20
3124,3124,692,4.94,0.01,11,19-03-2025 14.21
3126,3126,821,4.95,0.02,5,28-03-2025 17.53
3131,3131,331,4.24,0,0,16-06-2025 9.50
3133,3133,954,4.99,0.08,14,26-02-2025 21.41
3135,3135,140,4.12,0.07,7,14-05-2025 8.12
3139,3139,701,4.79,0.02,10,10-10-2024 1.23
3142,3142,102,4.85,0.15,6,02-01-2025 19.09
3143,3143,658,4.47,0.1,15,20-05-2025 8.24
3145,3145,915,3.8,0.05,1,07-10-2024 6.51
3146,3146,455,3.88,0.03,6,18-01-2025 1.12
3147,3147,502,4.07,0.11,1,09-01-2025 23.00
3149,3149,917,3.85,0.04,14,23-05-2025 22.52
3151,3151,180,4.73,0,10,04-12-2024 12.23
3153,3153,492,4.16,0.04,10,13-01-2025 5.55
3154,3154,226,4.62,0.06,6,28-06-2025 6.40
3156,3156,570,4.4,0.02,4,08-03-2025 10.43
3158,3158,633,4.9,0.06,6,18-08-2024 11.47
3161,3161,192,4.54,0,8,06-07-2025 4.12
3164,3164,451,3.92,0.02,11,23-11-2024 9.29
3165,3165,143,4.15,0.08,18,20-07-2025 1.55
3166,3166,892,3.97,0.01,1,30-09-2024 3.09
3168,3168,538,3.97,0.1,8,04-03-2025 9.25
3169,3169,989,4.98,0.03,9,21-12-2024 20.26
3171,3171,266,3.89,0.12,18,09-08-2024 15.56
3172,3172,932,4.86,0.07,7,22-10-2024 0.03
3175,3175,300,3.92,0.05,18,27-02-2025 20.44
3176,3176,114,4.66,0.11,17,03-03-2025 10.28
3178,3178,826,4.47,0.06,7,16-05-2025 17.25
3182,3182,542,4.13,0.05,18,26-12-2024 1.32
3184,3184,572,4.43,0.06,4,06-07-2025 7.17
3185,3185,662,4.05,0.05,18,06-06-2025 19.13
3186,3186,584,4.31,0.1,0,31-10-2024 3.08
3189,3189,388,4.31,0.03,12,20-01-2025 14.26
3190,3190,823,3.91,0.09,14,04-02-2025 0.49
3191,3191,269,3.98,0.01,17,18-07-2025 11.47
3192,3192,283,4.49,0.02,10,09-06-2025 14.34
3193,3193,721,3.82,0.14,1,02-08-2025 21.26
3197,3197,541,4.16,0,8,01-09-2024 7.59
3199,3199,482,4.82,0.13,9,28-01-2025 22.02
3200,3200,690,4.66,0.08,3,03-01-2025 3.07
3202,3202,190,4.97,0.05,14,06-12-2024 11.48
3206,3206,938,3.83,0.13,5,25-10-2024 16.50
3208,3208,970,4.69,0.11,17,21-06-2025 18.06
3211,3211,682,4.73,0.15,13,18-11-2024 8.26
3212,3212,677,4.47,0.02,19,05-02-2025 5.30
3214,3214,663,4.01,0.01,5,01-11-2024 8.53
3216,3216,941,4.04,0.12,5,21-02-2025 17.24
3217,3217,390,4.49,0.06,20,07-11-2024 7.40
3219,3219,661,4.89,0.11,11,24-12-2024 8.42
3220,3220,494,4.3,0.03,0,12-10-2024 19.45
3222,3222,465,4.94,0.02,14,16-04-2025 8.48
3228,3228,232,4.85,0.15,13,14-09-2024 22.36
3229,3229,837,4.86,0.08,14,25-05-2025 8.37
3234,3234,500,4.01,0.07,20,28-06-2025 12.29
3235,3235,757,3.86,0.12,1,27-11-2024 15.42
3236,3236,234,3.89,0.08,2,08-04-2025 20.18
3238,3238,848,3.86,0.02,0,30-08-2024 18.49
3239,3239,359,3.81,0.02,16,28-06-2025 21.01
3240,3240,481,4.53,0.04,12,25-02-2025 3.56
3242,3242,539,4.19,0.12,6,10-04-2025 18.03
3243,3243,895,4.56,0.07,11,16-08-2024 23.20
3245,3245,701,4.72,0.1,10,09-06-2025 2.05
3246,3246,639,4.7,0.1,16,16-04-2025 14.06
3248,3248,610,4.79,0.07,4,21-06-2025 18.02
3251,3251,607,4.38,0.1,14,13-11-2024 9.22
3252,3252,207,3.94,0,15,30-04-2025 15.49
3253,3253,970,4.77,0.1,4,08-06-2025 11.08
3255,3255,422,4.18,0.02,11,31-01-2025 11.43
3257,3257,559,4.76,0.04,3,15-09-2024 3.42
3260,3260,202,3.98,0.1,3,20-02-2025 12.25
3261,3261,416,3.95,0.01,14,02-03-2025 20.57
3262,3262,338,4.82,0.02,9,01-11-2024 20.02
3263,3263,431,4.77,0.03,16,14-08-2024 6.55
3264,3264,266,4.95,0.14,16,14-07-2025 6.53
3267,3267,201,4.32,0.09,8,03-11-2024 4.33
3269,3269,879,4.52,0.04,2,07-05-2025 0.28
3270,3270,368,4.98,0.01,16,29-04-2025 7.52
3272,3272,133,3.96,0.02,10,13-09-2024 23.22
3274,3274,594,4.99,0.05,5,17-08-2024 21.02
3275,3275,778,4.27,0.01,19,14-09-2024 21.14
3276,3276,678,4.05,0.03,15,04-09-2024 7.33
3277,3277,365,4.6,0.12,8,04-06-2025 0.18
3278,3278,430,4.69,0.05,2,30-05-2025 16.13
3282,3282,514,4.33,0.01,19,24-06-2025 4.12
3285,3285,242,4.61,0.14,8,08-10-2024 21.15
3286,3286,459,4.35,0.02,13,31-01-2025 14.39
3288,3288,400,4.34,0.01,5,14-11-2024 2.12
3293,3293,841,4.29,0.01,5,12-02-2025 17.40
3294,3294,113,4.83,0.03,6,18-08-2024 7.52
3295,3295,257,4.84,0.11,6,18-04-2025 12.01
3296,3296,740,4.69,0.02,10,04-12-2024 21.54
3298,3298,370,3.88,0.11,18,25-11-2024 7.54
3299,3299,747,4.97,0.03,13,26-08-2024 21.48
3300,3300,731,4.05,0.05,4,22-04-2025 6.18
3305,3305,337,3.99,0.01,11,26-03-2025 18.51
3308,3308,206,4.81,0.07,13,14-06-2025 17.24
3309,3309,336,4.73,0.12,1,25-02-2025 8.10
3310,3310,420,4.31,0.14,11,09-12-2024 12.48
3311,3311,563,4.56,0.04,20,07-04-2025 10.44
3312,3312,295,4.36,0.13,0,14-05-2025 7.09
3318,3318,753,4.98,0.08,19,04-01-2025 19.03
3320,3320,219,4.14,0.14,18,29-01-2025 12.22
3326,3326,151,4.82,0.09,4,20-08-2024 2.19
3330,3330,828,4.23,0.08,15,30-12-2024 9.26
3332,3332,441,4.84,0.02,15,17-05-2025 13.18
3333,3333,510,4.29,0.15,18,15-10-2024 21.36
3339,3339,689,4.44,0.04,5,06-09-2024 13.16
3342,3342,238,3.9,0.12,5,27-12-2024 9.27
3345,3345,472,4.8,0.02,1,11-11-2024 7.56
3346,3346,502,4.12,0.02,2,10-11-2024 11.57
3352,3352,888,4.4,0.06,11,04-01-2025 5.28
3354,3354,884,3.81,0.11,0,26-06-2025 15.00
3356,3356,566,4.41,0.04,8,15-05-2025 15.07
3357,3357,212,4.46,0.13,8,25-07-2025 23.30
3359,3359,628,4.38,0.14,10,26-11-2024 17.10
3360,3360,802,4.52,0.08,12,04-07-2025 2.09
3362,3362,671,3.85,0.09,3,29-05-2025 21.08
3365,3365,542,4.92,0.05,13,06-02-2025 5.47
3368,3368,863,4.33,0.12,0,28-03-2025 8.40
3373,3373,939,4.48,0.05,17,27-05-2025 22.50
3375,3375,587,4.53,0.07,9,01-02-2025 23.17
3376,3376,516,4.43,0.06,12,22-07-2025 1.39
3377,3377,649,4.62,0.11,7,10-06-2025 11.04
3378,3378,933,4.36,0.14,4,07-01-2025 0.11
3379,3379,891,4.85,0.1,3,14-09-2024 22.09
3380,3380,199,4.72,0.12,0,04-03-2025 12.06
3382,3382,709,3.89,0.15,3,05-12-2024 22.58
3386,3386,904,4.4,0.13,2,06-02-2025 20.24
3388,3388,598,3.94,0.11,3,07-04-2025 4.37
3389,3389,484,4.19,0.09,9,26-11-2024 5.22
3391,3391,959,4.55,0.02,7,06-11-2024 18.08
3393,3393,888,4.69,0.08,3,16-02-2025 19.17
3394,3394,929,4.67,0.06,4,17-07-2025 18.50
3395,3395,827,4.07,0.07,14,21-01-2025 2.03
3397,3397,971,4.89,0.05,13,10-01-2025 19.18
3398,3398,666,4.58,0.12,4,04-08-2025 5.58
3399,3399,619,4.08,0.09,9,23-09-2024 13.09
3400,3400,861,4.96,0.15,0,21-12-2024 21.39
3403,3403,917,4.99,0.12,19,24-08-2024 2.56
3404,3404,552,4.18,0.02,5,10-10-2024 8.03
3406,3406,659,4.14,0.1,7,28-05-2025 8.02
3408,3408,411,4.71,0.14,6,31-05-2025 11.10
3409,3409,349,4.83,0.14,11,15-02-2025 11.21
3412,3412,453,3.91,0.01,11,21-11-2024 13.00
3413,3413,430,4.64,0.05,2,27-05-2025 22.18
3414,3414,985,3.99,0.08,13,08-12-2024 5.08
3417,3417,775,4.76,0.06,3,07-09-2024 14.11
3419,3419,114,4.96,0.05,2,04-03-2025 20.46
3420,3420,208,3.94,0.11,6,10-04-2025 19.29
3421,3421,717,4.01,0.05,16,25-05-2025 23.08
3422,3422,881,4.28,0.07,0,05-09-2024 22.03
3426,3426,767,4.65,0,4,16-02-2025 16.13
3427,3427,156,4.75,0.13,11,15-12-2024 8.21
3429,3429,279,4.86,0.04,9,17-06-2025 17.04
3430,3430,701,4.56,0.13,20,05-11-2024 23.43
3431,3431,127,4.74,0.13,1,20-02-2025 15.37
3434,3434,486,4.4,0.11,18,30-08-2024 22.41
3435,3435,122,4.28,0.07,1,15-04-2025 14.52
3438,3438,400,4.82,0.01,16,13-10-2024 3.05
3439,3439,225,4.95,0.11,9,15-11-2024 22.26
3440,3440,779,4.75,0.13,11,07-11-2024 16.00
3441,3441,909,4.79,0.13,0,10-03-2025 20.57
3442,3442,792,4.78,0.13,17,28-04-2025 16.40
3444,3444,894,4.82,0.05,10,02-08-2025 4.13
3445,3445,417,4.55,0.02,3,21-10-2024 18.30
3446,3446,330,4.92,0.13,15,07-09-2024 20.06
3449,3449,986,4.62,0.15,14,19-06-2025 5.28
3451,3451,812,4.19,0.13,16,14-09-2024 8.44
3454,3454,117,4.88,0.03,1,17-11-2024 19.56
3455,3455,327,4.51,0.09,11,15-09-2024 5.42
3456,3456,712,3.91,0.13,19,06-08-2024 5.31
3457,3457,867,3.85,0.02,1,21-08-2024 6.25
3458,3458,907,4.62,0.15,1,26-03-2025 3.50
3461,3461,666,4.91,0.01,6,29-04-2025 20.16
3462,3462,663,4.21,0.14,1,16-12-2024 20.18
3463,3463,809,3.84,0.06,7,01-02-2025 15.26
3466,3466,739,4.24,0.13,5,26-02-2025 17.49
3468,3468,180,4.3,0.01,15,05-10-2024 15.28
3469,3469,893,4.38,0.07,5,11-05-2025 7.07
3471,3471,703,4.63,0.02,20,18-03-2025 6.44
3472,3472,336,4.33,0.13,13,01-07-2025 4.00
3473,3473,441,4.27,0.06,2,16-11-2024 17.20
3478,3478,576,4.6,0.04,15,21-05-2025 15.47
3479,3479,976,4.67,0.08,14,24-04-2025 9.51
3480,3480,908,4.79,0.07,15,08-09-2024 9.00
3484,3484,370,4.07,0.04,18,30-04-2025 11.11
3486,3486,794,4.64,0.12,3,26-07-2025 5.41
3488,3488,261,4.54,0.02,12,27-06-2025 13.18
3489,3489,788,4.43,0.04,2,08-06-2025 5.45
3490,3490,408,4.34,0.07,0,25-07-2025 22.59
3495,3495,760,4.72,0.13,2,16-06-2025 4.44
3498,3498,747,3.98,0.08,13,27-05-2025 3.06
3499,3499,762,4.28,0.11,14,23-06-2025 17.55
3500,3500,806,4.09,0.06,19,04-05-2025 5.30
3503,3503,121,4.31,0.12,17,02-04-2025 14.30
3504,3504,733,4.87,0.07,17,27-03-2025 11.30
3506,3506,256,4.3,0.07,10,02-02-2025 21.13
3507,3507,449,3.84,0.14,17,09-01-2025 8.44
3508,3508,588,3.88,0.02,6,06-12-2024 10.43
3511,3511,869,3.92,0.08,10,01-05-2025 15.40
3512,3512,286,4.15,0.07,10,04-11-2024 4.11
3515,3515,517,3.95,0.04,18,02-07-2025 7.55
3516,3516,324,4.37,0.01,10,25-08-2024 7.10
3518,3518,587,3.9,0.02,13,17-04-2025 0.57
3519,3519,401,4.03,0.13,13,14-11-2024 5.22
3520,3520,245,4.69,0.02,3,24-02-2025 9.18
3523,3523,203,4.09,0.13,15,07-10-2024 10.40
3524,3524,336,4.7,0.14,12,28-01-2025 8.31
3525,3525,261,4.86,0.12,20,01-05-2025 2.47
3526,3526,690,4.6,0.05,14,26-09-2024 23.47
3527,3527,133,4.54,0.08,4,08-09-2024 14.57
3528,3528,153,4.78,0.03,3,13-12-2024 14.23
3531,3531,921,4.2,0.01,7,18-12-2024 7.07
3532,3532,955,3.9,0.14,20,23-08-2024 0.21
3536,3536,929,4.76,0.03,15,27-05-2025 9.23
3537,3537,745,4.75,0.05,19,17-10-2024 14.06
3541,3541,290,4.13,0.08,20,22-03-2025 1.06
3542,3542,178,3.92,0.07,20,09-04-2025 11.43
3545,3545,922,4.01,0.13,16,20-01-2025 3.15
3547,3547,705,3.87,0.13,20,04-05-2025 6.43
3549,3549,959,4.13,0.08,6,16-02-2025 3.51
3553,3553,711,4.06,0.14,20,07-05-2025 23.15
3554,3554,624,4.97,0.11,5,15-08-2024 9.05
3556,3556,291,4.05,0.11,4,21-09-2024 20.11
3557,3557,128,4.67,0.08,8,01-09-2024 0.34
3561,3561,500,4.25,0.13,2,10-01-2025 18.02
3562,3562,862,4.78,0,2,08-03-2025 14.12
3565,3565,474,4.08,0.04,13,30-09-2024 21.07
3566,3566,881,4.25,0.08,18,03-09-2024 6.56
3567,3567,825,4.75,0.06,3,02-03-2025 17.10
3572,3572,231,4.16,0.04,15,25-07-2025 6.59
3575,3575,307,4.01,0.13,19,24-07-2025 10.31
3578,3578,818,4.11,0.12,6,28-01-2025 3.49
3579,3579,390,4.12,0.11,2,11-11-2024 12.32
3580,3580,542,4.55,0.13,6,18-08-2024 21.51
3583,3583,398,4.29,0.07,0,09-07-2025 21.18
3584,3584,443,4.59,0.13,4,02-01-2025 20.57
3586,3586,502,4.95,0.12,9,17-05-2025 23.18
3587,3587,652,4.4,0.08,15,10-07-2025 1.32
3588,3588,857,3.96,0.03,2,12-11-2024 21.27
3593,3593,460,4.79,0.07,11,13-03-2025 16.28
3594,3594,648,4.68,0.14,15,03-10-2024 18.30
3596,3596,193,4.03,0.08,5,13-05-2025 6.24
3597,3597,891,4.77,0.02,5,09-10-2024 9.06
3598,3598,729,4.32,0.05,11,20-08-2024 0.48
3600,3600,757,4.67,0.14,11,27-01-2025 3.05
3601,3601,553,3.93,0.11,20,09-11-2024 3.56
3602,3602,850,4.99,0.1,16,06-06-2025 12.48
3603,3603,585,3.82,0.07,12,27-12-2024 20.50
3605,3605,594,4.76,0.13,4,17-04-2025 12.44
3606,3606,374,4.73,0,3,07-04-2025 5.08
3610,3610,809,4.28,0,0,26-12-2024 12.43
3612,3612,712,3.88,0.09,7,04-01-2025 10.01
3613,3613,167,3.96,0.05,19,23-09-2024 7.49
3614,3614,750,3.84,0.06,12,19-08-2024 11.44
3615,3615,307,4.93,0.12,12,24-09-2024 18.28
3616,3616,522,4.15,0,12,28-04-2025 6.50
3618,3618,496,4.18,0.06,18,14-04-2025 23.04
3621,3621,345,4.53,0,2,23-09-2024 1.12
3626,3626,708,4.83,0.06,18,20-03-2025 7.26
3627,3627,996,4.53,0.07,12,10-11-2024 15.53
3628,3628,189,4.27,0.11,8,16-03-2025 15.59
3629,3629,144,4.89,0.14,18,22-11-2024 10.36
3633,3633,324,4.68,0.11,8,25-06-2025 13.37
3634,3634,987,4.59,0.14,13,26-12-2024 13.44
3637,3637,483,4.39,0.08,7,11-09-2024 0.49
3640,3640,832,4.55,0.05,20,18-10-2024 23.49
3642,3642,114,4.65,0.14,1,07-04-2025 9.00
3643,3643,342,4.67,0.02,12,01-09-2024 10.46
3645,3645,926,4.72,0.15,6,25-03-2025 16.10
3648,3648,136,4.43,0.1,2,03-08-2025 15.30
3650,3650,674,3.99,0.02,16,03-03-2025 11.52
3651,3651,205,3.87,0.05,2,15-06-2025 10.15
3655,3655,352,4.51,0.12,12,18-03-2025 0.00
3656,3656,837,4.29,0.06,4,19-11-2024 9.57
3657,3657,554,3.92,0.01,7,19-04-2025 23.18
3658,3658,852,4.92,0.14,2,09-04-2025 10.39
3660,3660,575,4.73,0.06,4,18-04-2025 14.52
3662,3662,147,4.15,0.01,6,25-02-2025 0.31
3664,3664,659,3.81,0.09,7,23-05-2025 4.44
3666,3666,204,3.93,0.08,20,02-12-2024 21.04
3668,3668,203,4.22,0.08,11,25-05-2025 1.39
3671,3671,510,4.93,0.12,16,14-07-2025 4.24
3675,3675,483,4.45,0.05,11,01-08-2025 8.02
3677,3677,148,4.39,0.14,19,07-02-2025 16.54
3678,3678,672,4.94,0.02,9,13-07-2025 7.21
3681,3681,618,4.74,0.12,19,05-04-2025 15.39
3684,3684,522,3.82,0.05,17,03-05-2025 7.04
3685,3685,650,4.53,0.07,12,25-04-2025 0.19
3686,3686,245,4.58,0.09,0,12-07-2025 18.31
3687,3687,215,3.82,0.1,17,20-04-2025 14.03
3690,3690,822,4.16,0.1,0,21-08-2024 3.40
3691,3691,426,4.81,0.11,18,06-05-2025 9.05
3693,3693,800,3.92,0.02,17,03-02-2025 12.52
3695,3695,499,3.86,0.04,17,30-08-2024 6.07
3696,3696,749,3.87,0.12,4,05-05-2025 22.06
3697,3697,402,4.74,0.13,19,13-02-2025 3.07
3698,3698,140,3.84,0.02,9,06-11-2024 5.59
3699,3699,505,4.99,0.11,4,11-06-2025 10.05
3706,3706,408,4.83,0.11,9,11-08-2024 21.18
3708,3708,103,4.13,0.03,0,20-04-2025 14.29
3710,3710,418,4.19,0.04,8,14-10-2024 19.03
3713,3713,251,4.14,0.11,6,07-09-2024 4.41
3716,3716,256,4.44,0.05,11,21-12-2024 5.43
3717,3717,826,3.96,0.01,5,08-01-2025 16.55
3718,3718,191,4.51,0.03,4,11-05-2025 18.05
3720,3720,312,4.01,0.14,9,16-08-2024 11.14
3721,3721,229,4.37,0.03,4,14-09-2024 8.59
3722,3722,952,4.94,0.05,2,23-10-2024 10.13
3723,3723,371,4.22,0,5,20-05-2025 5.33
3724,3724,942,4.36,0.05,6,20-03-2025 21.00
3727,3727,791,4.88,0.14,8,22-03-2025 0.56
3729,3729,115,4,0,17,11-11-2024 21.58
3731,3731,510,4.5,0.02,7,16-07-2025 15.49
3732,3732,266,4.75,0.12,12,19-06-2025 4.16
3735,3735,884,4.65,0.05,10,21-05-2025 3.15
3738,3738,350,4.58,0.03,7,04-02-2025 7.11
3739,3739,345,4.66,0.1,15,08-01-2025 20.27
3740,3740,339,4.2,0.11,0,14-12-2024 4.09
3741,3741,812,4.1,0.14,5,29-03-2025 13.37
3742,3742,152,4.79,0.05,8,18-02-2025 18.23
3747,3747,477,4.66,0.15,3,20-11-2024 23.52
3748,3748,431,3.94,0.03,17,18-12-2024 21.02
3749,3749,827,4.76,0.03,15,30-01-2025 19.03
3752,3752,211,4.78,0.01,15,07-01-2025 11.25
3753,3753,762,4.1,0.13,19,06-10-2024 3.24
3756,3756,975,3.85,0.02,1,31-08-2024 2.50
3760,3760,189,3.8,0.04,20,04-05-2025 18.49
3761,3761,536,4.17,0.11,3,04-04-2025 23.38
3762,3762,429,4.92,0.1,18,21-08-2024 16.54
3764,3764,687,4.44,0.07,14,15-04-2025 15.49
3770,3770,331,4.22,0.04,3,05-12-2024 3.12
3771,3771,734,4.6,0.11,6,05-10-2024 10.43
3772,3772,276,3.92,0.08,0,16-08-2024 18.07
3774,3774,475,4.7,0.01,19,19-01-2025 23.23
3776,3776,902,4.65,0.04,9,01-03-2025 1.11
3778,3778,947,4.07,0.1,1,20-09-2024 12.54
3779,3779,993,4.21,0.09,11,03-07-2025 5.38
3781,3781,893,3.97,0.1,4,09-08-2024 22.05
3782,3782,643,4.48,0.09,11,01-08-2025 0.02
3784,3784,798,4.38,0.08,0,05-06-2025 5.41
3786,3786,244,4.04,0.02,12,08-05-2025 2.50
3787,3787,294,4.14,0.12,0,14-01-2025 10.07
3788,3788,649,4.06,0.14,3,21-03-2025 19.15
3789,3789,937,4.62,0.02,7,19-06-2025 3.53
3792,3792,118,4.15,0.06,5,15-01-2025 9.06
3793,3793,853,4,0.01,8,14-09-2024 0.07
3794,3794,149,4.16,0.03,11,19-10-2024 11.02
3795,3795,686,3.83,0.07,4,06-03-2025 10.43
3798,3798,232,4.52,0,20,17-06-2025 12.16
3799,3799,813,4.81,0.02,11,23-01-2025 11.46
3800,3800,358,4.93,0.07,6,31-05-2025 10.02
3801,3801,789,4,0.12,5,07-11-2024 14.07
3802,3802,676,4.35,0.09,11,24-04-2025 17.53
3804,3804,749,4.51,0.13,3,19-07-2025 4.15
3805,3805,252,4.58,0.04,1,12-05-2025 5.25
3806,3806,192,4.18,0.02,2,15-04-2025 4.45
3807,3807,953,4.03,0.03,14,24-11-2024 4.55
3809,3809,393,4.55,0.03,14,31-10-2024 4.47
3811,3811,743,4.42,0.09,18,08-12-2024 11.16
3813,3813,548,3.99,0.09,18,05-06-2025 7.14
3814,3814,534,4.56,0.14,18,06-02-2025 21.28
3816,3816,255,4.19,0.03,11,02-07-2025 11.28
3817,3817,461,3.96,0.11,6,03-09-2024 22.15
3819,3819,906,4.82,0.08,10,02-05-2025 2.50
3820,3820,702,4.69,0.09,18,09-09-2024 20.49
3822,3822,621,4.1,0.08,14,08-06-2025 18.08
3824,3824,353,4.03,0.1,20,09-07-2025 22.51
3826,3826,978,4.21,0.13,0,21-07-2025 0.41
3829,3829,827,4,0.15,10,12-08-2024 20.07
3831,3831,604,4.07,0.08,11,10-05-2025 10.12
3833,3833,136,4.95,0.14,10,22-09-2024 9.04
3835,3835,261,4,0.08,7,22-05-2025 17.07
3836,3836,546,3.92,0.05,10,01-11-2024 14.31
3837,3837,327,4.68,0.08,8,03-12-2024 23.11
3838,3838,313,4.15,0.11,10,21-01-2025 23.47
3839,3839,845,4.71,0.06,4,29-01-2025 15.17
3840,3840,873,4.72,0.15,0,28-04-2025 21.59
3841,3841,721,3.82,0.08,12,24-08-2024 4.01
3842,3842,119,4.74,0.05,1,21-11-2024 18.43
3843,3843,645,4.6,0.09,11,03-02-2025 7.45
3846,3846,943,4.45,0.15,11,12-05-2025 2.21
3848,3848,700,4.1,0,20,26-09-2024 12.05
3850,3850,206,4.64,0.09,20,19-04-2025 21.07
3851,3851,405,4.3,0.09,0,14-03-2025 23.59
3853,3853,231,3.83,0.11,16,24-08-2024 8.16
3855,3855,365,3.92,0.15,0,10-06-2025 8.37
3856,3856,869,4.68,0.14,2,07-10-2024 4.52
3857,3857,780,4.77,0.14,6,18-10-2024 19.57
3860,3860,549,4.41,0.1,17,06-06-2025 0.18
3861,3861,729,3.93,0.02,2,22-02-2025 1.57
3863,3863,835,3.94,0.15,16,03-03-2025 12.13
3865,3865,949,4.26,0.06,18,23-06-2025 8.08
3867,3867,923,4.93,0.09,15,11-09-2024 9.26
3868,3868,101,4.02,0.08,15,13-04-2025 16.11
3869,3869,918,4.57,0.09,7,27-10-2024 22.30
3870,3870,384,4.96,0.12,3,12-03-2025 20.39
3872,3872,870,3.9,0.11,7,10-05-2025 10.16
3873,3873,570,4.65,0.01,0,27-10-2024 17.26
3874,3874,454,4.42,0.09,5,24-01-2025 19.36
3875,3875,607,4.47,0.13,2,25-09-2024 17.35
3877,3877,949,4.39,0.01,9,12-03-2025 4.17
3879,3879,854,4.67,0.09,13,25-03-2025 17.03
3881,3881,850,4.04,0.01,20,04-03-2025 5.02
3888,3888,390,4.33,0.13,0,18-09-2024 19.12
3890,3890,782,4.21,0.02,12,09-03-2025 9.52
3891,3891,726,4.25,0.05,3,11-02-2025 9.07
3894,3894,972,4.57,0.05,1,04-01-2025 13.13
3895,3895,285,3.89,0.08,17,09-11-2024 17.42
3896,3896,860,4.28,0.13,14,08-10-2024 9.52
3897,3897,155,4.64,0.09,5,06-07-2025 18.14
3901,3901,708,3.84,0.13,19,01-10-2024 16.27
3903,3903,500,4.6,0.14,0,22-07-2025 5.38
3907,3907,199,3.93,0.15,15,24-07-2025 16.35
3908,3908,298,4.43,0.08,16,15-04-2025 9.02
3909,3909,627,4.12,0.09,15,13-09-2024 1.34
3910,3910,907,4.86,0.05,9,03-07-2025 8.42
3914,3914,419,4.89,0.01,14,24-08-2024 5.59
3915,3915,370,3.85,0.04,7,24-02-2025 14.12
3916,3916,877,3.9,0.06,16,31-07-2025 12.44
3917,3917,782,4.89,0.05,19,20-05-2025 5.39
3918,3918,581,4.12,0.04,19,07-09-2024 22.25
3919,3919,680,4.36,0.02,4,04-07-2025 1.51
3923,3923,154,4.37,0.01,17,27-06-2025 14.08
3926,3926,679,4.13,0.06,7,16-05-2025 1.18
3928,3928,700,4.87,0.04,9,21-11-2024 1.18
3929,3929,797,4.23,0.13,6,14-11-2024 17.30
3931,3931,929,4.27,0.05,3,22-08-2024 5.52
3933,3933,563,4.16,0.06,13,23-06-2025 19.17
3934,3934,739,4.53,0.07,13,23-03-2025 21.37
3935,3935,107,4.5,0.12,6,20-06-2025 9.32
3936,3936,773,4.95,0.15,8,26-10-2024 22.01
3941,3941,409,4.94,0.12,15,15-07-2025 14.33
3943,3943,465,4.61,0.1,1,13-08-2024 8.57
3944,3944,546,4.04,0.05,13,12-01-2025 2.56
3945,3945,404,4.01,0.04,19,24-07-2025 23.13
3946,3946,544,4.15,0.1,16,06-06-2025 21.02
3948,3948,464,4.79,0.06,6,13-03-2025 21.49
3950,3950,764,4.09,0.13,18,28-04-2025 18.38
3952,3952,650,4.89,0.04,8,18-11-2024 11.08
3953,3953,648,4.13,0.06,20,04-03-2025 11.23
3957,3957,957,4.28,0.06,20,11-10-2024 4.03
3958,3958,968,4.04,0.08,13,06-06-2025 10.55
3961,3961,110,4.18,0.1,10,08-02-2025 6.28
3962,3962,526,3.88,0.11,19,27-05-2025 7.44
3964,3964,393,4.71,0.08,15,24-09-2024 2.09
3966,3966,444,4.55,0.01,3,20-04-2025 6.49
3968,3968,434,4.94,0.1,3,05-09-2024 12.12
3969,3969,535,4.48,0.1,5,11-11-2024 20.34
3973,3973,798,4.09,0.02,11,21-06-2025 15.42
3979,3979,782,4.15,0.08,18,17-02-2025 15.03
3981,3981,531,3.86,0.05,15,24-11-2024 7.40
3982,3982,810,4.23,0.14,3,02-01-2025 11.26
3983,3983,124,4.5,0.03,0,06-11-2024 6.27
3984,3984,849,4.87,0.13,0,26-11-2024 7.46
3985,3985,940,4.1,0.11,7,06-01-2025 6.57
3987,3987,149,4.17,0.14,8,11-10-2024 20.36
3988,3988,349,4.58,0.09,4,27-01-2025 0.58
3991,3991,782,4.44,0.11,18,05-06-2025 6.49
3992,3992,911,4.23,0.13,0,05-02-2025 11.33
3997,3997,244,4.98,0.09,10,08-09-2024 19.56
4000,4000,475,4.71,0.1,2,11-11-2024 18.24
4002,4002,892,4.78,0.03,18,01-06-2025 18.52
4004,4004,153,4.21,0.12,9,04-10-2024 16.16
4006,4006,215,4.76,0.13,12,19-12-2024 7.16
4007,4007,626,4.12,0.09,13,30-11-2024 3.00
4008,4008,877,4.27,0.13,6,21-07-2025 9.13
4010,4010,874,4.52,0.1,6,01-06-2025 0.32
4011,4011,927,4.92,0.15,1,01-01-2025 21.58
4014,4014,796,4.46,0.14,5,26-04-2025 11.55
4018,4018,949,4.44,0.06,3,29-06-2025 15.23
4021,4021,553,4.52,0.15,10,29-06-2025 19.36
4025,4025,133,4.21,0.05,16,02-07-2025 18.23
4026,4026,436,3.92,0.06,2,07-11-2024 9.27
4027,4027,384,4.45,0.03,17,02-11-2024 13.06
4028,4028,106,4.75,0.09,6,24-08-2024 17.27
4029,4029,872,3.91,0.08,4,12-02-2025 21.19
4035,4035,263,4.75,0.03,5,23-09-2024 2.14
4036,4036,539,4.41,0.12,16,03-02-2025 20.50
4037,4037,176,4.35,0.15,7,15-04-2025 22.21
4041,4041,974,4.34,0.02,17,26-10-2024 11.43
4042,4042,177,4.35,0.05,10,24-07-2025 8.22
4044,4044,946,4.69,0.15,1,30-08-2024 12.07
4045,4045,716,4.91,0.13,13,26-09-2024 0.38
4046,4046,144,4.16,0.06,12,19-05-2025 18.59
4050,4050,846,4.51,0.06,13,06-06-2025 17.19
4054,4054,690,4.2,0.13,4,15-12-2024 16.26
4055,4055,876,4.68,0.08,6,20-01-2025 3.58
4056,4056,260,3.98,0.11,13,13-03-2025 16.08
4057,4057,128,4.02,0.11,14,05-07-2025 19.48
4059,4059,230,4.11,0.12,11,04-08-2025 9.51
4060,4060,871,4.96,0.09,14,03-06-2025 6.18
4064,4064,133,4.6,0.05,12,03-01-2025 4.11
4065,4065,849,3.86,0.11,9,01-01-2025 11.14
4066,4066,767,4.38,0.01,0,10-09-2024 18.07
4069,4069,556,3.98,0.05,9,08-05-2025 1.33
4071,4071,217,4.24,0.05,2,23-11-2024 18.50
4073,4073,634,4.44,0.09,16,03-01-2025 15.34
4077,4077,623,4.33,0.02,16,17-07-2025 16.05
4078,4078,382,4.35,0.15,3,15-07-2025 1.52
4086,4086,888,4.38,0.1,5,28-03-2025 4.29
4087,4087,819,4.33,0.05,2,17-07-2025 21.34
4089,4089,802,4.97,0.05,2,21-12-2024 2.01
4093,4093,320,4.52,0.1,17,03-01-2025 14.09
4094,4094,836,4.68,0.05,0,16-09-2024 19.00
4095,4095,797,4.35,0.02,1,12-11-2024 22.33
4098,4098,370,4.06,0.1,0,07-10-2024 18.21
4099,4099,907,4.68,0.12,7,25-04-2025 18.45
4102,4102,110,4.57,0.12,20,04-01-2025 5.49
4105,4105,359,4.02,0.02,3,15-06-2025 3.47
4106,4106,425,3.82,0.07,12,12-01-2025 19.53
4107,4107,112,4.21,0.05,9,12-04-2025 4.52
4108,4108,409,3.82,0.01,6,15-05-2025 13.08
4109,4109,909,4.51,0.12,4,07-04-2025 16.40
4110,4110,768,3.97,0.08,8,11-04-2025 13.19
4111,4111,344,4.16,0.02,5,28-08-2024 19.13
4114,4114,454,4.52,0.01,7,20-07-2025 23.23
4115,4115,142,3.87,0.08,13,04-12-2024 21.07
4116,4116,319,4.64,0.07,5,01-11-2024 22.11
4117,4117,435,4.9,0.04,13,16-10-2024 23.02
4119,4119,786,4.3,0.13,7,20-05-2025 19.15
4122,4122,945,4.93,0.06,4,13-03-2025 11.52
4123,4123,219,4,0.13,4,09-10-2024 20.08
4125,4125,109,4.43,0.04,19,12-05-2025 4.14
4126,4126,858,4.1,0.03,4,08-08-2024 3.12
4127,4127,727,4.38,0,11,24-10-2024 11.41
4128,4128,161,4.25,0.14,15,29-10-2024 10.28
4129,4129,124,4.82,0.04,12,11-05-2025 13.28
4130,4130,374,4.08,0.13,20,06-08-2024 14.55
4138,4138,517,4.63,0,13,10-08-2024 23.25
4141,4141,528,4.32,0.11,14,25-03-2025 5.20
4142,4142,277,4.51,0.13,12,27-02-2025 21.06
4144,4144,347,4.53,0.09,10,23-03-2025 16.48
4145,4145,239,4.02,0.06,11,06-06-2025 1.16
4146,4146,189,4.72,0.07,3,03-06-2025 19.25
4147,4147,790,4.16,0.04,0,01-03-2025 1.18
4153,4153,957,4.97,0.14,5,31-03-2025 17.33
4154,4154,923,3.81,0.11,0,23-10-2024 16.34
4155,4155,210,4.96,0.08,16,21-03-2025 15.48
4156,4156,880,4.43,0.08,4,08-01-2025 22.22
4158,4158,311,3.96,0.09,9,09-06-2025 21.46
4163,4163,827,4.31,0.05,7,17-09-2024 21.25
4165,4165,896,4.21,0.12,6,25-07-2025 14.33
4166,4166,727,4.91,0.02,6,11-12-2024 8.37
4170,4170,1000,4.49,0,7,09-02-2025 11.35
4173,4173,912,4.33,0.14,5,03-12-2024 11.00
4174,4174,506,4.77,0.08,6,25-11-2024 5.54
4175,4175,518,3.9,0.08,11,30-10-2024 12.57
4176,4176,196,4.33,0.04,13,19-05-2025 13.54
4180,4180,106,4.07,0.07,1,15-11-2024 4.28
4183,4183,127,4.96,0.12,8,23-09-2024 2.08
4188,4188,192,3.91,0.07,6,07-03-2025 1.51
4189,4189,130,4.38,0.01,16,25-02-2025 23.05
4191,4191,905,4.89,0.01,3,10-09-2024 14.31
4195,4195,845,4.55,0.1,7,22-07-2025 3.52
4197,4197,152,4.11,0.05,6,07-07-2025 14.14
4199,4199,405,4.46,0.08,9,12-04-2025 11.19
4204,4204,551,4.25,0.15,11,22-06-2025 12.56
4205,4205,978,4.84,0.12,17,02-06-2025 8.52
4206,4206,682,4.23,0.12,9,21-09-2024 14.45
4208,4208,932,4.97,0.01,20,18-02-2025 19.56
4209,4209,758,4.3,0.11,8,02-12-2024 14.06
4210,4210,406,3.91,0.02,4,11-07-2025 5.01
4211,4211,465,4.3,0.02,13,06-01-2025 21.16
4213,4213,885,3.92,0.04,15,19-06-2025 20.04
4218,4218,855,4.62,0.14,14,30-04-2025 8.48
4220,4220,939,4.26,0.04,8,27-04-2025 2.05
4223,4223,452,4.44,0.06,10,13-10-2024 18.54
4224,4224,227,4.49,0.02,17,20-03-2025 2.17
4225,4225,947,4.79,0.06,11,16-02-2025 18.40
4228,4228,412,3.8,0.03,5,04-05-2025 8.57
4229,4229,429,4.57,0.01,3,14-05-2025 22.15
4232,4232,588,4.64,0.03,1,15-04-2025 19.51
4234,4234,730,4.85,0.03,6,11-10-2024 18.27
4235,4235,176,4.13,0.11,3,10-08-2024 7.16
4239,4239,360,4.19,0.12,18,17-09-2024 1.08
4242,4242,996,3.98,0.07,19,24-08-2024 12.52
4243,4243,205,4.93,0.06,0,10-07-2025 22.41
4245,4245,252,4.3,0.1,6,11-02-2025 8.49
4246,4246,404,4.4,0.09,0,22-09-2024 16.46
4252,4252,670,4.11,0.07,6,13-10-2024 4.17
4255,4255,105,3.98,0.11,13,18-04-2025 1.47
4259,4259,159,4.7,0.02,19,01-03-2025 1.43
4266,4266,652,4.54,0.05,4,01-02-2025 13.24
4268,4268,128,4.13,0.07,0,18-09-2024 16.14
4271,4271,279,4.25,0.03,7,22-05-2025 20.55
4273,4273,536,4.93,0.13,2,01-06-2025 5.48
4277,4277,306,4.7,0.14,19,04-09-2024 18.38
4280,4280,834,4.03,0.01,16,12-01-2025 13.57
4281,4281,997,4.48,0.11,14,23-11-2024 21.52
4284,4284,434,4.13,0.1,20,27-02-2025 0.20
4287,4287,965,4.15,0.02,5,21-02-2025 4.16
4288,4288,842,4.96,0.13,20,16-04-2025 5.58
4289,4289,952,4.22,0.11,9,28-05-2025 19.53
4293,4293,664,4.88,0.11,19,09-02-2025 16.56
4294,4294,109,4.69,0.07,7,06-03-2025 7.45
4297,4297,221,4.84,0.13,17,25-04-2025 14.41
4299,4299,844,4.48,0.06,6,28-03-2025 14.47
4301,4301,667,4.33,0.1,0,27-02-2025 3.39
4303,4303,185,3.97,0.11,7,25-06-2025 14.03
4304,4304,993,4.75,0.05,19,03-11-2024 8.44
4306,4306,124,4.28,0.06,9,31-10-2024 14.44
4310,4310,649,4.88,0.09,0,12-04-2025 15.45
4311,4311,781,4.2,0.04,0,09-02-2025 23.43
4312,4312,730,3.8,0.03,19,01-11-2024 1.58
4320,4320,823,4.57,0.08,14,31-05-2025 4.32
4325,4325,180,4.02,0.09,19,14-10-2024 11.36
4326,4326,762,4.31,0.13,15,16-08-2024 21.46
4327,4327,484,4.49,0.04,9,14-06-2025 15.19
4329,4329,854,4.97,0.12,12,14-10-2024 6.26
4331,4331,660,4.06,0.05,19,21-12-2024 23.11
4332,4332,245,4.33,0.12,14,25-10-2024 10.15
4333,4333,760,4.37,0.1,3,11-12-2024 14.47
4334,4334,559,4.95,0.11,11,02-11-2024 13.39
4338,4338,750,4.92,0.07,14,31-03-2025 14.06
4339,4339,547,4.89,0.1,16,14-07-2025 15.02
4340,4340,590,4.89,0,15,12-01-2025 22.06
4341,4341,100,4.66,0.04,4,05-12-2024 9.21
4342,4342,650,4.13,0.15,2,23-05-2025 3.44
4343,4343,729,3.99,0.13,17,19-04-2025 19.41
4346,4346,751,4.72,0.06,7,23-07-2025 20.15
4347,4347,492,3.96,0.09,16,22-11-2024 1.45
4348,4348,947,4.4,0,19,07-08-2024 6.23
4349,4349,933,4.53,0.04,6,11-10-2024 7.30
4350,4350,545,4.45,0,18,03-05-2025 5.08
4353,4353,134,4.47,0.05,1,02-02-2025 5.08
4355,4355,854,4.5,0.14,16,18-07-2025 3.09
4356,4356,771,4.94,0.07,1,27-02-2025 20.22
4357,4357,666,4.53,0.07,7,11-01-2025 17.04
4359,4359,660,3.87,0.12,16,20-06-2025 9.40
4363,4363,738,4.65,0.13,1,28-06-2025 22.38
4364,4364,187,4.12,0.11,12,10-12-2024 16.31
4365,4365,824,4.32,0.05,11,26-04-2025 7.25
4368,4368,624,4.76,0.05,0,29-05-2025 2.25
4372,4372,519,4.07,0.09,4,13-01-2025 11.59
4373,4373,407,4.9,0.11,6,20-08-2024 23.32
4374,4374,657,4.21,0.13,6,12-02-2025 15.34
4376,4376,590,4.72,0.04,17,20-11-2024 1.12
4377,4377,335,4.45,0.12,4,02-09-2024 12.51
4378,4378,695,4.71,0.09,13,14-01-2025 4.54
4380,4380,569,4.53,0.03,19,28-02-2025 20.57
4382,4382,282,4.68,0.13,8,09-07-2025 9.05
4383,4383,715,3.95,0.1,0,22-02-2025 21.07
4384,4384,242,4.71,0.15,3,06-09-2024 18.16
4393,4393,239,4.62,0,10,07-04-2025 12.47
4394,4394,860,4.07,0.01,14,03-09-2024 8.12
4396,4396,352,4.43,0.13,3,02-11-2024 2.01
4397,4397,230,4.77,0.1,10,14-06-2025 0.17
4398,4398,486,4.09,0.01,7,24-11-2024 3.34
4399,4399,682,4.56,0.09,3,10-01-2025 21.03
4401,4401,681,4.59,0.11,11,11-03-2025 14.29
4403,4403,220,4.25,0.01,5,21-02-2025 22.30
4407,4407,747,3.87,0.05,9,19-11-2024 7.41
4408,4408,879,3.92,0.02,2,08-09-2024 9.15
4409,4409,517,4.83,0.06,6,02-04-2025 18.11
4410,4410,517,5,0.04,4,26-05-2025 22.05
4411,4411,257,4.29,0.15,12,23-06-2025 13.35
4412,4412,615,4.55,0.12,5,08-03-2025 4.08
4413,4413,209,4.55,0.15,4,15-06-2025 9.21
4414,4414,324,4.29,0.02,13,28-07-2025 0.12
4416,4416,256,4.51,0.05,6,13-12-2024 18.02
4419,4419,693,4.08,0.11,15,25-12-2024 15.49
4420,4420,726,4.22,0.08,6,24-07-2025 12.28
4421,4421,356,4.78,0.08,8,20-10-2024 1.07
4422,4422,580,4.79,0.15,3,26-02-2025 3.11
4426,4426,338,4.33,0.11,7,15-03-2025 4.22
4427,4427,807,4.75,0.08,15,01-11-2024 17.12
4429,4429,887,3.96,0.05,10,15-06-2025 2.04
4431,4431,339,4.38,0.11,6,12-09-2024 2.13
4434,4434,931,4.75,0.02,17,23-04-2025 15.07
4435,4435,966,4.6,0.03,20,13-06-2025 12.50
4436,4436,275,4.47,0.06,12,13-04-2025 20.44
4437,4437,466,4.72,0,10,10-02-2025 15.16
4438,4438,698,4.05,0.04,5,15-12-2024 20.20
4442,4442,154,4.92,0.07,19,04-08-2025 15.08
4444,4444,521,4.4,0.01,8,09-04-2025 7.12
4446,4446,687,4.95,0.14,9,26-08-2024 17.45
4448,4448,548,4.44,0.12,6,06-04-2025 15.30
4449,4449,164,4.18,0.05,9,24-07-2025 14.27
4451,4451,333,4.34,0.05,17,09-08-2024 21.09
4452,4452,479,4.77,0.07,17,28-06-2025 23.08
4458,4458,519,4.09,0.15,5,17-05-2025 21.09
4459,4459,611,4.18,0.08,13,18-03-2025 6.59
4463,4463,823,4.04,0.12,16,12-12-2024 13.46
4464,4464,964,3.96,0.04,13,10-01-2025 12.30
4466,4466,946,4.11,0.01,9,07-04-2025 6.02
4467,4467,197,4.72,0.14,19,04-09-2024 4.27
4470,4470,951,4.6,0.15,6,07-07-2025 2.43
4471,4471,421,4.1,0.04,1,13-11-2024 2.29
4473,4473,147,4.3,0.13,12,09-03-2025 21.54
4475,4475,884,4.83,0.01,4,15-06-2025 0.15
4476,4476,793,4.92,0,10,27-02-2025 20.34
4477,4477,951,4.84,0.11,19,13-08-2024 6.57
4478,4478,538,4.3,0.01,13,19-04-2025 9.37
4481,4481,639,4.59,0.11,1,02-09-2024 19.19
4482,4482,675,4.06,0.08,9,21-03-2025 8.45
4484,4484,576,4.4,0.14,7,26-10-2024 4.15
4485,4485,193,4.07,0.09,14,04-04-2025 5.05
4486,4486,604,4.59,0.1,8,19-11-2024 1.29
4487,4487,922,4.06,0.07,0,22-10-2024 14.57
4488,4488,832,4.66,0.06,4,25-11-2024 4.19
4490,4490,711,4.6,0.03,6,23-03-2025 10.38
4493,4493,332,3.95,0.06,12,05-11-2024 14.27
4495,4495,607,4.87,0.13,4,27-02-2025 1.13
4500,4500,613,3.97,0.12,12,20-05-2025 9.29
4503,4503,698,4.33,0.14,1,18-05-2025 20.59
4505,4505,189,4.49,0.09,12,06-02-2025 8.12
4506,4506,543,3.85,0,10,28-07-2025 10.40
4507,4507,280,4.64,0.13,20,04-09-2024 22.00
4510,4510,233,3.93,0.02,3,03-11-2024 11.51
4513,4513,385,4.25,0.12,9,23-05-2025 18.20
4514,4514,382,3.94,0.09,19,10-11-2024 18.18
4519,4519,351,3.87,0.15,3,28-11-2024 22.55
4522,4522,466,4.96,0.03,20,06-11-2024 17.24
4523,4523,977,4.35,0.03,7,12-03-2025 3.58
4525,4525,666,4,0.11,12,19-09-2024 0.05
4528,4528,463,4.73,0.06,17,15-12-2024 11.39
4532,4532,475,4.22,0.06,14,18-04-2025 19.03
4537,4537,407,4.94,0.04,14,02-06-2025 9.41
4539,4539,266,3.86,0.06,1,23-03-2025 22.34
4542,4542,332,3.9,0.01,16,26-10-2024 5.32
4543,4543,328,4.97,0.05,12,13-04-2025 9.21
4544,4544,251,4.9,0.14,19,25-06-2025 0.39
4545,4545,889,4.57,0.06,2,10-01-2025 11.04
4546,4546,731,5,0.03,9,14-02-2025 13.54
4553,4553,510,4.06,0.1,18,19-12-2024 17.44
4556,4556,965,4.39,0.05,2,03-11-2024 12.38
4557,4557,152,4.07,0.15,18,20-12-2024 3.25
4558,4558,383,4.66,0.02,10,02-04-2025 14.56
4560,4560,614,4.54,0.1,5,14-11-2024 13.14
4562,4562,675,4.48,0.03,18,04-08-2025 0.03
4563,4563,950,3.96,0.02,17,21-01-2025 16.28
4566,4566,778,4.86,0.03,19,01-12-2024 8.16
4569,4569,388,4.72,0.1,1,06-12-2024 13.30
4571,4571,986,4.43,0.13,20,06-02-2025 11.37
4572,4572,371,4.88,0.06,9,21-12-2024 1.50
4573,4573,724,4.97,0.02,14,14-10-2024 17.42
4574,4574,743,4.4,0.08,8,05-05-2025 1.00
4577,4577,359,4.84,0.03,20,18-01-2025 10.23
4578,4578,953,3.88,0.11,15,12-05-2025 14.25
4580,4580,179,4.44,0.13,14,05-10-2024 9.29
4581,4581,658,4.85,0.14,10,16-07-2025 12.13
4582,4582,599,3.99,0.11,11,11-06-2025 13.28
4583,4583,362,4.26,0,16,02-06-2025 1.13
4584,4584,914,4.84,0.03,7,20-09-2024 11.47
4587,4587,174,4.52,0.13,9,06-07-2025 3.48
4588,4588,979,3.85,0.14,2,25-05-2025 0.23
4589,4589,425,4.08,0.12,12,09-04-2025 23.02
4594,4594,240,4.32,0.01,11,07-04-2025 4.48
4595,4595,993,4.3,0.09,9,19-10-2024 13.36
4596,4596,946,4.12,0.03,7,26-07-2025 19.55
4598,4598,481,4.27,0.1,13,25-10-2024 18.06
4599,4599,456,4.47,0.1,6,28-05-2025 7.59
4600,4600,418,3.94,0.13,10,20-07-2025 8.11
4603,4603,992,4.69,0.12,0,08-03-2025 4.20
4608,4608,615,4.74,0.07,4,21-04-2025 21.29
4609,4609,294,4.32,0.09,2,23-06-2025 0.29
4610,4610,868,4.02,0.03,8,08-02-2025 1.03
4612,4612,633,4.33,0.07,3,23-05-2025 3.04
4616,4616,116,4.68,0.08,2,04-04-2025 8.35
4618,4618,488,4.21,0,17,08-01-2025 16.46
4622,4622,885,4.31,0.08,13,07-08-2024 14.51
4623,4623,536,4.74,0.08,5,29-09-2024 15.23
4624,4624,627,4.06,0.01,14,09-08-2024 4.06
4625,4625,476,4.8,0.12,0,02-12-2024 13.44
4626,4626,305,3.83,0.03,9,18-09-2024 19.44
4628,4628,275,3.87,0.08,20,08-12-2024 6.51
4629,4629,516,4.53,0.06,14,13-12-2024 7.48
4631,4631,127,3.82,0.01,10,11-04-2025 5.45
4632,4632,532,3.85,0.14,12,24-02-2025 9.32
4634,4634,122,3.92,0.13,13,09-11-2024 9.36
4635,4635,457,4.35,0.14,9,26-05-2025 0.40
4636,4636,579,3.82,0.11,1,25-08-2024 1.26
4637,4637,192,3.92,0.14,5,17-09-2024 8.27
4639,4639,235,4.03,0.13,2,22-04-2025 4.25
4640,4640,892,4.82,0.11,20,26-03-2025 4.33
4642,4642,674,4.82,0.08,2,03-07-2025 5.46
4647,4647,423,3.99,0.14,1,11-09-2024 8.00
4648,4648,384,3.97,0.01,9,02-05-2025 13.04
4649,4649,115,4.44,0.1,15,05-06-2025 15.43
4650,4650,373,4.38,0.02,3,21-06-2025 16.21
4652,4652,529,4.68,0.07,3,12-01-2025 5.57
4653,4653,347,4.36,0.02,14,27-11-2024 23.58
4655,4655,985,4.51,0.05,2,12-06-2025 21.03
4660,4660,455,4.48,0.04,13,23-05-2025 13.47
4661,4661,946,3.81,0.1,6,21-01-2025 15.23
4663,4663,236,4.88,0.03,11,31-10-2024 4.38
4665,4665,817,4.44,0.05,7,22-09-2024 8.35
4666,4666,544,4.53,0.11,19,15-10-2024 8.46
4667,4667,704,4.68,0.12,16,29-08-2024 16.53
4668,4668,589,3.92,0.11,16,20-05-2025 0.54
4674,4674,943,4.44,0.11,11,01-10-2024 23.42
4676,4676,359,3.93,0.02,4,28-02-2025 3.20
4677,4677,245,5,0.04,7,09-11-2024 9.19
4681,4681,769,4.44,0.13,0,16-04-2025 5.46
4682,4682,157,4.14,0,17,27-06-2025 11.23
4683,4683,140,3.82,0,0,30-10-2024 8.43
4684,4684,508,4.76,0.14,17,18-07-2025 1.59
4688,4688,117,4.33,0.12,20,13-05-2025 20.24
4689,4689,725,4.55,0.12,1,05-09-2024 3.56
4693,4693,140,4.26,0.01,16,05-08-2024 6.55
4694,4694,831,4.57,0.05,17,05-05-2025 23.22
4696,4696,259,3.98,0.14,15,30-03-2025 18.07
4698,4698,142,4.97,0.14,15,27-06-2025 16.59
4699,4699,976,4.72,0,0,24-08-2024 0.25
4700,4700,189,3.84,0.08,20,12-04-2025 22.24
4701,4701,770,4.86,0.13,11,05-01-2025 7.44
4702,4702,882,4.54,0.14,10,10-06-2025 20.11
4703,4703,248,4.86,0,11,20-07-2025 23.45
4706,4706,525,4.52,0,17,21-03-2025 5.31
4707,4707,523,4.11,0.15,5,01-10-2024 8.46
4708,4708,277,4.84,0.07,0,20-03-2025 13.16
4711,4711,406,3.95,0.05,11,04-12-2024 20.53
4712,4712,843,4.09,0.11,9,18-09-2024 23.22
4716,4716,397,4.93,0.04,16,28-09-2024 7.17
4717,4717,602,4.59,0.01,17,30-07-2025 3.43
4718,4718,766,4.25,0.1,8,09-04-2025 15.19
4719,4719,273,4.12,0.09,7,17-11-2024 13.54
4723,4723,428,4.09,0.09,7,26-04-2025 13.03
4725,4725,508,4.45,0.06,0,13-04-2025 21.28
4726,4726,265,4.46,0,12,29-03-2025 17.37
4729,4729,876,4.99,0.07,5,09-08-2024 20.49
4730,4730,517,4.86,0.12,14,23-03-2025 1.57
4731,4731,964,4.89,0.09,17,12-10-2024 22.23
4732,4732,689,4.72,0.12,20,07-04-2025 17.23
4733,4733,811,4.03,0.08,12,25-04-2025 4.22
4734,4734,782,3.89,0.11,7,31-08-2024 5.06
4736,4736,678,4.12,0.12,7,23-02-2025 17.36
4737,4737,986,4.02,0.04,18,19-07-2025 20.44
4739,4739,808,4.16,0.04,20,27-03-2025 21.50
4741,4741,831,4.23,0.08,18,04-08-2025 3.31
4742,4742,996,4.12,0.04,19,01-06-2025 5.57
4743,4743,155,3.81,0.13,7,06-06-2025 19.17
4744,4744,200,4.04,0.11,15,21-08-2024 6.45
4749,4749,284,4.93,0.05,18,28-08-2024 22.03
4750,4750,829,4.14,0.14,9,20-04-2025 16.50
4752,4752,852,4.43,0.09,15,15-08-2024 23.08
4757,4757,452,4.86,0.12,16,19-03-2025 4.58
4758,4758,839,4.89,0.14,9,30-08-2024 19.15
4761,4761,466,4.28,0.11,7,07-11-2024 23.02
4762,4762,305,3.85,0.04,3,31-05-2025 15.08
4764,4764,493,3.86,0.11,16,24-09-2024 2.08
4765,4765,879,4.25,0.12,19,27-12-2024 14.11
4766,4766,366,4.28,0.13,14,18-10-2024 0.25
4772,4772,731,3.85,0.07,15,02-09-2024 10.49
4775,4775,518,4.85,0.05,13,12-06-2025 4.34
4776,4776,623,4.7,0.11,4,13-09-2024 23.53
4777,4777,759,4.24,0.07,15,01-10-2024 18.55
4778,4778,300,4.5,0.01,3,03-07-2025 5.09
4784,4784,177,4.04,0.15,3,21-03-2025 8.05
4785,4785,400,4.78,0.13,18,11-05-2025 18.37
4786,4786,693,4.92,0.12,5,23-08-2024 19.22
4790,4790,617,4.66,0.13,17,01-05-2025 0.36
4791,4791,353,4.62,0.1,14,12-11-2024 4.16
4795,4795,213,4.51,0.13,5,31-01-2025 16.28
4799,4799,671,4.59,0.09,4,18-07-2025 7.28
4802,4802,292,4.23,0.06,19,29-04-2025 13.37
4804,4804,798,4.6,0.15,18,09-10-2024 14.48
4805,4805,134,4.79,0.12,19,14-07-2025 6.17
4806,4806,565,4.57,0.02,20,01-06-2025 21.07
4807,4807,477,4.59,0.11,8,01-02-2025 6.36
4809,4809,273,3.89,0.06,4,13-05-2025 22.53
4812,4812,964,4.7,0.01,11,09-08-2024 19.49
4813,4813,509,4.42,0.12,8,09-08-2024 23.08
4816,4816,309,4.1,0.03,12,05-11-2024 9.49
4818,4818,613,3.83,0.11,17,30-04-2025 16.55
4819,4819,903,4.91,0.03,10,15-04-2025 21.42
4820,4820,378,4.53,0.13,0,29-07-2025 0.28
4823,4823,937,4.98,0.04,9,13-09-2024 22.56
4824,4824,134,4.16,0.04,9,06-06-2025 3.55
4825,4825,348,4.28,0.1,12,26-05-2025 1.55
4828,4828,173,3.86,0.06,6,17-02-2025 18.10
4829,4829,590,4.07,0.07,10,21-12-2024 17.14
4832,4832,816,4.46,0.07,18,02-09-2024 7.24
4834,4834,303,4.97,0.03,17,18-10-2024 8.56
4835,4835,317,4.61,0.01,12,04-07-2025 22.27
4839,4839,694,4.64,0.02,7,10-10-2024 9.02
4841,4841,675,3.91,0,6,24-12-2024 0.41
4843,4843,498,4.54,0.05,11,21-04-2025 9.04
4845,4845,472,4.2,0.04,6,15-07-2025 19.48
4846,4846,671,3.96,0.14,16,14-08-2024 23.07
4847,4847,383,3.87,0.11,10,20-06-2025 18.01
4848,4848,159,4.72,0.01,3,23-12-2024 17.50
4850,4850,897,3.9,0.12,6,06-11-2024 16.59
4851,4851,375,4.49,0.06,16,01-07-2025 14.21
4852,4852,245,3.88,0.15,12,16-08-2024 21.24
4855,4855,709,4.43,0.05,4,29-10-2024 8.10
4860,4860,580,4.41,0.07,3,12-11-2024 23.21
4862,4862,760,4.8,0.08,18,08-01-2025 11.23
4864,4864,196,4.91,0.14,16,13-12-2024 9.27
4865,4865,507,4.65,0.02,8,19-02-2025 21.13
4869,4869,821,3.94,0.04,16,07-12-2024 6.06
4870,4870,419,4.81,0.03,8,24-12-2024 8.59
4878,4878,283,4.92,0.04,6,23-12-2024 12.11
4881,4881,816,4.63,0.06,19,22-05-2025 8.42
4882,4882,318,4.06,0.11,12,13-08-2024 23.54
4883,4883,926,4.52,0.14,4,27-05-2025 11.36
4884,4884,692,4.05,0.03,10,26-06-2025 4.35
4889,4889,511,4.19,0.06,4,13-10-2024 10.42
4890,4890,490,4.52,0.13,8,20-06-2025 22.35
4891,4891,412,4.67,0.13,17,22-11-2024 10.58
4892,4892,793,4.88,0.02,4,03-11-2024 8.50
4893,4893,202,3.95,0.06,19,16-05-2025 21.26
4894,4894,518,3.86,0.02,4,20-01-2025 21.44
4895,4895,944,4.17,0.06,5,17-08-2024 17.15
4898,4898,852,4.23,0.09,12,02-12-2024 9.24
4900,4900,707,4.92,0.12,1,13-09-2024 12.10
4901,4901,964,3.9,0.06,5,13-09-2024 6.41
4903,4903,141,4.48,0.03,13,19-06-2025 9.47
4907,4907,446,4.55,0.04,6,17-08-2024 18.43
4918,4918,418,4.04,0.14,17,08-11-2024 0.14
4922,4922,395,4.9,0.03,18,23-01-2025 13.55
4924,4924,617,4.46,0.03,8,20-06-2025 21.11
4926,4926,783,4.02,0.08,10,21-04-2025 15.55
4929,4929,437,4.49,0.07,4,10-11-2024 21.26
4932,4932,878,4.6,0.06,9,20-08-2024 20.32
4936,4936,131,4.9,0.1,9,11-03-2025 4.21
4938,4938,926,4.68,0.01,4,18-01-2025 1.15
4939,4939,766,4.59,0.11,11,03-06-2025 18.28
4940,4940,335,4.76,0.13,0,06-06-2025 18.53
4943,4943,231,4.51,0.1,9,23-08-2024 22.54
4945,4945,564,4.1,0.12,5,11-06-2025 18.33
4948,4948,709,4.47,0.08,20,29-05-2025 21.58
4949,4949,544,4.57,0.1,4,05-07-2025 6.31
4951,4951,269,4.92,0.13,9,23-08-2024 16.22
4954,4954,211,4.55,0.09,20,27-11-2024 16.58
4955,4955,891,4.01,0.13,15,08-04-2025 18.02
4957,4957,417,4.21,0.07,10,29-06-2025 10.12
4958,4958,770,4.9,0.12,0,09-12-2024 10.20
4959,4959,419,4.74,0.09,13,21-09-2024 15.48
4961,4961,425,4.17,0.02,6,27-09-2024 12.42
4962,4962,277,4.09,0.11,19,02-01-2025 0.39
4964,4964,708,4.52,0.15,6,23-07-2025 3.15
4969,4969,469,4.81,0.03,12,06-05-2025 10.59
4970,4970,344,4.38,0.14,19,15-01-2025 19.30
4972,4972,497,4.12,0.06,3,16-11-2024 17.48
4973,4973,892,4.86,0.15,13,23-03-2025 21.26
4974,4974,250,4.8,0.05,11,07-02-2025 9.38
4975,4975,880,3.83,0.06,9,08-03-2025 10.35
4978,4978,284,4.13,0.13,16,06-05-2025 15.47
4979,4979,925,4.73,0.14,1,18-11-2024 13.24
4981,4981,923,4.41,0.08,19,30-11-2024 20.31
4982,4982,797,4.13,0.03,1,17-07-2025 10.31
4983,4983,252,3.82,0.09,12,24-04-2025 14.16
4984,4984,487,3.95,0.11,16,29-10-2024 21.18
4988,4988,174,4.31,0.05,17,08-02-2025 5.41
4990,4990,567,4.99,0.09,6,13-05-2025 9.42
4991,4991,997,3.83,0.01,12,31-12-2024 21.35
4992,4992,744,4.03,0.02,0,29-06-2025 20.29
4995,4995,505,4.71,0.05,16,18-09-2024 22.21
4998,4998,220,3.84,0.02,7,18-08-2024 12.11
5000,5000,542,4.58,0.05,4,18-03-2025 9.47
5004,5004,345,4.19,0.05,17,01-06-2025 20.27
5006,5006,300,4.58,0.03,1,01-10-2024 15.01
5007,5007,473,4.92,0.09,2,23-12-2024 23.45
5009,5009,648,4.26,0.03,15,02-06-2025 17.33
5010,5010,921,4.84,0.08,7,13-03-2025 4.38
5013,5013,804,4.31,0.11,18,20-11-2024 20.00
5016,5016,643,4.9,0.09,1,23-11-2024 20.20
5017,5017,479,4.59,0.05,8,27-12-2024 10.20
5022,5022,915,4.41,0.08,17,04-10-2024 17.12
5024,5024,246,4.89,0.13,1,27-02-2025 18.13
5025,5025,964,4.66,0,15,14-06-2025 14.54
5028,5028,641,4.63,0.03,17,24-01-2025 0.07
5029,5029,642,4.43,0.13,15,25-06-2025 2.51
5031,5031,564,4.2,0.08,18,20-03-2025 18.43
5032,5032,128,4.4,0.04,12,24-04-2025 3.42
5033,5033,114,4.35,0.09,17,10-04-2025 0.11
5034,5034,580,4.54,0.06,10,20-06-2025 6.15
5035,5035,821,4.25,0.08,10,15-09-2024 23.03
5037,5037,412,3.8,0.09,8,17-11-2024 6.24
5040,5040,729,4.37,0.02,11,23-02-2025 19.40
5041,5041,238,3.91,0.12,18,21-02-2025 18.55
5042,5042,949,4.66,0.14,18,01-09-2024 21.24
5045,5045,265,4.82,0.13,14,18-04-2025 18.41
5046,5046,163,4.71,0.08,11,08-05-2025 7.23
5049,5049,958,4.99,0.04,13,12-07-2025 5.29
5051,5051,559,3.85,0.09,19,17-05-2025 13.56
5054,5054,735,3.83,0.02,2,24-10-2024 16.17
5055,5055,905,3.86,0.13,12,28-11-2024 12.31
5056,5056,397,4.3,0.13,11,05-06-2025 9.45
5057,5057,629,4.37,0.03,20,04-08-2025 17.36
5058,5058,359,3.93,0.04,1,10-09-2024 6.44
5059,5059,987,4.54,0.09,12,27-12-2024 21.53
5063,5063,719,4.11,0.09,14,09-02-2025 21.53
5064,5064,227,4.04,0.02,18,13-05-2025 22.10
5066,5066,270,4.91,0.08,9,23-03-2025 3.17
5067,5067,118,4.19,0.13,20,13-09-2024 1.28
5068,5068,807,4.24,0.13,18,30-03-2025 18.00
5069,5069,199,4.26,0.08,9,09-07-2025 6.32
5070,5070,423,4.46,0.03,1,28-09-2024 3.06
5071,5071,135,3.83,0.03,9,22-03-2025 4.01
5076,5076,260,4.92,0.08,19,04-09-2024 22.47
5080,5080,820,4.49,0.12,2,11-10-2024 20.53
5083,5083,535,4.45,0.01,11,16-01-2025 3.44
5085,5085,246,4.01,0.07,20,08-03-2025 20.53
5087,5087,619,4.8,0.09,17,16-11-2024 23.34
5089,5089,284,3.91,0.12,20,11-02-2025 0.25
5090,5090,646,4.09,0,15,03-05-2025 16.53
5093,5093,988,4.82,0.06,7,16-09-2024 12.43
5096,5096,893,3.94,0.05,12,02-01-2025 6.34
5098,5098,546,4.68,0.1,19,06-04-2025 20.15
5104,5104,365,4.97,0.04,7,11-02-2025 15.06
5105,5105,594,4.42,0.12,14,14-09-2024 2.27
5107,5107,940,4.57,0.15,20,02-09-2024 10.16
5110,5110,777,4.76,0.1,8,19-08-2024 15.18
5111,5111,990,4.7,0.03,0,20-08-2024 13.55
5113,5113,187,4.13,0.02,8,27-01-2025 2.43
5118,5118,870,4.91,0,20,31-03-2025 17.25
5120,5120,297,4.02,0.01,2,10-03-2025 18.34
5123,5123,121,4.84,0.14,13,20-12-2024 20.58
5125,5125,263,4.59,0.01,5,03-09-2024 14.51
5126,5126,329,4.63,0.14,17,18-07-2025 1.50
5127,5127,253,4.52,0.13,11,16-03-2025 13.39
5128,5128,334,4.65,0,18,13-10-2024 0.08
5129,5129,622,4.33,0.15,15,29-05-2025 3.55
5131,5131,907,4.79,0.08,1,06-07-2025 15.16
5132,5132,681,3.95,0.11,19,24-07-2025 19.32
5134,5134,200,4.61,0.06,14,11-04-2025 3.11
5135,5135,812,4.6,0.14,1,14-09-2024 2.12
5136,5136,699,3.93,0.06,0,01-03-2025 11.15
5138,5138,376,4.83,0.13,14,27-08-2024 14.37
5140,5140,126,4.19,0.08,4,17-11-2024 5.03
5143,5143,389,4.87,0.12,0,01-07-2025 20.30
5144,5144,133,4.66,0.02,15,05-11-2024 12.47
5145,5145,706,4.89,0.06,7,18-03-2025 4.03
5148,5148,920,4.61,0.07,5,07-06-2025 2.10
5149,5149,678,4.04,0.06,15,22-03-2025 11.19
5151,5151,804,3.97,0.03,13,21-01-2025 2.00
5154,5154,406,4.39,0.12,6,19-03-2025 3.49
5155,5155,350,4.83,0.02,12,04-10-2024 20.36
5156,5156,714,4.58,0.12,19,07-04-2025 4.08
5157,5157,644,4.53,0.14,17,10-02-2025 22.36
5159,5159,727,4.39,0.06,6,15-06-2025 9.01
5162,5162,593,4.96,0.04,3,20-09-2024 0.49
5164,5164,308,4.62,0.1,13,24-01-2025 23.30
5165,5165,720,4.4,0.03,0,21-01-2025 1.01
5168,5168,381,4.08,0.03,0,17-03-2025 12.41
5169,5169,898,4.55,0.03,14,20-10-2024 8.41
5171,5171,111,3.86,0.12,12,12-11-2024 14.30
5172,5172,341,4.02,0.11,9,28-10-2024 3.03
5173,5173,705,3.95,0.02,4,17-09-2024 10.29
5177,5177,381,4.16,0.03,1,13-07-2025 16.35
5178,5178,826,4.89,0.12,16,06-02-2025 13.58
5181,5181,495,4.16,0.06,19,25-12-2024 20.30
5182,5182,474,4.79,0.05,0,29-09-2024 4.04
5183,5183,775,4.51,0.08,18,31-10-2024 1.26
5184,5184,541,4.16,0.04,2,17-08-2024 5.14
5186,5186,924,4.38,0.02,9,21-10-2024 21.21
5188,5188,401,4.79,0.02,6,14-05-2025 2.32
5189,5189,222,4,0.14,14,29-07-2025 7.25
5190,5190,711,4.81,0.04,13,26-12-2024 21.42
5194,5194,357,4.26,0.08,13,21-04-2025 23.45
5197,5197,627,4.57,0,12,03-10-2024 10.45
5199,5199,810,4.71,0.11,9,13-01-2025 13.39
5201,5201,508,4.84,0.11,9,02-05-2025 2.18
5202,5202,760,4.83,0.13,11,07-08-2024 22.50
5203,5203,794,4.18,0.08,19,16-10-2024 0.30
5205,5205,822,4.54,0.11,16,23-07-2025 21.43
5208,5208,349,4.98,0.09,18,05-06-2025 6.14
5211,5211,836,4.11,0.11,7,19-11-2024 2.46
5212,5212,569,4.69,0.06,12,16-02-2025 10.02
5213,5213,126,3.89,0.06,0,19-01-2025 2.55
5215,5215,320,4.15,0.06,4,28-03-2025 1.41
5216,5216,817,4.26,0.04,9,31-12-2024 0.57
5219,5219,437,4.56,0.02,14,09-01-2025 16.12
5222,5222,739,4.58,0.04,16,25-07-2025 6.46
5223,5223,436,4.04,0.07,16,05-11-2024 10.34
5224,5224,675,4.36,0.01,7,18-04-2025 9.50
5225,5225,723,4.57,0.12,11,17-12-2024 12.37
5226,5226,681,4.81,0.05,0,22-07-2025 0.05
5229,5229,899,4.19,0.12,16,13-02-2025 14.45
5232,5232,532,4.54,0.11,20,19-10-2024 18.43
5235,5235,963,4.22,0.06,18,25-05-2025 8.47
5240,5240,460,3.88,0.15,14,03-12-2024 19.10
5241,5241,864,4.44,0.12,7,01-06-2025 22.31
5243,5243,135,4.92,0.1,5,16-05-2025 10.10
5245,5245,856,4.57,0.08,18,14-01-2025 12.19
5246,5246,320,4.09,0.12,20,29-09-2024 6.00
5247,5247,189,4.51,0.04,4,03-11-2024 15.04
5248,5248,846,4.76,0.13,0,15-10-2024 4.11
5250,5250,729,4.86,0.07,8,04-06-2025 7.10
5251,5251,730,4.27,0.05,4,14-07-2025 12.46
5252,5252,509,4.2,0.01,14,23-04-2025 10.38
5253,5253,637,4.77,0.03,20,22-05-2025 21.48
5254,5254,546,4.89,0.09,1,07-09-2024 9.12
5255,5255,167,4.51,0.05,8,05-01-2025 16.17
5260,5260,357,4.36,0.13,10,26-02-2025 0.45
5264,5264,859,4.44,0.13,14,05-06-2025 6.59
5266,5266,806,4.81,0.03,13,09-10-2024 14.05
5269,5269,853,4.3,0,9,24-11-2024 17.57
5270,5270,965,4.61,0.06,6,28-07-2025 10.34
5272,5272,458,3.99,0.09,1,31-05-2025 9.52
5274,5274,456,4.49,0.11,7,11-09-2024 18.31
5276,5276,698,4.76,0.13,5,19-03-2025 14.51
5278,5278,461,4.1,0.04,7,23-01-2025 0.54
5279,5279,525,4.2,0.06,1,10-12-2024 17.26
5283,5283,850,4.62,0.13,0,09-11-2024 15.08
5288,5288,918,4.94,0.07,6,26-10-2024 9.58
5291,5291,291,4.34,0.12,11,11-07-2025 6.18
5292,5292,928,4.26,0.02,10,26-09-2024 23.44
5293,5293,509,4.42,0.08,6,09-03-2025 12.37
5294,5294,220,4.66,0.15,2,04-06-2025 20.16
5295,5295,642,4.09,0.1,15,19-06-2025 18.21
5296,5296,859,4.15,0.12,11,21-11-2024 5.46
5297,5297,462,4.03,0.09,13,17-08-2024 13.44
5298,5298,381,4.86,0.02,6,20-03-2025 5.33
5299,5299,1000,3.95,0.01,20,29-10-2024 18.31
5300,5300,825,4.25,0.05,14,26-03-2025 15.47
5302,5302,758,4.82,0.02,8,13-05-2025 20.22
5304,5304,689,3.92,0.08,10,12-11-2024 18.08
5306,5306,165,4.98,0.1,17,29-09-2024 13.45
5310,5310,667,3.88,0.06,2,06-06-2025 20.26
5312,5312,332,4.07,0.08,6,07-11-2024 7.59
5313,5313,696,3.92,0.09,16,24-12-2024 0.25
5314,5314,611,3.99,0.01,4,19-06-2025 13.59
5315,5315,997,3.94,0.08,19,16-08-2024 5.41
5317,5317,213,4.5,0.04,1,25-10-2024 9.22
5318,5318,318,3.91,0.11,18,02-11-2024 0.53
5319,5319,725,4.73,0.03,10,16-10-2024 23.50
5321,5321,592,4.44,0.15,19,15-01-2025 18.11
5322,5322,381,4.13,0.15,14,09-12-2024 7.25
5323,5323,922,4.55,0.01,4,16-07-2025 6.15
5325,5325,818,4.36,0.07,11,03-07-2025 23.41
5329,5329,955,4.53,0.13,5,10-01-2025 2.30
5331,5331,610,4.19,0.14,6,19-11-2024 17.03
5333,5333,852,4.39,0.04,20,08-09-2024 16.49
5336,5336,735,4.53,0.15,8,02-03-2025 18.18
5338,5338,768,4.49,0.12,13,09-07-2025 11.03
5342,5342,349,3.87,0.11,15,13-07-2025 14.06
5344,5344,141,4.52,0.06,15,22-09-2024 3.03
5346,5346,284,4.59,0.09,15,01-01-2025 0.35
5347,5347,611,4.35,0.13,19,03-10-2024 14.19
5348,5348,141,4.38,0.09,14,24-10-2024 5.46
5350,5350,754,4.2,0.08,10,06-08-2024 18.44
5351,5351,518,4.98,0.01,3,29-07-2025 23.13
5353,5353,717,4.33,0.05,12,23-03-2025 17.04
5354,5354,867,4.38,0.13,20,07-10-2024 23.45
5355,5355,752,4.88,0.02,9,27-01-2025 7.38
5357,5357,458,4.39,0.06,11,20-08-2024 16.46
5359,5359,571,4.54,0.09,11,14-02-2025 6.44
5360,5360,728,3.9,0.05,5,19-02-2025 6.54
5361,5361,850,4.49,0.07,19,19-07-2025 11.54
5362,5362,222,4.81,0.15,1,08-04-2025 14.41
5363,5363,920,3.95,0,6,23-06-2025 0.00
5367,5367,730,4.36,0.11,1,24-04-2025 11.45
5368,5368,605,4.6,0.04,14,15-04-2025 9.14
5369,5369,438,4.84,0.12,19,02-01-2025 13.03
5370,5370,593,4.7,0.11,4,27-02-2025 5.13
5371,5371,252,4.9,0.01,16,24-03-2025 10.45
5372,5372,314,4.76,0.05,17,05-09-2024 9.19
5373,5373,409,3.97,0.11,8,21-08-2024 14.21
5375,5375,260,4.49,0.05,13,02-06-2025 18.55
5376,5376,376,4.48,0.09,2,27-04-2025 5.58
5378,5378,114,4.69,0.1,19,08-08-2024 20.13
5382,5382,262,4.35,0.02,12,10-03-2025 5.57
5384,5384,492,4.79,0.08,3,06-06-2025 23.08
5392,5392,458,4.48,0.13,6,01-02-2025 5.49
5393,5393,331,3.84,0.12,15,05-10-2024 23.41
5395,5395,574,4.57,0.1,17,27-03-2025 3.00
5396,5396,790,4.75,0.11,1,26-05-2025 18.29
5398,5398,717,4.15,0.07,10,13-10-2024 15.35
5404,5404,343,4.77,0.09,1,12-11-2024 17.32
5405,5405,433,3.97,0.05,14,04-06-2025 19.43
5406,5406,490,4.23,0.03,2,25-09-2024 15.32
5407,5407,200,4.96,0.09,20,17-03-2025 12.13
5408,5408,488,4.62,0.08,13,16-03-2025 4.41
5409,5409,674,4.9,0.11,2,19-03-2025 1.30
5410,5410,400,4.97,0.07,13,09-05-2025 5.54
5412,5412,255,4.71,0.07,2,23-08-2024 6.29
5413,5413,117,3.99,0.06,20,13-07-2025 8.28
5414,5414,584,4.3,0.07,13,06-07-2025 0.30
5415,5415,865,4.04,0.09,9,13-06-2025 1.35
5416,5416,639,4.13,0.14,13,30-12-2024 3.36
5417,5417,404,4.79,0.02,12,21-10-2024 22.06
5418,5418,802,3.96,0.1,19,13-05-2025 17.53
5421,5421,401,4.81,0.14,15,12-06-2025 1.54
5424,5424,642,4.78,0.12,4,14-06-2025 3.22
5426,5426,524,4.74,0.05,14,14-03-2025 18.45
5428,5428,580,4.26,0.06,10,22-06-2025 22.10
5430,5430,217,4.89,0.08,4,14-01-2025 18.20
5431,5431,326,4.26,0.12,18,10-02-2025 19.19
5432,5432,257,4.95,0.09,1,27-01-2025 13.30
5433,5433,130,4.39,0,6,30-10-2024 19.15
5437,5437,983,4.93,0.07,15,25-03-2025 2.28
5438,5438,681,4.2,0.01,19,05-07-2025 14.03
5441,5441,981,4,0.05,9,12-10-2024 17.39
5445,5445,440,4.24,0.04,14,06-06-2025 6.00
5447,5447,919,4.77,0.08,15,13-04-2025 23.22
5448,5448,482,4.56,0.05,17,30-10-2024 10.51
5451,5451,958,4.28,0.15,18,15-04-2025 12.20
5452,5452,806,3.93,0.11,9,02-08-2025 15.10
5459,5459,114,4.56,0.09,1,20-06-2025 21.48
5462,5462,277,3.94,0.02,11,14-10-2024 18.40
5464,5464,738,4.67,0.05,6,10-04-2025 10.20
5465,5465,472,4.08,0,0,12-12-2024 13.18
5467,5467,677,4.55,0.11,11,19-09-2024 9.45
5468,5468,427,4.06,0.03,2,21-09-2024 19.44
5470,5470,224,4.56,0.06,11,08-10-2024 20.58
5473,5473,129,4.95,0.08,9,12-01-2025 22.56
5475,5475,271,4.73,0.04,2,03-06-2025 8.52
5476,5476,754,4.7,0.11,14,16-02-2025 14.14
5480,5480,407,3.84,0.11,6,24-04-2025 9.09
5483,5483,308,4.94,0.02,9,26-10-2024 12.11
5485,5485,198,3.83,0.05,12,06-11-2024 6.13
5486,5486,147,4.74,0.08,14,04-06-2025 22.45
5487,5487,345,4.49,0.03,13,09-09-2024 18.38
5489,5489,741,3.82,0.09,20,10-07-2025 0.21
5495,5495,580,4.25,0.11,16,24-01-2025 4.51
5496,5496,789,4.57,0.07,8,11-06-2025 19.51
5498,5498,526,4.02,0.05,9,03-05-2025 13.16
5500,5500,920,3.99,0.02,12,22-11-2024 8.16
5501,5501,419,4.58,0.1,9,01-11-2024 17.10
5504,5504,406,4.59,0.1,2,21-08-2024 22.26
5505,5505,705,4.84,0.1,18,07-09-2024 11.18
5506,5506,450,4.62,0.11,11,10-02-2025 6.37
5508,5508,745,4.38,0.12,7,02-09-2024 3.11
5510,5510,191,4.14,0.02,20,14-06-2025 10.11
5511,5511,536,3.81,0.05,20,05-07-2025 0.21
5513,5513,359,3.88,0,3,20-06-2025 18.40
5517,5517,939,3.85,0.07,16,13-03-2025 18.22
5524,5524,211,3.87,0.14,17,24-03-2025 9.19
5527,5527,402,4.2,0.09,4,04-07-2025 16.18
5531,5531,249,4.85,0.08,18,11-05-2025 10.30
5532,5532,296,4.23,0.13,5,31-08-2024 21.40
5533,5533,789,3.94,0.04,5,26-06-2025 13.06
5534,5534,747,4.12,0.08,2,22-08-2024 1.33
5535,5535,127,3.86,0.02,9,09-01-2025 21.53
5537,5537,496,3.88,0.12,19,07-12-2024 22.37
5538,5538,425,4.28,0.11,17,29-08-2024 19.14
5543,5543,860,3.86,0.04,6,19-05-2025 18.08
5545,5545,449,3.85,0.02,16,02-05-2025 20.55
5547,5547,662,4.37,0.06,7,03-02-2025 6.02
5548,5548,356,4.26,0.04,10,15-05-2025 7.43
5549,5549,799,4.48,0.02,2,25-06-2025 17.49
5551,5551,318,4.17,0.02,7,30-11-2024 6.58
5552,5552,148,3.91,0.02,4,15-12-2024 1.05
5554,5554,863,4.34,0.06,20,25-06-2025 15.03
5560,5560,503,4.87,0.04,18,24-06-2025 11.05
5561,5561,192,4.06,0.02,20,07-03-2025 18.04
5563,5563,165,4.04,0.1,2,20-08-2024 11.04
5564,5564,148,4.87,0.02,3,31-03-2025 17.43
5566,5566,419,4.28,0.02,5,05-06-2025 1.02
5567,5567,671,4.42,0.05,20,29-03-2025 3.21
5568,5568,180,4.96,0.11,3,03-02-2025 13.47
5569,5569,518,4.05,0.14,17,29-11-2024 6.51
5572,5572,664,4.61,0.02,20,08-07-2025 10.26
5574,5574,280,3.93,0.04,14,20-07-2025 19.07
5575,5575,165,4.03,0.12,11,06-09-2024 13.25
5576,5576,805,3.94,0.11,9,16-07-2025 2.09
5577,5577,254,3.83,0.14,10,16-01-2025 6.08
5579,5579,279,3.82,0.11,2,22-11-2024 22.36
5580,5580,704,4.07,0.12,1,19-05-2025 13.40
5582,5582,611,4.73,0.15,16,29-03-2025 19.38
5583,5583,709,4.75,0.07,8,11-10-2024 22.33
5584,5584,607,4.71,0.13,10,26-01-2025 4.20
5585,5585,947,4.86,0.06,0,31-10-2024 21.55
5589,5589,390,4.64,0,14,14-08-2024 3.34
5590,5590,662,4.27,0.12,7,15-12-2024 15.59
5591,5591,145,4.58,0.06,11,03-08-2025 12.25
5592,5592,420,4.98,0.08,9,16-12-2024 11.43
5598,5598,704,4.51,0.1,3,19-03-2025 17.28
5599,5599,619,4.92,0.04,14,25-10-2024 9.47
5601,5601,987,3.94,0.12,2,18-09-2024 13.13
5606,5606,648,4.9,0.12,11,31-03-2025 0.41
5609,5609,262,3.84,0.06,8,24-11-2024 6.04
5611,5611,466,4.41,0,1,22-09-2024 20.22
5613,5613,589,4.89,0.02,12,23-07-2025 5.39
5614,5614,861,4.61,0.09,1,29-07-2025 3.43
5615,5615,761,4.18,0.09,0,11-01-2025 10.28
5617,5617,182,4.54,0.03,6,26-08-2024 16.58
5618,5618,582,4.41,0.09,8,07-04-2025 15.41
5621,5621,886,3.84,0.02,15,30-09-2024 15.17
5622,5622,533,4.82,0.03,5,14-09-2024 0.53
5624,5624,289,4.57,0.08,16,07-03-2025 14.15
5626,5626,732,4.32,0.04,2,10-09-2024 10.44
5629,5629,635,3.85,0.13,1,13-05-2025 17.05
5630,5630,535,4.51,0.01,14,13-10-2024 7.18
5631,5631,603,4.76,0.02,16,21-03-2025 19.10
5632,5632,206,4.24,0.11,6,20-03-2025 14.01
5633,5633,444,4.85,0.09,19,24-12-2024 4.47
5634,5634,846,3.96,0.1,17,15-04-2025 21.27
5635,5635,529,4.63,0.06,20,01-02-2025 11.29
5637,5637,664,4.15,0.04,20,05-07-2025 11.11
5638,5638,469,4.98,0.06,14,20-02-2025 12.33
5639,5639,735,4.42,0.12,5,20-12-2024 17.40
5641,5641,788,4.59,0.03,7,06-03-2025 10.39
5643,5643,574,4.01,0.06,15,31-03-2025 2.58
5647,5647,956,4.54,0.14,1,26-07-2025 15.53
5648,5648,388,4.52,0.01,8,07-08-2024 0.15
5650,5650,890,4.03,0.11,1,18-08-2024 19.08
5652,5652,918,4.12,0.02,10,27-04-2025 2.28
5656,5656,764,3.89,0.05,16,02-09-2024 21.42
5657,5657,586,4.06,0.02,16,15-01-2025 14.12
5659,5659,593,4.58,0.04,16,27-01-2025 14.20
5662,5662,507,4.19,0.1,4,10-03-2025 15.05
5663,5663,738,4.89,0.12,6,11-08-2024 0.23
5664,5664,945,4.86,0.01,8,18-06-2025 15.38
5667,5667,513,4.47,0.03,9,22-01-2025 14.15
5670,5670,817,3.92,0.08,13,23-10-2024 7.48
5671,5671,222,4.44,0.06,20,28-03-2025 21.14
5672,5672,987,4.83,0.06,12,14-12-2024 10.13
5676,5676,771,4.83,0.04,4,07-01-2025 12.01
5677,5677,561,3.87,0.02,17,07-04-2025 22.08
5678,5678,676,4.02,0.05,19,25-05-2025 14.28
5679,5679,650,4.67,0.03,17,30-09-2024 16.22
5681,5681,822,4.22,0.07,2,31-10-2024 0.05
5683,5683,659,4.04,0.07,10,25-05-2025 12.37
5684,5684,522,4.12,0.08,3,27-06-2025 18.22
5685,5685,896,4.67,0.03,15,31-05-2025 12.28
5688,5688,487,3.98,0.08,11,03-03-2025 0.14
5689,5689,407,4.91,0.1,16,11-09-2024 4.52
5690,5690,540,4.82,0.04,0,03-06-2025 11.39
5692,5692,237,4.54,0.02,19,08-10-2024 13.21
5693,5693,489,4.84,0.06,9,03-02-2025 2.58
5695,5695,212,4.41,0.07,16,25-05-2025 7.35
5697,5697,385,4.21,0.05,9,26-04-2025 20.03
5702,5702,642,4.85,0.05,16,09-06-2025 3.05
5703,5703,605,4.52,0.06,6,13-02-2025 10.13
5704,5704,647,3.9,0.03,5,03-03-2025 9.38
5705,5705,134,4.37,0.11,4,16-11-2024 0.36
5707,5707,154,4.75,0.13,6,07-06-2025 9.16
5709,5709,908,4.51,0.02,2,24-08-2024 9.33
5710,5710,650,4.52,0.06,0,17-09-2024 2.35
5716,5716,762,4.86,0.07,15,06-01-2025 12.31
5717,5717,388,4.02,0.12,8,29-05-2025 18.58
5721,5721,740,4.83,0.06,8,19-05-2025 21.04
5724,5724,533,3.91,0.12,8,10-03-2025 2.26
5726,5726,393,4.04,0.08,12,16-02-2025 2.00
5727,5727,919,4.06,0.03,2,02-05-2025 4.09
5728,5728,360,3.89,0.1,10,01-04-2025 1.11
5732,5732,339,4.28,0.1,11,30-06-2025 2.15
5733,5733,282,4.21,0.09,20,08-02-2025 18.29
5736,5736,849,4.73,0.03,10,19-07-2025 9.18
5738,5738,321,4.22,0.05,15,29-09-2024 20.23
5741,5741,443,4.85,0.04,6,28-04-2025 6.27
5742,5742,405,4.87,0.12,6,04-06-2025 0.30
5743,5743,929,4.94,0.1,8,25-01-2025 8.13
5744,5744,728,4.06,0.1,2,03-12-2024 2.57
5747,5747,631,4.94,0.03,11,01-03-2025 15.51
5748,5748,982,4.11,0.04,20,21-12-2024 2.59
5749,5749,480,4.62,0.08,6,30-12-2024 17.09
5751,5751,832,4.36,0.11,0,04-09-2024 23.58
5752,5752,266,4.32,0.05,8,29-10-2024 11.58
5754,5754,562,4.77,0.03,12,02-01-2025 17.15
5755,5755,541,4.9,0.09,9,01-01-2025 1.44
5757,5757,733,4.16,0.08,18,06-10-2024 2.56
5760,5760,145,4.47,0.08,4,11-01-2025 16.58
5761,5761,566,4.64,0.02,18,12-10-2024 5.52
5762,5762,919,4.38,0.04,8,10-03-2025 23.21
5763,5763,149,3.86,0.11,1,23-01-2025 14.56
5764,5764,953,4.27,0.06,6,17-10-2024 10.45
5765,5765,858,4.35,0.06,3,27-11-2024 8.46
5768,5768,205,3.93,0.08,13,23-07-2025 0.07
5772,5772,162,4.03,0.02,20,22-11-2024 6.33
5774,5774,907,4.17,0.11,7,02-03-2025 4.14
5775,5775,690,4.86,0.14,14,02-02-2025 2.28
5779,5779,833,4.22,0.06,16,04-01-2025 6.40
5780,5780,142,4.74,0.09,17,05-06-2025 7.32
5781,5781,214,4.11,0.1,18,24-09-2024 19.58
5782,5782,700,4.4,0.06,17,07-09-2024 21.18
5786,5786,146,4.37,0.03,11,12-03-2025 8.19
5788,5788,742,4.98,0.09,8,23-07-2025 1.33
5791,5791,509,4.74,0.02,13,24-04-2025 11.33
5792,5792,343,4.24,0.02,20,24-02-2025 2.30
5796,5796,448,4.91,0.14,12,25-09-2024 2.47
5799,5799,984,4.14,0.12,6,01-06-2025 1.39
5800,5800,201,3.87,0.07,5,02-09-2024 22.38
5801,5801,571,4.19,0.12,2,06-09-2024 1.48
5803,5803,416,4.15,0.1,8,24-04-2025 10.12
5805,5805,678,4.67,0.15,0,02-10-2024 5.40
5806,5806,395,4.89,0,18,12-09-2024 14.49
5807,5807,348,4.14,0.05,1,12-02-2025 9.25
5809,5809,562,3.98,0.11,18,27-06-2025 10.45
5810,5810,125,4.62,0.11,19,16-02-2025 22.12
5811,5811,163,4.92,0.05,19,04-08-2025 13.16
5814,5814,681,4.97,0.03,16,13-12-2024 8.46
5819,5819,973,4.39,0.04,10,21-03-2025 15.25
5821,5821,245,4.4,0.07,3,09-05-2025 22.55
5824,5824,233,4.83,0.13,11,08-08-2024 20.11
5827,5827,377,4.39,0.02,5,20-04-2025 12.39
5829,5829,762,4.69,0.02,7,03-05-2025 19.22
5830,5830,117,3.82,0.12,15,12-09-2024 12.02
5831,5831,647,4.37,0.02,17,25-09-2024 16.37
5833,5833,644,4.24,0.07,7,28-06-2025 20.31
5834,5834,545,4.16,0.13,15,08-01-2025 22.38
5835,5835,782,4.36,0.03,0,19-04-2025 16.05
5836,5836,252,4.21,0.04,7,09-08-2024 2.04
5838,5838,707,4.78,0.1,17,30-09-2024 21.18
5840,5840,782,3.92,0.15,10,06-12-2024 11.22
5841,5841,511,4.96,0.14,12,28-10-2024 12.57
5846,5846,990,4.28,0.13,2,05-10-2024 3.00
5848,5848,967,4.97,0.02,4,10-06-2025 1.18
5849,5849,385,4.26,0.14,15,17-11-2024 6.51
5852,5852,689,3.9,0.06,6,07-03-2025 7.00
5853,5853,276,4.66,0.12,6,25-11-2024 4.53
5855,5855,917,4.97,0.06,6,11-08-2024 1.23
5857,5857,412,4.32,0.01,12,18-12-2024 20.25
5858,5858,974,4.59,0.1,1,20-03-2025 3.50
5859,5859,845,4.81,0.13,12,25-05-2025 0.31
5861,5861,140,4.91,0.03,17,21-03-2025 19.42
5862,5862,581,4.95,0,1,04-07-2025 5.41
5864,5864,441,3.85,0.04,5,20-09-2024 2.57
5868,5868,891,4.88,0.04,7,11-11-2024 22.52
5870,5870,876,4.06,0.13,6,14-02-2025 8.07
5872,5872,951,4.61,0.11,8,15-07-2025 21.00
5875,5875,144,4.48,0.11,0,15-08-2024 12.59
5876,5876,642,4.67,0.14,8,23-03-2025 5.47
5877,5877,950,5,0.09,8,29-05-2025 2.29
5878,5878,383,4.9,0.1,11,01-10-2024 19.55
5884,5884,340,4.85,0.14,5,20-05-2025 6.34
5885,5885,854,4.58,0.05,16,06-01-2025 3.19
5894,5894,371,3.86,0.07,8,01-08-2025 0.24
5895,5895,919,4.63,0.09,5,28-12-2024 4.42
5896,5896,126,4.53,0.07,20,26-08-2024 8.26
5898,5898,952,4.5,0.13,17,29-12-2024 12.35
5899,5899,791,4.65,0.14,13,20-11-2024 7.37
5900,5900,936,4.89,0.01,2,30-05-2025 17.24
5901,5901,228,4.83,0.06,3,03-03-2025 1.42
5904,5904,637,4.83,0.02,4,19-06-2025 3.50
5905,5905,698,4.95,0.14,0,17-07-2025 18.53
5906,5906,156,4.92,0.1,1,01-10-2024 13.00
5907,5907,885,3.85,0.07,4,02-08-2025 10.06
5908,5908,814,4.34,0.13,12,21-10-2024 13.31
5910,5910,485,4.41,0.07,19,23-04-2025 14.52
5911,5911,587,4.15,0.01,17,12-02-2025 7.36
5914,5914,136,4.59,0.13,3,27-03-2025 23.16
5916,5916,937,4.85,0.07,19,28-12-2024 16.55
5918,5918,490,4.47,0.07,6,10-09-2024 13.37
5920,5920,603,3.9,0.11,2,06-07-2025 4.26
5922,5922,240,4.22,0.15,17,30-04-2025 4.04
5923,5923,670,4.94,0.11,12,29-10-2024 15.56
5924,5924,489,4.25,0.07,13,27-12-2024 9.34
5925,5925,877,4.96,0.07,18,11-02-2025 22.16
5928,5928,783,4.38,0.01,4,21-02-2025 15.27
5931,5931,910,4.16,0.14,18,13-10-2024 23.18
5934,5934,172,4.95,0.03,17,10-01-2025 7.32
5938,5938,622,3.92,0.02,7,18-05-2025 4.08
5940,5940,919,4.12,0.03,20,07-09-2024 0.41
5941,5941,265,3.83,0.12,14,30-04-2025 20.12
5943,5943,923,4,0,13,03-08-2025 16.04
5947,5947,554,3.8,0.04,3,25-06-2025 13.40
5948,5948,330,3.98,0.02,7,10-03-2025 0.41
5950,5950,806,4.35,0.03,13,19-10-2024 5.36
5952,5952,320,4.74,0.05,15,06-10-2024 6.59
5953,5953,246,4.67,0.11,9,17-03-2025 5.56
5954,5954,784,4.68,0.11,5,23-11-2024 23.52
5956,5956,312,4.64,0.01,15,05-09-2024 14.48
5962,5962,506,4.24,0.07,13,02-09-2024 16.20
5964,5964,114,4.52,0.11,1,09-09-2024 6.48
5967,5967,903,4.76,0.05,3,09-05-2025 9.25
5968,5968,608,4.35,0.11,12,30-05-2025 18.24
5969,5969,273,4.71,0.1,3,14-06-2025 9.04
5971,5971,233,4.18,0.02,1,19-05-2025 13.30
5973,5973,554,4.91,0.06,18,11-01-2025 12.00
5974,5974,142,3.85,0.11,11,26-02-2025 5.39
5975,5975,217,3.95,0.03,19,15-01-2025 23.53
5976,5976,186,4.89,0.13,0,31-12-2024 13.09
5977,5977,826,4.29,0.03,12,03-08-2025 17.48
5979,5979,618,4.87,0.1,1,10-04-2025 6.27
5981,5981,199,4.63,0.14,15,29-07-2025 0.26
5983,5983,144,4.23,0.01,1,08-06-2025 6.32
5986,5986,298,4.02,0.01,11,30-03-2025 10.31
5990,5990,500,4.96,0.09,5,24-02-2025 18.39
5991,5991,795,3.89,0.02,1,13-05-2025 21.53
5995,5995,505,4.56,0.11,8,27-03-2025 22.36
5996,5996,307,4.18,0.06,5,14-08-2024 22.49
5998,5998,433,4.5,0.04,12,12-03-2025 8.22
6001,6001,292,4.23,0.09,7,02-12-2024 16.39
6002,6002,246,4.27,0.05,19,05-07-2025 14.04
6003,6003,213,4.75,0.08,13,25-03-2025 14.29
6004,6004,482,4.02,0.04,4,01-07-2025 12.37
6005,6005,499,4.49,0.11,13,17-12-2024 21.43
6006,6006,488,4.87,0.11,5,09-06-2025 5.34
6009,6009,733,5,0.04,0,19-06-2025 13.37
6010,6010,774,4.48,0.1,7,05-05-2025 0.52
6015,6015,322,4.8,0,2,03-09-2024 11.48
6018,6018,505,3.94,0.04,5,19-01-2025 15.05
6022,6022,558,3.92,0.03,9,18-02-2025 20.07
6025,6025,213,3.85,0.14,8,16-05-2025 3.47
6027,6027,469,4.25,0.06,12,24-08-2024 15.59
6028,6028,162,4.63,0.15,4,17-06-2025 22.10
6029,6029,445,4.34,0.01,19,03-07-2025 7.17
6030,6030,557,4.6,0.03,9,28-11-2024 23.57
6031,6031,871,4.65,0.02,8,13-08-2024 12.17
6032,6032,872,3.9,0.04,15,16-12-2024 9.57
6033,6033,639,4.75,0.07,9,20-08-2024 0.16
6037,6037,330,4.8,0.07,15,05-05-2025 8.02
6038,6038,230,4.22,0.15,14,30-03-2025 23.15
6039,6039,479,4.09,0.06,8,09-10-2024 0.16
6041,6041,143,4.2,0,1,07-05-2025 1.00
6044,6044,147,4.97,0.11,20,05-10-2024 22.39
6045,6045,343,4.67,0.07,8,11-02-2025 0.52
6047,6047,896,4.34,0.11,17,27-01-2025 4.47
6049,6049,727,4.91,0.06,1,09-10-2024 6.51
6051,6051,890,4.86,0.11,3,28-02-2025 9.01
6053,6053,269,3.88,0.13,13,03-01-2025 22.33
6054,6054,963,4.64,0.08,1,20-01-2025 23.58
6055,6055,459,4.6,0.07,9,09-11-2024 18.26
6056,6056,561,4.94,0.08,5,29-06-2025 12.52
6058,6058,143,4.05,0.1,13,14-07-2025 0.50
6064,6064,320,4.12,0.06,17,02-06-2025 9.55
6065,6065,535,4.91,0.06,15,23-11-2024 19.01
6067,6067,978,3.97,0.12,19,19-12-2024 18.00
6069,6069,905,4.93,0.1,19,17-07-2025 6.43
6071,6071,842,4.17,0.04,14,10-04-2025 0.05
6072,6072,375,4.42,0.12,15,02-11-2024 4.06
6073,6073,771,4.81,0.08,20,04-08-2025 0.17
6074,6074,824,4.65,0.01,15,16-08-2024 23.25
6076,6076,346,4.26,0.14,12,08-08-2024 10.07
6078,6078,585,4.95,0.14,9,19-06-2025 14.13
6079,6079,166,4.16,0.13,7,19-11-2024 11.02
6080,6080,130,4.69,0.01,9,12-02-2025 7.04
6082,6082,383,3.83,0.14,0,22-08-2024 14.24
6084,6084,941,4.34,0.06,14,29-10-2024 5.22
6086,6086,397,3.82,0.01,0,07-06-2025 17.52
6087,6087,374,4.97,0.12,1,21-09-2024 14.28
6088,6088,433,3.9,0.06,0,09-05-2025 5.01
6089,6089,958,4,0.03,11,14-03-2025 9.40
6090,6090,585,4.03,0.14,5,22-11-2024 12.35
6091,6091,735,4.72,0.12,13,30-04-2025 21.48
6092,6092,513,4.35,0.08,7,28-07-2025 5.53
6093,6093,359,4.56,0.04,2,15-09-2024 3.51
6096,6096,543,4.05,0,3,30-12-2024 13.48
6100,6100,643,4.73,0.08,15,30-11-2024 3.12
6101,6101,450,4.51,0.14,19,13-05-2025 1.29
6103,6103,697,3.87,0.07,9,11-05-2025 17.30
6105,6105,580,4.1,0.12,15,18-11-2024 12.33
6109,6109,832,4.33,0.06,6,13-11-2024 18.32
6110,6110,730,4.16,0.03,9,19-10-2024 14.02
6114,6114,246,4.96,0.08,6,01-11-2024 4.04
6116,6116,428,3.86,0.09,7,25-06-2025 14.03
6117,6117,925,4.92,0.12,0,22-06-2025 11.49
6118,6118,672,4.22,0.01,15,09-12-2024 18.39
6121,6121,422,4.26,0.13,2,06-03-2025 4.36
6122,6122,112,4.73,0.04,9,20-06-2025 19.40
6125,6125,841,4.9,0.09,11,01-06-2025 0.49
6126,6126,159,4.7,0.09,2,28-11-2024 17.23
6127,6127,431,4.52,0.08,1,16-10-2024 3.15
6128,6128,102,4.14,0.01,0,29-11-2024 15.54
6132,6132,696,4.68,0.04,6,19-01-2025 3.33
6133,6133,435,4.82,0.15,2,22-01-2025 17.42
6134,6134,549,4,0.1,11,19-05-2025 6.50
6135,6135,135,4.29,0.07,2,27-08-2024 8.42
6136,6136,596,3.83,0.01,17,10-06-2025 18.19
6138,6138,643,4.58,0.1,4,05-06-2025 0.28
6139,6139,494,4.1,0.08,12,06-03-2025 12.11
6141,6141,640,4.85,0.11,19,21-07-2025 3.11
6143,6143,919,4.67,0.11,6,19-11-2024 17.14
6146,6146,299,4.96,0.01,6,05-05-2025 7.19
6148,6148,571,4.34,0.12,17,04-12-2024 12.16
6149,6149,684,4.6,0.06,1,09-08-2024 10.03
6150,6150,463,4.75,0.08,16,19-11-2024 11.48
6153,6153,773,3.84,0.02,16,04-11-2024 17.39
6155,6155,970,4.94,0.04,2,10-02-2025 10.37
6156,6156,795,4.76,0.14,14,15-06-2025 16.08
6159,6159,215,3.99,0.06,20,20-10-2024 16.42
6161,6161,438,4.53,0.01,13,26-07-2025 3.19
6163,6163,633,4.97,0.08,1,08-02-2025 9.43
6165,6165,996,4.43,0.02,5,31-08-2024 16.26
6166,6166,108,4.9,0.04,19,17-04-2025 8.01
6167,6167,237,4.87,0.14,1,22-09-2024 21.19
6168,6168,726,3.82,0.03,19,10-12-2024 1.57
6169,6169,638,4.2,0.07,20,05-01-2025 19.58
6170,6170,265,4.06,0.12,2,03-07-2025 12.35
6171,6171,403,4.63,0.12,7,16-03-2025 9.39
6173,6173,937,3.82,0.13,20,12-05-2025 21.08
6174,6174,281,4,0.05,7,21-07-2025 23.04
6176,6176,573,4.86,0.11,6,04-03-2025 14.32
6177,6177,955,4.96,0.05,19,06-09-2024 11.49
6178,6178,784,4.9,0.1,13,12-09-2024 2.37
6182,6182,112,4.81,0.13,18,09-08-2024 1.48
6183,6183,602,4.64,0.05,9,06-05-2025 9.59
6185,6185,505,3.93,0.04,0,10-11-2024 14.17
6186,6186,783,4.09,0.07,5,03-02-2025 5.34
6187,6187,625,3.81,0.09,19,10-04-2025 11.25
6189,6189,139,3.99,0.07,15,25-11-2024 7.06
6191,6191,852,3.89,0.03,17,15-06-2025 19.43
6192,6192,887,4.14,0.04,3,01-03-2025 20.36
6193,6193,568,4.99,0.13,13,17-06-2025 9.41
6195,6195,292,4.43,0.11,7,14-12-2024 7.05
6197,6197,334,4.26,0.08,18,06-07-2025 14.09
6200,6200,912,4.68,0.02,2,18-07-2025 18.48
6204,6204,638,3.84,0.01,8,04-11-2024 22.19
6206,6206,360,4.49,0.13,16,30-05-2025 5.43
6209,6209,938,4.71,0.11,11,15-09-2024 4.19
6210,6210,842,4.84,0.12,19,19-02-2025 1.33
6212,6212,464,4.68,0.04,1,18-07-2025 5.05
6213,6213,457,4.02,0.04,19,23-09-2024 12.35
6217,6217,623,4.54,0.04,3,29-11-2024 23.02
6218,6218,548,4.77,0.12,9,02-05-2025 2.43
6223,6223,117,4.29,0.03,16,13-01-2025 3.21
6224,6224,577,4.36,0.14,0,09-06-2025 0.43
6225,6225,164,4.81,0.15,3,03-05-2025 8.06
6226,6226,927,4.1,0.14,3,21-06-2025 22.46
6227,6227,424,4.82,0.07,9,04-02-2025 4.41
6228,6228,321,4.48,0.07,19,28-08-2024 7.37
6231,6231,452,3.86,0,15,13-09-2024 9.01
6233,6233,484,4.52,0.14,17,29-01-2025 7.39
6234,6234,471,3.89,0.14,14,16-02-2025 5.10
6235,6235,714,4.81,0.09,3,10-03-2025 15.18
6236,6236,128,4.15,0.13,9,12-09-2024 8.41
6239,6239,220,3.86,0.06,9,02-11-2024 17.07
6240,6240,326,4.26,0.13,15,23-07-2025 1.24
6242,6242,590,4.35,0,3,13-06-2025 2.09
6244,6244,555,4.94,0,7,21-12-2024 15.28
6245,6245,892,4.67,0.04,19,05-04-2025 11.05
6248,6248,357,4.23,0.1,0,15-11-2024 8.01
6249,6249,815,4.09,0.14,10,28-10-2024 7.06
6250,6250,100,4.42,0.09,4,26-09-2024 15.04
6251,6251,291,4.35,0.08,13,04-09-2024 16.51
6252,6252,357,4.78,0.13,8,28-02-2025 5.30
6254,6254,328,4.69,0.05,9,01-07-2025 13.28
6255,6255,653,3.82,0.12,17,31-05-2025 0.48
6257,6257,142,4.61,0.14,3,02-09-2024 9.05
6259,6259,534,4.64,0.12,10,20-06-2025 7.06
6260,6260,868,4.15,0.14,8,25-09-2024 7.19
6263,6263,456,4.82,0.1,4,15-01-2025 2.44
6264,6264,706,3.97,0.07,1,25-11-2024 16.50
6265,6265,290,4.91,0.07,14,17-09-2024 9.24
6268,6268,839,4.34,0.04,5,17-12-2024 15.49
6270,6270,818,4.87,0.14,12,21-08-2024 14.28
6272,6272,415,3.86,0.15,14,18-07-2025 5.45
6274,6274,969,4.25,0.12,2,28-01-2025 19.18
6275,6275,956,4.57,0.02,13,30-03-2025 17.16
6278,6278,763,4.57,0.11,13,10-12-2024 8.32
6281,6281,355,4.41,0,7,10-01-2025 11.31
6285,6285,946,4.9,0.15,11,11-02-2025 0.07
6286,6286,162,3.98,0.11,18,04-07-2025 13.28
6287,6287,375,4.54,0.12,0,28-05-2025 14.29
6290,6290,764,4.9,0.14,18,19-06-2025 8.30
6292,6292,948,4.28,0.14,14,22-12-2024 22.48
6293,6293,433,4.09,0.1,0,08-04-2025 2.15
6294,6294,982,4.58,0.13,1,08-04-2025 12.23
6295,6295,164,4.32,0.06,3,31-01-2025 21.38
6296,6296,413,4.74,0.1,9,17-01-2025 20.38
6298,6298,944,4.85,0.14,12,13-03-2025 14.48
6299,6299,923,4.47,0.12,17,01-06-2025 14.13
6300,6300,270,4.74,0.12,1,31-08-2024 20.19
6302,6302,879,4.9,0.11,15,24-06-2025 5.30
6303,6303,834,4.06,0,20,29-04-2025 6.49
6305,6305,784,4.05,0.05,19,13-10-2024 9.18
6306,6306,342,4.02,0.01,17,22-08-2024 19.42
6307,6307,119,4.15,0.14,4,14-09-2024 10.11
6310,6310,572,4.05,0.02,17,31-10-2024 3.43
6311,6311,458,4.81,0.12,18,08-07-2025 20.30
6315,6315,229,4.11,0.09,16,10-12-2024 18.18
6316,6316,647,4.54,0.07,17,18-02-2025 6.49
6317,6317,829,4.37,0.09,18,27-10-2024 15.11
6321,6321,748,3.88,0.04,8,25-11-2024 8.12
6324,6324,456,4.1,0.05,5,06-10-2024 7.05
6325,6325,385,4.35,0.1,8,29-09-2024 11.31
6327,6327,659,3.9,0.11,1,10-07-2025 16.28
6328,6328,450,4.79,0.07,19,14-03-2025 21.16
6329,6329,408,4.41,0.07,17,18-02-2025 4.43
6330,6330,651,4.41,0.03,18,29-09-2024 10.28
6331,6331,413,4.14,0.08,2,27-07-2025 15.44
6332,6332,369,4.16,0.03,9,31-12-2024 6.18
6333,6333,179,4.37,0.14,8,04-06-2025 14.52
6336,6336,283,4.83,0.06,3,26-04-2025 1.02
6337,6337,693,4.36,0.01,11,24-03-2025 22.06
6340,6340,340,4.58,0.1,20,10-01-2025 9.18
6342,6342,203,3.83,0.06,5,11-09-2024 9.59
6343,6343,983,4.84,0.09,9,23-03-2025 5.35
6345,6345,782,4.41,0.01,19,15-04-2025 14.01
6348,6348,675,4.48,0.11,3,07-12-2024 22.42
6349,6349,509,4.83,0.1,5,05-07-2025 2.17
6350,6350,746,3.93,0.13,0,15-07-2025 15.23
6352,6352,845,3.96,0.08,20,04-04-2025 22.29
6354,6354,557,4.08,0.07,3,10-10-2024 0.05
6355,6355,551,4.81,0.04,10,11-12-2024 22.29
6356,6356,788,4.35,0.05,18,12-11-2024 1.09
6357,6357,753,4.3,0.14,19,28-12-2024 6.30
6359,6359,919,4.56,0.09,13,03-08-2025 11.59
6361,6361,677,4.39,0.01,15,24-02-2025 19.18
6365,6365,157,3.86,0.14,9,22-01-2025 21.07
6366,6366,317,4.47,0.08,11,28-09-2024 8.51
6368,6368,717,4.81,0.13,10,18-02-2025 0.26
6369,6369,580,3.99,0.11,17,12-09-2024 13.19
6371,6371,281,4.91,0.06,11,18-10-2024 14.47
6372,6372,339,3.82,0.06,15,19-01-2025 6.35
6373,6373,221,3.9,0.11,17,23-09-2024 10.42
6374,6374,320,3.97,0.13,20,01-10-2024 0.41
6377,6377,171,4.31,0.05,10,22-01-2025 17.35
6378,6378,752,4.41,0.13,19,16-01-2025 11.29
6380,6380,405,4.33,0.13,16,02-02-2025 1.53
6381,6381,942,4.39,0.01,16,16-03-2025 17.59
6382,6382,229,4.32,0.01,5,10-10-2024 2.06
6383,6383,465,4.95,0.07,1,25-01-2025 12.09
6384,6384,921,4.2,0.09,11,08-05-2025 21.32
6390,6390,705,3.85,0.11,16,16-03-2025 2.17
6392,6392,156,4.81,0.06,20,22-08-2024 7.47
6393,6393,701,4.59,0.05,8,22-04-2025 7.00
6396,6396,338,4.33,0.03,15,13-12-2024 21.51
6397,6397,289,4.51,0.07,3,04-08-2025 7.38
6398,6398,190,4.77,0.14,16,12-11-2024 14.59
6399,6399,590,4.97,0.15,18,02-09-2024 0.18
6400,6400,623,4.47,0.1,16,23-07-2025 17.25
6402,6402,269,4.7,0,4,25-10-2024 20.40
6405,6405,548,4.88,0.12,11,13-07-2025 13.49
6406,6406,396,4.69,0.04,15,16-10-2024 15.38
6407,6407,430,3.85,0.06,1,18-09-2024 23.50
6410,6410,749,4.62,0.09,4,22-01-2025 11.41
6413,6413,487,4.98,0,3,20-03-2025 14.25
6414,6414,123,4.19,0.02,20,19-05-2025 14.31
6418,6418,193,4.4,0.05,15,22-11-2024 13.48
6421,6421,191,3.92,0.07,3,21-05-2025 16.37
6422,6422,488,4.17,0.14,19,18-01-2025 12.18
6423,6423,273,4.92,0.05,15,03-10-2024 9.48
6424,6424,528,4.87,0.1,8,07-11-2024 3.43
6425,6425,451,4.77,0,8,16-06-2025 0.52
6426,6426,853,3.83,0.08,0,26-02-2025 8.48
6432,6432,635,3.91,0.09,0,06-11-2024 14.23
6433,6433,764,4.52,0.01,16,27-04-2025 9.53
6434,6434,631,4.49,0.08,17,10-01-2025 7.19
6436,6436,881,4.02,0.13,9,07-04-2025 13.30
6437,6437,546,4.96,0.13,19,23-10-2024 9.03
6440,6440,379,4.84,0.01,17,10-01-2025 18.50
6441,6441,183,4.03,0.05,19,17-03-2025 6.10
6442,6442,890,4.26,0.12,18,02-07-2025 16.05
6443,6443,555,4.94,0.09,13,05-08-2024 17.15
6444,6444,624,3.84,0.07,10,15-12-2024 22.23
6446,6446,280,4.57,0.11,3,05-08-2024 7.57
6448,6448,773,4.64,0.13,20,09-02-2025 10.28
6453,6453,123,3.84,0.14,10,29-10-2024 0.24
6456,6456,974,4.16,0.12,6,30-08-2024 19.01
6460,6460,375,4.19,0.08,5,03-12-2024 5.04
6462,6462,983,4.21,0.09,15,18-11-2024 8.33
6463,6463,281,4.51,0.06,15,18-05-2025 19.15
6464,6464,368,4.92,0.02,8,10-09-2024 5.42
6465,6465,830,4.96,0.02,14,28-09-2024 15.40
6469,6469,199,4.89,0.06,17,14-08-2024 11.20
6470,6470,263,4.85,0.07,7,26-11-2024 1.41
6473,6473,144,4.42,0.07,9,22-01-2025 7.52
6476,6476,463,4.87,0.02,5,28-11-2024 15.30
6477,6477,514,4.69,0.13,20,08-01-2025 10.57
6478,6478,784,4.91,0.04,0,09-11-2024 15.57
6480,6480,627,4.82,0.09,7,23-03-2025 20.26
6481,6481,815,4.59,0.12,17,10-12-2024 20.07
6482,6482,739,4.34,0.14,6,14-10-2024 1.17
6483,6483,273,4.13,0.02,10,12-11-2024 7.03
6484,6484,329,4.45,0.05,14,30-06-2025 1.57
6490,6490,218,4.44,0.11,4,08-01-2025 13.03
6492,6492,945,3.9,0.02,5,13-06-2025 14.31
6493,6493,656,3.97,0.11,3,06-04-2025 20.58
6494,6494,489,4.35,0.06,10,14-04-2025 1.18
6495,6495,857,4.26,0.05,14,01-01-2025 22.08
6496,6496,240,4.52,0.07,1,18-10-2024 0.17
6497,6497,844,4.86,0.14,12,13-05-2025 2.24
6503,6503,114,4.98,0.1,2,29-09-2024 19.17
6505,6505,475,4.35,0.03,5,06-09-2024 17.31
6506,6506,186,4.16,0.1,0,29-05-2025 6.41
6507,6507,427,4.5,0.07,15,03-01-2025 6.56
6509,6509,844,4.2,0.03,19,12-08-2024 10.45
6510,6510,766,4.51,0.1,20,24-10-2024 20.35
6511,6511,689,4.2,0.12,0,28-07-2025 13.15
6512,6512,299,4.44,0.08,12,15-02-2025 18.43
6514,6514,368,3.99,0.07,0,05-08-2024 23.19
6515,6515,521,4.95,0.03,0,21-02-2025 20.53
6516,6516,824,4.1,0.1,10,13-07-2025 6.39
6517,6517,245,4.96,0.05,2,05-08-2024 3.07
6518,6518,724,3.93,0.06,8,25-01-2025 0.55
6523,6523,617,4.17,0.13,1,28-10-2024 0.35
6524,6524,418,4.94,0.11,7,12-06-2025 1.05
6525,6525,120,4.84,0.02,15,04-01-2025 17.01
6533,6533,234,4.8,0.08,13,10-04-2025 16.26
6539,6539,772,3.84,0.01,13,19-04-2025 12.54
6540,6540,105,4.9,0.13,8,10-07-2025 23.43
6541,6541,462,4.3,0.14,4,07-12-2024 16.20
6542,6542,662,4.43,0.13,13,12-09-2024 9.11
6543,6543,743,4.67,0.06,10,06-09-2024 12.58
6544,6544,245,4.2,0.07,11,18-07-2025 16.28
6547,6547,298,4.41,0,0,25-10-2024 10.17
6548,6548,985,4.46,0.05,18,19-10-2024 17.57
6550,6550,995,4.41,0.08,17,05-10-2024 20.07
6553,6553,213,4.55,0.02,11,30-01-2025 8.18
6554,6554,652,4.95,0.06,13,24-07-2025 12.41
6556,6556,254,4.01,0.15,3,16-11-2024 1.47
6561,6561,626,4.37,0.1,16,15-11-2024 15.48
6562,6562,999,4.57,0.07,1,27-03-2025 22.25
6564,6564,882,4.95,0.04,4,03-02-2025 10.23
6566,6566,658,3.8,0.04,14,10-04-2025 7.34
6567,6567,463,4.52,0.12,8,27-12-2024 2.19
6569,6569,702,4.04,0.15,7,20-08-2024 2.08
6571,6571,184,3.86,0.14,1,20-09-2024 6.18
6572,6572,569,4.23,0.05,15,22-07-2025 23.27
6574,6574,992,3.84,0.14,8,01-12-2024 7.07
6576,6576,528,4,0.06,16,24-02-2025 6.12
6578,6578,576,3.89,0.06,7,16-10-2024 4.20
6579,6579,342,4.81,0.08,3,04-08-2025 7.47
6580,6580,702,3.8,0.03,6,24-05-2025 6.26
6582,6582,272,4.18,0.01,11,09-09-2024 3.22
6583,6583,650,4.56,0.1,13,22-05-2025 8.27
6584,6584,565,4.12,0.13,20,15-02-2025 5.34
6588,6588,561,4.15,0.05,10,28-02-2025 3.13
6589,6589,243,4.04,0.01,14,20-08-2024 11.24
6591,6591,636,3.85,0.12,10,02-05-2025 4.02
6592,6592,116,3.83,0.1,18,12-07-2025 11.52
6597,6597,386,4.91,0.09,13,05-06-2025 1.49
6599,6599,568,3.97,0.07,10,12-03-2025 23.46
6601,6601,217,4.48,0.02,3,22-01-2025 22.14
6604,6604,547,4.87,0.14,8,30-03-2025 14.18
6605,6605,515,4.16,0.12,16,18-08-2024 10.10
6607,6607,549,4.87,0.13,1,08-04-2025 9.53
6608,6608,634,3.92,0.14,5,30-08-2024 20.16
6610,6610,369,3.98,0.15,12,17-11-2024 14.36
6611,6611,133,4.06,0.11,12,29-06-2025 20.01
6612,6612,554,3.99,0.09,19,07-11-2024 10.20
6614,6614,831,4.37,0.12,1,07-07-2025 15.28
6615,6615,495,4.12,0.1,2,29-07-2025 12.01
6616,6616,452,3.88,0.08,12,12-02-2025 9.22
6617,6617,327,4.7,0.03,20,09-11-2024 4.54
6619,6619,733,3.97,0.12,20,16-05-2025 13.11
6621,6621,940,3.98,0.04,4,31-05-2025 8.03
6624,6624,774,4.19,0.03,20,23-12-2024 19.42
6625,6625,817,4.52,0.1,11,27-01-2025 8.48
6626,6626,636,4.54,0.14,16,17-11-2024 11.41
6630,6630,147,4.48,0.09,11,09-08-2024 20.09
6631,6631,123,4.76,0.13,16,09-08-2024 2.01
6635,6635,808,4.5,0.12,0,24-07-2025 13.37
6637,6637,293,3.86,0.08,3,08-04-2025 21.32
6647,6647,346,4.05,0.03,1,12-09-2024 23.35
6649,6649,770,4.4,0.03,9,27-07-2025 11.29
6651,6651,926,3.93,0.06,4,25-09-2024 11.53
6654,6654,899,4.47,0.05,14,04-10-2024 10.25
6655,6655,369,3.92,0.12,15,18-01-2025 7.56
6656,6656,889,4.4,0.04,0,31-10-2024 13.30
6657,6657,475,4.46,0.06,20,03-11-2024 2.26
6658,6658,307,4.43,0.14,9,09-06-2025 0.04
6659,6659,908,3.91,0.07,5,21-04-2025 14.21
6660,6660,732,4.12,0.01,10,16-07-2025 10.21
6664,6664,168,4.41,0.05,11,23-08-2024 15.09
6665,6665,812,4.15,0.14,11,14-08-2024 22.00
6668,6668,965,4,0.02,7,24-05-2025 14.39
6670,6670,599,4.02,0.12,12,03-09-2024 13.33
6671,6671,783,4.6,0.13,3,26-03-2025 18.57
6673,6673,803,4.31,0.03,9,01-06-2025 5.39
6675,6675,880,4.66,0.02,19,31-07-2025 7.50
6678,6678,683,3.98,0.13,17,13-05-2025 7.44
6679,6679,253,4.47,0.02,5,07-10-2024 15.00
6682,6682,614,3.97,0.03,4,22-03-2025 1.04
6683,6683,319,4.3,0.06,11,19-05-2025 8.32
6685,6685,403,4.59,0.05,18,21-07-2025 13.49
6686,6686,292,4.37,0.08,9,10-05-2025 3.18
6690,6690,797,4.56,0.1,20,09-03-2025 20.02
6696,6696,414,3.84,0.1,1,16-07-2025 10.58
6697,6697,859,3.97,0.05,6,25-02-2025 21.54
6698,6698,462,4.96,0.15,7,21-08-2024 9.40
6701,6701,116,4.28,0.07,6,03-04-2025 19.18
6703,6703,223,3.81,0.13,17,04-07-2025 5.06
6705,6705,347,4.4,0.12,16,29-09-2024 7.00
6707,6707,364,4.95,0.11,19,06-03-2025 18.07
6708,6708,889,4.5,0.07,8,20-02-2025 2.07
6710,6710,754,4.05,0.11,6,30-04-2025 2.00
6716,6716,960,3.84,0.03,3,04-07-2025 16.59
6717,6717,446,4.28,0.04,0,23-06-2025 13.55
6718,6718,167,3.82,0.05,5,24-09-2024 5.18
6720,6720,106,4.9,0.04,16,19-08-2024 4.15
6723,6723,410,4.52,0.08,19,20-08-2024 2.14
6729,6729,591,4.43,0.08,1,21-12-2024 20.08
6730,6730,106,4.28,0.07,17,10-12-2024 8.05
6732,6732,308,4.78,0.14,14,14-08-2024 5.31
6734,6734,689,4.01,0.07,5,03-03-2025 20.39
6735,6735,911,3.98,0.12,15,19-12-2024 20.42
6740,6740,476,4.52,0,5,05-01-2025 4.19
6741,6741,591,4.39,0.05,13,31-03-2025 1.42
6742,6742,182,4.99,0.14,3,09-09-2024 6.46
6743,6743,119,4.85,0.08,12,15-02-2025 7.41
6746,6746,535,3.89,0.07,11,21-01-2025 22.36
6748,6748,369,4.41,0.07,3,17-06-2025 21.55
6749,6749,549,3.98,0.03,17,04-05-2025 18.02
6750,6750,115,4.59,0.11,16,24-04-2025 18.40
6751,6751,838,3.9,0.15,14,25-12-2024 15.31
6752,6752,931,4.73,0.14,20,27-05-2025 8.23
6753,6753,965,4.55,0.04,1,30-03-2025 12.52
6754,6754,985,4.08,0.06,9,08-04-2025 17.23
6755,6755,301,4.73,0.1,16,27-06-2025 22.48
6756,6756,674,4.15,0.07,13,15-11-2024 22.59
6757,6757,400,4.84,0.15,15,29-12-2024 16.31
6758,6758,229,4.28,0.12,7,16-10-2024 3.19
6765,6765,433,4.5,0.06,7,13-01-2025 11.55
6769,6769,959,3.91,0.04,8,01-09-2024 22.41
6771,6771,121,4.8,0.01,0,27-10-2024 10.34
6774,6774,622,4.79,0.04,11,08-10-2024 12.44
6776,6776,457,4,0.14,8,01-10-2024 11.56
6779,6779,134,4.97,0.11,17,14-09-2024 9.50
6780,6780,335,4.73,0.03,7,20-01-2025 17.04
6781,6781,561,4.77,0,16,09-06-2025 5.06
6785,6785,832,4.06,0.01,5,25-02-2025 14.59
6786,6786,149,3.81,0.14,0,14-10-2024 7.18
6787,6787,839,4.67,0.12,14,27-02-2025 4.08
6789,6789,993,4.15,0.12,15,10-08-2024 6.08
6790,6790,228,4.7,0.03,9,24-04-2025 4.20
6791,6791,956,4.99,0.15,13,11-03-2025 6.36
6797,6797,621,3.88,0.08,20,05-09-2024 15.13
6799,6799,386,4.36,0.14,0,30-12-2024 8.08
6800,6800,694,4.1,0.06,11,12-10-2024 20.35
6801,6801,779,3.9,0.12,15,10-09-2024 20.14
6802,6802,612,4.59,0.05,20,04-02-2025 6.08
6803,6803,681,3.86,0.04,4,06-11-2024 2.04
6806,6806,858,4.09,0.13,1,11-05-2025 10.27
6809,6809,937,4.01,0.1,17,11-08-2024 10.27
6814,6814,736,4.55,0.14,1,06-08-2024 7.24
6815,6815,308,4.05,0.05,19,05-10-2024 19.38
6816,6816,472,4.54,0.09,12,28-01-2025 1.26
6819,6819,199,3.83,0.08,15,31-08-2024 22.19
6821,6821,128,3.91,0.03,18,17-06-2025 15.13
6823,6823,183,4.98,0.06,8,04-11-2024 6.14
6825,6825,830,3.85,0.09,4,24-11-2024 4.56
6826,6826,924,4.33,0.09,14,24-05-2025 1.23
6829,6829,983,4.11,0.07,12,05-07-2025 8.15
6832,6832,718,4.76,0.02,11,26-07-2025 8.02
6834,6834,246,4.62,0.02,2,21-01-2025 15.41
6836,6836,318,4.64,0.01,16,23-09-2024 15.20
6838,6838,936,4.08,0.04,12,16-05-2025 7.15
6847,6847,576,4,0.08,7,12-12-2024 19.52
6848,6848,826,4.21,0.01,0,07-11-2024 17.04
6849,6849,687,4.42,0.12,17,02-03-2025 2.11
6851,6851,701,4.03,0.14,18,20-11-2024 1.12
6852,6852,831,4.21,0.09,13,24-11-2024 7.58
6854,6854,443,4.06,0.06,15,29-10-2024 8.32
6857,6857,180,4.27,0.06,18,20-01-2025 2.51
6858,6858,858,3.98,0.08,15,19-01-2025 15.29
6859,6859,850,4.05,0,10,11-12-2024 12.01
6861,6861,458,4.54,0.05,3,01-07-2025 4.35
6865,6865,723,4.46,0.01,0,01-10-2024 0.03
6866,6866,412,4.78,0.13,4,22-05-2025 12.06
6867,6867,135,4.33,0.05,16,26-08-2024 20.22
6868,6868,864,5,0.13,20,11-11-2024 10.22
6869,6869,941,4.36,0.08,11,15-09-2024 0.14
6870,6870,810,4.21,0.09,17,06-08-2024 20.38
6874,6874,987,4.58,0.1,12,23-05-2025 14.35
6875,6875,969,4.06,0.08,5,12-10-2024 9.26
6876,6876,822,4.74,0.09,20,07-01-2025 13.01
6877,6877,864,4.42,0.07,4,12-07-2025 16.59
6878,6878,359,3.92,0.09,14,22-02-2025 5.17
6879,6879,634,4.73,0.15,9,11-08-2024 21.44
6880,6880,991,3.95,0.07,8,30-10-2024 7.53
6882,6882,721,4.66,0.11,11,09-11-2024 3.13
6884,6884,651,4.5,0.13,7,21-06-2025 22.29
6885,6885,270,4.22,0.05,17,17-08-2024 12.29
6890,6890,788,4.95,0.08,3,08-04-2025 9.01
6891,6891,466,4.47,0.01,12,18-07-2025 17.48
6893,6893,259,4.72,0.08,16,28-01-2025 22.27
6899,6899,649,4.46,0.02,10,25-05-2025 13.37
6901,6901,166,3.96,0.08,10,31-12-2024 3.48
6902,6902,610,4.62,0.1,19,11-05-2025 6.44
6903,6903,838,4.14,0.12,15,30-03-2025 2.41
6904,6904,736,4.67,0.02,17,20-12-2024 5.49
6905,6905,839,4.92,0.08,6,21-08-2024 21.45
6910,6910,822,4.42,0.01,18,11-08-2024 17.15
6911,6911,538,4.52,0.03,9,12-07-2025 9.14
6916,6916,408,3.97,0.05,5,10-03-2025 11.31
6917,6917,133,3.97,0.06,3,01-02-2025 14.41
6919,6919,555,4.85,0.08,11,10-10-2024 11.05
6922,6922,278,4.41,0.09,6,10-05-2025 1.58
6926,6926,283,4.63,0.12,6,05-11-2024 18.47
6928,6928,986,4.51,0.03,10,23-10-2024 14.06
6930,6930,976,3.82,0.14,0,25-07-2025 6.10
6931,6931,923,4.14,0.01,16,24-06-2025 21.57
6932,6932,807,4.6,0.04,9,01-05-2025 13.28
6934,6934,360,4.41,0.12,7,12-03-2025 16.51
6936,6936,466,4.66,0.08,0,20-07-2025 18.13
6938,6938,743,4.72,0.08,11,27-12-2024 15.13
6939,6939,716,4.53,0.04,19,14-09-2024 7.59
6940,6940,257,4.1,0.14,6,05-02-2025 9.45
6941,6941,320,4.63,0.15,7,28-02-2025 19.58
6946,6946,922,4.26,0.01,4,05-05-2025 15.10
6947,6947,384,4.44,0.03,7,13-04-2025 13.13
6948,6948,922,4.65,0.12,4,10-03-2025 6.53
6949,6949,489,4.38,0.13,7,12-08-2024 2.35
6950,6950,325,3.86,0.13,17,17-05-2025 10.54
6951,6951,121,4.74,0.01,8,29-08-2024 23.21
6952,6952,789,4.55,0.08,11,14-11-2024 4.11
6953,6953,314,4.82,0.09,15,01-07-2025 11.57
6955,6955,483,4.14,0.04,3,22-10-2024 20.59
6967,6967,392,4.05,0.01,14,03-09-2024 17.22
6973,6973,118,4.62,0.08,0,11-10-2024 16.00
6976,6976,990,4.15,0.06,8,07-06-2025 10.16
6980,6980,771,4.88,0.11,13,29-04-2025 0.59
6985,6985,149,4.36,0.08,2,02-10-2024 13.14
6990,6990,202,3.87,0.02,18,26-09-2024 17.22
6991,6991,469,4.4,0.12,18,19-06-2025 14.09
6992,6992,117,4.3,0.01,0,09-07-2025 23.25
6993,6993,400,4.25,0.08,18,01-03-2025 1.08
6994,6994,262,4.73,0.01,16,15-02-2025 15.02
6995,6995,332,3.96,0.14,8,16-09-2024 16.49
6997,6997,578,3.85,0.12,3,26-03-2025 16.33
7000,7000,499,4.17,0.02,19,08-03-2025 0.53
7001,7001,303,4.8,0.11,9,24-09-2024 3.13
7002,7002,968,4.41,0.03,8,02-06-2025 21.14
7004,7004,607,4.69,0.05,14,05-01-2025 21.26
7006,7006,232,4.06,0.12,0,23-11-2024 8.55
7007,7007,838,3.88,0.04,12,06-05-2025 1.52
7008,7008,511,4.19,0.1,14,22-09-2024 19.57
7009,7009,200,4.71,0.1,7,18-12-2024 22.55
7010,7010,432,3.9,0.1,12,24-02-2025 3.20
7013,7013,212,4.43,0.13,14,01-10-2024 17.33
7014,7014,111,4.6,0.04,5,18-01-2025 14.08
7015,7015,682,4.4,0.13,13,02-10-2024 0.38
7016,7016,896,4,0.07,1,21-11-2024 16.06
7017,7017,901,4.55,0,13,20-11-2024 6.48
7019,7019,617,4.46,0.05,20,17-04-2025 19.44
7021,7021,1000,4.54,0.11,9,03-06-2025 23.24
7022,7022,557,4,0.09,4,25-02-2025 1.36
7027,7027,481,4.39,0.09,3,04-01-2025 6.31
7029,7029,203,4.89,0.11,8,17-10-2024 21.24
7031,7031,789,4.79,0.1,7,25-03-2025 19.58
7032,7032,746,3.87,0.08,16,07-04-2025 6.28
7033,7033,551,3.88,0.04,12,18-02-2025 19.25
7035,7035,429,4.72,0.1,13,07-05-2025 5.51
7036,7036,688,4.72,0.09,11,08-05-2025 20.05
7037,7037,618,4.45,0.11,12,22-01-2025 4.00
7038,7038,265,4.29,0,15,03-02-2025 12.18
7040,7040,748,3.81,0.01,12,08-05-2025 6.48
7041,7041,320,4.83,0.03,15,11-09-2024 12.06
7043,7043,605,3.89,0.01,9,05-12-2024 7.15
7044,7044,174,4.48,0.13,8,29-12-2024 1.48
7047,7047,534,4.28,0.06,6,10-12-2024 16.54
7050,7050,563,4.61,0.01,19,21-09-2024 18.40
7051,7051,500,4.7,0.01,9,29-08-2024 0.09
7052,7052,260,4.7,0.01,1,27-05-2025 16.47
7053,7053,723,4.15,0.01,18,25-06-2025 12.11
7055,7055,301,4.46,0.08,6,22-08-2024 11.08
7057,7057,156,4.14,0.12,16,12-07-2025 10.15
7058,7058,574,4.08,0.14,12,16-07-2025 17.14
7059,7059,297,3.92,0.09,1,19-09-2024 21.41
7060,7060,731,4.11,0.08,5,24-02-2025 2.07
7061,7061,254,4.11,0.02,8,06-08-2024 4.22
7065,7065,530,4.11,0.12,4,30-05-2025 5.45
7066,7066,396,4.83,0.13,6,14-05-2025 6.51
7067,7067,986,4.76,0.12,15,31-07-2025 18.15
7071,7071,640,4.59,0.09,18,03-11-2024 0.01
7072,7072,597,4.02,0.12,20,04-12-2024 5.59
7073,7073,350,4.2,0.01,8,18-01-2025 16.42
7079,7079,542,4.76,0,20,03-02-2025 13.30
7081,7081,457,4.93,0.02,20,29-04-2025 11.53
7082,7082,696,4.05,0,19,12-05-2025 18.39
7086,7086,767,4.82,0.04,2,19-05-2025 0.59
7087,7087,275,4.25,0.03,19,01-10-2024 19.24
7089,7089,144,4.8,0.04,12,07-09-2024 14.08
7092,7092,880,4.56,0.01,18,11-12-2024 10.36
7093,7093,793,3.87,0.06,4,15-10-2024 2.10
7095,7095,134,4.15,0.09,16,21-11-2024 1.24
7097,7097,632,4.87,0.07,13,13-08-2024 15.07
7099,7099,638,4.41,0.12,9,16-03-2025 8.23
7101,7101,339,4.53,0,19,18-07-2025 2.24
7106,7106,175,4.03,0.07,4,31-10-2024 15.27
7108,7108,356,4.05,0.01,5,06-05-2025 4.46
7110,7110,692,4.2,0.05,17,28-02-2025 14.12
7113,7113,362,4.83,0.14,0,04-11-2024 3.33
7116,7116,566,4.65,0.14,16,30-06-2025 0.54
7121,7121,266,4.59,0.03,3,21-12-2024 7.41
7123,7123,744,3.93,0.14,15,25-09-2024 13.16
7124,7124,748,4.68,0.01,11,14-02-2025 5.21
7126,7126,317,4.23,0.12,5,03-07-2025 15.36
7129,7129,336,4.86,0.01,9,06-12-2024 1.32
7138,7138,447,4.19,0.02,2,08-01-2025 23.49
7139,7139,644,3.95,0.05,20,05-09-2024 8.07
7141,7141,215,4.85,0.12,9,26-01-2025 23.59
7147,7147,261,4.76,0.02,14,05-09-2024 14.07
7148,7148,996,3.81,0.09,9,17-04-2025 16.26
7149,7149,158,4.08,0.03,6,22-10-2024 5.13
7153,7153,136,4.47,0.02,7,15-03-2025 8.18
7154,7154,783,4.42,0.07,14,23-06-2025 20.57
7155,7155,466,4.63,0.07,10,30-01-2025 8.23
7157,7157,700,4.85,0.05,19,24-07-2025 9.15
7159,7159,902,4.94,0.11,20,10-07-2025 21.07
7161,7161,275,4.04,0.1,12,26-04-2025 20.20
7162,7162,908,4.52,0.08,9,31-03-2025 14.58
7163,7163,422,4.85,0.06,8,30-04-2025 22.28
7168,7168,783,4.92,0.13,0,29-12-2024 8.15
7169,7169,184,4.89,0.02,7,10-02-2025 19.21
7170,7170,302,4.33,0.08,0,24-09-2024 22.59
7172,7172,321,4.59,0.04,1,25-05-2025 8.46
7177,7177,901,4.82,0.06,20,31-01-2025 23.33
7178,7178,892,3.91,0.09,3,24-01-2025 20.27
7180,7180,336,4.41,0.1,4,10-08-2024 9.13
7181,7181,804,4.77,0.07,17,03-08-2025 7.17
7185,7185,383,4.54,0.11,1,17-11-2024 0.58
7186,7186,875,4.66,0.15,17,04-09-2024 16.18
7187,7187,756,4.89,0.07,0,19-07-2025 5.11
7191,7191,726,4.98,0.08,14,14-10-2024 21.33
7193,7193,278,4.88,0.12,5,11-07-2025 8.14
7194,7194,694,4.26,0.03,4,07-12-2024 21.07
7197,7197,615,4.55,0.08,8,07-01-2025 22.33
7199,7199,205,4.93,0.15,14,04-10-2024 2.38
7202,7202,584,4.8,0.04,14,29-05-2025 0.37
7203,7203,191,3.9,0.11,19,15-11-2024 11.21
7205,7205,356,4.68,0.13,18,02-07-2025 16.45
7208,7208,301,4.09,0.05,2,12-06-2025 5.04
7210,7210,667,4.11,0.14,5,18-02-2025 21.45
7211,7211,581,4.4,0,12,29-05-2025 19.40
7214,7214,376,4.78,0.05,16,26-01-2025 23.27
7215,7215,806,3.96,0.14,11,05-06-2025 6.47
7216,7216,366,4.73,0.06,20,23-02-2025 0.00
7217,7217,402,4.47,0.04,18,01-09-2024 7.47
7220,7220,283,4.74,0,9,22-07-2025 14.31
7221,7221,619,3.8,0.02,18,23-03-2025 14.46
7223,7223,472,4.58,0.05,18,28-03-2025 1.57
7224,7224,635,4.16,0.12,4,09-07-2025 6.35
7225,7225,846,4.55,0.13,18,22-10-2024 16.40
7227,7227,475,4.5,0.08,15,21-12-2024 4.45
7229,7229,617,4.15,0.14,4,03-06-2025 16.24
7231,7231,731,4.51,0.12,7,05-02-2025 3.18
7232,7232,779,4.82,0.04,1,14-07-2025 11.55
7233,7233,703,4.2,0.06,9,07-10-2024 17.57
7234,7234,355,4.39,0.03,17,12-06-2025 21.52
7235,7235,790,3.85,0.14,2,20-12-2024 6.05
7236,7236,253,4.45,0.02,10,12-01-2025 1.08
7237,7237,594,4.61,0.12,5,18-04-2025 5.01
7238,7238,496,3.96,0.13,3,07-11-2024 7.07
7239,7239,798,4.99,0.06,17,11-02-2025 9.15
7241,7241,687,4.95,0.08,10,14-06-2025 15.24
7243,7243,912,4.99,0,0,08-08-2024 13.07
7246,7246,314,3.89,0.03,16,21-08-2024 20.38
7247,7247,288,4.01,0,0,17-02-2025 22.39
7252,7252,574,4.62,0.03,16,02-10-2024 14.31
7254,7254,248,4.94,0.05,8,06-12-2024 18.31
7255,7255,788,4.64,0.07,10,19-09-2024 17.37
7256,7256,736,4.16,0.08,15,26-07-2025 7.23
7257,7257,468,4.51,0.12,0,05-10-2024 6.35
7259,7259,176,4.69,0.12,5,19-10-2024 14.50
7263,7263,411,4.86,0.13,15,27-02-2025 10.07
7264,7264,209,4.34,0.14,14,09-06-2025 9.49
7272,7272,448,4.33,0.03,7,29-08-2024 3.54
7273,7273,805,4.17,0.09,12,22-05-2025 8.13
7274,7274,131,4.25,0.02,20,22-03-2025 18.27
7275,7275,525,4.93,0.01,0,03-01-2025 21.58
7276,7276,845,4.1,0.12,6,16-10-2024 12.15
7278,7278,834,4.48,0.03,6,09-06-2025 0.18
7279,7279,662,4.81,0.03,0,17-01-2025 2.59
7282,7282,810,4.47,0.14,10,14-05-2025 6.45
7284,7284,726,4.68,0.05,9,22-10-2024 13.29
7286,7286,699,4.69,0.15,1,15-04-2025 13.54
7290,7290,487,4.93,0.12,1,01-11-2024 3.39
7293,7293,395,4.17,0.14,8,17-01-2025 21.22
7294,7294,981,4.63,0.09,3,19-12-2024 4.54
7295,7295,344,4.22,0.06,3,03-06-2025 13.10
7296,7296,343,4.62,0.12,14,11-05-2025 9.40
7297,7297,460,4.32,0.13,11,01-06-2025 1.35
7298,7298,213,4.95,0.04,14,26-10-2024 11.50
7301,7301,197,3.97,0.01,9,24-04-2025 22.14
7303,7303,197,4.7,0.15,6,22-02-2025 22.26
7304,7304,518,4.23,0.03,18,03-06-2025 15.16
7307,7307,244,4.85,0.08,9,19-11-2024 21.37
7308,7308,730,4.08,0.12,9,09-02-2025 4.07
7310,7310,997,4.92,0.01,6,31-01-2025 2.24
7311,7311,649,4.86,0.02,10,25-01-2025 1.18
7314,7314,706,4.74,0.13,5,03-11-2024 22.57
7316,7316,683,4.87,0.14,9,06-11-2024 15.16
7317,7317,332,5,0.12,16,16-04-2025 5.30
7318,7318,617,4.85,0.14,11,01-01-2025 8.08
7320,7320,363,4.66,0.03,1,06-10-2024 17.46
7321,7321,875,3.86,0.01,11,24-10-2024 8.46
7325,7325,787,4.34,0.07,14,22-11-2024 21.48
7326,7326,356,4.45,0.05,17,12-10-2024 23.03
7327,7327,411,4.48,0.06,16,04-04-2025 19.05
7329,7329,811,3.84,0.09,10,18-12-2024 20.29
7330,7330,484,3.99,0.08,10,11-07-2025 19.44
7331,7331,159,4.97,0.02,13,16-04-2025 17.08
7333,7333,571,4.54,0.03,15,31-05-2025 7.11
7334,7334,556,4.87,0.01,17,01-10-2024 23.05
7339,7339,106,4.88,0.02,8,01-03-2025 17.21
7340,7340,169,5,0.08,1,24-03-2025 13.58
7341,7341,768,3.9,0.15,3,17-01-2025 23.36
7343,7343,173,4.18,0.07,1,16-01-2025 15.12
7346,7346,313,4.25,0.01,5,18-05-2025 21.38
7347,7347,186,4.24,0.08,9,04-08-2024 21.10
7348,7348,944,4.91,0.01,6,08-01-2025 5.44
7350,7350,697,4.44,0.12,14,13-11-2024 1.36
7355,7355,398,4.46,0.07,7,26-01-2025 8.23
7356,7356,442,4.85,0.05,18,15-05-2025 10.45
7358,7358,762,4.61,0.1,13,14-12-2024 0.27
7362,7362,260,4.43,0.09,16,30-07-2025 17.04
7365,7365,597,4.26,0.07,12,28-10-2024 16.12
7367,7367,843,4.31,0.07,14,04-10-2024 6.09
7368,7368,223,4.65,0.06,6,17-12-2024 5.46
7369,7369,202,4.87,0.07,7,26-04-2025 11.15
7371,7371,968,4.58,0.14,6,20-12-2024 22.20
7372,7372,105,4.74,0.08,3,26-06-2025 4.18
7374,7374,114,3.88,0.01,10,31-05-2025 21.46
7375,7375,860,4.85,0,8,30-01-2025 16.06
7377,7377,654,4.6,0.11,12,23-10-2024 8.38
7383,7383,641,4.46,0.1,17,08-03-2025 18.56
7384,7384,486,4.39,0.14,20,24-09-2024 20.00
7385,7385,335,4.52,0.15,12,24-11-2024 16.31
7386,7386,549,4.23,0,5,12-08-2024 17.07
7387,7387,209,4.03,0.02,0,19-06-2025 23.59
7388,7388,514,4.84,0.08,4,26-01-2025 20.59
7390,7390,176,4.69,0.12,6,22-03-2025 1.04
7391,7391,507,3.93,0.01,1,02-05-2025 12.43
7393,7393,525,3.84,0.09,14,18-10-2024 4.00
7394,7394,260,3.99,0.12,20,10-06-2025 9.53
7396,7396,391,4.02,0.01,10,28-12-2024 21.37
7398,7398,116,4.08,0.03,0,11-12-2024 21.44
7399,7399,950,4.8,0.11,19,16-10-2024 3.28
7400,7400,433,4.01,0.05,10,28-05-2025 15.53
7401,7401,624,3.82,0.05,0,29-06-2025 5.46
7402,7402,475,4.75,0.04,18,11-06-2025 7.19
7405,7405,179,3.92,0.11,12,24-07-2025 19.13
7406,7406,134,4.64,0.02,10,28-06-2025 0.25
7408,7408,156,4.39,0.01,1,01-07-2025 14.03
7410,7410,136,4.77,0.06,17,17-02-2025 13.29
7411,7411,751,3.84,0.13,11,24-03-2025 17.01
7413,7413,237,4.53,0.12,19,17-07-2025 18.32
7414,7414,419,4.78,0.08,13,17-03-2025 18.47
7415,7415,729,4.35,0.11,4,16-02-2025 21.52
7416,7416,463,4.24,0.12,8,24-07-2025 9.47
7419,7419,149,4.76,0,6,03-03-2025 5.00
7421,7421,614,4.66,0.02,6,23-07-2025 9.28
7422,7422,500,4.88,0.02,11,04-05-2025 4.31
7423,7423,103,4.13,0.09,14,23-12-2024 14.38
7424,7424,590,4.27,0.06,0,23-07-2025 14.01
7425,7425,346,4.26,0.07,0,10-04-2025 14.31
7426,7426,467,4.82,0.08,12,09-12-2024 13.49
7428,7428,897,4.42,0.05,13,20-08-2024 10.31
7429,7429,556,4.71,0.12,5,11-07-2025 4.42
7435,7435,586,4.51,0.02,14,22-12-2024 13.27
7440,7440,807,4.53,0.07,5,28-05-2025 12.08
7441,7441,485,4.34,0.02,15,19-03-2025 12.20
7443,7443,982,4.46,0.04,12,06-10-2024 15.11
7444,7444,772,4.19,0.03,1,26-04-2025 1.52
7446,7446,298,3.97,0.04,1,20-08-2024 18.04
7451,7451,300,4.69,0.05,10,05-01-2025 13.11
7455,7455,408,4.99,0.06,5,10-05-2025 18.32
7460,7460,945,4.25,0.01,3,28-07-2025 13.49
7461,7461,804,4.41,0.14,5,22-10-2024 17.23
7464,7464,943,4.43,0.09,14,08-11-2024 14.26
7465,7465,559,4.83,0.14,16,09-02-2025 23.30
7466,7466,940,4.76,0.05,9,28-08-2024 3.49
7468,7468,963,4.65,0.06,10,02-01-2025 2.51
7469,7469,597,4.08,0.05,3,13-04-2025 9.49
7470,7470,799,4.37,0.03,1,02-08-2025 3.04
7472,7472,791,4,0.15,2,18-06-2025 2.06
7475,7475,778,4.57,0.01,3,28-01-2025 19.46
7476,7476,644,4.94,0.15,12,01-04-2025 13.15
7478,7478,973,3.85,0.04,10,19-06-2025 17.14
7479,7479,288,4.06,0.06,2,18-09-2024 18.14
7480,7480,912,4.14,0.14,7,16-08-2024 0.27
7481,7481,261,4.72,0.01,13,19-11-2024 15.02
7482,7482,692,3.95,0.08,5,26-09-2024 9.09
7484,7484,956,4.43,0.11,2,10-03-2025 3.34
7485,7485,474,4.45,0.11,14,07-06-2025 10.26
7486,7486,723,4.45,0.15,5,09-12-2024 11.19
7487,7487,681,4.29,0.13,18,02-08-2025 5.42
7488,7488,771,3.86,0.09,4,05-12-2024 1.24
7489,7489,632,4.75,0.04,1,15-06-2025 2.10
7491,7491,561,4.05,0.11,15,09-02-2025 16.10
7493,7493,178,4.83,0.04,15,01-04-2025 9.53
7494,7494,127,4.38,0.02,11,08-03-2025 9.08
7497,7497,346,4.83,0.13,15,07-02-2025 2.34
7503,7503,914,4.24,0.13,11,21-10-2024 18.14
7506,7506,651,4.16,0.05,20,10-05-2025 19.58
7508,7508,123,4.68,0.1,5,18-07-2025 7.30
7512,7512,145,4.07,0.04,6,01-10-2024 22.08
7519,7519,444,4.34,0.1,17,07-06-2025 17.30
7530,7530,836,3.82,0.14,0,20-09-2024 8.37
7531,7531,729,4.79,0.01,2,08-05-2025 20.30
7536,7536,860,4.21,0.1,5,28-06-2025 20.15
7538,7538,414,4.24,0.08,17,07-01-2025 13.49
7539,7539,948,3.89,0.09,1,01-10-2024 12.28
7540,7540,781,4.53,0.07,17,28-05-2025 22.56
7541,7541,743,4.09,0.15,17,11-03-2025 2.07
7542,7542,601,4.82,0.07,1,12-10-2024 22.25
7543,7543,179,4.03,0.12,11,26-10-2024 8.12
7544,7544,772,4.75,0.14,1,16-08-2024 4.56
7545,7545,723,4.47,0.08,20,04-06-2025 14.25
7548,7548,713,4.23,0.11,15,28-02-2025 16.03
7550,7550,680,4.47,0,14,27-02-2025 20.58
7551,7551,150,4.72,0.01,13,20-04-2025 17.49
7552,7552,415,4.24,0.1,19,17-08-2024 21.09
7553,7553,787,4.84,0.09,5,20-07-2025 3.53
7558,7558,727,4.01,0.15,7,07-05-2025 5.12
7561,7561,571,4.59,0.09,14,13-07-2025 13.11
7562,7562,808,4.51,0.06,5,02-11-2024 9.52
7563,7563,555,4.79,0.12,7,25-12-2024 3.04
7568,7568,692,3.93,0.08,6,25-12-2024 21.30
7570,7570,940,4.9,0.06,12,01-04-2025 7.44
7571,7571,732,4.08,0.12,1,08-03-2025 3.39
7572,7572,701,4.63,0.13,20,09-03-2025 14.03
7573,7573,606,4.11,0.05,15,25-01-2025 10.57
7574,7574,271,4.41,0.05,10,07-09-2024 16.32
7575,7575,232,4.74,0.08,7,15-11-2024 7.03
7579,7579,853,4.57,0.1,11,02-06-2025 8.39
7582,7582,695,4.51,0.1,4,05-07-2025 19.24
7583,7583,562,4.14,0.06,14,10-10-2024 13.03
7584,7584,433,4.68,0.05,6,21-09-2024 14.58
7585,7585,150,3.82,0.02,5,31-03-2025 6.37
7586,7586,677,4.76,0.01,16,09-10-2024 2.10
7589,7589,885,4.01,0.09,12,03-11-2024 5.06
7592,7592,655,4.13,0.04,6,16-05-2025 18.06
7593,7593,992,3.93,0.11,17,12-06-2025 14.13
7596,7596,634,4.42,0.01,10,23-06-2025 2.03
7597,7597,621,4.53,0.08,3,29-06-2025 20.37
7599,7599,399,3.93,0.13,1,20-07-2025 20.57
7601,7601,510,4.88,0.12,1,14-06-2025 13.22
7604,7604,528,4.22,0.1,13,23-05-2025 9.42
7607,7607,448,3.85,0.05,0,17-01-2025 8.45
7609,7609,863,3.95,0.14,8,14-11-2024 9.17
7610,7610,452,4.42,0.07,17,02-01-2025 0.59
7612,7612,249,4.15,0.08,10,06-01-2025 8.07
7613,7613,534,4.47,0.02,11,06-01-2025 17.26
7614,7614,196,4.59,0.07,9,27-08-2024 9.12
7616,7616,923,4.45,0.12,13,22-11-2024 18.39
7619,7619,550,4.4,0.02,12,30-04-2025 22.22
7620,7620,124,4.63,0.07,11,25-12-2024 21.19
7621,7621,829,4.57,0.12,10,07-03-2025 17.41
7622,7622,540,4.75,0.06,11,24-03-2025 7.34
7623,7623,981,4.56,0.02,1,10-11-2024 0.30
7628,7628,858,4.76,0.09,2,12-12-2024 15.45
7629,7629,753,4.59,0.1,14,08-11-2024 21.37
7630,7630,595,4.01,0.1,12,14-06-2025 7.43
7635,7635,410,4.11,0.11,6,02-10-2024 18.39
7637,7637,688,4.21,0.06,15,04-03-2025 15.25
7638,7638,558,4.35,0.07,10,16-11-2024 23.21
7641,7641,368,4.62,0.09,0,12-05-2025 4.41
7643,7643,501,4.52,0.12,1,16-07-2025 5.35
7644,7644,963,4.56,0.12,9,14-05-2025 3.34
7647,7647,690,4.47,0.04,20,10-06-2025 23.17
7648,7648,893,4.18,0.08,4,29-07-2025 4.25
7652,7652,872,4.11,0.13,14,31-10-2024 14.08
7655,7655,275,4.9,0.01,6,24-12-2024 18.05
7657,7657,935,4.14,0.04,6,25-01-2025 8.45
7658,7658,444,4.4,0.03,1,11-06-2025 14.16
7661,7661,586,4.73,0.05,18,03-07-2025 5.18
7666,7666,297,4.08,0.07,12,18-02-2025 21.44
7667,7667,453,4.01,0,9,14-06-2025 10.02
7668,7668,518,4.58,0.05,10,13-06-2025 16.31
7671,7671,555,4.11,0.03,3,05-06-2025 19.10
7672,7672,864,4.36,0.04,4,04-05-2025 1.22
7676,7676,205,4.79,0.11,18,25-02-2025 17.36
7677,7677,606,4.81,0.1,6,14-11-2024 16.10
7678,7678,380,4.98,0.06,9,28-01-2025 6.44
7679,7679,501,4.42,0.12,5,31-05-2025 15.40
7680,7680,633,4.46,0.14,9,21-05-2025 8.22
7682,7682,427,4.79,0.07,6,17-09-2024 13.02
7691,7691,936,4.11,0.05,9,27-12-2024 10.02
7693,7693,145,4.15,0.12,12,30-04-2025 10.03
7695,7695,335,4.87,0.1,8,27-05-2025 21.15
7696,7696,488,3.96,0.07,0,20-11-2024 22.38
7697,7697,413,4.27,0.11,18,17-09-2024 1.35
7698,7698,617,4.73,0.13,8,22-12-2024 14.27
7699,7699,427,4.56,0.11,13,28-03-2025 21.07
7701,7701,626,3.9,0.14,10,13-02-2025 14.27
7703,7703,113,3.91,0.15,17,05-08-2024 11.16
7704,7704,569,4.66,0.11,19,13-04-2025 22.49
7706,7706,118,4.78,0.02,10,19-12-2024 17.55
7709,7709,856,4.42,0.04,5,06-07-2025 9.26
7710,7710,879,4.79,0.14,5,06-07-2025 0.30
7713,7713,436,4.26,0,16,12-11-2024 2.58
7715,7715,837,4.89,0.05,2,02-06-2025 16.14
7717,7717,325,4.17,0.11,19,06-09-2024 20.48
7718,7718,307,4.66,0.14,7,05-07-2025 9.58
7722,7722,821,4.79,0.04,2,29-10-2024 5.36
7723,7723,687,4.46,0.1,14,01-12-2024 8.43
7726,7726,569,4.42,0.04,3,18-12-2024 23.39
7727,7727,474,4.49,0.05,7,01-11-2024 9.48
7728,7728,693,4.2,0.15,10,19-08-2024 22.55
7731,7731,156,4.36,0.05,20,28-11-2024 16.07
7734,7734,937,4.77,0.13,12,11-05-2025 5.51
7736,7736,985,4.03,0.13,13,21-12-2024 15.09
7737,7737,356,4.92,0.12,19,13-04-2025 1.37
7743,7743,485,4.97,0.15,9,01-11-2024 4.52
7744,7744,709,4.53,0.14,11,05-11-2024 17.03
7745,7745,926,4.36,0.12,1,07-07-2025 21.43
7748,7748,621,4.46,0.1,8,04-07-2025 0.59
7750,7750,513,4.96,0.11,6,02-05-2025 6.37
7752,7752,982,4.45,0.08,5,01-07-2025 0.16
7753,7753,799,4.42,0.03,10,05-12-2024 0.27
7754,7754,719,4.51,0.1,16,20-07-2025 20.56
7756,7756,572,4.11,0.12,1,21-01-2025 3.54
7757,7757,913,3.85,0.1,8,15-01-2025 3.37
7758,7758,738,4.77,0.11,0,06-05-2025 9.52
7759,7759,130,3.83,0.14,19,25-12-2024 21.58
7762,7762,582,4.3,0.11,11,17-06-2025 17.02
7768,7768,350,4.59,0.14,11,29-01-2025 6.52
7770,7770,691,4.34,0,19,01-06-2025 14.54
7772,7772,648,4.68,0.14,4,06-07-2025 7.59
7773,7773,392,4.52,0.03,15,30-09-2024 21.56
7774,7774,978,4.36,0.02,14,17-01-2025 5.05
7775,7775,286,4.77,0.1,19,09-06-2025 5.03
7776,7776,833,4.97,0.01,6,27-04-2025 6.58
7779,7779,734,3.93,0.05,11,16-10-2024 4.55
7781,7781,405,4.07,0.02,19,03-07-2025 7.03
7782,7782,128,4.44,0.1,1,02-07-2025 2.00
7783,7783,130,4.54,0.08,6,20-12-2024 9.28
7784,7784,807,4.55,0.14,8,27-05-2025 16.59
7786,7786,455,3.86,0.15,4,12-01-2025 2.23
7788,7788,579,4.11,0.04,6,10-10-2024 1.30
7789,7789,662,4.43,0.03,18,06-01-2025 2.17
7790,7790,343,4.13,0.02,18,05-06-2025 23.32
7794,7794,618,4.31,0.01,12,22-12-2024 5.36
7795,7795,171,3.82,0.14,13,01-03-2025 17.58
7796,7796,975,3.81,0.09,18,12-12-2024 0.24
7797,7797,507,3.85,0.01,9,14-03-2025 18.41
7802,7802,760,4.23,0.07,12,01-07-2025 8.25
7803,7803,543,4.68,0.1,16,02-01-2025 15.55
7806,7806,317,4.28,0.1,0,14-06-2025 19.11
7810,7810,787,4.68,0.02,8,01-10-2024 3.04
7811,7811,259,4.75,0.05,5,18-04-2025 5.04
7812,7812,653,4.63,0.01,2,16-06-2025 4.18
7813,7813,367,4.35,0.11,1,10-12-2024 22.40
7814,7814,411,4.31,0.09,0,04-01-2025 8.03
7815,7815,608,4.29,0.12,2,17-04-2025 18.24
7817,7817,710,3.88,0.1,19,22-08-2024 3.09
7822,7822,547,4.1,0.12,7,18-02-2025 13.09
7823,7823,457,3.84,0,17,08-09-2024 21.25
7828,7828,363,4.34,0.14,19,06-08-2024 10.33
7830,7830,825,4.78,0.06,3,11-03-2025 3.55
7831,7831,894,4.11,0.01,17,07-12-2024 23.21
7832,7832,388,3.95,0.13,4,23-01-2025 6.33
7833,7833,951,4.55,0.07,18,18-06-2025 9.00
7835,7835,683,4.47,0,4,09-06-2025 16.33
7839,7839,757,4.71,0.02,4,08-03-2025 0.06
7840,7840,758,4.23,0.06,6,17-06-2025 23.22
7841,7841,571,4.62,0.13,18,16-02-2025 10.01
7845,7845,471,3.96,0.06,17,24-08-2024 0.05
7848,7848,587,4.81,0.02,0,08-08-2024 12.51
7852,7852,702,3.85,0.12,10,01-12-2024 9.48
7855,7855,789,4.1,0.07,17,19-12-2024 9.36
7856,7856,203,4.57,0.09,19,24-07-2025 0.12
7857,7857,939,4.54,0.07,4,21-03-2025 6.04
7859,7859,335,4.19,0.04,5,15-02-2025 20.25
7860,7860,710,4.79,0,15,18-05-2025 13.33
7862,7862,594,4.38,0.07,19,19-02-2025 9.17
7863,7863,238,4.53,0.03,19,19-03-2025 14.59
7872,7872,794,3.96,0.07,9,21-10-2024 4.18
7877,7877,892,3.88,0.01,18,19-11-2024 14.33
7878,7878,104,4.11,0.12,6,04-09-2024 23.11
7879,7879,372,4.69,0.04,17,24-03-2025 22.52
7881,7881,610,3.89,0.14,15,25-03-2025 5.10
7882,7882,314,3.99,0.03,19,05-01-2025 4.58
7883,7883,204,4.02,0.14,5,27-06-2025 22.11
7886,7886,221,4.03,0.08,17,29-08-2024 15.22
7888,7888,911,4.23,0.02,0,25-01-2025 10.18
7889,7889,130,4.23,0.13,1,21-04-2025 9.38
7890,7890,146,4.96,0.07,16,11-01-2025 10.03
7891,7891,763,4.68,0.04,16,24-11-2024 18.23
7894,7894,511,4.61,0.12,20,28-07-2025 18.43
7895,7895,999,4.67,0.04,1,16-11-2024 13.45
7896,7896,298,3.82,0,8,04-11-2024 15.05
7897,7897,922,4.45,0.02,10,24-09-2024 6.05
7901,7901,667,3.89,0.09,19,28-03-2025 2.17
7902,7902,763,4.45,0.09,16,07-08-2024 0.32
7903,7903,772,3.81,0.04,7,03-02-2025 10.04
7904,7904,829,4.22,0.08,7,09-01-2025 23.33
7905,7905,236,4.69,0.1,6,08-12-2024 11.36
7910,7910,438,3.99,0.14,13,10-03-2025 10.23
7912,7912,305,4.93,0.04,5,25-09-2024 7.45
7913,7913,303,3.84,0.11,17,09-11-2024 22.36
7914,7914,432,4.43,0.08,8,11-07-2025 23.42
7915,7915,878,4.15,0.08,2,07-05-2025 21.15
7918,7918,510,3.88,0.09,16,23-11-2024 23.38
7923,7923,636,3.86,0.03,18,17-05-2025 10.38
7924,7924,290,4.98,0.09,6,27-02-2025 11.54
7925,7925,962,4.7,0.1,5,22-03-2025 20.44
7927,7927,606,4.86,0.02,15,20-07-2025 14.32
7928,7928,151,4.36,0.07,10,18-02-2025 15.04
7930,7930,820,3.91,0.05,13,09-02-2025 11.45
7931,7931,469,3.99,0.13,15,20-07-2025 22.18
7933,7933,777,4.88,0.14,5,02-02-2025 15.23
7934,7934,453,4.5,0.04,10,07-06-2025 2.42
7935,7935,559,4.87,0.04,12,16-05-2025 17.16
7936,7936,183,3.95,0.01,14,17-11-2024 7.41
7941,7941,392,4.55,0.01,5,13-03-2025 5.07
7943,7943,669,4.36,0.11,11,20-07-2025 15.08
7945,7945,557,3.98,0.12,4,10-03-2025 22.57
7949,7949,170,4.44,0.04,5,04-06-2025 11.43
7950,7950,277,4.93,0.11,7,15-12-2024 8.59
7951,7951,428,4.14,0.04,17,12-11-2024 5.04
7952,7952,310,3.97,0.04,1,22-05-2025 11.16
7957,7957,164,4.19,0.14,19,01-03-2025 12.23
7959,7959,579,4.77,0.11,3,19-12-2024 13.40
7960,7960,798,4.02,0.03,9,27-08-2024 1.03
7963,7963,477,4.96,0.02,8,06-01-2025 14.50
7964,7964,265,4.82,0.14,18,01-02-2025 2.03
7965,7965,751,4.25,0.05,11,21-04-2025 21.50
7974,7974,144,4.61,0.09,8,20-02-2025 5.03
7979,7979,535,3.83,0.12,18,09-06-2025 8.59
7982,7982,154,4.49,0.01,0,31-08-2024 1.53
7989,7989,716,4.26,0.07,17,12-11-2024 20.05
7990,7990,526,4.77,0.13,15,26-11-2024 17.44
7992,7992,443,4.01,0.1,0,20-01-2025 17.29
7995,7995,603,4,0.06,10,25-06-2025 16.57
7996,7996,870,4.11,0.01,1,29-07-2025 0.10
7997,7997,767,4.71,0.13,4,16-11-2024 9.32
8000,8000,676,4.81,0.07,3,26-06-2025 6.51
8001,8001,782,4.96,0.14,8,25-04-2025 9.03
8005,8005,689,4.33,0.11,10,19-03-2025 13.59
8013,8013,427,4.98,0,20,01-08-2025 17.19
8016,8016,882,4.17,0.12,16,26-07-2025 5.44
8022,8022,255,4.76,0.11,6,27-11-2024 6.56
8023,8023,130,4.31,0.12,1,11-04-2025 11.05
8032,8032,577,4.36,0.09,5,19-12-2024 11.33
8034,8034,942,4.66,0.03,1,12-06-2025 9.14
8035,8035,723,4.2,0.15,7,22-03-2025 0.04
8036,8036,121,4.3,0,18,23-03-2025 20.10
8037,8037,372,4.77,0.01,10,02-10-2024 9.27
8040,8040,941,4.51,0.13,11,14-11-2024 16.46
8041,8041,420,3.92,0.05,1,05-03-2025 10.17
8045,8045,177,4.24,0.06,6,13-04-2025 8.10
8047,8047,678,4.32,0.08,4,16-12-2024 21.48
8050,8050,238,4.89,0.02,13,24-03-2025 1.33
8051,8051,735,4.53,0.15,11,23-05-2025 4.05
8052,8052,381,4.04,0.03,20,08-05-2025 21.39
8053,8053,941,4.27,0.05,14,31-07-2025 8.24
8054,8054,221,3.97,0.05,20,22-04-2025 11.27
8056,8056,671,4.72,0.05,6,23-06-2025 4.57
8058,8058,290,4.67,0.06,0,19-04-2025 20.34
8059,8059,519,3.86,0.1,19,21-09-2024 3.18
8061,8061,920,4.85,0.07,17,18-07-2025 15.18
8062,8062,608,4.16,0.01,0,21-08-2024 6.30
8064,8064,774,3.81,0.1,1,20-01-2025 19.40
8068,8068,687,4.88,0.01,4,06-09-2024 1.44
8069,8069,372,4.07,0.14,1,16-12-2024 8.47
8073,8073,148,4.7,0.14,7,18-04-2025 23.52
8075,8075,781,4.54,0.07,17,01-11-2024 7.49
8078,8078,384,4.95,0.05,20,14-06-2025 8.25
8079,8079,998,4.49,0.01,10,22-11-2024 0.13
8084,8084,536,4.38,0.04,11,29-10-2024 11.36
8087,8087,345,4.26,0.06,9,02-11-2024 22.58
8088,8088,717,4.82,0.02,11,08-01-2025 12.20
8089,8089,520,4.5,0.09,15,01-01-2025 16.40
8091,8091,533,4.79,0.13,18,05-02-2025 6.17
8092,8092,726,4.17,0.05,13,30-06-2025 11.02
8093,8093,998,4.29,0.01,6,14-09-2024 2.05
8095,8095,332,4.82,0.13,7,22-04-2025 8.42
8096,8096,803,4.85,0.05,16,11-10-2024 19.25
8097,8097,838,4.37,0.1,11,06-03-2025 19.55
8098,8098,831,4.12,0.08,10,16-05-2025 14.15
8099,8099,488,4.55,0.04,2,14-05-2025 3.18
8100,8100,219,4.17,0.1,13,26-02-2025 16.11
8103,8103,967,4.8,0.14,13,13-06-2025 11.28
8107,8107,286,4.99,0.02,20,07-07-2025 11.11
8108,8108,584,4.4,0.07,18,04-09-2024 10.33
8109,8109,153,4.72,0.13,16,03-08-2025 19.23
8114,8114,759,4.91,0.07,19,23-08-2024 7.20
8115,8115,551,4.4,0.08,2,28-04-2025 0.12
8121,8121,410,4.53,0.06,16,22-01-2025 7.15
8122,8122,195,4.78,0.01,10,04-07-2025 13.06
8123,8123,719,3.86,0.09,19,15-03-2025 5.28
8124,8124,384,4.34,0.04,2,02-09-2024 6.02
8127,8127,508,4.83,0.03,11,12-08-2024 7.08
8128,8128,195,4.33,0.04,3,11-06-2025 4.39
8132,8132,207,4.33,0.1,0,09-06-2025 8.45
8134,8134,775,4.97,0.12,9,15-07-2025 5.42
8138,8138,369,3.82,0.01,17,23-02-2025 17.22
8139,8139,306,3.97,0.14,0,11-11-2024 10.15
8140,8140,288,3.9,0.05,15,19-06-2025 22.05
8141,8141,814,4.57,0.06,3,19-02-2025 10.01
8146,8146,673,4.08,0.05,0,11-07-2025 6.05
8149,8149,310,4.65,0.07,17,26-09-2024 6.34
8150,8150,434,4.73,0.09,5,30-11-2024 5.40
8151,8151,582,4.59,0,1,15-09-2024 15.34
8154,8154,360,3.98,0.08,7,13-02-2025 20.40
8155,8155,678,3.93,0.13,2,12-03-2025 17.03
8157,8157,440,4.39,0.08,3,22-11-2024 8.42
8159,8159,836,4.11,0.02,5,28-12-2024 15.04
8160,8160,794,4.31,0.07,7,26-04-2025 15.29
8162,8162,107,3.88,0.09,8,23-05-2025 6.14
8169,8169,868,4.04,0.12,19,27-12-2024 22.35
8170,8170,728,4.21,0.05,16,15-10-2024 16.12
8172,8172,315,4.4,0.08,4,23-06-2025 2.26
8173,8173,273,3.84,0.09,8,09-06-2025 13.43
8174,8174,611,3.98,0.12,13,01-08-2025 19.27
8175,8175,506,4.68,0.03,3,14-10-2024 1.28
8176,8176,993,4.56,0.12,18,19-12-2024 7.08
8177,8177,924,4.88,0.02,13,31-12-2024 18.34
8178,8178,506,4.21,0.03,15,06-01-2025 2.34
8185,8185,917,4.91,0.15,8,08-10-2024 2.41
8187,8187,723,4.54,0.05,20,29-03-2025 15.49
8188,8188,976,3.98,0,20,24-12-2024 15.13
8189,8189,562,4.96,0,14,10-10-2024 20.23
8192,8192,628,4.86,0.02,4,24-04-2025 9.58
8196,8196,374,4.38,0.03,14,24-10-2024 9.45
8198,8198,225,4.61,0.04,19,24-05-2025 20.34
8202,8202,706,4.52,0.01,19,06-08-2024 1.37
8203,8203,631,4.74,0.11,14,30-04-2025 5.55
8210,8210,421,4.67,0.02,2,24-12-2024 12.47
8212,8212,831,3.97,0.1,11,21-07-2025 18.38
8214,8214,531,4.03,0.08,8,29-10-2024 4.18
8216,8216,318,4.69,0.03,7,21-07-2025 23.05
8218,8218,918,4.57,0.13,17,07-08-2024 11.06
8219,8219,939,4.54,0.01,8,16-12-2024 20.41
8220,8220,805,4.93,0.04,1,07-09-2024 2.23
8221,8221,593,4.25,0.14,10,12-06-2025 16.14
8222,8222,183,4.2,0.01,19,03-11-2024 18.54
8223,8223,357,3.87,0.08,5,12-10-2024 2.36
8225,8225,891,4.55,0.09,1,12-02-2025 19.34
8228,8228,192,4.37,0.04,8,09-08-2024 2.04
8232,8232,726,4.99,0.09,7,15-02-2025 8.53
8233,8233,675,4.95,0.07,12,11-02-2025 5.02
8236,8236,530,4.48,0.07,4,22-06-2025 7.08
8237,8237,649,4.3,0,10,15-10-2024 7.00
8238,8238,969,4.79,0.02,0,08-12-2024 19.50
8241,8241,593,3.81,0.01,3,24-04-2025 16.25
8244,8244,838,4.25,0.13,13,27-04-2025 15.15
8248,8248,618,4.46,0.02,15,30-11-2024 0.47
8250,8250,737,3.84,0.11,17,03-08-2025 19.03
8253,8253,207,4.38,0.11,18,07-01-2025 9.07
8255,8255,129,4.37,0.12,1,05-01-2025 23.52
8256,8256,126,4.89,0.1,20,04-10-2024 3.50
8257,8257,573,4.63,0.03,0,07-10-2024 23.38
8258,8258,329,4.51,0.02,17,03-11-2024 7.48
8260,8260,168,4.18,0.06,16,20-08-2024 14.53
8263,8263,261,4.53,0.03,14,03-03-2025 6.00
8264,8264,317,4.67,0.01,11,20-02-2025 14.07
8265,8265,192,3.98,0.1,5,02-01-2025 17.32
8266,8266,818,4.96,0.05,14,05-06-2025 5.05
8268,8268,369,4.41,0.13,16,18-09-2024 15.59
8269,8269,630,3.98,0.15,5,04-08-2025 5.23
8271,8271,929,4.56,0.09,16,12-12-2024 21.08
8273,8273,806,4.81,0.15,18,21-02-2025 22.58
8274,8274,225,4.16,0.01,3,01-08-2025 4.09
8279,8279,703,4.29,0.04,5,04-06-2025 21.38
8281,8281,731,4.8,0.12,17,14-03-2025 2.36
8286,8286,674,3.98,0.15,17,06-10-2024 6.03
8288,8288,873,4.36,0.1,20,11-12-2024 10.20
8290,8290,651,3.88,0.09,6,23-08-2024 2.01
8291,8291,869,4.88,0.15,18,05-02-2025 15.12
8293,8293,288,4.02,0.07,5,09-09-2024 6.16
8294,8294,312,4.66,0.01,12,17-10-2024 2.56
8296,8296,417,4.31,0.1,1,16-10-2024 20.30
8297,8297,960,4.88,0.01,12,21-10-2024 17.06
8302,8302,498,4.01,0,18,23-03-2025 17.57
8306,8306,641,4.75,0.07,8,23-05-2025 16.53
8311,8311,578,4.42,0.11,11,16-06-2025 20.47
8313,8313,456,4.94,0.07,16,14-12-2024 16.55
8314,8314,478,4.08,0.04,15,25-03-2025 19.53
8320,8320,116,4.18,0.13,16,27-04-2025 15.07
8323,8323,182,4.81,0.07,5,31-01-2025 5.50
8324,8324,167,4.32,0.07,0,06-12-2024 6.22
8325,8325,658,4.85,0.01,6,23-09-2024 13.46
8329,8329,652,4.36,0.01,12,08-07-2025 19.14
8330,8330,395,3.98,0.14,11,27-10-2024 20.27
8332,8332,718,4.6,0.05,7,29-06-2025 4.55
8334,8334,447,3.84,0.04,19,23-12-2024 2.54
8336,8336,613,4.55,0.13,20,26-05-2025 5.34
8337,8337,744,4.2,0.13,18,28-01-2025 3.08
8341,8341,354,4.66,0.11,4,17-03-2025 22.13
8343,8343,966,3.97,0.04,3,31-12-2024 22.46
8347,8347,244,4.9,0.1,9,25-12-2024 13.38
8350,8350,423,4.64,0.08,0,18-03-2025 14.32
8351,8351,284,4.3,0.01,11,24-10-2024 23.03
8352,8352,146,4,0.06,14,05-09-2024 7.23
8353,8353,306,4.47,0.05,9,01-12-2024 15.20
8356,8356,721,4.24,0.05,13,26-03-2025 18.07
8359,8359,212,4.66,0.1,19,07-09-2024 12.28
8360,8360,186,4,0.08,11,22-05-2025 7.59
8361,8361,883,4.09,0.05,6,30-01-2025 19.32
8363,8363,264,4.27,0.03,8,25-08-2024 16.05
8364,8364,426,4.75,0.05,16,31-01-2025 4.41
8367,8367,237,3.84,0.15,9,05-02-2025 0.36
8368,8368,140,4.88,0.07,19,21-12-2024 22.16
8372,8372,359,4.84,0.1,13,13-04-2025 10.40
8374,8374,486,4.61,0.03,12,02-02-2025 13.33
8375,8375,583,4.89,0.05,0,14-05-2025 9.48
8376,8376,164,4.72,0.04,4,21-11-2024 20.13
8377,8377,500,4.1,0.13,12,19-08-2024 10.14
8381,8381,609,4.99,0.11,19,01-04-2025 19.46
8383,8383,245,3.91,0.1,11,28-10-2024 23.44
8384,8384,140,4.03,0.03,8,02-01-2025 12.43
8385,8385,988,4.39,0.14,16,12-07-2025 17.41
8388,8388,267,4.41,0.12,17,07-05-2025 17.18
8390,8390,336,4.28,0.03,16,06-08-2024 4.42
8391,8391,418,4.16,0.12,19,14-10-2024 6.01
8392,8392,963,4.91,0.1,11,30-11-2024 20.12
8393,8393,661,4.68,0.03,15,28-09-2024 17.19
8394,8394,613,4.54,0.09,18,17-08-2024 12.55
8396,8396,185,4.32,0.14,1,02-09-2024 18.11
8397,8397,714,4.14,0.09,0,07-09-2024 15.48
8398,8398,230,4.61,0.03,16,23-03-2025 1.37
8399,8399,481,4.82,0.15,14,21-01-2025 18.43
8400,8400,234,4.48,0.1,2,23-04-2025 23.28
8402,8402,559,4.98,0.11,8,17-08-2024 0.36
8403,8403,811,4.34,0.14,14,26-09-2024 2.18
8406,8406,976,4.52,0.05,12,06-12-2024 14.52
8407,8407,148,4.18,0.13,20,24-05-2025 4.46
8409,8409,180,4.92,0.13,19,03-01-2025 7.13
8410,8410,224,4.25,0.01,20,29-09-2024 0.47
8412,8412,441,4.27,0,12,28-10-2024 6.33
8413,8413,862,4.71,0.05,0,30-12-2024 4.57
8417,8417,754,4.98,0.13,3,01-12-2024 14.02
8420,8420,545,4,0.04,2,22-08-2024 12.37
8421,8421,836,3.91,0.09,9,10-01-2025 18.34
8422,8422,260,4.41,0.14,16,18-05-2025 11.13
8423,8423,322,4.84,0.05,7,20-06-2025 7.20
8424,8424,594,4.47,0.03,13,24-10-2024 4.33
8427,8427,354,4.94,0.01,0,20-02-2025 5.29
8429,8429,133,4.82,0.05,20,11-01-2025 12.33
8430,8430,136,3.93,0.1,1,23-10-2024 20.46
8431,8431,585,3.98,0.02,12,16-01-2025 10.46
8432,8432,981,4.12,0.03,10,08-08-2024 17.04
8434,8434,456,4.94,0.09,13,27-07-2025 16.57
8436,8436,278,4.83,0.04,17,27-12-2024 14.39
8439,8439,105,4.66,0.05,0,08-02-2025 5.58
8440,8440,766,4.55,0.05,4,28-11-2024 23.09
8441,8441,297,4.39,0.15,1,04-02-2025 22.31
8442,8442,574,4.67,0.1,11,28-06-2025 10.33
8444,8444,970,4.94,0.05,15,20-08-2024 16.24
8447,8447,846,4.67,0.12,15,29-05-2025 15.52
8448,8448,259,4.85,0.02,13,16-06-2025 23.25
8451,8451,305,4.74,0.11,19,22-01-2025 19.30
8452,8452,769,4.65,0.06,2,12-01-2025 6.36
8453,8453,909,4.48,0.07,17,04-02-2025 12.27
8454,8454,396,3.9,0.15,13,24-08-2024 4.32
8455,8455,683,4.54,0.08,14,09-11-2024 1.27
8456,8456,341,4.01,0.12,14,07-09-2024 4.00
8457,8457,244,4.95,0.15,18,20-08-2024 2.11
8462,8462,146,5,0.13,19,21-08-2024 17.14
8463,8463,238,4.6,0.01,15,04-05-2025 15.34
8465,8465,702,4.6,0.02,14,10-12-2024 15.08
8468,8468,796,3.9,0.14,15,20-09-2024 4.02
8469,8469,432,4.96,0.02,2,17-09-2024 13.17
8471,8471,925,3.9,0.01,12,06-09-2024 10.08
8473,8473,430,4.81,0.02,5,13-07-2025 6.53
8477,8477,533,4.65,0.03,7,20-04-2025 14.45
8479,8479,761,4.73,0.05,13,10-10-2024 12.52
8480,8480,540,4.71,0.04,0,11-02-2025 4.21
8483,8483,595,4.85,0.02,8,11-05-2025 2.33
8486,8486,422,4.44,0.04,17,29-01-2025 2.51
8488,8488,464,3.83,0.07,10,20-01-2025 23.09
8492,8492,461,3.81,0.14,3,29-05-2025 6.31
8494,8494,878,4.45,0.12,0,15-09-2024 4.13
8496,8496,711,3.98,0.13,20,22-10-2024 16.28
8497,8497,600,4.97,0.09,16,18-02-2025 16.03
8499,8499,420,4.97,0.06,0,09-01-2025 10.45
8500,8500,357,4.24,0.14,17,01-06-2025 16.21
8501,8501,183,4.87,0.05,19,28-01-2025 11.10
8503,8503,954,4.56,0.01,20,29-09-2024 12.03
8504,8504,916,4.22,0.12,6,18-03-2025 20.52
8505,8505,325,4.36,0.15,5,30-10-2024 14.33
8506,8506,739,4.93,0.08,6,09-04-2025 0.23
8507,8507,330,4.89,0.15,18,09-03-2025 14.53
8511,8511,143,4.4,0.1,7,15-04-2025 15.48
8515,8515,279,4.65,0.09,15,19-05-2025 10.11
8520,8520,835,4.59,0.02,4,16-06-2025 1.49
8522,8522,691,4.66,0.11,6,05-07-2025 9.50
8523,8523,958,4.98,0.14,11,21-10-2024 13.59
8526,8526,231,3.84,0.1,9,25-04-2025 20.54
8527,8527,688,4.54,0.02,5,20-04-2025 18.18
8528,8528,816,4.1,0.15,0,21-12-2024 20.11
8529,8529,746,4.94,0.01,16,07-03-2025 15.59
8530,8530,961,3.96,0.01,1,18-07-2025 23.31
8531,8531,192,3.86,0,9,18-01-2025 19.09
8532,8532,917,4.15,0.08,11,15-12-2024 19.53
8533,8533,903,4,0.14,4,22-12-2024 20.17
8535,8535,582,4.8,0.08,11,01-03-2025 21.42
8537,8537,172,3.98,0.1,4,05-05-2025 22.46
8544,8544,852,3.8,0.09,9,30-08-2024 13.30
8548,8548,400,4.77,0.09,5,07-06-2025 9.49
8550,8550,381,4.01,0.11,1,19-06-2025 16.25
8553,8553,490,4.78,0.11,12,24-09-2024 14.41
8556,8556,647,4.52,0.14,9,17-07-2025 22.25
8557,8557,393,3.85,0.08,8,17-02-2025 23.57
8558,8558,128,4.52,0.03,9,16-11-2024 0.09
8559,8559,704,3.92,0.04,14,28-02-2025 23.07
8564,8564,938,4.07,0.14,17,27-07-2025 0.30
8566,8566,412,4.44,0.11,9,22-04-2025 17.57
8570,8570,521,4.81,0.03,10,10-12-2024 0.13
8574,8574,426,4.34,0.12,16,09-05-2025 21.59
8578,8578,457,4.99,0.11,15,13-12-2024 5.37
8583,8583,115,4.04,0.13,18,17-08-2024 15.36
8585,8585,511,4.31,0.04,9,17-07-2025 18.30
8586,8586,816,4.2,0.08,14,09-12-2024 10.06
8587,8587,655,4.25,0.01,14,19-01-2025 16.10
8588,8588,883,4.84,0.02,2,09-11-2024 11.16
8590,8590,599,4.46,0.11,20,27-12-2024 14.34
8592,8592,814,4.03,0.1,15,03-07-2025 1.03
8593,8593,992,4.05,0.1,3,27-06-2025 21.47
8594,8594,748,4.99,0.04,18,06-05-2025 3.36
8596,8596,968,3.81,0.12,19,31-10-2024 2.06
8602,8602,919,4.63,0.01,2,16-06-2025 15.29
8603,8603,966,4.98,0.07,13,06-08-2024 15.46
8605,8605,265,4.88,0.02,13,29-04-2025 2.14
8609,8609,555,4.87,0.03,20,11-01-2025 17.18
8613,8613,360,4.06,0.08,6,23-01-2025 9.01
8614,8614,678,4.07,0.11,0,23-02-2025 22.26
8615,8615,968,4.15,0.05,12,23-01-2025 2.36
8616,8616,298,4.98,0.04,10,30-10-2024 1.37
8618,8618,587,4.46,0,15,10-03-2025 11.58
8620,8620,989,4.26,0.05,20,27-11-2024 1.30
8623,8623,348,4.83,0.06,2,02-09-2024 1.58
8624,8624,938,4.82,0.07,19,03-09-2024 16.49
8625,8625,272,4.28,0.14,2,14-08-2024 0.28
8626,8626,385,4.99,0.03,15,10-07-2025 21.58
8627,8627,632,3.81,0.06,7,07-04-2025 15.18
8632,8632,200,4.18,0.04,5,22-01-2025 10.42
8635,8635,380,4.47,0.01,9,21-10-2024 13.58
8638,8638,254,4.26,0.09,16,18-04-2025 23.51
8640,8640,287,4.02,0.08,16,01-12-2024 16.12
8642,8642,109,4.58,0.08,18,30-09-2024 20.15
8646,8646,120,4.44,0.01,15,23-03-2025 2.23
8647,8647,650,4.14,0.02,7,19-11-2024 4.55
8651,8651,251,3.93,0.09,19,04-06-2025 14.13
8656,8656,403,3.81,0.02,10,29-12-2024 18.37
8660,8660,598,4.79,0.05,5,29-05-2025 18.47
8663,8663,526,4.72,0,6,24-11-2024 17.17
8665,8665,291,4.71,0.1,12,23-05-2025 17.05
8667,8667,551,3.96,0.08,15,03-09-2024 22.53
8668,8668,754,4.45,0,4,18-05-2025 21.55
8671,8671,768,4.01,0.07,13,09-09-2024 23.40
8673,8673,267,4.36,0.14,18,17-06-2025 7.57
8676,8676,253,4.24,0.08,18,10-02-2025 16.21
8679,8679,514,4.35,0.1,16,19-06-2025 5.02
8680,8680,600,4.97,0.06,13,14-07-2025 17.42
8682,8682,947,4.43,0.11,11,18-09-2024 2.36
8685,8685,705,4.48,0.1,13,29-06-2025 15.44
8686,8686,598,4.09,0.09,19,02-11-2024 7.55
8687,8687,700,4.72,0.15,16,13-03-2025 9.35
8688,8688,310,3.94,0.08,7,18-10-2024 1.21
8690,8690,748,4.69,0.09,14,04-03-2025 3.46
8697,8697,960,4.57,0.14,18,03-01-2025 14.40
8701,8701,237,4.31,0.02,15,27-10-2024 8.04
8706,8706,479,3.8,0.08,20,14-07-2025 0.30
8712,8712,113,4.48,0.03,0,26-08-2024 12.15
8713,8713,401,4.67,0.06,10,27-07-2025 17.47
8714,8714,377,4.57,0.11,7,31-05-2025 16.39
8716,8716,180,4.84,0.06,19,16-02-2025 6.04
8717,8717,381,4.12,0.04,16,23-04-2025 0.02
8718,8718,571,4.06,0.08,4,23-12-2024 4.18
8720,8720,251,4.77,0.03,0,16-02-2025 5.23
8722,8722,527,4.97,0.08,17,26-09-2024 16.33
8723,8723,185,4.47,0.05,5,22-05-2025 2.46
8728,8728,551,4.3,0.11,1,10-06-2025 17.15
8730,8730,615,3.86,0.05,6,18-12-2024 20.56
8731,8731,623,4.17,0.14,18,17-03-2025 2.56
8732,8732,239,3.81,0.11,7,29-09-2024 14.23
8733,8733,859,4.7,0.01,16,02-04-2025 16.12
8737,8737,827,4.78,0.07,15,23-02-2025 10.02
8740,8740,822,3.82,0.1,3,28-09-2024 22.02
8741,8741,309,4.3,0.02,0,07-06-2025 22.04
8744,8744,729,4.01,0.06,16,23-02-2025 14.09
8746,8746,768,4.67,0.11,3,19-09-2024 12.10
8747,8747,554,4.14,0.11,10,07-10-2024 8.56
8749,8749,228,4.47,0,15,28-09-2024 12.39
8750,8750,218,4.75,0.06,17,23-02-2025 1.11
8751,8751,556,4.78,0.11,14,29-08-2024 20.33
8752,8752,557,4.02,0.05,3,18-01-2025 13.21
8755,8755,860,4.3,0.15,10,17-05-2025 16.23
8756,8756,857,4.26,0.12,17,19-09-2024 1.53
8757,8757,286,4.08,0.07,6,24-04-2025 21.13
8758,8758,735,4.16,0.13,2,27-02-2025 6.42
8759,8759,896,4.6,0.04,6,07-10-2024 21.11
8764,8764,800,4.94,0.04,18,23-07-2025 17.37
8765,8765,201,4.18,0.07,12,19-04-2025 7.19
8766,8766,289,4.6,0.1,10,26-10-2024 6.23
8767,8767,502,4.42,0.12,19,23-10-2024 14.39
8771,8771,932,4.75,0.12,10,03-06-2025 19.13
8773,8773,957,3.83,0.03,16,07-10-2024 21.53
8774,8774,794,4.65,0.03,6,13-03-2025 12.50
8776,8776,959,4.7,0.04,0,12-11-2024 22.00
8779,8779,447,4.91,0.12,10,17-04-2025 0.03
8780,8780,633,4.46,0.09,20,18-09-2024 1.35
8783,8783,144,4.82,0.12,5,16-03-2025 10.49
8786,8786,339,4.19,0.01,6,22-07-2025 0.44
8789,8789,964,3.92,0.1,7,20-11-2024 17.44
8792,8792,943,4.84,0.1,20,01-01-2025 14.33
8793,8793,400,4.49,0.09,16,25-06-2025 12.10
8794,8794,951,3.81,0.05,9,05-08-2024 14.37
8796,8796,644,4.2,0.09,1,04-05-2025 2.44
8797,8797,846,4.54,0.09,10,06-08-2024 16.37
8798,8798,764,4.81,0.08,2,28-06-2025 5.38
8799,8799,637,4.46,0.12,5,06-02-2025 14.32
8800,8800,353,4.63,0.05,8,07-03-2025 22.24
8803,8803,739,4.58,0.03,5,15-04-2025 2.54
8804,8804,585,4.61,0.12,6,11-12-2024 7.15
8805,8805,533,4.79,0.05,9,16-09-2024 1.12
8807,8807,979,4.36,0.15,12,24-02-2025 1.47
8809,8809,203,4.24,0.13,8,25-05-2025 21.16
8812,8812,600,4.78,0.07,7,27-05-2025 17.40
8813,8813,422,4.35,0.07,0,07-07-2025 17.02
8815,8815,196,4.45,0.01,15,14-09-2024 21.49
8816,8816,897,4.72,0.03,1,10-12-2024 3.29
8823,8823,939,4.69,0.14,1,10-05-2025 17.36
8824,8824,666,4.86,0.08,13,28-01-2025 10.43
8826,8826,681,4.44,0.07,6,12-05-2025 17.45
8827,8827,547,4.48,0.09,8,09-02-2025 7.31
8829,8829,383,4.32,0.13,15,23-12-2024 1.37
8830,8830,682,4.02,0.1,9,18-08-2024 3.09
8833,8833,882,4.38,0.06,4,18-11-2024 2.06
8835,8835,899,4,0.11,14,07-09-2024 8.07
8836,8836,220,4.79,0.01,17,15-09-2024 22.10
8841,8841,370,4.24,0.03,4,01-04-2025 23.40
8842,8842,718,4.67,0.1,3,10-08-2024 6.41
8844,8844,612,4.47,0.02,20,09-12-2024 16.53
8846,8846,550,4.91,0.02,4,07-08-2024 9.39
8848,8848,856,4.3,0.08,1,13-02-2025 23.12
8849,8849,772,4.04,0.11,14,22-02-2025 21.29
8850,8850,575,3.92,0.01,1,28-10-2024 17.46
8852,8852,125,4.68,0.05,8,19-09-2024 7.42
8853,8853,677,4.84,0.1,10,10-10-2024 11.14
8854,8854,607,4.04,0.02,9,05-01-2025 3.43
8855,8855,875,4.31,0.02,17,26-03-2025 12.00
8858,8858,952,4.32,0.11,0,09-10-2024 9.03
8859,8859,250,3.89,0,13,26-09-2024 22.37
8862,8862,379,4.29,0.11,14,12-05-2025 12.01
8864,8864,269,4.96,0.04,20,20-10-2024 17.50
8866,8866,740,3.87,0.13,4,16-03-2025 18.35
8867,8867,177,3.93,0.08,12,24-07-2025 13.21
8868,8868,576,4.08,0.11,7,16-01-2025 15.03
8869,8869,961,3.96,0.15,0,10-01-2025 21.23
8871,8871,582,4.88,0.07,10,05-03-2025 5.00
8872,8872,803,3.9,0.05,19,07-02-2025 20.05
8873,8873,551,3.94,0.04,4,22-04-2025 6.06
8876,8876,784,3.94,0.12,14,24-09-2024 11.37
8877,8877,248,4.06,0,5,18-03-2025 17.42
8880,8880,397,4.39,0.03,19,25-10-2024 7.12
8883,8883,879,4.56,0,5,10-01-2025 22.14
8885,8885,160,4.9,0.08,13,08-11-2024 20.41
8886,8886,419,4.69,0.1,8,24-05-2025 10.28
8887,8887,368,3.95,0.11,14,21-09-2024 23.51
8888,8888,112,4.49,0.12,19,15-05-2025 11.36
8896,8896,881,4.92,0.08,10,11-07-2025 18.40
8898,8898,863,3.94,0.07,20,30-06-2025 3.08
8902,8902,847,3.98,0.02,13,07-02-2025 5.37
8904,8904,818,4.43,0.02,6,19-02-2025 23.31
8906,8906,693,4.12,0.13,3,21-01-2025 15.28
8907,8907,838,4.01,0.12,5,04-03-2025 21.19
8908,8908,974,3.97,0,18,26-08-2024 23.02
8910,8910,140,4.74,0.08,3,06-03-2025 4.07
8912,8912,748,4.59,0.1,20,16-04-2025 19.50
8913,8913,871,4.81,0.13,14,17-02-2025 15.56
8915,8915,538,4.6,0.04,10,04-05-2025 8.34
8919,8919,890,4.12,0.05,18,24-02-2025 2.19
8921,8921,633,4.13,0.13,15,10-03-2025 6.09
8922,8922,362,4.64,0.08,19,23-09-2024 9.00
8923,8923,246,4.55,0.11,13,14-04-2025 6.09
8925,8925,602,4.51,0.1,3,26-10-2024 12.29
8926,8926,347,4.53,0.05,6,26-06-2025 20.44
8927,8927,345,4.49,0.12,18,30-03-2025 16.30
8928,8928,883,4.66,0.06,3,01-07-2025 10.51
8930,8930,855,4.62,0.14,20,26-08-2024 8.06
8931,8931,495,4.7,0.01,20,13-05-2025 8.44
8932,8932,267,4.6,0.07,3,23-08-2024 17.09
8933,8933,116,4.9,0.04,11,27-07-2025 15.00
8934,8934,517,4.54,0.05,9,20-12-2024 3.05
8935,8935,546,4.11,0.11,14,30-09-2024 10.26
8939,8939,834,4.77,0.1,18,04-10-2024 16.37
8943,8943,234,4.59,0.04,11,04-11-2024 1.21
8944,8944,498,4.59,0.15,18,19-02-2025 13.43
8946,8946,975,4.82,0.12,7,15-03-2025 2.08
8947,8947,142,4.6,0.11,19,05-10-2024 17.04
8950,8950,828,3.98,0.05,5,20-07-2025 15.48
8951,8951,564,4.77,0.08,20,27-11-2024 2.23
8953,8953,131,4.99,0.1,9,02-09-2024 3.23
8955,8955,897,4.66,0.11,16,20-07-2025 13.07
8956,8956,933,4.4,0.08,18,19-05-2025 19.58
8957,8957,655,3.93,0,4,06-10-2024 4.50
8959,8959,220,4.48,0.01,17,09-04-2025 19.58
8960,8960,730,4.24,0.01,12,27-12-2024 8.15
8961,8961,409,4.28,0.08,13,14-06-2025 17.29
8962,8962,998,4.07,0.04,18,26-05-2025 12.43
8964,8964,102,3.95,0.05,16,14-01-2025 14.01
8966,8966,661,3.91,0.11,19,19-10-2024 11.16
8967,8967,264,4.07,0.07,9,30-01-2025 9.00
8968,8968,133,4.86,0.1,8,11-11-2024 4.25
8969,8969,978,3.99,0.09,3,08-02-2025 10.19
8971,8971,713,4,0.08,5,02-08-2025 4.58
8972,8972,961,4.07,0.08,7,09-01-2025 8.51
8976,8976,451,4.13,0.08,20,26-06-2025 1.58
8977,8977,547,4.94,0.09,18,28-09-2024 12.53
8979,8979,661,4.14,0.04,17,20-01-2025 0.52
8980,8980,741,4.91,0.13,20,14-01-2025 6.28
8982,8982,321,4.19,0.08,4,30-08-2024 21.47
8983,8983,161,4.86,0.01,6,19-02-2025 1.46
8985,8985,628,4.87,0.04,14,29-11-2024 5.13
8988,8988,309,4.78,0.06,12,12-05-2025 15.08
8989,8989,188,4.43,0.12,12,22-08-2024 1.37
8990,8990,233,4.66,0.09,18,22-05-2025 6.47
8991,8991,161,4.89,0.01,16,10-04-2025 13.19
8996,8996,235,4.97,0.06,0,14-02-2025 11.06
8998,8998,674,4.94,0.15,6,22-06-2025 20.31
8999,8999,313,3.99,0.08,11,03-05-2025 1.01
9002,9002,236,4.29,0.09,5,23-08-2024 6.22
9003,9003,831,4.82,0.07,17,16-06-2025 10.44
9004,9004,874,4.2,0.06,12,02-03-2025 0.27
9007,9007,915,4.14,0.09,16,14-05-2025 20.08
9009,9009,348,4.37,0.07,5,12-02-2025 8.10
9010,9010,248,4.93,0.05,13,21-04-2025 12.14
9015,9015,781,4.1,0.14,7,19-10-2024 3.48
9016,9016,588,4.7,0.05,12,30-01-2025 14.12
9018,9018,496,4.06,0.03,6,31-08-2024 1.19
9019,9019,793,4.03,0.15,5,11-09-2024 6.13
9021,9021,770,4.42,0.13,0,31-12-2024 4.19
9022,9022,514,4.06,0.04,9,02-09-2024 4.37
9026,9026,820,4.44,0.04,8,11-02-2025 0.47
9027,9027,884,4.88,0.11,20,12-11-2024 6.49
9029,9029,915,4.17,0.07,0,20-09-2024 2.11
9030,9030,817,4,0.05,17,07-11-2024 12.20
9031,9031,278,4.33,0.1,2,24-12-2024 7.36
9032,9032,976,4.38,0.09,5,30-04-2025 11.36
9036,9036,133,4.18,0.09,3,13-04-2025 11.12
9037,9037,633,4.4,0.12,17,04-10-2024 0.20
9038,9038,232,4.05,0.12,18,25-01-2025 17.07
9039,9039,145,3.95,0.11,12,06-08-2024 20.20
9044,9044,155,4.86,0.04,10,24-06-2025 5.08
9046,9046,495,4.83,0.05,12,11-08-2024 18.45
9048,9048,180,4.84,0.02,19,25-02-2025 16.39
9050,9050,647,4.19,0.09,3,09-07-2025 4.03
9059,9059,164,4.24,0.03,18,25-05-2025 4.39
9060,9060,597,4.02,0.08,16,05-02-2025 13.39
9062,9062,450,4.18,0.05,19,18-02-2025 8.15
9063,9063,425,4.24,0.03,14,08-08-2024 0.51
9064,9064,530,4.07,0.11,15,03-07-2025 13.36
9065,9065,168,4.5,0.1,11,15-07-2025 1.30
9066,9066,213,3.93,0.04,4,26-10-2024 15.21
9068,9068,230,4.44,0.07,4,14-10-2024 23.00
9069,9069,652,4,0.13,18,22-11-2024 17.29
9072,9072,918,4.89,0.12,9,07-08-2024 12.21
9074,9074,499,4.19,0.09,16,26-04-2025 17.40
9075,9075,952,4.12,0.03,18,04-08-2025 8.40
9076,9076,196,4.31,0.05,10,02-06-2025 3.36
9077,9077,166,4.01,0.08,5,01-07-2025 16.43
9080,9080,137,4.74,0.09,11,18-03-2025 18.48
9083,9083,753,4.49,0.07,6,08-02-2025 16.03
9084,9084,771,4.59,0.03,17,22-07-2025 12.32
9087,9087,686,4.28,0.06,14,10-06-2025 2.58
9091,9091,539,4.14,0.11,13,16-09-2024 6.00
9095,9095,950,4.59,0.11,13,14-01-2025 12.40
9096,9096,834,4.56,0.13,6,15-10-2024 21.58
9106,9106,381,4.72,0.02,19,26-02-2025 14.41
9107,9107,747,4.68,0.06,3,05-11-2024 19.24
9110,9110,711,4.14,0.06,7,19-11-2024 7.09
9114,9114,326,4.06,0.12,14,13-02-2025 7.18
9115,9115,272,4.56,0.06,7,14-12-2024 5.04
9117,9117,809,4.07,0.02,5,03-12-2024 18.57
9120,9120,488,3.95,0.02,19,28-02-2025 6.36
9122,9122,193,4.73,0.01,1,12-08-2024 16.35
9123,9123,537,4.99,0.13,12,06-08-2024 19.46
9124,9124,816,4.63,0.1,15,30-06-2025 19.47
9127,9127,552,4.95,0.04,16,23-07-2025 4.50
9129,9129,281,4.08,0.07,16,14-07-2025 22.33
9130,9130,274,3.95,0.09,8,01-10-2024 7.02
9131,9131,595,3.92,0.05,5,29-03-2025 13.00
9134,9134,843,4.01,0.08,2,09-09-2024 15.16
9135,9135,804,4.7,0.09,10,17-11-2024 14.46
9136,9136,950,4.29,0.01,15,15-06-2025 13.36
9138,9138,571,4.17,0.11,11,19-01-2025 17.14
9139,9139,256,4.67,0.03,12,15-07-2025 21.49
9141,9141,303,4.94,0.04,15,13-02-2025 20.47
9142,9142,180,4.61,0.05,7,07-10-2024 20.10
9143,9143,895,4.42,0.12,19,10-01-2025 7.19
9144,9144,697,4.1,0.1,4,10-08-2024 16.25
9145,9145,876,4.17,0.15,13,02-03-2025 5.39
9149,9149,242,4.12,0.14,7,08-03-2025 17.13
9152,9152,747,4.69,0.02,8,15-01-2025 8.54
9153,9153,319,4.58,0.04,8,26-08-2024 10.18
9154,9154,169,4.27,0.04,17,03-09-2024 19.29
9156,9156,385,4.81,0.01,9,25-06-2025 3.37
9158,9158,707,4.86,0.07,9,03-01-2025 5.21
9159,9159,737,4.91,0.09,18,14-08-2024 14.43
9160,9160,283,4.02,0.03,5,06-02-2025 19.47
9161,9161,718,4.37,0.1,4,04-08-2025 10.58
9162,9162,919,4.59,0.01,14,25-09-2024 17.35
9164,9164,807,4.28,0.1,7,13-10-2024 21.22
9169,9169,238,4.43,0.05,1,24-10-2024 17.30
9174,9174,644,4.89,0.05,16,20-02-2025 4.14
9176,9176,173,4.03,0.08,3,31-05-2025 3.30
9177,9177,559,4.81,0.05,6,27-06-2025 17.13
9178,9178,293,4.91,0.07,10,31-05-2025 0.47
9179,9179,986,4.51,0,15,24-03-2025 4.20
9181,9181,299,4,0.15,20,25-01-2025 4.11
9182,9182,385,4.7,0.01,20,19-08-2024 2.24
9187,9187,845,4.49,0.1,6,04-03-2025 10.03
9188,9188,609,4.66,0.14,13,10-06-2025 0.19
9191,9191,106,4.27,0.02,18,01-04-2025 15.14
9194,9194,738,4.23,0.06,8,14-05-2025 18.15
9196,9196,219,4,0.04,5,04-06-2025 6.48
9197,9197,989,4.57,0.01,11,14-12-2024 2.06
9199,9199,238,4.04,0.03,1,29-09-2024 10.05
9202,9202,159,4.1,0.14,12,13-05-2025 6.28
9207,9207,594,3.99,0.13,14,23-06-2025 19.04
9211,9211,915,4.51,0.02,3,20-08-2024 14.31
9213,9213,611,4.46,0.13,4,05-04-2025 0.01
9217,9217,746,4.93,0.05,8,17-07-2025 10.15
9221,9221,341,4.35,0.13,15,24-04-2025 21.55
9222,9222,756,4.68,0.11,6,29-03-2025 18.54
9226,9226,128,4.53,0.09,16,06-05-2025 1.11
9229,9229,890,4.71,0.06,17,19-02-2025 15.15
9230,9230,387,3.85,0.14,4,16-06-2025 9.53
9236,9236,424,3.96,0.05,2,15-09-2024 3.15
9237,9237,504,3.99,0.14,14,22-05-2025 19.27
9238,9238,263,3.91,0.11,2,18-09-2024 14.10
9240,9240,667,4.63,0.05,14,20-07-2025 22.17
9241,9241,961,4.81,0.02,18,08-04-2025 2.33
9242,9242,830,4.16,0.01,1,02-06-2025 1.24
9244,9244,680,3.95,0.13,0,02-12-2024 12.35
9246,9246,231,4.77,0.1,11,02-04-2025 9.03
9247,9247,547,4.67,0.11,9,24-08-2024 11.16
9248,9248,511,4.21,0.11,13,09-07-2025 21.47
9249,9249,452,4.04,0.13,8,12-04-2025 1.45
9254,9254,987,4.85,0.07,1,22-08-2024 12.24
9256,9256,900,4.43,0.13,14,24-07-2025 8.33
9257,9257,662,3.95,0.09,13,15-06-2025 7.38
9259,9259,276,4.59,0.14,10,09-09-2024 12.36
9261,9261,233,4,0.11,2,12-05-2025 15.22
9265,9265,546,4.88,0.13,0,08-06-2025 2.08
9266,9266,430,4.82,0.1,3,06-03-2025 7.45
9267,9267,811,4.83,0.08,0,26-01-2025 4.55
9270,9270,676,4.13,0.1,14,01-06-2025 17.43
9272,9272,719,4.85,0.14,2,08-09-2024 8.02
9273,9273,297,4.54,0.1,8,27-08-2024 23.16
9274,9274,585,4.39,0.07,17,13-06-2025 10.30
9275,9275,119,4.65,0.04,10,27-03-2025 11.44
9277,9277,460,4,0.13,10,18-09-2024 8.13
9278,9278,832,4.8,0.03,9,14-10-2024 8.53
9279,9279,802,4.57,0.03,6,07-04-2025 14.40
9280,9280,670,4.63,0.04,1,14-01-2025 10.11
9281,9281,302,4.16,0.08,16,15-05-2025 19.02
9282,9282,795,4.18,0.06,1,14-04-2025 4.47
9283,9283,876,4.65,0.12,3,22-01-2025 6.45
9287,9287,716,4.21,0.06,11,06-01-2025 13.18
9289,9289,297,4.55,0.05,2,02-09-2024 2.54
9294,9294,425,4.24,0.14,19,14-07-2025 10.22
9296,9296,665,3.95,0.07,16,16-07-2025 0.57
9297,9297,416,4.37,0.04,17,04-03-2025 9.19
9300,9300,405,4.16,0.05,1,18-09-2024 23.38
9302,9302,797,4.47,0.11,10,08-03-2025 18.01
9306,9306,815,4.03,0.11,2,08-10-2024 2.27
9307,9307,574,4.04,0.06,8,24-02-2025 2.53
9309,9309,849,4.03,0.1,8,01-05-2025 12.04
9313,9313,896,4.93,0.05,9,29-04-2025 9.32
9314,9314,919,4.01,0.14,18,17-10-2024 23.42
9315,9315,294,4.87,0.05,7,19-04-2025 17.43
9316,9316,433,4.66,0.03,17,07-09-2024 5.13
9320,9320,441,4.82,0.13,20,10-08-2024 16.58
9322,9322,417,4.81,0.03,13,01-05-2025 16.58
9325,9325,826,4.52,0.02,8,23-10-2024 19.20
9329,9329,269,4.68,0.03,15,12-09-2024 0.20
9333,9333,467,4.34,0.01,1,15-03-2025 10.30
9335,9335,204,4.54,0.01,13,23-10-2024 18.03
9338,9338,983,4.49,0.13,18,24-03-2025 15.32
9340,9340,919,4.66,0.15,8,18-05-2025 21.31
9342,9342,691,4.03,0.12,2,09-03-2025 11.31
9344,9344,818,4.24,0.04,6,04-04-2025 13.59
9346,9346,287,4.33,0.02,14,14-04-2025 3.08
9347,9347,641,3.86,0.12,19,02-09-2024 12.59
9349,9349,596,3.87,0.09,10,10-08-2024 4.33
9350,9350,1000,4.92,0.09,20,04-07-2025 11.54
9352,9352,841,4.17,0.07,18,27-04-2025 9.52
9353,9353,742,4.73,0.07,2,06-11-2024 18.52
9355,9355,376,4.57,0.14,0,07-12-2024 8.16
9356,9356,393,4.15,0.01,8,08-02-2025 3.00
9358,9358,865,4.22,0.07,1,03-12-2024 22.48
9359,9359,212,5,0.1,2,18-09-2024 10.36
9361,9361,225,4.94,0.14,11,14-10-2024 23.22
9363,9363,864,4.05,0.11,15,27-10-2024 0.20
9366,9366,428,3.8,0.06,14,29-08-2024 3.49
9370,9370,507,3.92,0.01,5,10-12-2024 8.28
9374,9374,602,4.35,0.12,18,26-07-2025 6.23
9380,9380,257,3.82,0.1,0,17-04-2025 17.03
9381,9381,357,4.51,0.04,15,13-02-2025 19.25
9384,9384,124,4.85,0.01,20,25-01-2025 7.55
9385,9385,457,4.49,0.08,11,05-08-2024 4.51
9387,9387,763,4.94,0.03,9,10-02-2025 0.27
9388,9388,133,3.85,0.1,11,31-10-2024 16.44
9389,9389,292,4.15,0.12,15,03-11-2024 19.14
9392,9392,847,4.42,0.09,10,31-07-2025 23.03
9398,9398,465,4.69,0.05,1,05-08-2024 23.08
9400,9400,326,4.44,0.07,13,02-09-2024 23.34
9401,9401,871,4.82,0,13,12-07-2025 13.54
9403,9403,300,3.96,0.08,17,07-04-2025 17.47
9410,9410,683,4.65,0.12,0,02-04-2025 0.41
9412,9412,511,4.42,0.07,14,14-10-2024 21.29
9413,9413,370,4.31,0.13,13,07-03-2025 1.34
9416,9416,708,4.03,0.03,16,16-07-2025 7.37
9417,9417,660,4.27,0.14,1,11-02-2025 1.31
9419,9419,707,4.08,0.15,9,06-04-2025 20.23
9420,9420,370,3.9,0.06,7,11-04-2025 11.12
9422,9422,475,4.65,0.13,2,27-09-2024 17.47
9424,9424,938,3.94,0.02,16,31-03-2025 0.46
9425,9425,725,3.87,0.04,11,01-09-2024 5.10
9427,9427,732,4.35,0.1,10,08-11-2024 22.27
9429,9429,637,4.8,0.07,16,16-09-2024 16.16
9430,9430,558,4.05,0.09,16,14-05-2025 21.06
9431,9431,856,3.92,0.01,0,20-08-2024 12.56
9434,9434,755,4.35,0.04,10,29-10-2024 2.58
9442,9442,916,3.94,0,13,13-07-2025 2.09
9443,9443,586,4.37,0.07,0,09-09-2024 21.55
9446,9446,262,4.18,0.06,10,31-12-2024 16.34
9451,9451,501,4.09,0.1,5,19-10-2024 4.26
9454,9454,673,4.32,0.14,1,19-07-2025 10.13
9460,9460,972,4.1,0.07,0,13-08-2024 23.15
9461,9461,587,4.35,0,13,07-04-2025 8.31
9462,9462,461,4.6,0.01,18,25-03-2025 16.27
9464,9464,403,4.19,0.05,15,03-03-2025 19.45
9466,9466,253,4.58,0.05,15,22-11-2024 23.19
9467,9467,694,3.91,0.12,12,19-05-2025 2.03
9474,9474,126,3.92,0.07,7,26-08-2024 0.22
9479,9479,524,4.65,0.08,15,15-02-2025 13.19
9480,9480,964,4.56,0.09,20,16-01-2025 1.08
9484,9484,195,4.73,0.08,13,23-10-2024 14.38
9486,9486,808,4.01,0.13,15,20-08-2024 13.59
9487,9487,716,4.9,0.13,5,17-05-2025 4.51
9488,9488,769,4.88,0.13,9,19-07-2025 19.23
9492,9492,718,4.78,0.06,18,03-05-2025 21.07
9493,9493,897,3.98,0.13,7,27-04-2025 19.02
9494,9494,528,4.32,0.11,3,24-03-2025 2.15
9495,9495,353,4.98,0.1,19,05-04-2025 9.39
9496,9496,906,4.74,0.07,6,08-11-2024 1.47
9497,9497,515,4.04,0.15,11,07-01-2025 19.53
9498,9498,434,3.86,0.05,10,30-05-2025 17.53
9499,9499,784,4.51,0.14,10,22-11-2024 9.07
9501,9501,664,4.67,0.13,13,19-04-2025 20.32
9503,9503,889,4.22,0.12,3,05-12-2024 5.58
9504,9504,258,4.54,0.14,9,11-03-2025 4.27
9506,9506,123,4.96,0.07,14,13-06-2025 3.11
9507,9507,947,5,0.1,20,24-05-2025 23.06
9512,9512,882,4.2,0.11,5,07-03-2025 5.47
9515,9515,795,3.96,0.08,20,15-12-2024 0.41
9518,9518,127,4.58,0.14,4,18-01-2025 3.30
9519,9519,228,3.93,0.07,2,22-03-2025 11.28
9521,9521,636,4.02,0.07,8,19-10-2024 5.08
9523,9523,374,4.65,0.12,2,19-11-2024 13.04
9524,9524,429,4.73,0.1,2,14-11-2024 5.44
9525,9525,267,4.98,0.12,20,18-06-2025 15.43
9531,9531,851,4.83,0.13,8,19-08-2024 7.26
9533,9533,560,3.97,0.09,18,22-01-2025 4.34
9534,9534,529,4.15,0.1,4,16-02-2025 10.47
9535,9535,399,4.38,0.14,11,01-03-2025 19.25
9536,9536,406,3.92,0.04,4,09-12-2024 6.03
9537,9537,713,4,0.08,20,01-03-2025 0.12
9538,9538,726,4.88,0.13,14,14-01-2025 15.30
9541,9541,590,3.99,0.08,1,21-04-2025 13.15
9542,9542,424,4.84,0.07,15,15-09-2024 19.01
9543,9543,462,4.27,0.09,17,02-05-2025 2.11
9544,9544,217,4.16,0.08,4,07-05-2025 5.27
9545,9545,571,4.22,0.14,13,28-02-2025 2.57
9546,9546,414,3.95,0.13,12,26-03-2025 0.24
9548,9548,444,4.97,0.14,13,09-11-2024 17.24
9549,9549,374,4.81,0.1,7,09-06-2025 11.47
9551,9551,266,4.84,0.08,7,20-09-2024 6.28
9555,9555,637,4.07,0.08,6,12-03-2025 5.27
9556,9556,943,4.92,0.1,16,04-10-2024 7.00
9557,9557,614,4.11,0.04,2,20-03-2025 0.42
9560,9560,703,4.09,0.12,16,21-10-2024 21.14
9562,9562,492,4.95,0.04,19,04-09-2024 7.05
9570,9570,703,4.83,0.04,1,18-03-2025 1.49
9572,9572,312,4.97,0.07,5,02-07-2025 21.06
9573,9573,515,4.58,0,15,01-05-2025 18.03
9574,9574,806,4.76,0.02,9,18-02-2025 14.09
9578,9578,794,4.27,0.14,2,25-09-2024 9.34
9581,9581,591,4.07,0.07,5,17-01-2025 21.59
9582,9582,939,4.66,0.09,2,14-04-2025 16.12
9584,9584,176,4.65,0.15,11,25-10-2024 16.13
9586,9586,142,3.87,0.13,20,20-08-2024 17.25
9587,9587,830,3.99,0.07,1,17-10-2024 4.45
9589,9589,713,4.8,0.12,8,14-12-2024 11.00
9591,9591,994,4,0.04,0,25-03-2025 13.52
9593,9593,306,4.49,0.07,15,13-03-2025 16.59
9594,9594,471,3.98,0.05,6,19-07-2025 0.34
9595,9595,337,4,0.05,10,13-11-2024 15.50
9596,9596,561,4.43,0.07,2,27-04-2025 6.04
9598,9598,887,4.8,0.02,3,06-08-2024 20.59
9601,9601,114,4.51,0.08,14,03-08-2025 14.37
9602,9602,397,4.16,0.11,7,09-07-2025 21.04
9604,9604,936,4.81,0.14,15,28-04-2025 16.43
9607,9607,695,4.96,0.12,15,15-09-2024 21.56
9609,9609,855,4.88,0.1,19,04-10-2024 0.02
9610,9610,556,4.92,0.12,7,01-11-2024 12.55
9612,9612,540,4.16,0.13,11,20-01-2025 13.17
9613,9613,458,3.82,0.15,0,11-09-2024 15.35
9615,9615,194,4.11,0.07,18,14-06-2025 18.16
9620,9620,697,4.56,0.08,14,16-01-2025 14.39
9622,9622,773,4.12,0.06,8,04-01-2025 21.28
9625,9625,801,4.31,0.07,4,19-08-2024 9.59
9626,9626,994,4.01,0.05,20,23-10-2024 9.21
9627,9627,916,4.53,0.1,0,29-10-2024 8.27
9633,9633,993,3.9,0.03,2,09-11-2024 18.35
9634,9634,301,3.89,0.11,3,12-03-2025 3.30
9635,9635,949,4.81,0.06,15,26-01-2025 22.53
9637,9637,291,4.94,0.01,2,23-04-2025 18.53
9639,9639,697,4.62,0.02,2,17-03-2025 9.27
9640,9640,793,3.91,0.14,3,28-04-2025 7.43
9642,9642,407,4.31,0.11,12,10-08-2024 8.40
9644,9644,527,4.96,0.05,16,30-05-2025 10.05
9646,9646,886,4.13,0,4,03-05-2025 8.20
9648,9648,908,4.29,0.07,3,04-12-2024 4.37
9653,9653,285,4.52,0.13,19,22-04-2025 23.56
9654,9654,991,3.99,0.08,5,25-02-2025 16.11
9655,9655,860,3.93,0.02,4,15-02-2025 8.36
9656,9656,209,4.96,0.04,11,10-01-2025 12.32
9657,9657,177,3.99,0.03,4,09-09-2024 14.05
9658,9658,267,4.91,0.07,15,16-06-2025 6.54
9663,9663,173,4.14,0.11,20,27-07-2025 12.18
9667,9667,330,4.36,0.05,19,20-06-2025 20.04
9668,9668,822,4.43,0.09,2,14-12-2024 3.28
9669,9669,954,4.92,0.04,14,14-01-2025 8.39
9670,9670,699,4.26,0.06,9,04-05-2025 21.51
9671,9671,849,4.37,0.1,9,07-05-2025 6.47
9672,9672,911,4.68,0.14,15,15-06-2025 13.01
9675,9675,102,4.93,0.07,5,11-12-2024 18.32
9676,9676,841,4.73,0.14,14,21-10-2024 4.40
9678,9678,744,4.21,0.06,20,14-04-2025 5.40
9680,9680,122,4.81,0.04,3,13-09-2024 0.07
9681,9681,818,4.17,0.02,10,27-09-2024 3.23
9686,9686,925,4.89,0.07,9,23-10-2024 7.16
9688,9688,870,4.96,0.01,5,27-11-2024 16.28
9689,9689,781,4.8,0.13,16,03-09-2024 13.40
9690,9690,604,4.1,0.09,18,11-12-2024 9.13
9691,9691,954,4.38,0.01,13,09-02-2025 13.32
9692,9692,327,4.21,0.14,1,06-02-2025 5.19
9693,9693,649,4.61,0.04,13,14-12-2024 15.30
9697,9697,129,3.92,0.14,16,30-06-2025 0.30
9699,9699,607,4.1,0.15,20,20-05-2025 13.08
9700,9700,759,3.86,0.1,1,07-07-2025 22.55
9703,9703,474,4.47,0.04,19,07-08-2024 10.06
9705,9705,176,4.02,0.12,11,19-06-2025 8.14
9706,9706,906,4.52,0.04,6,17-09-2024 9.04
9708,9708,502,4.06,0,3,12-11-2024 8.11
9710,9710,635,4.59,0.12,1,25-04-2025 10.18
9711,9711,300,4.08,0.03,1,01-07-2025 11.38
9713,9713,116,4.57,0.11,7,29-04-2025 3.45
9718,9718,882,4.79,0.14,17,23-06-2025 1.42
9719,9719,557,4.83,0.12,1,11-04-2025 6.34
9721,9721,919,4.31,0.07,20,03-05-2025 9.46
9723,9723,606,4.39,0.06,11,17-11-2024 1.27
9724,9724,627,4.74,0.01,17,21-09-2024 18.11
9727,9727,367,4.98,0.05,6,27-06-2025 8.38
9729,9729,596,4.5,0.08,17,11-01-2025 14.21
9730,9730,515,4.7,0.14,8,11-03-2025 23.46
9731,9731,887,4.23,0.01,11,28-06-2025 20.09
9733,9733,495,3.87,0.11,0,30-04-2025 22.58
9736,9736,473,4.01,0.13,7,14-03-2025 0.18
9738,9738,451,4.91,0.13,1,29-10-2024 17.06
9744,9744,928,4.09,0.03,12,19-08-2024 20.18
9745,9745,629,4.89,0.14,11,24-06-2025 21.48
9746,9746,286,4.33,0.09,15,03-07-2025 7.10
9747,9747,542,4.38,0.01,9,20-07-2025 19.35
9750,9750,513,4.59,0.03,0,26-01-2025 12.54
9751,9751,847,3.82,0.12,15,27-05-2025 21.25
9752,9752,809,3.82,0.02,16,12-02-2025 10.40
9753,9753,506,4.16,0.11,15,02-05-2025 22.47
9754,9754,308,4.8,0.07,9,04-09-2024 5.26
9755,9755,122,4.39,0.01,13,07-10-2024 17.56
9758,9758,328,3.96,0.06,4,20-10-2024 22.10
9760,9760,352,4.6,0.11,13,11-10-2024 1.06
9763,9763,623,4.65,0.11,6,19-09-2024 16.55
9764,9764,256,4.25,0.04,2,08-10-2024 20.09
9766,9766,925,4.01,0.1,8,22-01-2025 10.52
9767,9767,274,4.4,0.11,10,23-12-2024 0.03
9768,9768,563,4.46,0.08,4,06-04-2025 17.38
9770,9770,111,3.96,0.01,13,22-06-2025 22.35
9771,9771,886,4.88,0.09,16,19-08-2024 16.14
9772,9772,817,4.66,0.15,12,05-07-2025 20.42
9774,9774,926,4.64,0.14,7,15-03-2025 19.20
9776,9776,285,4.95,0.05,20,26-05-2025 13.57
9779,9779,288,4.42,0.12,7,07-05-2025 12.36
9780,9780,650,3.98,0.07,16,08-06-2025 1.37
9782,9782,764,4.77,0.08,9,17-06-2025 19.43
9783,9783,567,4.61,0.12,4,27-09-2024 21.38
9784,9784,163,4.54,0.15,4,16-07-2025 5.44
9785,9785,540,4.32,0.05,4,18-06-2025 22.59
9787,9787,157,4.69,0.14,9,18-11-2024 17.32
9788,9788,584,4.91,0.08,6,28-06-2025 11.38
9789,9789,871,4.33,0.14,5,26-11-2024 17.36
9794,9794,969,4.02,0.04,10,17-02-2025 6.22
9795,9795,173,4.34,0.11,2,14-02-2025 16.41
9797,9797,398,4.19,0.06,7,10-04-2025 23.52
9798,9798,884,4.54,0.04,15,27-04-2025 1.49
9801,9801,748,4.46,0.1,17,06-07-2025 23.45
9802,9802,722,4.61,0.1,15,21-04-2025 16.57
9803,9803,307,4.94,0.04,0,23-10-2024 2.13
9804,9804,287,4.05,0.02,13,08-02-2025 13.48
9807,9807,153,4.72,0.13,20,15-10-2024 15.57
9811,9811,795,4.86,0.03,13,01-10-2024 6.24
9812,9812,985,4.04,0.08,12,29-01-2025 14.52
9813,9813,798,4.42,0.1,8,04-02-2025 17.15
9814,9814,428,4.49,0.09,10,12-04-2025 2.03
9815,9815,958,4.29,0.14,7,21-08-2024 8.54
9819,9819,339,5,0.05,2,10-04-2025 23.23
9820,9820,228,3.82,0.12,3,09-09-2024 12.18
9821,9821,718,4.77,0.11,1,24-06-2025 1.30
9827,9827,568,4.28,0.15,10,28-06-2025 7.59
9828,9828,774,4.3,0.13,8,09-12-2024 0.13
9829,9829,303,4.44,0.13,14,23-12-2024 22.01
9830,9830,682,4.3,0.15,5,01-04-2025 19.02
9831,9831,733,4.59,0.14,19,18-08-2024 19.09
9833,9833,831,3.87,0.13,11,09-07-2025 13.39
9835,9835,932,4.79,0.02,14,25-08-2024 11.57
9836,9836,941,4.98,0.09,12,26-04-2025 9.47
9837,9837,170,4.31,0.02,8,07-12-2024 23.04
9838,9838,173,4.95,0.07,4,21-10-2024 7.04
9841,9841,828,4.87,0.02,17,26-05-2025 20.58
9844,9844,893,4.3,0.09,15,11-02-2025 14.58
9847,9847,155,4.81,0.07,3,16-01-2025 7.19
9848,9848,268,4.2,0.08,20,13-04-2025 10.54
9849,9849,917,4.7,0.1,19,12-09-2024 8.56
9853,9853,769,4.76,0.07,17,01-11-2024 6.41
9854,9854,815,4.36,0.08,10,17-08-2024 6.14
9856,9856,555,4.03,0.04,6,17-05-2025 6.10
9857,9857,694,4.81,0.06,6,03-05-2025 3.53
9860,9860,186,4.32,0.11,15,09-03-2025 7.48
9862,9862,292,4.37,0.1,2,14-09-2024 3.08
9867,9867,280,4.99,0.07,11,03-07-2025 13.47
9869,9869,283,4.11,0.02,15,21-01-2025 1.39
9870,9870,366,4.37,0.06,17,22-01-2025 3.26
9872,9872,962,4.53,0.08,20,10-02-2025 19.55
9878,9878,760,4.15,0.09,4,20-04-2025 2.49
9883,9883,446,5,0.02,2,17-06-2025 20.05
9884,9884,783,4.63,0.07,9,12-06-2025 8.11
9886,9886,421,4.68,0.13,3,16-06-2025 13.31
9887,9887,149,4.38,0.07,4,23-09-2024 9.46
9888,9888,578,4.58,0.05,12,08-05-2025 12.01
9890,9890,417,4.35,0.12,2,03-05-2025 11.16
9893,9893,666,4.12,0.01,17,01-08-2025 9.29
9896,9896,998,4.73,0.08,8,14-08-2024 9.42
9899,9899,169,4.13,0.05,15,06-05-2025 10.11
9901,9901,109,4.78,0.14,12,16-02-2025 6.39
9904,9904,950,3.85,0.01,5,06-08-2024 11.17
9906,9906,518,4.86,0.07,6,02-04-2025 17.13
9907,9907,715,4.59,0,16,02-01-2025 9.50
9908,9908,372,4.06,0.1,5,17-11-2024 16.03
9909,9909,751,3.9,0.12,15,16-03-2025 23.37
9910,9910,217,4.82,0.05,1,07-10-2024 7.49
9911,9911,473,4.99,0.13,20,28-04-2025 17.30
9912,9912,636,3.89,0.15,9,23-07-2025 4.37
9913,9913,380,3.99,0.05,19,08-02-2025 0.24
9916,9916,269,4.99,0.11,20,20-07-2025 21.33
9918,9918,393,4.45,0.11,19,11-09-2024 16.06
9919,9919,292,4.45,0.14,1,30-12-2024 16.14
9920,9920,525,4.7,0.14,8,01-02-2025 5.44
9924,9924,913,4.26,0.04,2,03-10-2024 13.00
9925,9925,208,3.88,0.09,4,05-05-2025 4.40
9926,9926,625,4.42,0.06,16,28-03-2025 3.59
9928,9928,952,4.69,0.12,15,14-01-2025 9.09
9934,9934,193,3.94,0.12,5,15-03-2025 20.04
9936,9936,839,4.59,0.09,17,20-09-2024 10.17
9937,9937,435,3.82,0.04,19,30-10-2024 13.46
9940,9940,813,4.36,0.13,15,27-05-2025 0.53
9944,9944,781,3.87,0.08,18,01-01-2025 20.43
9946,9946,803,4.14,0.14,8,23-08-2024 15.44
9947,9947,738,4.4,0.04,1,11-03-2025 18.33
9950,9950,831,4.18,0.05,18,07-12-2024 5.04
9952,9952,440,4.62,0.12,9,07-04-2025 8.16
9954,9954,224,4.21,0.04,4,25-10-2024 1.34
9958,9958,201,3.86,0.08,18,30-03-2025 13.48
9959,9959,812,3.81,0.12,9,25-10-2024 0.20
9962,9962,860,4.09,0.12,3,17-11-2024 3.45
9963,9963,564,4.97,0.02,10,27-03-2025 13.08
9965,9965,872,4.87,0.01,4,15-10-2024 5.57
9966,9966,772,4.77,0.03,10,26-10-2024 13.39
9967,9967,202,4.71,0.13,14,06-08-2024 21.03
9970,9970,399,4.02,0.14,0,04-01-2025 23.03
9971,9971,792,4.79,0.12,12,04-02-2025 6.05
9972,9972,811,4.55,0.03,0,25-03-2025 23.31
9973,9973,102,5,0.11,11,25-11-2024 8.09
9974,9974,820,4.23,0.06,10,13-01-2025 11.05
9975,9975,811,4.05,0.08,20,27-01-2025 17.47
9977,9977,698,4.04,0.11,8,26-10-2024 13.07
9980,9980,120,4.63,0.1,4,21-10-2024 13.43
9981,9981,700,4.21,0.07,6,29-08-2024 18.33
9984,9984,610,4.15,0.06,14,03-01-2025 11.14
9985,9985,429,3.94,0,11,07-02-2025 20.13
9988,9988,803,4.77,0.05,11,06-07-2025 16.10
9990,9990,482,4.39,0.04,9,02-09-2024 22.41
9992,9992,846,4.96,0.12,20,09-04-2025 19.19
9994,9994,480,3.88,0.09,7,17-03-2025 3.02
9995,9995,195,4.81,0.13,10,02-08-2025 6.35
9996,9996,118,4.09,0.12,2,01-03-2025 19.54
9997,9997,636,4.22,0,4,27-05-2025 1.35
9998,9998,826,4.59,0.06,10,28-07-2025 15.39
9999,9999,457,4.77,0.09,8,05-03-2025 4.46
