location_id,latitude,longitude,city,region,created_at
1,81.6448255,-120.229585,Mumbai,Maharashtra,13-09-2022 4.43
2,-16.172379,-48.524686,Delhi,Delhi,18-07-2023 2.09
3,-52.5430735,-124.973324,Bangalore,Karnataka,21-06-2025 13.26
4,56.395715,-133.325072,Hyderabad,Telangana,07-02-2025 15.24
5,23.2587775,-162.936802,Chennai,Tamil Nadu,20-09-2022 15.10
6,-64.8488745,-62.619631,Kolkata,West Bengal,01-08-2023 18.28
7,45.655277,143.206344,Pune,Maharashtra,15-09-2022 13.35
8,60.658074,-73.249851,Ahmedabad,Gujarat,10-05-2025 21.41
9,56.281615,45.227988,Mumbai,Maharashtra,13-07-2023 18.52
10,30.5836345,136.359605,Delhi,Delhi,11-10-2023 11.57
11,-88.2555025,-94.28356,Bangalore,Karnataka,24-07-2025 20.46
12,23.444689,2.670606,Hyderabad,Telangana,11-10-2023 0.02
13,-48.263789,-64.404305,Chennai,Tamil Nadu,10-01-2024 5.24
14,-62.5631375,-130.207454,Kolkata,West Bengal,17-03-2024 12.58
15,-64.037895,12.725585,Pune,Maharashtra,21-01-2024 15.50
16,72.061472,-37.986444,Ahmedabad,Gujarat,11-10-2022 20.12
17,33.325926,107.885264,Mumbai,Maharashtra,15-02-2023 6.06
18,11.612049,-137.694467,Delhi,Delhi,09-12-2024 21.49
19,-11.300556,157.498421,Bangalore,Karnataka,23-03-2025 4.20
20,7.075663,129.963575,Hyderabad,Telangana,31-05-2023 1.17
21,-71.328931,-155.398221,Chennai,Tamil Nadu,28-05-2025 13.56
22,-28.8240235,-24.636023,Kolkata,West Bengal,07-12-2022 7.06
23,-27.5106725,-125.77527,Pune,Maharashtra,17-03-2024 20.23
24,-15.3820285,63.422802,Ahmedabad,Gujarat,18-04-2025 20.17
25,7.933892,-92.675747,Mumbai,Maharashtra,02-03-2024 9.35
26,5.367253,-67.521771,Delhi,Delhi,11-06-2025 10.11
27,-18.333688,167.911349,Bangalore,Karnataka,24-11-2022 6.19
28,73.512359,160.901372,Hyderabad,Telangana,28-04-2023 4.45
29,53.38208,-48.568135,Chennai,Tamil Nadu,16-04-2023 4.20
30,34.087031,23.71859,Kolkata,West Bengal,28-09-2023 16.38
31,81.7986265,119.010119,Pune,Maharashtra,12-07-2023 12.05
32,-2.9510165,-149.968543,Ahmedabad,Gujarat,27-07-2023 3.46
33,-81.383158,-10.642433,Mumbai,Maharashtra,19-04-2024 12.45
34,-18.1288545,-144.465264,Delhi,Delhi,29-06-2023 2.15
35,62.2512355,-11.058598,Bangalore,Karnataka,01-07-2023 15.32
36,85.942977,88.022742,Hyderabad,Telangana,10-04-2024 22.28
37,82.564235,66.344213,Chennai,Tamil Nadu,15-03-2023 6.53
38,-18.8967705,-105.036541,Kolkata,West Bengal,23-08-2023 11.11
39,60.6911115,109.361229,Pune,Maharashtra,17-09-2023 11.58
40,66.9236075,50.013656,Ahmedabad,Gujarat,27-01-2025 19.56
41,17.213257,14.345362,Mumbai,Maharashtra,12-07-2023 1.07
42,-52.866856,93.549845,Delhi,Delhi,09-09-2024 23.51
43,-65.5966905,-154.70459,Bangalore,Karnataka,22-01-2023 16.16
44,-48.9719705,156.857528,Hyderabad,Telangana,10-04-2023 20.48
45,23.3227025,140.194662,Chennai,Tamil Nadu,12-11-2022 0.44
46,13.285188,24.880292,Kolkata,West Bengal,16-02-2025 0.34
47,35.641184,104.066101,Pune,Maharashtra,30-08-2023 21.38
48,58.5054455,-173.836174,Ahmedabad,Gujarat,27-06-2025 3.03
49,-59.2502515,108.28375,Mumbai,Maharashtra,23-09-2023 20.12
50,82.056873,2.630317,Delhi,Delhi,25-01-2023 15.13
51,-11.2141595,53.412819,Bangalore,Karnataka,08-04-2023 0.47
52,31.79553,-178.257685,Hyderabad,Telangana,18-09-2023 12.06
53,44.3750615,-84.087002,Chennai,Tamil Nadu,01-10-2024 23.59
54,-61.4355625,155.705485,Kolkata,West Bengal,11-11-2023 23.04
55,81.516698,92.549434,Pune,Maharashtra,08-03-2025 8.18
56,-36.6052075,-97.945041,Ahmedabad,Gujarat,08-03-2024 4.46
57,-46.634511,109.576908,Mumbai,Maharashtra,06-11-2024 5.16
58,-89.846483,141.555926,Delhi,Delhi,21-12-2023 21.39
59,41.159096,-169.543504,Bangalore,Karnataka,26-01-2023 2.58
60,7.436907,-14.904609,Hyderabad,Telangana,12-08-2023 7.40
61,-74.4508305,-50.683051,Chennai,Tamil Nadu,02-01-2025 16.51
62,-68.858816,-134.015155,Kolkata,West Bengal,29-08-2024 7.17
63,-71.4209075,105.994444,Pune,Maharashtra,16-02-2023 16.56
64,-55.5351785,174.201025,Ahmedabad,Gujarat,12-08-2024 16.03
65,57.586779,-91.348139,Mumbai,Maharashtra,21-09-2023 2.16
66,51.646352,145.662628,Delhi,Delhi,23-05-2024 15.58
67,-33.145854,109.532383,Bangalore,Karnataka,12-07-2025 0.22
68,-36.0039225,-12.648589,Hyderabad,Telangana,16-04-2024 3.45
69,84.4503125,20.478606,Chennai,Tamil Nadu,15-06-2024 21.48
70,48.935707,62.389777,Kolkata,West Bengal,09-02-2023 7.36
71,-23.4533425,-59.366535,Pune,Maharashtra,12-11-2022 19.18
72,0.7541535,-168.707317,Ahmedabad,Gujarat,04-02-2025 5.59
73,58.692176,-56.458094,Mumbai,Maharashtra,04-02-2025 10.53
74,-30.885845,-176.139446,Delhi,Delhi,23-11-2022 15.03
75,79.410411,-148.392388,Bangalore,Karnataka,26-07-2023 23.49
76,-71.907364,-163.135297,Hyderabad,Telangana,31-12-2023 15.31
77,-70.979375,96.035466,Chennai,Tamil Nadu,10-08-2023 1.42
78,-15.2468285,179.154708,Kolkata,West Bengal,28-08-2024 9.48
79,-32.4912445,109.499014,Pune,Maharashtra,26-02-2023 21.11
80,63.2882135,129.351272,Ahmedabad,Gujarat,08-08-2024 14.42
81,-24.7709255,73.925412,Mumbai,Maharashtra,28-04-2024 16.32
82,-38.8872265,-129.359222,Delhi,Delhi,02-01-2023 22.05
83,86.8943355,51.418842,Bangalore,Karnataka,06-02-2024 17.25
84,23.703521,40.708855,Hyderabad,Telangana,30-07-2024 20.11
85,-75.458534,170.821241,Chennai,Tamil Nadu,05-05-2025 3.34
86,-63.5811535,-147.458819,Kolkata,West Bengal,21-04-2024 19.03
87,1.080848,-121.336636,Pune,Maharashtra,26-08-2023 14.49
88,-38.570432,-77.882371,Ahmedabad,Gujarat,15-11-2024 10.25
89,30.4237835,-104.740202,Mumbai,Maharashtra,21-05-2024 17.08
90,-40.745305,-30.457213,Delhi,Delhi,24-07-2024 0.16
91,-22.9430925,-139.528046,Bangalore,Karnataka,23-06-2024 17.21
92,57.726826,-127.435652,Hyderabad,Telangana,22-10-2022 22.19
93,85.0588115,110.225936,Chennai,Tamil Nadu,28-08-2022 6.27
94,-64.964965,-53.094728,Kolkata,West Bengal,20-04-2023 16.46
95,19.0959435,80.726594,Pune,Maharashtra,22-08-2024 2.35
96,-32.622648,35.306864,Ahmedabad,Gujarat,04-11-2022 10.20
97,-45.8055595,23.459644,Mumbai,Maharashtra,08-08-2022 16.36
98,14.803042,-37.620193,Delhi,Delhi,12-07-2024 4.11
99,-13.428993,47.100413,Bangalore,Karnataka,22-07-2025 11.03
100,59.187923,175.339452,Hyderabad,Telangana,30-08-2024 8.40
101,-48.447043,-78.049359,Chennai,Tamil Nadu,09-11-2023 6.19
102,-31.5613615,-148.602022,Kolkata,West Bengal,21-01-2025 1.39
103,55.544417,-147.273655,Pune,Maharashtra,05-12-2023 12.17
104,-74.6548135,-153.08004,Ahmedabad,Gujarat,28-01-2025 19.58
105,37.9869425,89.96574,Mumbai,Maharashtra,07-11-2024 10.04
106,-47.739474,-149.463012,Delhi,Delhi,02-10-2024 5.28
107,-68.495243,-80.235982,Bangalore,Karnataka,19-11-2022 18.54
108,69.72852,-143.51379,Hyderabad,Telangana,19-06-2025 5.59
109,-26.862935,36.775349,Chennai,Tamil Nadu,07-02-2023 13.56
110,62.9210795,-47.814142,Kolkata,West Bengal,20-01-2025 15.55
111,69.590021,-158.663857,Pune,Maharashtra,24-03-2025 12.28
112,-67.992747,45.06966,Ahmedabad,Gujarat,22-05-2025 12.53
113,66.6783365,123.453894,Mumbai,Maharashtra,25-10-2024 11.00
114,-5.0751165,-40.002484,Delhi,Delhi,18-06-2023 15.35
115,89.7781975,-11.323821,Bangalore,Karnataka,11-08-2023 3.06
116,-18.699647,32.485908,Hyderabad,Telangana,24-02-2023 15.44
117,83.2752985,-18.940296,Chennai,Tamil Nadu,15-07-2024 14.49
118,-5.1268315,-141.053712,Kolkata,West Bengal,19-08-2022 19.33
119,33.020082,153.482333,Pune,Maharashtra,26-12-2024 22.10
120,-63.161487,-140.668452,Ahmedabad,Gujarat,17-11-2024 12.42
121,-32.7818255,91.594777,Mumbai,Maharashtra,21-09-2023 7.38
122,-54.4439615,7.372691,Delhi,Delhi,20-11-2022 4.58
123,-24.425402,18.388346,Bangalore,Karnataka,22-10-2023 1.21
124,-47.6551565,55.248548,Hyderabad,Telangana,26-11-2024 4.53
125,-8.793674,148.391997,Chennai,Tamil Nadu,17-05-2025 6.15
126,51.9864365,-175.800002,Kolkata,West Bengal,07-06-2025 19.59
127,58.874917,-19.272259,Pune,Maharashtra,31-05-2025 21.10
128,-62.1937105,-107.903007,Ahmedabad,Gujarat,20-09-2023 4.15
129,-59.0148535,-122.535499,Mumbai,Maharashtra,11-12-2024 17.55
130,-48.2722695,-33.784165,Delhi,Delhi,17-10-2023 0.53
131,72.3577705,-66.919067,Bangalore,Karnataka,19-01-2024 23.45
132,-35.3472635,160.503909,Hyderabad,Telangana,19-09-2023 10.17
133,45.669711,82.27854,Chennai,Tamil Nadu,30-08-2023 10.43
134,-76.3637755,-130.447639,Kolkata,West Bengal,16-04-2025 16.05
135,23.702755,-31.458434,Pune,Maharashtra,12-10-2022 19.55
136,-89.0482115,-0.923198,Ahmedabad,Gujarat,24-02-2023 13.33
137,81.023819,-39.363837,Mumbai,Maharashtra,13-04-2023 8.27
138,28.6043165,116.181171,Delhi,Delhi,30-05-2024 17.34
139,60.567291,-174.80862,Bangalore,Karnataka,26-01-2023 3.12
140,-69.801882,-99.977089,Hyderabad,Telangana,29-11-2024 21.19
141,-80.3287705,18.221323,Chennai,Tamil Nadu,26-01-2025 5.46
142,58.317326,-100.492754,Kolkata,West Bengal,02-06-2024 23.51
143,-55.789104,-157.543301,Pune,Maharashtra,27-11-2023 4.57
144,7.8853945,-158.581604,Ahmedabad,Gujarat,12-02-2024 4.20
145,-33.6080095,-46.034744,Mumbai,Maharashtra,06-06-2025 9.19
146,-62.406548,9.879769,Delhi,Delhi,22-12-2024 2.13
147,19.0860995,153.215109,Bangalore,Karnataka,02-04-2023 10.25
148,-26.4513075,-92.75753,Hyderabad,Telangana,07-05-2023 9.14
149,20.6744385,-166.692921,Chennai,Tamil Nadu,10-05-2023 23.18
150,-0.829644,41.036821,Kolkata,West Bengal,11-06-2025 0.11
151,-23.383114,-36.759775,Pune,Maharashtra,09-04-2023 15.34
152,-60.983302,25.375523,Ahmedabad,Gujarat,04-10-2022 12.00
153,36.34989,-60.581808,Mumbai,Maharashtra,11-06-2023 8.51
154,33.561709,7.721436,Delhi,Delhi,22-11-2023 10.35
155,-28.9053005,-60.31883,Bangalore,Karnataka,11-09-2022 2.31
156,87.1763095,-76.314234,Hyderabad,Telangana,15-04-2024 8.08
157,-1.8828535,-30.426123,Chennai,Tamil Nadu,21-11-2022 4.26
158,-15.0729545,8.520142,Kolkata,West Bengal,27-04-2025 20.25
159,46.7425445,34.575699,Pune,Maharashtra,25-06-2025 22.31
160,53.939314,-2.215269,Ahmedabad,Gujarat,17-09-2022 5.16
161,-59.038186,-39.761159,Mumbai,Maharashtra,09-05-2023 17.44
162,65.8508695,-37.478832,Delhi,Delhi,03-10-2022 18.34
163,-60.9009125,140.281753,Bangalore,Karnataka,10-06-2024 9.57
164,2.794676,-11.595773,Hyderabad,Telangana,13-06-2024 6.11
165,72.727949,94.568165,Chennai,Tamil Nadu,31-01-2023 23.50
166,13.40011,129.553349,Kolkata,West Bengal,27-05-2023 14.54
167,-21.6234475,-156.170163,Pune,Maharashtra,12-06-2024 17.39
168,-89.546002,99.13011,Ahmedabad,Gujarat,18-11-2024 19.11
169,-37.1087845,15.539914,Mumbai,Maharashtra,05-06-2024 8.11
170,-71.2165495,176.60989,Delhi,Delhi,31-12-2023 7.00
171,77.277006,-11.467824,Bangalore,Karnataka,31-05-2025 21.07
172,-56.546147,-18.76571,Hyderabad,Telangana,01-10-2024 3.08
173,-6.977031,178.035401,Chennai,Tamil Nadu,30-04-2024 18.14
174,-2.440944,36.037062,Kolkata,West Bengal,23-07-2025 10.03
175,-10.635662,117.647935,Pune,Maharashtra,19-02-2023 1.53
176,-38.503317,45.725407,Ahmedabad,Gujarat,03-06-2025 6.37
177,11.7760355,-86.569784,Mumbai,Maharashtra,18-03-2025 12.18
178,62.7680295,-18.428765,Delhi,Delhi,27-04-2024 3.49
179,57.085774,-179.782063,Bangalore,Karnataka,20-11-2023 9.31
180,-12.9821855,-67.159032,Hyderabad,Telangana,03-06-2024 3.38
181,65.688478,145.698948,Chennai,Tamil Nadu,18-05-2025 9.26
182,-3.4968805,69.638633,Kolkata,West Bengal,21-06-2024 15.13
183,28.6913665,-65.269933,Pune,Maharashtra,07-10-2024 10.11
184,37.019948,-88.897628,Ahmedabad,Gujarat,24-05-2025 19.59
185,-67.2378715,-27.643334,Mumbai,Maharashtra,14-10-2024 1.41
186,88.201907,159.807534,Delhi,Delhi,24-03-2025 7.58
187,-0.0235865,-129.863131,Bangalore,Karnataka,05-08-2023 4.47
188,-6.67241,-59.396961,Hyderabad,Telangana,10-06-2023 16.21
189,-50.4449715,-166.886719,Chennai,Tamil Nadu,16-10-2022 3.13
190,-24.275581,75.08688,Kolkata,West Bengal,11-03-2025 22.11
191,-70.450321,64.499692,Pune,Maharashtra,10-05-2024 3.43
192,79.0513575,129.060961,Ahmedabad,Gujarat,03-06-2023 9.19
193,13.073435,85.416722,Mumbai,Maharashtra,17-04-2024 4.23
194,-24.505925,-100.77324,Delhi,Delhi,20-05-2025 11.51
195,-88.511576,-122.776382,Bangalore,Karnataka,26-05-2024 18.50
196,-31.25528,-85.571559,Hyderabad,Telangana,21-07-2025 9.43
197,49.038225,69.403322,Chennai,Tamil Nadu,22-10-2022 8.31
198,59.6274795,-46.212696,Kolkata,West Bengal,09-02-2023 20.49
199,32.5305395,-108.414116,Pune,Maharashtra,27-07-2024 3.24
200,89.201532,105.149257,Ahmedabad,Gujarat,20-12-2024 14.29
201,69.840514,-9.651958,Mumbai,Maharashtra,22-06-2024 20.35
202,74.457605,91.000712,Delhi,Delhi,29-05-2024 6.17
203,57.0682575,59.398044,Bangalore,Karnataka,09-04-2023 14.05
204,37.4194485,61.629363,Hyderabad,Telangana,11-09-2023 23.36
205,-23.632089,162.341877,Chennai,Tamil Nadu,10-10-2023 3.10
206,49.935353,80.166043,Kolkata,West Bengal,04-04-2025 23.07
207,-25.7779265,-32.576619,Pune,Maharashtra,18-06-2024 15.53
208,-69.200721,-26.600866,Ahmedabad,Gujarat,04-08-2023 14.48
209,-17.0620305,0.306775,Mumbai,Maharashtra,14-12-2023 23.53
210,54.996008,-136.740199,Delhi,Delhi,08-03-2023 7.12
211,-49.511703,-55.842437,Bangalore,Karnataka,22-03-2024 8.50
212,-48.98165,-65.134923,Hyderabad,Telangana,13-11-2022 2.52
213,21.365253,38.828247,Chennai,Tamil Nadu,01-01-2024 8.24
214,55.6560695,70.141207,Kolkata,West Bengal,12-05-2024 5.26
215,-73.2856745,-68.956633,Pune,Maharashtra,19-05-2024 0.20
216,14.5493845,133.575246,Ahmedabad,Gujarat,20-07-2025 19.13
217,-84.756932,129.071403,Mumbai,Maharashtra,18-03-2024 5.53
218,38.038272,-176.834568,Delhi,Delhi,02-02-2024 18.46
219,-9.8417765,29.372487,Bangalore,Karnataka,17-05-2024 6.29
220,54.4774825,113.202548,Hyderabad,Telangana,27-02-2025 11.08
221,-30.7995955,82.116207,Chennai,Tamil Nadu,12-07-2023 4.52
222,-16.734485,53.987659,Kolkata,West Bengal,28-08-2024 18.17
223,-82.2087085,28.766121,Pune,Maharashtra,09-01-2024 12.04
224,89.549395,37.065859,Ahmedabad,Gujarat,18-04-2023 17.33
225,35.4640875,-111.480352,Mumbai,Maharashtra,28-03-2025 23.40
226,53.3777215,-165.522497,Delhi,Delhi,08-04-2024 10.23
227,68.8850075,123.005638,Bangalore,Karnataka,31-05-2025 6.40
228,-82.7248485,-134.931052,Hyderabad,Telangana,29-04-2025 19.41
229,25.054864,-107.146895,Chennai,Tamil Nadu,22-07-2024 13.36
230,-41.217486,-153.003643,Kolkata,West Bengal,13-09-2023 11.34
231,11.764919,-4.253875,Pune,Maharashtra,30-06-2023 3.31
232,32.0574215,-4.525993,Ahmedabad,Gujarat,11-01-2024 15.10
233,11.770918,-30.612117,Mumbai,Maharashtra,21-05-2024 5.19
234,-22.2813775,-136.026927,Delhi,Delhi,04-08-2024 22.33
235,-84.79684,109.598399,Bangalore,Karnataka,25-10-2022 6.08
236,3.941764,-59.621644,Hyderabad,Telangana,11-05-2025 7.22
237,-71.5803965,169.908116,Chennai,Tamil Nadu,06-10-2022 21.10
238,-81.6704485,-47.240788,Kolkata,West Bengal,11-06-2023 0.57
239,-84.529281,153.577041,Pune,Maharashtra,30-03-2023 1.28
240,-25.96608,-112.23563,Ahmedabad,Gujarat,09-08-2024 23.53
241,89.706491,-118.587634,Mumbai,Maharashtra,28-12-2024 10.33
242,-31.4905885,69.663219,Delhi,Delhi,26-07-2025 22.11
243,-21.2151065,18.049088,Bangalore,Karnataka,22-04-2023 23.53
244,72.643081,146.013512,Hyderabad,Telangana,30-01-2023 6.20
245,-46.0394515,-13.012252,Chennai,Tamil Nadu,20-01-2023 6.27
246,65.339501,-166.214004,Kolkata,West Bengal,02-12-2023 22.51
247,64.564256,21.491389,Pune,Maharashtra,12-04-2024 12.36
248,-36.7612555,-139.199704,Ahmedabad,Gujarat,10-02-2025 3.15
249,78.3740985,-49.62123,Mumbai,Maharashtra,10-01-2023 15.24
250,-9.044516,142.34353,Delhi,Delhi,09-02-2023 9.30
251,61.916362,-157.951177,Bangalore,Karnataka,26-01-2024 16.56
252,53.0077135,49.983693,Hyderabad,Telangana,28-05-2025 23.33
253,9.4743635,-142.979135,Chennai,Tamil Nadu,29-09-2024 7.50
254,83.8235685,3.197093,Kolkata,West Bengal,24-08-2022 23.57
255,22.7586595,83.175037,Pune,Maharashtra,16-01-2023 7.01
256,26.373051,14.448221,Ahmedabad,Gujarat,18-04-2025 16.34
257,33.410341,-97.863503,Mumbai,Maharashtra,11-06-2024 20.23
258,-42.7185955,100.11065,Delhi,Delhi,11-05-2025 19.03
259,-17.50031,150.665424,Bangalore,Karnataka,18-11-2024 8.47
260,39.7878735,69.577207,Hyderabad,Telangana,11-06-2024 23.38
261,69.0411945,-35.906242,Chennai,Tamil Nadu,19-12-2023 0.38
262,-24.1003935,-133.473212,Kolkata,West Bengal,12-10-2023 15.26
263,31.0112405,-49.076815,Pune,Maharashtra,27-07-2024 5.50
264,62.967849,147.669338,Ahmedabad,Gujarat,08-06-2025 8.07
265,11.7341665,0.601562,Mumbai,Maharashtra,18-09-2022 22.15
266,42.68939,-5.509348,Delhi,Delhi,14-05-2023 19.43
267,40.8756895,-66.119024,Bangalore,Karnataka,07-02-2024 13.05
268,-20.6490525,2.718024,Hyderabad,Telangana,13-10-2023 18.40
269,70.0291405,-31.679438,Chennai,Tamil Nadu,15-12-2024 17.38
270,-87.2750815,97.362143,Kolkata,West Bengal,29-05-2023 3.21
271,-67.018446,-50.422958,Pune,Maharashtra,27-04-2024 16.59
272,41.1516175,118.057956,Ahmedabad,Gujarat,13-08-2023 16.10
273,37.8002705,166.766476,Mumbai,Maharashtra,05-09-2024 19.23
274,30.3059385,-170.742594,Delhi,Delhi,27-12-2022 21.31
275,-11.016738,-61.031337,Bangalore,Karnataka,24-04-2024 13.25
276,-24.688268,-15.606889,Hyderabad,Telangana,01-06-2025 18.28
277,66.1101395,18.116346,Chennai,Tamil Nadu,09-08-2024 12.40
278,58.571764,105.036542,Kolkata,West Bengal,21-01-2024 8.27
279,24.2203095,115.487561,Pune,Maharashtra,01-01-2024 5.02
280,4.4384185,63.602634,Ahmedabad,Gujarat,30-09-2023 4.44
281,-7.691518,-45.028679,Mumbai,Maharashtra,29-07-2023 11.19
282,-57.611684,-76.607096,Delhi,Delhi,08-12-2023 12.43
283,-57.9072685,107.689772,Bangalore,Karnataka,12-07-2025 11.24
284,-40.2992165,-77.167223,Hyderabad,Telangana,07-07-2023 11.39
285,39.976068,-31.555393,Chennai,Tamil Nadu,06-02-2025 5.38
286,50.831137,140.399589,Kolkata,West Bengal,18-10-2023 23.12
287,-63.0152285,-75.783917,Pune,Maharashtra,08-11-2023 13.07
288,-28.9354525,13.746548,Ahmedabad,Gujarat,11-05-2023 2.18
289,-8.8606605,-172.404156,Mumbai,Maharashtra,12-11-2024 2.15
290,-56.0206455,-32.730225,Delhi,Delhi,15-10-2022 1.11
291,-75.363284,117.082332,Bangalore,Karnataka,02-11-2023 3.53
292,-56.102108,162.453662,Hyderabad,Telangana,05-09-2024 21.32
293,-62.4618395,-173.415064,Chennai,Tamil Nadu,13-01-2025 2.54
294,-13.673243,72.005564,Kolkata,West Bengal,18-08-2024 0.00
295,28.2374435,2.915107,Pune,Maharashtra,18-05-2023 17.49
296,-76.2086665,-44.4517,Ahmedabad,Gujarat,16-08-2024 11.17
297,-59.3749675,-144.919012,Mumbai,Maharashtra,18-04-2024 19.42
298,42.002213,-140.227438,Delhi,Delhi,17-01-2025 17.09
299,78.9655445,-151.218848,Bangalore,Karnataka,29-03-2023 1.02
300,-49.9500795,122.172204,Hyderabad,Telangana,20-11-2023 8.03
301,-67.134426,-46.753496,Chennai,Tamil Nadu,05-02-2023 8.26
302,59.8065885,43.431725,Kolkata,West Bengal,04-03-2025 5.24
303,70.0215815,152.010824,Pune,Maharashtra,21-07-2023 22.28
304,50.2769965,24.213899,Ahmedabad,Gujarat,05-07-2024 4.38
305,28.8420145,-20.359755,Mumbai,Maharashtra,04-02-2025 14.03
306,25.113132,-16.050232,Delhi,Delhi,04-01-2025 16.17
307,76.7057525,-147.664102,Bangalore,Karnataka,09-03-2025 8.56
308,-63.362192,-68.444719,Hyderabad,Telangana,03-04-2025 1.08
309,-33.353355,-37.919194,Chennai,Tamil Nadu,27-05-2025 6.47
310,-68.206405,-95.680616,Kolkata,West Bengal,12-08-2023 23.04
311,-43.3422805,116.34858,Pune,Maharashtra,29-11-2022 22.52
312,-47.9810945,-178.563481,Ahmedabad,Gujarat,30-04-2024 22.53
313,30.9311665,138.799956,Mumbai,Maharashtra,04-08-2024 7.51
314,-11.815679,-162.476609,Delhi,Delhi,30-07-2023 22.18
315,-12.662434,-28.21673,Bangalore,Karnataka,01-08-2025 9.31
316,31.878106,-141.785658,Hyderabad,Telangana,08-07-2025 3.49
317,-27.340776,-37.968318,Chennai,Tamil Nadu,02-04-2025 8.06
318,68.3204365,174.96994,Kolkata,West Bengal,08-06-2023 15.29
319,24.1223735,-118.379944,Pune,Maharashtra,28-11-2024 7.00
320,-29.653174,167.696244,Ahmedabad,Gujarat,24-03-2023 18.58
321,-18.6948265,-103.637475,Mumbai,Maharashtra,24-11-2022 6.36
322,-73.9910355,-90.920883,Delhi,Delhi,26-11-2023 4.51
323,69.7309165,125.590705,Bangalore,Karnataka,27-10-2023 16.26
324,27.884357,-113.23814,Hyderabad,Telangana,02-08-2024 10.34
325,-8.371144,36.095115,Chennai,Tamil Nadu,02-10-2023 6.19
326,44.3444775,109.900395,Kolkata,West Bengal,10-09-2024 10.16
327,27.5100015,-136.813109,Pune,Maharashtra,19-02-2025 8.40
328,-79.2999525,51.943623,Ahmedabad,Gujarat,19-12-2023 1.16
329,72.0581475,-45.584755,Mumbai,Maharashtra,14-09-2022 12.33
330,-65.4846255,-57.097141,Delhi,Delhi,17-06-2025 19.54
331,64.4038345,135.209223,Bangalore,Karnataka,06-09-2022 13.41
332,-17.6536855,129.370245,Hyderabad,Telangana,06-10-2022 20.11
333,-42.9725965,72.598205,Chennai,Tamil Nadu,19-10-2024 12.37
334,84.8882475,57.4201,Kolkata,West Bengal,11-10-2023 10.40
335,-41.2818795,134.246448,Pune,Maharashtra,12-06-2024 11.13
336,80.398724,83.993279,Ahmedabad,Gujarat,25-12-2022 2.00
337,36.167455,6.81017,Mumbai,Maharashtra,30-04-2024 16.34
338,-0.5282085,-7.633161,Delhi,Delhi,11-06-2025 8.38
339,-61.921684,-93.657814,Bangalore,Karnataka,30-12-2023 16.13
340,20.5001375,86.002906,Hyderabad,Telangana,27-10-2023 1.47
341,87.8609135,34.991164,Chennai,Tamil Nadu,06-12-2024 21.20
342,-80.1491885,64.182802,Kolkata,West Bengal,20-12-2022 3.21
343,-5.572444,-44.4944,Pune,Maharashtra,20-12-2023 12.46
344,-58.882533,36.989831,Ahmedabad,Gujarat,12-10-2024 17.47
345,-89.6910135,173.078729,Mumbai,Maharashtra,25-11-2024 5.36
346,34.0108315,41.860602,Delhi,Delhi,28-10-2022 13.07
347,-39.646195,98.335031,Bangalore,Karnataka,18-02-2024 8.21
348,77.1370065,87.626444,Hyderabad,Telangana,02-04-2025 21.10
349,28.6594645,-152.291137,Chennai,Tamil Nadu,17-06-2023 13.27
350,-18.3126365,114.86005,Kolkata,West Bengal,24-02-2023 20.46
351,-12.6827645,55.211784,Pune,Maharashtra,25-07-2025 0.53
352,40.1138325,-114.809866,Ahmedabad,Gujarat,19-09-2022 4.34
353,79.120316,146.885486,Mumbai,Maharashtra,12-08-2023 1.54
354,-47.485685,-13.167289,Delhi,Delhi,08-12-2024 1.01
355,-86.329289,116.487718,Bangalore,Karnataka,30-04-2024 3.14
356,-64.9793445,-59.364756,Hyderabad,Telangana,28-01-2023 14.23
357,33.8689745,-116.935844,Chennai,Tamil Nadu,07-05-2025 12.37
358,-48.6686915,87.563311,Kolkata,West Bengal,01-11-2023 17.38
359,46.599291,-33.206128,Pune,Maharashtra,11-05-2024 18.51
360,39.5199935,73.521065,Ahmedabad,Gujarat,18-08-2023 23.11
361,32.617684,115.958184,Mumbai,Maharashtra,18-03-2023 0.53
362,12.9680875,-77.666838,Delhi,Delhi,21-02-2025 10.40
363,46.429875,-106.712642,Bangalore,Karnataka,21-11-2022 18.57
364,-15.8454025,42.770516,Hyderabad,Telangana,15-01-2024 7.43
365,46.294795,-36.562771,Chennai,Tamil Nadu,09-08-2022 7.53
366,-14.0759885,-19.714049,Kolkata,West Bengal,02-02-2025 2.52
367,65.6719965,174.302994,Pune,Maharashtra,03-09-2024 23.21
368,-50.111722,59.738307,Ahmedabad,Gujarat,18-11-2024 23.59
369,40.014401,5.287007,Mumbai,Maharashtra,03-01-2024 18.30
370,58.1542035,111.751795,Delhi,Delhi,13-03-2024 7.39
371,32.230639,-7.247101,Bangalore,Karnataka,25-05-2023 9.43
372,-25.896125,126.981523,Hyderabad,Telangana,22-03-2024 6.26
373,-27.30356,40.533202,Chennai,Tamil Nadu,12-10-2022 3.32
374,-4.5901925,73.927189,Kolkata,West Bengal,04-08-2025 21.03
375,12.335957,27.27445,Pune,Maharashtra,01-06-2025 8.21
376,85.0250175,-98.339079,Ahmedabad,Gujarat,12-09-2024 19.26
377,-80.062623,-112.222051,Mumbai,Maharashtra,23-09-2024 15.01
378,68.4253525,-1.761702,Delhi,Delhi,08-01-2023 6.06
379,28.1937985,-126.46769,Bangalore,Karnataka,30-10-2024 9.07
380,32.655697,-171.760321,Hyderabad,Telangana,17-03-2023 6.45
381,20.0527965,171.533045,Chennai,Tamil Nadu,02-04-2023 3.15
382,-69.9134445,72.055846,Kolkata,West Bengal,21-09-2023 1.00
383,0.881839,154.609842,Pune,Maharashtra,16-07-2025 10.09
384,16.698617,168.878398,Ahmedabad,Gujarat,08-12-2022 2.37
385,-1.8013475,106.486298,Mumbai,Maharashtra,17-03-2024 16.01
386,-4.996919,156.510244,Delhi,Delhi,01-09-2024 8.15
387,55.2278805,-160.726818,Bangalore,Karnataka,21-03-2025 12.48
388,-71.6334455,-53.958685,Hyderabad,Telangana,11-04-2025 19.38
389,-12.8572865,-57.869234,Chennai,Tamil Nadu,23-12-2022 17.50
390,26.4933285,-127.148751,Kolkata,West Bengal,15-04-2025 20.04
391,-63.0202935,58.198108,Pune,Maharashtra,20-04-2023 18.46
392,-9.612688,-164.459061,Ahmedabad,Gujarat,15-10-2022 18.55
393,-2.9263385,-149.87122,Mumbai,Maharashtra,04-11-2023 1.47
394,6.224271,21.241277,Delhi,Delhi,04-06-2024 9.25
395,-50.923906,-48.897501,Bangalore,Karnataka,07-11-2024 11.33
396,20.609298,123.830315,Hyderabad,Telangana,29-06-2025 11.36
397,-41.666347,-88.740724,Chennai,Tamil Nadu,04-05-2023 7.18
398,-68.8020955,147.21841,Kolkata,West Bengal,21-03-2024 14.32
399,76.3522345,-50.70549,Pune,Maharashtra,16-09-2024 10.37
400,66.540051,-103.164258,Ahmedabad,Gujarat,01-08-2023 0.51
401,33.7889875,162.47244,Mumbai,Maharashtra,03-09-2023 21.12
402,33.365016,-42.922519,Delhi,Delhi,06-06-2025 5.52
403,-87.477397,69.780938,Bangalore,Karnataka,26-10-2023 3.56
404,56.726321,-95.187482,Hyderabad,Telangana,28-11-2022 2.01
405,28.575935,5.524129,Chennai,Tamil Nadu,03-02-2025 2.30
406,-9.6963935,163.027603,Kolkata,West Bengal,25-05-2024 11.38
407,-22.864769,65.261856,Pune,Maharashtra,17-11-2023 16.09
408,-36.523095,26.530612,Ahmedabad,Gujarat,24-08-2024 23.33
409,-61.3704805,-52.651158,Mumbai,Maharashtra,19-03-2024 18.32
410,63.5243295,12.71473,Delhi,Delhi,14-01-2025 6.47
411,-10.5773605,-21.499194,Bangalore,Karnataka,08-09-2022 10.13
412,86.692221,32.496591,Hyderabad,Telangana,05-10-2023 17.37
413,-87.826219,123.830827,Chennai,Tamil Nadu,05-07-2025 16.42
414,-76.834786,145.562007,Kolkata,West Bengal,14-09-2024 23.35
415,-13.1753425,-56.456129,Pune,Maharashtra,05-03-2025 9.16
416,4.5754365,-62.422836,Ahmedabad,Gujarat,20-04-2025 7.05
417,-38.9618325,153.338407,Mumbai,Maharashtra,29-08-2023 16.17
418,86.947696,-106.567208,Delhi,Delhi,07-04-2025 7.02
419,-63.9177565,156.864007,Bangalore,Karnataka,05-05-2025 9.34
420,-79.4175825,-14.142924,Hyderabad,Telangana,20-06-2024 3.19
421,-81.0437775,131.156316,Chennai,Tamil Nadu,23-02-2024 3.15
422,-54.7244115,-131.610014,Kolkata,West Bengal,06-11-2023 18.45
423,-2.2970025,43.071524,Pune,Maharashtra,05-05-2023 4.35
424,-36.099557,-109.04725,Ahmedabad,Gujarat,20-11-2024 6.49
425,8.209133,104.999199,Mumbai,Maharashtra,22-09-2024 20.30
426,-16.8439965,-91.660885,Delhi,Delhi,08-09-2023 12.47
427,39.3450415,-21.547142,Bangalore,Karnataka,13-01-2024 12.28
428,-59.084367,71.433496,Hyderabad,Telangana,30-11-2022 7.36
429,-52.2158265,-58.874036,Chennai,Tamil Nadu,20-06-2025 23.25
430,16.679335,119.204934,Kolkata,West Bengal,24-02-2024 13.19
431,-65.7595075,31.835604,Pune,Maharashtra,26-08-2022 23.10
432,-19.009941,108.070067,Ahmedabad,Gujarat,13-02-2023 7.58
433,32.080695,17.882919,Mumbai,Maharashtra,15-06-2025 13.06
434,-19.6265825,133.833311,Delhi,Delhi,19-03-2024 5.54
435,81.409263,19.433392,Bangalore,Karnataka,20-01-2023 15.41
436,-27.2339105,73.122217,Hyderabad,Telangana,13-09-2022 5.14
437,76.308344,121.403292,Chennai,Tamil Nadu,27-12-2023 21.12
438,73.7676935,-61.154391,Kolkata,West Bengal,07-05-2025 10.28
439,-73.030306,161.129883,Pune,Maharashtra,26-07-2024 13.23
440,-8.881444,168.557775,Ahmedabad,Gujarat,30-04-2024 14.37
441,-58.6800415,-104.957786,Mumbai,Maharashtra,14-10-2022 18.54
442,-80.0109455,-16.595512,Delhi,Delhi,08-09-2024 14.37
443,-58.829146,-127.820442,Bangalore,Karnataka,05-08-2023 2.13
444,54.296568,-107.165919,Hyderabad,Telangana,31-03-2024 2.01
445,31.774068,19.185291,Chennai,Tamil Nadu,11-06-2025 21.47
446,55.0068185,45.016962,Kolkata,West Bengal,02-02-2025 17.53
447,-48.5205755,42.739435,Pune,Maharashtra,18-05-2025 17.30
448,-63.4190825,82.716189,Ahmedabad,Gujarat,18-03-2025 17.25
449,19.552773,-29.815653,Mumbai,Maharashtra,25-09-2022 4.00
450,9.4633795,-63.354227,Delhi,Delhi,24-06-2024 2.46
451,29.372134,-53.237993,Bangalore,Karnataka,19-02-2024 18.09
452,-63.3296965,17.211453,Hyderabad,Telangana,28-11-2024 3.24
453,83.094378,12.561555,Chennai,Tamil Nadu,07-11-2022 9.43
454,16.8747965,-31.887277,Kolkata,West Bengal,27-05-2023 4.49
455,-57.2080005,64.124531,Pune,Maharashtra,25-12-2022 18.05
456,87.9106285,-66.126557,Ahmedabad,Gujarat,28-04-2025 4.43
457,81.6625725,140.590295,Mumbai,Maharashtra,07-09-2022 12.30
458,-76.4229345,-0.948636,Delhi,Delhi,18-08-2023 17.09
459,-56.197566,123.105493,Bangalore,Karnataka,20-06-2023 2.52
460,-71.582603,117.53804,Hyderabad,Telangana,23-06-2023 3.38
461,67.4060115,-64.062001,Chennai,Tamil Nadu,02-08-2023 7.04
462,-1.802968,-100.782456,Kolkata,West Bengal,16-02-2025 4.03
463,-89.238838,-31.139202,Pune,Maharashtra,18-03-2023 2.36
464,-55.105503,110.025967,Ahmedabad,Gujarat,29-08-2023 17.18
465,-43.158786,-120.983743,Mumbai,Maharashtra,28-05-2025 6.15
466,-83.079693,-109.23868,Delhi,Delhi,28-08-2022 10.17
467,6.1649285,-52.261444,Bangalore,Karnataka,05-02-2025 2.16
468,-3.0882585,-171.527595,Hyderabad,Telangana,03-05-2023 0.37
469,-18.765951,-151.86849,Chennai,Tamil Nadu,18-02-2023 6.09
470,23.0007395,102.440017,Kolkata,West Bengal,28-01-2023 21.24
471,-72.93877,75.682605,Pune,Maharashtra,01-07-2024 17.09
472,7.184097,95.542528,Ahmedabad,Gujarat,12-02-2025 13.43
473,-60.7260375,62.668563,Mumbai,Maharashtra,26-09-2024 0.43
474,-30.528192,150.232971,Delhi,Delhi,11-10-2022 17.00
475,86.872947,99.95199,Bangalore,Karnataka,16-11-2023 21.50
476,32.954852,165.390898,Hyderabad,Telangana,22-09-2022 17.37
477,-73.672306,77.151453,Chennai,Tamil Nadu,20-04-2024 5.37
478,24.426953,-122.038436,Kolkata,West Bengal,04-09-2024 22.47
479,29.067856,-140.544975,Pune,Maharashtra,08-12-2022 20.20
480,-3.533767,146.577194,Ahmedabad,Gujarat,23-03-2023 18.32
481,-72.368559,-112.251407,Mumbai,Maharashtra,06-10-2023 13.35
482,77.5889515,159.880479,Delhi,Delhi,30-01-2025 16.13
483,57.198309,-5.417394,Bangalore,Karnataka,19-03-2024 1.23
484,70.3611545,104.840532,Hyderabad,Telangana,06-11-2023 10.50
485,31.793305,91.415667,Chennai,Tamil Nadu,02-03-2025 20.11
486,25.4807525,-126.753971,Kolkata,West Bengal,30-07-2025 12.29
487,-59.287208,171.496342,Pune,Maharashtra,12-05-2025 12.10
488,57.9979235,-64.560372,Ahmedabad,Gujarat,03-06-2024 10.25
489,31.213348,-57.328446,Mumbai,Maharashtra,09-05-2024 4.20
490,0.981262,63.470369,Delhi,Delhi,15-04-2024 17.59
491,21.666371,-128.951179,Bangalore,Karnataka,03-12-2023 20.53
492,24.558591,-12.215185,Hyderabad,Telangana,03-06-2025 13.16
493,-21.5785415,20.951329,Chennai,Tamil Nadu,30-03-2023 11.02
494,37.310317,-143.958078,Kolkata,West Bengal,25-12-2022 1.21
495,-67.0851785,-129.947472,Pune,Maharashtra,06-06-2024 5.46
496,-64.078684,20.063257,Ahmedabad,Gujarat,23-02-2023 11.18
497,59.349632,-147.797958,Mumbai,Maharashtra,01-02-2025 9.15
498,60.749705,121.551469,Delhi,Delhi,30-12-2023 10.20
499,89.8553175,-114.37758,Bangalore,Karnataka,04-05-2024 12.18
500,4.918261,177.201971,Hyderabad,Telangana,23-05-2024 8.28
501,-76.1900495,-25.580139,Chennai,Tamil Nadu,23-02-2025 1.09
502,-6.127637,8.78861,Kolkata,West Bengal,13-01-2023 6.45
503,65.1338205,92.415038,Pune,Maharashtra,01-07-2023 19.43
504,-48.4649355,172.582616,Ahmedabad,Gujarat,23-08-2024 9.34
505,-29.804728,-121.900698,Mumbai,Maharashtra,31-01-2024 5.26
506,59.321376,17.332836,Delhi,Delhi,30-01-2023 19.29
507,-15.2224145,128.217594,Bangalore,Karnataka,22-07-2023 16.04
508,25.1889845,121.166165,Hyderabad,Telangana,28-03-2025 3.47
509,74.704822,165.046485,Chennai,Tamil Nadu,17-12-2024 5.00
510,-82.952541,146.951654,Kolkata,West Bengal,23-05-2025 5.58
511,-18.207548,-164.455878,Pune,Maharashtra,12-05-2023 14.38
512,-16.644539,-14.115112,Ahmedabad,Gujarat,15-01-2024 5.49
513,4.227133,-176.72198,Mumbai,Maharashtra,14-05-2023 3.32
514,-51.546221,124.041322,Delhi,Delhi,22-05-2025 11.50
515,17.5847295,-142.64161,Bangalore,Karnataka,13-03-2023 17.43
516,79.965816,-163.541095,Hyderabad,Telangana,25-12-2022 21.13
517,52.400362,-64.501414,Chennai,Tamil Nadu,11-03-2024 17.47
518,22.697926,63.549228,Kolkata,West Bengal,16-01-2024 21.46
519,-47.74577,18.67074,Pune,Maharashtra,02-12-2023 10.56
520,-2.924132,124.724469,Ahmedabad,Gujarat,16-02-2025 13.05
521,-67.194519,-151.755852,Mumbai,Maharashtra,04-04-2023 0.41
522,-47.745603,151.699349,Delhi,Delhi,21-10-2022 15.31
523,-68.100626,-33.915899,Bangalore,Karnataka,23-06-2024 16.41
524,87.6878155,47.641197,Hyderabad,Telangana,28-08-2024 19.01
525,72.9607245,57.320664,Chennai,Tamil Nadu,09-05-2024 18.08
526,-16.6723335,-64.267293,Kolkata,West Bengal,09-10-2024 5.54
527,-59.447346,5.313264,Pune,Maharashtra,03-06-2024 4.35
528,-60.2332535,-27.933209,Ahmedabad,Gujarat,23-06-2025 22.02
529,69.218262,81.258969,Mumbai,Maharashtra,31-10-2024 21.46
530,89.082033,-14.4186,Delhi,Delhi,14-10-2022 21.31
531,-30.8050325,32.205417,Bangalore,Karnataka,21-02-2025 8.42
532,-75.2945795,-175.873027,Hyderabad,Telangana,18-06-2023 21.41
533,-9.0883575,-66.594622,Chennai,Tamil Nadu,06-03-2023 12.44
534,-21.4095045,-24.604256,Kolkata,West Bengal,28-12-2023 1.32
535,-57.791947,-175.850039,Pune,Maharashtra,16-09-2024 0.07
536,25.6030755,-85.67457,Ahmedabad,Gujarat,22-02-2023 0.38
537,12.061158,105.92797,Mumbai,Maharashtra,02-08-2025 11.01
538,-28.230126,88.576301,Delhi,Delhi,20-12-2024 6.58
539,89.3278155,10.142053,Bangalore,Karnataka,25-11-2022 7.25
540,16.58798,-157.289146,Hyderabad,Telangana,12-06-2024 23.41
541,-84.9691065,66.828682,Chennai,Tamil Nadu,04-12-2022 7.10
542,-5.963428,129.108346,Kolkata,West Bengal,02-06-2024 5.07
543,63.9208055,37.122881,Pune,Maharashtra,25-04-2025 18.27
544,22.123868,-24.567706,Ahmedabad,Gujarat,31-01-2023 6.13
545,18.725032,-168.802723,Mumbai,Maharashtra,22-12-2023 20.29
546,-43.8631445,151.853473,Delhi,Delhi,20-07-2024 1.54
547,7.1340925,-132.68563,Bangalore,Karnataka,13-06-2024 18.02
548,-61.5825805,-49.370463,Hyderabad,Telangana,12-06-2024 3.26
549,68.073933,34.989856,Chennai,Tamil Nadu,27-10-2024 6.59
550,-68.8883325,32.475625,Kolkata,West Bengal,30-11-2023 8.07
551,1.137403,-61.044407,Pune,Maharashtra,04-01-2024 17.56
552,-44.8672185,-138.994135,Ahmedabad,Gujarat,06-10-2024 8.26
553,79.979952,-118.782414,Mumbai,Maharashtra,06-11-2024 14.37
554,46.889214,-75.898743,Delhi,Delhi,30-01-2024 1.54
555,4.2476165,166.519556,Bangalore,Karnataka,22-03-2023 18.31
556,-26.577064,-124.807239,Hyderabad,Telangana,20-03-2023 20.05
557,-21.2890535,-74.090508,Chennai,Tamil Nadu,01-05-2023 20.45
558,71.7052465,-97.928659,Kolkata,West Bengal,19-05-2025 15.23
559,-69.7725095,-84.8954,Pune,Maharashtra,06-04-2025 19.52
560,42.6385295,69.082907,Ahmedabad,Gujarat,28-12-2024 1.49
561,65.5497805,61.004174,Mumbai,Maharashtra,28-06-2025 10.44
562,61.5296095,165.203611,Delhi,Delhi,18-04-2025 5.53
563,77.643788,-6.4789,Bangalore,Karnataka,05-04-2025 16.36
564,-5.137111,-98.955364,Hyderabad,Telangana,18-06-2024 11.47
565,-71.6695465,71.75009,Chennai,Tamil Nadu,22-06-2024 6.57
566,79.486152,-17.424518,Kolkata,West Bengal,06-10-2023 0.49
567,68.758032,-149.842823,Pune,Maharashtra,03-02-2024 1.36
568,46.1872085,-140.169193,Ahmedabad,Gujarat,30-11-2023 13.05
569,33.9480545,62.61941,Mumbai,Maharashtra,02-10-2022 18.21
570,-74.728693,17.96449,Delhi,Delhi,25-10-2023 7.15
571,-69.402679,166.102674,Bangalore,Karnataka,23-12-2022 14.44
572,75.090056,138.944173,Hyderabad,Telangana,01-10-2024 1.06
573,13.2087295,68.416429,Chennai,Tamil Nadu,22-01-2025 20.29
574,58.7981665,-157.976099,Kolkata,West Bengal,03-07-2024 23.32
575,63.452923,169.952571,Pune,Maharashtra,24-05-2023 18.19
576,-3.6908165,144.810034,Ahmedabad,Gujarat,13-08-2024 4.59
577,44.584761,-99.007079,Mumbai,Maharashtra,09-11-2022 11.04
578,30.9363775,-124.432853,Delhi,Delhi,20-01-2024 20.32
579,-67.363072,90.877683,Bangalore,Karnataka,05-05-2025 1.36
580,-43.6790695,-158.98573,Hyderabad,Telangana,25-08-2023 4.48
581,27.509841,55.912778,Chennai,Tamil Nadu,27-10-2024 10.56
582,50.324106,147.386786,Kolkata,West Bengal,08-04-2023 22.44
583,7.683114,20.173383,Pune,Maharashtra,18-10-2023 19.17
584,13.9963415,39.456397,Ahmedabad,Gujarat,12-01-2024 23.29
585,70.4937655,-151.886479,Mumbai,Maharashtra,11-04-2025 9.24
586,83.759708,-0.336499,Delhi,Delhi,15-11-2022 17.37
587,-1.4993105,-129.262508,Bangalore,Karnataka,19-12-2024 2.37
588,13.7675385,-27.449753,Hyderabad,Telangana,31-08-2023 19.20
589,86.245078,143.572534,Chennai,Tamil Nadu,26-03-2023 22.34
590,-0.5138085,-136.243956,Kolkata,West Bengal,26-01-2025 14.21
591,88.1370185,-104.071217,Pune,Maharashtra,30-01-2024 18.30
592,-6.7228035,172.216694,Ahmedabad,Gujarat,25-07-2025 9.28
593,87.7405535,30.43084,Mumbai,Maharashtra,21-02-2023 15.55
594,69.730162,-134.516826,Delhi,Delhi,29-11-2023 6.18
595,60.0345005,22.228163,Bangalore,Karnataka,30-04-2025 23.25
596,-1.825247,-111.391248,Hyderabad,Telangana,11-06-2025 8.00
597,51.3026365,-129.827821,Chennai,Tamil Nadu,04-05-2025 21.48
598,89.9741725,47.314562,Kolkata,West Bengal,03-10-2024 6.04
599,7.1274905,-170.212554,Pune,Maharashtra,19-02-2024 14.52
600,-7.0893945,-83.222083,Ahmedabad,Gujarat,04-07-2023 1.55
601,1.7330775,81.064713,Mumbai,Maharashtra,30-05-2023 14.43
602,-29.1878145,-106.145161,Delhi,Delhi,03-04-2023 1.01
603,-69.286155,-21.197827,Bangalore,Karnataka,09-01-2023 11.03
604,46.2819195,109.787218,Hyderabad,Telangana,31-10-2024 6.46
605,-79.867236,175.370555,Chennai,Tamil Nadu,10-01-2024 11.44
606,75.9015595,-109.643581,Kolkata,West Bengal,18-02-2025 3.12
607,11.12497,-97.186179,Pune,Maharashtra,14-04-2023 9.15
608,-41.454532,155.404991,Ahmedabad,Gujarat,19-04-2023 11.59
609,27.4870615,-156.542805,Mumbai,Maharashtra,04-05-2024 14.10
610,7.7908785,-52.476947,Delhi,Delhi,25-06-2024 9.10
611,73.90546,-27.030483,Bangalore,Karnataka,02-07-2024 17.29
612,-27.185313,106.695054,Hyderabad,Telangana,11-08-2023 21.05
613,-6.9278455,71.800832,Chennai,Tamil Nadu,02-06-2023 17.41
614,8.7415545,126.241579,Kolkata,West Bengal,19-06-2024 18.54
615,33.931274,-28.724956,Pune,Maharashtra,20-03-2024 13.29
616,44.997987,103.177818,Ahmedabad,Gujarat,16-05-2024 17.03
617,-46.4978405,-72.788097,Mumbai,Maharashtra,01-03-2025 15.44
618,-52.8489275,-45.780546,Delhi,Delhi,25-10-2022 9.39
619,82.115186,78.015142,Bangalore,Karnataka,04-03-2024 0.02
620,58.8583975,-124.92256,Hyderabad,Telangana,14-10-2024 18.44
621,-56.532066,-26.957958,Chennai,Tamil Nadu,13-12-2022 15.20
622,-46.9664845,-33.546287,Kolkata,West Bengal,03-07-2024 8.05
623,47.802076,-100.892795,Pune,Maharashtra,14-06-2024 22.24
624,-65.3808265,-60.794253,Ahmedabad,Gujarat,06-07-2024 3.31
625,3.841028,-165.68155,Mumbai,Maharashtra,10-05-2024 20.43
626,-75.7039625,32.844601,Delhi,Delhi,23-09-2024 4.25
627,10.384523,-53.417612,Bangalore,Karnataka,27-03-2024 5.34
628,-68.0942075,21.279709,Hyderabad,Telangana,20-07-2023 3.39
629,-82.433464,-8.907364,Chennai,Tamil Nadu,06-01-2023 6.20
630,84.4724925,0.007637,Kolkata,West Bengal,20-03-2023 5.21
631,-53.0633905,-159.436129,Pune,Maharashtra,24-10-2023 23.53
632,36.8236545,-105.486242,Ahmedabad,Gujarat,03-08-2024 1.56
633,30.4205415,150.36258,Mumbai,Maharashtra,13-08-2022 12.01
634,-68.732993,-169.797366,Delhi,Delhi,06-09-2023 21.47
635,-32.1106215,-99.727265,Bangalore,Karnataka,04-12-2024 21.09
636,73.445007,103.345168,Hyderabad,Telangana,23-05-2024 20.19
637,-60.153505,-25.326643,Chennai,Tamil Nadu,09-08-2023 12.07
638,-9.1603405,-114.583168,Kolkata,West Bengal,18-10-2022 12.28
639,-25.9943835,45.392121,Pune,Maharashtra,23-04-2025 22.05
640,77.1844385,65.411006,Ahmedabad,Gujarat,10-11-2022 21.52
641,-60.241812,88.343768,Mumbai,Maharashtra,17-02-2025 8.17
642,53.895843,-171.17634,Delhi,Delhi,13-04-2025 1.14
643,48.345119,128.726255,Bangalore,Karnataka,16-08-2023 4.21
644,-51.4588845,-23.624543,Hyderabad,Telangana,02-06-2024 3.26
645,-89.5800765,150.073382,Chennai,Tamil Nadu,04-02-2024 10.11
646,-25.4240285,126.37275,Kolkata,West Bengal,13-05-2024 11.00
647,-39.718306,176.681627,Pune,Maharashtra,08-06-2025 9.06
648,-67.0181795,101.043629,Ahmedabad,Gujarat,16-02-2024 12.32
649,-71.8324705,102.426012,Mumbai,Maharashtra,27-11-2024 13.05
650,46.1847415,92.527802,Delhi,Delhi,13-12-2024 4.31
651,-84.541552,29.623251,Bangalore,Karnataka,04-08-2024 16.09
652,-78.3138165,161.273157,Hyderabad,Telangana,28-03-2024 8.13
653,10.207597,-43.822554,Chennai,Tamil Nadu,30-08-2022 13.48
654,5.856656,-143.72924,Kolkata,West Bengal,22-01-2024 23.25
655,-25.2732535,172.780237,Pune,Maharashtra,07-04-2025 7.22
656,-62.1729425,132.406967,Ahmedabad,Gujarat,03-01-2024 21.26
657,-54.1881345,-156.19746,Mumbai,Maharashtra,03-02-2024 14.54
658,56.569448,1.756175,Delhi,Delhi,29-04-2025 21.24
659,-42.999872,69.442517,Bangalore,Karnataka,20-07-2025 14.14
660,38.4547335,159.160602,Hyderabad,Telangana,15-05-2023 12.04
661,-53.8007855,-146.123158,Chennai,Tamil Nadu,16-07-2024 7.46
662,-80.072239,-22.459217,Kolkata,West Bengal,14-06-2023 12.06
663,-78.240843,-72.91045,Pune,Maharashtra,09-10-2022 10.37
664,-5.2828935,-13.529278,Ahmedabad,Gujarat,13-10-2024 23.08
665,16.8974555,111.537385,Mumbai,Maharashtra,09-08-2024 17.52
666,-22.0016035,-160.339376,Delhi,Delhi,06-05-2025 6.26
667,-38.701063,-26.395383,Bangalore,Karnataka,10-02-2024 21.12
668,-77.167704,172.043097,Hyderabad,Telangana,02-01-2024 23.18
669,-16.6589745,-113.172991,Chennai,Tamil Nadu,28-02-2024 1.00
670,27.2932425,34.760055,Kolkata,West Bengal,18-06-2024 10.49
671,13.789165,2.018902,Pune,Maharashtra,22-05-2023 13.18
672,43.1985395,87.105836,Ahmedabad,Gujarat,26-02-2024 23.56
673,49.39205,-36.805419,Mumbai,Maharashtra,11-12-2022 16.13
674,23.9507605,-137.626388,Delhi,Delhi,04-06-2024 6.26
675,71.719824,-83.118164,Bangalore,Karnataka,29-11-2024 17.00
676,-11.1426765,-7.550926,Hyderabad,Telangana,11-01-2023 17.22
677,-68.506665,-3.949342,Chennai,Tamil Nadu,28-05-2025 1.06
678,-10.6397545,-15.451289,Kolkata,West Bengal,28-06-2024 1.11
679,71.7650115,48.769325,Pune,Maharashtra,21-04-2023 5.13
680,29.160749,8.735351,Ahmedabad,Gujarat,29-06-2024 22.27
681,-78.630374,9.278838,Mumbai,Maharashtra,17-03-2025 11.34
682,26.753452,-32.599214,Delhi,Delhi,24-04-2025 17.23
683,-74.603061,-139.712581,Bangalore,Karnataka,12-06-2025 23.47
684,81.1309685,38.082456,Hyderabad,Telangana,20-02-2024 17.28
685,47.730479,-94.107783,Chennai,Tamil Nadu,22-09-2022 17.15
686,-51.6729295,146.188217,Kolkata,West Bengal,23-06-2025 17.14
687,27.621122,-161.317446,Pune,Maharashtra,17-02-2023 10.26
688,-71.952182,-53.300946,Ahmedabad,Gujarat,03-05-2025 13.39
689,8.33555,14.428115,Mumbai,Maharashtra,22-03-2024 2.05
690,62.2685755,-162.613264,Delhi,Delhi,02-03-2025 7.49
691,-48.8117565,61.550338,Bangalore,Karnataka,03-03-2024 14.48
692,9.8615815,58.338089,Hyderabad,Telangana,02-12-2022 18.44
693,64.0609545,-106.075504,Chennai,Tamil Nadu,04-11-2024 19.56
694,8.5023765,33.692902,Kolkata,West Bengal,06-12-2023 17.23
695,84.3651335,-30.379569,Pune,Maharashtra,28-08-2023 2.26
696,-59.546369,-166.087883,Ahmedabad,Gujarat,21-05-2023 8.37
697,43.9610935,97.962376,Mumbai,Maharashtra,28-03-2024 12.11
698,60.7728705,-116.777545,Delhi,Delhi,15-09-2023 23.59
699,-20.128998,59.591052,Bangalore,Karnataka,04-07-2023 16.00
700,74.249531,-26.682083,Hyderabad,Telangana,18-07-2025 9.43
701,41.855548,-72.530072,Chennai,Tamil Nadu,11-02-2023 20.30
702,-53.565681,-140.243613,Kolkata,West Bengal,07-07-2024 13.37
703,-43.6529115,58.967249,Pune,Maharashtra,19-12-2022 17.19
704,-4.2113115,178.543756,Ahmedabad,Gujarat,27-01-2024 1.12
705,-72.5680495,115.277469,Mumbai,Maharashtra,24-11-2024 13.51
706,-12.05647,-18.961986,Delhi,Delhi,07-04-2023 0.28
707,81.1812965,-86.535601,Bangalore,Karnataka,17-02-2024 21.39
708,46.56808,-59.611199,Hyderabad,Telangana,09-02-2023 20.58
709,-36.0497435,-105.441048,Chennai,Tamil Nadu,08-08-2023 2.24
710,42.6130045,-165.88887,Kolkata,West Bengal,16-02-2024 23.26
711,58.7189975,127.239093,Pune,Maharashtra,29-02-2024 10.15
712,35.468299,116.163195,Ahmedabad,Gujarat,22-02-2023 22.28
713,74.268636,-133.713415,Mumbai,Maharashtra,15-11-2022 11.31
714,-6.9754045,33.760508,Delhi,Delhi,17-08-2024 22.10
715,51.1153535,40.54395,Bangalore,Karnataka,02-05-2024 9.02
716,64.32368,-140.405388,Hyderabad,Telangana,16-02-2023 0.46
717,-4.898533,164.852905,Chennai,Tamil Nadu,28-11-2022 13.19
718,30.7891085,70.092294,Kolkata,West Bengal,26-06-2025 20.33
719,48.877771,4.959964,Pune,Maharashtra,20-02-2023 16.54
720,57.98939,163.486748,Ahmedabad,Gujarat,03-02-2025 10.30
721,-41.154643,-110.725957,Mumbai,Maharashtra,07-06-2024 9.25
722,44.986469,-150.250453,Delhi,Delhi,14-02-2023 5.18
723,49.0769825,-97.850447,Bangalore,Karnataka,20-11-2023 18.50
724,-45.800201,-93.04465,Hyderabad,Telangana,19-12-2023 13.54
725,-29.475781,5.769726,Chennai,Tamil Nadu,19-10-2024 10.09
726,-13.751363,-137.662411,Kolkata,West Bengal,29-08-2023 15.29
727,-37.305606,160.943679,Pune,Maharashtra,08-12-2024 1.06
728,-16.327612,-112.799712,Ahmedabad,Gujarat,02-04-2025 6.46
729,-8.71114,149.868671,Mumbai,Maharashtra,11-11-2024 1.45
730,-64.920504,89.816903,Delhi,Delhi,27-04-2025 1.59
731,-44.7321455,137.724738,Bangalore,Karnataka,23-01-2025 8.19
732,-48.608792,-88.087367,Hyderabad,Telangana,24-05-2025 15.35
733,77.6323545,144.881477,Chennai,Tamil Nadu,11-01-2024 19.37
734,61.295064,-157.883978,Kolkata,West Bengal,18-09-2022 10.05
735,-68.196906,-155.592881,Pune,Maharashtra,27-04-2025 19.22
736,64.825849,-37.913944,Ahmedabad,Gujarat,12-05-2025 20.08
737,-33.4115565,127.163822,Mumbai,Maharashtra,13-05-2024 11.43
738,75.9222165,163.055786,Delhi,Delhi,21-09-2022 9.23
739,43.6910725,156.706115,Bangalore,Karnataka,29-11-2024 20.51
740,-12.241857,164.62135,Hyderabad,Telangana,17-11-2023 15.08
741,39.6395125,-48.532176,Chennai,Tamil Nadu,04-07-2025 10.33
742,19.009632,-20.316406,Kolkata,West Bengal,09-07-2024 21.36
743,-70.411454,-147.834433,Pune,Maharashtra,07-04-2023 21.55
744,28.0057025,43.135225,Ahmedabad,Gujarat,26-08-2024 14.26
745,34.6727435,-70.465979,Mumbai,Maharashtra,15-01-2024 19.32
746,72.8491245,-102.86846,Delhi,Delhi,03-12-2023 22.10
747,-4.2841595,5.419405,Bangalore,Karnataka,15-04-2024 17.29
748,-54.897729,18.932253,Hyderabad,Telangana,13-10-2024 8.06
749,60.7671,-122.992933,Chennai,Tamil Nadu,14-12-2023 1.45
750,-25.1089865,70.435553,Kolkata,West Bengal,11-02-2023 16.11
751,-18.201119,61.375021,Pune,Maharashtra,25-08-2023 11.20
752,-52.1834465,-128.024638,Ahmedabad,Gujarat,22-10-2022 22.57
753,-12.09681,26.238868,Mumbai,Maharashtra,18-03-2025 7.11
754,22.24219,-46.710911,Delhi,Delhi,10-04-2023 10.17
755,-2.1046175,130.143366,Bangalore,Karnataka,04-12-2023 3.06
756,-39.041797,-94.453693,Hyderabad,Telangana,17-09-2024 8.56
757,48.1703965,70.619459,Chennai,Tamil Nadu,18-09-2024 3.21
758,-7.1767955,87.023633,Kolkata,West Bengal,10-09-2022 8.19
759,-65.827632,31.120291,Pune,Maharashtra,28-09-2024 12.35
760,32.7369145,-50.759794,Ahmedabad,Gujarat,05-07-2023 13.24
761,66.5902425,9.459111,Mumbai,Maharashtra,19-10-2022 22.21
762,-76.4331635,-28.947968,Delhi,Delhi,12-09-2024 3.14
763,70.3952235,171.253182,Bangalore,Karnataka,15-06-2025 1.38
764,36.322196,-26.590005,Hyderabad,Telangana,16-11-2024 1.31
765,-87.8048955,-122.287944,Chennai,Tamil Nadu,04-06-2024 18.24
766,-54.047114,-38.012196,Kolkata,West Bengal,24-02-2024 13.25
767,18.2476915,16.46112,Pune,Maharashtra,14-10-2022 15.00
768,17.530311,-152.534926,Ahmedabad,Gujarat,07-01-2025 5.53
769,60.8115675,-75.495231,Mumbai,Maharashtra,19-02-2024 12.07
770,58.504649,-25.058142,Delhi,Delhi,27-11-2022 13.42
771,13.709722,90.720127,Bangalore,Karnataka,04-07-2024 22.40
772,57.6011395,-29.826106,Hyderabad,Telangana,30-03-2025 12.22
773,74.025645,-116.213819,Chennai,Tamil Nadu,21-02-2023 5.10
774,-64.0472615,31.475447,Kolkata,West Bengal,07-03-2024 2.05
775,1.022516,119.483685,Pune,Maharashtra,24-02-2024 7.02
776,-51.273526,-73.131614,Ahmedabad,Gujarat,26-02-2025 5.41
777,46.666534,35.493049,Mumbai,Maharashtra,20-09-2024 4.30
778,-79.194155,-155.677946,Delhi,Delhi,04-10-2022 19.04
779,-53.2145795,-1.200133,Bangalore,Karnataka,10-08-2024 6.42
780,49.4073125,65.343866,Hyderabad,Telangana,24-03-2023 17.09
781,72.741818,96.760034,Chennai,Tamil Nadu,10-03-2023 11.39
782,-1.9623385,149.138443,Kolkata,West Bengal,13-12-2023 3.54
783,-46.3786895,30.965885,Pune,Maharashtra,20-03-2025 1.03
784,-9.674894,138.753496,Ahmedabad,Gujarat,09-01-2024 21.09
785,46.181329,93.650673,Mumbai,Maharashtra,09-11-2024 7.19
786,41.4922095,122.217661,Delhi,Delhi,14-11-2023 1.15
787,37.4780105,-171.068101,Bangalore,Karnataka,28-02-2024 13.37
788,-1.0835495,-121.156485,Hyderabad,Telangana,13-05-2024 9.59
789,66.68635,-14.816722,Chennai,Tamil Nadu,09-07-2025 4.22
790,78.9158255,-165.693918,Kolkata,West Bengal,17-02-2025 14.39
791,37.39684,-37.444435,Pune,Maharashtra,19-05-2025 18.27
792,65.2830215,130.115104,Ahmedabad,Gujarat,24-07-2023 19.40
793,-76.2144535,133.276674,Mumbai,Maharashtra,20-08-2024 16.40
794,-44.228517,101.445091,Delhi,Delhi,08-04-2025 12.00
795,76.3590635,24.113132,Bangalore,Karnataka,22-03-2023 21.43
796,-24.9858555,-163.050712,Hyderabad,Telangana,10-01-2025 19.13
797,-60.5001455,-77.573442,Chennai,Tamil Nadu,03-09-2022 18.17
798,28.390389,-11.587632,Kolkata,West Bengal,16-05-2024 21.30
799,-49.350481,41.706271,Pune,Maharashtra,12-07-2025 23.57
800,-35.268244,40.319692,Ahmedabad,Gujarat,22-09-2024 21.26
801,74.142391,73.191252,Mumbai,Maharashtra,10-11-2022 2.15
802,-52.933766,98.465928,Delhi,Delhi,23-06-2023 10.30
803,60.561896,-5.490361,Bangalore,Karnataka,30-05-2025 1.51
804,38.411733,102.113397,Hyderabad,Telangana,12-03-2024 17.17
805,-5.77768,-87.023394,Chennai,Tamil Nadu,19-07-2024 9.44
806,53.110206,3.785417,Kolkata,West Bengal,30-11-2024 22.47
807,5.1031885,165.373943,Pune,Maharashtra,17-07-2025 8.50
808,-19.035818,147.53237,Ahmedabad,Gujarat,26-08-2024 11.47
809,-38.389481,-47.651046,Mumbai,Maharashtra,12-10-2023 18.21
810,59.8102445,-19.744482,Delhi,Delhi,20-07-2023 15.54
811,-10.1097,-24.842085,Bangalore,Karnataka,04-08-2025 8.51
812,-34.359291,82.531531,Hyderabad,Telangana,10-12-2023 20.23
813,38.79625,7.262279,Chennai,Tamil Nadu,23-12-2024 0.44
814,-16.5943015,-25.494256,Kolkata,West Bengal,10-02-2023 16.02
815,63.941506,111.623382,Pune,Maharashtra,17-03-2024 4.16
816,15.906498,5.292767,Ahmedabad,Gujarat,20-03-2023 21.16
817,-12.0322085,-157.415728,Mumbai,Maharashtra,26-10-2023 3.53
818,-68.785698,5.952495,Delhi,Delhi,22-06-2024 13.13
819,86.0861575,-42.322691,Bangalore,Karnataka,18-08-2024 13.37
820,-32.5583525,-71.515567,Hyderabad,Telangana,18-11-2024 23.53
821,-17.218366,121.731126,Chennai,Tamil Nadu,21-07-2025 19.23
822,-17.0871665,-106.302142,Kolkata,West Bengal,22-01-2023 0.30
823,75.2695445,135.052226,Pune,Maharashtra,12-08-2023 1.19
824,-24.9156645,-152.74552,Ahmedabad,Gujarat,10-06-2025 21.28
825,52.550365,-58.843457,Mumbai,Maharashtra,22-04-2025 8.32
826,-27.498412,-151.819052,Delhi,Delhi,07-01-2023 23.54
827,20.9447405,-2.674963,Bangalore,Karnataka,08-08-2024 4.44
828,-63.010183,-106.197947,Hyderabad,Telangana,13-08-2022 9.25
829,57.73414,-95.20603,Chennai,Tamil Nadu,28-04-2024 10.51
830,85.259575,75.3893,Kolkata,West Bengal,16-08-2024 0.49
831,84.62765,-72.917892,Pune,Maharashtra,25-10-2023 13.31
832,-3.787201,-26.768805,Ahmedabad,Gujarat,04-05-2025 17.04
833,-74.1186645,-131.971144,Mumbai,Maharashtra,14-05-2025 15.42
834,64.1177495,-55.327731,Delhi,Delhi,13-11-2024 16.10
835,-79.987829,-86.012813,Bangalore,Karnataka,15-05-2024 12.07
836,-42.81208,-160.490195,Hyderabad,Telangana,13-04-2024 1.16
837,42.9786025,-79.974708,Chennai,Tamil Nadu,29-10-2023 0.21
838,-79.9427485,-175.024728,Kolkata,West Bengal,11-11-2023 21.07
839,62.4611025,143.616641,Pune,Maharashtra,19-01-2023 0.42
840,-0.0628165,-27.227128,Ahmedabad,Gujarat,11-07-2024 3.36
841,82.150989,111.682226,Mumbai,Maharashtra,27-10-2024 20.15
842,42.583605,-107.951955,Delhi,Delhi,26-09-2024 14.39
843,35.6333695,-33.521707,Bangalore,Karnataka,31-05-2023 20.46
844,-59.7616155,-2.465325,Hyderabad,Telangana,14-04-2023 18.28
845,33.1889145,168.045542,Chennai,Tamil Nadu,08-09-2023 23.46
846,-40.0175675,-172.438607,Kolkata,West Bengal,11-01-2024 0.42
847,-10.80503,124.825222,Pune,Maharashtra,17-06-2025 23.44
848,-38.148661,-85.781887,Ahmedabad,Gujarat,11-03-2025 10.17
849,81.4566495,37.695985,Mumbai,Maharashtra,30-05-2024 18.11
850,48.319599,-3.945714,Delhi,Delhi,18-12-2022 2.04
851,17.5978555,179.304002,Bangalore,Karnataka,31-12-2022 12.27
852,-40.3981745,-104.509574,Hyderabad,Telangana,16-08-2024 1.01
853,-3.133839,-46.830736,Chennai,Tamil Nadu,15-08-2022 22.53
854,-19.9959855,25.929934,Kolkata,West Bengal,06-08-2023 5.07
855,29.9196535,-36.658515,Pune,Maharashtra,30-12-2023 9.34
856,-8.947032,132.706234,Ahmedabad,Gujarat,11-01-2025 6.39
857,-86.9302435,-39.579721,Mumbai,Maharashtra,16-05-2025 19.19
858,6.516529,-53.136019,Delhi,Delhi,09-11-2022 20.24
859,89.257471,-116.528518,Bangalore,Karnataka,28-07-2024 7.26
860,-7.6422995,-94.252682,Hyderabad,Telangana,26-04-2024 3.16
861,44.89431,-13.044988,Chennai,Tamil Nadu,12-07-2025 16.08
862,-58.481452,162.90553,Kolkata,West Bengal,06-11-2023 16.02
863,8.661814,149.974525,Pune,Maharashtra,14-07-2023 10.06
864,-31.178115,-108.290806,Ahmedabad,Gujarat,17-08-2024 4.09
865,-48.879563,64.264812,Mumbai,Maharashtra,03-03-2025 7.50
866,10.2941545,43.255414,Delhi,Delhi,30-07-2025 18.29
867,57.4340145,72.773899,Bangalore,Karnataka,17-11-2024 8.21
868,88.266493,-62.741156,Hyderabad,Telangana,24-08-2023 18.25
869,69.9377275,-136.046214,Chennai,Tamil Nadu,29-10-2024 16.33
870,29.9229965,103.560784,Kolkata,West Bengal,02-08-2025 14.33
871,7.115886,-138.068923,Pune,Maharashtra,28-12-2024 17.59
872,-59.8791805,-146.843901,Ahmedabad,Gujarat,03-12-2024 2.05
873,45.6906495,-71.467906,Mumbai,Maharashtra,11-01-2025 0.07
874,54.0586145,-99.548613,Delhi,Delhi,17-04-2023 22.38
875,-1.921594,99.356237,Bangalore,Karnataka,21-06-2024 17.15
876,-58.7970575,-69.725917,Hyderabad,Telangana,27-01-2025 5.34
877,41.2187595,-131.17608,Chennai,Tamil Nadu,06-10-2024 4.25
878,29.5833485,-150.130754,Kolkata,West Bengal,09-07-2024 17.25
879,-54.581462,95.547836,Pune,Maharashtra,11-05-2024 16.24
880,32.6209065,122.747515,Ahmedabad,Gujarat,03-11-2022 0.50
881,60.00098,68.237462,Mumbai,Maharashtra,15-06-2025 10.50
882,-7.2763635,-168.312076,Delhi,Delhi,11-04-2024 10.17
883,-21.694661,-178.381082,Bangalore,Karnataka,09-07-2023 20.12
884,65.239248,-140.792571,Hyderabad,Telangana,14-10-2022 16.46
885,23.735401,4.967526,Chennai,Tamil Nadu,28-07-2025 8.29
886,-72.884579,110.534942,Kolkata,West Bengal,06-11-2022 22.44
887,-71.472815,73.441297,Pune,Maharashtra,23-09-2022 15.24
888,-12.934675,39.508765,Ahmedabad,Gujarat,11-05-2023 22.26
889,-53.646091,164.416111,Mumbai,Maharashtra,04-05-2025 16.25
890,22.8400495,21.037175,Delhi,Delhi,21-03-2024 12.07
891,30.4032695,22.66681,Bangalore,Karnataka,10-03-2024 21.19
892,-68.458057,175.29716,Hyderabad,Telangana,20-11-2024 2.49
893,-54.3008215,170.863445,Chennai,Tamil Nadu,27-01-2024 14.03
894,-58.154651,-84.182703,Kolkata,West Bengal,16-11-2024 22.41
895,15.5108725,103.920178,Pune,Maharashtra,19-02-2023 4.05
896,-30.2220505,-178.135292,Ahmedabad,Gujarat,09-09-2022 15.53
897,-9.9087945,68.573324,Mumbai,Maharashtra,16-06-2025 14.08
898,56.148433,47.702002,Delhi,Delhi,08-11-2024 16.10
899,11.8112515,-56.700044,Bangalore,Karnataka,24-08-2023 20.10
900,33.648156,5.843094,Hyderabad,Telangana,03-04-2023 7.35
901,-16.005839,-78.810329,Chennai,Tamil Nadu,27-01-2023 15.24
902,-81.351732,174.440935,Kolkata,West Bengal,17-05-2024 14.40
903,75.06719,-171.600227,Pune,Maharashtra,14-08-2023 4.56
904,-34.6803855,-143.87347,Ahmedabad,Gujarat,09-01-2023 1.57
905,69.4356695,-161.973876,Mumbai,Maharashtra,28-06-2024 20.46
906,70.46666,-153.867099,Delhi,Delhi,20-08-2023 12.36
907,-78.125293,35.964564,Bangalore,Karnataka,17-06-2024 5.58
908,-27.09503,109.78134,Hyderabad,Telangana,08-07-2023 20.38
909,-74.848419,-104.765286,Chennai,Tamil Nadu,26-09-2024 2.50
910,-12.351433,-54.285493,Kolkata,West Bengal,16-01-2025 7.12
911,-4.394942,130.029429,Pune,Maharashtra,19-02-2025 4.14
912,-3.922113,-52.813115,Ahmedabad,Gujarat,17-11-2023 2.50
913,-51.543822,174.448844,Mumbai,Maharashtra,23-10-2024 1.53
914,-30.6642905,42.028445,Delhi,Delhi,15-11-2023 3.44
915,-16.138931,-147.273618,Bangalore,Karnataka,17-12-2024 4.12
916,68.824433,-85.976085,Hyderabad,Telangana,03-04-2025 18.57
917,24.675783,118.420054,Chennai,Tamil Nadu,13-09-2024 6.19
918,-77.4146475,4.906301,Kolkata,West Bengal,30-04-2025 16.48
919,12.315417,101.56896,Pune,Maharashtra,13-12-2023 11.31
920,21.756293,39.182477,Ahmedabad,Gujarat,25-03-2023 3.29
921,-9.4992955,22.110525,Mumbai,Maharashtra,17-05-2023 23.45
922,54.399019,74.218481,Delhi,Delhi,14-08-2023 16.11
923,-29.5095335,-18.543368,Bangalore,Karnataka,17-03-2023 14.04
924,34.2923695,-149.063385,Hyderabad,Telangana,25-12-2024 23.31
925,20.7772685,43.610957,Chennai,Tamil Nadu,18-12-2024 1.24
926,52.268594,-108.009504,Kolkata,West Bengal,30-03-2024 17.33
927,-24.8081635,-43.100256,Pune,Maharashtra,17-06-2023 5.11
928,-1.345704,167.197563,Ahmedabad,Gujarat,06-12-2022 4.12
929,30.73873,19.220713,Mumbai,Maharashtra,26-12-2022 23.33
930,53.783569,-77.735958,Delhi,Delhi,24-10-2022 9.40
931,-17.935392,22.490515,Bangalore,Karnataka,16-06-2025 20.33
932,72.3952485,143.69131,Hyderabad,Telangana,05-10-2022 18.41
933,-70.4621045,-78.980602,Chennai,Tamil Nadu,03-02-2025 2.57
934,60.0152835,-63.490142,Kolkata,West Bengal,19-08-2024 1.21
935,-33.926764,-1.241148,Pune,Maharashtra,19-11-2023 7.55
936,-85.8838885,-66.286569,Ahmedabad,Gujarat,27-05-2023 12.50
937,-58.508174,77.118686,Mumbai,Maharashtra,17-08-2023 4.46
938,72.242801,-70.202842,Delhi,Delhi,12-04-2024 11.45
939,-25.7550855,116.395315,Bangalore,Karnataka,17-12-2023 22.55
940,-14.016875,24.366217,Hyderabad,Telangana,29-07-2024 15.19
941,53.250615,168.279619,Chennai,Tamil Nadu,14-02-2024 10.25
942,-7.2085235,-39.57517,Kolkata,West Bengal,15-02-2024 0.46
943,47.6581415,86.973713,Pune,Maharashtra,29-07-2024 6.08
944,-63.5300555,72.05575,Ahmedabad,Gujarat,15-12-2023 19.24
945,-35.47338,19.02069,Mumbai,Maharashtra,04-12-2023 10.49
946,21.113535,-155.456708,Delhi,Delhi,26-12-2024 4.41
947,-30.6021875,-101.65834,Bangalore,Karnataka,30-08-2022 12.58
948,-19.998983,117.056883,Hyderabad,Telangana,28-01-2025 14.32
949,65.462494,44.18552,Chennai,Tamil Nadu,06-11-2023 21.49
950,-49.087374,-74.670337,Kolkata,West Bengal,30-12-2023 18.31
951,-28.254846,23.924925,Pune,Maharashtra,06-01-2025 11.32
952,-24.037352,88.06044,Ahmedabad,Gujarat,07-12-2024 17.41
953,85.719986,1.228444,Mumbai,Maharashtra,09-09-2023 2.05
954,41.163226,164.507084,Delhi,Delhi,05-09-2024 10.58
955,33.7028425,-89.68025,Bangalore,Karnataka,03-02-2024 10.19
956,-44.5630805,-104.860339,Hyderabad,Telangana,01-12-2024 8.58
957,41.0814145,-81.190108,Chennai,Tamil Nadu,24-11-2024 12.34
958,82.2844145,-148.468469,Kolkata,West Bengal,27-10-2024 6.18
959,-80.9205045,-140.094166,Pune,Maharashtra,08-06-2025 9.07
960,-76.977017,-176.57271,Ahmedabad,Gujarat,06-05-2024 23.20
961,-53.0923995,158.605368,Mumbai,Maharashtra,30-07-2023 20.42
962,-71.7549955,-98.916576,Delhi,Delhi,19-08-2022 13.04
963,-31.2878855,91.513292,Bangalore,Karnataka,13-07-2024 17.31
964,10.1802995,-147.546092,Hyderabad,Telangana,22-03-2025 2.49
965,81.188965,177.961218,Chennai,Tamil Nadu,20-03-2025 1.45
966,39.7091275,173.950584,Kolkata,West Bengal,01-09-2024 4.46
967,-85.777036,-176.450019,Pune,Maharashtra,09-11-2024 2.34
968,58.08069,40.83568,Ahmedabad,Gujarat,23-08-2022 18.05
969,-85.51011,104.228932,Mumbai,Maharashtra,06-10-2023 3.19
970,53.8111015,-26.085262,Delhi,Delhi,31-08-2022 23.22
971,44.812588,51.162229,Bangalore,Karnataka,10-05-2023 19.48
972,-61.2729975,-128.291875,Hyderabad,Telangana,27-10-2024 22.45
973,-50.030635,-50.630842,Chennai,Tamil Nadu,30-05-2023 11.59
974,76.3711525,102.638906,Kolkata,West Bengal,01-09-2023 11.04
975,5.144558,-36.481125,Pune,Maharashtra,12-04-2024 21.37
976,-68.7884325,20.280541,Ahmedabad,Gujarat,27-04-2024 2.02
977,33.211269,123.333239,Mumbai,Maharashtra,18-08-2023 3.41
978,-29.3719045,-18.952342,Delhi,Delhi,02-07-2025 23.10
979,-68.3595605,170.971691,Bangalore,Karnataka,10-05-2025 22.04
980,-81.494755,-129.8023,Hyderabad,Telangana,25-04-2024 22.07
981,11.807911,22.491371,Chennai,Tamil Nadu,10-12-2024 22.27
982,37.776646,-149.873523,Kolkata,West Bengal,20-04-2025 11.56
983,-87.46324,-87.989144,Pune,Maharashtra,11-12-2022 19.00
984,44.179714,52.95347,Ahmedabad,Gujarat,03-05-2025 4.08
985,-1.0752205,123.791962,Mumbai,Maharashtra,31-12-2022 11.35
986,51.77665,-157.155198,Delhi,Delhi,28-07-2023 6.34
987,-33.248167,124.28992,Bangalore,Karnataka,13-08-2024 0.11
988,-17.2284755,-155.002234,Hyderabad,Telangana,28-11-2022 20.08
989,-14.7379435,111.537386,Chennai,Tamil Nadu,27-12-2024 17.25
990,86.6598555,-162.335989,Kolkata,West Bengal,10-05-2023 23.04
991,-5.581158,-171.593625,Pune,Maharashtra,23-06-2023 3.39
992,67.5813055,-102.587745,Ahmedabad,Gujarat,15-04-2024 1.48
993,-69.3472495,-19.326944,Mumbai,Maharashtra,14-04-2023 16.50
994,61.386377,-50.897474,Delhi,Delhi,01-01-2025 16.12
995,14.463431,110.212247,Bangalore,Karnataka,02-01-2024 16.02
996,13.037933,-104.864599,Hyderabad,Telangana,11-07-2025 3.36
997,-68.9472275,88.861112,Chennai,Tamil Nadu,24-01-2024 14.49
998,-75.5859735,-127.555344,Kolkata,West Bengal,14-06-2024 8.04
999,-27.6843195,-139.188014,Pune,Maharashtra,16-01-2024 10.28
1000,72.4487465,149.566387,Ahmedabad,Gujarat,15-02-2025 14.09
1001,16.489162,-4.777871,Mumbai,Maharashtra,20-09-2022 8.46
1002,80.2210835,-33.258671,Delhi,Delhi,05-07-2024 5.58
1003,41.6953625,-57.519135,Bangalore,Karnataka,09-02-2024 1.51
1004,58.4549325,21.555833,Hyderabad,Telangana,06-06-2024 4.42
1005,-40.141378,134.53931,Chennai,Tamil Nadu,27-05-2025 15.53
1006,12.0249935,-133.993322,Kolkata,West Bengal,23-03-2025 7.55
1007,-10.7096745,-47.688282,Pune,Maharashtra,27-11-2022 12.46
1008,-67.978089,-36.133612,Ahmedabad,Gujarat,01-04-2023 22.01
1009,12.0054705,160.322947,Mumbai,Maharashtra,02-04-2023 0.06
1010,14.5883535,-9.984669,Delhi,Delhi,16-02-2024 16.07
1011,-61.3979545,-130.865341,Bangalore,Karnataka,13-08-2022 9.56
1012,-7.2500845,58.765751,Hyderabad,Telangana,15-02-2024 10.56
1013,-17.5851215,-125.114925,Chennai,Tamil Nadu,27-02-2023 4.28
1014,-66.5663275,-79.394801,Kolkata,West Bengal,04-06-2024 20.19
1015,30.485557,119.02906,Pune,Maharashtra,14-12-2024 2.27
1016,47.557292,39.067048,Ahmedabad,Gujarat,12-01-2023 19.17
1017,-82.9503735,-131.886252,Mumbai,Maharashtra,06-02-2024 3.07
1018,58.7722465,-130.036506,Delhi,Delhi,17-02-2025 15.12
1019,70.5361585,-5.822796,Bangalore,Karnataka,25-03-2024 18.57
1020,-86.687341,-23.315645,Hyderabad,Telangana,09-05-2024 4.12
1021,14.0991505,-134.527295,Chennai,Tamil Nadu,21-12-2024 13.17
1022,-24.8393005,127.068916,Kolkata,West Bengal,22-10-2024 20.26
1023,-44.4779305,24.40395,Pune,Maharashtra,25-04-2023 15.44
1024,-52.730405,-35.625229,Ahmedabad,Gujarat,16-11-2023 3.14
1025,-17.9501,84.7439,Mumbai,Maharashtra,20-03-2023 1.05
1026,-73.016853,-90.231211,Delhi,Delhi,10-06-2024 14.09
1027,-15.9220495,46.077596,Bangalore,Karnataka,13-11-2023 23.49
1028,39.984853,-138.703157,Hyderabad,Telangana,17-02-2024 7.57
1029,-22.434867,-47.612968,Chennai,Tamil Nadu,02-04-2025 7.11
1030,43.0909525,138.797381,Kolkata,West Bengal,20-03-2025 7.19
1031,-37.507924,65.812595,Pune,Maharashtra,18-01-2023 12.28
1032,-53.6298065,-16.437982,Ahmedabad,Gujarat,15-08-2022 20.33
1033,16.2177575,-1.642243,Mumbai,Maharashtra,25-03-2025 18.41
1034,11.975933,-3.078639,Delhi,Delhi,19-06-2024 4.57
1035,-0.14493,51.185321,Bangalore,Karnataka,12-05-2025 16.39
1036,69.556135,-106.91873,Hyderabad,Telangana,15-11-2023 1.17
1037,-3.9221035,143.846583,Chennai,Tamil Nadu,20-07-2025 10.37
1038,-36.0843395,77.166397,Kolkata,West Bengal,06-12-2023 9.51
1039,-42.315859,33.803247,Pune,Maharashtra,14-12-2023 2.33
1040,-11.7649825,159.786921,Ahmedabad,Gujarat,06-09-2024 2.19
1041,64.5864175,-49.849447,Mumbai,Maharashtra,24-12-2023 14.10
1042,10.9465765,-29.515006,Delhi,Delhi,06-04-2024 17.56
1043,7.9831135,-118.856941,Bangalore,Karnataka,28-12-2024 6.07
1044,-36.366584,137.949465,Hyderabad,Telangana,29-11-2024 22.46
1045,-41.701157,115.332236,Chennai,Tamil Nadu,16-09-2022 3.45
1046,33.9157715,-67.445876,Kolkata,West Bengal,16-06-2024 11.02
1047,-11.7963745,-142.870723,Pune,Maharashtra,01-05-2024 22.09
1048,44.0306865,-105.27878,Ahmedabad,Gujarat,15-04-2025 4.43
1049,-8.7089805,-50.065876,Mumbai,Maharashtra,01-09-2023 20.54
1050,86.808495,-97.244984,Delhi,Delhi,23-05-2024 15.36
1051,11.1977025,-140.290272,Bangalore,Karnataka,02-07-2024 22.40
1052,70.5066465,77.287168,Hyderabad,Telangana,25-01-2025 19.52
1053,17.5902995,106.886313,Chennai,Tamil Nadu,30-09-2024 8.08
1054,22.2867375,111.867297,Kolkata,West Bengal,01-10-2022 10.57
1055,6.5104625,108.249207,Pune,Maharashtra,12-02-2025 19.27
1056,81.310236,-134.375671,Ahmedabad,Gujarat,22-01-2023 5.50
1057,-23.366007,173.047195,Mumbai,Maharashtra,02-06-2025 21.50
1058,5.2969545,-90.697704,Delhi,Delhi,06-05-2025 10.09
1059,74.4644725,-156.218396,Bangalore,Karnataka,27-12-2024 6.37
1060,83.149245,167.217831,Hyderabad,Telangana,17-04-2024 3.04
1061,-0.9876885,51.099061,Chennai,Tamil Nadu,16-01-2023 22.09
1062,-87.168603,-127.061008,Kolkata,West Bengal,11-09-2023 6.42
1063,-30.4070385,94.167216,Pune,Maharashtra,19-10-2024 6.26
1064,59.7852165,131.663386,Ahmedabad,Gujarat,08-07-2025 14.14
1065,64.4135775,-61.334489,Mumbai,Maharashtra,27-06-2024 20.04
1066,10.426957,29.988556,Delhi,Delhi,24-07-2024 16.29
1067,67.9984135,88.685522,Bangalore,Karnataka,27-03-2023 12.25
1068,2.6014775,-166.813026,Hyderabad,Telangana,24-08-2024 7.15
1069,-61.935245,-21.391034,Chennai,Tamil Nadu,12-05-2024 12.56
1070,-66.953528,-117.685752,Kolkata,West Bengal,13-03-2023 10.17
1071,3.50376,-12.555145,Pune,Maharashtra,20-01-2024 6.42
1072,32.2274225,-68.938952,Ahmedabad,Gujarat,22-10-2024 20.49
1073,39.634461,6.992297,Mumbai,Maharashtra,14-08-2024 0.52
1074,-63.7945165,55.238547,Delhi,Delhi,22-07-2025 17.28
1075,31.452869,-8.786779,Bangalore,Karnataka,17-11-2022 16.41
1076,-9.3984735,-156.01097,Hyderabad,Telangana,31-01-2023 2.56
1077,-83.9373555,4.188571,Chennai,Tamil Nadu,07-05-2025 22.19
1078,-60.64318,-91.763069,Kolkata,West Bengal,19-08-2023 5.59
1079,48.511059,-86.341136,Pune,Maharashtra,09-12-2024 16.57
1080,-47.013898,-2.301281,Ahmedabad,Gujarat,22-12-2024 0.55
1081,24.452659,68.063436,Mumbai,Maharashtra,31-07-2023 12.27
1082,18.729092,158.099996,Delhi,Delhi,18-05-2023 21.06
1083,-39.9671415,163.854476,Bangalore,Karnataka,22-05-2025 10.27
1084,26.000209,32.376674,Hyderabad,Telangana,19-09-2022 16.37
1085,74.848075,-74.062252,Chennai,Tamil Nadu,03-07-2024 17.37
1086,68.968325,50.614426,Kolkata,West Bengal,31-03-2024 9.05
1087,-88.8054515,-64.682219,Pune,Maharashtra,21-06-2023 0.27
1088,-15.2823795,-146.411344,Ahmedabad,Gujarat,18-01-2025 5.20
1089,-62.686144,108.240093,Mumbai,Maharashtra,22-05-2023 18.37
1090,8.1918195,-4.988183,Delhi,Delhi,07-06-2023 11.42
1091,32.822756,-118.820892,Bangalore,Karnataka,16-09-2023 21.29
1092,41.3948545,103.31484,Hyderabad,Telangana,24-04-2025 3.56
1093,-5.8712245,140.496273,Chennai,Tamil Nadu,31-03-2024 1.46
1094,74.096855,30.745458,Kolkata,West Bengal,02-02-2025 5.22
1095,-59.3360605,6.790619,Pune,Maharashtra,03-02-2024 3.11
1096,32.9060145,151.444064,Ahmedabad,Gujarat,30-04-2023 8.32
1097,-10.155262,149.898862,Mumbai,Maharashtra,07-02-2025 3.19
1098,-67.2495665,-108.08734,Delhi,Delhi,04-12-2023 20.39
1099,-58.3617525,-51.917241,Bangalore,Karnataka,22-11-2023 17.38
1100,-58.6067665,-81.728721,Hyderabad,Telangana,07-03-2024 6.06
1101,-52.0543545,94.247012,Chennai,Tamil Nadu,30-03-2024 19.12
1102,22.2702045,140.203673,Kolkata,West Bengal,07-03-2023 12.18
1103,64.298322,26.002719,Pune,Maharashtra,23-05-2024 12.16
1104,-40.1371215,81.279082,Ahmedabad,Gujarat,18-04-2025 13.28
1105,54.2516495,166.421373,Mumbai,Maharashtra,01-05-2023 10.54
1106,58.958211,-90.414755,Delhi,Delhi,03-09-2024 23.25
1107,-12.4665045,-104.67887,Bangalore,Karnataka,22-05-2023 23.47
1108,-5.555571,62.129303,Hyderabad,Telangana,24-03-2025 13.31
1109,-75.6088375,12.757686,Chennai,Tamil Nadu,20-08-2022 5.32
1110,40.0862175,-106.698483,Kolkata,West Bengal,04-06-2023 11.10
1111,13.064229,121.497082,Pune,Maharashtra,28-09-2024 12.20
1112,85.3070795,85.734915,Ahmedabad,Gujarat,01-05-2024 21.53
1113,41.9966615,43.139888,Mumbai,Maharashtra,24-06-2024 20.14
1114,41.1842775,-90.206467,Delhi,Delhi,11-12-2022 18.26
1115,61.772816,-163.431786,Bangalore,Karnataka,13-07-2023 22.11
1116,-11.592712,-162.446959,Hyderabad,Telangana,06-10-2023 7.30
1117,-29.6440545,108.626429,Chennai,Tamil Nadu,27-10-2023 18.39
1118,-44.846748,65.522551,Kolkata,West Bengal,31-12-2024 1.13
1119,42.959663,115.131996,Pune,Maharashtra,06-10-2024 20.28
1120,-59.6101545,127.473518,Ahmedabad,Gujarat,29-01-2023 18.11
1121,-18.0891195,111.577909,Mumbai,Maharashtra,26-02-2024 5.50
1122,55.50366,-157.660521,Delhi,Delhi,20-06-2024 23.35
1123,56.66059,-62.671194,Bangalore,Karnataka,26-05-2024 19.09
1124,-62.5077965,170.937323,Hyderabad,Telangana,24-08-2023 20.53
1125,-10.0843675,-162.696437,Chennai,Tamil Nadu,03-07-2024 23.29
1126,-19.4510755,7.140837,Kolkata,West Bengal,18-12-2022 11.12
1127,27.8619285,-116.978858,Pune,Maharashtra,08-08-2023 10.14
1128,-33.661259,135.639236,Ahmedabad,Gujarat,10-07-2025 21.00
1129,4.121749,147.631809,Mumbai,Maharashtra,14-04-2025 7.38
1130,24.935221,-90.889297,Delhi,Delhi,19-03-2025 12.01
1131,-52.6243995,-69.071917,Bangalore,Karnataka,22-06-2023 19.38
1132,-74.066253,126.056335,Hyderabad,Telangana,01-02-2024 7.35
1133,52.883038,-29.093629,Chennai,Tamil Nadu,17-02-2025 12.43
1134,54.624581,-89.603091,Kolkata,West Bengal,21-12-2023 2.55
1135,-11.4464715,-24.6654,Pune,Maharashtra,11-01-2025 1.22
1136,-18.2356435,96.174443,Ahmedabad,Gujarat,25-06-2025 14.21
1137,-64.4381895,-107.206262,Mumbai,Maharashtra,05-05-2024 17.40
1138,-74.085567,-31.113062,Delhi,Delhi,20-05-2025 5.50
1139,-55.938718,-108.762139,Bangalore,Karnataka,28-08-2023 4.53
1140,-50.7430745,-7.075646,Hyderabad,Telangana,24-08-2023 21.45
1141,15.414804,82.776155,Chennai,Tamil Nadu,14-03-2023 4.47
1142,65.001485,159.518228,Kolkata,West Bengal,26-09-2023 18.45
1143,78.527221,42.385402,Pune,Maharashtra,10-03-2024 3.41
1144,31.330605,-139.45751,Ahmedabad,Gujarat,15-04-2025 15.36
1145,-65.0100585,36.278862,Mumbai,Maharashtra,14-10-2024 7.42
1146,-15.3143605,18.143577,Delhi,Delhi,11-07-2024 16.31
1147,41.008443,-4.287908,Bangalore,Karnataka,25-01-2025 9.07
1148,-89.336138,-129.994953,Hyderabad,Telangana,17-07-2024 12.28
1149,80.4137115,176.559496,Chennai,Tamil Nadu,23-07-2025 13.04
1150,6.1596815,-145.999599,Kolkata,West Bengal,12-11-2024 13.02
1151,16.761041,-63.053447,Pune,Maharashtra,02-06-2024 18.30
1152,-33.1315555,85.598064,Ahmedabad,Gujarat,26-09-2023 12.01
1153,-3.331548,-27.747125,Mumbai,Maharashtra,12-01-2024 0.40
1154,56.917552,130.275762,Delhi,Delhi,24-02-2023 5.09
1155,61.972614,80.563803,Bangalore,Karnataka,21-01-2024 7.47
1156,-77.005238,-155.334578,Hyderabad,Telangana,07-01-2023 0.39
1157,78.088785,66.73608,Chennai,Tamil Nadu,30-08-2022 15.15
1158,-56.650338,-95.183245,Kolkata,West Bengal,20-06-2024 20.35
1159,32.545655,-179.637116,Pune,Maharashtra,30-05-2024 21.45
1160,-35.6906215,-109.179704,Ahmedabad,Gujarat,11-05-2025 1.54
1161,-8.968595,-94.649628,Mumbai,Maharashtra,05-10-2023 0.26
1162,-64.944239,171.429239,Delhi,Delhi,16-02-2024 6.15
1163,-22.78664,-135.750815,Bangalore,Karnataka,04-03-2024 23.35
1164,88.377724,168.381554,Hyderabad,Telangana,19-04-2023 11.28
1165,-76.09846,32.784258,Chennai,Tamil Nadu,03-04-2025 4.28
1166,-7.990488,-54.294984,Kolkata,West Bengal,02-06-2024 3.08
1167,85.955476,-131.037809,Pune,Maharashtra,02-08-2025 12.00
1168,-64.4493255,-179.416793,Ahmedabad,Gujarat,02-07-2023 21.10
1169,37.9918275,-138.156965,Mumbai,Maharashtra,27-02-2023 11.39
1170,69.3646275,-58.564706,Delhi,Delhi,20-10-2024 6.32
1171,29.4717305,-175.014108,Bangalore,Karnataka,17-08-2022 20.50
1172,2.227483,-115.256705,Hyderabad,Telangana,22-05-2024 9.15
1173,-54.5195035,76.463365,Chennai,Tamil Nadu,23-11-2022 8.55
1174,-28.5425435,25.659102,Kolkata,West Bengal,22-12-2022 2.45
1175,-62.504915,-124.594097,Pune,Maharashtra,05-12-2023 2.50
1176,8.666588,-19.338517,Ahmedabad,Gujarat,06-03-2023 8.48
1177,12.7358995,-108.517664,Mumbai,Maharashtra,27-04-2025 23.56
1178,-51.653172,-143.271799,Delhi,Delhi,06-11-2024 11.01
1179,61.207334,-175.45016,Bangalore,Karnataka,10-03-2025 10.36
1180,84.488472,-91.890598,Hyderabad,Telangana,19-06-2024 0.20
1181,4.2712355,-65.616728,Chennai,Tamil Nadu,07-04-2025 0.46
1182,-49.3658165,41.035066,Kolkata,West Bengal,19-03-2025 9.13
1183,28.751514,-63.367649,Pune,Maharashtra,18-12-2022 0.12
1184,-63.0316005,-104.83102,Ahmedabad,Gujarat,12-02-2023 15.53
1185,68.262542,26.175561,Mumbai,Maharashtra,02-02-2024 10.26
1186,25.2631635,-11.152131,Delhi,Delhi,10-03-2023 13.29
1187,-23.4853505,-31.304123,Bangalore,Karnataka,02-05-2025 17.26
1188,-67.384657,-46.766344,Hyderabad,Telangana,12-12-2024 0.22
1189,71.329456,142.126768,Chennai,Tamil Nadu,06-03-2025 4.57
1190,-13.517153,-165.598759,Kolkata,West Bengal,24-05-2025 3.22
1191,-9.026623,-69.70217,Pune,Maharashtra,17-10-2024 15.20
1192,72.9206915,93.547847,Ahmedabad,Gujarat,25-05-2023 9.30
1193,15.1598625,-21.332071,Mumbai,Maharashtra,05-05-2025 3.12
1194,-75.351711,-51.504739,Delhi,Delhi,12-09-2024 3.00
1195,13.585371,-119.471208,Bangalore,Karnataka,14-08-2023 20.25
1196,44.1056665,162.567843,Hyderabad,Telangana,12-02-2025 23.33
1197,-70.9378605,103.621655,Chennai,Tamil Nadu,24-08-2022 2.08
1198,6.931561,-10.095038,Kolkata,West Bengal,26-02-2023 8.55
1199,13.841101,125.146898,Pune,Maharashtra,20-05-2024 3.10
1200,8.089661,113.322763,Ahmedabad,Gujarat,01-07-2025 6.10
1201,-43.6223225,72.87405,Mumbai,Maharashtra,26-11-2022 17.35
1202,-85.5199735,135.338377,Delhi,Delhi,18-11-2022 6.02
1203,-86.2973555,-39.240351,Bangalore,Karnataka,06-07-2023 11.43
1204,-79.309059,-147.536032,Hyderabad,Telangana,14-04-2024 13.50
1205,45.992248,-26.193036,Chennai,Tamil Nadu,07-04-2025 19.03
1206,44.499307,43.033352,Kolkata,West Bengal,24-05-2024 8.16
1207,17.9855215,-135.746905,Pune,Maharashtra,26-04-2025 9.12
1208,54.0330215,108.651522,Ahmedabad,Gujarat,19-03-2025 8.08
1209,-49.015156,-31.035641,Mumbai,Maharashtra,13-12-2022 4.58
1210,-6.810003,-137.575624,Delhi,Delhi,07-10-2024 15.04
1211,-35.4545895,-96.582538,Bangalore,Karnataka,15-11-2024 14.19
1212,-2.288635,29.772377,Hyderabad,Telangana,01-02-2025 8.12
1213,80.2670645,168.879941,Chennai,Tamil Nadu,28-06-2025 7.50
1214,82.645491,-144.504733,Kolkata,West Bengal,30-11-2023 4.12
1215,27.4367645,-51.882526,Pune,Maharashtra,03-11-2022 7.08
1216,-24.3729645,-133.71486,Ahmedabad,Gujarat,10-06-2024 6.58
1217,-58.8650885,63.402155,Mumbai,Maharashtra,13-03-2025 12.19
1218,73.432205,-150.456734,Delhi,Delhi,28-11-2023 19.25
1219,88.7993755,173.289168,Bangalore,Karnataka,05-05-2023 4.48
1220,-57.937262,-173.200546,Hyderabad,Telangana,06-03-2023 11.52
1221,-86.9530955,-92.043025,Chennai,Tamil Nadu,14-09-2024 11.51
1222,3.067949,100.786364,Kolkata,West Bengal,16-10-2024 19.42
1223,-20.4089225,-90.362448,Pune,Maharashtra,05-03-2024 0.32
1224,-55.9273245,-35.708165,Ahmedabad,Gujarat,04-02-2023 17.43
1225,-82.1197405,-0.142326,Mumbai,Maharashtra,02-06-2024 6.37
1226,-16.9907645,101.242091,Delhi,Delhi,12-11-2022 13.34
1227,-19.414992,129.587508,Bangalore,Karnataka,06-04-2025 4.22
1228,-69.311671,86.367199,Hyderabad,Telangana,12-07-2024 11.15
1229,47.111967,13.340044,Chennai,Tamil Nadu,30-10-2022 11.10
1230,44.113039,124.344673,Kolkata,West Bengal,21-04-2023 14.02
1231,8.700437,-95.544848,Pune,Maharashtra,05-09-2023 15.40
1232,-62.376674,128.116822,Ahmedabad,Gujarat,17-06-2025 13.16
1233,-59.0403715,-57.376311,Mumbai,Maharashtra,03-10-2024 18.37
1234,-89.310521,-156.35733,Delhi,Delhi,24-08-2022 10.23
1235,-24.35372,-155.313856,Bangalore,Karnataka,07-08-2024 4.54
1236,7.7041965,25.610539,Hyderabad,Telangana,26-03-2023 11.48
1237,-41.9605415,-161.014326,Chennai,Tamil Nadu,11-12-2024 4.32
1238,86.014012,45.147182,Kolkata,West Bengal,20-07-2023 2.47
1239,-3.6169295,-46.714719,Pune,Maharashtra,12-05-2024 23.25
1240,-4.118066,-34.369493,Ahmedabad,Gujarat,04-12-2022 8.05
1241,63.4205175,20.14986,Mumbai,Maharashtra,06-02-2023 19.50
1242,44.765588,-151.721856,Delhi,Delhi,10-05-2023 22.41
1243,-30.089218,96.904125,Bangalore,Karnataka,15-10-2022 16.35
1244,17.622445,-142.995402,Hyderabad,Telangana,27-07-2024 20.13
1245,-14.218828,-13.195402,Chennai,Tamil Nadu,26-12-2023 18.54
1246,-66.811064,116.93868,Kolkata,West Bengal,14-07-2024 20.58
1247,-87.860791,18.062073,Pune,Maharashtra,13-06-2023 1.48
1248,-11.725539,122.691437,Ahmedabad,Gujarat,20-11-2023 10.48
1249,77.159462,-49.763709,Mumbai,Maharashtra,26-07-2024 0.41
1250,8.857698,137.661648,Delhi,Delhi,09-09-2024 18.04
1251,-37.5416925,113.431759,Bangalore,Karnataka,21-08-2023 3.14
1252,-49.582645,-176.575903,Hyderabad,Telangana,03-05-2024 7.30
1253,-83.581639,-54.91029,Chennai,Tamil Nadu,23-11-2024 14.31
1254,2.9924035,161.418674,Kolkata,West Bengal,17-07-2025 14.20
1255,-87.424412,-0.138917,Pune,Maharashtra,07-08-2022 14.45
1256,86.443658,22.011011,Ahmedabad,Gujarat,26-11-2023 1.04
1257,-62.0963975,-69.837112,Mumbai,Maharashtra,05-11-2024 9.09
1258,-26.067374,45.386912,Delhi,Delhi,07-09-2024 16.25
1259,-73.922039,-103.56382,Bangalore,Karnataka,14-10-2023 0.53
1260,-65.028351,-156.431226,Hyderabad,Telangana,30-07-2023 22.10
1261,49.5218025,41.758183,Chennai,Tamil Nadu,29-07-2025 1.43
1262,9.990053,66.132777,Kolkata,West Bengal,15-12-2022 5.38
1263,65.899429,-128.687488,Pune,Maharashtra,28-09-2024 11.57
1264,-54.16015,162.102562,Ahmedabad,Gujarat,08-04-2024 22.43
1265,-69.912846,137.771618,Mumbai,Maharashtra,03-01-2025 10.08
1266,-73.2810705,53.529652,Delhi,Delhi,30-05-2025 9.57
1267,-54.913261,-52.884143,Bangalore,Karnataka,01-11-2023 10.43
1268,-19.940779,-10.88088,Hyderabad,Telangana,06-04-2024 18.35
1269,-2.4225105,-9.244063,Chennai,Tamil Nadu,08-07-2024 16.17
1270,-16.997401,-54.580928,Kolkata,West Bengal,29-11-2022 8.48
1271,-35.584744,-106.92551,Pune,Maharashtra,29-01-2025 15.44
1272,-60.747828,-96.564595,Ahmedabad,Gujarat,16-01-2023 11.27
1273,-45.875927,61.359308,Mumbai,Maharashtra,29-07-2024 8.02
1274,-5.7023305,38.244764,Delhi,Delhi,08-02-2023 21.38
1275,53.861151,12.354105,Bangalore,Karnataka,23-06-2023 21.29
1276,31.310567,-14.478556,Hyderabad,Telangana,25-07-2024 3.03
1277,-18.8624775,-115.621897,Chennai,Tamil Nadu,23-12-2022 19.23
1278,-47.690445,-16.675825,Kolkata,West Bengal,04-08-2025 1.33
1279,71.9477795,-158.348097,Pune,Maharashtra,05-07-2023 8.48
1280,-2.0085585,-100.369266,Ahmedabad,Gujarat,25-12-2022 0.54
1281,-23.369277,10.987939,Mumbai,Maharashtra,11-04-2024 21.18
1282,47.830782,-153.719838,Delhi,Delhi,22-06-2025 7.28
1283,-9.7805565,-40.324017,Bangalore,Karnataka,02-05-2023 10.30
1284,-81.656466,37.106422,Hyderabad,Telangana,07-07-2024 19.31
1285,59.2377,115.343905,Chennai,Tamil Nadu,28-08-2023 11.25
1286,-64.572377,68.057581,Kolkata,West Bengal,10-01-2023 15.37
1287,-52.4745905,-114.795278,Pune,Maharashtra,23-08-2022 22.02
1288,-73.4458055,-60.659965,Ahmedabad,Gujarat,24-02-2023 9.40
1289,-36.8140695,35.060723,Mumbai,Maharashtra,05-03-2024 14.21
1290,79.1942095,166.112635,Delhi,Delhi,13-12-2022 21.28
1291,66.316354,134.67011,Bangalore,Karnataka,11-09-2023 9.47
1292,-69.870781,-168.296119,Hyderabad,Telangana,13-11-2022 11.56
1293,-36.916799,166.811574,Chennai,Tamil Nadu,24-06-2024 4.34
1294,-55.427782,-130.619347,Kolkata,West Bengal,02-01-2024 9.19
1295,-57.109231,-157.07759,Pune,Maharashtra,21-07-2024 11.23
1296,-76.407046,-89.811484,Ahmedabad,Gujarat,12-01-2025 20.12
1297,26.274528,32.063306,Mumbai,Maharashtra,14-09-2024 1.11
1298,-82.0859075,25.476303,Delhi,Delhi,01-07-2025 16.16
1299,24.531751,-87.224836,Bangalore,Karnataka,06-02-2024 4.12
1300,-32.3625855,-79.524011,Hyderabad,Telangana,06-10-2023 12.18
1301,-14.877116,59.450562,Chennai,Tamil Nadu,24-03-2023 5.37
1302,-80.698862,149.695956,Kolkata,West Bengal,24-03-2025 4.49
1303,75.6185465,-48.045303,Pune,Maharashtra,06-05-2025 20.32
1304,-10.7833105,87.840394,Ahmedabad,Gujarat,06-05-2024 8.26
1305,57.8243625,77.177772,Mumbai,Maharashtra,08-11-2022 1.42
1306,-66.452426,-29.796411,Delhi,Delhi,22-03-2024 8.05
1307,-53.1609875,45.074983,Bangalore,Karnataka,11-06-2023 4.34
1308,82.510723,102.294273,Hyderabad,Telangana,27-08-2023 9.09
1309,79.316841,111.873457,Chennai,Tamil Nadu,04-09-2022 16.22
1310,12.676046,12.796846,Kolkata,West Bengal,19-08-2024 12.10
1311,56.1678845,80.210319,Pune,Maharashtra,21-01-2024 18.46
1312,61.8408145,89.720327,Ahmedabad,Gujarat,17-12-2023 22.31
1313,14.2553055,-34.810945,Mumbai,Maharashtra,11-05-2023 16.16
1314,-83.003775,-8.803909,Delhi,Delhi,17-02-2025 22.21
1315,-31.2072145,-164.267826,Bangalore,Karnataka,15-10-2023 18.10
1316,-74.2720365,73.233627,Hyderabad,Telangana,04-11-2024 18.55
1317,5.947661,133.526661,Chennai,Tamil Nadu,01-08-2023 22.15
1318,-47.1510405,-126.240787,Kolkata,West Bengal,25-08-2023 9.01
1319,86.3257,-50.532078,Pune,Maharashtra,23-09-2023 9.05
1320,53.2612,-149.984272,Ahmedabad,Gujarat,12-07-2023 4.30
1321,64.5361735,28.532754,Mumbai,Maharashtra,07-02-2024 12.19
1322,-43.3695315,-85.456834,Delhi,Delhi,07-08-2023 19.30
1323,69.0532455,-9.272706,Bangalore,Karnataka,24-07-2025 1.39
1324,6.3101125,137.592699,Hyderabad,Telangana,18-09-2022 3.52
1325,4.4039575,124.755507,Chennai,Tamil Nadu,27-12-2024 21.01
1326,-51.854707,122.316782,Kolkata,West Bengal,24-05-2023 18.06
1327,42.1311055,111.05093,Pune,Maharashtra,28-11-2023 10.35
1328,-42.8743395,83.301051,Ahmedabad,Gujarat,03-10-2022 7.38
1329,-65.77172,-149.845045,Mumbai,Maharashtra,01-08-2023 17.04
1330,71.507625,-62.527843,Delhi,Delhi,05-09-2022 7.13
1331,51.3174475,76.618384,Bangalore,Karnataka,06-08-2022 9.44
1332,-0.9508355,149.711094,Hyderabad,Telangana,14-06-2023 7.23
1333,-54.9719785,2.943618,Chennai,Tamil Nadu,08-05-2023 0.26
1334,-3.1372885,-148.026135,Kolkata,West Bengal,08-09-2022 9.13
1335,-50.348858,134.933403,Pune,Maharashtra,04-08-2025 1.14
1336,-51.9754025,-120.449964,Ahmedabad,Gujarat,30-10-2024 21.56
1337,7.9493725,-141.059892,Mumbai,Maharashtra,07-03-2024 16.43
1338,87.741733,32.38375,Delhi,Delhi,31-01-2025 16.32
1339,-62.8793835,0.689849,Bangalore,Karnataka,17-11-2023 2.52
1340,-3.401861,-106.743072,Hyderabad,Telangana,07-04-2023 0.25
1341,27.2709635,163.203312,Chennai,Tamil Nadu,31-08-2024 4.23
1342,84.2630015,-9.659776,Kolkata,West Bengal,02-05-2023 22.59
1343,60.8546355,149.482503,Pune,Maharashtra,10-02-2024 15.40
1344,-30.0752175,177.304594,Ahmedabad,Gujarat,05-02-2025 5.54
1345,-42.929406,23.143422,Mumbai,Maharashtra,24-11-2023 23.26
1346,-10.9411235,-111.630365,Delhi,Delhi,08-05-2023 9.41
1347,-89.517379,127.538336,Bangalore,Karnataka,04-04-2024 16.12
1348,62.3324935,-162.614647,Hyderabad,Telangana,15-05-2023 4.45
1349,71.702477,-9.158598,Chennai,Tamil Nadu,12-03-2025 2.11
1350,-30.703883,163.407744,Kolkata,West Bengal,30-12-2024 21.29
1351,-62.0531235,86.387326,Pune,Maharashtra,11-03-2023 19.48
1352,-1.1026525,-138.227879,Ahmedabad,Gujarat,10-08-2023 1.22
1353,3.0961325,-8.459716,Mumbai,Maharashtra,23-04-2023 3.32
1354,80.775085,-132.365588,Delhi,Delhi,11-06-2025 4.34
1355,81.557821,0.254122,Bangalore,Karnataka,29-06-2024 3.49
1356,-86.9410105,-37.615155,Hyderabad,Telangana,27-06-2023 1.50
1357,-23.014385,-143.602955,Chennai,Tamil Nadu,31-01-2024 19.08
1358,-21.1039085,-121.999368,Kolkata,West Bengal,07-08-2022 8.00
1359,-77.0755155,27.1984,Pune,Maharashtra,16-06-2024 2.16
1360,22.649804,-90.69773,Ahmedabad,Gujarat,09-05-2024 12.00
1361,42.360688,23.319767,Mumbai,Maharashtra,01-02-2024 23.05
1362,56.572192,21.513192,Delhi,Delhi,09-01-2023 21.46
1363,38.7119155,130.341178,Bangalore,Karnataka,12-05-2025 14.09
1364,-29.4455965,-92.674451,Hyderabad,Telangana,06-07-2024 9.27
1365,-70.2137865,-162.061648,Chennai,Tamil Nadu,06-11-2023 11.14
1366,-84.6103525,-8.890162,Kolkata,West Bengal,14-09-2023 23.47
1367,-61.888084,-140.163963,Pune,Maharashtra,18-01-2024 7.47
1368,-44.3377325,21.572418,Ahmedabad,Gujarat,12-04-2023 7.12
1369,-69.8666915,113.693223,Mumbai,Maharashtra,27-12-2022 23.26
1370,0.717918,138.917717,Delhi,Delhi,15-03-2025 14.35
1371,39.5836685,-163.360651,Bangalore,Karnataka,05-06-2024 9.09
1372,85.4588575,-91.417807,Hyderabad,Telangana,05-03-2025 18.41
1373,26.5547795,-95.655549,Chennai,Tamil Nadu,27-10-2022 12.57
1374,-62.8188135,-2.244949,Kolkata,West Bengal,20-06-2023 15.43
1375,-39.0014895,39.730454,Pune,Maharashtra,23-07-2025 9.37
1376,58.743423,109.977632,Ahmedabad,Gujarat,21-09-2023 10.02
1377,87.327897,-28.858452,Mumbai,Maharashtra,10-11-2023 8.09
1378,-26.2336175,-128.505529,Delhi,Delhi,21-10-2022 10.47
1379,15.4688855,126.966579,Bangalore,Karnataka,06-12-2024 5.09
1380,41.7879245,-97.542032,Hyderabad,Telangana,29-10-2022 0.20
1381,6.859277,-177.95153,Chennai,Tamil Nadu,30-05-2024 14.33
1382,-66.477442,-21.864972,Kolkata,West Bengal,29-05-2025 18.09
1383,77.796574,142.238259,Pune,Maharashtra,20-08-2024 12.11
1384,-36.4002025,-127.930553,Ahmedabad,Gujarat,14-09-2022 7.44
1385,-34.446482,-88.285165,Mumbai,Maharashtra,22-04-2025 17.43
1386,-11.667458,-136.010894,Delhi,Delhi,10-08-2024 0.14
1387,-58.9933085,-14.454032,Bangalore,Karnataka,13-04-2024 18.54
1388,36.4181885,82.581849,Hyderabad,Telangana,28-05-2025 5.36
1389,-18.863423,-131.071263,Chennai,Tamil Nadu,28-04-2025 10.45
1390,56.062718,28.052037,Kolkata,West Bengal,19-05-2023 13.07
1391,9.5950625,24.786824,Pune,Maharashtra,01-03-2024 4.32
1392,-39.9145235,59.323779,Ahmedabad,Gujarat,13-10-2022 15.41
1393,-19.3220265,56.08384,Mumbai,Maharashtra,27-07-2024 18.52
1394,-19.2938835,-58.537103,Delhi,Delhi,26-09-2023 12.58
1395,61.4637905,-146.907614,Bangalore,Karnataka,28-03-2023 2.48
1396,89.172201,-128.083174,Hyderabad,Telangana,16-12-2022 11.39
1397,89.35278,4.571592,Chennai,Tamil Nadu,23-11-2024 10.55
1398,21.128694,136.606974,Kolkata,West Bengal,24-07-2023 18.32
1399,58.6063815,-147.259601,Pune,Maharashtra,28-03-2024 16.36
1400,50.2796115,44.751383,Ahmedabad,Gujarat,14-11-2024 5.40
1401,37.4597015,127.473641,Mumbai,Maharashtra,06-08-2023 9.37
1402,37.8456835,-19.554996,Delhi,Delhi,05-12-2022 23.54
1403,15.9794895,-161.355282,Bangalore,Karnataka,23-09-2024 7.57
1404,63.335682,97.464225,Hyderabad,Telangana,09-01-2025 2.46
1405,76.5032975,-100.839641,Chennai,Tamil Nadu,08-02-2023 4.41
1406,30.5381865,-87.18631,Kolkata,West Bengal,22-04-2023 0.36
1407,-33.121169,-76.530971,Pune,Maharashtra,17-02-2023 8.48
1408,-78.544276,47.297669,Ahmedabad,Gujarat,05-12-2022 2.02
1409,26.8749845,-71.595414,Mumbai,Maharashtra,05-04-2025 16.56
1410,-50.304236,139.463779,Delhi,Delhi,09-09-2023 22.57
1411,-4.167901,-144.023232,Bangalore,Karnataka,18-12-2022 12.52
1412,14.1795735,118.695756,Hyderabad,Telangana,13-04-2024 14.43
1413,58.190919,-4.912006,Chennai,Tamil Nadu,08-10-2023 9.45
1414,49.502733,65.971263,Kolkata,West Bengal,24-08-2022 13.12
1415,77.2508385,135.452509,Pune,Maharashtra,25-10-2024 2.46
1416,22.633862,-119.591907,Ahmedabad,Gujarat,10-05-2024 3.47
1417,-49.8306945,-100.435871,Mumbai,Maharashtra,01-01-2025 12.24
1418,67.8223675,132.822376,Delhi,Delhi,08-01-2023 0.07
1419,-61.6438695,122.088542,Bangalore,Karnataka,09-01-2023 5.26
1420,-13.202535,107.566032,Hyderabad,Telangana,21-01-2024 12.37
1421,20.2974545,-38.192727,Chennai,Tamil Nadu,22-03-2024 9.08
1422,85.7682275,80.696348,Kolkata,West Bengal,09-01-2025 22.49
1423,73.4670335,73.964971,Pune,Maharashtra,02-10-2022 13.04
1424,-43.775488,-32.138159,Ahmedabad,Gujarat,22-04-2024 8.12
1425,-51.384843,151.917483,Mumbai,Maharashtra,07-03-2025 20.33
1426,17.835865,-159.178786,Delhi,Delhi,11-04-2024 4.28
1427,-1.015238,-52.450585,Bangalore,Karnataka,20-10-2022 21.57
1428,37.5654115,-35.804874,Hyderabad,Telangana,05-03-2024 21.50
1429,-84.5687745,1.390469,Chennai,Tamil Nadu,19-11-2023 2.57
1430,-6.5301825,-29.490038,Kolkata,West Bengal,07-09-2024 1.08
1431,-63.634972,-57.616296,Pune,Maharashtra,02-03-2023 2.30
1432,-9.3403945,57.893198,Ahmedabad,Gujarat,16-12-2023 19.05
1433,-17.6781245,43.753154,Mumbai,Maharashtra,02-03-2025 3.30
1434,83.2898005,-132.064485,Delhi,Delhi,24-05-2023 7.00
1435,28.5723975,-66.51059,Bangalore,Karnataka,28-04-2024 20.39
1436,40.0463295,97.294584,Hyderabad,Telangana,08-03-2024 4.38
1437,-74.9123645,96.633312,Chennai,Tamil Nadu,09-04-2023 7.10
1438,-72.38608,-12.967061,Kolkata,West Bengal,30-09-2024 14.56
1439,18.2828755,-107.173559,Pune,Maharashtra,27-10-2024 19.03
1440,62.6518095,-164.458576,Ahmedabad,Gujarat,02-05-2023 5.38
1441,-38.2554565,-72.235634,Mumbai,Maharashtra,02-11-2022 20.45
1442,-23.027967,-162.24512,Delhi,Delhi,14-07-2024 9.53
1443,-76.4280965,13.474896,Bangalore,Karnataka,03-08-2025 22.54
1444,-36.5518775,-32.909451,Hyderabad,Telangana,28-02-2024 13.24
1445,34.612694,91.187658,Chennai,Tamil Nadu,12-04-2024 23.19
1446,80.5665205,-113.496267,Kolkata,West Bengal,28-06-2025 12.16
1447,-81.7957555,-50.110473,Pune,Maharashtra,05-03-2024 22.49
1448,41.2076905,138.924724,Ahmedabad,Gujarat,28-06-2024 8.11
1449,-42.3302405,74.789424,Mumbai,Maharashtra,02-02-2025 0.43
1450,57.9975195,7.775917,Delhi,Delhi,22-01-2024 2.47
1451,-46.1071485,-41.133012,Bangalore,Karnataka,10-07-2025 10.27
1452,-65.7356025,-26.954541,Hyderabad,Telangana,16-09-2022 23.40
1453,13.767932,-153.343797,Chennai,Tamil Nadu,15-04-2023 9.52
1454,63.614352,-64.938587,Kolkata,West Bengal,15-07-2023 4.49
1455,83.779717,-59.143896,Pune,Maharashtra,23-06-2025 2.33
1456,-34.506074,-35.536855,Ahmedabad,Gujarat,13-05-2025 13.11
1457,19.9262515,95.565766,Mumbai,Maharashtra,05-09-2022 11.51
1458,-87.611466,74.528997,Delhi,Delhi,26-02-2023 21.16
1459,83.777479,-87.013607,Bangalore,Karnataka,24-02-2025 4.26
1460,-87.7280345,-59.86438,Hyderabad,Telangana,01-09-2023 10.02
1461,73.3010675,-16.007575,Chennai,Tamil Nadu,29-04-2025 19.20
1462,-16.0786315,47.529541,Kolkata,West Bengal,12-03-2024 4.16
1463,3.605912,66.422685,Pune,Maharashtra,31-08-2023 19.26
1464,-31.4249525,70.556591,Ahmedabad,Gujarat,17-11-2023 17.02
1465,49.7576715,154.795972,Mumbai,Maharashtra,13-04-2024 7.10
1466,66.897077,-125.071608,Delhi,Delhi,16-08-2022 18.11
1467,47.308416,175.599374,Bangalore,Karnataka,08-03-2024 16.32
1468,60.7149965,167.539154,Hyderabad,Telangana,12-02-2025 17.41
1469,73.4906425,-28.239005,Chennai,Tamil Nadu,12-11-2023 0.14
1470,-60.9809115,78.631347,Kolkata,West Bengal,12-11-2022 12.16
1471,0.2704555,-31.564186,Pune,Maharashtra,26-04-2025 11.21
1472,-2.721683,-31.348536,Ahmedabad,Gujarat,15-09-2023 0.30
1473,86.125765,169.753398,Mumbai,Maharashtra,12-11-2023 11.59
1474,-39.437475,-99.507324,Delhi,Delhi,16-10-2024 22.21
1475,-25.4944035,-149.519331,Bangalore,Karnataka,22-02-2025 11.06
1476,18.4743455,174.619519,Hyderabad,Telangana,14-12-2023 19.16
1477,-52.4379595,-166.333808,Chennai,Tamil Nadu,19-05-2025 11.21
1478,43.5125,-21.298469,Kolkata,West Bengal,12-09-2023 8.21
1479,22.3578715,37.217377,Pune,Maharashtra,30-03-2024 12.11
1480,-80.519127,133.008467,Ahmedabad,Gujarat,09-01-2025 23.32
1481,-39.0200365,4.236406,Mumbai,Maharashtra,16-07-2023 18.33
1482,53.515016,162.691998,Delhi,Delhi,13-08-2024 8.56
1483,6.2333405,92.36259,Bangalore,Karnataka,14-11-2023 16.19
1484,-44.369553,173.054193,Hyderabad,Telangana,19-12-2024 13.14
1485,-41.3767135,-22.275885,Chennai,Tamil Nadu,03-01-2023 23.09
1486,36.3742795,-111.310514,Kolkata,West Bengal,11-09-2023 3.29
1487,60.0639165,-81.715928,Pune,Maharashtra,26-06-2025 5.45
1488,0.0956525,171.346926,Ahmedabad,Gujarat,22-12-2022 1.35
1489,-30.339278,10.741323,Mumbai,Maharashtra,18-07-2023 6.31
1490,-7.5674255,45.739489,Delhi,Delhi,02-01-2024 0.38
1491,9.772742,-40.113328,Bangalore,Karnataka,30-01-2025 23.54
1492,-11.066253,68.97959,Hyderabad,Telangana,04-02-2023 7.27
1493,36.3086995,-151.182405,Chennai,Tamil Nadu,16-04-2025 20.16
1494,66.6521195,131.553225,Kolkata,West Bengal,26-03-2025 11.56
1495,-70.8831715,73.52101,Pune,Maharashtra,03-06-2023 13.22
1496,44.3458725,-115.674309,Ahmedabad,Gujarat,27-06-2025 18.30
1497,12.4535505,104.454882,Mumbai,Maharashtra,11-11-2023 19.45
1498,20.8926345,-150.975701,Delhi,Delhi,27-03-2023 13.40
1499,-53.126296,-72.466586,Bangalore,Karnataka,19-01-2024 15.54
1500,19.8415985,125.696223,Hyderabad,Telangana,16-07-2024 3.45
1501,-51.55356,-10.142925,Chennai,Tamil Nadu,12-05-2023 12.26
1502,-68.307338,81.767973,Kolkata,West Bengal,04-01-2024 1.34
1503,79.391569,-85.068193,Pune,Maharashtra,05-12-2023 5.10
1504,80.3220215,-148.85419,Ahmedabad,Gujarat,12-08-2022 15.58
1505,31.3471145,-33.150847,Mumbai,Maharashtra,26-06-2023 14.35
1506,-44.740237,129.387385,Delhi,Delhi,08-04-2023 11.08
1507,41.419848,-132.733161,Bangalore,Karnataka,22-02-2023 8.51
1508,74.9481495,52.847041,Hyderabad,Telangana,15-04-2025 10.22
1509,25.268794,36.570227,Chennai,Tamil Nadu,01-06-2024 19.28
1510,38.1511605,25.791438,Kolkata,West Bengal,12-08-2022 14.19
1511,-79.873188,106.572353,Pune,Maharashtra,11-06-2023 2.57
1512,10.153645,-172.442406,Ahmedabad,Gujarat,18-12-2023 21.13
1513,52.5482965,-77.684905,Mumbai,Maharashtra,02-09-2022 4.12
1514,-88.893018,156.44998,Delhi,Delhi,26-08-2023 21.02
1515,-29.262262,4.871376,Bangalore,Karnataka,03-12-2023 3.53
1516,-55.3904005,-124.858944,Hyderabad,Telangana,23-03-2024 4.02
1517,45.1133565,136.040169,Chennai,Tamil Nadu,23-11-2023 21.02
1518,-45.1658595,-144.9493,Kolkata,West Bengal,15-10-2022 8.45
1519,-9.9519435,-23.863017,Pune,Maharashtra,13-07-2024 14.24
1520,49.6638565,140.17366,Ahmedabad,Gujarat,27-10-2024 12.46
1521,0.686932,52.822246,Mumbai,Maharashtra,07-07-2025 5.16
1522,-54.0861725,4.003289,Delhi,Delhi,04-09-2024 19.26
1523,6.435674,-78.839543,Bangalore,Karnataka,18-04-2023 11.33
1524,18.284621,-169.732486,Hyderabad,Telangana,26-07-2023 4.18
1525,-29.7841925,-109.559434,Chennai,Tamil Nadu,29-06-2023 9.59
1526,-84.117702,136.588929,Kolkata,West Bengal,27-09-2024 6.21
1527,-44.638503,-113.877914,Pune,Maharashtra,25-02-2024 19.46
1528,84.6281035,-159.940664,Ahmedabad,Gujarat,10-03-2024 4.26
1529,81.8848825,-42.674234,Mumbai,Maharashtra,13-11-2024 0.33
1530,77.2714695,-153.915075,Delhi,Delhi,12-02-2025 23.20
1531,-77.125736,175.392393,Bangalore,Karnataka,20-01-2023 7.00
1532,85.4407205,-169.401217,Hyderabad,Telangana,19-10-2022 6.35
1533,-58.9179045,43.754678,Chennai,Tamil Nadu,25-06-2024 13.29
1534,12.0735925,-113.645405,Kolkata,West Bengal,02-12-2024 12.25
1535,-22.1560805,74.689592,Pune,Maharashtra,30-07-2025 15.47
1536,-48.895257,-69.675759,Ahmedabad,Gujarat,20-07-2025 6.53
1537,79.1979135,-175.004657,Mumbai,Maharashtra,16-11-2023 2.41
1538,22.9768215,175.228466,Delhi,Delhi,09-01-2023 5.03
1539,87.8339175,99.338894,Bangalore,Karnataka,28-09-2023 17.43
1540,77.181004,145.147457,Hyderabad,Telangana,28-07-2025 21.13
1541,-53.1804475,44.855361,Chennai,Tamil Nadu,15-01-2023 7.44
1542,47.327494,151.624067,Kolkata,West Bengal,04-02-2023 5.42
1543,-14.1114795,-118.789979,Pune,Maharashtra,17-01-2023 10.02
1544,43.610812,-73.352386,Ahmedabad,Gujarat,08-03-2025 9.29
1545,-36.3801835,-38.806218,Mumbai,Maharashtra,26-10-2024 0.33
1546,-35.863766,12.15782,Delhi,Delhi,02-08-2025 2.16
1547,19.9931005,-21.43453,Bangalore,Karnataka,11-04-2023 11.24
1548,-79.4221105,114.279758,Hyderabad,Telangana,14-09-2024 9.41
1549,-34.2475715,78.054491,Chennai,Tamil Nadu,31-12-2023 22.02
1550,-27.050471,-178.530047,Kolkata,West Bengal,25-08-2022 3.34
1551,-66.108483,-120.712854,Pune,Maharashtra,13-01-2025 6.13
1552,89.5892075,85.270083,Ahmedabad,Gujarat,25-03-2023 0.45
1553,-65.8186165,94.719717,Mumbai,Maharashtra,29-11-2022 22.15
1554,-62.8100445,-42.618975,Delhi,Delhi,02-05-2025 6.52
1555,-27.9483835,65.216449,Bangalore,Karnataka,08-11-2023 4.45
1556,-19.0994785,69.25701,Hyderabad,Telangana,22-10-2022 3.22
1557,-63.20775,-86.207681,Chennai,Tamil Nadu,05-10-2022 14.50
1558,-12.0014665,13.388775,Kolkata,West Bengal,21-06-2025 15.56
1559,-6.058326,48.704434,Pune,Maharashtra,01-02-2023 9.21
1560,-64.4990435,-155.363482,Ahmedabad,Gujarat,20-08-2022 8.51
1561,-52.850025,176.136017,Mumbai,Maharashtra,06-05-2025 17.33
1562,-44.2284585,-3.551561,Delhi,Delhi,11-02-2024 17.50
1563,27.4980955,153.830111,Bangalore,Karnataka,26-09-2023 3.33
1564,-65.0485705,20.049994,Hyderabad,Telangana,19-01-2024 17.52
1565,-40.911363,-118.886909,Chennai,Tamil Nadu,18-04-2024 22.19
1566,17.441351,65.102343,Kolkata,West Bengal,01-10-2023 14.55
1567,13.5397125,76.755834,Pune,Maharashtra,21-05-2024 11.51
1568,84.1734005,-90.461352,Ahmedabad,Gujarat,27-01-2023 23.18
1569,-54.429195,-148.514458,Mumbai,Maharashtra,09-04-2023 22.56
1570,-62.1597245,43.353176,Delhi,Delhi,08-02-2025 1.01
1571,39.5670425,125.449179,Bangalore,Karnataka,24-06-2025 4.34
1572,27.618433,-82.68648,Hyderabad,Telangana,12-03-2025 0.01
1573,11.938572,12.521325,Chennai,Tamil Nadu,12-03-2025 1.20
1574,-82.2647025,-109.854955,Kolkata,West Bengal,24-08-2024 18.45
1575,41.0294615,-119.367154,Pune,Maharashtra,05-05-2024 6.02
1576,28.2962525,-155.318793,Ahmedabad,Gujarat,11-11-2022 17.35
1577,-19.773831,171.636257,Mumbai,Maharashtra,06-12-2023 11.53
1578,-86.682082,101.759468,Delhi,Delhi,17-01-2025 3.17
1579,61.669314,-59.749016,Bangalore,Karnataka,10-06-2025 21.51
1580,0.811887,98.689518,Hyderabad,Telangana,25-10-2024 22.57
1581,75.9572725,-128.867266,Chennai,Tamil Nadu,07-06-2024 17.59
1582,87.6273015,-46.546244,Kolkata,West Bengal,22-08-2024 23.53
1583,2.8114215,176.326939,Pune,Maharashtra,20-06-2025 22.22
1584,82.175697,26.62906,Ahmedabad,Gujarat,24-03-2023 6.29
1585,59.8793895,149.055706,Mumbai,Maharashtra,29-10-2022 2.37
1586,-86.8741055,165.422052,Delhi,Delhi,06-04-2023 2.55
1587,45.712261,71.947579,Bangalore,Karnataka,13-09-2024 14.19
1588,-45.599736,-139.807029,Hyderabad,Telangana,07-09-2024 2.12
1589,-3.9305145,-50.67219,Chennai,Tamil Nadu,01-01-2024 8.54
1590,-15.3327635,-152.968167,Kolkata,West Bengal,30-09-2024 19.56
1591,-30.217674,115.545056,Pune,Maharashtra,30-04-2025 16.51
1592,11.6397555,36.507684,Ahmedabad,Gujarat,05-08-2023 9.41
1593,-68.839073,66.474532,Mumbai,Maharashtra,25-06-2024 8.48
1594,63.8228925,60.571097,Delhi,Delhi,20-12-2022 1.52
1595,43.803303,60.017871,Bangalore,Karnataka,09-12-2023 7.52
1596,-58.134874,87.025281,Hyderabad,Telangana,16-05-2025 7.45
1597,-85.230136,-124.893786,Chennai,Tamil Nadu,23-04-2024 1.34
1598,20.6862875,-160.76288,Kolkata,West Bengal,17-12-2024 19.36
1599,57.397585,-179.908885,Pune,Maharashtra,24-12-2022 13.04
1600,72.1895805,152.35861,Ahmedabad,Gujarat,21-04-2025 17.23
1601,-8.2351085,92.911746,Mumbai,Maharashtra,25-12-2024 21.31
1602,-34.473792,171.433541,Delhi,Delhi,13-06-2025 10.37
1603,32.462381,2.994704,Bangalore,Karnataka,20-02-2024 18.38
1604,-75.430609,-60.321752,Hyderabad,Telangana,11-07-2024 7.44
1605,-0.8867775,120.728695,Chennai,Tamil Nadu,25-03-2025 2.30
1606,71.048161,74.01171,Kolkata,West Bengal,22-05-2025 5.13
1607,7.5211375,62.951513,Pune,Maharashtra,29-01-2023 11.20
1608,-63.84445,173.749751,Ahmedabad,Gujarat,15-07-2023 19.34
1609,-89.4102605,3.264707,Mumbai,Maharashtra,08-02-2024 0.47
1610,80.0971265,-23.242517,Delhi,Delhi,03-12-2024 3.38
1611,50.1193045,20.730857,Bangalore,Karnataka,31-07-2025 0.17
1612,-61.4593425,-155.423065,Hyderabad,Telangana,17-04-2023 8.24
1613,42.183563,-104.596918,Chennai,Tamil Nadu,02-05-2024 0.44
1614,-61.287739,-43.479468,Kolkata,West Bengal,11-03-2025 6.27
1615,-37.4077305,-79.313402,Pune,Maharashtra,08-02-2023 21.58
1616,15.4673495,-64.256265,Ahmedabad,Gujarat,15-07-2024 8.09
1617,-38.8419025,1.426695,Mumbai,Maharashtra,19-01-2023 18.02
1618,21.2585375,-155.035311,Delhi,Delhi,15-04-2025 1.09
1619,68.0577785,-113.847202,Bangalore,Karnataka,05-07-2024 4.16
1620,32.7791235,173.506246,Hyderabad,Telangana,05-02-2025 19.32
1621,45.3445065,-107.717844,Chennai,Tamil Nadu,18-09-2024 5.55
1622,-88.835628,104.737188,Kolkata,West Bengal,19-10-2022 19.07
1623,58.5055605,52.363302,Pune,Maharashtra,30-01-2025 7.07
1624,39.636061,92.909146,Ahmedabad,Gujarat,07-05-2023 14.50
1625,65.3045115,-86.772224,Mumbai,Maharashtra,20-02-2023 18.40
1626,-62.2024445,27.986784,Delhi,Delhi,22-05-2025 18.26
1627,71.207844,145.430085,Bangalore,Karnataka,18-12-2023 7.27
1628,45.321029,26.514183,Hyderabad,Telangana,16-05-2024 17.12
1629,73.4754985,-46.727814,Chennai,Tamil Nadu,04-10-2023 8.38
1630,16.802413,4.070917,Kolkata,West Bengal,05-11-2023 7.50
1631,31.559842,-108.396544,Pune,Maharashtra,07-03-2023 23.58
1632,20.7955195,143.47785,Ahmedabad,Gujarat,27-07-2025 18.40
1633,47.5180415,-19.522234,Mumbai,Maharashtra,30-07-2025 1.51
1634,57.0505455,-11.470428,Delhi,Delhi,12-12-2024 7.16
1635,79.8077835,-63.315103,Bangalore,Karnataka,13-06-2023 9.56
1636,-33.7056775,155.09742,Hyderabad,Telangana,30-10-2023 17.50
1637,2.689038,-108.772409,Chennai,Tamil Nadu,11-05-2025 5.13
1638,-42.268767,90.525729,Kolkata,West Bengal,25-11-2024 1.47
1639,80.9604855,-6.922807,Pune,Maharashtra,31-01-2023 14.52
1640,4.5531155,121.871888,Ahmedabad,Gujarat,20-08-2024 13.44
1641,66.4458675,126.359047,Mumbai,Maharashtra,06-06-2025 17.40
1642,22.0658785,106.636886,Delhi,Delhi,23-10-2023 12.25
1643,23.3834775,-173.143882,Bangalore,Karnataka,25-10-2024 9.02
1644,-61.4195505,-166.432122,Hyderabad,Telangana,19-03-2024 0.07
1645,-50.9891565,-151.510946,Chennai,Tamil Nadu,11-06-2025 13.08
1646,-74.8052705,-72.678207,Kolkata,West Bengal,24-09-2023 1.55
1647,-46.799236,-26.124449,Pune,Maharashtra,01-07-2025 22.53
1648,-22.740542,-101.386857,Ahmedabad,Gujarat,09-11-2022 17.00
1649,-10.7738075,-70.477851,Mumbai,Maharashtra,23-11-2024 0.36
1650,-81.3278215,12.566166,Delhi,Delhi,08-07-2024 10.11
1651,-62.490733,150.770909,Bangalore,Karnataka,19-06-2025 17.41
1652,60.82985,-59.575889,Hyderabad,Telangana,06-05-2025 14.36
1653,60.6649165,28.781937,Chennai,Tamil Nadu,09-08-2023 10.27
1654,47.14966,-25.575173,Kolkata,West Bengal,16-07-2025 18.46
1655,88.373634,-154.77787,Pune,Maharashtra,20-03-2024 2.40
1656,14.033409,43.642294,Ahmedabad,Gujarat,04-07-2025 16.26
1657,-6.0725875,116.419638,Mumbai,Maharashtra,27-10-2022 22.08
1658,-86.5196705,-45.062258,Delhi,Delhi,16-06-2023 19.53
1659,76.58076,57.868094,Bangalore,Karnataka,21-07-2023 17.18
1660,80.1313035,167.694989,Hyderabad,Telangana,27-02-2024 14.38
1661,67.943487,113.461767,Chennai,Tamil Nadu,27-02-2025 16.08
1662,-37.2607325,-76.116707,Kolkata,West Bengal,05-11-2023 7.59
1663,30.4778385,-84.7452,Pune,Maharashtra,30-06-2025 19.37
1664,-70.009882,-79.617715,Ahmedabad,Gujarat,02-05-2023 7.48
1665,47.9347145,-115.922411,Mumbai,Maharashtra,13-03-2024 7.13
1666,-79.092332,50.05338,Delhi,Delhi,12-10-2023 22.18
1667,59.4108055,-38.137446,Bangalore,Karnataka,23-02-2023 9.28
1668,-46.800991,133.525127,Hyderabad,Telangana,05-09-2023 11.56
1669,-88.484646,-2.530455,Chennai,Tamil Nadu,29-07-2024 18.20
1670,-48.444662,-158.557058,Kolkata,West Bengal,01-04-2023 2.43
1671,-3.3946615,140.44769,Pune,Maharashtra,23-10-2022 8.16
1672,77.870585,150.502391,Ahmedabad,Gujarat,29-05-2025 13.18
1673,-9.159369,83.36253,Mumbai,Maharashtra,10-01-2025 23.11
1674,57.682498,12.245737,Delhi,Delhi,26-11-2022 13.26
1675,-4.6753735,102.069329,Bangalore,Karnataka,13-07-2023 1.01
1676,-40.6430145,99.498372,Hyderabad,Telangana,19-11-2022 6.03
1677,45.5975805,-94.438619,Chennai,Tamil Nadu,12-05-2024 11.17
1678,55.7819695,108.318983,Kolkata,West Bengal,23-04-2024 0.43
1679,-65.318554,7.58428,Pune,Maharashtra,14-07-2023 23.06
1680,-32.7282725,176.124987,Ahmedabad,Gujarat,02-01-2024 21.45
1681,-1.130004,13.701859,Mumbai,Maharashtra,04-11-2023 9.29
1682,-31.361542,151.936871,Delhi,Delhi,06-11-2024 10.40
1683,37.468505,121.364262,Bangalore,Karnataka,09-05-2025 23.54
1684,-87.6367745,-118.409123,Hyderabad,Telangana,09-06-2025 12.05
1685,2.880625,59.26578,Chennai,Tamil Nadu,13-08-2023 17.04
1686,82.4065245,149.478267,Kolkata,West Bengal,27-03-2025 5.43
1687,-24.5481445,-158.591065,Pune,Maharashtra,30-06-2025 15.36
1688,-3.8491275,24.747859,Ahmedabad,Gujarat,28-01-2023 11.08
1689,13.582783,-42.243995,Mumbai,Maharashtra,21-11-2024 13.45
1690,-14.078669,-166.736216,Delhi,Delhi,16-10-2024 6.28
1691,10.652033,96.117574,Bangalore,Karnataka,03-10-2024 15.17
1692,29.6032695,81.351288,Hyderabad,Telangana,12-10-2022 11.09
1693,-10.4266135,169.786538,Chennai,Tamil Nadu,31-05-2023 9.37
1694,-4.0166995,95.895116,Kolkata,West Bengal,11-12-2022 6.18
1695,-64.2418915,-90.130599,Pune,Maharashtra,18-11-2024 1.24
1696,53.1313485,-176.064421,Ahmedabad,Gujarat,05-04-2025 6.00
1697,-72.425042,-66.837558,Mumbai,Maharashtra,11-06-2025 16.09
1698,78.9840065,-65.552474,Delhi,Delhi,05-07-2025 2.00
1699,23.8728575,-124.204717,Bangalore,Karnataka,20-06-2023 16.48
1700,54.352297,53.666494,Hyderabad,Telangana,05-05-2025 17.47
1701,-70.640303,-97.453637,Chennai,Tamil Nadu,11-09-2022 5.49
1702,33.2723355,-1.911662,Kolkata,West Bengal,03-10-2022 4.45
1703,-66.5062865,-140.675263,Pune,Maharashtra,28-10-2022 15.30
1704,-42.2205935,-44.757921,Ahmedabad,Gujarat,19-12-2024 7.08
1705,-71.090846,128.680528,Mumbai,Maharashtra,24-07-2023 23.29
1706,-20.5697165,38.846181,Delhi,Delhi,30-03-2024 3.09
1707,31.098123,158.345317,Bangalore,Karnataka,24-04-2024 15.09
1708,26.2392725,-10.131764,Hyderabad,Telangana,31-08-2022 13.59
1709,14.556111,-116.485078,Chennai,Tamil Nadu,13-11-2024 4.19
1710,-88.41652,164.361215,Kolkata,West Bengal,22-03-2025 21.59
1711,-73.024789,134.395908,Pune,Maharashtra,15-10-2022 1.14
1712,-70.5144185,12.038796,Ahmedabad,Gujarat,24-09-2024 11.22
1713,-61.5094575,-24.395164,Mumbai,Maharashtra,05-07-2025 19.39
1714,-9.1067855,145.647559,Delhi,Delhi,17-12-2022 17.23
1715,-14.4307375,54.975592,Bangalore,Karnataka,19-03-2024 20.22
1716,16.062407,174.723048,Hyderabad,Telangana,22-09-2022 5.16
1717,37.2350995,-96.074475,Chennai,Tamil Nadu,11-11-2024 1.22
1718,-30.9802435,-106.780764,Kolkata,West Bengal,03-04-2024 17.30
1719,56.4917975,-21.634642,Pune,Maharashtra,16-04-2025 7.11
1720,-51.3250175,-19.982136,Ahmedabad,Gujarat,22-06-2025 11.24
1721,83.930232,20.322916,Mumbai,Maharashtra,22-08-2022 15.57
1722,58.585516,118.0008,Delhi,Delhi,12-03-2023 23.03
1723,-56.919314,-157.573216,Bangalore,Karnataka,13-08-2022 3.46
1724,63.7379775,140.326654,Hyderabad,Telangana,08-04-2024 12.40
1725,54.1906555,113.950486,Chennai,Tamil Nadu,15-12-2022 14.00
1726,-8.210091,-67.228714,Kolkata,West Bengal,21-01-2024 11.58
1727,-33.1622975,41.542194,Pune,Maharashtra,04-05-2025 18.19
1728,47.5873175,-103.519992,Ahmedabad,Gujarat,12-04-2023 9.03
1729,-40.6098295,-61.465361,Mumbai,Maharashtra,20-03-2025 15.23
1730,-22.1551445,-75.671906,Delhi,Delhi,30-01-2023 9.41
1731,-41.317088,124.562918,Bangalore,Karnataka,28-10-2022 19.59
1732,57.331099,67.639868,Hyderabad,Telangana,02-05-2025 19.27
1733,57.549471,-140.730806,Chennai,Tamil Nadu,30-10-2023 20.34
1734,-71.917448,-45.413109,Kolkata,West Bengal,04-01-2023 21.30
1735,-37.0061195,131.704918,Pune,Maharashtra,31-08-2024 4.01
1736,-1.18788,11.737199,Ahmedabad,Gujarat,20-02-2023 12.27
1737,85.9521885,-54.086135,Mumbai,Maharashtra,07-01-2023 18.12
1738,-13.4590815,152.600003,Delhi,Delhi,21-11-2022 18.54
1739,-38.0581235,-9.389976,Bangalore,Karnataka,29-08-2024 2.28
1740,30.969359,-3.720544,Hyderabad,Telangana,19-03-2025 19.09
1741,87.0123125,-15.891721,Chennai,Tamil Nadu,17-07-2025 14.14
1742,66.811923,-98.18358,Kolkata,West Bengal,30-12-2024 21.33
1743,62.1658315,15.68592,Pune,Maharashtra,09-12-2023 18.00
1744,24.9728905,-89.462351,Ahmedabad,Gujarat,12-08-2022 20.23
1745,-5.9220465,-47.835729,Mumbai,Maharashtra,15-07-2023 11.19
1746,82.023786,54.142326,Delhi,Delhi,09-10-2023 3.37
1747,6.498789,-107.895107,Bangalore,Karnataka,26-06-2025 0.50
1748,-0.9967485,77.673324,Hyderabad,Telangana,24-07-2024 8.29
1749,29.54987,12.597929,Chennai,Tamil Nadu,22-11-2023 21.03
1750,40.7203855,116.176558,Kolkata,West Bengal,21-01-2023 9.49
1751,-42.8170565,166.577879,Pune,Maharashtra,04-03-2025 16.58
1752,-67.9953545,-29.345465,Ahmedabad,Gujarat,10-03-2023 19.53
1753,54.584178,-74.541409,Mumbai,Maharashtra,18-09-2023 6.20
1754,78.2067275,-138.949574,Delhi,Delhi,30-11-2022 11.21
1755,-84.9989695,92.289283,Bangalore,Karnataka,12-04-2025 12.59
1756,-81.6263635,132.400079,Hyderabad,Telangana,20-01-2025 15.14
1757,18.752454,136.773334,Chennai,Tamil Nadu,01-07-2023 20.32
1758,-80.1601475,116.134775,Kolkata,West Bengal,14-09-2023 4.43
1759,55.8864355,109.736946,Pune,Maharashtra,07-08-2024 17.33
1760,85.532129,-100.203274,Ahmedabad,Gujarat,24-02-2024 14.57
1761,15.360473,-60.11316,Mumbai,Maharashtra,06-02-2025 6.09
1762,-11.885508,-108.123047,Delhi,Delhi,27-07-2024 5.33
1763,44.5192275,94.025352,Bangalore,Karnataka,24-12-2022 0.20
1764,16.5112055,15.348835,Hyderabad,Telangana,23-09-2024 10.24
1765,-87.1568175,175.772804,Chennai,Tamil Nadu,11-08-2023 10.22
1766,74.8290265,-90.963423,Kolkata,West Bengal,12-10-2024 0.39
1767,-52.31953,59.562778,Pune,Maharashtra,09-04-2023 16.29
1768,-41.9110815,124.060734,Ahmedabad,Gujarat,31-12-2024 7.16
1769,87.00991,-101.509982,Mumbai,Maharashtra,25-08-2024 10.33
1770,6.313445,-158.299769,Delhi,Delhi,11-07-2023 6.25
1771,40.900442,-55.580215,Bangalore,Karnataka,10-11-2022 23.53
1772,-19.037177,18.339004,Hyderabad,Telangana,03-08-2023 21.05
1773,-78.508698,178.944161,Chennai,Tamil Nadu,22-06-2023 13.20
1774,49.0187575,13.945351,Kolkata,West Bengal,30-03-2024 5.24
1775,36.0772145,64.084843,Pune,Maharashtra,16-10-2022 11.33
1776,-79.2881655,168.174073,Ahmedabad,Gujarat,21-12-2023 18.29
1777,-62.2907465,99.909944,Mumbai,Maharashtra,15-04-2025 13.20
1778,-16.5841615,-38.633262,Delhi,Delhi,20-01-2025 5.11
1779,56.122856,126.1024,Bangalore,Karnataka,02-05-2023 9.50
1780,11.108783,170.939263,Hyderabad,Telangana,15-03-2024 8.26
1781,8.058606,135.507667,Chennai,Tamil Nadu,16-05-2025 6.24
1782,-69.1056635,97.38128,Kolkata,West Bengal,31-08-2023 4.04
1783,11.0199875,-60.331874,Pune,Maharashtra,15-10-2024 11.59
1784,18.942436,9.460672,Ahmedabad,Gujarat,23-01-2024 7.59
1785,40.690904,78.830883,Mumbai,Maharashtra,28-02-2025 22.52
1786,-88.228948,89.421677,Delhi,Delhi,09-03-2023 5.21
1787,28.0844085,-91.091051,Bangalore,Karnataka,28-07-2023 14.55
1788,-69.306788,96.24224,Hyderabad,Telangana,30-04-2025 22.48
1789,-14.620772,-66.44262,Chennai,Tamil Nadu,26-03-2023 17.37
1790,-39.82789,-95.519416,Kolkata,West Bengal,19-02-2024 0.54
1791,71.603587,-116.471948,Pune,Maharashtra,28-05-2025 8.12
1792,-28.166878,42.594024,Ahmedabad,Gujarat,31-12-2023 7.55
1793,-59.575875,78.512282,Mumbai,Maharashtra,19-06-2025 6.37
1794,38.5308275,77.172531,Delhi,Delhi,28-06-2023 15.51
1795,68.5892255,-93.431574,Bangalore,Karnataka,06-05-2025 19.49
1796,20.299916,-167.949373,Hyderabad,Telangana,18-08-2023 20.56
1797,-78.4185305,-111.342204,Chennai,Tamil Nadu,12-01-2025 5.22
1798,69.0071155,-93.494452,Kolkata,West Bengal,02-03-2023 15.07
1799,78.99097,95.223018,Pune,Maharashtra,05-10-2022 5.23
1800,63.61737,-101.1524,Ahmedabad,Gujarat,31-10-2022 4.48
1801,-45.3480795,-41.347911,Mumbai,Maharashtra,12-05-2023 0.32
1802,48.6846785,37.677703,Delhi,Delhi,21-02-2025 9.55
1803,61.291484,162.321087,Bangalore,Karnataka,03-09-2022 6.27
1804,87.635836,-27.821459,Hyderabad,Telangana,16-12-2022 13.11
1805,-31.858647,61.164216,Chennai,Tamil Nadu,04-03-2025 13.10
1806,36.5440855,78.593753,Kolkata,West Bengal,27-04-2023 7.26
1807,-31.114976,40.528775,Pune,Maharashtra,23-02-2025 17.08
1808,-51.6910035,132.805761,Ahmedabad,Gujarat,14-05-2023 21.23
1809,77.2921265,174.146225,Mumbai,Maharashtra,06-10-2024 20.26
1810,-18.9932655,-89.955097,Delhi,Delhi,05-07-2025 8.56
1811,1.9851195,63.454928,Bangalore,Karnataka,17-02-2025 0.37
1812,68.536905,-143.040249,Hyderabad,Telangana,28-07-2023 8.19
1813,11.5253375,26.943274,Chennai,Tamil Nadu,26-02-2023 17.30
1814,-60.8559315,-171.108005,Kolkata,West Bengal,15-06-2023 16.21
1815,50.3142575,90.775957,Pune,Maharashtra,03-07-2025 11.19
1816,22.6878655,-99.704945,Ahmedabad,Gujarat,02-03-2025 23.20
1817,-64.1500475,-84.747191,Mumbai,Maharashtra,13-08-2024 13.56
1818,75.020204,142.022583,Delhi,Delhi,04-10-2022 23.38
1819,52.6546405,90.22281,Bangalore,Karnataka,03-02-2023 21.34
1820,-64.9845095,78.901128,Hyderabad,Telangana,25-05-2025 16.11
1821,-55.0151185,143.987987,Chennai,Tamil Nadu,20-11-2024 2.17
1822,-89.6778225,168.553635,Kolkata,West Bengal,05-06-2024 15.37
1823,50.1351805,45.853015,Pune,Maharashtra,02-03-2024 16.55
1824,-78.3396245,104.443076,Ahmedabad,Gujarat,01-06-2024 16.53
1825,-28.397754,78.838053,Mumbai,Maharashtra,19-03-2024 13.46
1826,4.091408,136.242783,Delhi,Delhi,22-07-2025 15.23
1827,64.6512555,-127.538634,Bangalore,Karnataka,27-05-2024 7.38
1828,-54.0610275,-43.356675,Hyderabad,Telangana,15-08-2024 13.21
1829,-27.585298,-135.000779,Chennai,Tamil Nadu,19-10-2023 9.11
1830,70.6028785,111.913371,Kolkata,West Bengal,01-05-2024 3.42
1831,-20.796003,-78.520113,Pune,Maharashtra,13-08-2022 20.10
1832,-88.090329,130.304484,Ahmedabad,Gujarat,25-10-2024 1.58
1833,-58.370625,99.045019,Mumbai,Maharashtra,16-08-2022 12.27
1834,10.6713165,171.406774,Delhi,Delhi,20-06-2023 10.48
1835,-5.20078,39.49703,Bangalore,Karnataka,19-02-2024 2.38
1836,-61.389285,-96.903883,Hyderabad,Telangana,28-05-2024 5.21
1837,84.9060835,134.268226,Chennai,Tamil Nadu,03-09-2023 8.21
1838,-19.85704,107.819121,Kolkata,West Bengal,24-05-2024 7.46
1839,61.577513,16.303678,Pune,Maharashtra,12-03-2025 20.48
1840,-16.0297815,33.381568,Ahmedabad,Gujarat,17-06-2023 18.30
1841,20.9250885,116.409086,Mumbai,Maharashtra,18-12-2024 11.41
1842,39.5114525,-84.050645,Delhi,Delhi,02-03-2024 10.47
1843,60.080606,117.915766,Bangalore,Karnataka,25-08-2024 20.08
1844,-21.8770835,-15.366879,Hyderabad,Telangana,18-01-2025 16.38
1845,2.4374415,33.744283,Chennai,Tamil Nadu,07-03-2023 19.49
1846,86.9748935,-116.066318,Kolkata,West Bengal,28-07-2023 6.44
1847,29.881899,-93.136905,Pune,Maharashtra,08-01-2023 2.54
1848,-32.431832,92.914863,Ahmedabad,Gujarat,18-04-2024 14.14
1849,0.8487165,115.588352,Mumbai,Maharashtra,16-03-2025 4.46
1850,-76.0271825,-93.704437,Delhi,Delhi,31-03-2024 19.05
1851,80.69183,-177.159613,Bangalore,Karnataka,24-12-2022 20.16
1852,-50.988696,73.225183,Hyderabad,Telangana,22-02-2025 19.01
1853,26.8707415,-132.679827,Chennai,Tamil Nadu,12-11-2022 21.20
1854,-19.37678,-60.938005,Kolkata,West Bengal,03-03-2024 9.59
1855,-68.5144965,146.96988,Pune,Maharashtra,02-10-2022 23.52
1856,13.1667275,35.09457,Ahmedabad,Gujarat,16-03-2025 2.32
1857,86.140697,99.712721,Mumbai,Maharashtra,24-10-2023 8.35
1858,70.38282,-149.149772,Delhi,Delhi,04-05-2023 14.49
1859,81.87689,85.412002,Bangalore,Karnataka,17-06-2024 6.18
1860,-87.1249485,-71.70925,Hyderabad,Telangana,21-05-2025 18.40
1861,49.0907125,-26.451423,Chennai,Tamil Nadu,03-06-2023 20.55
1862,-80.9780595,141.862116,Kolkata,West Bengal,06-10-2024 10.51
1863,48.462667,-55.622594,Pune,Maharashtra,18-03-2025 0.11
1864,-44.5047825,-160.639826,Ahmedabad,Gujarat,15-02-2024 4.19
1865,-25.7750385,171.660712,Mumbai,Maharashtra,05-08-2022 18.57
1866,-47.736243,-133.376624,Delhi,Delhi,07-10-2023 23.55
1867,17.222165,9.58397,Bangalore,Karnataka,10-06-2025 15.03
1868,16.070423,37.674831,Hyderabad,Telangana,31-01-2025 18.54
1869,-36.229591,97.960996,Chennai,Tamil Nadu,29-08-2022 5.09
1870,-71.580719,-131.592576,Kolkata,West Bengal,06-12-2024 2.33
1871,-13.631782,120.171968,Pune,Maharashtra,26-01-2025 21.32
1872,3.441106,6.549267,Ahmedabad,Gujarat,08-10-2023 21.12
1873,-29.2542615,145.538874,Mumbai,Maharashtra,03-06-2023 12.40
1874,32.0734415,36.872478,Delhi,Delhi,14-01-2025 10.19
1875,-88.7513855,-39.818974,Bangalore,Karnataka,04-05-2023 6.01
1876,19.2893685,91.78451,Hyderabad,Telangana,17-01-2023 17.33
1877,59.9562905,-141.138078,Chennai,Tamil Nadu,24-09-2024 23.45
1878,-11.012377,2.517799,Kolkata,West Bengal,03-02-2023 2.39
1879,47.7843445,-41.651917,Pune,Maharashtra,17-11-2024 22.44
1880,64.3219005,-45.706311,Ahmedabad,Gujarat,18-07-2025 17.35
1881,28.854801,22.443434,Mumbai,Maharashtra,27-12-2024 4.41
1882,39.823411,-49.393665,Delhi,Delhi,14-01-2024 23.43
1883,33.171187,67.347402,Bangalore,Karnataka,01-02-2025 22.43
1884,-82.6581025,78.755763,Hyderabad,Telangana,01-02-2023 23.02
1885,-20.792033,-143.732081,Chennai,Tamil Nadu,21-03-2024 19.20
1886,80.097292,-61.683141,Kolkata,West Bengal,21-06-2025 21.23
1887,-28.2785995,-10.493376,Pune,Maharashtra,07-05-2024 0.36
1888,4.7835575,97.296091,Ahmedabad,Gujarat,14-11-2024 10.48
1889,-87.3899515,-38.615209,Mumbai,Maharashtra,25-08-2023 23.57
1890,-12.88129,-130.065941,Delhi,Delhi,16-04-2024 1.27
1891,1.803015,-139.182337,Bangalore,Karnataka,13-12-2024 19.25
1892,-42.0880975,75.848763,Hyderabad,Telangana,05-12-2023 22.16
1893,4.9021145,-62.658203,Chennai,Tamil Nadu,12-01-2025 13.48
1894,-17.770519,-81.868347,Kolkata,West Bengal,01-07-2025 12.20
1895,-38.9523015,87.89823,Pune,Maharashtra,11-06-2023 12.21
1896,-26.954881,-50.046899,Ahmedabad,Gujarat,21-09-2023 15.16
1897,-34.4932825,-56.945144,Mumbai,Maharashtra,16-06-2023 7.56
1898,-22.972893,152.106681,Delhi,Delhi,09-02-2024 9.54
1899,-48.125259,-122.721621,Bangalore,Karnataka,07-02-2023 13.38
1900,-68.9311525,176.173089,Hyderabad,Telangana,08-09-2024 16.07
1901,74.7729245,-176.443943,Chennai,Tamil Nadu,23-11-2024 11.51
1902,-78.6550795,78.92859,Kolkata,West Bengal,03-03-2024 23.27
1903,76.6091575,-10.661838,Pune,Maharashtra,08-09-2024 4.01
1904,64.22137,-32.503825,Ahmedabad,Gujarat,05-09-2024 18.48
1905,-40.910709,94.412782,Mumbai,Maharashtra,14-10-2023 17.20
1906,16.804964,-60.764847,Delhi,Delhi,17-01-2025 3.53
1907,-55.5742385,-150.929423,Bangalore,Karnataka,30-10-2024 1.05
1908,23.595407,76.796134,Hyderabad,Telangana,22-11-2024 9.32
1909,-81.259032,89.764324,Chennai,Tamil Nadu,26-01-2024 20.07
1910,15.68758,-86.154771,Kolkata,West Bengal,15-07-2024 13.45
1911,-57.6889135,98.209265,Pune,Maharashtra,20-07-2024 0.55
1912,-5.2680085,-175.480294,Ahmedabad,Gujarat,23-08-2022 16.55
1913,-33.4265875,23.703857,Mumbai,Maharashtra,23-01-2025 21.48
1914,-62.9557105,-5.282771,Delhi,Delhi,18-02-2024 1.45
1915,74.491366,-40.574209,Bangalore,Karnataka,23-05-2023 1.47
1916,57.2538665,-38.883999,Hyderabad,Telangana,08-08-2023 17.26
1917,-17.6812785,73.051613,Chennai,Tamil Nadu,14-03-2025 17.40
1918,2.0992555,16.454033,Kolkata,West Bengal,18-05-2023 1.02
1919,43.8875575,47.6026,Pune,Maharashtra,28-06-2023 9.28
1920,22.499404,19.88221,Ahmedabad,Gujarat,23-02-2024 11.20
1921,17.5332565,-29.875037,Mumbai,Maharashtra,05-07-2024 12.38
1922,-41.711354,126.773258,Delhi,Delhi,25-02-2023 1.28
1923,64.590026,-57.289162,Bangalore,Karnataka,07-01-2023 11.39
1924,-17.53609,-53.403064,Hyderabad,Telangana,15-12-2024 0.49
1925,26.022836,24.485211,Chennai,Tamil Nadu,05-06-2023 22.01
1926,-50.850371,-99.711997,Kolkata,West Bengal,09-08-2024 2.29
1927,-87.3848225,-85.184691,Pune,Maharashtra,21-05-2024 3.40
1928,44.109771,-107.806067,Ahmedabad,Gujarat,11-04-2025 0.39
1929,48.7830035,106.679717,Mumbai,Maharashtra,08-12-2023 19.24
1930,40.6261155,-18.920375,Delhi,Delhi,30-08-2023 5.14
1931,60.89789,124.853836,Bangalore,Karnataka,18-10-2022 10.58
1932,16.9451975,-126.86331,Hyderabad,Telangana,13-07-2025 1.33
1933,-46.153247,-147.768216,Chennai,Tamil Nadu,06-07-2023 1.27
1934,-21.739633,75.840153,Kolkata,West Bengal,09-04-2025 19.12
1935,-64.149159,61.513965,Pune,Maharashtra,07-01-2024 5.09
1936,-20.268758,13.79001,Ahmedabad,Gujarat,16-02-2024 1.27
1937,60.4178165,119.30096,Mumbai,Maharashtra,09-09-2023 16.33
1938,2.3794525,-169.350987,Delhi,Delhi,05-05-2024 23.48
1939,-57.4555585,8.490269,Bangalore,Karnataka,26-06-2025 1.02
1940,72.558078,-73.185177,Hyderabad,Telangana,17-01-2025 10.55
1941,64.5904905,168.893873,Chennai,Tamil Nadu,09-05-2025 17.36
1942,54.5359185,-86.29518,Kolkata,West Bengal,21-10-2023 11.14
1943,5.3238575,-5.468482,Pune,Maharashtra,16-06-2025 2.41
1944,47.0214095,81.721211,Ahmedabad,Gujarat,29-06-2024 15.00
1945,-68.9526405,24.585934,Mumbai,Maharashtra,15-03-2025 15.17
1946,-13.0869135,68.975002,Delhi,Delhi,12-04-2025 16.11
1947,-51.1175715,-90.03357,Bangalore,Karnataka,26-04-2025 10.49
1948,0.566985,46.461,Hyderabad,Telangana,11-04-2025 23.49
1949,74.36575,126.895584,Chennai,Tamil Nadu,25-04-2024 3.16
1950,-70.8487195,-137.527107,Kolkata,West Bengal,14-04-2023 0.01
1951,2.2412655,-57.476428,Pune,Maharashtra,05-12-2023 7.42
1952,-4.9386445,170.583739,Ahmedabad,Gujarat,31-10-2023 22.48
1953,-18.200927,145.01358,Mumbai,Maharashtra,02-05-2025 18.19
1954,16.154231,-34.374788,Delhi,Delhi,26-06-2024 11.15
1955,7.4863185,135.100153,Bangalore,Karnataka,22-10-2024 14.08
1956,30.87344,42.258684,Hyderabad,Telangana,22-04-2023 6.19
1957,-40.6384255,-167.597696,Chennai,Tamil Nadu,15-02-2023 14.04
1958,-27.0177425,175.420649,Kolkata,West Bengal,31-08-2023 6.19
1959,-68.507786,-66.950292,Pune,Maharashtra,21-04-2023 15.07
1960,16.5811135,-124.697294,Ahmedabad,Gujarat,31-12-2022 18.45
1961,-72.875859,74.039688,Mumbai,Maharashtra,04-12-2024 7.20
1962,-75.551344,-165.845448,Delhi,Delhi,13-04-2024 1.57
1963,50.655559,-135.304849,Bangalore,Karnataka,13-01-2023 18.58
1964,-19.5485065,151.841078,Hyderabad,Telangana,03-04-2023 13.17
1965,-67.367868,171.560612,Chennai,Tamil Nadu,01-04-2024 22.46
1966,-6.953947,-56.865457,Kolkata,West Bengal,24-08-2023 15.51
1967,-13.71728,57.919942,Pune,Maharashtra,04-04-2025 13.08
1968,-56.066615,-109.521139,Ahmedabad,Gujarat,31-10-2024 14.37
1969,-44.202767,-164.660902,Mumbai,Maharashtra,28-09-2022 22.55
1970,88.120114,11.577681,Delhi,Delhi,23-12-2023 12.38
1971,37.816814,70.822587,Bangalore,Karnataka,22-11-2024 2.41
1972,-16.8743085,114.498001,Hyderabad,Telangana,26-06-2024 9.16
1973,-53.730369,109.527811,Chennai,Tamil Nadu,07-05-2023 8.39
1974,68.599969,140.825572,Kolkata,West Bengal,14-07-2024 13.25
1975,79.395529,161.369978,Pune,Maharashtra,28-12-2024 11.06
1976,26.763349,101.030342,Ahmedabad,Gujarat,25-04-2025 5.13
1977,81.672057,106.573174,Mumbai,Maharashtra,29-11-2023 9.15
1978,3.1922805,78.584776,Delhi,Delhi,20-11-2024 16.32
1979,-29.0306725,-131.92105,Bangalore,Karnataka,21-06-2024 17.59
1980,-7.3572635,16.378425,Hyderabad,Telangana,06-05-2024 16.19
1981,-20.258578,-96.399784,Chennai,Tamil Nadu,19-11-2023 22.16
1982,-87.1664435,-179.950421,Kolkata,West Bengal,26-10-2024 6.53
1983,-53.4121255,4.62181,Pune,Maharashtra,24-10-2023 19.31
1984,35.9493665,107.279028,Ahmedabad,Gujarat,18-08-2022 6.20
1985,42.0518965,76.123434,Mumbai,Maharashtra,13-11-2023 18.32
1986,-87.5484875,51.088198,Delhi,Delhi,03-11-2023 9.11
1987,70.256975,-55.867182,Bangalore,Karnataka,16-08-2022 13.21
1988,57.159591,20.59853,Hyderabad,Telangana,25-05-2023 6.41
1989,20.524504,120.945329,Chennai,Tamil Nadu,14-06-2024 8.45
1990,15.965454,-45.838042,Kolkata,West Bengal,15-04-2023 23.22
1991,83.406834,29.231085,Pune,Maharashtra,15-03-2024 2.27
1992,-30.7851715,-38.813539,Ahmedabad,Gujarat,06-12-2022 9.24
1993,23.344021,155.717739,Mumbai,Maharashtra,12-08-2023 11.45
1994,48.6764575,149.217948,Delhi,Delhi,18-07-2025 7.38
1995,-17.0217635,-27.16528,Bangalore,Karnataka,08-05-2025 16.28
1996,52.7927,-35.677276,Hyderabad,Telangana,07-05-2024 18.25
1997,-39.533968,-143.243694,Chennai,Tamil Nadu,15-05-2023 16.53
1998,-53.3252645,-24.524707,Kolkata,West Bengal,23-01-2023 18.38
1999,80.9645855,64.460418,Pune,Maharashtra,21-03-2025 22.52
2000,31.538779,-33.899104,Ahmedabad,Gujarat,28-07-2025 11.45
2001,77.169195,84.138351,Mumbai,Maharashtra,24-05-2023 1.32
2002,-3.927856,-169.587175,Delhi,Delhi,29-03-2023 16.47
2003,-76.676994,107.210237,Bangalore,Karnataka,08-09-2022 17.21
2004,-40.0877575,-125.09234,Hyderabad,Telangana,17-10-2023 14.14
2005,-17.7384805,-112.870089,Chennai,Tamil Nadu,16-06-2024 9.36
2006,-87.797732,-55.010814,Kolkata,West Bengal,23-12-2022 11.02
2007,-49.5511535,-172.094657,Pune,Maharashtra,10-09-2024 2.13
2008,-31.699017,3.563067,Ahmedabad,Gujarat,19-05-2024 4.02
2009,-6.3617715,87.574182,Mumbai,Maharashtra,04-03-2024 6.56
2010,34.469351,-162.961264,Delhi,Delhi,31-12-2023 8.48
2011,-68.465278,-101.569694,Bangalore,Karnataka,31-10-2022 9.30
2012,-18.4609915,30.679837,Hyderabad,Telangana,24-11-2022 5.39
2013,55.8119795,72.408128,Chennai,Tamil Nadu,14-05-2023 10.55
2014,-38.4087745,-45.739609,Kolkata,West Bengal,20-03-2024 2.29
2015,-86.613555,-114.52239,Pune,Maharashtra,27-08-2023 2.14
2016,13.293398,57.812845,Ahmedabad,Gujarat,24-08-2023 7.07
2017,-81.004649,-73.06612,Mumbai,Maharashtra,21-07-2024 5.24
2018,-64.777723,99.784434,Delhi,Delhi,04-06-2025 22.49
2019,-34.0453985,73.846283,Bangalore,Karnataka,31-03-2024 19.48
2020,-6.218781,-6.556771,Hyderabad,Telangana,08-04-2023 17.42
2021,78.889992,-157.351609,Chennai,Tamil Nadu,06-12-2024 2.04
2022,49.8350775,-114.425775,Kolkata,West Bengal,02-09-2023 20.26
2023,39.1790855,162.802821,Pune,Maharashtra,12-11-2023 12.48
2024,-36.655532,13.502586,Ahmedabad,Gujarat,25-10-2022 6.12
2025,88.9645185,-63.075825,Mumbai,Maharashtra,27-01-2023 18.31
2026,-26.658403,159.790415,Delhi,Delhi,09-06-2024 18.58
2027,-2.889074,-171.910587,Bangalore,Karnataka,22-04-2023 7.53
2028,-15.88496,133.906737,Hyderabad,Telangana,07-02-2023 5.06
2029,16.2489815,-49.492408,Chennai,Tamil Nadu,19-08-2022 5.10
2030,-78.727491,131.963351,Kolkata,West Bengal,13-07-2025 9.19
2031,37.579501,140.089033,Pune,Maharashtra,03-04-2023 2.46
2032,9.6965695,-131.960842,Ahmedabad,Gujarat,26-08-2023 17.17
2033,-47.6681435,88.392082,Mumbai,Maharashtra,25-12-2022 7.56
2034,76.066215,1.688979,Delhi,Delhi,02-04-2025 10.52
2035,-73.879824,-147.908472,Bangalore,Karnataka,08-02-2024 14.54
2036,83.0267565,-97.36567,Hyderabad,Telangana,29-07-2025 19.39
2037,53.976249,-122.344544,Chennai,Tamil Nadu,16-02-2023 19.26
2038,40.954326,-55.083759,Kolkata,West Bengal,10-12-2023 9.09
2039,59.881054,166.091673,Pune,Maharashtra,26-01-2024 21.11
2040,27.7677065,-76.402542,Ahmedabad,Gujarat,07-09-2022 12.20
2041,11.406577,12.28971,Mumbai,Maharashtra,02-03-2023 15.25
2042,-22.7042405,-158.79975,Delhi,Delhi,28-08-2024 5.37
2043,27.4405125,120.124148,Bangalore,Karnataka,06-11-2023 4.00
2044,55.689068,83.116139,Hyderabad,Telangana,27-05-2023 3.36
2045,62.1228395,-79.80554,Chennai,Tamil Nadu,26-11-2024 19.53
2046,3.325526,-6.225153,Kolkata,West Bengal,01-08-2024 23.16
2047,-16.093154,141.413847,Pune,Maharashtra,13-12-2024 18.15
2048,-46.958143,-143.022166,Ahmedabad,Gujarat,07-11-2024 10.29
2049,-48.3856645,61.261307,Mumbai,Maharashtra,07-11-2023 15.43
2050,-19.3077185,110.77248,Delhi,Delhi,26-02-2024 15.12
2051,31.890899,-179.613548,Bangalore,Karnataka,22-04-2025 11.35
2052,45.8169945,23.497465,Hyderabad,Telangana,20-05-2023 13.28
2053,-84.9749275,152.717481,Chennai,Tamil Nadu,21-02-2024 21.57
2054,76.4829495,-51.802443,Kolkata,West Bengal,16-12-2023 12.35
2055,-72.9968265,173.416438,Pune,Maharashtra,19-11-2024 14.00
2056,14.016281,-78.064613,Ahmedabad,Gujarat,27-10-2024 10.59
2057,43.5598345,116.067024,Mumbai,Maharashtra,01-04-2023 18.41
2058,74.5614695,-27.99623,Delhi,Delhi,19-12-2023 11.39
2059,20.006065,164.082676,Bangalore,Karnataka,18-12-2023 14.10
2060,-60.34751,-128.322793,Hyderabad,Telangana,26-10-2024 2.34
2061,86.8697155,-144.201531,Chennai,Tamil Nadu,12-10-2022 8.23
2062,-55.163986,-84.094025,Kolkata,West Bengal,22-09-2022 22.13
2063,-35.754824,-122.525193,Pune,Maharashtra,28-08-2024 8.10
2064,-38.563299,-126.982072,Ahmedabad,Gujarat,23-09-2022 18.28
2065,63.279915,164.537801,Mumbai,Maharashtra,31-03-2024 0.15
2066,86.609392,83.018232,Delhi,Delhi,30-10-2024 4.17
2067,77.4958015,136.915391,Bangalore,Karnataka,06-09-2023 22.19
2068,-76.8236775,16.684818,Hyderabad,Telangana,14-07-2023 5.23
2069,72.659437,-141.94983,Chennai,Tamil Nadu,25-08-2022 16.08
2070,-33.9672955,172.052758,Kolkata,West Bengal,06-09-2024 17.10
2071,-68.5367585,71.287337,Pune,Maharashtra,23-04-2025 20.47
2072,-73.7059175,13.770699,Ahmedabad,Gujarat,19-12-2024 4.44
2073,21.656587,18.14222,Mumbai,Maharashtra,03-11-2022 21.49
2074,75.606779,-37.291317,Delhi,Delhi,04-11-2024 3.34
2075,-79.0872525,-142.210662,Bangalore,Karnataka,20-11-2023 10.38
2076,-69.0793835,-64.089538,Hyderabad,Telangana,20-10-2024 8.03
2077,-63.929749,-125.65518,Chennai,Tamil Nadu,30-07-2023 5.13
2078,52.7166765,26.873053,Kolkata,West Bengal,26-05-2023 15.50
2079,-38.1598925,102.497189,Pune,Maharashtra,21-05-2025 18.22
2080,-23.223184,126.031273,Ahmedabad,Gujarat,02-04-2025 18.03
2081,-41.977463,119.801321,Mumbai,Maharashtra,19-12-2024 9.16
2082,21.450266,-123.352508,Delhi,Delhi,23-04-2025 9.53
2083,64.770129,12.180118,Bangalore,Karnataka,18-06-2025 3.09
2084,33.1368715,177.149269,Hyderabad,Telangana,29-05-2024 18.45
2085,-62.055225,-90.44493,Chennai,Tamil Nadu,12-05-2023 13.55
2086,57.63023,35.584366,Kolkata,West Bengal,27-09-2024 8.33
2087,0.6004205,173.009743,Pune,Maharashtra,08-04-2023 1.29
2088,53.3178165,142.077305,Ahmedabad,Gujarat,23-06-2024 12.56
2089,4.576273,-10.802452,Mumbai,Maharashtra,06-12-2024 20.46
2090,-2.851327,19.565394,Delhi,Delhi,06-05-2024 21.31
2091,79.9842885,51.170208,Bangalore,Karnataka,20-12-2023 19.22
2092,73.319721,-50.763061,Hyderabad,Telangana,27-12-2024 3.48
2093,56.4654295,-65.148208,Chennai,Tamil Nadu,09-03-2024 23.36
2094,57.7035765,-43.586939,Kolkata,West Bengal,15-02-2024 14.20
2095,31.441132,60.249618,Pune,Maharashtra,13-04-2024 4.51
2096,-89.9474865,-161.390497,Ahmedabad,Gujarat,21-10-2023 6.30
2097,69.923867,-171.247691,Mumbai,Maharashtra,17-10-2024 10.07
2098,-53.7382075,-17.949996,Delhi,Delhi,15-08-2022 13.09
2099,-9.379718,-60.875484,Bangalore,Karnataka,05-07-2023 1.25
2100,-5.4684195,-168.349165,Hyderabad,Telangana,11-07-2025 18.50
2101,-15.923322,117.245643,Chennai,Tamil Nadu,07-10-2024 13.50
2102,59.33684,126.375158,Kolkata,West Bengal,09-01-2025 7.29
2103,-48.4690645,-129.379984,Pune,Maharashtra,02-10-2022 23.09
2104,33.5795795,10.94123,Ahmedabad,Gujarat,04-04-2023 20.20
2105,-52.846333,-37.735555,Mumbai,Maharashtra,26-02-2024 14.05
2106,66.271232,-45.859096,Delhi,Delhi,02-08-2023 6.54
2107,-21.2150695,-18.776359,Bangalore,Karnataka,26-12-2022 2.43
2108,63.1389815,34.640048,Hyderabad,Telangana,05-01-2025 8.31
2109,-31.632126,-138.552725,Chennai,Tamil Nadu,22-12-2023 17.38
2110,39.5290125,-87.173684,Kolkata,West Bengal,01-09-2024 20.30
2111,64.6812225,-128.801814,Pune,Maharashtra,15-02-2025 0.04
2112,82.4039135,-18.727599,Ahmedabad,Gujarat,02-10-2022 9.33
2113,64.694977,24.841009,Mumbai,Maharashtra,05-12-2022 6.06
2114,-74.988363,-0.475926,Delhi,Delhi,27-01-2024 20.01
2115,26.5826995,43.618391,Bangalore,Karnataka,08-02-2023 14.19
2116,-29.1409385,170.458153,Hyderabad,Telangana,25-02-2025 23.40
2117,-86.930607,160.315546,Chennai,Tamil Nadu,13-04-2025 10.08
2118,12.673062,-150.940277,Kolkata,West Bengal,21-11-2023 19.23
2119,50.763085,-157.890446,Pune,Maharashtra,14-12-2023 9.14
2120,54.9362825,123.285303,Ahmedabad,Gujarat,25-03-2023 16.59
2121,-2.2668035,89.724808,Mumbai,Maharashtra,24-07-2025 6.57
2122,-30.7302085,-97.752728,Delhi,Delhi,22-10-2022 19.45
2123,15.4636465,59.238393,Bangalore,Karnataka,14-02-2025 20.23
2124,64.4187985,90.974507,Hyderabad,Telangana,23-12-2022 6.47
2125,-30.384343,51.893698,Chennai,Tamil Nadu,29-10-2023 12.08
2126,15.8501145,-100.536448,Kolkata,West Bengal,26-02-2023 16.36
2127,0.2394585,-135.68393,Pune,Maharashtra,13-08-2024 13.23
2128,63.3949155,-153.526308,Ahmedabad,Gujarat,03-12-2024 20.51
2129,17.157098,-39.04026,Mumbai,Maharashtra,15-12-2022 12.13
2130,16.9787875,89.414232,Delhi,Delhi,10-06-2024 7.15
2131,-55.0026815,-107.591809,Bangalore,Karnataka,21-08-2024 10.20
2132,60.134925,-73.641296,Hyderabad,Telangana,01-09-2024 5.01
2133,16.117583,170.173212,Chennai,Tamil Nadu,08-01-2025 21.00
2134,-37.359995,121.274566,Kolkata,West Bengal,19-03-2025 6.16
2135,50.726693,-47.797772,Pune,Maharashtra,16-08-2023 18.24
2136,-70.7682145,-37.054316,Ahmedabad,Gujarat,03-06-2024 10.15
2137,-3.18485,129.247436,Mumbai,Maharashtra,22-12-2022 12.34
2138,-59.7929935,42.040174,Delhi,Delhi,24-05-2024 6.59
2139,8.0507875,6.996359,Bangalore,Karnataka,28-05-2023 6.13
2140,-3.902452,4.965403,Hyderabad,Telangana,12-02-2025 21.35
2141,85.935244,-167.004058,Chennai,Tamil Nadu,21-11-2023 20.43
2142,-44.5658875,7.752561,Kolkata,West Bengal,19-03-2025 14.38
2143,28.7048705,154.568372,Pune,Maharashtra,19-03-2023 20.45
2144,28.236,-155.90655,Ahmedabad,Gujarat,03-08-2023 1.22
2145,-36.397409,20.693511,Mumbai,Maharashtra,04-04-2023 16.01
2146,-66.964362,-119.670883,Delhi,Delhi,29-10-2022 1.34
2147,-24.757218,153.398144,Bangalore,Karnataka,22-03-2023 18.03
2148,-12.7751215,-172.626996,Hyderabad,Telangana,20-01-2024 14.20
2149,-60.1290415,-16.190996,Chennai,Tamil Nadu,04-07-2024 11.45
2150,36.484185,-167.7872,Kolkata,West Bengal,02-01-2024 21.30
2151,-33.894429,108.839481,Pune,Maharashtra,30-06-2023 11.32
2152,-35.2924915,113.359266,Ahmedabad,Gujarat,26-10-2024 5.01
2153,-20.5670215,114.634784,Mumbai,Maharashtra,24-08-2024 16.46
2154,77.2465605,-104.114683,Delhi,Delhi,20-07-2025 2.22
2155,89.384835,-170.127742,Bangalore,Karnataka,12-03-2024 9.09
2156,66.499197,176.229066,Hyderabad,Telangana,31-10-2024 16.44
2157,-78.3278875,-42.852919,Chennai,Tamil Nadu,26-04-2023 22.13
2158,-73.8643315,-27.521391,Kolkata,West Bengal,13-06-2023 2.44
2159,75.883656,-34.35688,Pune,Maharashtra,26-10-2022 19.24
2160,34.8119685,171.520452,Ahmedabad,Gujarat,18-08-2022 6.58
2161,-72.122791,28.652274,Mumbai,Maharashtra,27-05-2025 4.44
2162,-17.1706755,175.935555,Delhi,Delhi,26-05-2025 18.34
2163,6.695589,-122.076225,Bangalore,Karnataka,03-09-2022 23.32
2164,-11.4838165,168.649954,Hyderabad,Telangana,27-03-2024 18.52
2165,-27.9461475,24.387402,Chennai,Tamil Nadu,03-10-2024 8.00
2166,-63.2628325,-10.640866,Kolkata,West Bengal,27-08-2024 5.45
2167,70.284531,105.379451,Pune,Maharashtra,20-12-2022 1.53
2168,-39.9589635,-73.229691,Ahmedabad,Gujarat,21-09-2024 1.51
2169,32.93975,121.016831,Mumbai,Maharashtra,07-09-2022 17.23
2170,-79.329046,-47.18236,Delhi,Delhi,04-11-2024 18.17
2171,-8.146642,-0.916166,Bangalore,Karnataka,04-09-2024 10.16
2172,15.602458,-95.708447,Hyderabad,Telangana,02-09-2022 21.13
2173,3.0880215,8.931899,Chennai,Tamil Nadu,08-02-2024 9.42
2174,77.8341605,-17.68985,Kolkata,West Bengal,07-08-2023 6.36
2175,44.553664,-31.88898,Pune,Maharashtra,09-11-2022 16.08
2176,77.9848585,-41.659446,Ahmedabad,Gujarat,28-03-2024 19.00
2177,-82.0903095,117.930793,Mumbai,Maharashtra,14-10-2023 14.38
2178,-29.445605,-98.552289,Delhi,Delhi,18-01-2024 6.57
2179,15.4539545,172.687555,Bangalore,Karnataka,06-03-2023 13.41
2180,-66.432706,25.195884,Hyderabad,Telangana,22-10-2024 6.01
2181,74.4028625,155.825962,Chennai,Tamil Nadu,06-07-2025 19.41
2182,-28.950268,44.054129,Kolkata,West Bengal,13-08-2023 17.33
2183,63.7862845,-97.993421,Pune,Maharashtra,28-05-2024 20.01
2184,-6.145391,145.004946,Ahmedabad,Gujarat,29-12-2023 20.52
2185,30.572935,111.10953,Mumbai,Maharashtra,26-02-2023 1.04
2186,-34.499018,170.293584,Delhi,Delhi,08-03-2023 14.45
2187,65.9692415,110.637122,Bangalore,Karnataka,02-07-2025 23.25
2188,-35.6927615,-105.852949,Hyderabad,Telangana,28-11-2023 8.32
2189,50.607963,-107.386869,Chennai,Tamil Nadu,03-06-2024 10.12
2190,-51.035951,172.311737,Kolkata,West Bengal,29-12-2024 19.10
2191,-47.5743355,-9.54552,Pune,Maharashtra,18-11-2022 16.32
2192,59.6098975,106.131548,Ahmedabad,Gujarat,05-02-2023 6.02
2193,-40.5715795,-9.491094,Mumbai,Maharashtra,19-03-2023 9.44
2194,-82.085625,-8.905984,Delhi,Delhi,09-05-2024 12.47
2195,20.3945545,-17.141226,Bangalore,Karnataka,23-06-2024 12.39
2196,80.9524205,-33.006804,Hyderabad,Telangana,29-03-2023 9.37
2197,-39.5519565,-122.677523,Chennai,Tamil Nadu,25-02-2023 16.38
2198,-40.4074895,-165.93494,Kolkata,West Bengal,13-03-2025 0.34
2199,75.610317,-36.729228,Pune,Maharashtra,03-03-2025 2.49
2200,62.214471,148.759358,Ahmedabad,Gujarat,30-07-2023 1.14
2201,70.0843545,-55.34795,Mumbai,Maharashtra,30-07-2023 1.17
2202,-82.997998,12.876963,Delhi,Delhi,06-12-2022 19.18
2203,37.9369345,-108.012792,Bangalore,Karnataka,23-09-2024 16.16
2204,72.3260765,71.665487,Hyderabad,Telangana,10-05-2025 9.55
2205,10.383962,-81.228382,Chennai,Tamil Nadu,29-03-2024 5.49
2206,41.9214235,74.394631,Kolkata,West Bengal,06-03-2023 23.05
2207,-46.03393,-76.244417,Pune,Maharashtra,22-07-2023 20.19
2208,-81.348445,39.359632,Ahmedabad,Gujarat,28-08-2022 16.01
2209,-17.5603565,41.751323,Mumbai,Maharashtra,17-07-2023 1.40
2210,-35.552277,-70.176555,Delhi,Delhi,16-11-2022 1.59
2211,-42.4659335,55.839446,Bangalore,Karnataka,20-03-2025 21.53
2212,41.518044,-5.572992,Hyderabad,Telangana,16-07-2024 2.45
2213,-23.7544675,49.542209,Chennai,Tamil Nadu,25-04-2024 6.46
2214,-78.7723445,146.37991,Kolkata,West Bengal,18-03-2024 5.37
2215,-6.0072195,31.608051,Pune,Maharashtra,12-03-2025 6.48
2216,63.527485,138.797061,Ahmedabad,Gujarat,15-11-2024 5.43
2217,50.9904965,164.345686,Mumbai,Maharashtra,03-08-2025 3.28
2218,-79.662021,99.521354,Delhi,Delhi,22-01-2023 3.51
2219,31.228026,65.296545,Bangalore,Karnataka,10-10-2022 5.37
2220,-24.039597,98.476366,Hyderabad,Telangana,17-11-2024 21.27
2221,16.1960705,-158.926948,Chennai,Tamil Nadu,18-12-2024 16.50
2222,13.9913195,97.093403,Kolkata,West Bengal,11-04-2025 0.31
2223,-76.767354,-78.074873,Pune,Maharashtra,31-10-2023 16.12
2224,27.991844,33.696039,Ahmedabad,Gujarat,21-11-2023 10.51
2225,-13.250387,67.683874,Mumbai,Maharashtra,20-04-2023 23.19
2226,23.403829,-21.934615,Delhi,Delhi,14-03-2025 19.33
2227,-75.357742,97.545966,Bangalore,Karnataka,14-03-2023 7.19
2228,34.441027,166.873104,Hyderabad,Telangana,07-07-2024 0.46
2229,-65.7224805,88.788606,Chennai,Tamil Nadu,28-01-2023 3.35
2230,-41.7429845,134.309849,Kolkata,West Bengal,21-07-2025 17.16
2231,56.675041,-107.357782,Pune,Maharashtra,06-04-2024 22.50
2232,21.01398,-6.343236,Ahmedabad,Gujarat,05-07-2024 18.29
2233,-83.3127055,-83.965296,Mumbai,Maharashtra,10-07-2024 2.41
2234,68.4616035,-71.588581,Delhi,Delhi,11-07-2024 16.04
2235,-65.792581,-45.738089,Bangalore,Karnataka,21-12-2023 18.38
2236,84.100909,-91.956379,Hyderabad,Telangana,13-02-2023 6.18
2237,-65.521038,-118.708168,Chennai,Tamil Nadu,03-07-2024 11.02
2238,80.207519,14.853751,Kolkata,West Bengal,15-12-2022 20.42
2239,50.6111365,26.205339,Pune,Maharashtra,08-10-2024 4.33
2240,74.3019685,-94.15452,Ahmedabad,Gujarat,15-03-2024 14.24
2241,57.732349,24.336833,Mumbai,Maharashtra,12-10-2022 13.11
2242,-44.128413,-0.044553,Delhi,Delhi,30-12-2024 19.18
2243,87.041327,-99.421185,Bangalore,Karnataka,14-04-2023 4.40
2244,-51.1822535,-83.971637,Hyderabad,Telangana,24-10-2022 1.14
2245,22.6306025,-14.610363,Chennai,Tamil Nadu,29-11-2023 3.55
2246,29.7915325,-24.962131,Kolkata,West Bengal,04-04-2025 12.06
2247,-41.49478,-116.888691,Pune,Maharashtra,25-02-2023 17.34
2248,-35.54741,-178.103292,Ahmedabad,Gujarat,29-03-2025 10.58
2249,-22.0560395,-173.446007,Mumbai,Maharashtra,17-07-2024 19.41
2250,43.5808935,87.706512,Delhi,Delhi,26-11-2024 15.26
2251,-88.45635,146.408884,Bangalore,Karnataka,09-09-2024 22.01
2252,-26.1450155,-63.566741,Hyderabad,Telangana,05-02-2025 2.37
2253,87.0252965,75.395929,Chennai,Tamil Nadu,10-07-2024 4.50
2254,20.099169,57.230029,Kolkata,West Bengal,06-12-2022 16.40
2255,71.387843,142.177367,Pune,Maharashtra,15-08-2022 13.18
2256,-24.3103095,113.851788,Ahmedabad,Gujarat,11-10-2023 9.03
2257,76.367179,157.496073,Mumbai,Maharashtra,18-12-2024 11.10
2258,-34.2627055,-153.736918,Delhi,Delhi,19-05-2023 11.35
2259,-50.202787,-150.437774,Bangalore,Karnataka,16-05-2025 4.10
2260,3.689298,-160.285535,Hyderabad,Telangana,19-03-2023 4.12
2261,-81.294078,178.091042,Chennai,Tamil Nadu,19-01-2025 9.06
2262,71.9432085,-19.775415,Kolkata,West Bengal,01-01-2024 16.58
2263,-66.4574885,-153.676486,Pune,Maharashtra,21-01-2023 11.52
2264,21.9260215,-84.303621,Ahmedabad,Gujarat,12-04-2023 23.15
2265,-13.66218,148.076315,Mumbai,Maharashtra,28-05-2025 1.18
2266,69.71077,127.241874,Delhi,Delhi,25-12-2024 15.44
2267,-42.374379,64.457633,Bangalore,Karnataka,20-01-2025 17.40
2268,6.687403,-160.758522,Hyderabad,Telangana,28-12-2022 0.15
2269,-9.6587485,-6.686337,Chennai,Tamil Nadu,28-02-2024 21.30
2270,11.720757,-143.67173,Kolkata,West Bengal,30-05-2024 4.02
2271,57.765957,-145.143192,Pune,Maharashtra,03-11-2023 5.50
2272,36.3839345,-107.766279,Ahmedabad,Gujarat,10-02-2023 21.36
2273,-16.3363335,-3.257518,Mumbai,Maharashtra,01-11-2024 2.12
2274,21.067293,101.667291,Delhi,Delhi,27-06-2023 7.51
2275,-33.883305,148.593854,Bangalore,Karnataka,03-11-2022 17.31
2276,-60.6594045,126.75036,Hyderabad,Telangana,08-04-2025 10.16
2277,51.9880265,-132.932665,Chennai,Tamil Nadu,25-08-2024 16.30
2278,72.343863,-25.817489,Kolkata,West Bengal,29-05-2024 17.57
2279,73.4354795,-10.086497,Pune,Maharashtra,12-09-2023 17.04
2280,51.0336325,128.777376,Ahmedabad,Gujarat,30-03-2025 12.28
2281,4.986783,-110.360789,Mumbai,Maharashtra,16-03-2025 14.38
2282,61.0310045,86.501068,Delhi,Delhi,20-10-2024 16.17
2283,79.612985,87.222725,Bangalore,Karnataka,08-09-2024 10.08
2284,-41.706521,147.172225,Hyderabad,Telangana,01-08-2023 20.44
2285,-12.0227055,-76.085713,Chennai,Tamil Nadu,07-08-2022 19.11
2286,-58.2690125,-167.122185,Kolkata,West Bengal,27-07-2024 12.26
2287,77.895839,-116.689111,Pune,Maharashtra,23-06-2023 10.06
2288,75.17048,42.603909,Ahmedabad,Gujarat,09-05-2024 12.49
2289,-77.788283,-0.796647,Mumbai,Maharashtra,30-01-2024 12.08
2290,60.43539,162.257109,Delhi,Delhi,01-07-2023 4.46
2291,-86.9674135,163.929338,Bangalore,Karnataka,13-06-2023 21.03
2292,-14.401408,-43.410636,Hyderabad,Telangana,18-11-2022 17.21
2293,-7.382935,-18.786257,Chennai,Tamil Nadu,30-09-2024 11.00
2294,57.6377835,-6.094716,Kolkata,West Bengal,14-08-2022 20.50
2295,-59.442178,-1.07011,Pune,Maharashtra,17-01-2024 15.07
2296,16.3136815,125.437426,Ahmedabad,Gujarat,19-03-2025 6.08
2297,-82.183863,-85.709849,Mumbai,Maharashtra,02-06-2023 17.40
2298,-1.2781005,1.428464,Delhi,Delhi,14-06-2025 23.51
2299,38.6096465,74.745488,Bangalore,Karnataka,29-09-2022 13.57
2300,83.315949,-107.117682,Hyderabad,Telangana,22-08-2024 7.42
2301,-48.2888105,156.725697,Chennai,Tamil Nadu,20-07-2024 21.19
2302,54.141127,-0.089375,Kolkata,West Bengal,23-07-2024 18.23
2303,21.119678,-149.923267,Pune,Maharashtra,22-10-2024 19.16
2304,-9.6455245,123.301269,Ahmedabad,Gujarat,23-06-2025 21.17
2305,-5.3078515,118.058492,Mumbai,Maharashtra,14-11-2024 19.30
2306,-84.9753085,-68.189937,Delhi,Delhi,18-01-2025 7.11
2307,-0.954782,9.835163,Bangalore,Karnataka,16-11-2022 4.51
2308,-49.9212685,-29.429172,Hyderabad,Telangana,22-09-2022 18.28
2309,1.0405325,21.455859,Chennai,Tamil Nadu,04-04-2025 14.16
2310,53.417862,-90.895811,Kolkata,West Bengal,08-01-2025 7.59
2311,72.5884265,29.1468,Pune,Maharashtra,23-05-2023 10.14
2312,69.7706005,-117.269516,Ahmedabad,Gujarat,27-11-2023 5.48
2313,-5.577212,-163.019732,Mumbai,Maharashtra,01-10-2023 2.24
2314,21.0972665,-133.400794,Delhi,Delhi,15-09-2024 11.46
2315,-26.2083945,19.492413,Bangalore,Karnataka,07-07-2024 8.32
2316,-8.7637255,-63.960787,Hyderabad,Telangana,29-10-2024 1.24
2317,-8.84705,-86.040747,Chennai,Tamil Nadu,26-01-2023 16.32
2318,10.4527595,-159.923696,Kolkata,West Bengal,15-06-2023 7.01
2319,-65.1417705,58.249402,Pune,Maharashtra,29-09-2024 9.06
2320,-83.3066235,79.127827,Ahmedabad,Gujarat,20-09-2024 3.37
2321,-48.640062,-77.880881,Mumbai,Maharashtra,15-01-2024 16.41
2322,39.7810115,101.120621,Delhi,Delhi,30-11-2023 11.15
2323,-2.130887,-103.069059,Bangalore,Karnataka,04-01-2023 23.20
2324,48.5520535,-108.748018,Hyderabad,Telangana,20-06-2023 2.10
2325,-80.188003,66.621537,Chennai,Tamil Nadu,29-03-2024 10.35
2326,50.215885,-117.811027,Kolkata,West Bengal,11-08-2022 17.28
2327,-6.5215885,-156.361596,Pune,Maharashtra,07-07-2025 15.25
2328,69.527856,-133.251485,Ahmedabad,Gujarat,05-01-2024 2.11
2329,35.3260455,-155.228897,Mumbai,Maharashtra,12-01-2023 12.12
2330,49.7415145,173.789492,Delhi,Delhi,03-12-2023 18.22
2331,-83.965502,130.075073,Bangalore,Karnataka,03-12-2023 5.46
2332,81.490218,-67.339955,Hyderabad,Telangana,16-12-2023 19.32
2333,-36.16379,-76.627845,Chennai,Tamil Nadu,24-10-2023 12.15
2334,-15.7374555,105.763399,Kolkata,West Bengal,14-12-2023 3.01
2335,28.4110735,-116.836686,Pune,Maharashtra,02-10-2023 21.32
2336,-49.917023,-95.444969,Ahmedabad,Gujarat,04-10-2023 10.10
2337,-59.274771,-171.809116,Mumbai,Maharashtra,30-03-2025 1.19
2338,60.223397,95.984216,Delhi,Delhi,11-01-2023 9.04
2339,-34.547308,111.267887,Bangalore,Karnataka,31-01-2024 13.03
2340,57.469221,-9.014716,Hyderabad,Telangana,30-09-2023 9.48
2341,-52.0011295,-27.921813,Chennai,Tamil Nadu,13-01-2025 3.36
2342,-24.2802695,-88.047447,Kolkata,West Bengal,24-11-2022 0.22
2343,-6.415223,149.243003,Pune,Maharashtra,13-01-2024 13.21
2344,55.1100605,58.181512,Ahmedabad,Gujarat,23-10-2022 3.27
2345,-55.083525,-164.434671,Mumbai,Maharashtra,05-08-2024 14.32
2346,-76.455817,-123.13092,Delhi,Delhi,23-03-2024 5.52
2347,-75.5582055,-133.764902,Bangalore,Karnataka,28-05-2024 20.02
2348,15.2043545,-83.909237,Hyderabad,Telangana,04-08-2025 0.32
2349,70.020108,138.233574,Chennai,Tamil Nadu,09-04-2025 4.37
2350,29.6782605,150.881776,Kolkata,West Bengal,08-02-2024 18.53
2351,-6.129851,-1.580567,Pune,Maharashtra,09-06-2023 3.42
2352,53.2062715,-137.831149,Ahmedabad,Gujarat,28-07-2024 18.37
2353,62.41478,-109.242947,Mumbai,Maharashtra,27-12-2022 16.25
2354,35.701856,-127.782326,Delhi,Delhi,13-07-2024 1.39
2355,-6.6798665,165.969604,Bangalore,Karnataka,28-07-2024 7.29
2356,36.311196,-55.610117,Hyderabad,Telangana,18-07-2023 23.54
2357,-51.4200045,151.218263,Chennai,Tamil Nadu,10-09-2023 5.09
2358,7.5626905,30.494695,Kolkata,West Bengal,17-05-2023 4.08
2359,88.558063,-2.656529,Pune,Maharashtra,22-12-2023 20.13
2360,31.6772465,81.728184,Ahmedabad,Gujarat,21-09-2022 8.34
2361,-72.4536635,75.193193,Mumbai,Maharashtra,27-01-2023 16.59
2362,4.3391765,76.97438,Delhi,Delhi,21-07-2024 20.35
2363,-44.15081,-28.46423,Bangalore,Karnataka,28-01-2024 21.34
2364,72.2531895,128.528041,Hyderabad,Telangana,19-02-2023 5.50
2365,46.3517,-124.738691,Chennai,Tamil Nadu,26-04-2024 13.19
2366,-61.2824265,-5.050022,Kolkata,West Bengal,16-12-2024 7.01
2367,84.335786,-141.922975,Pune,Maharashtra,17-11-2023 16.01
2368,53.0077985,67.483991,Ahmedabad,Gujarat,18-04-2024 23.46
2369,68.520789,41.964932,Mumbai,Maharashtra,10-08-2023 22.58
2370,76.6648205,-49.16936,Delhi,Delhi,03-12-2024 13.16
2371,-47.313317,78.972921,Bangalore,Karnataka,23-03-2024 13.57
2372,-72.2671715,2.91952,Hyderabad,Telangana,24-06-2023 19.55
2373,68.637355,51.471086,Chennai,Tamil Nadu,11-06-2024 15.24
2374,62.259595,3.717674,Kolkata,West Bengal,28-11-2024 5.41
2375,-26.607807,-87.075454,Pune,Maharashtra,30-05-2025 16.13
2376,89.7457765,-138.180761,Ahmedabad,Gujarat,13-01-2025 7.32
2377,40.628828,-118.623382,Mumbai,Maharashtra,10-02-2025 5.41
2378,70.0077975,68.522074,Delhi,Delhi,23-12-2023 19.13
2379,59.005221,-127.572459,Bangalore,Karnataka,26-06-2024 23.06
2380,-42.708651,-14.624583,Hyderabad,Telangana,26-04-2024 17.20
2381,-71.314843,141.187955,Chennai,Tamil Nadu,21-01-2023 6.32
2382,70.096358,23.426303,Kolkata,West Bengal,26-12-2023 22.54
2383,42.6863435,166.275893,Pune,Maharashtra,26-05-2025 20.58
2384,-73.495992,-131.395462,Ahmedabad,Gujarat,09-07-2023 9.24
2385,-52.7098225,131.797387,Mumbai,Maharashtra,19-04-2025 13.00
2386,-89.950518,-101.227425,Delhi,Delhi,27-05-2025 23.41
2387,-49.94502,63.188789,Bangalore,Karnataka,07-11-2024 14.54
2388,-11.7501915,29.370346,Hyderabad,Telangana,18-03-2025 14.26
2389,65.1372835,60.067075,Chennai,Tamil Nadu,05-06-2023 7.13
2390,-34.793113,-10.027895,Kolkata,West Bengal,13-11-2023 23.11
2391,63.0824075,-16.495895,Pune,Maharashtra,10-06-2024 16.02
2392,2.4128315,-132.064189,Ahmedabad,Gujarat,26-01-2025 13.53
2393,-87.8205055,148.291598,Mumbai,Maharashtra,06-10-2024 6.13
2394,18.5009175,-111.519057,Delhi,Delhi,05-11-2023 8.15
2395,-73.246794,18.225031,Bangalore,Karnataka,05-12-2024 0.10
2396,-75.738745,-179.547249,Hyderabad,Telangana,01-08-2025 23.11
2397,60.3319765,12.867993,Chennai,Tamil Nadu,22-01-2023 18.06
2398,-14.2450335,-163.25782,Kolkata,West Bengal,05-08-2023 18.40
2399,25.887747,136.841819,Pune,Maharashtra,08-04-2024 19.38
2400,77.829686,-9.206703,Ahmedabad,Gujarat,21-03-2024 23.40
2401,18.9935605,24.851172,Mumbai,Maharashtra,11-06-2024 9.18
2402,56.3292115,-66.604233,Delhi,Delhi,30-05-2025 11.34
2403,-43.4505785,74.94465,Bangalore,Karnataka,09-03-2023 9.06
2404,-39.473244,118.189689,Hyderabad,Telangana,24-03-2024 18.59
2405,6.714043,44.001601,Chennai,Tamil Nadu,01-04-2023 23.45
2406,-12.5641915,179.738989,Kolkata,West Bengal,16-02-2023 9.03
2407,-53.955172,-173.770817,Pune,Maharashtra,24-11-2022 19.08
2408,84.050663,-171.566939,Ahmedabad,Gujarat,17-03-2023 0.48
2409,40.6478945,173.221706,Mumbai,Maharashtra,13-06-2024 18.54
2410,-53.5529755,-134.54666,Delhi,Delhi,06-03-2023 12.11
2411,82.400764,43.2607,Bangalore,Karnataka,13-07-2024 18.13
2412,72.2503105,48.548187,Hyderabad,Telangana,30-03-2025 12.38
2413,-41.7360095,63.951112,Chennai,Tamil Nadu,04-10-2024 16.36
2414,23.8501025,116.379602,Kolkata,West Bengal,04-07-2024 11.10
2415,13.271071,10.754116,Pune,Maharashtra,22-07-2023 0.28
2416,-40.1270985,48.047654,Ahmedabad,Gujarat,01-03-2025 12.22
2417,-88.0055265,130.278368,Mumbai,Maharashtra,17-09-2024 4.53
2418,-26.447916,89.363601,Delhi,Delhi,27-09-2023 14.38
2419,20.2834345,113.220777,Bangalore,Karnataka,16-01-2025 16.13
2420,8.5077665,-162.035296,Hyderabad,Telangana,03-10-2022 3.57
2421,62.51149,79.452602,Chennai,Tamil Nadu,04-08-2025 8.10
2422,8.9395655,-119.245343,Kolkata,West Bengal,22-01-2025 18.14
2423,39.2605055,-137.016446,Pune,Maharashtra,14-03-2023 1.39
2424,51.3065845,-29.987331,Ahmedabad,Gujarat,27-07-2024 14.20
2425,48.7675885,-137.998117,Mumbai,Maharashtra,26-10-2024 8.24
2426,73.764583,-132.515728,Delhi,Delhi,21-08-2023 7.08
2427,36.8227535,158.584539,Bangalore,Karnataka,01-06-2025 10.09
2428,89.5073915,-138.080092,Hyderabad,Telangana,03-07-2025 0.22
2429,80.104237,109.479297,Chennai,Tamil Nadu,21-01-2025 18.21
2430,-6.1139945,149.122871,Kolkata,West Bengal,26-10-2022 7.49
2431,2.2199735,107.243794,Pune,Maharashtra,22-08-2022 2.17
2432,35.861012,63.758062,Ahmedabad,Gujarat,09-10-2024 17.43
2433,35.9586115,128.145272,Mumbai,Maharashtra,02-01-2024 7.59
2434,23.015651,9.469548,Delhi,Delhi,06-11-2023 0.24
2435,-12.3661995,-90.069737,Bangalore,Karnataka,29-09-2022 5.18
2436,70.426831,-16.753211,Hyderabad,Telangana,28-12-2024 0.44
2437,-20.0878265,-147.026592,Chennai,Tamil Nadu,08-04-2025 22.15
2438,37.0130635,130.387135,Kolkata,West Bengal,24-04-2023 23.58
2439,63.775934,-152.286788,Pune,Maharashtra,20-05-2025 21.37
2440,-11.6830945,155.17764,Ahmedabad,Gujarat,16-09-2022 17.59
2441,-13.0085085,80.253645,Mumbai,Maharashtra,11-12-2022 12.27
2442,-55.956658,91.439846,Delhi,Delhi,02-12-2022 17.53
2443,-15.4155315,-44.681161,Bangalore,Karnataka,27-02-2023 5.39
2444,75.3019525,-29.154341,Hyderabad,Telangana,06-10-2023 21.05
2445,-21.023973,-172.374819,Chennai,Tamil Nadu,25-01-2023 15.06
2446,72.0871105,-86.254908,Kolkata,West Bengal,09-02-2025 15.02
2447,-49.4298435,173.881488,Pune,Maharashtra,29-06-2024 4.41
2448,9.2585265,-85.833183,Ahmedabad,Gujarat,15-09-2023 4.27
2449,-26.5966505,80.338647,Mumbai,Maharashtra,13-05-2023 5.18
2450,51.5698665,-162.234658,Delhi,Delhi,19-01-2024 22.33
2451,-67.3436555,-102.116002,Bangalore,Karnataka,15-02-2025 11.44
2452,-48.620595,86.260203,Hyderabad,Telangana,07-05-2024 20.03
2453,12.8556075,-52.252943,Chennai,Tamil Nadu,27-05-2025 15.42
2454,28.1612625,162.295295,Kolkata,West Bengal,22-04-2023 5.01
2455,-33.3985735,130.181138,Pune,Maharashtra,23-01-2024 9.36
2456,-75.417034,164.811302,Ahmedabad,Gujarat,20-09-2023 1.37
2457,-58.863,-151.801821,Mumbai,Maharashtra,22-04-2023 16.50
2458,34.558059,34.074484,Delhi,Delhi,14-08-2024 3.27
2459,-9.102377,75.693489,Bangalore,Karnataka,09-11-2024 14.03
2460,-27.27702,23.903999,Hyderabad,Telangana,02-07-2025 3.20
2461,14.7087485,74.79334,Chennai,Tamil Nadu,17-09-2023 7.37
2462,-51.0366385,104.778949,Kolkata,West Bengal,10-06-2024 16.19
2463,-86.81554,-24.955859,Pune,Maharashtra,02-07-2024 13.29
2464,12.543442,-10.515961,Ahmedabad,Gujarat,06-11-2024 1.31
2465,-78.989418,-127.727931,Mumbai,Maharashtra,07-11-2024 16.18
2466,81.107243,9.960008,Delhi,Delhi,06-06-2024 2.23
2467,73.875971,170.075227,Bangalore,Karnataka,02-10-2023 19.09
2468,-0.0828715,-34.86977,Hyderabad,Telangana,24-09-2023 6.00
2469,-63.619026,-42.91328,Chennai,Tamil Nadu,17-05-2025 19.56
2470,66.8137755,29.999079,Kolkata,West Bengal,21-07-2024 15.37
2471,-25.0931205,136.068944,Pune,Maharashtra,04-06-2023 3.36
2472,49.573638,1.143788,Ahmedabad,Gujarat,23-06-2025 3.24
2473,-41.703992,-11.814541,Mumbai,Maharashtra,03-12-2024 0.43
2474,-87.1604925,-175.449394,Delhi,Delhi,18-11-2022 21.41
2475,-86.7891325,40.787502,Bangalore,Karnataka,04-01-2023 2.43
2476,50.9995535,-124.215204,Hyderabad,Telangana,05-07-2025 5.31
2477,29.7066985,8.718941,Chennai,Tamil Nadu,12-07-2023 4.41
2478,-13.9530355,-44.764306,Kolkata,West Bengal,01-06-2023 6.46
2479,-80.8619825,-167.275905,Pune,Maharashtra,24-03-2025 13.03
2480,-65.3196985,-149.461759,Ahmedabad,Gujarat,13-02-2025 7.20
2481,86.2562,-63.59312,Mumbai,Maharashtra,21-02-2025 10.56
2482,81.28407,-114.614424,Delhi,Delhi,07-02-2023 17.19
2483,-66.8108355,144.638209,Bangalore,Karnataka,23-02-2023 3.32
2484,10.9205745,172.399182,Hyderabad,Telangana,07-05-2025 19.55
2485,61.952937,-80.803105,Chennai,Tamil Nadu,24-01-2023 12.51
2486,-40.537279,-43.991409,Kolkata,West Bengal,05-11-2023 22.33
2487,35.3474335,174.59134,Pune,Maharashtra,30-11-2022 23.04
2488,81.471337,63.440764,Ahmedabad,Gujarat,08-10-2023 16.34
2489,24.617482,178.403855,Mumbai,Maharashtra,20-12-2023 17.37
2490,-20.9217335,-93.045151,Delhi,Delhi,28-11-2022 7.03
2491,-15.566209,-146.506031,Bangalore,Karnataka,22-03-2024 0.01
2492,14.3114495,-1.407352,Hyderabad,Telangana,06-11-2022 15.23
2493,-20.6796035,-37.909139,Chennai,Tamil Nadu,08-05-2023 17.56
2494,28.265907,-142.741975,Kolkata,West Bengal,07-09-2024 4.58
2495,-36.133295,147.653331,Pune,Maharashtra,06-04-2024 6.43
2496,-42.099796,166.541143,Ahmedabad,Gujarat,07-09-2024 17.28
2497,-60.8934165,-102.758988,Mumbai,Maharashtra,22-11-2024 4.28
2498,25.763751,-62.754642,Delhi,Delhi,16-03-2025 2.34
2499,82.6947745,-122.957624,Bangalore,Karnataka,21-06-2024 7.36
2500,-20.476221,-124.548151,Hyderabad,Telangana,28-09-2022 11.57
2501,-70.4258195,-142.19767,Chennai,Tamil Nadu,08-01-2025 21.31
2502,-22.731055,59.381107,Kolkata,West Bengal,03-09-2022 11.51
2503,43.600697,-100.084471,Pune,Maharashtra,15-05-2025 12.50
2504,81.8886915,-179.534192,Ahmedabad,Gujarat,03-10-2022 2.51
2505,88.40377,29.639406,Mumbai,Maharashtra,23-09-2023 5.43
2506,-49.303179,-2.923404,Delhi,Delhi,04-04-2024 6.06
2507,64.2538185,-178.011564,Bangalore,Karnataka,13-10-2024 23.07
2508,41.7157635,76.69915,Hyderabad,Telangana,12-06-2024 17.39
2509,18.4245035,-142.365517,Chennai,Tamil Nadu,21-11-2024 9.42
2510,-29.374699,-178.224376,Kolkata,West Bengal,24-03-2024 12.36
2511,39.403698,-114.929285,Pune,Maharashtra,02-01-2025 12.38
2512,53.694592,12.692809,Ahmedabad,Gujarat,05-01-2024 7.47
2513,-8.710207,35.078433,Mumbai,Maharashtra,30-10-2022 2.03
2514,79.7243625,167.395431,Delhi,Delhi,24-12-2022 4.33
2515,8.074333,107.025305,Bangalore,Karnataka,15-01-2024 14.42
2516,-68.4025465,66.766998,Hyderabad,Telangana,29-10-2023 18.41
2517,83.8904955,-70.950528,Chennai,Tamil Nadu,06-05-2023 17.03
2518,58.840877,-158.884235,Kolkata,West Bengal,24-03-2024 2.54
2519,87.364456,-77.45596,Pune,Maharashtra,12-11-2023 14.56
2520,14.717939,-122.679357,Ahmedabad,Gujarat,10-04-2025 23.21
2521,6.438422,81.189603,Mumbai,Maharashtra,15-12-2022 4.09
2522,79.863612,55.140733,Delhi,Delhi,26-05-2023 15.59
2523,-52.43435,-160.834625,Bangalore,Karnataka,01-06-2023 7.16
2524,-83.191241,138.335152,Hyderabad,Telangana,10-08-2023 19.37
2525,41.327363,28.71798,Chennai,Tamil Nadu,11-11-2022 4.47
2526,55.103334,165.426847,Kolkata,West Bengal,26-11-2023 9.17
2527,44.132943,106.656878,Pune,Maharashtra,03-07-2024 7.38
2528,-85.59275,-160.112861,Ahmedabad,Gujarat,14-01-2024 9.42
2529,-74.9529975,1.311292,Mumbai,Maharashtra,10-10-2022 20.29
2530,18.852686,-116.548777,Delhi,Delhi,30-06-2023 4.11
2531,85.5165055,178.262775,Bangalore,Karnataka,25-10-2024 23.33
2532,33.0428565,108.064207,Hyderabad,Telangana,24-03-2023 17.38
2533,65.51693,-54.916777,Chennai,Tamil Nadu,25-11-2022 5.51
2534,-80.1007265,-103.984193,Kolkata,West Bengal,02-09-2024 19.34
2535,85.511564,-169.765627,Pune,Maharashtra,06-08-2024 8.35
2536,75.992993,-155.410402,Ahmedabad,Gujarat,17-08-2023 8.06
2537,84.157278,-109.918087,Mumbai,Maharashtra,27-08-2022 15.49
2538,-43.7622595,159.657533,Delhi,Delhi,21-10-2022 22.49
2539,-7.499763,-127.766627,Bangalore,Karnataka,14-07-2024 0.02
2540,74.0747015,-88.361833,Hyderabad,Telangana,08-02-2025 11.54
2541,-72.8315095,-122.913872,Chennai,Tamil Nadu,29-01-2023 17.10
2542,43.4509405,139.426062,Kolkata,West Bengal,18-03-2025 16.32
2543,-30.790513,-146.118018,Pune,Maharashtra,16-06-2023 3.15
2544,24.410269,1.109703,Ahmedabad,Gujarat,24-06-2025 4.45
2545,17.9133645,-5.927689,Mumbai,Maharashtra,09-02-2023 0.05
2546,64.609966,113.06967,Delhi,Delhi,06-03-2023 16.15
2547,-3.673873,-65.522032,Bangalore,Karnataka,15-10-2022 3.50
2548,69.20511,-86.881001,Hyderabad,Telangana,08-01-2024 12.44
2549,-73.0290025,-115.175257,Chennai,Tamil Nadu,04-10-2023 19.44
2550,-52.0870345,42.884283,Kolkata,West Bengal,23-04-2023 9.38
2551,9.301615,117.108513,Pune,Maharashtra,18-04-2023 16.07
2552,27.752222,-49.1943,Ahmedabad,Gujarat,25-01-2025 10.15
2553,-79.0749725,-108.397054,Mumbai,Maharashtra,07-01-2023 15.19
2554,79.7034495,148.80203,Delhi,Delhi,11-03-2024 15.25
2555,-47.6533235,-171.608536,Bangalore,Karnataka,30-08-2024 19.42
2556,-68.33119,-176.591096,Hyderabad,Telangana,16-08-2022 13.34
2557,-41.8392285,-132.142663,Chennai,Tamil Nadu,13-05-2025 19.28
2558,69.378323,-27.672786,Kolkata,West Bengal,12-05-2024 22.08
2559,37.778624,-111.87515,Pune,Maharashtra,21-06-2023 14.27
2560,-51.5901445,163.503811,Ahmedabad,Gujarat,30-09-2023 5.59
2561,50.4150605,61.81693,Mumbai,Maharashtra,06-05-2024 9.53
2562,-25.7758095,-86.289755,Delhi,Delhi,10-03-2025 18.45
2563,-79.901133,140.121078,Bangalore,Karnataka,11-05-2023 23.09
2564,44.187564,148.591743,Hyderabad,Telangana,20-12-2022 1.55
2565,78.360476,-18.294608,Chennai,Tamil Nadu,27-01-2024 17.10
2566,22.416977,-177.546477,Kolkata,West Bengal,18-12-2024 17.12
2567,-26.7461355,-76.972933,Pune,Maharashtra,03-02-2023 21.15
2568,52.3242145,-128.630124,Ahmedabad,Gujarat,23-03-2025 19.17
2569,7.147141,109.761485,Mumbai,Maharashtra,01-10-2024 18.44
2570,-31.1385115,69.224071,Delhi,Delhi,04-04-2025 12.31
2571,86.986787,-68.27249,Bangalore,Karnataka,08-10-2023 18.10
2572,-75.754393,-75.997908,Hyderabad,Telangana,27-01-2023 9.13
2573,-49.944756,74.698453,Chennai,Tamil Nadu,16-09-2024 4.56
2574,-42.668435,-94.229722,Kolkata,West Bengal,11-06-2025 8.58
2575,-78.4262435,-150.994148,Pune,Maharashtra,03-05-2025 2.24
2576,7.762333,-26.957151,Ahmedabad,Gujarat,26-06-2023 22.19
2577,26.6812815,-45.040433,Mumbai,Maharashtra,06-01-2024 15.39
2578,75.5761835,63.281782,Delhi,Delhi,11-10-2022 15.14
2579,-61.9696755,-151.837592,Bangalore,Karnataka,17-11-2024 2.30
2580,-42.78553,-95.149909,Hyderabad,Telangana,19-09-2022 11.52
2581,40.2076765,96.436828,Chennai,Tamil Nadu,01-02-2023 15.28
2582,-70.9788,-53.674367,Kolkata,West Bengal,26-06-2024 8.22
2583,69.1034835,131.257232,Pune,Maharashtra,24-12-2023 17.22
2584,22.492246,-73.296158,Ahmedabad,Gujarat,21-06-2025 19.08
2585,-2.57461,-56.485743,Mumbai,Maharashtra,23-01-2023 10.18
2586,-2.454548,-57.710436,Delhi,Delhi,04-01-2023 16.20
2587,-26.3490245,41.510496,Bangalore,Karnataka,11-06-2023 23.08
2588,10.8062075,-61.532581,Hyderabad,Telangana,27-11-2022 13.38
2589,36.430484,134.119013,Chennai,Tamil Nadu,26-08-2024 20.16
2590,-75.4133905,54.003274,Kolkata,West Bengal,18-03-2023 12.03
2591,-31.9736065,147.187147,Pune,Maharashtra,12-07-2024 3.32
2592,-42.2021775,27.946375,Ahmedabad,Gujarat,07-03-2024 12.47
2593,-53.384165,65.747394,Mumbai,Maharashtra,02-06-2023 22.52
2594,79.6568775,12.516639,Delhi,Delhi,28-09-2023 7.11
2595,-35.719427,0.33029,Bangalore,Karnataka,18-02-2023 23.02
2596,-81.3846725,125.300146,Hyderabad,Telangana,06-11-2022 0.13
2597,-14.675895,-106.716315,Chennai,Tamil Nadu,24-01-2023 22.42
2598,34.9659105,66.197685,Kolkata,West Bengal,16-05-2024 0.45
2599,-44.043497,4.455964,Pune,Maharashtra,12-07-2023 20.59
2600,-10.768185,144.074602,Ahmedabad,Gujarat,05-04-2023 21.44
2601,81.2616095,148.311643,Mumbai,Maharashtra,26-04-2023 7.54
2602,65.1882935,116.758422,Delhi,Delhi,28-07-2023 4.10
2603,-66.787224,41.027682,Bangalore,Karnataka,23-10-2024 21.12
2604,41.3222205,-63.798261,Hyderabad,Telangana,09-02-2025 7.59
2605,37.1012335,68.443948,Chennai,Tamil Nadu,13-10-2023 0.29
2606,-86.106651,49.840002,Kolkata,West Bengal,23-08-2023 12.11
2607,-23.4732535,-4.284327,Pune,Maharashtra,09-06-2024 22.12
2608,65.5494965,-60.596361,Ahmedabad,Gujarat,09-02-2025 15.05
2609,-50.011251,128.003263,Mumbai,Maharashtra,13-08-2022 5.33
2610,22.1447775,-156.257314,Delhi,Delhi,06-10-2022 13.44
2611,36.339853,90.699082,Bangalore,Karnataka,26-09-2022 13.42
2612,24.2723415,105.143807,Hyderabad,Telangana,08-04-2024 21.34
2613,38.652883,-127.387078,Chennai,Tamil Nadu,08-07-2024 4.29
2614,42.9520665,-50.876374,Kolkata,West Bengal,12-12-2022 10.07
2615,59.917702,-173.330458,Pune,Maharashtra,17-07-2025 3.07
2616,19.1507095,-62.958658,Ahmedabad,Gujarat,27-02-2023 12.06
2617,6.2087925,-21.198724,Mumbai,Maharashtra,11-08-2023 17.08
2618,83.8495905,-131.289966,Delhi,Delhi,30-08-2022 2.10
2619,38.7907545,179.185758,Bangalore,Karnataka,21-11-2023 21.22
2620,-46.566384,66.575595,Hyderabad,Telangana,07-01-2025 9.35
2621,66.6750695,-166.893117,Chennai,Tamil Nadu,11-07-2024 21.56
2622,34.489799,-105.576854,Kolkata,West Bengal,01-08-2025 15.01
2623,18.8130975,-80.708016,Pune,Maharashtra,02-03-2024 18.31
2624,78.258285,69.266902,Ahmedabad,Gujarat,02-08-2025 19.37
2625,80.0276375,-179.267899,Mumbai,Maharashtra,05-04-2025 19.52
2626,-71.021991,26.630483,Delhi,Delhi,13-07-2025 9.18
2627,-0.6361895,105.035683,Bangalore,Karnataka,25-09-2022 3.55
2628,-10.3847325,48.654529,Hyderabad,Telangana,28-09-2023 10.43
2629,74.4170495,111.217631,Chennai,Tamil Nadu,14-01-2025 22.21
2630,-34.3945545,-136.535447,Kolkata,West Bengal,26-03-2025 4.29
2631,0.112352,-150.573208,Pune,Maharashtra,12-10-2024 23.01
2632,7.707961,-152.31755,Ahmedabad,Gujarat,24-01-2023 17.23
2633,12.7986985,16.275099,Mumbai,Maharashtra,28-07-2024 5.51
2634,76.19737,-158.055758,Delhi,Delhi,24-02-2024 5.43
2635,8.3636095,-85.904029,Bangalore,Karnataka,08-05-2025 5.52
2636,59.99917,-144.026474,Hyderabad,Telangana,23-12-2024 10.49
2637,-35.0478815,-105.693952,Chennai,Tamil Nadu,07-01-2024 15.20
2638,-25.9425205,109.713707,Kolkata,West Bengal,28-01-2023 17.59
2639,84.224918,76.889222,Pune,Maharashtra,22-01-2025 12.40
2640,-33.68386,-58.969311,Ahmedabad,Gujarat,16-12-2023 4.00
2641,4.6803175,-36.463348,Mumbai,Maharashtra,25-09-2024 14.33
2642,23.529172,-31.208729,Delhi,Delhi,28-10-2022 22.40
2643,-72.989465,20.152874,Bangalore,Karnataka,23-01-2024 15.13
2644,31.4430595,81.041083,Hyderabad,Telangana,22-09-2024 7.39
2645,51.3802825,-114.120874,Chennai,Tamil Nadu,04-08-2024 17.13
2646,52.7820205,106.074597,Kolkata,West Bengal,02-11-2023 8.39
2647,31.327023,153.370675,Pune,Maharashtra,28-02-2024 5.43
2648,-72.3832265,-78.878442,Ahmedabad,Gujarat,16-07-2024 15.02
2649,-66.5632355,-136.958843,Mumbai,Maharashtra,03-04-2024 5.57
2650,-42.000567,-25.181096,Delhi,Delhi,02-12-2022 21.03
2651,-60.642577,-91.541811,Bangalore,Karnataka,08-10-2023 0.08
2652,-59.9286315,-100.567778,Hyderabad,Telangana,14-09-2024 8.43
2653,-49.6009825,-70.34081,Chennai,Tamil Nadu,22-10-2024 4.53
2654,78.3831725,-167.818253,Kolkata,West Bengal,03-11-2023 18.23
2655,21.813207,110.680676,Pune,Maharashtra,26-02-2023 10.35
2656,37.2128825,6.133276,Ahmedabad,Gujarat,18-05-2024 23.49
2657,29.1477755,166.112325,Mumbai,Maharashtra,07-09-2022 17.10
2658,-11.746556,-78.498831,Delhi,Delhi,11-11-2022 3.10
2659,-84.084591,-55.269821,Bangalore,Karnataka,20-10-2024 13.06
2660,83.052831,0.322789,Hyderabad,Telangana,05-05-2024 21.13
2661,65.3448355,4.035311,Chennai,Tamil Nadu,20-05-2025 0.46
2662,83.423055,-4.815579,Kolkata,West Bengal,29-08-2024 13.10
2663,69.278125,177.478365,Pune,Maharashtra,22-07-2025 21.12
2664,52.3154135,114.456897,Ahmedabad,Gujarat,27-06-2024 0.36
2665,32.945342,-16.747038,Mumbai,Maharashtra,02-01-2025 12.55
2666,-54.578801,-15.451747,Delhi,Delhi,29-04-2023 3.04
2667,-20.20478,-58.247375,Bangalore,Karnataka,26-08-2024 14.08
2668,9.8317665,-25.302639,Hyderabad,Telangana,17-10-2022 20.25
2669,-50.180732,9.580339,Chennai,Tamil Nadu,21-10-2023 2.46
2670,32.3868465,-90.684508,Kolkata,West Bengal,23-03-2025 8.27
2671,-46.838295,107.395958,Pune,Maharashtra,22-10-2023 11.00
2672,-41.0694495,-85.854669,Ahmedabad,Gujarat,16-07-2025 15.54
2673,88.8735675,-97.598476,Mumbai,Maharashtra,12-04-2023 20.15
2674,-26.1377745,-117.230483,Delhi,Delhi,08-10-2022 6.29
2675,-5.0063985,128.445853,Bangalore,Karnataka,17-02-2023 19.31
2676,28.3501435,-40.194952,Hyderabad,Telangana,01-03-2024 14.37
2677,-40.4745745,-69.858055,Chennai,Tamil Nadu,26-12-2024 3.17
2678,-80.6882195,177.316197,Kolkata,West Bengal,10-12-2023 16.46
2679,2.3007305,-100.573056,Pune,Maharashtra,06-03-2024 15.31
2680,30.374268,109.838669,Ahmedabad,Gujarat,14-04-2023 22.19
2681,53.2486915,-18.101331,Mumbai,Maharashtra,10-02-2023 1.43
2682,-83.309191,37.197747,Delhi,Delhi,19-09-2024 3.51
2683,-50.973811,65.908746,Bangalore,Karnataka,15-12-2023 18.50
2684,-48.1097685,-177.694515,Hyderabad,Telangana,30-11-2024 18.02
2685,46.2065745,-2.14506,Chennai,Tamil Nadu,06-05-2025 19.15
2686,-10.6620565,74.428853,Kolkata,West Bengal,29-10-2023 13.47
2687,64.0088255,178.032625,Pune,Maharashtra,21-03-2023 19.55
2688,61.7281785,57.3536,Ahmedabad,Gujarat,13-01-2024 11.19
2689,-59.850506,77.15109,Mumbai,Maharashtra,06-10-2022 14.34
2690,-52.5738445,115.794394,Delhi,Delhi,02-02-2023 21.42
2691,-7.299813,-166.687967,Bangalore,Karnataka,20-04-2024 6.05
2692,75.7647965,-61.692551,Hyderabad,Telangana,28-06-2024 3.19
2693,5.9371005,-130.349571,Chennai,Tamil Nadu,25-12-2023 8.04
2694,-75.2270205,146.498692,Kolkata,West Bengal,27-04-2025 14.07
2695,-37.61489,133.227368,Pune,Maharashtra,31-10-2024 3.07
2696,-30.3687135,-30.788988,Ahmedabad,Gujarat,05-06-2023 9.03
2697,-83.9471435,-135.123203,Mumbai,Maharashtra,18-11-2024 17.42
2698,29.5767435,-133.089866,Delhi,Delhi,08-10-2024 9.04
2699,15.877282,-75.605432,Bangalore,Karnataka,05-09-2024 6.07
2700,-4.702537,143.825433,Hyderabad,Telangana,02-03-2025 7.11
2701,47.3197245,-149.909667,Chennai,Tamil Nadu,06-06-2025 3.06
2702,6.9226135,33.437327,Kolkata,West Bengal,23-03-2023 4.04
2703,24.7938675,18.443577,Pune,Maharashtra,27-03-2024 3.34
2704,10.0811,-173.455118,Ahmedabad,Gujarat,21-10-2023 12.47
2705,2.588815,8.632297,Mumbai,Maharashtra,26-11-2023 22.30
2706,29.608407,121.202306,Delhi,Delhi,19-12-2022 10.09
2707,-32.0997725,58.488988,Bangalore,Karnataka,11-05-2024 23.18
2708,28.7838615,-25.040791,Hyderabad,Telangana,16-04-2023 18.47
2709,23.7715885,42.368596,Chennai,Tamil Nadu,10-03-2023 3.42
2710,67.619948,141.01429,Kolkata,West Bengal,17-12-2022 1.28
2711,-51.442124,-68.446927,Pune,Maharashtra,19-11-2023 9.31
2712,37.4029915,102.018851,Ahmedabad,Gujarat,08-01-2024 9.29
2713,-72.2521815,137.118313,Mumbai,Maharashtra,11-03-2024 2.03
2714,-66.2573445,-176.446524,Delhi,Delhi,02-05-2024 10.02
2715,81.478179,-33.257687,Bangalore,Karnataka,10-05-2024 6.27
2716,-43.0525145,118.400287,Hyderabad,Telangana,23-07-2024 5.19
2717,62.4488775,-106.487856,Chennai,Tamil Nadu,10-06-2023 21.06
2718,-40.0692825,24.960959,Kolkata,West Bengal,29-10-2023 0.13
2719,58.6775205,83.381151,Pune,Maharashtra,09-10-2022 22.48
2720,-8.934399,134.181288,Ahmedabad,Gujarat,20-11-2023 11.00
2721,42.6340885,120.26173,Mumbai,Maharashtra,25-07-2024 6.59
2722,-29.7308115,-165.590379,Delhi,Delhi,09-08-2022 3.28
2723,-48.654506,-38.976347,Bangalore,Karnataka,14-11-2023 15.22
2724,81.9477285,161.750993,Hyderabad,Telangana,08-08-2024 9.51
2725,-56.666511,171.013166,Chennai,Tamil Nadu,04-06-2025 19.18
2726,-12.7740635,43.959338,Kolkata,West Bengal,10-05-2023 23.44
2727,42.039776,166.166764,Pune,Maharashtra,20-08-2023 13.12
2728,-82.3650005,-115.921955,Ahmedabad,Gujarat,09-10-2023 23.39
2729,42.3521615,-144.177381,Mumbai,Maharashtra,20-02-2025 16.32
2730,7.109079,131.957308,Delhi,Delhi,20-08-2024 18.03
2731,61.820272,54.112498,Bangalore,Karnataka,09-09-2023 23.53
2732,78.576404,75.57241,Hyderabad,Telangana,18-07-2025 19.35
2733,-57.8994985,20.361415,Chennai,Tamil Nadu,09-10-2024 12.36
2734,64.4211705,-170.58056,Kolkata,West Bengal,12-09-2023 12.29
2735,-46.286029,132.27338,Pune,Maharashtra,04-11-2022 5.40
2736,-50.771615,-8.37251,Ahmedabad,Gujarat,21-07-2024 13.12
2737,-53.627696,11.869861,Mumbai,Maharashtra,16-04-2023 0.50
2738,-75.802897,-33.611219,Delhi,Delhi,17-02-2024 9.24
2739,22.6124325,161.582579,Bangalore,Karnataka,09-02-2024 8.18
2740,-76.9231925,-24.384637,Hyderabad,Telangana,01-11-2023 10.16
2741,52.1667275,163.031803,Chennai,Tamil Nadu,02-12-2022 16.33
2742,47.939987,-75.946456,Kolkata,West Bengal,06-04-2025 22.54
2743,-40.8098745,-129.261056,Pune,Maharashtra,20-02-2025 11.44
2744,-45.134794,111.903337,Ahmedabad,Gujarat,19-12-2023 11.54
2745,-5.117909,-18.363033,Mumbai,Maharashtra,01-10-2023 0.58
2746,7.3139415,-128.549831,Delhi,Delhi,12-11-2024 12.53
2747,65.7050845,8.779577,Bangalore,Karnataka,16-03-2023 14.25
2748,-86.5378085,-106.475827,Hyderabad,Telangana,18-10-2024 7.03
2749,-14.4574945,20.26047,Chennai,Tamil Nadu,27-08-2024 14.35
2750,20.593932,2.704198,Kolkata,West Bengal,15-04-2023 14.25
2751,-62.5074155,-63.028597,Pune,Maharashtra,02-04-2023 10.28
2752,45.125816,-61.290593,Ahmedabad,Gujarat,25-05-2023 0.56
2753,59.962866,149.33184,Mumbai,Maharashtra,11-07-2025 16.22
2754,51.1038555,105.666679,Delhi,Delhi,08-12-2024 11.13
2755,-59.4072875,44.061066,Bangalore,Karnataka,20-07-2024 16.36
2756,-69.4914435,-117.419293,Hyderabad,Telangana,25-02-2023 4.56
2757,-85.334753,77.439391,Chennai,Tamil Nadu,28-01-2024 6.27
2758,-6.3626345,14.652516,Kolkata,West Bengal,09-03-2023 7.04
2759,28.631802,140.860171,Pune,Maharashtra,25-10-2024 23.37
2760,1.817041,-87.546987,Ahmedabad,Gujarat,21-11-2023 15.42
2761,-82.2799215,-116.328779,Mumbai,Maharashtra,16-07-2023 18.21
2762,-55.448471,-103.571414,Delhi,Delhi,09-07-2025 4.30
2763,-29.1793885,-14.950676,Bangalore,Karnataka,16-02-2023 1.25
2764,-33.671234,-110.089611,Hyderabad,Telangana,05-12-2022 10.51
2765,24.0327435,-120.019604,Chennai,Tamil Nadu,04-12-2022 2.25
2766,-84.9516935,79.982366,Kolkata,West Bengal,05-06-2024 6.19
2767,-78.586946,-74.584864,Pune,Maharashtra,19-01-2023 19.58
2768,-81.1972735,174.221436,Ahmedabad,Gujarat,11-10-2024 0.08
2769,69.2295165,-148.182218,Mumbai,Maharashtra,03-08-2024 0.54
2770,-58.0770615,-44.164962,Delhi,Delhi,11-10-2022 13.54
2771,-72.216859,-18.055142,Bangalore,Karnataka,07-06-2025 9.40
2772,-87.2425255,-128.190026,Hyderabad,Telangana,13-02-2023 15.36
2773,71.5423025,-69.72608,Chennai,Tamil Nadu,03-02-2025 3.40
2774,-36.306352,-80.796013,Kolkata,West Bengal,12-06-2025 2.03
2775,4.3641,-164.291631,Pune,Maharashtra,24-12-2022 8.44
2776,-50.9273465,-31.085078,Ahmedabad,Gujarat,21-01-2025 22.56
2777,3.37166,9.087693,Mumbai,Maharashtra,11-04-2023 18.15
2778,44.388027,149.078479,Delhi,Delhi,16-08-2023 0.02
2779,45.535539,126.142776,Bangalore,Karnataka,19-11-2022 12.02
2780,-63.396521,130.383154,Hyderabad,Telangana,27-08-2022 1.37
2781,51.9590695,-63.500047,Chennai,Tamil Nadu,29-05-2023 21.39
2782,-14.339644,-87.779828,Kolkata,West Bengal,16-11-2024 17.46
2783,-88.8379635,-127.01851,Pune,Maharashtra,03-07-2023 19.19
2784,45.3438875,74.860947,Ahmedabad,Gujarat,25-02-2024 14.58
2785,68.210642,-80.611355,Mumbai,Maharashtra,18-06-2024 8.10
2786,-61.1902975,-82.907684,Delhi,Delhi,07-02-2024 12.59
2787,11.90214,47.682576,Bangalore,Karnataka,04-07-2023 4.57
2788,48.043202,-57.832761,Hyderabad,Telangana,29-04-2024 11.51
2789,-59.7082735,-11.272062,Chennai,Tamil Nadu,13-02-2023 8.58
2790,35.064534,-120.774461,Kolkata,West Bengal,20-10-2024 17.05
2791,-53.516302,86.189196,Pune,Maharashtra,17-02-2024 12.38
2792,-12.6177725,119.10803,Ahmedabad,Gujarat,07-10-2022 10.14
2793,-67.9217355,-3.844381,Mumbai,Maharashtra,10-09-2024 7.11
2794,-58.93595,26.57779,Delhi,Delhi,19-10-2023 22.03
2795,32.6604445,142.331662,Bangalore,Karnataka,03-12-2023 0.42
2796,29.173496,-58.735127,Hyderabad,Telangana,12-12-2024 19.43
2797,19.328988,-23.991048,Chennai,Tamil Nadu,31-05-2024 3.49
2798,-39.3234175,-142.62887,Kolkata,West Bengal,13-08-2024 6.46
2799,8.634298,-83.740501,Pune,Maharashtra,25-08-2022 4.56
2800,41.975855,-123.536274,Ahmedabad,Gujarat,12-04-2024 1.59
2801,27.590393,100.602224,Mumbai,Maharashtra,24-05-2025 8.42
2802,-67.181399,-115.995408,Delhi,Delhi,16-03-2023 1.22
2803,15.9813945,35.083526,Bangalore,Karnataka,20-07-2025 1.06
2804,68.5264995,-125.388336,Hyderabad,Telangana,24-04-2023 10.42
2805,-72.6294305,15.265312,Chennai,Tamil Nadu,10-06-2023 14.43
2806,0.900741,-72.484355,Kolkata,West Bengal,14-02-2025 13.59
2807,18.525511,-114.092563,Pune,Maharashtra,02-08-2023 2.15
2808,24.0056665,87.9577,Ahmedabad,Gujarat,12-10-2023 0.10
2809,66.2075905,138.713402,Mumbai,Maharashtra,03-10-2023 9.24
2810,82.8271145,34.874812,Delhi,Delhi,09-02-2024 12.31
2811,37.7286445,177.919494,Bangalore,Karnataka,27-02-2025 7.53
2812,18.567001,80.131596,Hyderabad,Telangana,07-10-2024 19.09
2813,-15.1358655,-100.879136,Chennai,Tamil Nadu,11-07-2024 14.15
2814,-60.999127,-114.399712,Kolkata,West Bengal,29-08-2023 18.38
2815,41.3565765,86.971831,Pune,Maharashtra,29-07-2023 21.54
2816,78.6770635,-107.732676,Ahmedabad,Gujarat,20-09-2022 12.25
2817,-63.2629195,-151.625074,Mumbai,Maharashtra,19-11-2022 8.00
2818,43.71707,-165.639304,Delhi,Delhi,10-05-2023 13.25
2819,12.7122585,144.58352,Bangalore,Karnataka,25-06-2025 10.49
2820,-2.2334475,-98.000133,Hyderabad,Telangana,18-11-2023 15.41
2821,76.95793,154.595466,Chennai,Tamil Nadu,01-01-2023 23.49
2822,-69.4600555,174.914946,Kolkata,West Bengal,21-10-2024 1.21
2823,42.1205785,70.193566,Pune,Maharashtra,15-06-2023 0.48
2824,-11.197302,175.458598,Ahmedabad,Gujarat,16-09-2024 19.16
2825,41.600578,91.00962,Mumbai,Maharashtra,15-09-2023 19.50
2826,55.609623,4.477244,Delhi,Delhi,22-11-2024 0.37
2827,56.732199,-170.513283,Bangalore,Karnataka,23-09-2022 10.19
2828,25.5363395,-116.040363,Hyderabad,Telangana,23-03-2024 7.00
2829,30.8269645,-11.12232,Chennai,Tamil Nadu,11-03-2024 23.05
2830,28.79776,66.776067,Kolkata,West Bengal,30-09-2022 5.43
2831,-81.1792645,-85.044087,Pune,Maharashtra,17-12-2024 2.17
2832,87.009299,-17.304186,Ahmedabad,Gujarat,17-04-2023 7.59
2833,41.9305525,51.220164,Mumbai,Maharashtra,02-03-2023 6.20
2834,-6.1247445,28.885998,Delhi,Delhi,31-08-2024 13.53
2835,-60.637995,125.401822,Bangalore,Karnataka,18-06-2025 22.59
2836,41.6820095,174.376992,Hyderabad,Telangana,12-12-2024 14.48
2837,54.792041,127.203028,Chennai,Tamil Nadu,04-08-2024 4.20
2838,37.7514015,121.858575,Kolkata,West Bengal,05-04-2023 3.56
2839,46.012232,-150.076357,Pune,Maharashtra,04-04-2024 8.08
2840,-19.2965205,85.585276,Ahmedabad,Gujarat,08-02-2025 12.00
2841,11.4142985,151.216967,Mumbai,Maharashtra,21-06-2025 5.32
2842,4.694303,-27.29376,Delhi,Delhi,16-12-2023 4.42
2843,-73.5116265,-164.888704,Bangalore,Karnataka,07-02-2025 14.19
2844,-77.8886065,-111.174191,Hyderabad,Telangana,25-02-2024 13.00
2845,3.650898,133.514887,Chennai,Tamil Nadu,16-09-2022 3.08
2846,77.81323,3.210701,Kolkata,West Bengal,18-03-2024 13.03
2847,-63.867795,49.86031,Pune,Maharashtra,23-01-2024 12.06
2848,5.9297265,41.153021,Ahmedabad,Gujarat,02-02-2024 0.31
2849,-74.847022,175.000524,Mumbai,Maharashtra,19-08-2023 17.45
2850,-23.531642,-54.038227,Delhi,Delhi,08-05-2025 2.31
2851,-6.2214205,138.113017,Bangalore,Karnataka,15-12-2022 7.06
2852,-72.4174145,-16.301371,Hyderabad,Telangana,30-01-2023 4.03
2853,0.6222685,-88.850461,Chennai,Tamil Nadu,04-09-2022 23.10
2854,54.530162,-4.917354,Kolkata,West Bengal,02-10-2022 9.47
2855,33.724421,173.136389,Pune,Maharashtra,22-05-2024 15.11
2856,62.4846,96.359575,Ahmedabad,Gujarat,20-05-2024 14.42
2857,-18.430038,-169.046614,Mumbai,Maharashtra,21-07-2025 11.27
2858,36.0841065,135.674318,Delhi,Delhi,08-09-2022 21.17
2859,-5.036332,22.796327,Bangalore,Karnataka,07-01-2025 8.34
2860,14.77057,-6.901346,Hyderabad,Telangana,10-01-2025 18.02
2861,-63.766966,82.185539,Chennai,Tamil Nadu,07-01-2023 18.38
2862,-34.7269065,0.371156,Kolkata,West Bengal,14-09-2024 23.44
2863,44.960897,178.300967,Pune,Maharashtra,14-01-2024 19.11
2864,-45.2713465,150.0832,Ahmedabad,Gujarat,13-11-2023 15.11
2865,7.531808,54.070958,Mumbai,Maharashtra,14-06-2023 18.21
2866,43.3994595,161.151506,Delhi,Delhi,30-11-2022 8.25
2867,53.836851,-65.066619,Bangalore,Karnataka,25-10-2023 17.38
2868,-18.8229695,-154.481796,Hyderabad,Telangana,10-11-2023 5.09
2869,63.9532885,35.83679,Chennai,Tamil Nadu,22-07-2023 5.53
2870,77.657346,-130.630514,Kolkata,West Bengal,19-01-2025 12.51
2871,-64.57014,137.754919,Pune,Maharashtra,10-01-2024 14.29
2872,-16.6191595,-143.884815,Ahmedabad,Gujarat,01-01-2025 6.13
2873,52.556314,75.157763,Mumbai,Maharashtra,29-05-2024 19.54
2874,-33.6985725,6.464117,Delhi,Delhi,02-12-2022 10.24
2875,84.8955815,-17.94712,Bangalore,Karnataka,27-09-2024 6.34
2876,-9.4937845,52.417047,Hyderabad,Telangana,31-05-2025 23.42
2877,54.9410745,-11.769907,Chennai,Tamil Nadu,12-06-2023 3.39
2878,21.216635,35.983682,Kolkata,West Bengal,30-08-2023 16.04
2879,77.762462,96.686749,Pune,Maharashtra,09-07-2024 9.50
2880,56.985186,-83.040659,Ahmedabad,Gujarat,03-09-2022 5.49
2881,78.535572,97.145711,Mumbai,Maharashtra,22-05-2023 2.55
2882,64.8451935,88.00791,Delhi,Delhi,02-07-2023 3.42
2883,87.383816,70.877263,Bangalore,Karnataka,25-09-2023 13.37
2884,81.242053,106.001514,Hyderabad,Telangana,16-03-2025 19.34
2885,26.427029,123.93145,Chennai,Tamil Nadu,04-04-2025 23.30
2886,-73.92564,100.391349,Kolkata,West Bengal,13-06-2023 0.57
2887,7.784236,68.295648,Pune,Maharashtra,22-03-2023 20.32
2888,-25.4751095,-99.215611,Ahmedabad,Gujarat,04-07-2025 22.20
2889,-9.3953625,53.747574,Mumbai,Maharashtra,03-05-2024 15.51
2890,-4.4621895,-145.410735,Delhi,Delhi,16-04-2025 2.46
2891,-35.3578055,41.42617,Bangalore,Karnataka,24-09-2023 0.17
2892,-12.9470525,166.841511,Hyderabad,Telangana,11-04-2023 19.16
2893,-21.160631,142.784119,Chennai,Tamil Nadu,07-08-2023 3.48
2894,18.9488095,-51.965185,Kolkata,West Bengal,28-01-2023 18.01
2895,-49.744815,-76.965876,Pune,Maharashtra,17-09-2022 9.08
2896,-24.0758475,-13.279801,Ahmedabad,Gujarat,26-07-2024 9.22
2897,40.293833,120.553763,Mumbai,Maharashtra,12-06-2024 20.27
2898,23.284896,167.313629,Delhi,Delhi,01-10-2022 19.51
2899,-35.778586,-94.445063,Bangalore,Karnataka,02-10-2023 23.41
2900,-53.377182,-164.354577,Hyderabad,Telangana,10-09-2023 17.59
2901,-15.4361495,173.621147,Chennai,Tamil Nadu,07-12-2024 20.03
2902,-42.7593265,165.902609,Kolkata,West Bengal,09-10-2022 22.47
2903,40.4172095,-169.311575,Pune,Maharashtra,30-10-2022 7.00
2904,-67.470335,-11.47366,Ahmedabad,Gujarat,24-02-2025 21.30
2905,-10.0118245,-145.864837,Mumbai,Maharashtra,28-04-2024 14.33
2906,7.558637,172.955364,Delhi,Delhi,23-12-2022 15.06
2907,16.540703,-104.537341,Bangalore,Karnataka,07-08-2023 0.30
2908,-59.953385,126.538998,Hyderabad,Telangana,20-09-2024 10.52
2909,-57.6152445,100.223831,Chennai,Tamil Nadu,02-06-2025 4.03
2910,65.8052365,101.99689,Kolkata,West Bengal,31-08-2023 12.20
2911,43.265077,-131.548052,Pune,Maharashtra,10-08-2023 4.23
2912,71.0133095,-114.353127,Ahmedabad,Gujarat,05-12-2023 5.02
2913,-1.607987,133.707748,Mumbai,Maharashtra,02-04-2024 2.39
2914,-26.665855,47.026066,Delhi,Delhi,10-07-2023 0.11
2915,-51.270694,-122.654663,Bangalore,Karnataka,04-05-2023 10.28
2916,-32.525651,-32.603523,Hyderabad,Telangana,18-06-2024 1.04
2917,19.6224795,-43.470549,Chennai,Tamil Nadu,06-02-2025 1.41
2918,-74.98764,83.259258,Kolkata,West Bengal,11-11-2024 1.27
2919,10.5841025,-119.354337,Pune,Maharashtra,09-12-2023 23.51
2920,56.497316,47.515862,Ahmedabad,Gujarat,12-08-2024 0.05
2921,-23.8718155,-30.892821,Mumbai,Maharashtra,18-03-2023 10.56
2922,7.441537,75.132749,Delhi,Delhi,27-02-2024 14.33
2923,-7.27587,-168.685872,Bangalore,Karnataka,03-05-2025 22.25
2924,72.6221555,-161.311831,Hyderabad,Telangana,30-05-2025 1.43
2925,-75.3240045,-51.325018,Chennai,Tamil Nadu,02-09-2023 8.08
2926,58.371767,26.528987,Kolkata,West Bengal,28-11-2023 18.36
2927,81.5165805,14.806345,Pune,Maharashtra,04-07-2025 20.09
2928,-57.236442,107.177989,Ahmedabad,Gujarat,07-08-2023 13.12
2929,28.7565975,28.55879,Mumbai,Maharashtra,17-08-2022 13.31
2930,15.4885755,-42.811394,Delhi,Delhi,15-11-2023 18.10
2931,-65.773613,-53.58813,Bangalore,Karnataka,10-11-2023 8.58
2932,-33.524807,-93.978662,Hyderabad,Telangana,17-06-2024 1.36
2933,79.4774505,-9.712947,Chennai,Tamil Nadu,02-05-2025 10.19
2934,19.0623235,-161.809911,Kolkata,West Bengal,05-10-2023 1.04
2935,-68.499781,83.975056,Pune,Maharashtra,06-08-2024 3.48
2936,20.853459,-1.371124,Ahmedabad,Gujarat,22-05-2024 11.11
2937,-63.0502705,-93.916321,Mumbai,Maharashtra,25-07-2025 9.33
2938,-19.94638,91.836274,Delhi,Delhi,16-11-2022 10.36
2939,4.450718,45.953146,Bangalore,Karnataka,25-02-2025 16.45
2940,57.029542,-4.567581,Hyderabad,Telangana,09-07-2024 11.04
2941,-82.658052,-152.02966,Chennai,Tamil Nadu,27-04-2025 16.21
2942,82.2261795,-81.355543,Kolkata,West Bengal,10-04-2025 6.10
2943,29.025615,164.187303,Pune,Maharashtra,04-03-2023 18.08
2944,-89.174345,35.103692,Ahmedabad,Gujarat,12-06-2023 3.35
2945,78.656997,-15.960416,Mumbai,Maharashtra,05-12-2023 16.38
2946,64.567645,-135.852003,Delhi,Delhi,24-01-2023 12.13
2947,-47.6348605,-45.995106,Bangalore,Karnataka,15-10-2024 11.45
2948,84.26308,-110.156879,Hyderabad,Telangana,13-02-2025 2.46
2949,20.143416,-8.523897,Chennai,Tamil Nadu,06-07-2024 17.00
2950,38.410254,-108.322471,Kolkata,West Bengal,14-09-2023 7.06
2951,-43.43208,138.375409,Pune,Maharashtra,27-12-2023 5.20
2952,-14.3556045,-73.343227,Ahmedabad,Gujarat,14-12-2022 10.52
2953,21.2655375,17.353515,Mumbai,Maharashtra,14-05-2023 21.34
2954,15.6277885,22.572146,Delhi,Delhi,07-01-2025 9.57
2955,-29.7396935,-168.868178,Bangalore,Karnataka,10-09-2022 0.38
2956,59.9292505,167.412757,Hyderabad,Telangana,13-03-2025 1.22
2957,78.2090005,-57.213734,Chennai,Tamil Nadu,21-12-2022 13.32
2958,34.1312355,-73.556642,Kolkata,West Bengal,16-09-2023 0.14
2959,-44.699917,-153.272975,Pune,Maharashtra,19-04-2024 7.54
2960,75.8941985,50.26574,Ahmedabad,Gujarat,23-02-2025 0.30
2961,-20.164427,-99.871369,Mumbai,Maharashtra,21-12-2022 16.41
2962,8.762814,-88.665975,Delhi,Delhi,02-01-2025 12.35
2963,-58.498959,-172.422118,Bangalore,Karnataka,30-10-2024 4.54
2964,26.812033,63.582554,Hyderabad,Telangana,16-06-2025 18.15
2965,42.64712,-116.374168,Chennai,Tamil Nadu,20-07-2023 1.37
2966,-35.4685805,-77.702381,Kolkata,West Bengal,22-09-2023 21.00
2967,-12.700797,85.304511,Pune,Maharashtra,20-03-2024 20.59
2968,-55.0498835,51.557035,Ahmedabad,Gujarat,22-06-2023 7.04
2969,71.083497,-64.268568,Mumbai,Maharashtra,18-10-2023 22.02
2970,-39.1682115,44.589742,Delhi,Delhi,12-05-2023 12.55
2971,19.6623525,-101.647528,Bangalore,Karnataka,19-09-2022 0.59
2972,-12.1019215,-39.447482,Hyderabad,Telangana,06-08-2023 3.47
2973,75.807276,62.116266,Chennai,Tamil Nadu,26-08-2023 2.12
2974,9.2238745,132.943704,Kolkata,West Bengal,03-07-2025 7.34
2975,83.7409755,65.974985,Pune,Maharashtra,16-12-2022 12.49
2976,-87.229682,71.728896,Ahmedabad,Gujarat,28-02-2023 6.29
2977,-3.2293185,33.435561,Mumbai,Maharashtra,07-07-2025 7.57
2978,-33.0332555,25.887554,Delhi,Delhi,23-05-2024 21.40
2979,70.3085645,-42.439931,Bangalore,Karnataka,26-11-2022 19.57
2980,-64.4236255,119.037084,Hyderabad,Telangana,04-11-2022 14.41
2981,-76.011128,-1.295786,Chennai,Tamil Nadu,05-08-2023 3.46
2982,36.4149585,10.214265,Kolkata,West Bengal,04-03-2025 7.31
2983,70.5866975,-155.566,Pune,Maharashtra,13-08-2022 16.07
2984,-21.909499,90.873921,Ahmedabad,Gujarat,24-03-2025 22.46
2985,12.2571785,-17.592603,Mumbai,Maharashtra,09-04-2024 11.36
2986,9.563036,-109.00513,Delhi,Delhi,21-12-2024 14.10
2987,-78.960596,131.646536,Bangalore,Karnataka,10-05-2023 23.43
2988,-20.128491,-88.80362,Hyderabad,Telangana,25-09-2024 21.17
2989,42.2956835,2.094122,Chennai,Tamil Nadu,01-08-2024 11.43
2990,-54.5881195,-131.870606,Kolkata,West Bengal,11-12-2023 6.42
2991,52.3845545,52.427341,Pune,Maharashtra,13-03-2023 14.46
2992,-20.097794,-117.270898,Ahmedabad,Gujarat,04-12-2023 23.47
2993,-78.1453115,-111.349516,Mumbai,Maharashtra,18-09-2024 20.10
2994,-14.569464,13.591467,Delhi,Delhi,03-06-2024 11.01
2995,-14.052763,-38.686779,Bangalore,Karnataka,14-03-2025 11.59
2996,-19.198018,97.547597,Hyderabad,Telangana,04-12-2023 14.07
2997,26.9775595,-91.424986,Chennai,Tamil Nadu,08-12-2023 12.32
2998,41.875569,-98.790358,Kolkata,West Bengal,15-12-2024 13.18
2999,86.4746965,161.80004,Pune,Maharashtra,18-06-2024 20.15
3000,-75.7132765,-78.57437,Ahmedabad,Gujarat,24-03-2023 5.14
3001,-75.3522375,-56.59456,Mumbai,Maharashtra,16-05-2023 20.15
3002,-80.373301,72.462221,Delhi,Delhi,13-09-2023 14.06
3003,-46.0960515,70.790033,Bangalore,Karnataka,13-06-2024 7.32
3004,-58.855033,85.7032,Hyderabad,Telangana,07-10-2022 17.04
3005,28.5195385,11.405277,Chennai,Tamil Nadu,23-12-2024 14.25
3006,40.2447525,65.757871,Kolkata,West Bengal,09-09-2024 4.11
3007,-59.80346,-100.514269,Pune,Maharashtra,13-02-2023 10.24
3008,3.846191,-129.760757,Ahmedabad,Gujarat,17-06-2023 19.59
3009,-13.733071,-83.011607,Mumbai,Maharashtra,23-04-2023 18.44
3010,46.5632525,-33.546151,Delhi,Delhi,27-12-2024 7.38
3011,88.0096645,134.433163,Bangalore,Karnataka,01-07-2023 6.57
3012,66.644809,-177.785019,Hyderabad,Telangana,30-10-2024 11.31
3013,63.2196865,-83.057837,Chennai,Tamil Nadu,13-05-2024 5.28
3014,-69.3746375,-47.845233,Kolkata,West Bengal,17-09-2024 3.09
3015,-64.685135,-3.553198,Pune,Maharashtra,14-09-2022 16.11
3016,-13.6888335,-114.506611,Ahmedabad,Gujarat,08-04-2024 15.57
3017,10.2762945,136.935564,Mumbai,Maharashtra,17-01-2023 2.49
3018,-3.150839,-97.442421,Delhi,Delhi,19-09-2022 4.46
3019,-68.2397535,67.085806,Bangalore,Karnataka,25-05-2025 21.39
3020,38.810121,63.769197,Hyderabad,Telangana,07-04-2025 11.05
3021,-17.705383,139.010982,Chennai,Tamil Nadu,23-05-2025 12.30
3022,-88.441636,-3.14027,Kolkata,West Bengal,12-10-2022 10.59
3023,86.1400325,154.129587,Pune,Maharashtra,09-07-2024 5.07
3024,-2.7811685,125.564608,Ahmedabad,Gujarat,22-02-2023 5.39
3025,-33.261641,-153.863918,Mumbai,Maharashtra,01-05-2025 5.02
3026,-14.0451115,-6.498975,Delhi,Delhi,30-10-2022 14.44
3027,-71.015147,113.752257,Bangalore,Karnataka,25-02-2025 23.18
3028,12.378849,-130.312056,Hyderabad,Telangana,15-04-2024 22.46
3029,-21.5049605,-84.431179,Chennai,Tamil Nadu,13-08-2023 7.05
3030,17.083537,-132.117392,Kolkata,West Bengal,06-09-2022 4.59
3031,-34.1056335,-92.521886,Pune,Maharashtra,30-03-2024 20.41
3032,18.0174165,-27.026211,Ahmedabad,Gujarat,06-05-2025 16.25
3033,85.574049,-97.249581,Mumbai,Maharashtra,08-02-2023 16.37
3034,-9.8594905,83.520454,Delhi,Delhi,06-06-2024 23.44
3035,-6.7578145,144.0089,Bangalore,Karnataka,25-02-2023 6.58
3036,6.3802085,177.298489,Hyderabad,Telangana,01-01-2023 15.32
3037,8.63844,95.228606,Chennai,Tamil Nadu,11-06-2023 19.59
3038,41.4321825,59.145073,Kolkata,West Bengal,30-03-2024 5.16
3039,37.8933045,-35.86122,Pune,Maharashtra,27-12-2024 0.32
3040,71.152742,47.134289,Ahmedabad,Gujarat,23-12-2022 11.59
3041,23.423736,17.695214,Mumbai,Maharashtra,15-03-2025 22.54
3042,-39.975488,53.058841,Delhi,Delhi,11-04-2025 1.56
3043,24.358094,-130.099209,Bangalore,Karnataka,07-10-2022 3.53
3044,47.799048,3.472866,Hyderabad,Telangana,25-07-2024 9.42
3045,-29.8086615,167.6833,Chennai,Tamil Nadu,06-07-2025 9.00
3046,-48.373796,85.924108,Kolkata,West Bengal,01-11-2024 10.37
3047,78.9961135,167.476484,Pune,Maharashtra,28-10-2024 9.39
3048,-67.4594475,-23.930003,Ahmedabad,Gujarat,01-08-2024 16.43
3049,27.4017295,-137.488881,Mumbai,Maharashtra,16-08-2024 6.53
3050,-9.3637985,-100.217476,Delhi,Delhi,19-02-2023 20.35
3051,-9.359667,-46.505165,Bangalore,Karnataka,25-10-2024 22.32
3052,24.818382,-21.364508,Hyderabad,Telangana,04-01-2025 12.47
3053,-77.18804,115.81283,Chennai,Tamil Nadu,02-12-2022 5.35
3054,-77.894929,95.637321,Kolkata,West Bengal,19-01-2023 13.04
3055,47.0769905,48.12371,Pune,Maharashtra,07-05-2024 22.43
3056,-64.637048,69.460554,Ahmedabad,Gujarat,27-05-2025 22.43
3057,62.599706,-43.96747,Mumbai,Maharashtra,08-02-2024 12.40
3058,-21.5864845,134.374364,Delhi,Delhi,10-12-2022 8.50
3059,45.1423725,-171.265812,Bangalore,Karnataka,29-01-2023 8.04
3060,87.591079,68.506242,Hyderabad,Telangana,11-05-2023 6.26
3061,-41.0888775,30.967367,Chennai,Tamil Nadu,14-10-2022 15.37
3062,-67.64186,43.473354,Kolkata,West Bengal,03-08-2025 13.23
3063,-10.100854,-11.451334,Pune,Maharashtra,02-02-2025 12.57
3064,32.137635,179.843026,Ahmedabad,Gujarat,04-07-2024 7.31
3065,77.452827,-37.689272,Mumbai,Maharashtra,17-01-2024 14.07
3066,-39.751101,-66.68353,Delhi,Delhi,19-05-2023 20.48
3067,-69.0028375,144.298416,Bangalore,Karnataka,12-09-2023 4.18
3068,-61.457081,52.894021,Hyderabad,Telangana,12-11-2024 11.13
3069,-85.190919,-176.860877,Chennai,Tamil Nadu,09-04-2024 20.27
3070,-58.6794165,-172.857147,Kolkata,West Bengal,29-04-2023 3.00
3071,86.0402335,76.15178,Pune,Maharashtra,20-07-2024 4.22
3072,18.740946,173.109175,Ahmedabad,Gujarat,25-02-2025 8.14
3073,40.6535745,-17.435498,Mumbai,Maharashtra,23-03-2025 3.34
3074,75.5561795,13.664791,Delhi,Delhi,13-07-2025 6.00
3075,16.031263,-17.512443,Bangalore,Karnataka,19-12-2022 11.31
3076,-56.4215445,-107.46125,Hyderabad,Telangana,26-08-2022 21.34
3077,-38.7819555,-119.917434,Chennai,Tamil Nadu,30-08-2022 0.29
3078,-39.4747835,-165.603645,Kolkata,West Bengal,26-06-2023 8.53
3079,39.148913,168.226941,Pune,Maharashtra,18-03-2023 19.59
3080,84.4132065,-50.195236,Ahmedabad,Gujarat,12-06-2024 7.37
3081,78.056473,109.149297,Mumbai,Maharashtra,28-05-2023 22.03
3082,-66.889439,-18.44595,Delhi,Delhi,25-07-2024 6.00
3083,-50.2270875,74.470955,Bangalore,Karnataka,21-05-2024 17.02
3084,-84.14359,-117.476647,Hyderabad,Telangana,20-04-2023 9.06
3085,-49.0844675,59.050332,Chennai,Tamil Nadu,27-08-2024 20.06
3086,36.5644185,-169.462419,Kolkata,West Bengal,03-07-2024 15.25
3087,67.09548,-49.739198,Pune,Maharashtra,14-06-2023 2.41
3088,-10.8567965,125.710649,Ahmedabad,Gujarat,04-04-2024 21.07
3089,-76.330681,-0.765614,Mumbai,Maharashtra,17-08-2022 13.49
3090,-62.441472,158.448727,Delhi,Delhi,06-06-2024 2.28
3091,21.5848345,86.128635,Bangalore,Karnataka,20-01-2025 6.18
3092,69.9444615,117.589974,Hyderabad,Telangana,31-10-2023 1.06
3093,-80.063267,81.722699,Chennai,Tamil Nadu,17-04-2024 5.24
3094,40.4867325,95.605752,Kolkata,West Bengal,08-02-2025 11.47
3095,74.147016,81.940121,Pune,Maharashtra,31-07-2023 14.19
3096,-73.7047105,103.633632,Ahmedabad,Gujarat,03-09-2022 21.21
3097,23.2809825,129.454194,Mumbai,Maharashtra,08-12-2023 23.59
3098,58.5134435,-145.903023,Delhi,Delhi,25-09-2023 10.22
3099,84.0267835,43.948965,Bangalore,Karnataka,09-08-2024 15.34
3100,-58.60896,85.637714,Hyderabad,Telangana,29-03-2025 16.03
3101,83.457573,6.167566,Chennai,Tamil Nadu,01-07-2024 19.01
3102,27.0996005,-168.829366,Kolkata,West Bengal,12-04-2023 23.11
3103,-12.687695,-76.812713,Pune,Maharashtra,03-08-2024 6.48
3104,2.300831,55.208885,Ahmedabad,Gujarat,31-07-2023 21.40
3105,46.2674875,-62.048204,Mumbai,Maharashtra,03-02-2025 5.45
3106,1.040689,143.250044,Delhi,Delhi,21-05-2025 21.25
3107,35.7532295,-109.584782,Bangalore,Karnataka,04-11-2023 2.46
3108,14.7894785,43.800584,Hyderabad,Telangana,15-06-2025 23.30
3109,85.1541855,13.410735,Chennai,Tamil Nadu,08-08-2024 1.47
3110,-46.506544,153.849087,Kolkata,West Bengal,23-06-2023 5.32
3111,-14.1784685,-133.726079,Pune,Maharashtra,06-06-2025 13.55
3112,39.6247345,-110.691813,Ahmedabad,Gujarat,01-05-2023 13.00
3113,-36.451362,-96.079509,Mumbai,Maharashtra,03-03-2025 8.12
3114,42.1201035,-125.827725,Delhi,Delhi,12-05-2024 13.16
3115,42.5333165,-16.978129,Bangalore,Karnataka,04-08-2023 23.12
3116,-33.7807735,118.946107,Hyderabad,Telangana,17-10-2022 10.22
3117,-85.133106,12.622168,Chennai,Tamil Nadu,14-09-2023 11.52
3118,5.843234,-94.849337,Kolkata,West Bengal,03-05-2023 18.05
3119,45.1515885,-162.836233,Pune,Maharashtra,12-11-2022 5.52
3120,0.659983,51.187602,Ahmedabad,Gujarat,29-01-2023 9.20
3121,75.7757855,-58.296595,Mumbai,Maharashtra,08-02-2023 19.49
3122,60.8557465,-59.68957,Delhi,Delhi,29-08-2024 21.15
3123,-20.7913975,2.710171,Bangalore,Karnataka,08-02-2024 4.35
3124,-77.470411,119.049098,Hyderabad,Telangana,24-09-2023 21.02
3125,-49.4183645,96.696527,Chennai,Tamil Nadu,01-03-2025 1.47
3126,89.71375,-124.08918,Kolkata,West Bengal,22-10-2022 16.07
3127,27.5282115,65.422825,Pune,Maharashtra,24-01-2023 16.03
3128,-61.574871,147.798636,Ahmedabad,Gujarat,09-03-2025 9.52
3129,-62.6550075,121.975321,Mumbai,Maharashtra,09-10-2022 12.59
3130,46.1788455,-123.407855,Delhi,Delhi,21-04-2023 20.11
3131,79.0945045,-116.61737,Bangalore,Karnataka,20-06-2023 9.36
3132,7.0765795,-95.693795,Hyderabad,Telangana,02-11-2023 3.23
3133,28.5190605,91.601178,Chennai,Tamil Nadu,17-09-2024 13.36
3134,-63.345905,-97.163112,Kolkata,West Bengal,06-05-2025 13.37
3135,7.639883,-0.358956,Pune,Maharashtra,07-03-2023 8.46
3136,-56.9868775,-71.610953,Ahmedabad,Gujarat,17-06-2024 11.24
3137,21.6019965,-176.463321,Mumbai,Maharashtra,21-08-2023 10.17
3138,37.1480325,3.244818,Delhi,Delhi,24-10-2023 19.22
3139,45.5660075,-88.054521,Bangalore,Karnataka,15-12-2022 17.59
3140,-18.591973,19.950244,Hyderabad,Telangana,11-05-2024 0.53
3141,6.809476,157.928242,Chennai,Tamil Nadu,03-06-2025 9.04
3142,-24.1121735,-98.604352,Kolkata,West Bengal,05-11-2024 3.02
3143,23.2051935,-57.495717,Pune,Maharashtra,07-03-2023 17.03
3144,25.111256,41.94749,Ahmedabad,Gujarat,02-05-2024 4.24
3145,33.145587,97.108761,Mumbai,Maharashtra,30-06-2025 2.27
3146,7.1130665,-164.021151,Delhi,Delhi,22-06-2024 20.46
3147,-50.9200115,-174.658826,Bangalore,Karnataka,17-10-2024 0.24
3148,-71.321942,-134.485043,Hyderabad,Telangana,12-01-2024 21.07
3149,-5.495292,35.634666,Chennai,Tamil Nadu,17-04-2023 14.43
3150,26.5203905,-146.999442,Kolkata,West Bengal,07-04-2024 6.16
3151,-80.0427275,174.429382,Pune,Maharashtra,27-04-2025 19.49
3152,-49.4791055,128.463082,Ahmedabad,Gujarat,03-11-2022 3.33
3153,79.5458635,174.528949,Mumbai,Maharashtra,20-10-2024 18.59
3154,-10.6170795,45.112817,Delhi,Delhi,20-04-2024 20.00
3155,58.6086665,-16.617821,Bangalore,Karnataka,05-12-2023 15.39
3156,2.3840385,-175.757523,Hyderabad,Telangana,13-10-2023 23.13
3157,51.6780155,147.706572,Chennai,Tamil Nadu,21-03-2023 11.39
3158,18.4313,59.54592,Kolkata,West Bengal,01-05-2025 13.48
3159,-34.9348765,112.286101,Pune,Maharashtra,01-04-2025 6.04
3160,75.943432,170.059744,Ahmedabad,Gujarat,22-06-2024 4.34
3161,2.677505,168.298765,Mumbai,Maharashtra,24-04-2024 17.18
3162,-37.038825,-18.116554,Delhi,Delhi,14-12-2022 6.28
3163,-80.0758945,108.53241,Bangalore,Karnataka,06-01-2024 23.03
3164,14.6880935,-112.351235,Hyderabad,Telangana,21-10-2024 20.46
3165,55.167271,-27.56739,Chennai,Tamil Nadu,03-07-2023 8.51
3166,-65.0839365,94.701601,Kolkata,West Bengal,09-12-2024 12.19
3167,-6.1803805,99.890062,Pune,Maharashtra,16-01-2024 14.47
3168,80.6405295,-94.085975,Ahmedabad,Gujarat,10-09-2022 17.28
3169,-82.5130065,109.874129,Mumbai,Maharashtra,10-02-2025 18.23
3170,-20.5583835,-50.431693,Delhi,Delhi,20-11-2023 12.01
3171,23.4799825,91.267228,Bangalore,Karnataka,23-01-2023 21.49
3172,-73.908439,20.241504,Hyderabad,Telangana,12-09-2023 20.40
3173,78.3062215,92.461655,Chennai,Tamil Nadu,06-02-2024 23.58
3174,-56.764196,-154.373612,Kolkata,West Bengal,12-05-2025 13.53
3175,-56.512729,60.913782,Pune,Maharashtra,11-11-2023 5.02
3176,63.6619245,-177.201078,Ahmedabad,Gujarat,09-07-2024 6.48
3177,0.994329,-53.246215,Mumbai,Maharashtra,24-01-2025 19.38
3178,61.826348,157.01768,Delhi,Delhi,04-06-2025 4.39
3179,53.153582,139.732891,Bangalore,Karnataka,03-08-2023 14.21
3180,4.042909,-19.367357,Hyderabad,Telangana,21-10-2023 8.30
3181,89.0256105,127.501262,Chennai,Tamil Nadu,14-06-2025 22.24
3182,-52.42669,22.757742,Kolkata,West Bengal,20-10-2024 14.49
3183,-23.5264335,-123.506725,Pune,Maharashtra,27-12-2023 15.16
3184,48.63398,132.657003,Ahmedabad,Gujarat,31-05-2023 11.13
3185,6.9770155,63.905606,Mumbai,Maharashtra,04-01-2023 13.30
3186,-50.659912,48.541721,Delhi,Delhi,06-05-2024 10.41
3187,-68.002475,-130.474404,Bangalore,Karnataka,09-11-2022 22.59
3188,24.054663,-110.172786,Hyderabad,Telangana,14-08-2024 4.15
3189,-32.344252,59.532523,Chennai,Tamil Nadu,04-12-2022 15.00
3190,9.1316615,102.531325,Kolkata,West Bengal,21-04-2024 23.59
3191,67.9043265,120.093902,Pune,Maharashtra,19-10-2024 11.55
3192,15.973613,-38.43052,Ahmedabad,Gujarat,29-01-2025 0.40
3193,43.9029345,161.697476,Mumbai,Maharashtra,24-05-2024 2.34
3194,28.133063,82.820359,Delhi,Delhi,14-05-2024 0.14
3195,-46.287226,-102.504734,Bangalore,Karnataka,29-09-2024 1.18
3196,-55.8754175,80.255906,Hyderabad,Telangana,16-07-2024 9.01
3197,-55.2684295,95.514358,Chennai,Tamil Nadu,04-11-2024 8.03
3198,-58.309006,-65.838405,Kolkata,West Bengal,12-07-2024 20.00
3199,37.0654175,-162.494044,Pune,Maharashtra,05-04-2023 23.39
3200,60.0625845,18.283639,Ahmedabad,Gujarat,05-02-2023 20.10
3201,71.490826,39.376118,Mumbai,Maharashtra,23-01-2023 17.52
3202,-57.555166,18.419953,Delhi,Delhi,09-01-2025 13.11
3203,-12.263622,-158.373689,Bangalore,Karnataka,25-10-2024 10.48
3204,-48.847633,-116.78763,Hyderabad,Telangana,04-03-2024 9.33
3205,-8.1474285,21.036552,Chennai,Tamil Nadu,19-11-2023 10.36
3206,-11.0849965,80.879289,Kolkata,West Bengal,17-09-2022 19.20
3207,-51.648789,-103.689273,Pune,Maharashtra,06-02-2025 7.02
3208,23.2145255,-153.880669,Ahmedabad,Gujarat,22-11-2023 9.35
3209,-13.903299,-64.260585,Mumbai,Maharashtra,16-05-2023 17.51
3210,41.2095485,-178.880217,Delhi,Delhi,11-02-2023 8.57
3211,56.9784245,7.179476,Bangalore,Karnataka,18-11-2022 7.14
3212,-78.005639,44.183952,Hyderabad,Telangana,21-08-2024 19.48
3213,63.8293785,-13.730072,Chennai,Tamil Nadu,31-12-2024 5.27
3214,31.4333355,1.367472,Kolkata,West Bengal,13-03-2024 11.13
3215,37.5679225,145.187924,Pune,Maharashtra,27-02-2023 15.45
3216,-52.8157075,90.993032,Ahmedabad,Gujarat,20-04-2025 1.12
3217,33.7316095,61.554,Mumbai,Maharashtra,06-06-2025 20.02
3218,30.547582,-100.015581,Delhi,Delhi,23-12-2023 13.11
3219,-66.0246935,155.421068,Bangalore,Karnataka,02-06-2025 14.41
3220,77.3935245,39.917535,Hyderabad,Telangana,28-03-2024 21.25
3221,-27.5022455,32.277218,Chennai,Tamil Nadu,13-01-2024 23.00
3222,55.2220925,-155.400731,Kolkata,West Bengal,11-06-2025 20.12
3223,28.942731,-31.08538,Pune,Maharashtra,04-05-2025 17.45
3224,-66.2354385,-91.086244,Ahmedabad,Gujarat,12-09-2022 21.00
3225,63.5436825,158.287305,Mumbai,Maharashtra,28-11-2023 2.56
3226,60.6041965,166.367466,Delhi,Delhi,13-02-2023 15.09
3227,82.849398,120.300261,Bangalore,Karnataka,15-12-2022 14.56
3228,-38.345844,152.164209,Hyderabad,Telangana,24-11-2024 1.17
3229,64.8484915,-151.613283,Chennai,Tamil Nadu,07-01-2025 4.30
3230,50.0572175,-78.318868,Kolkata,West Bengal,13-08-2024 12.41
3231,44.926075,-169.979803,Pune,Maharashtra,08-02-2023 4.43
3232,86.698822,105.539862,Ahmedabad,Gujarat,11-05-2023 13.34
3233,-84.906817,-32.38062,Mumbai,Maharashtra,21-06-2023 1.13
3234,-24.156355,131.145012,Delhi,Delhi,25-06-2024 10.19
3235,-67.277491,106.444182,Bangalore,Karnataka,05-03-2025 1.26
3236,-3.9849155,35.713585,Hyderabad,Telangana,05-02-2025 3.46
3237,-77.924795,83.857578,Chennai,Tamil Nadu,10-09-2022 11.34
3238,1.256393,54.62194,Kolkata,West Bengal,12-05-2023 18.04
3239,21.383648,-167.084529,Pune,Maharashtra,02-11-2024 9.51
3240,-4.8033015,25.090584,Ahmedabad,Gujarat,08-09-2023 20.32
3241,-65.56564,-118.450639,Mumbai,Maharashtra,06-01-2023 15.40
3242,55.432767,-89.721939,Delhi,Delhi,22-10-2023 14.56
3243,-51.3360995,-81.930366,Bangalore,Karnataka,06-09-2023 8.00
3244,-65.9405155,-97.199811,Hyderabad,Telangana,24-11-2023 22.22
3245,19.327434,-89.166246,Chennai,Tamil Nadu,04-11-2022 20.42
3246,74.946991,-5.360885,Kolkata,West Bengal,14-05-2023 5.29
3247,-82.7062895,-148.592096,Pune,Maharashtra,11-11-2023 7.24
3248,14.673644,-126.987101,Ahmedabad,Gujarat,15-12-2023 12.15
3249,-51.7585365,41.632559,Mumbai,Maharashtra,21-12-2023 23.57
3250,-20.761291,21.602091,Delhi,Delhi,09-02-2023 6.12
3251,-76.0740735,-71.25172,Bangalore,Karnataka,12-08-2023 14.02
3252,70.2572075,134.621965,Hyderabad,Telangana,07-08-2023 17.16
3253,42.3331605,93.063967,Chennai,Tamil Nadu,26-09-2024 22.26
3254,13.3607175,-118.21616,Kolkata,West Bengal,27-09-2023 16.01
3255,-73.724228,-9.094423,Pune,Maharashtra,27-07-2024 10.07
3256,58.4773115,38.547513,Ahmedabad,Gujarat,15-11-2022 0.42
3257,39.9688,-164.480973,Mumbai,Maharashtra,29-04-2024 8.43
3258,80.064947,-54.511552,Delhi,Delhi,03-09-2022 6.33
3259,-17.747984,117.46689,Bangalore,Karnataka,31-01-2025 22.21
3260,-62.7512725,-47.760055,Hyderabad,Telangana,14-12-2024 1.14
3261,84.899365,-112.584398,Chennai,Tamil Nadu,21-11-2023 13.02
3262,62.5372775,38.370052,Kolkata,West Bengal,28-06-2024 3.40
3263,-67.476023,161.341986,Pune,Maharashtra,20-09-2024 17.43
3264,-35.384953,-103.567282,Ahmedabad,Gujarat,07-03-2024 6.04
3265,55.073191,-89.704577,Mumbai,Maharashtra,21-08-2023 4.32
3266,54.2936205,47.500366,Delhi,Delhi,14-12-2024 17.49
3267,31.2635705,-157.563047,Bangalore,Karnataka,06-08-2022 21.34
3268,34.729084,153.251839,Hyderabad,Telangana,28-10-2023 16.15
3269,85.3041495,-90.137648,Chennai,Tamil Nadu,06-08-2022 4.29
3270,-73.846889,78.871778,Kolkata,West Bengal,03-10-2023 21.43
3271,70.488903,-45.305017,Pune,Maharashtra,26-06-2025 16.24
3272,12.046681,8.666057,Ahmedabad,Gujarat,13-04-2025 10.38
3273,-32.889248,134.154932,Mumbai,Maharashtra,06-10-2024 2.40
3274,-14.4860755,-155.580571,Delhi,Delhi,13-04-2023 2.17
3275,53.3685015,122.302121,Bangalore,Karnataka,21-11-2022 23.37
3276,-9.298007,-131.834571,Hyderabad,Telangana,10-04-2024 10.17
3277,-56.9886225,-105.025834,Chennai,Tamil Nadu,16-12-2024 19.17
3278,-14.9834845,51.908067,Kolkata,West Bengal,28-06-2023 21.18
3279,73.865165,91.023305,Pune,Maharashtra,12-12-2023 19.28
3280,1.9754505,161.004235,Ahmedabad,Gujarat,15-09-2023 8.28
3281,31.5255845,-33.427185,Mumbai,Maharashtra,22-08-2023 9.07
3282,87.778635,-7.321778,Delhi,Delhi,18-01-2024 1.07
3283,-33.4610795,66.85289,Bangalore,Karnataka,21-02-2025 15.44
3284,-1.830429,-171.477382,Hyderabad,Telangana,15-07-2025 2.06
3285,-54.1032685,167.056598,Chennai,Tamil Nadu,08-08-2022 12.35
3286,73.4199485,75.834534,Kolkata,West Bengal,11-08-2022 23.47
3287,-87.4287615,-86.833557,Pune,Maharashtra,08-05-2024 4.05
3288,59.193916,82.517373,Ahmedabad,Gujarat,06-04-2024 12.33
3289,54.453562,-136.433577,Mumbai,Maharashtra,09-05-2025 16.21
3290,84.823013,-138.380096,Delhi,Delhi,19-11-2024 2.33
3291,-81.692589,59.002459,Bangalore,Karnataka,14-06-2025 15.23
3292,-56.8708795,9.5126,Hyderabad,Telangana,12-03-2024 0.34
3293,71.4131595,12.181395,Chennai,Tamil Nadu,28-03-2024 3.22
3294,-42.436826,-175.47344,Kolkata,West Bengal,15-02-2023 3.47
3295,34.203081,18.900276,Pune,Maharashtra,01-06-2023 3.28
3296,29.340407,-174.973116,Ahmedabad,Gujarat,15-07-2023 11.08
3297,-84.6899,-29.067076,Mumbai,Maharashtra,27-06-2025 13.09
3298,6.0518495,-77.182951,Delhi,Delhi,23-12-2022 2.26
3299,74.6697735,155.671322,Bangalore,Karnataka,19-11-2023 7.33
3300,-30.636122,-54.233728,Hyderabad,Telangana,10-09-2024 10.46
3301,7.441851,-160.245276,Chennai,Tamil Nadu,15-10-2023 11.36
3302,42.295159,145.358251,Kolkata,West Bengal,26-06-2023 3.33
3303,-88.084605,-74.726706,Pune,Maharashtra,23-04-2025 2.52
3304,16.3235755,-120.436037,Ahmedabad,Gujarat,10-10-2023 4.31
3305,62.767216,88.610282,Mumbai,Maharashtra,10-09-2024 18.19
3306,-44.2379035,116.237417,Delhi,Delhi,02-06-2023 8.31
3307,87.124026,123.711658,Bangalore,Karnataka,14-06-2025 12.46
3308,71.8592105,123.407352,Hyderabad,Telangana,05-05-2023 0.26
3309,-72.4548915,135.768459,Chennai,Tamil Nadu,20-02-2023 13.37
3310,-72.5384545,-111.58605,Kolkata,West Bengal,12-09-2023 15.45
3311,62.982248,-57.612131,Pune,Maharashtra,25-10-2024 22.05
3312,-16.360645,-77.000486,Ahmedabad,Gujarat,23-06-2025 13.07
3313,-83.7944435,106.120797,Mumbai,Maharashtra,16-03-2025 20.51
3314,-22.1070175,120.709975,Delhi,Delhi,10-07-2024 11.50
3315,-89.4752185,49.305338,Bangalore,Karnataka,27-04-2025 1.12
3316,84.491112,-152.156373,Hyderabad,Telangana,20-12-2023 2.32
3317,26.111265,38.439833,Chennai,Tamil Nadu,05-10-2023 1.02
3318,-57.326655,98.257655,Kolkata,West Bengal,30-07-2024 3.51
3319,43.029825,14.063717,Pune,Maharashtra,16-10-2024 20.59
3320,-78.3325415,-59.446598,Ahmedabad,Gujarat,17-10-2022 7.13
3321,-15.3929205,45.519104,Mumbai,Maharashtra,09-11-2024 9.56
3322,30.490341,-10.218885,Delhi,Delhi,13-08-2022 8.36
3323,15.1888195,-75.520551,Bangalore,Karnataka,07-01-2024 6.59
3324,-68.039591,126.993318,Hyderabad,Telangana,13-09-2022 18.11
3325,-29.433446,47.536765,Chennai,Tamil Nadu,28-11-2022 23.35
3326,-22.895387,-74.302561,Kolkata,West Bengal,17-04-2023 20.34
3327,-1.6244345,-13.137373,Pune,Maharashtra,10-11-2022 23.14
3328,78.0391695,155.702536,Ahmedabad,Gujarat,02-01-2023 14.27
3329,-82.5179645,77.680011,Mumbai,Maharashtra,06-06-2024 8.28
3330,-83.5512325,138.112534,Delhi,Delhi,04-04-2025 6.17
3331,-0.261348,-45.562439,Bangalore,Karnataka,24-08-2023 6.48
3332,-61.051745,74.249463,Hyderabad,Telangana,10-08-2023 14.55
3333,1.4833315,-150.776582,Chennai,Tamil Nadu,05-01-2024 13.19
3334,49.4992075,-52.899216,Kolkata,West Bengal,26-11-2022 14.33
3335,71.0517985,152.62726,Pune,Maharashtra,16-06-2024 13.48
3336,-64.31858,155.731558,Ahmedabad,Gujarat,28-06-2024 21.20
3337,65.406539,-112.984351,Mumbai,Maharashtra,16-12-2022 5.12
3338,-73.709473,-162.098751,Delhi,Delhi,13-03-2024 14.33
3339,-5.904693,-145.088242,Bangalore,Karnataka,19-02-2023 11.07
3340,-73.356403,57.253138,Hyderabad,Telangana,29-10-2022 10.55
3341,-9.074475,147.887808,Chennai,Tamil Nadu,04-04-2025 2.07
3342,25.9208975,-144.679124,Kolkata,West Bengal,10-01-2023 12.39
3343,-75.023997,120.249381,Pune,Maharashtra,25-10-2022 10.31
3344,-10.8338835,24.792354,Ahmedabad,Gujarat,20-04-2024 8.04
3345,-64.2757625,151.411475,Mumbai,Maharashtra,04-05-2024 23.28
3346,-27.4244795,141.894835,Delhi,Delhi,26-05-2025 4.32
3347,77.505915,-174.305654,Bangalore,Karnataka,09-07-2024 16.38
3348,13.0577475,69.220357,Hyderabad,Telangana,31-05-2024 9.11
3349,76.486542,152.446874,Chennai,Tamil Nadu,09-01-2023 16.09
3350,1.1651035,169.460776,Kolkata,West Bengal,20-06-2025 3.00
3351,-83.0281725,63.780605,Pune,Maharashtra,16-10-2024 19.20
3352,-1.9011825,135.579895,Ahmedabad,Gujarat,31-05-2023 8.28
3353,-61.0072015,-124.868909,Mumbai,Maharashtra,24-08-2022 10.24
3354,69.7661005,-143.73734,Delhi,Delhi,11-02-2025 8.39
3355,-38.026993,127.74092,Bangalore,Karnataka,17-02-2023 1.11
3356,81.091025,93.212536,Hyderabad,Telangana,07-09-2023 11.17
3357,5.399603,46.026415,Chennai,Tamil Nadu,22-08-2024 4.07
3358,76.658391,58.705863,Kolkata,West Bengal,21-05-2023 3.58
3359,-24.729254,-106.087531,Pune,Maharashtra,12-10-2022 19.19
3360,-73.7620215,-111.451917,Ahmedabad,Gujarat,02-12-2023 12.02
3361,66.9065095,53.994181,Mumbai,Maharashtra,10-10-2024 10.57
3362,84.940723,12.062154,Delhi,Delhi,01-12-2023 18.11
3363,66.6766265,110.524312,Bangalore,Karnataka,19-03-2023 13.31
3364,-50.4301815,72.073651,Hyderabad,Telangana,27-11-2023 20.28
3365,71.9550265,4.093206,Chennai,Tamil Nadu,31-10-2023 11.54
3366,9.007046,-175.661095,Kolkata,West Bengal,17-10-2024 12.46
3367,67.421265,173.087547,Pune,Maharashtra,24-06-2025 1.07
3368,-51.18413,-149.227822,Ahmedabad,Gujarat,09-08-2023 2.41
3369,46.12573,120.352384,Mumbai,Maharashtra,29-10-2022 4.09
3370,23.2961755,4.584865,Delhi,Delhi,04-06-2023 21.33
3371,-36.213078,163.895233,Bangalore,Karnataka,13-06-2023 23.48
3372,-71.638002,3.369292,Hyderabad,Telangana,26-05-2023 11.56
3373,89.277341,75.402944,Chennai,Tamil Nadu,19-07-2025 15.35
3374,35.467373,141.994933,Kolkata,West Bengal,15-07-2025 23.18
3375,-1.108826,130.531905,Pune,Maharashtra,31-12-2024 17.52
3376,0.103174,150.767855,Ahmedabad,Gujarat,13-11-2023 19.19
3377,22.39266,-3.573991,Mumbai,Maharashtra,14-04-2023 10.29
3378,-61.855107,63.901576,Delhi,Delhi,09-10-2022 21.17
3379,43.125377,-62.207365,Bangalore,Karnataka,11-08-2022 2.05
3380,81.467725,-60.264318,Hyderabad,Telangana,17-07-2025 5.23
3381,-28.186292,70.470012,Chennai,Tamil Nadu,31-03-2025 13.40
3382,-32.7860665,-51.677632,Kolkata,West Bengal,21-08-2024 3.46
3383,-1.009592,21.816112,Pune,Maharashtra,20-06-2023 6.59
3384,17.458087,-81.084483,Ahmedabad,Gujarat,15-08-2022 18.59
3385,7.3929875,-174.689221,Mumbai,Maharashtra,27-11-2022 21.08
3386,6.069471,-163.884431,Delhi,Delhi,14-12-2024 0.39
3387,-59.079109,-103.548522,Bangalore,Karnataka,30-10-2023 17.43
3388,28.221155,-75.630445,Hyderabad,Telangana,12-04-2025 2.06
3389,67.2189935,13.2248,Chennai,Tamil Nadu,12-10-2022 13.08
3390,-82.03134,-73.096722,Kolkata,West Bengal,08-06-2023 15.42
3391,-13.7372485,-86.505749,Pune,Maharashtra,11-07-2023 11.06
3392,-19.6702185,-86.431711,Ahmedabad,Gujarat,15-01-2024 5.33
3393,58.8487915,-47.948941,Mumbai,Maharashtra,09-05-2023 16.45
3394,-37.3899895,-168.461556,Delhi,Delhi,05-05-2023 20.53
3395,-19.726657,-125.673913,Bangalore,Karnataka,06-09-2022 22.57
3396,-53.15897,23.432606,Hyderabad,Telangana,18-05-2025 15.32
3397,-60.211983,1.668136,Chennai,Tamil Nadu,27-06-2023 22.28
3398,-8.1077575,64.922485,Kolkata,West Bengal,13-08-2023 9.41
3399,9.224656,19.904021,Pune,Maharashtra,28-05-2025 0.42
3400,-44.0009525,102.891637,Ahmedabad,Gujarat,30-03-2025 10.58
3401,26.4253055,-144.90071,Mumbai,Maharashtra,05-02-2023 10.00
3402,-51.2292655,-109.780141,Delhi,Delhi,26-05-2023 22.35
3403,-38.5459445,105.913135,Bangalore,Karnataka,14-03-2024 20.24
3404,10.4633935,-9.301031,Hyderabad,Telangana,21-02-2025 17.03
3405,25.303808,161.526644,Chennai,Tamil Nadu,20-08-2023 5.43
3406,-77.5995735,150.727518,Kolkata,West Bengal,02-02-2025 17.20
3407,-39.2382745,107.477379,Pune,Maharashtra,05-11-2023 8.10
3408,-50.119371,-4.077816,Ahmedabad,Gujarat,24-08-2023 7.28
3409,-75.703403,157.938301,Mumbai,Maharashtra,14-10-2023 10.08
3410,-56.0540465,92.875097,Delhi,Delhi,28-01-2025 16.24
3411,41.2624255,-67.666436,Bangalore,Karnataka,09-12-2022 19.20
3412,36.343789,176.215031,Hyderabad,Telangana,17-03-2025 12.52
3413,-72.5857745,-90.109802,Chennai,Tamil Nadu,03-10-2024 10.44
3414,14.1840525,166.320156,Kolkata,West Bengal,04-10-2024 7.03
3415,10.466289,87.677273,Pune,Maharashtra,19-10-2024 9.57
3416,34.625799,-83.900904,Ahmedabad,Gujarat,18-12-2023 6.41
3417,10.362304,102.112602,Mumbai,Maharashtra,19-07-2025 5.26
3418,39.734064,85.639444,Delhi,Delhi,10-08-2024 7.14
3419,-17.9692495,132.022227,Bangalore,Karnataka,19-04-2024 4.36
3420,81.2901665,133.523283,Hyderabad,Telangana,10-05-2025 16.12
3421,-80.1740565,-68.760564,Chennai,Tamil Nadu,12-07-2023 8.47
3422,-35.50747,62.708636,Kolkata,West Bengal,04-08-2023 10.44
3423,16.27359,-62.643385,Pune,Maharashtra,23-11-2023 16.43
3424,24.091202,22.444875,Ahmedabad,Gujarat,08-01-2025 22.28
3425,-47.7994415,20.847358,Mumbai,Maharashtra,04-09-2023 17.47
3426,57.7876715,-134.495402,Delhi,Delhi,02-03-2023 0.26
3427,-67.4438645,-21.597301,Bangalore,Karnataka,25-06-2024 20.36
3428,49.2698775,8.750366,Hyderabad,Telangana,28-07-2023 21.53
3429,66.756166,-157.911564,Chennai,Tamil Nadu,28-07-2024 2.08
3430,47.5093065,153.464387,Kolkata,West Bengal,09-01-2024 21.10
3431,24.380976,62.209957,Pune,Maharashtra,31-07-2024 15.48
3432,26.099854,39.554851,Ahmedabad,Gujarat,27-02-2024 6.05
3433,43.5581985,-9.800956,Mumbai,Maharashtra,03-10-2023 11.09
3434,12.641915,-166.72952,Delhi,Delhi,11-05-2023 6.56
3435,28.5648525,-54.484734,Bangalore,Karnataka,21-09-2023 23.27
3436,83.236125,-139.257703,Hyderabad,Telangana,14-02-2024 4.12
3437,-67.8759485,-21.88195,Chennai,Tamil Nadu,22-09-2024 19.24
3438,47.6512825,113.481499,Kolkata,West Bengal,01-05-2025 5.25
3439,-69.019351,-31.595487,Pune,Maharashtra,25-07-2023 3.04
3440,-63.583505,-116.333615,Ahmedabad,Gujarat,24-11-2022 4.19
3441,6.7003545,-159.447837,Mumbai,Maharashtra,30-11-2024 13.34
3442,-36.2306065,-0.815123,Delhi,Delhi,06-06-2023 19.45
3443,-1.619964,-45.769577,Bangalore,Karnataka,18-11-2023 14.18
3444,-16.323982,-77.649623,Hyderabad,Telangana,28-02-2025 16.16
3445,-52.9921125,111.588352,Chennai,Tamil Nadu,15-09-2023 0.05
3446,-87.7092045,-19.221039,Kolkata,West Bengal,17-10-2023 4.12
3447,3.048414,36.794455,Pune,Maharashtra,26-04-2024 16.01
3448,65.680157,171.816077,Ahmedabad,Gujarat,23-08-2022 19.34
3449,36.7026065,171.16245,Mumbai,Maharashtra,09-10-2024 17.06
3450,-49.9276495,33.409025,Delhi,Delhi,24-07-2023 20.59
3451,-29.0849345,-67.324206,Bangalore,Karnataka,11-08-2024 8.35
3452,-27.26041,96.931625,Hyderabad,Telangana,02-02-2025 5.19
3453,58.3415275,71.651974,Chennai,Tamil Nadu,22-07-2024 2.31
3454,1.4451075,-133.895749,Kolkata,West Bengal,04-12-2023 16.31
3455,-39.5753255,50.206472,Pune,Maharashtra,24-07-2025 13.23
3456,22.1222335,-67.480043,Ahmedabad,Gujarat,16-06-2024 19.27
3457,30.7884205,119.813853,Mumbai,Maharashtra,21-09-2022 2.36
3458,10.5828105,-105.401666,Delhi,Delhi,18-01-2025 11.19
3459,-55.547479,-15.947317,Bangalore,Karnataka,20-08-2022 9.11
3460,44.1640965,173.716393,Hyderabad,Telangana,07-02-2024 7.01
3461,1.2203385,-58.940633,Chennai,Tamil Nadu,17-05-2024 11.11
3462,24.278167,36.556928,Kolkata,West Bengal,13-07-2025 0.39
3463,54.3119775,-19.1335,Pune,Maharashtra,24-12-2023 21.22
3464,67.559557,-167.523208,Ahmedabad,Gujarat,03-01-2025 1.04
3465,-81.353966,-105.302606,Mumbai,Maharashtra,01-04-2023 2.16
3466,-1.34905,125.045159,Delhi,Delhi,09-04-2025 18.21
3467,71.867327,146.330148,Bangalore,Karnataka,12-01-2025 20.00
3468,14.9276305,24.718847,Hyderabad,Telangana,18-06-2023 13.33
3469,14.8605925,-145.79636,Chennai,Tamil Nadu,12-11-2024 15.30
3470,13.732544,-78.886441,Kolkata,West Bengal,11-08-2024 21.14
3471,-60.8376135,-3.454637,Pune,Maharashtra,06-01-2025 1.18
3472,31.20809,163.062284,Ahmedabad,Gujarat,21-11-2023 14.15
3473,-64.9706735,-87.967622,Mumbai,Maharashtra,14-01-2023 9.19
3474,58.419782,-84.632345,Delhi,Delhi,24-09-2022 3.30
3475,71.9642665,82.322282,Bangalore,Karnataka,16-09-2022 0.51
3476,-39.8852195,-73.163365,Hyderabad,Telangana,21-11-2022 7.03
3477,13.5876635,-27.626576,Chennai,Tamil Nadu,21-06-2023 4.28
3478,-27.4439545,-23.713912,Kolkata,West Bengal,25-05-2025 22.47
3479,50.766398,-142.43008,Pune,Maharashtra,11-07-2024 15.20
3480,-74.5775285,17.918677,Ahmedabad,Gujarat,18-10-2024 20.30
3481,-87.0345685,-87.751772,Mumbai,Maharashtra,25-12-2023 23.11
3482,20.2897235,29.973045,Delhi,Delhi,06-04-2023 6.57
3483,-60.272397,-110.669743,Bangalore,Karnataka,15-11-2024 16.40
3484,22.3169395,76.759124,Hyderabad,Telangana,20-11-2022 3.55
3485,14.419484,-69.147059,Chennai,Tamil Nadu,23-02-2023 4.28
3486,-34.7889985,-13.700383,Kolkata,West Bengal,06-06-2024 17.51
3487,88.453917,74.895584,Pune,Maharashtra,09-04-2023 0.02
3488,72.057021,128.749833,Ahmedabad,Gujarat,30-11-2023 9.35
3489,67.7036715,-71.029786,Mumbai,Maharashtra,23-09-2024 21.52
3490,33.20018,-32.123752,Delhi,Delhi,14-06-2023 16.16
3491,-88.001954,-103.392822,Bangalore,Karnataka,27-06-2024 18.19
3492,-72.8281725,34.338685,Hyderabad,Telangana,01-03-2025 22.38
3493,-23.739359,102.317062,Chennai,Tamil Nadu,29-12-2023 6.12
3494,62.801264,83.581404,Kolkata,West Bengal,20-07-2024 5.55
3495,34.203865,129.308918,Pune,Maharashtra,05-10-2022 1.26
3496,-65.5448105,-25.42854,Ahmedabad,Gujarat,05-05-2025 8.01
3497,32.488876,6.17708,Mumbai,Maharashtra,28-07-2025 5.56
3498,-10.1542155,29.965041,Delhi,Delhi,14-03-2025 15.34
3499,-42.989895,42.829753,Bangalore,Karnataka,27-08-2023 8.40
3500,-41.7948695,151.644767,Hyderabad,Telangana,06-06-2024 13.14
3501,32.897308,26.515444,Chennai,Tamil Nadu,25-05-2025 4.32
3502,-40.757041,125.272999,Kolkata,West Bengal,31-12-2022 18.01
3503,15.6431265,-156.557817,Pune,Maharashtra,12-08-2023 16.44
3504,-47.6053915,-33.017481,Ahmedabad,Gujarat,07-04-2025 0.53
3505,54.347823,-23.292972,Mumbai,Maharashtra,05-06-2025 23.01
3506,-72.0835805,-63.362181,Delhi,Delhi,09-09-2024 22.48
3507,20.401639,116.79507,Bangalore,Karnataka,09-02-2023 16.03
3508,8.980761,-138.91132,Hyderabad,Telangana,15-01-2023 19.18
3509,45.3974595,-4.97303,Chennai,Tamil Nadu,03-05-2024 9.44
3510,31.0472075,-91.502678,Kolkata,West Bengal,02-09-2023 0.04
3511,-34.3339765,91.691349,Pune,Maharashtra,13-10-2022 16.22
3512,34.0621405,-165.655948,Ahmedabad,Gujarat,27-11-2022 1.10
3513,81.4944535,67.982805,Mumbai,Maharashtra,19-03-2024 10.45
3514,2.249914,34.395012,Delhi,Delhi,03-06-2023 8.08
3515,16.4814545,-159.719884,Bangalore,Karnataka,22-08-2022 0.34
3516,-22.728536,-118.430186,Hyderabad,Telangana,05-03-2023 8.36
3517,-2.1919815,179.862194,Chennai,Tamil Nadu,26-07-2024 12.34
3518,40.126566,67.689154,Kolkata,West Bengal,19-11-2022 8.19
3519,-67.841022,114.435331,Pune,Maharashtra,21-05-2025 23.49
3520,-24.959806,55.001096,Ahmedabad,Gujarat,11-03-2023 5.21
3521,36.3761185,-30.136843,Mumbai,Maharashtra,13-04-2023 0.25
3522,-44.207839,-170.300821,Delhi,Delhi,05-03-2025 6.25
3523,-63.018177,-84.846821,Bangalore,Karnataka,05-11-2023 6.45
3524,-56.6733675,107.040088,Hyderabad,Telangana,03-04-2024 12.10
3525,-44.7811415,-138.34671,Chennai,Tamil Nadu,13-06-2025 7.33
3526,-86.990674,-33.298805,Kolkata,West Bengal,31-03-2023 19.00
3527,28.288228,12.246489,Pune,Maharashtra,08-05-2023 18.20
3528,-31.837438,-161.507566,Ahmedabad,Gujarat,18-06-2025 23.43
3529,52.8878725,-63.946496,Mumbai,Maharashtra,22-06-2024 1.22
3530,-77.1805915,160.800505,Delhi,Delhi,25-10-2024 14.25
3531,82.070398,175.698422,Bangalore,Karnataka,26-05-2025 16.20
3532,-62.4066365,29.711649,Hyderabad,Telangana,12-07-2025 18.14
3533,-7.23484,58.363536,Chennai,Tamil Nadu,25-10-2022 18.25
3534,70.5795275,-177.495104,Kolkata,West Bengal,19-10-2022 22.36
3535,11.30634,-71.692712,Pune,Maharashtra,28-08-2023 5.44
3536,10.567921,-51.934638,Ahmedabad,Gujarat,12-06-2023 0.15
3537,-65.468642,-171.389425,Mumbai,Maharashtra,21-05-2024 9.43
3538,-82.498796,-172.18318,Delhi,Delhi,11-01-2024 0.52
3539,-38.4196395,179.139507,Bangalore,Karnataka,11-11-2022 11.27
3540,-30.79177,-128.136551,Hyderabad,Telangana,02-06-2025 0.01
3541,-44.9342815,-90.317187,Chennai,Tamil Nadu,12-10-2022 17.09
3542,21.5832525,95.146398,Kolkata,West Bengal,19-01-2023 14.59
3543,-2.183631,-6.762724,Pune,Maharashtra,25-12-2024 11.08
3544,78.251703,-78.237444,Ahmedabad,Gujarat,01-04-2025 17.45
3545,-34.401834,110.824396,Mumbai,Maharashtra,10-04-2024 1.18
3546,24.858243,-115.143866,Delhi,Delhi,01-08-2023 9.03
3547,-32.6138705,-123.153254,Bangalore,Karnataka,10-02-2024 6.22
3548,-3.1966085,-86.787634,Hyderabad,Telangana,28-08-2022 15.17
3549,17.9484975,171.109689,Chennai,Tamil Nadu,09-12-2023 14.32
3550,-86.783774,28.942997,Kolkata,West Bengal,01-07-2023 20.48
3551,33.151727,-61.836756,Pune,Maharashtra,15-11-2022 21.30
3552,86.620249,-30.504202,Ahmedabad,Gujarat,10-05-2025 23.57
3553,77.479403,18.094609,Mumbai,Maharashtra,12-10-2022 14.24
3554,-71.925902,-62.661035,Delhi,Delhi,04-05-2024 23.03
3555,-9.057518,141.515398,Bangalore,Karnataka,19-09-2024 9.47
3556,-62.6696235,107.860265,Hyderabad,Telangana,05-01-2025 13.45
3557,-43.9742945,-44.740662,Chennai,Tamil Nadu,30-12-2022 12.35
3558,71.0256105,-5.863618,Kolkata,West Bengal,11-04-2025 8.56
3559,14.3047405,-108.63298,Pune,Maharashtra,03-01-2024 3.50
3560,-42.9349315,161.102787,Ahmedabad,Gujarat,08-07-2025 12.46
3561,-4.6463915,177.754987,Mumbai,Maharashtra,23-08-2024 7.22
3562,-71.876987,-0.091756,Delhi,Delhi,01-09-2022 18.14
3563,73.351919,134.089302,Bangalore,Karnataka,02-07-2024 16.53
3564,12.6420405,94.355071,Hyderabad,Telangana,26-04-2025 11.14
3565,-27.608762,90.271577,Chennai,Tamil Nadu,02-02-2025 22.39
3566,-86.432042,-55.120656,Kolkata,West Bengal,07-09-2022 7.08
3567,75.4498375,-113.397854,Pune,Maharashtra,28-11-2023 2.57
3568,-26.542846,50.048041,Ahmedabad,Gujarat,18-08-2023 16.17
3569,76.36723,-137.37801,Mumbai,Maharashtra,06-11-2022 10.20
3570,-53.0752315,21.07084,Delhi,Delhi,18-09-2024 2.07
3571,-10.37809,-71.545748,Bangalore,Karnataka,28-03-2023 22.56
3572,10.86407,-70.271464,Hyderabad,Telangana,28-04-2025 17.11
3573,-79.8244925,-52.190381,Chennai,Tamil Nadu,19-02-2025 10.06
3574,29.111845,-3.535977,Kolkata,West Bengal,01-03-2023 22.05
3575,-15.341001,-9.522729,Pune,Maharashtra,01-05-2025 3.28
3576,-79.36795,99.641485,Ahmedabad,Gujarat,10-05-2024 20.35
3577,83.958636,-25.136847,Mumbai,Maharashtra,11-09-2022 3.36
3578,-28.525591,-2.150627,Delhi,Delhi,19-01-2024 18.05
3579,-24.971784,-69.502607,Bangalore,Karnataka,20-11-2024 3.15
3580,-75.484628,177.022384,Hyderabad,Telangana,26-08-2023 2.57
3581,-30.288129,146.45144,Chennai,Tamil Nadu,19-03-2024 23.04
3582,49.9815555,-7.322453,Kolkata,West Bengal,17-05-2023 11.19
3583,28.745347,158.111913,Pune,Maharashtra,14-08-2022 17.32
3584,-72.6545385,83.948446,Ahmedabad,Gujarat,22-11-2022 1.28
3585,-38.3354495,-152.025344,Mumbai,Maharashtra,16-04-2025 19.09
3586,-52.007792,-70.360215,Delhi,Delhi,16-02-2023 9.30
3587,-65.368526,-86.758504,Bangalore,Karnataka,10-02-2025 23.07
3588,57.330021,-70.277902,Hyderabad,Telangana,07-08-2023 10.31
3589,46.2107415,-138.035747,Chennai,Tamil Nadu,28-05-2024 11.37
3590,35.3792895,-12.784592,Kolkata,West Bengal,17-04-2023 8.32
3591,-36.974263,-48.506913,Pune,Maharashtra,25-05-2024 0.44
3592,-42.6384555,145.263906,Ahmedabad,Gujarat,27-08-2023 2.30
3593,-8.637024,-26.802334,Mumbai,Maharashtra,16-01-2025 18.48
3594,30.3318805,161.237179,Delhi,Delhi,14-06-2023 5.01
3595,-17.022927,78.326556,Bangalore,Karnataka,07-12-2022 15.27
3596,6.5245405,33.805872,Hyderabad,Telangana,14-03-2024 2.34
3597,-44.9656465,72.712376,Chennai,Tamil Nadu,20-06-2024 23.56
3598,23.4669315,91.276875,Kolkata,West Bengal,09-03-2025 0.06
3599,26.3481105,-96.313385,Pune,Maharashtra,23-08-2024 2.32
3600,-84.6820045,24.772934,Ahmedabad,Gujarat,30-05-2024 6.46
3601,-67.657351,-18.814413,Mumbai,Maharashtra,14-02-2025 22.17
3602,54.2029045,-97.966818,Delhi,Delhi,11-12-2024 4.04
3603,-42.836073,-41.867557,Bangalore,Karnataka,18-03-2024 8.27
3604,34.4604315,-15.79949,Hyderabad,Telangana,09-07-2024 23.48
3605,-13.9721665,21.405451,Chennai,Tamil Nadu,25-12-2024 14.25
3606,72.678693,78.151339,Kolkata,West Bengal,25-11-2022 2.21
3607,-0.5481415,-106.633184,Pune,Maharashtra,03-08-2024 7.28
3608,-37.462953,-96.932943,Ahmedabad,Gujarat,26-05-2023 22.00
3609,-88.877792,-173.109656,Mumbai,Maharashtra,21-09-2024 3.41
3610,10.464066,83.847204,Delhi,Delhi,24-04-2024 19.09
3611,21.620875,31.87594,Bangalore,Karnataka,07-03-2024 0.06
3612,13.08926,82.825753,Hyderabad,Telangana,26-11-2023 12.16
3613,82.080204,135.845993,Chennai,Tamil Nadu,24-11-2022 0.03
3614,19.733081,-159.154972,Kolkata,West Bengal,14-02-2023 17.06
3615,13.3009445,123.6588,Pune,Maharashtra,14-04-2023 13.33
3616,-37.8622645,54.235672,Ahmedabad,Gujarat,05-09-2023 20.58
3617,3.570879,93.593905,Mumbai,Maharashtra,02-09-2024 9.23
3618,80.451076,17.665422,Delhi,Delhi,22-07-2025 5.59
3619,-74.510035,169.452677,Bangalore,Karnataka,25-03-2024 22.30
3620,23.82746,-47.504654,Hyderabad,Telangana,16-08-2023 19.49
3621,38.2384785,-161.47389,Chennai,Tamil Nadu,17-02-2024 18.45
3622,79.370078,-164.830136,Kolkata,West Bengal,23-07-2025 19.52
3623,88.690943,166.460804,Pune,Maharashtra,23-03-2023 1.46
3624,-19.8495755,145.04078,Ahmedabad,Gujarat,12-07-2024 21.25
3625,-50.441368,-43.480149,Mumbai,Maharashtra,24-08-2023 16.32
3626,71.6382295,130.494884,Delhi,Delhi,30-05-2025 15.56
3627,-46.667158,-173.376416,Bangalore,Karnataka,02-02-2023 16.17
3628,-65.22185,165.958214,Hyderabad,Telangana,24-03-2024 9.46
3629,16.747901,134.692483,Chennai,Tamil Nadu,08-12-2022 3.51
3630,49.1937265,-78.626289,Kolkata,West Bengal,23-05-2024 8.46
3631,-45.487066,49.174879,Pune,Maharashtra,02-09-2023 3.58
3632,-8.8735535,88.782713,Ahmedabad,Gujarat,10-11-2024 15.26
3633,86.761005,25.508069,Mumbai,Maharashtra,31-01-2025 18.53
3634,-7.327553,40.980895,Delhi,Delhi,21-12-2022 9.41
3635,-60.666966,161.54667,Bangalore,Karnataka,10-01-2025 20.45
3636,2.4472415,-103.381284,Hyderabad,Telangana,27-09-2023 6.05
3637,-33.755914,33.658635,Chennai,Tamil Nadu,26-07-2025 5.11
3638,-7.294943,-176.553126,Kolkata,West Bengal,23-04-2023 22.36
3639,41.9959585,-179.152505,Pune,Maharashtra,02-01-2023 19.51
3640,-71.252068,44.325931,Ahmedabad,Gujarat,28-10-2024 20.15
3641,21.8952595,171.393391,Mumbai,Maharashtra,27-10-2023 6.21
3642,25.682151,-88.391432,Delhi,Delhi,06-05-2023 8.58
3643,10.569717,-79.927241,Bangalore,Karnataka,03-08-2025 1.01
3644,-53.9405115,-73.688539,Hyderabad,Telangana,30-08-2024 1.12
3645,-41.148954,89.838703,Chennai,Tamil Nadu,23-01-2023 14.13
3646,30.973333,124.455268,Kolkata,West Bengal,01-07-2023 13.33
3647,-40.1681665,-72.120701,Pune,Maharashtra,04-11-2022 23.15
3648,-40.948952,-76.982615,Ahmedabad,Gujarat,12-09-2023 5.35
3649,19.734375,56.615358,Mumbai,Maharashtra,05-04-2025 2.26
3650,77.6168585,-121.376141,Delhi,Delhi,20-04-2025 0.13
3651,-45.405856,-137.152439,Bangalore,Karnataka,03-11-2023 16.45
3652,-66.9931855,22.791465,Hyderabad,Telangana,15-02-2023 0.43
3653,-15.7072115,-145.499367,Chennai,Tamil Nadu,18-01-2024 20.35
3654,-82.03642,134.416517,Kolkata,West Bengal,05-08-2023 1.29
3655,38.2845305,80.486734,Pune,Maharashtra,15-06-2025 12.13
3656,-62.939252,-174.896194,Ahmedabad,Gujarat,08-11-2022 4.36
3657,-18.574493,-176.120218,Mumbai,Maharashtra,03-06-2025 21.15
3658,66.349008,-157.526933,Delhi,Delhi,02-01-2023 18.46
3659,-33.341769,100.426222,Bangalore,Karnataka,16-08-2022 14.59
3660,10.842021,143.725037,Hyderabad,Telangana,21-10-2024 6.01
3661,-18.6402465,80.879616,Chennai,Tamil Nadu,09-08-2024 11.36
3662,0.4707925,144.469505,Kolkata,West Bengal,02-06-2024 11.26
3663,0.3420065,19.063747,Pune,Maharashtra,29-06-2025 13.50
3664,2.09415,-10.765512,Ahmedabad,Gujarat,12-08-2023 13.04
3665,6.961738,177.061184,Mumbai,Maharashtra,15-04-2024 8.20
3666,11.585559,147.925617,Delhi,Delhi,02-11-2022 6.22
3667,5.570869,-2.695562,Bangalore,Karnataka,07-01-2023 23.08
3668,-89.1719675,65.306658,Hyderabad,Telangana,25-07-2025 3.04
3669,17.859609,-105.448478,Chennai,Tamil Nadu,14-09-2022 5.41
3670,71.573765,-114.021497,Kolkata,West Bengal,06-11-2024 15.32
3671,-14.981008,-46.567372,Pune,Maharashtra,28-02-2024 16.18
3672,31.3108355,151.975036,Ahmedabad,Gujarat,06-07-2025 7.04
3673,86.865707,75.12075,Mumbai,Maharashtra,13-10-2024 5.38
3674,20.897825,174.457431,Delhi,Delhi,24-05-2023 6.58
3675,-89.1600375,162.56297,Bangalore,Karnataka,18-12-2023 20.07
3676,-85.5358375,160.256599,Hyderabad,Telangana,15-02-2024 21.41
3677,-77.717929,-5.234992,Chennai,Tamil Nadu,23-06-2025 11.17
3678,29.267527,-54.609154,Kolkata,West Bengal,04-03-2025 22.00
3679,40.066681,34.837051,Pune,Maharashtra,13-03-2025 23.20
3680,-68.1576125,7.010369,Ahmedabad,Gujarat,31-05-2024 2.07
3681,37.8080025,173.443061,Mumbai,Maharashtra,26-07-2025 23.29
3682,-63.0341225,26.619358,Delhi,Delhi,04-11-2023 20.15
3683,72.986978,-75.26886,Bangalore,Karnataka,15-03-2023 17.41
3684,49.6010465,127.032514,Hyderabad,Telangana,27-09-2024 6.28
3685,-81.4783155,-111.354957,Chennai,Tamil Nadu,16-09-2024 20.14
3686,-66.621985,-18.214863,Kolkata,West Bengal,15-06-2025 21.49
3687,57.3030595,70.612977,Pune,Maharashtra,23-04-2023 9.42
3688,29.7991735,-117.895504,Ahmedabad,Gujarat,23-08-2024 8.47
3689,87.8766365,110.268874,Mumbai,Maharashtra,14-08-2023 13.42
3690,-24.6746205,-66.376198,Delhi,Delhi,27-04-2023 2.27
3691,87.098976,-131.98666,Bangalore,Karnataka,16-01-2023 4.26
3692,26.7408095,-164.311676,Hyderabad,Telangana,11-04-2023 6.15
3693,-2.3556105,25.884525,Chennai,Tamil Nadu,14-10-2023 20.44
3694,-30.843259,-41.686729,Kolkata,West Bengal,04-06-2025 20.01
3695,37.856428,-113.912207,Pune,Maharashtra,04-06-2025 3.00
3696,-53.5581615,106.980751,Ahmedabad,Gujarat,15-04-2025 12.38
3697,42.05918,-131.444453,Mumbai,Maharashtra,14-07-2025 23.50
3698,-0.664381,-59.844954,Delhi,Delhi,16-01-2025 2.02
3699,71.2436555,-145.282155,Bangalore,Karnataka,01-05-2025 17.48
3700,2.1339695,22.405873,Hyderabad,Telangana,20-03-2024 5.12
3701,85.535218,164.725992,Chennai,Tamil Nadu,25-12-2024 5.23
3702,27.2961615,-54.711807,Kolkata,West Bengal,18-07-2023 14.49
3703,-20.449998,-117.889424,Pune,Maharashtra,31-10-2023 8.38
3704,-66.4634875,-120.201961,Ahmedabad,Gujarat,21-12-2022 19.36
3705,1.331902,137.935213,Mumbai,Maharashtra,24-05-2023 15.13
3706,-58.832973,127.540601,Delhi,Delhi,27-02-2024 14.28
3707,-55.7966355,-11.759535,Bangalore,Karnataka,17-03-2024 22.57
3708,64.8649355,-179.098866,Hyderabad,Telangana,01-12-2023 3.40
3709,-73.387889,136.785935,Chennai,Tamil Nadu,14-11-2024 8.58
3710,-39.03547,28.384042,Kolkata,West Bengal,24-05-2024 12.52
3711,-4.196489,15.970683,Pune,Maharashtra,25-06-2025 14.28
3712,-56.0946255,99.039398,Ahmedabad,Gujarat,01-06-2025 10.22
3713,71.495504,137.170442,Mumbai,Maharashtra,16-07-2023 10.17
3714,-61.388559,32.23172,Delhi,Delhi,19-08-2022 14.49
3715,54.49691,67.284228,Bangalore,Karnataka,09-12-2023 2.50
3716,-51.1571785,-20.644071,Hyderabad,Telangana,11-07-2023 9.35
3717,44.1728085,64.697458,Chennai,Tamil Nadu,22-03-2023 8.39
3718,71.4546435,-27.854636,Kolkata,West Bengal,19-03-2023 22.42
3719,88.6037195,-161.56178,Pune,Maharashtra,20-02-2025 16.07
3720,-4.063246,-14.165177,Ahmedabad,Gujarat,23-09-2024 18.15
3721,-56.857882,-33.191285,Mumbai,Maharashtra,12-01-2025 23.28
3722,38.3880475,158.80692,Delhi,Delhi,06-07-2023 10.19
3723,42.8824025,-23.504757,Bangalore,Karnataka,03-08-2025 4.30
3724,11.121953,-148.425236,Hyderabad,Telangana,04-01-2024 20.46
3725,-49.0093065,-66.927961,Chennai,Tamil Nadu,20-07-2023 23.31
3726,-75.8893405,-83.889247,Kolkata,West Bengal,31-08-2024 15.44
3727,15.1751225,-19.420959,Pune,Maharashtra,25-05-2025 10.53
3728,-47.266896,-168.421938,Ahmedabad,Gujarat,03-12-2024 13.02
3729,15.303356,1.145692,Mumbai,Maharashtra,22-05-2024 13.51
3730,37.0831475,6.995983,Delhi,Delhi,04-04-2024 7.18
3731,14.9752015,-141.440204,Bangalore,Karnataka,02-11-2024 7.43
3732,-14.022063,-28.406939,Hyderabad,Telangana,22-07-2025 3.02
3733,-37.6303435,114.210647,Chennai,Tamil Nadu,08-04-2024 1.09
3734,-63.875977,-109.723229,Kolkata,West Bengal,20-12-2023 18.10
3735,65.7955575,-150.942774,Pune,Maharashtra,20-11-2023 16.57
3736,32.8179455,171.453944,Ahmedabad,Gujarat,16-04-2023 15.13
3737,64.929512,-106.147524,Mumbai,Maharashtra,21-06-2024 18.52
3738,39.504462,-23.726773,Delhi,Delhi,18-03-2023 7.38
3739,-33.691275,-62.888874,Bangalore,Karnataka,05-06-2023 6.48
3740,84.815369,-175.09702,Hyderabad,Telangana,19-02-2024 1.00
3741,64.533486,-125.267172,Chennai,Tamil Nadu,24-06-2025 1.46
3742,-50.377461,22.161849,Kolkata,West Bengal,29-05-2024 20.06
3743,-44.843006,-149.757252,Pune,Maharashtra,01-01-2023 13.10
3744,5.451313,74.410109,Ahmedabad,Gujarat,11-05-2023 9.26
3745,-75.9146225,-116.999894,Mumbai,Maharashtra,14-10-2024 1.04
3746,84.5093,1.723189,Delhi,Delhi,12-02-2025 3.31
3747,26.4530545,-100.23799,Bangalore,Karnataka,05-04-2025 7.28
3748,18.4463135,-48.466088,Hyderabad,Telangana,27-09-2022 3.35
3749,-58.1091855,-50.691729,Chennai,Tamil Nadu,12-04-2024 12.14
3750,41.1645155,-17.494754,Kolkata,West Bengal,09-07-2025 2.09
3751,70.029267,-87.396745,Pune,Maharashtra,15-05-2025 10.17
3752,10.763057,173.539619,Ahmedabad,Gujarat,22-12-2022 13.11
3753,34.46648,169.133025,Mumbai,Maharashtra,20-03-2024 22.00
3754,-16.122258,159.48147,Delhi,Delhi,16-05-2025 1.08
3755,29.485529,17.205065,Bangalore,Karnataka,23-08-2022 8.49
3756,-57.787642,-117.386014,Hyderabad,Telangana,11-12-2022 17.10
3757,-57.237033,82.64715,Chennai,Tamil Nadu,27-04-2025 17.43
3758,89.5275415,93.669142,Kolkata,West Bengal,20-07-2023 18.26
3759,-83.8188005,135.062956,Pune,Maharashtra,11-01-2025 10.33
3760,63.7143465,77.428724,Ahmedabad,Gujarat,04-10-2023 13.27
3761,-64.6185595,138.299495,Mumbai,Maharashtra,13-05-2023 16.01
3762,13.068445,79.948318,Delhi,Delhi,02-05-2025 16.33
3763,26.408775,-19.8174,Bangalore,Karnataka,09-01-2025 0.26
3764,-56.382099,-126.612882,Hyderabad,Telangana,23-12-2023 13.39
3765,-72.9548045,108.574057,Chennai,Tamil Nadu,19-05-2023 13.26
3766,18.8050815,-169.39874,Kolkata,West Bengal,08-04-2024 2.03
3767,59.2662635,107.98657,Pune,Maharashtra,05-11-2024 19.21
3768,41.1477025,-145.676949,Ahmedabad,Gujarat,19-10-2024 10.17
3769,66.9599925,109.363641,Mumbai,Maharashtra,13-05-2025 17.24
3770,-56.690025,-68.618739,Delhi,Delhi,24-05-2025 9.58
3771,-58.505523,-83.006664,Bangalore,Karnataka,21-02-2025 0.24
3772,-41.698379,-177.141698,Hyderabad,Telangana,14-12-2024 1.46
3773,30.05316,-11.263573,Chennai,Tamil Nadu,12-02-2023 11.42
3774,-79.492587,-110.842442,Kolkata,West Bengal,14-01-2025 16.49
3775,-34.6405825,170.383701,Pune,Maharashtra,12-04-2023 18.36
3776,-66.42575,121.987853,Ahmedabad,Gujarat,08-09-2023 4.58
3777,-80.6033405,-134.575178,Mumbai,Maharashtra,15-02-2023 2.02
3778,45.8681525,-19.7022,Delhi,Delhi,21-02-2024 2.44
3779,56.1435515,-87.871233,Bangalore,Karnataka,23-05-2024 12.44
3780,86.6733115,-179.954061,Hyderabad,Telangana,26-08-2023 2.55
3781,-9.3083065,-155.214679,Chennai,Tamil Nadu,20-10-2024 6.29
3782,-11.241889,173.882531,Kolkata,West Bengal,12-11-2024 1.01
3783,29.4323805,-104.915896,Pune,Maharashtra,17-01-2025 19.02
3784,41.6522425,-11.99374,Ahmedabad,Gujarat,25-10-2024 6.39
3785,4.5207215,145.436184,Mumbai,Maharashtra,18-11-2024 10.09
3786,47.0605525,-67.343275,Delhi,Delhi,09-07-2025 0.09
3787,-63.42244,175.73979,Bangalore,Karnataka,13-10-2022 20.06
3788,-26.353857,-160.278611,Hyderabad,Telangana,24-05-2023 12.08
3789,-51.971466,-19.094833,Chennai,Tamil Nadu,05-07-2023 15.58
3790,-53.9738135,143.273807,Kolkata,West Bengal,09-12-2024 22.56
3791,-32.0072125,137.711155,Pune,Maharashtra,14-02-2024 3.10
3792,-15.537153,-111.016321,Ahmedabad,Gujarat,29-03-2025 1.45
3793,23.2837925,-140.078462,Mumbai,Maharashtra,06-12-2024 12.05
3794,-21.5577165,-40.051476,Delhi,Delhi,20-03-2024 10.07
3795,84.4210215,-92.318578,Bangalore,Karnataka,17-04-2024 19.32
3796,32.4247555,-135.30331,Hyderabad,Telangana,04-09-2023 4.44
3797,24.177238,-103.096492,Chennai,Tamil Nadu,14-11-2024 20.12
3798,-35.3028125,-142.11944,Kolkata,West Bengal,09-04-2025 8.15
3799,-17.6835735,159.903627,Pune,Maharashtra,22-07-2025 18.56
3800,83.2942065,-76.583942,Ahmedabad,Gujarat,05-03-2024 10.43
3801,61.301539,172.894941,Mumbai,Maharashtra,07-05-2025 14.54
3802,47.2852585,144.777209,Delhi,Delhi,17-04-2023 4.13
3803,22.658728,-97.594925,Bangalore,Karnataka,09-12-2023 19.01
3804,26.400896,23.442886,Hyderabad,Telangana,14-09-2022 14.14
3805,72.0295875,-47.125691,Chennai,Tamil Nadu,03-12-2022 18.34
3806,-17.48881,-113.094492,Kolkata,West Bengal,07-11-2024 22.53
3807,-60.47475,114.403251,Pune,Maharashtra,28-04-2024 6.09
3808,-72.294169,-3.177533,Ahmedabad,Gujarat,25-04-2025 19.47
3809,-66.116182,14.787224,Mumbai,Maharashtra,05-01-2024 10.40
3810,-16.649206,-101.439878,Delhi,Delhi,22-07-2023 1.23
3811,-16.543499,-174.704661,Bangalore,Karnataka,04-01-2023 11.58
3812,11.242037,-60.693553,Hyderabad,Telangana,15-03-2024 12.41
3813,-61.813546,-113.694567,Chennai,Tamil Nadu,05-05-2023 7.59
3814,51.324737,-15.422461,Kolkata,West Bengal,05-02-2025 1.18
3815,41.4309935,-128.707053,Pune,Maharashtra,04-11-2024 1.18
3816,3.657186,127.175024,Ahmedabad,Gujarat,17-10-2023 9.51
3817,58.053491,-34.479009,Mumbai,Maharashtra,06-03-2025 0.15
3818,-63.4071325,-154.249908,Delhi,Delhi,27-04-2023 14.10
3819,-4.638495,29.145223,Bangalore,Karnataka,13-05-2023 0.12
3820,2.656641,105.444674,Hyderabad,Telangana,09-12-2024 8.03
3821,69.6162785,36.171749,Chennai,Tamil Nadu,15-08-2024 2.56
3822,68.997039,-111.510196,Kolkata,West Bengal,11-09-2023 18.44
3823,-87.450543,95.718333,Pune,Maharashtra,03-04-2023 21.23
3824,86.513207,-112.156504,Ahmedabad,Gujarat,14-03-2023 23.22
3825,11.683529,124.706871,Mumbai,Maharashtra,24-09-2023 16.31
3826,-75.809261,163.16439,Delhi,Delhi,02-03-2024 8.28
3827,-23.129608,146.794928,Bangalore,Karnataka,16-05-2024 1.30
3828,32.886152,-81.696507,Hyderabad,Telangana,17-06-2024 5.51
3829,5.026531,71.613047,Chennai,Tamil Nadu,23-09-2024 12.42
3830,-13.0074335,-31.918671,Kolkata,West Bengal,30-05-2024 20.29
3831,49.7460655,-57.183207,Pune,Maharashtra,22-11-2023 10.27
3832,80.6270365,-133.32322,Ahmedabad,Gujarat,23-11-2023 4.08
3833,19.1229815,-12.10065,Mumbai,Maharashtra,23-12-2022 8.56
3834,80.3697255,-137.332253,Delhi,Delhi,02-12-2022 11.34
3835,-25.5656285,-129.730837,Bangalore,Karnataka,18-04-2023 20.06
3836,64.4354,-149.177423,Hyderabad,Telangana,14-12-2022 17.48
3837,-13.267494,117.512263,Chennai,Tamil Nadu,08-09-2024 23.03
3838,-87.12917,47.624472,Kolkata,West Bengal,22-06-2025 1.52
3839,46.54838,-106.75557,Pune,Maharashtra,19-08-2024 11.07
3840,43.628567,96.494687,Ahmedabad,Gujarat,04-07-2025 15.26
3841,52.9175445,-113.056715,Mumbai,Maharashtra,26-04-2024 5.19
3842,-86.2686775,150.866352,Delhi,Delhi,27-05-2023 18.49
3843,-88.0430375,48.158812,Bangalore,Karnataka,31-07-2025 18.46
3844,53.4317265,5.253012,Hyderabad,Telangana,19-08-2023 17.39
3845,87.482573,103.527658,Chennai,Tamil Nadu,03-07-2025 0.31
3846,73.529164,-157.260305,Kolkata,West Bengal,05-03-2025 20.46
3847,30.434114,-89.519892,Pune,Maharashtra,18-06-2025 4.15
3848,50.5303665,-59.167228,Ahmedabad,Gujarat,03-05-2023 21.47
3849,-69.8344905,17.058968,Mumbai,Maharashtra,28-02-2023 10.44
3850,47.891129,9.671945,Delhi,Delhi,23-10-2022 10.11
3851,23.473644,86.023757,Bangalore,Karnataka,16-03-2024 5.55
3852,-44.236059,20.405159,Hyderabad,Telangana,28-01-2023 5.54
3853,0.720069,-45.908318,Chennai,Tamil Nadu,19-11-2024 20.05
3854,-58.3607475,-24.272677,Kolkata,West Bengal,13-11-2023 2.24
3855,39.6877955,-22.404208,Pune,Maharashtra,20-09-2023 14.52
3856,-32.8055455,-178.800468,Ahmedabad,Gujarat,11-04-2025 20.12
3857,62.6973465,31.32392,Mumbai,Maharashtra,09-07-2023 3.51
3858,-8.17556,165.193842,Delhi,Delhi,14-10-2024 4.33
3859,-80.489567,68.601823,Bangalore,Karnataka,21-03-2025 23.35
3860,41.06803,-149.131678,Hyderabad,Telangana,08-02-2024 23.21
3861,-88.4186195,150.460285,Chennai,Tamil Nadu,20-07-2024 11.29
3862,-1.8050465,-19.824216,Kolkata,West Bengal,06-02-2024 2.19
3863,-61.2333665,-177.232746,Pune,Maharashtra,30-01-2024 14.49
3864,-40.0286715,35.858662,Ahmedabad,Gujarat,07-02-2024 2.10
3865,-87.620659,-125.594695,Mumbai,Maharashtra,04-06-2024 13.46
3866,42.0826255,-73.944137,Delhi,Delhi,14-12-2022 23.43
3867,52.0282765,96.122693,Bangalore,Karnataka,01-04-2023 2.59
3868,20.2515565,-113.512488,Hyderabad,Telangana,31-08-2024 12.17
3869,-88.1449895,-96.446567,Chennai,Tamil Nadu,21-05-2025 9.19
3870,-22.8549625,-58.616045,Kolkata,West Bengal,05-08-2024 13.10
3871,16.128327,20.955864,Pune,Maharashtra,13-11-2023 6.24
3872,7.843569,49.964075,Ahmedabad,Gujarat,15-05-2023 8.29
3873,53.996129,-35.323126,Mumbai,Maharashtra,21-01-2023 4.41
3874,27.7282935,172.337451,Delhi,Delhi,17-06-2024 20.39
3875,-46.5579345,-104.905501,Bangalore,Karnataka,05-02-2024 20.33
3876,26.490292,-176.880663,Hyderabad,Telangana,14-02-2024 9.34
3877,-36.7250585,-120.586835,Chennai,Tamil Nadu,26-05-2023 19.49
3878,-13.5228005,-158.387559,Kolkata,West Bengal,01-03-2023 0.12
3879,15.910137,46.052592,Pune,Maharashtra,01-01-2024 20.47
3880,-81.515683,-93.932884,Ahmedabad,Gujarat,05-06-2025 6.10
3881,-36.5835125,77.319535,Mumbai,Maharashtra,03-06-2025 18.18
3882,-18.649958,-116.223865,Delhi,Delhi,20-05-2024 11.49
3883,41.283146,115.345399,Bangalore,Karnataka,13-09-2024 4.20
3884,-55.7921985,-5.577247,Hyderabad,Telangana,17-04-2024 12.42
3885,44.7166365,28.761454,Chennai,Tamil Nadu,25-02-2023 11.51
3886,-60.5438305,-122.082589,Kolkata,West Bengal,07-09-2022 4.51
3887,-56.1439595,-96.49403,Pune,Maharashtra,21-01-2024 21.59
3888,44.2179785,-172.672276,Ahmedabad,Gujarat,03-07-2025 13.56
3889,-26.5136895,-152.061327,Mumbai,Maharashtra,24-06-2025 1.29
3890,1.842774,50.674664,Delhi,Delhi,17-02-2025 21.15
3891,-87.8447615,53.178344,Bangalore,Karnataka,20-08-2024 7.08
3892,-12.2968935,-28.482482,Hyderabad,Telangana,29-08-2024 5.00
3893,-67.8232335,50.291819,Chennai,Tamil Nadu,25-08-2023 4.56
3894,75.7892705,-98.129482,Kolkata,West Bengal,07-10-2024 12.39
3895,-39.8400865,-46.068539,Pune,Maharashtra,16-10-2023 1.51
3896,-59.1245565,-38.518017,Ahmedabad,Gujarat,29-07-2025 5.46
3897,-23.6013175,177.733434,Mumbai,Maharashtra,02-06-2024 0.27
3898,-36.7390605,74.419272,Delhi,Delhi,12-01-2023 10.47
3899,44.8442405,148.082055,Bangalore,Karnataka,13-05-2023 19.26
3900,-39.3545525,137.396043,Hyderabad,Telangana,08-04-2025 7.38
3901,80.316175,-100.153284,Chennai,Tamil Nadu,27-07-2023 16.18
3902,-57.663945,-108.974228,Kolkata,West Bengal,19-04-2024 17.10
3903,-79.70109,-32.971656,Pune,Maharashtra,30-05-2023 21.08
3904,-50.7522845,48.869671,Ahmedabad,Gujarat,01-09-2022 18.42
3905,75.481696,-72.817216,Mumbai,Maharashtra,24-12-2022 14.34
3906,-76.321774,24.200272,Delhi,Delhi,29-04-2024 1.23
3907,50.9208785,-15.478087,Bangalore,Karnataka,28-07-2025 0.03
3908,80.002851,-55.753225,Hyderabad,Telangana,15-07-2023 20.37
3909,0.242055,48.747733,Chennai,Tamil Nadu,18-08-2024 17.56
3910,-73.5315585,93.730984,Kolkata,West Bengal,29-05-2024 18.40
3911,82.838385,-152.26767,Pune,Maharashtra,21-11-2023 1.00
3912,-60.457349,-35.449606,Ahmedabad,Gujarat,21-02-2024 3.21
3913,-14.688839,8.454849,Mumbai,Maharashtra,15-05-2024 19.11
3914,-23.7048615,-8.286733,Delhi,Delhi,18-10-2022 5.16
3915,-41.211419,-158.047815,Bangalore,Karnataka,06-08-2022 4.13
3916,-76.00629,174.566061,Hyderabad,Telangana,17-12-2023 23.50
3917,-33.0977085,-26.821619,Chennai,Tamil Nadu,07-08-2024 15.51
3918,-14.7952965,145.623927,Kolkata,West Bengal,08-01-2023 20.55
3919,25.670858,-80.76478,Pune,Maharashtra,01-09-2023 5.17
3920,41.8786745,15.196192,Ahmedabad,Gujarat,06-01-2024 15.11
3921,-8.299872,-120.12353,Mumbai,Maharashtra,02-01-2023 20.28
3922,89.569238,-172.665496,Delhi,Delhi,01-07-2025 6.54
3923,58.114155,-110.041378,Bangalore,Karnataka,01-01-2024 20.43
3924,6.789424,14.017073,Hyderabad,Telangana,05-02-2025 4.26
3925,51.965328,144.653254,Chennai,Tamil Nadu,04-03-2024 14.12
3926,-26.0446575,169.09942,Kolkata,West Bengal,08-10-2023 0.17
3927,-33.6196155,133.708285,Pune,Maharashtra,23-03-2024 22.38
3928,-66.5840605,-122.895447,Ahmedabad,Gujarat,24-02-2023 1.05
3929,78.9958575,143.107774,Mumbai,Maharashtra,08-02-2023 7.23
3930,-78.9836955,134.907781,Delhi,Delhi,17-05-2025 20.22
3931,-38.8808695,-76.422834,Bangalore,Karnataka,03-08-2025 23.52
3932,29.6604195,-127.044444,Hyderabad,Telangana,29-11-2022 15.57
3933,56.721189,152.328661,Chennai,Tamil Nadu,20-01-2024 0.24
3934,-9.0730405,74.583388,Kolkata,West Bengal,15-06-2023 3.19
3935,53.2257645,-97.497784,Pune,Maharashtra,12-10-2022 9.38
3936,-55.685373,-77.078233,Ahmedabad,Gujarat,16-05-2024 0.20
3937,57.7725585,-44.426402,Mumbai,Maharashtra,22-12-2024 19.27
3938,3.2382455,16.501209,Delhi,Delhi,02-07-2024 0.52
3939,79.078001,-116.955821,Bangalore,Karnataka,12-06-2024 20.11
3940,-71.8246385,79.212344,Hyderabad,Telangana,17-05-2024 5.51
3941,50.596495,90.512839,Chennai,Tamil Nadu,08-09-2022 7.48
3942,-45.188693,141.668172,Kolkata,West Bengal,05-10-2023 5.15
3943,-55.3894785,-24.491925,Pune,Maharashtra,14-10-2022 22.34
3944,61.9813835,-147.361798,Ahmedabad,Gujarat,18-07-2025 3.06
3945,-38.9460155,33.402872,Mumbai,Maharashtra,12-09-2024 8.09
3946,52.933786,95.676606,Delhi,Delhi,29-11-2022 19.54
3947,-45.569042,55.012527,Bangalore,Karnataka,04-10-2024 11.31
3948,13.1195935,121.989128,Hyderabad,Telangana,02-04-2024 13.42
3949,17.6020725,145.997887,Chennai,Tamil Nadu,01-10-2023 2.17
3950,-34.454101,-81.180133,Kolkata,West Bengal,10-08-2022 22.29
3951,-47.049508,127.035388,Pune,Maharashtra,09-07-2023 16.42
3952,68.9440565,-175.242616,Ahmedabad,Gujarat,09-10-2024 22.39
3953,32.2565095,90.4851,Mumbai,Maharashtra,29-10-2024 0.23
3954,-20.5196105,-17.107906,Delhi,Delhi,13-07-2023 14.59
3955,-10.4454795,-35.842295,Bangalore,Karnataka,10-12-2024 1.55
3956,-58.0284245,-88.136504,Hyderabad,Telangana,19-07-2023 4.56
3957,-77.755997,106.455954,Chennai,Tamil Nadu,10-08-2023 9.36
3958,-11.6589115,-159.013354,Kolkata,West Bengal,24-04-2025 22.50
3959,-50.234114,-30.880616,Pune,Maharashtra,27-02-2023 21.47
3960,-17.405697,-152.340425,Ahmedabad,Gujarat,29-04-2025 7.08
3961,-23.157405,-67.271936,Mumbai,Maharashtra,12-11-2024 19.23
3962,-58.8118685,-179.248402,Delhi,Delhi,08-05-2025 23.30
3963,3.2710935,159.669034,Bangalore,Karnataka,02-03-2025 10.14
3964,9.082254,-5.75217,Hyderabad,Telangana,12-12-2022 15.53
3965,57.444904,-38.245583,Chennai,Tamil Nadu,28-02-2023 21.39
3966,19.6137065,148.286918,Kolkata,West Bengal,06-11-2023 10.44
3967,-2.8564185,-149.256931,Pune,Maharashtra,03-04-2025 17.33
3968,-87.206073,10.848564,Ahmedabad,Gujarat,11-07-2023 23.35
3969,-14.9213395,-85.115991,Mumbai,Maharashtra,07-09-2023 0.08
3970,-85.8020755,108.508357,Delhi,Delhi,22-05-2025 10.49
3971,66.567991,-122.853994,Bangalore,Karnataka,09-07-2025 7.03
3972,12.5372375,171.019472,Hyderabad,Telangana,09-09-2023 2.46
3973,78.1022395,160.540195,Chennai,Tamil Nadu,01-03-2025 3.44
3974,57.875134,-69.319228,Kolkata,West Bengal,22-06-2024 6.05
3975,-30.7726585,-5.912612,Pune,Maharashtra,26-09-2023 21.35
3976,-35.2610095,132.278373,Ahmedabad,Gujarat,09-04-2025 16.55
3977,16.1564015,-96.44062,Mumbai,Maharashtra,28-06-2024 6.25
3978,-27.797294,52.9502,Delhi,Delhi,29-02-2024 0.08
3979,-50.1818445,77.164865,Bangalore,Karnataka,28-12-2022 21.18
3980,43.1335655,-82.55066,Hyderabad,Telangana,18-07-2024 23.33
3981,-40.331919,-85.451367,Chennai,Tamil Nadu,25-05-2023 17.27
3982,62.9164,83.345048,Kolkata,West Bengal,12-05-2023 14.17
3983,83.8292105,-28.578646,Pune,Maharashtra,07-09-2022 0.57
3984,-6.741999,-92.53372,Ahmedabad,Gujarat,08-05-2023 10.39
3985,15.816541,146.321994,Mumbai,Maharashtra,24-05-2023 3.43
3986,-71.3560515,-102.947019,Delhi,Delhi,25-11-2022 6.25
3987,24.4595445,-48.330351,Bangalore,Karnataka,12-07-2024 4.46
3988,83.172747,36.092849,Hyderabad,Telangana,08-01-2023 1.14
3989,51.406041,-106.292298,Chennai,Tamil Nadu,23-08-2022 15.45
3990,71.9453705,-126.457894,Kolkata,West Bengal,14-03-2024 8.27
3991,13.076679,-168.878228,Pune,Maharashtra,23-01-2023 6.40
3992,-86.3621465,166.003699,Ahmedabad,Gujarat,12-10-2022 6.59
3993,-54.518457,-46.6719,Mumbai,Maharashtra,13-12-2022 4.55
3994,-18.151511,-103.423093,Delhi,Delhi,05-04-2025 22.50
3995,70.9638805,-172.753908,Bangalore,Karnataka,19-08-2022 22.33
3996,-61.454857,111.182765,Hyderabad,Telangana,13-01-2024 0.20
3997,-67.19233,-71.379395,Chennai,Tamil Nadu,09-03-2023 15.07
3998,38.963218,122.178453,Kolkata,West Bengal,25-06-2024 13.55
3999,-46.2062465,-14.97394,Pune,Maharashtra,02-01-2024 17.01
4000,38.555991,-97.046292,Ahmedabad,Gujarat,19-08-2023 2.06
4001,-75.001033,111.803535,Mumbai,Maharashtra,15-07-2025 9.25
4002,-18.205156,156.878903,Delhi,Delhi,26-11-2024 19.36
4003,-56.962167,-168.614094,Bangalore,Karnataka,13-10-2022 12.17
4004,-62.400726,112.4025,Hyderabad,Telangana,09-11-2023 7.27
4005,-62.4676245,94.632242,Chennai,Tamil Nadu,11-05-2024 11.11
4006,-51.92645,-179.350164,Kolkata,West Bengal,19-07-2023 19.14
4007,-83.5573145,-58.304709,Pune,Maharashtra,29-05-2024 21.00
4008,13.450477,-100.877838,Ahmedabad,Gujarat,05-02-2024 4.35
4009,85.923094,-26.000615,Mumbai,Maharashtra,22-07-2023 5.49
4010,13.278878,-119.651055,Delhi,Delhi,07-09-2024 8.39
4011,-44.484338,-120.871369,Bangalore,Karnataka,20-07-2023 3.03
4012,-62.690383,-28.702114,Hyderabad,Telangana,11-02-2024 9.39
4013,-69.5210745,150.549684,Chennai,Tamil Nadu,05-01-2024 18.24
4014,-58.2304025,13.538476,Kolkata,West Bengal,15-12-2022 1.59
4015,-78.3641725,144.541892,Pune,Maharashtra,28-03-2023 1.46
4016,-42.2002955,50.118122,Ahmedabad,Gujarat,06-11-2024 10.00
4017,-0.115982,141.913965,Mumbai,Maharashtra,14-05-2023 2.02
4018,24.1507155,-99.351233,Delhi,Delhi,06-06-2025 22.00
4019,-9.0495925,155.414543,Bangalore,Karnataka,25-10-2023 4.35
4020,3.519068,-124.206998,Hyderabad,Telangana,30-09-2023 11.20
4021,44.0166105,175.264508,Chennai,Tamil Nadu,29-02-2024 17.45
4022,-18.756969,-138.999441,Kolkata,West Bengal,08-08-2022 17.28
4023,-50.0989635,172.109001,Pune,Maharashtra,21-03-2023 1.29
4024,-4.031934,-100.661117,Ahmedabad,Gujarat,03-04-2024 2.51
4025,29.9088805,76.856229,Mumbai,Maharashtra,17-11-2022 21.53
4026,-59.622762,130.227032,Delhi,Delhi,30-05-2024 8.51
4027,-15.247129,-102.332054,Bangalore,Karnataka,23-12-2022 20.21
4028,-3.281011,-111.529765,Hyderabad,Telangana,14-05-2023 20.56
4029,13.352321,9.305384,Chennai,Tamil Nadu,14-12-2023 9.12
4030,42.662541,47.543111,Kolkata,West Bengal,21-08-2024 23.59
4031,21.117339,143.058375,Pune,Maharashtra,20-04-2025 6.34
4032,-0.486132,-105.793018,Ahmedabad,Gujarat,17-05-2025 5.25
4033,-23.9895405,25.720994,Mumbai,Maharashtra,16-05-2024 17.00
4034,57.462135,86.879761,Delhi,Delhi,19-11-2024 6.12
4035,53.2829665,84.463366,Bangalore,Karnataka,09-11-2024 12.20
4036,53.9384625,-56.458209,Hyderabad,Telangana,24-03-2024 20.11
4037,-67.5540395,131.902639,Chennai,Tamil Nadu,21-05-2024 15.36
4038,51.450975,130.245048,Kolkata,West Bengal,17-07-2025 15.45
4039,-31.1229815,-133.157896,Pune,Maharashtra,05-08-2023 16.53
4040,7.095637,-178.461272,Ahmedabad,Gujarat,17-06-2023 3.03
4041,-85.395083,14.561181,Mumbai,Maharashtra,19-12-2024 17.57
4042,37.218635,-108.277979,Delhi,Delhi,23-01-2023 11.10
4043,-74.007318,7.554531,Bangalore,Karnataka,16-02-2024 22.01
4044,-52.593714,-21.785597,Hyderabad,Telangana,20-07-2024 12.46
4045,-51.3076485,116.084514,Chennai,Tamil Nadu,20-05-2024 11.08
4046,-24.9050975,-66.861238,Kolkata,West Bengal,20-07-2023 5.28
4047,-75.0036755,-106.018483,Pune,Maharashtra,03-02-2023 11.07
4048,-51.5931735,22.647715,Ahmedabad,Gujarat,15-09-2022 6.32
4049,24.006885,19.546452,Mumbai,Maharashtra,28-10-2022 8.37
4050,-61.543203,175.809758,Delhi,Delhi,24-01-2025 20.08
4051,-70.1974375,75.994314,Bangalore,Karnataka,12-02-2025 23.24
4052,-47.540705,-163.794159,Hyderabad,Telangana,21-03-2023 12.34
4053,8.0444995,-104.152223,Chennai,Tamil Nadu,06-12-2022 1.20
4054,-24.2210165,-138.625884,Kolkata,West Bengal,24-08-2022 17.27
4055,62.788939,43.603983,Pune,Maharashtra,25-03-2023 22.06
4056,-41.0307935,72.203022,Ahmedabad,Gujarat,11-03-2023 0.01
4057,51.58629,-19.203029,Mumbai,Maharashtra,04-08-2024 17.59
4058,20.467224,1.106416,Delhi,Delhi,25-06-2024 0.47
4059,83.0998395,-172.908246,Bangalore,Karnataka,24-10-2023 19.46
4060,-60.1320815,-96.308624,Hyderabad,Telangana,06-11-2022 13.14
4061,82.4575095,-162.756187,Chennai,Tamil Nadu,28-02-2025 21.28
4062,-43.40492,90.204672,Kolkata,West Bengal,11-04-2023 10.29
4063,-87.082757,32.810628,Pune,Maharashtra,24-05-2024 9.58
4064,31.9492905,117.510194,Ahmedabad,Gujarat,10-09-2023 5.12
4065,63.5625645,89.440715,Mumbai,Maharashtra,23-11-2023 18.01
4066,-28.980634,47.456236,Delhi,Delhi,05-04-2023 22.12
4067,-17.031833,-130.641954,Bangalore,Karnataka,23-10-2024 11.13
4068,11.350565,-112.819543,Hyderabad,Telangana,30-06-2023 11.07
4069,17.482206,152.346591,Chennai,Tamil Nadu,31-10-2022 7.57
4070,-31.2377575,30.609606,Kolkata,West Bengal,17-05-2023 16.51
4071,60.1344165,144.851679,Pune,Maharashtra,03-12-2022 6.49
4072,35.7448565,76.310906,Ahmedabad,Gujarat,04-12-2023 20.48
4073,85.207808,164.612518,Mumbai,Maharashtra,25-04-2024 15.28
4074,12.1316555,-91.510593,Delhi,Delhi,29-10-2022 6.33
4075,9.717902,167.16607,Bangalore,Karnataka,25-05-2024 8.23
4076,-37.727405,-35.08804,Hyderabad,Telangana,20-01-2023 17.43
4077,-61.975322,-138.226837,Chennai,Tamil Nadu,19-02-2024 18.44
4078,71.917627,0.104976,Kolkata,West Bengal,17-09-2022 21.59
4079,-25.7016775,-28.491308,Pune,Maharashtra,15-04-2023 4.23
4080,55.3760305,-122.842283,Ahmedabad,Gujarat,14-11-2022 19.31
4081,-33.1158575,140.571398,Mumbai,Maharashtra,22-08-2022 9.30
4082,-7.0212005,-79.205811,Delhi,Delhi,09-12-2024 8.47
4083,-35.849612,162.73246,Bangalore,Karnataka,24-09-2022 14.58
4084,-25.485523,-35.491524,Hyderabad,Telangana,15-12-2022 10.44
4085,63.041167,123.222981,Chennai,Tamil Nadu,14-10-2022 1.17
4086,61.3276215,79.741902,Kolkata,West Bengal,15-10-2022 7.20
4087,-77.1019705,-11.110992,Pune,Maharashtra,28-12-2022 3.24
4088,-7.1595135,-175.44802,Ahmedabad,Gujarat,10-02-2024 9.05
4089,-14.1932435,33.747844,Mumbai,Maharashtra,20-09-2024 9.39
4090,-37.6863035,-11.168896,Delhi,Delhi,03-04-2024 4.24
4091,5.519345,-110.466152,Bangalore,Karnataka,31-07-2025 21.11
4092,-63.859799,-2.124902,Hyderabad,Telangana,29-04-2024 0.59
4093,45.1782985,-125.774489,Chennai,Tamil Nadu,23-09-2024 10.46
4094,-49.6845755,-167.284048,Kolkata,West Bengal,02-02-2025 11.44
4095,12.5723375,76.062208,Pune,Maharashtra,01-02-2025 5.16
4096,-79.9582885,-24.243341,Ahmedabad,Gujarat,12-04-2023 19.04
4097,-49.3218785,68.628261,Mumbai,Maharashtra,05-12-2022 16.22
4098,78.027904,-129.91485,Delhi,Delhi,31-07-2023 1.48
4099,-32.1126475,171.231769,Bangalore,Karnataka,12-03-2023 3.59
4100,-46.7692685,89.305141,Hyderabad,Telangana,15-10-2024 9.20
4101,73.4071105,169.714982,Chennai,Tamil Nadu,26-10-2024 5.48
4102,1.6479685,60.239104,Kolkata,West Bengal,25-02-2023 3.39
4103,1.005179,-23.855611,Pune,Maharashtra,16-02-2024 1.49
4104,77.3616595,51.338452,Ahmedabad,Gujarat,06-10-2022 12.02
4105,14.0547835,-51.628457,Mumbai,Maharashtra,25-06-2023 17.38
4106,73.849574,145.814635,Delhi,Delhi,29-11-2022 20.23
4107,-49.0900585,124.352582,Bangalore,Karnataka,06-04-2025 13.56
4108,43.5527675,-127.705531,Hyderabad,Telangana,28-08-2022 13.19
4109,-51.715059,-13.815739,Chennai,Tamil Nadu,02-12-2024 6.57
4110,-66.601103,87.85148,Kolkata,West Bengal,29-12-2022 13.04
4111,32.0865545,-11.573553,Pune,Maharashtra,25-04-2023 23.46
4112,-10.6482835,-93.31012,Ahmedabad,Gujarat,19-11-2022 5.30
4113,-14.8065795,129.51232,Mumbai,Maharashtra,20-02-2024 18.06
4114,4.8566285,-132.095414,Delhi,Delhi,23-11-2022 20.18
4115,-41.900057,67.358521,Bangalore,Karnataka,10-09-2023 1.06
4116,37.040019,-42.546927,Hyderabad,Telangana,22-06-2024 0.53
4117,84.561451,-104.597961,Chennai,Tamil Nadu,13-02-2023 22.02
4118,62.6682235,82.132054,Kolkata,West Bengal,05-10-2022 20.22
4119,7.5688,-26.119338,Pune,Maharashtra,19-04-2024 4.20
4120,19.799021,152.690045,Ahmedabad,Gujarat,27-06-2025 14.17
4121,-55.376058,56.667557,Mumbai,Maharashtra,26-02-2024 1.01
4122,47.567601,155.346701,Delhi,Delhi,05-12-2023 13.47
4123,10.3097935,-135.176354,Bangalore,Karnataka,30-06-2025 2.32
4124,20.9159825,91.625773,Hyderabad,Telangana,04-07-2024 12.54
4125,-19.4478,-157.088727,Chennai,Tamil Nadu,26-03-2025 10.24
4126,82.836675,-149.366857,Kolkata,West Bengal,20-08-2023 15.40
4127,60.5387135,-175.735662,Pune,Maharashtra,02-04-2023 10.44
4128,-61.734281,-23.952779,Ahmedabad,Gujarat,11-03-2024 3.53
4129,-47.5319525,126.088215,Mumbai,Maharashtra,16-04-2024 14.30
4130,-70.4099355,-60.250249,Delhi,Delhi,30-03-2024 10.15
4131,34.0919595,179.247473,Bangalore,Karnataka,28-12-2022 14.17
4132,3.667321,70.116128,Hyderabad,Telangana,02-08-2024 2.46
4133,82.465614,107.288082,Chennai,Tamil Nadu,27-07-2024 11.13
4134,-60.708577,-133.924371,Kolkata,West Bengal,12-05-2023 9.19
4135,-60.9154675,33.108157,Pune,Maharashtra,08-06-2024 3.55
4136,-36.4549115,35.564661,Ahmedabad,Gujarat,28-12-2023 23.50
4137,-72.6935545,-9.658988,Mumbai,Maharashtra,19-01-2024 6.43
4138,72.2341805,81.07765,Delhi,Delhi,01-07-2023 15.51
4139,37.83419,-118.621464,Bangalore,Karnataka,11-10-2023 18.49
4140,32.025027,-159.447328,Hyderabad,Telangana,29-11-2024 2.21
4141,-48.1935635,72.311906,Chennai,Tamil Nadu,19-03-2023 9.23
4142,81.856777,-65.394089,Kolkata,West Bengal,15-12-2023 17.40
4143,62.52679,-163.183459,Pune,Maharashtra,24-02-2025 2.02
4144,12.0819315,-146.499118,Ahmedabad,Gujarat,17-02-2024 21.40
4145,25.456702,74.159864,Mumbai,Maharashtra,02-07-2023 21.09
4146,-75.4836765,-66.455624,Delhi,Delhi,09-09-2022 23.37
4147,23.5268175,-35.126398,Bangalore,Karnataka,31-08-2023 22.08
4148,80.641009,-85.454015,Hyderabad,Telangana,13-12-2022 4.45
4149,-51.952524,-142.81683,Chennai,Tamil Nadu,04-10-2023 20.10
4150,18.7347425,-136.132753,Kolkata,West Bengal,11-11-2023 19.03
4151,31.177382,45.336458,Pune,Maharashtra,28-10-2024 13.23
4152,-32.5266535,179.512597,Ahmedabad,Gujarat,12-09-2023 9.08
4153,-40.586861,-151.14733,Mumbai,Maharashtra,26-12-2022 22.42
4154,25.0337995,3.620131,Delhi,Delhi,09-11-2023 13.40
4155,-45.8334325,-73.374588,Bangalore,Karnataka,29-01-2024 22.12
4156,22.501588,78.570591,Hyderabad,Telangana,13-08-2024 0.09
4157,53.748875,-93.730666,Chennai,Tamil Nadu,22-07-2025 14.44
4158,27.2483085,10.424018,Kolkata,West Bengal,16-07-2025 17.29
4159,63.093269,28.916855,Pune,Maharashtra,20-08-2022 18.31
4160,60.5677135,140.580999,Ahmedabad,Gujarat,09-06-2023 19.06
4161,-69.1133825,178.609631,Mumbai,Maharashtra,19-01-2025 23.53
4162,75.4937815,-102.35921,Delhi,Delhi,21-12-2023 5.52
4163,88.258037,-10.072147,Bangalore,Karnataka,27-08-2022 9.10
4164,-49.59878,66.240709,Hyderabad,Telangana,22-03-2023 10.56
4165,44.068924,-10.129833,Chennai,Tamil Nadu,28-01-2023 19.49
4166,19.088583,-38.90888,Kolkata,West Bengal,22-10-2024 5.02
4167,-89.0129925,61.892,Pune,Maharashtra,16-02-2023 15.19
4168,80.2667445,61.231482,Ahmedabad,Gujarat,23-04-2025 20.46
4169,65.2568995,-127.684045,Mumbai,Maharashtra,01-10-2022 0.32
4170,-31.3138975,-79.252445,Delhi,Delhi,19-05-2024 1.33
4171,56.5889045,-90.82519,Bangalore,Karnataka,23-02-2025 21.02
4172,11.34957,-63.962179,Hyderabad,Telangana,28-01-2024 1.49
4173,-33.692153,-77.372294,Chennai,Tamil Nadu,26-06-2025 2.37
4174,64.8433495,-172.28462,Kolkata,West Bengal,02-03-2024 12.24
4175,7.655331,-171.307378,Pune,Maharashtra,17-11-2023 9.33
4176,-7.5995975,89.554939,Ahmedabad,Gujarat,15-02-2023 3.05
4177,43.984367,168.381803,Mumbai,Maharashtra,13-07-2024 17.04
4178,21.1467,40.324743,Delhi,Delhi,02-02-2024 17.39
4179,4.5459795,111.23476,Bangalore,Karnataka,27-05-2024 21.03
4180,50.4373295,0.295543,Hyderabad,Telangana,28-01-2023 11.21
4181,-42.8053405,66.329024,Chennai,Tamil Nadu,31-05-2024 19.32
4182,10.159036,-85.030133,Kolkata,West Bengal,11-12-2024 0.23
4183,69.690054,-92.674114,Pune,Maharashtra,25-11-2024 11.55
4184,27.0046165,24.85025,Ahmedabad,Gujarat,22-10-2023 2.51
4185,87.06153,54.877625,Mumbai,Maharashtra,16-04-2025 9.28
4186,-13.9660975,153.062091,Delhi,Delhi,06-01-2023 11.37
4187,-66.4796375,-124.266335,Bangalore,Karnataka,22-12-2022 14.11
4188,84.3822735,-171.181096,Hyderabad,Telangana,19-03-2025 16.06
4189,20.4020445,-124.339746,Chennai,Tamil Nadu,14-09-2024 11.34
4190,77.4569325,112.4517,Kolkata,West Bengal,07-01-2023 5.24
4191,80.0606135,58.426175,Pune,Maharashtra,25-09-2024 6.55
4192,66.0237005,-162.478932,Ahmedabad,Gujarat,07-06-2025 14.17
4193,-12.179366,45.829841,Mumbai,Maharashtra,30-06-2023 11.22
4194,-30.171275,64.077558,Delhi,Delhi,09-12-2024 4.56
4195,12.295338,-118.527687,Bangalore,Karnataka,05-06-2023 3.15
4196,36.050375,-113.191481,Hyderabad,Telangana,01-02-2024 0.04
4197,34.5398585,41.692651,Chennai,Tamil Nadu,03-05-2025 2.21
4198,16.2490505,-175.917026,Kolkata,West Bengal,09-03-2024 7.59
4199,-29.8874765,92.494636,Pune,Maharashtra,19-10-2023 21.47
4200,-18.164219,173.627123,Ahmedabad,Gujarat,20-09-2023 5.29
4201,-7.4838315,42.649237,Mumbai,Maharashtra,16-06-2025 6.43
4202,-25.1582225,-177.767929,Delhi,Delhi,10-05-2024 8.02
4203,-81.228976,-171.662359,Bangalore,Karnataka,15-09-2022 2.48
4204,-48.828619,21.007551,Hyderabad,Telangana,19-10-2024 12.36
4205,71.0466915,-9.559073,Chennai,Tamil Nadu,07-01-2024 21.18
4206,-44.2557135,127.190793,Kolkata,West Bengal,03-06-2024 8.32
4207,-25.0839555,118.360415,Pune,Maharashtra,04-04-2024 7.17
4208,-38.283117,150.856317,Ahmedabad,Gujarat,02-05-2025 10.30
4209,15.580426,-152.307666,Mumbai,Maharashtra,19-01-2025 0.11
4210,25.1863115,-110.8132,Delhi,Delhi,19-04-2025 18.14
4211,14.800341,-86.736252,Bangalore,Karnataka,22-04-2024 13.37
4212,-4.6039855,97.711017,Hyderabad,Telangana,08-04-2023 11.27
4213,27.414095,-55.99919,Chennai,Tamil Nadu,07-01-2023 0.47
4214,-56.088473,90.720941,Kolkata,West Bengal,05-02-2023 5.30
4215,79.501171,129.738947,Pune,Maharashtra,05-04-2024 7.31
4216,78.394494,-40.29002,Ahmedabad,Gujarat,11-12-2024 6.03
4217,-47.304492,-6.91033,Mumbai,Maharashtra,17-06-2023 21.04
4218,-64.967205,-129.928514,Delhi,Delhi,14-09-2022 4.11
4219,27.419317,-173.805519,Bangalore,Karnataka,08-04-2025 7.07
4220,69.259587,-97.83265,Hyderabad,Telangana,17-09-2022 13.23
4221,75.919859,111.881942,Chennai,Tamil Nadu,05-12-2022 17.06
4222,63.489739,25.302041,Kolkata,West Bengal,13-09-2022 15.07
4223,-54.956285,63.581692,Pune,Maharashtra,16-04-2025 22.45
4224,79.517471,12.264938,Ahmedabad,Gujarat,22-05-2023 3.31
4225,-25.6501465,170.320467,Mumbai,Maharashtra,15-07-2023 19.53
4226,-10.295471,-75.938895,Delhi,Delhi,14-11-2024 2.03
4227,-24.1650185,22.994626,Bangalore,Karnataka,13-09-2023 23.38
4228,86.9681405,-152.217539,Hyderabad,Telangana,06-10-2023 11.40
4229,-67.729691,-102.814324,Chennai,Tamil Nadu,06-04-2025 0.50
4230,-83.7881825,162.731178,Kolkata,West Bengal,21-01-2025 8.09
4231,-62.238612,-120.444093,Pune,Maharashtra,18-07-2024 13.46
4232,69.9591975,-114.134355,Ahmedabad,Gujarat,18-01-2023 16.21
4233,-51.926353,-28.353809,Mumbai,Maharashtra,16-09-2023 8.07
4234,-41.513122,-130.190651,Delhi,Delhi,03-12-2022 13.14
4235,42.6728955,14.023707,Bangalore,Karnataka,24-06-2023 10.01
4236,14.904632,-125.952283,Hyderabad,Telangana,06-09-2024 3.26
4237,-84.1059705,42.127727,Chennai,Tamil Nadu,27-11-2022 15.21
4238,40.5984905,155.910874,Kolkata,West Bengal,01-12-2022 21.23
4239,-33.549106,45.435916,Pune,Maharashtra,10-03-2024 6.44
4240,-5.8226845,160.13553,Ahmedabad,Gujarat,05-07-2024 18.13
4241,-46.754069,-83.467156,Mumbai,Maharashtra,12-11-2023 10.38
4242,-87.277987,-84.073479,Delhi,Delhi,26-05-2025 2.23
4243,62.2817825,158.880115,Bangalore,Karnataka,04-03-2025 17.58
4244,-81.557577,-117.074898,Hyderabad,Telangana,19-01-2024 21.09
4245,3.089046,79.797734,Chennai,Tamil Nadu,16-03-2025 4.00
4246,71.0593585,113.390707,Kolkata,West Bengal,13-08-2022 3.12
4247,-47.482974,100.111622,Pune,Maharashtra,04-09-2023 16.44
4248,-57.359963,-76.466992,Ahmedabad,Gujarat,03-03-2025 21.41
4249,-82.066325,107.738208,Mumbai,Maharashtra,10-09-2022 3.10
4250,49.0482035,94.740852,Delhi,Delhi,30-03-2023 0.07
4251,-31.935659,15.899174,Bangalore,Karnataka,30-01-2023 15.52
4252,-31.760838,-164.163588,Hyderabad,Telangana,27-12-2023 3.49
4253,-52.804236,-62.01665,Chennai,Tamil Nadu,12-12-2022 23.13
4254,-56.0213735,-36.338427,Kolkata,West Bengal,04-10-2023 11.16
4255,39.271771,-73.035167,Pune,Maharashtra,26-12-2022 5.08
4256,3.564085,116.082756,Ahmedabad,Gujarat,14-05-2025 1.45
4257,-10.9938415,70.742203,Mumbai,Maharashtra,13-09-2024 13.04
4258,27.054499,95.230386,Delhi,Delhi,17-04-2024 15.10
4259,-38.1773965,-45.732261,Bangalore,Karnataka,01-05-2023 0.38
4260,-36.8829475,-29.094842,Hyderabad,Telangana,06-04-2024 13.51
4261,-62.3794415,133.343769,Chennai,Tamil Nadu,03-02-2025 2.46
4262,-6.3595035,-91.065661,Kolkata,West Bengal,21-06-2023 2.12
4263,40.9513495,52.718328,Pune,Maharashtra,28-06-2024 10.13
4264,23.7461215,140.152112,Ahmedabad,Gujarat,01-10-2023 8.59
4265,-4.4365505,154.422777,Mumbai,Maharashtra,19-01-2023 10.20
4266,73.019684,25.646174,Delhi,Delhi,02-06-2024 6.11
4267,-36.3878635,124.482062,Bangalore,Karnataka,04-02-2024 13.53
4268,10.384253,159.677401,Hyderabad,Telangana,13-11-2022 4.16
4269,30.6358035,-90.208849,Chennai,Tamil Nadu,26-09-2022 18.54
4270,47.2662985,-44.137484,Kolkata,West Bengal,02-02-2025 0.19
4271,20.0070695,-22.44259,Pune,Maharashtra,28-02-2025 10.36
4272,83.167166,104.809045,Ahmedabad,Gujarat,03-02-2024 13.12
4273,16.919632,-163.92611,Mumbai,Maharashtra,30-01-2023 10.42
4274,-41.7073245,-6.76187,Delhi,Delhi,02-06-2024 8.57
4275,-40.093852,12.062624,Bangalore,Karnataka,21-08-2023 10.22
4276,-70.5007585,-64.473882,Hyderabad,Telangana,21-05-2025 21.17
4277,9.7668005,19.696805,Chennai,Tamil Nadu,18-03-2023 15.43
4278,-5.589693,-114.338751,Kolkata,West Bengal,20-08-2022 7.23
4279,-4.479379,-174.147558,Pune,Maharashtra,29-12-2023 5.23
4280,-32.615901,69.847173,Ahmedabad,Gujarat,02-01-2025 21.02
4281,-3.681564,-55.097658,Mumbai,Maharashtra,24-12-2024 19.43
4282,-72.22014,27.01253,Delhi,Delhi,19-10-2023 22.09
4283,71.5449715,-66.089326,Bangalore,Karnataka,01-11-2024 10.00
4284,-31.625107,-124.745144,Hyderabad,Telangana,23-12-2024 18.18
4285,-15.3619325,146.366175,Chennai,Tamil Nadu,13-06-2025 5.48
4286,-69.9145325,128.136196,Kolkata,West Bengal,05-05-2025 6.56
4287,23.21269,53.649209,Pune,Maharashtra,12-12-2023 0.04
4288,-4.0680625,-73.618806,Ahmedabad,Gujarat,07-06-2023 13.32
4289,-76.6695655,85.178937,Mumbai,Maharashtra,17-09-2024 23.18
4290,-77.439411,-32.674326,Delhi,Delhi,20-05-2024 17.06
4291,-57.9866485,-113.37825,Bangalore,Karnataka,08-07-2024 17.18
4292,-44.0600285,142.890638,Hyderabad,Telangana,26-12-2023 3.01
4293,68.691283,25.545067,Chennai,Tamil Nadu,07-08-2023 14.41
4294,64.729907,-168.581456,Kolkata,West Bengal,22-10-2023 3.11
4295,-85.2121055,165.565878,Pune,Maharashtra,15-01-2025 18.05
4296,-88.752578,67.911875,Ahmedabad,Gujarat,21-10-2023 2.10
4297,-54.819374,36.257399,Mumbai,Maharashtra,01-10-2022 20.00
4298,53.201458,103.206753,Delhi,Delhi,05-10-2022 2.45
4299,0.5674025,166.161303,Bangalore,Karnataka,30-08-2022 14.55
4300,-71.356053,72.272072,Hyderabad,Telangana,31-12-2022 2.34
4301,21.421885,-18.402781,Chennai,Tamil Nadu,06-10-2023 0.49
4302,-4.8550485,5.663098,Kolkata,West Bengal,18-04-2024 6.10
4303,-68.5876525,118.741924,Pune,Maharashtra,04-12-2023 20.14
4304,42.5584215,148.737147,Ahmedabad,Gujarat,17-10-2022 11.15
4305,15.5830445,-19.774199,Mumbai,Maharashtra,22-07-2025 6.02
4306,32.0258565,84.858082,Delhi,Delhi,27-04-2025 6.05
4307,-57.408461,20.739299,Bangalore,Karnataka,22-03-2025 8.06
4308,-62.4199705,-164.276026,Hyderabad,Telangana,19-07-2023 8.06
4309,-77.1595945,-174.418676,Chennai,Tamil Nadu,08-03-2023 20.38
4310,-61.7778535,-6.666374,Kolkata,West Bengal,08-07-2025 11.47
4311,26.95262,-58.483964,Pune,Maharashtra,26-04-2023 17.26
4312,-66.3731905,-77.371923,Ahmedabad,Gujarat,29-02-2024 9.04
4313,54.299725,-177.34713,Mumbai,Maharashtra,09-07-2025 11.44
4314,-75.9095595,-40.581234,Delhi,Delhi,11-10-2022 6.14
4315,-60.2563855,-154.228377,Bangalore,Karnataka,21-11-2023 1.00
4316,-69.85602,-38.412574,Hyderabad,Telangana,29-12-2023 22.31
4317,74.483994,23.772824,Chennai,Tamil Nadu,28-09-2023 15.18
4318,-44.2750725,-106.038877,Kolkata,West Bengal,27-01-2025 16.57
4319,33.66654,-115.628415,Pune,Maharashtra,17-02-2023 12.38
4320,-4.279788,-100.542311,Ahmedabad,Gujarat,28-01-2025 18.12
4321,20.9427415,161.935041,Mumbai,Maharashtra,29-06-2024 9.24
4322,89.378035,-114.301331,Delhi,Delhi,23-10-2024 21.00
4323,51.623575,-50.869959,Bangalore,Karnataka,19-01-2025 1.21
4324,38.2925035,175.016076,Hyderabad,Telangana,04-09-2024 16.38
4325,-14.6926865,-7.175153,Chennai,Tamil Nadu,24-08-2024 4.50
4326,-29.379082,-130.715587,Kolkata,West Bengal,19-09-2023 3.52
4327,-10.480242,-135.550162,Pune,Maharashtra,04-02-2024 17.24
4328,59.92529,-49.87524,Ahmedabad,Gujarat,25-05-2025 19.28
4329,83.713782,-69.462985,Mumbai,Maharashtra,19-07-2025 22.25
4330,-69.0575435,-139.657159,Delhi,Delhi,11-09-2024 16.29
4331,-73.822219,-65.928097,Bangalore,Karnataka,25-08-2022 17.42
4332,89.9856925,-63.963154,Hyderabad,Telangana,01-08-2024 14.09
4333,13.3638165,-79.112599,Chennai,Tamil Nadu,31-08-2024 20.59
4334,-61.9391745,2.777776,Kolkata,West Bengal,25-06-2023 11.42
4335,68.517336,103.277059,Pune,Maharashtra,11-10-2024 16.50
4336,-5.8833275,-12.589999,Ahmedabad,Gujarat,10-07-2024 15.24
4337,85.9028935,-97.322458,Mumbai,Maharashtra,27-09-2024 1.47
4338,-61.636983,-110.174296,Delhi,Delhi,11-07-2023 5.08
4339,7.6148855,27.0044,Bangalore,Karnataka,08-07-2024 4.08
4340,76.558309,95.663908,Hyderabad,Telangana,16-06-2023 17.24
4341,17.4291865,-79.093246,Chennai,Tamil Nadu,19-11-2022 23.18
4342,-15.4183135,47.146855,Kolkata,West Bengal,17-04-2023 9.56
4343,-7.5509145,129.904591,Pune,Maharashtra,08-05-2025 13.43
4344,-62.6023085,-100.924427,Ahmedabad,Gujarat,21-07-2024 9.51
4345,-61.230864,-120.837267,Mumbai,Maharashtra,14-08-2023 1.04
4346,-85.5472105,67.415255,Delhi,Delhi,22-05-2023 21.13
4347,-18.3930515,-164.652875,Bangalore,Karnataka,14-08-2024 3.46
4348,87.673536,105.016932,Hyderabad,Telangana,08-07-2024 11.55
4349,4.4776905,-37.418506,Chennai,Tamil Nadu,05-02-2023 3.46
4350,57.7211765,-134.866997,Kolkata,West Bengal,06-02-2024 22.14
4351,25.8228235,-66.14792,Pune,Maharashtra,27-03-2023 7.46
4352,16.5495495,89.611415,Ahmedabad,Gujarat,04-06-2024 15.26
4353,46.345568,-0.824968,Mumbai,Maharashtra,26-10-2022 22.05
4354,28.4714645,-33.654967,Delhi,Delhi,01-03-2024 18.40
4355,-63.743603,-153.621172,Bangalore,Karnataka,08-05-2025 22.37
4356,12.682608,46.875407,Hyderabad,Telangana,02-06-2023 14.32
4357,-11.078393,-78.290002,Chennai,Tamil Nadu,21-04-2024 21.42
4358,-42.5821905,138.927718,Kolkata,West Bengal,07-10-2023 23.30
4359,52.1534195,146.121235,Pune,Maharashtra,10-09-2024 3.35
4360,49.215582,52.768621,Ahmedabad,Gujarat,21-01-2023 22.56
4361,-76.612736,167.003753,Mumbai,Maharashtra,27-08-2023 1.33
4362,-60.18144,-62.114009,Delhi,Delhi,31-01-2023 6.46
4363,-75.7359395,-160.840175,Bangalore,Karnataka,14-01-2025 22.23
4364,-18.5483215,-51.812872,Hyderabad,Telangana,15-11-2022 15.13
4365,52.843022,-125.758862,Chennai,Tamil Nadu,07-10-2023 6.07
4366,-29.208762,152.978475,Kolkata,West Bengal,26-07-2025 23.57
4367,18.5980865,30.404055,Pune,Maharashtra,06-04-2024 16.04
4368,-62.8063405,-61.948372,Ahmedabad,Gujarat,14-07-2025 20.05
4369,-17.98764,85.843261,Mumbai,Maharashtra,20-06-2023 21.30
4370,-44.0897215,-70.706247,Delhi,Delhi,27-01-2024 8.57
4371,80.966331,-25.38518,Bangalore,Karnataka,16-02-2025 16.25
4372,-12.6963245,-178.332011,Hyderabad,Telangana,29-12-2022 17.52
4373,-40.318282,90.174999,Chennai,Tamil Nadu,28-07-2025 11.42
4374,76.998623,75.957677,Kolkata,West Bengal,22-11-2023 15.33
4375,-25.9460685,-88.607081,Pune,Maharashtra,07-12-2023 20.29
4376,-71.3559135,-90.532902,Ahmedabad,Gujarat,23-05-2023 8.57
4377,-0.837738,64.392401,Mumbai,Maharashtra,13-03-2023 16.11
4378,-86.5815205,177.572874,Delhi,Delhi,11-08-2024 14.38
4379,24.869584,-0.656041,Bangalore,Karnataka,06-09-2022 16.43
4380,-42.348668,-38.356173,Hyderabad,Telangana,02-12-2022 22.09
4381,-44.1713275,-174.774168,Chennai,Tamil Nadu,13-02-2025 2.22
4382,4.5278395,74.38563,Kolkata,West Bengal,27-01-2025 5.59
4383,-89.729827,82.158004,Pune,Maharashtra,24-08-2023 20.06
4384,36.854072,-121.273838,Ahmedabad,Gujarat,14-10-2022 12.33
4385,-85.331688,124.549006,Mumbai,Maharashtra,26-06-2025 18.12
4386,-11.9769355,-57.438989,Delhi,Delhi,29-10-2024 7.42
4387,45.062352,-90.178953,Bangalore,Karnataka,21-03-2023 1.15
4388,-64.7912,-126.316953,Hyderabad,Telangana,21-11-2023 12.38
4389,0.107702,62.996554,Chennai,Tamil Nadu,05-09-2024 13.27
4390,4.1620685,112.97855,Kolkata,West Bengal,09-09-2023 2.33
4391,88.082368,81.184111,Pune,Maharashtra,03-09-2023 4.47
4392,7.788173,66.289941,Ahmedabad,Gujarat,26-08-2022 9.50
4393,4.6574225,-18.329897,Mumbai,Maharashtra,05-01-2024 18.56
4394,49.004215,176.448474,Delhi,Delhi,15-02-2025 19.10
4395,40.018013,-119.461863,Bangalore,Karnataka,28-09-2023 16.14
4396,49.4009215,163.490176,Hyderabad,Telangana,06-09-2022 13.01
4397,-50.298294,40.288305,Chennai,Tamil Nadu,13-07-2023 11.58
4398,86.997457,-103.961294,Kolkata,West Bengal,11-02-2024 5.25
4399,43.635823,-163.408179,Pune,Maharashtra,19-08-2023 22.56
4400,65.0440785,51.241315,Ahmedabad,Gujarat,14-02-2024 16.23
4401,-34.619747,-132.071394,Mumbai,Maharashtra,02-06-2023 11.12
4402,11.409078,162.917573,Delhi,Delhi,20-01-2023 0.14
4403,-16.4691175,156.559923,Bangalore,Karnataka,24-06-2025 19.48
4404,56.2748875,61.199641,Hyderabad,Telangana,31-10-2024 20.45
4405,-43.036613,-37.563138,Chennai,Tamil Nadu,25-06-2025 5.40
4406,3.642381,-2.19068,Kolkata,West Bengal,03-04-2024 18.45
4407,68.148168,44.03316,Pune,Maharashtra,08-10-2023 11.29
4408,-6.966659,-77.68708,Ahmedabad,Gujarat,08-10-2022 4.34
4409,65.562865,99.214606,Mumbai,Maharashtra,30-07-2025 14.34
4410,2.1470315,148.76226,Delhi,Delhi,12-02-2023 8.34
4411,26.3559305,64.291121,Bangalore,Karnataka,01-01-2025 14.57
4412,3.1465165,-25.161846,Hyderabad,Telangana,23-01-2023 12.27
4413,-87.762623,87.859401,Chennai,Tamil Nadu,05-07-2025 6.32
4414,-50.5047995,70.352286,Kolkata,West Bengal,28-06-2025 2.54
4415,-49.673546,100.883435,Pune,Maharashtra,29-10-2023 12.05
4416,77.44873,119.649584,Ahmedabad,Gujarat,02-06-2025 7.54
4417,-46.3505625,-16.981511,Mumbai,Maharashtra,30-08-2024 14.23
4418,-12.620807,-145.309285,Delhi,Delhi,06-11-2023 4.27
4419,-85.8144475,63.663257,Bangalore,Karnataka,07-10-2022 23.05
4420,-31.662184,-28.056246,Hyderabad,Telangana,11-02-2025 15.33
4421,-56.865464,-151.442075,Chennai,Tamil Nadu,01-09-2024 23.52
4422,-7.9066655,-177.267195,Kolkata,West Bengal,03-06-2024 19.50
4423,4.5578705,174.470799,Pune,Maharashtra,06-08-2022 8.10
4424,-76.604522,-45.012688,Ahmedabad,Gujarat,07-03-2023 6.46
4425,4.01099,-27.922976,Mumbai,Maharashtra,23-09-2024 3.54
4426,88.597087,121.049888,Delhi,Delhi,03-04-2023 4.26
4427,-66.913621,-34.685744,Bangalore,Karnataka,14-03-2023 22.24
4428,-37.1913875,51.955498,Hyderabad,Telangana,30-01-2025 11.00
4429,-68.3324425,-23.87685,Chennai,Tamil Nadu,11-07-2023 7.51
4430,-81.373374,74.035376,Kolkata,West Bengal,07-02-2024 5.53
4431,-23.2324515,162.010743,Pune,Maharashtra,27-03-2024 8.21
4432,23.430969,34.27248,Ahmedabad,Gujarat,04-01-2023 19.07
4433,-19.8683085,-17.852821,Mumbai,Maharashtra,17-02-2025 19.28
4434,-6.5874925,-86.959213,Delhi,Delhi,28-12-2024 8.15
4435,26.9885395,-6.869923,Bangalore,Karnataka,19-01-2025 11.53
4436,-52.6401305,-72.890674,Hyderabad,Telangana,28-08-2023 17.41
4437,-53.575792,43.505965,Chennai,Tamil Nadu,13-12-2024 9.26
4438,-36.4409055,-18.368426,Kolkata,West Bengal,22-11-2023 3.19
4439,-67.022482,-20.369947,Pune,Maharashtra,01-01-2025 15.03
4440,78.6630515,67.580373,Ahmedabad,Gujarat,30-11-2024 6.17
4441,-40.776407,21.845179,Mumbai,Maharashtra,14-06-2024 0.47
4442,-64.2188415,-105.58439,Delhi,Delhi,31-10-2024 8.15
4443,28.6219855,-11.819572,Bangalore,Karnataka,25-09-2024 23.50
4444,5.981511,71.458992,Hyderabad,Telangana,06-02-2024 13.33
4445,24.801569,70.478496,Chennai,Tamil Nadu,19-05-2024 13.50
4446,20.1279605,67.649952,Kolkata,West Bengal,17-09-2022 7.58
4447,60.03102,-165.814735,Pune,Maharashtra,20-05-2024 5.14
4448,-66.262525,-104.523685,Ahmedabad,Gujarat,18-03-2025 0.53
4449,-8.8278065,-49.730606,Mumbai,Maharashtra,22-01-2025 20.14
4450,47.494464,20.312524,Delhi,Delhi,19-02-2023 1.24
4451,76.6688205,111.665617,Bangalore,Karnataka,30-12-2024 22.24
4452,-11.2562875,-151.258065,Hyderabad,Telangana,06-04-2024 7.39
4453,-56.1943555,36.327906,Chennai,Tamil Nadu,11-06-2025 6.36
4454,-88.4020455,68.468054,Kolkata,West Bengal,18-10-2024 0.59
4455,33.539567,-150.823088,Pune,Maharashtra,14-12-2022 20.34
4456,-75.3185245,-34.950988,Ahmedabad,Gujarat,10-05-2025 21.31
4457,-61.264276,-0.962434,Mumbai,Maharashtra,13-02-2025 14.50
4458,-63.85464,-23.997704,Delhi,Delhi,30-12-2024 17.30
4459,39.2430545,-2.13059,Bangalore,Karnataka,07-11-2022 21.27
4460,-57.400479,133.864122,Hyderabad,Telangana,18-06-2025 0.11
4461,47.122432,-151.534961,Chennai,Tamil Nadu,30-07-2025 4.46
4462,-34.9534315,97.167141,Kolkata,West Bengal,17-03-2023 6.37
4463,60.873947,85.914661,Pune,Maharashtra,05-03-2023 5.42
4464,-29.9929775,163.41921,Ahmedabad,Gujarat,02-04-2023 18.41
4465,-9.229864,157.283492,Mumbai,Maharashtra,01-12-2023 7.06
4466,-88.268378,80.358308,Delhi,Delhi,31-03-2025 4.07
4467,-36.125037,-118.416148,Bangalore,Karnataka,17-11-2022 15.29
4468,-89.9904135,-97.846896,Hyderabad,Telangana,28-02-2025 7.11
4469,-57.510071,99.077613,Chennai,Tamil Nadu,02-01-2023 19.35
4470,-23.641121,-70.320679,Kolkata,West Bengal,13-01-2023 7.00
4471,37.169258,-166.762708,Pune,Maharashtra,29-09-2024 2.00
4472,29.1359175,29.762924,Ahmedabad,Gujarat,30-10-2022 19.09
4473,-57.3014965,-18.97966,Mumbai,Maharashtra,24-04-2024 19.14
4474,39.8474705,-81.192163,Delhi,Delhi,05-08-2023 6.59
4475,56.7588305,-40.267789,Bangalore,Karnataka,14-03-2025 5.36
4476,27.87802,173.346592,Hyderabad,Telangana,21-03-2025 1.35
4477,-56.929684,52.118124,Chennai,Tamil Nadu,20-03-2023 12.42
4478,80.7778775,-168.372516,Kolkata,West Bengal,19-05-2023 10.23
4479,-51.9664055,172.974031,Pune,Maharashtra,14-08-2023 5.31
4480,-44.157804,94.617523,Ahmedabad,Gujarat,27-07-2025 4.17
4481,56.74857,-72.437355,Mumbai,Maharashtra,14-08-2024 0.43
4482,38.9742355,-24.288005,Delhi,Delhi,28-10-2023 23.41
4483,89.190204,-126.302341,Bangalore,Karnataka,04-02-2025 22.57
4484,42.329053,17.213841,Hyderabad,Telangana,07-06-2025 13.53
4485,-16.131569,30.018112,Chennai,Tamil Nadu,26-03-2024 16.41
4486,-61.187255,69.088615,Kolkata,West Bengal,13-05-2024 23.16
4487,24.0402285,-100.453697,Pune,Maharashtra,17-09-2022 19.04
4488,-13.9194265,65.394181,Ahmedabad,Gujarat,07-02-2023 22.53
4489,61.453723,29.073317,Mumbai,Maharashtra,22-08-2022 11.05
4490,65.8370025,-17.456117,Delhi,Delhi,27-09-2022 6.58
4491,83.170125,169.192824,Bangalore,Karnataka,22-05-2025 6.07
4492,76.396821,58.628054,Hyderabad,Telangana,10-10-2022 13.40
4493,5.2212685,-105.211991,Chennai,Tamil Nadu,01-08-2024 5.05
4494,33.037439,-31.338273,Kolkata,West Bengal,19-08-2022 12.16
4495,-47.502768,12.064314,Pune,Maharashtra,21-09-2024 1.24
4496,45.0782315,-66.838275,Ahmedabad,Gujarat,29-01-2024 5.43
4497,50.9435525,29.714838,Mumbai,Maharashtra,10-10-2024 7.57
4498,-73.151441,-86.317702,Delhi,Delhi,20-05-2025 6.41
4499,-49.358144,8.907159,Bangalore,Karnataka,20-05-2025 7.13
4500,61.1688265,2.155509,Hyderabad,Telangana,19-07-2024 2.58
4501,-52.408487,-30.567276,Chennai,Tamil Nadu,24-05-2025 4.49
4502,-8.6828785,31.488876,Kolkata,West Bengal,19-11-2022 7.18
4503,83.176841,79.708438,Pune,Maharashtra,12-03-2024 6.02
4504,36.6350475,145.258837,Ahmedabad,Gujarat,25-05-2025 0.30
4505,-41.58108,129.258558,Mumbai,Maharashtra,30-09-2024 21.50
4506,86.8734915,102.090181,Delhi,Delhi,12-09-2023 0.53
4507,-55.2585555,-6.012693,Bangalore,Karnataka,05-02-2025 2.14
4508,65.8871045,6.882198,Hyderabad,Telangana,29-01-2025 7.44
4509,75.7521885,36.774439,Chennai,Tamil Nadu,18-11-2022 7.26
4510,-77.939427,-164.150583,Kolkata,West Bengal,09-04-2023 14.53
4511,-27.8023475,-128.170248,Pune,Maharashtra,03-06-2025 18.58
4512,-61.48667,88.131532,Ahmedabad,Gujarat,25-06-2025 15.13
4513,37.8861425,-6.236693,Mumbai,Maharashtra,31-07-2023 0.29
4514,-26.4835575,-123.396729,Delhi,Delhi,02-05-2023 15.21
4515,13.1016185,45.51593,Bangalore,Karnataka,13-11-2022 8.08
4516,-73.376694,148.513257,Hyderabad,Telangana,29-08-2023 10.57
4517,-59.271177,-159.911218,Chennai,Tamil Nadu,26-11-2022 13.28
4518,28.5218905,20.962652,Kolkata,West Bengal,04-03-2025 13.27
4519,79.4617065,-164.184077,Pune,Maharashtra,02-05-2023 17.56
4520,-3.7894795,-122.199939,Ahmedabad,Gujarat,25-07-2025 18.38
4521,30.6643235,22.737996,Mumbai,Maharashtra,28-02-2023 6.55
4522,81.0996255,128.045608,Delhi,Delhi,16-12-2024 18.53
4523,-36.384197,-74.924728,Bangalore,Karnataka,01-09-2023 13.56
4524,41.829463,54.888999,Hyderabad,Telangana,24-06-2025 21.34
4525,-13.2034785,-58.937465,Chennai,Tamil Nadu,13-06-2023 21.15
4526,-46.489409,53.035803,Kolkata,West Bengal,03-11-2024 9.15
4527,-38.380985,-133.819277,Pune,Maharashtra,25-01-2025 14.48
4528,-83.492305,157.753898,Ahmedabad,Gujarat,09-06-2025 1.38
4529,-64.174868,-70.725503,Mumbai,Maharashtra,25-09-2022 23.29
4530,-52.268017,-177.18879,Delhi,Delhi,14-02-2024 21.39
4531,19.529012,125.101068,Bangalore,Karnataka,01-12-2024 10.15
4532,-70.682011,2.917994,Hyderabad,Telangana,20-05-2023 4.53
4533,82.397941,103.55079,Chennai,Tamil Nadu,14-09-2024 3.00
4534,-38.9605145,-68.612826,Kolkata,West Bengal,07-01-2025 9.11
4535,37.1666985,88.891949,Pune,Maharashtra,03-02-2024 7.42
4536,5.6932645,152.04331,Ahmedabad,Gujarat,20-12-2024 5.59
4537,-52.9898555,-143.946607,Mumbai,Maharashtra,17-06-2024 2.48
4538,24.7593105,155.797025,Delhi,Delhi,11-03-2024 14.57
4539,-70.9766185,125.56138,Bangalore,Karnataka,04-12-2022 17.39
4540,-55.857056,97.694798,Hyderabad,Telangana,11-11-2023 14.57
4541,-62.911372,-116.688158,Chennai,Tamil Nadu,18-09-2024 1.35
4542,-28.105896,-152.362418,Kolkata,West Bengal,24-02-2025 17.24
4543,55.099571,-2.338785,Pune,Maharashtra,09-09-2022 8.41
4544,-29.864762,-24.363016,Ahmedabad,Gujarat,30-08-2023 20.26
4545,14.80429,12.148891,Mumbai,Maharashtra,18-11-2022 21.42
4546,-47.6239695,-25.344133,Delhi,Delhi,29-11-2022 12.08
4547,53.458298,128.891835,Bangalore,Karnataka,15-08-2023 8.14
4548,48.985074,148.160924,Hyderabad,Telangana,20-09-2024 3.21
4549,-6.183895,34.329423,Chennai,Tamil Nadu,23-03-2025 9.00
4550,-74.793616,113.100173,Kolkata,West Bengal,23-07-2025 21.36
4551,-60.237361,132.87361,Pune,Maharashtra,05-08-2024 23.36
4552,-19.38723,170.701261,Ahmedabad,Gujarat,20-09-2022 21.54
4553,-81.3363195,1.486657,Mumbai,Maharashtra,20-05-2024 23.23
4554,-19.9702615,-72.351337,Delhi,Delhi,07-01-2024 0.51
4555,-74.05709,-105.219988,Bangalore,Karnataka,18-06-2023 14.37
4556,56.8576405,-3.042426,Hyderabad,Telangana,31-05-2025 19.12
4557,-73.268819,-53.503978,Chennai,Tamil Nadu,10-09-2024 1.19
4558,-70.427861,122.717988,Kolkata,West Bengal,09-03-2025 22.45
4559,-80.5075655,5.674424,Pune,Maharashtra,23-11-2022 6.29
4560,21.7336215,141.128061,Ahmedabad,Gujarat,13-03-2025 17.23
4561,-68.3658515,116.044176,Mumbai,Maharashtra,18-08-2024 2.08
4562,-55.247117,-34.771906,Delhi,Delhi,09-10-2022 4.28
4563,-62.0662795,-160.887352,Bangalore,Karnataka,14-09-2024 18.43
4564,46.258983,-59.072491,Hyderabad,Telangana,11-05-2025 14.34
4565,4.021581,51.668154,Chennai,Tamil Nadu,16-08-2024 6.11
4566,-8.5517565,-57.724892,Kolkata,West Bengal,07-09-2022 15.42
4567,-75.1403395,-165.851402,Pune,Maharashtra,06-06-2023 2.09
4568,53.394424,146.492083,Ahmedabad,Gujarat,16-03-2024 16.52
4569,-85.142698,116.619009,Mumbai,Maharashtra,23-08-2024 8.58
4570,-76.003664,27.836039,Delhi,Delhi,13-03-2024 8.19
4571,-56.3818425,50.703441,Bangalore,Karnataka,29-07-2025 20.01
4572,24.577266,115.034685,Hyderabad,Telangana,07-03-2023 8.42
4573,-58.973371,55.12415,Chennai,Tamil Nadu,04-02-2023 15.19
4574,75.2631475,17.41209,Kolkata,West Bengal,02-02-2024 19.53
4575,-38.0186465,4.214174,Pune,Maharashtra,13-06-2024 11.04
4576,-74.451546,-52.133342,Ahmedabad,Gujarat,31-07-2023 19.05
4577,-65.306406,136.011601,Mumbai,Maharashtra,20-08-2022 22.55
4578,-29.0313585,41.762841,Delhi,Delhi,15-11-2024 7.53
4579,62.484389,-155.422203,Bangalore,Karnataka,28-08-2022 11.42
4580,-22.911967,-149.46082,Hyderabad,Telangana,02-12-2022 8.32
4581,-74.7919,-111.969922,Chennai,Tamil Nadu,16-06-2024 14.47
4582,-41.522307,-28.282437,Kolkata,West Bengal,12-10-2022 6.13
4583,-5.677475,7.72629,Pune,Maharashtra,26-02-2025 3.56
4584,85.881313,-48.872318,Ahmedabad,Gujarat,02-11-2023 14.11
4585,-55.179561,145.41026,Mumbai,Maharashtra,14-04-2024 8.00
4586,38.500419,173.037088,Delhi,Delhi,11-02-2023 10.46
4587,86.2521135,-138.766254,Bangalore,Karnataka,01-12-2022 23.49
4588,-22.8377565,111.86783,Hyderabad,Telangana,21-06-2023 3.18
4589,42.8565595,11.640535,Chennai,Tamil Nadu,13-07-2023 13.09
4590,29.0623555,-17.479023,Kolkata,West Bengal,26-02-2024 8.31
4591,58.016879,-22.866791,Pune,Maharashtra,16-05-2025 17.51
4592,-24.4465065,102.847319,Ahmedabad,Gujarat,24-09-2023 22.41
4593,-4.4069525,110.672207,Mumbai,Maharashtra,25-09-2024 10.03
4594,-61.981197,-151.010296,Delhi,Delhi,25-01-2024 19.45
4595,20.282372,153.864871,Bangalore,Karnataka,29-08-2024 15.23
4596,-14.896095,-137.884581,Hyderabad,Telangana,17-06-2023 13.19
4597,-53.189048,99.707032,Chennai,Tamil Nadu,29-07-2023 11.15
4598,-8.143507,116.871181,Kolkata,West Bengal,28-06-2023 18.18
4599,-57.050072,19.92535,Pune,Maharashtra,13-03-2023 20.56
4600,-80.3718455,-53.778834,Ahmedabad,Gujarat,25-07-2025 4.19
4601,28.1860665,168.916745,Mumbai,Maharashtra,10-07-2024 5.45
4602,-59.3342985,-168.570206,Delhi,Delhi,18-09-2024 8.52
4603,-80.938644,-34.884557,Bangalore,Karnataka,11-10-2023 3.37
4604,67.904515,26.253273,Hyderabad,Telangana,15-11-2023 0.27
4605,-67.319003,-147.938045,Chennai,Tamil Nadu,12-10-2023 21.34
4606,73.6779085,26.124208,Kolkata,West Bengal,12-09-2024 20.31
4607,-84.9404015,25.400467,Pune,Maharashtra,24-03-2024 21.32
4608,29.190641,-156.154583,Ahmedabad,Gujarat,20-07-2023 0.17
4609,-34.7747405,23.649621,Mumbai,Maharashtra,18-05-2023 20.10
4610,87.147454,51.436979,Delhi,Delhi,09-11-2024 12.59
4611,-75.971658,174.550871,Bangalore,Karnataka,22-11-2023 8.59
4612,-81.596333,110.741994,Hyderabad,Telangana,27-01-2024 15.20
4613,-83.0228,146.814418,Chennai,Tamil Nadu,09-01-2024 15.22
4614,-19.526906,137.268497,Kolkata,West Bengal,07-07-2023 17.36
4615,-82.659595,3.043121,Pune,Maharashtra,27-03-2025 20.35
4616,26.521391,49.538723,Ahmedabad,Gujarat,02-11-2022 1.47
4617,-60.684109,117.047543,Mumbai,Maharashtra,30-03-2024 6.03
4618,-12.846692,107.09783,Delhi,Delhi,25-07-2024 8.52
4619,23.772347,127.413654,Bangalore,Karnataka,04-01-2025 4.07
4620,49.2946105,-40.359495,Hyderabad,Telangana,14-04-2023 20.30
4621,12.352032,70.897208,Chennai,Tamil Nadu,10-08-2023 9.59
4622,-54.600689,-171.848465,Kolkata,West Bengal,15-10-2023 9.30
4623,-16.343237,-134.077745,Pune,Maharashtra,28-08-2023 14.24
4624,55.707988,-21.180205,Ahmedabad,Gujarat,11-01-2024 16.22
4625,63.2988275,31.84991,Mumbai,Maharashtra,04-10-2022 7.35
4626,75.2347075,-32.752478,Delhi,Delhi,18-02-2024 5.12
4627,-17.858683,173.92138,Bangalore,Karnataka,29-08-2023 12.03
4628,85.296703,146.417073,Hyderabad,Telangana,24-08-2022 12.17
4629,-56.6317505,-15.236919,Chennai,Tamil Nadu,04-01-2025 9.16
4630,87.375835,-7.670136,Kolkata,West Bengal,20-09-2023 6.10
4631,-42.00793,58.267973,Pune,Maharashtra,24-07-2024 3.51
4632,-85.3650085,56.174496,Ahmedabad,Gujarat,19-08-2022 2.58
4633,35.2089,-160.133759,Mumbai,Maharashtra,13-02-2024 14.26
4634,38.9048295,162.385719,Delhi,Delhi,17-12-2024 0.06
4635,-31.52335,39.371301,Bangalore,Karnataka,04-11-2022 8.27
4636,65.5772235,-137.293585,Hyderabad,Telangana,08-10-2023 18.53
4637,73.8338155,116.056321,Chennai,Tamil Nadu,06-12-2023 4.00
4638,-72.808458,56.459166,Kolkata,West Bengal,11-05-2023 15.49
4639,-20.741785,-31.746135,Pune,Maharashtra,12-09-2023 12.37
4640,42.8564725,-111.697952,Ahmedabad,Gujarat,24-07-2023 15.02
4641,79.205116,-86.318539,Mumbai,Maharashtra,21-03-2023 13.08
4642,75.8795035,172.175588,Delhi,Delhi,21-10-2022 8.42
4643,-27.5424635,-118.55697,Bangalore,Karnataka,18-05-2025 5.32
4644,-79.6647575,-81.078586,Hyderabad,Telangana,03-07-2025 14.04
4645,46.021395,56.38903,Chennai,Tamil Nadu,22-01-2025 4.08
4646,-4.816186,-157.475265,Kolkata,West Bengal,12-12-2024 0.47
4647,-28.8094865,-147.351342,Pune,Maharashtra,11-09-2023 18.30
4648,-20.8926125,-171.346621,Ahmedabad,Gujarat,24-06-2025 4.22
4649,4.847653,110.147242,Mumbai,Maharashtra,13-10-2022 20.01
4650,71.2166545,-53.998081,Delhi,Delhi,30-01-2024 15.07
4651,-60.6966505,-138.403703,Bangalore,Karnataka,30-09-2024 20.16
4652,29.1350605,-119.235574,Hyderabad,Telangana,07-10-2024 5.02
4653,-69.209614,-52.773021,Chennai,Tamil Nadu,18-06-2023 7.29
4654,-2.5466685,126.212856,Kolkata,West Bengal,04-03-2024 5.31
4655,21.6610085,-141.671084,Pune,Maharashtra,28-04-2025 11.32
4656,24.4810995,-28.020217,Ahmedabad,Gujarat,15-03-2023 14.38
4657,-83.371094,-4.689884,Mumbai,Maharashtra,05-03-2025 5.36
4658,6.71379,-0.155877,Delhi,Delhi,30-04-2024 8.43
4659,85.0140685,21.17391,Bangalore,Karnataka,05-08-2024 12.39
4660,-11.063055,153.888811,Hyderabad,Telangana,22-09-2022 17.52
4661,-46.966355,17.730585,Chennai,Tamil Nadu,13-10-2022 15.27
4662,-11.9194735,-99.435406,Kolkata,West Bengal,08-02-2025 18.48
4663,-83.1454225,-122.967074,Pune,Maharashtra,08-03-2025 10.50
4664,-33.231365,-11.902623,Ahmedabad,Gujarat,06-10-2024 20.06
4665,46.4141395,132.183186,Mumbai,Maharashtra,21-01-2024 19.28
4666,-32.3216165,23.388009,Delhi,Delhi,26-01-2025 12.22
4667,-81.2491315,172.75604,Bangalore,Karnataka,26-03-2023 11.26
4668,12.2979765,168.543082,Hyderabad,Telangana,05-12-2022 4.53
4669,-69.246869,-59.428989,Chennai,Tamil Nadu,30-12-2024 15.58
4670,45.1561475,128.39972,Kolkata,West Bengal,10-04-2025 12.26
4671,57.165183,44.455055,Pune,Maharashtra,19-11-2024 14.24
4672,-57.4542495,103.337059,Ahmedabad,Gujarat,24-10-2022 5.45
4673,72.967705,73.579785,Mumbai,Maharashtra,25-05-2025 8.55
4674,50.780456,99.353262,Delhi,Delhi,20-06-2024 10.34
4675,-4.92224,-35.483627,Bangalore,Karnataka,04-06-2023 7.15
4676,64.415815,-22.661764,Hyderabad,Telangana,19-08-2023 10.18
4677,-1.769426,-49.500993,Chennai,Tamil Nadu,18-02-2024 15.16
4678,-28.02075,64.717128,Kolkata,West Bengal,07-12-2023 9.27
4679,-59.0180065,-50.589159,Pune,Maharashtra,26-06-2024 15.19
4680,20.038623,14.28347,Ahmedabad,Gujarat,07-12-2022 3.18
4681,4.4851495,120.893128,Mumbai,Maharashtra,28-09-2024 20.00
4682,-69.4797835,14.506716,Delhi,Delhi,16-05-2025 6.09
4683,39.964239,144.924253,Bangalore,Karnataka,29-07-2023 4.18
4684,30.5189355,44.868507,Hyderabad,Telangana,28-07-2023 6.26
4685,62.8316465,-112.740137,Chennai,Tamil Nadu,17-11-2024 12.01
4686,-24.248366,38.837944,Kolkata,West Bengal,17-06-2025 12.42
4687,66.9690645,177.503765,Pune,Maharashtra,07-03-2023 22.29
4688,72.5499265,-40.263803,Ahmedabad,Gujarat,25-10-2023 0.06
4689,1.6899835,-11.506103,Mumbai,Maharashtra,04-02-2023 14.16
4690,-68.120911,39.313265,Delhi,Delhi,20-05-2024 9.06
4691,45.566867,-100.329122,Bangalore,Karnataka,16-01-2025 3.31
4692,42.660865,159.640516,Hyderabad,Telangana,09-06-2023 2.06
4693,-41.7042455,63.776519,Chennai,Tamil Nadu,29-08-2022 10.35
4694,-45.2327645,-115.151984,Kolkata,West Bengal,16-05-2024 15.44
4695,-19.3005105,117.737215,Pune,Maharashtra,04-08-2024 5.54
4696,-62.889261,-112.140617,Ahmedabad,Gujarat,27-09-2022 6.41
4697,25.8083885,-167.151895,Mumbai,Maharashtra,12-07-2025 7.03
4698,-45.1885575,-140.800527,Delhi,Delhi,26-02-2023 23.39
4699,48.2166345,104.170969,Bangalore,Karnataka,30-03-2024 6.11
4700,23.3760475,10.24975,Hyderabad,Telangana,19-02-2023 8.02
4701,17.996283,119.005306,Chennai,Tamil Nadu,15-08-2023 9.35
4702,-11.2432125,-116.096448,Kolkata,West Bengal,10-01-2024 13.22
4703,0.3662415,137.547334,Pune,Maharashtra,08-03-2025 0.22
4704,75.5252465,-122.140464,Ahmedabad,Gujarat,14-10-2022 14.50
4705,-70.2022025,10.566426,Mumbai,Maharashtra,02-07-2024 16.16
4706,19.7564735,158.67535,Delhi,Delhi,04-07-2024 0.17
4707,26.954683,-24.688004,Bangalore,Karnataka,15-08-2024 12.03
4708,-53.867101,-81.510614,Hyderabad,Telangana,06-02-2025 4.34
4709,46.7340395,-135.015858,Chennai,Tamil Nadu,29-03-2023 20.46
4710,-87.910568,138.661493,Kolkata,West Bengal,11-02-2025 14.41
4711,9.2872705,168.646525,Pune,Maharashtra,09-07-2024 20.58
4712,11.8375895,-7.966761,Ahmedabad,Gujarat,16-06-2024 15.57
4713,-42.5614795,93.088619,Mumbai,Maharashtra,03-02-2025 21.29
4714,-15.02609,-127.977958,Delhi,Delhi,01-08-2023 3.39
4715,-10.1811115,84.834915,Bangalore,Karnataka,17-01-2024 6.01
4716,-77.037804,122.865707,Hyderabad,Telangana,17-10-2024 12.40
4717,50.9805955,131.292896,Chennai,Tamil Nadu,02-10-2024 20.21
4718,24.5385995,-26.853707,Kolkata,West Bengal,19-12-2023 19.06
4719,13.097401,-8.964577,Pune,Maharashtra,09-05-2023 12.04
4720,-51.560966,-157.486625,Ahmedabad,Gujarat,28-06-2023 14.59
4721,25.57157,98.708465,Mumbai,Maharashtra,11-10-2023 14.23
4722,64.387383,150.431964,Delhi,Delhi,06-12-2023 16.43
4723,-63.2996545,6.479756,Bangalore,Karnataka,21-10-2023 18.01
4724,-45.549091,-116.353373,Hyderabad,Telangana,26-10-2023 11.49
4725,-16.489354,81.260565,Chennai,Tamil Nadu,17-06-2024 4.15
4726,-29.9688765,-89.096601,Kolkata,West Bengal,27-10-2023 11.31
4727,-20.360055,145.435136,Pune,Maharashtra,17-01-2023 4.40
4728,-27.8103275,177.788823,Ahmedabad,Gujarat,12-10-2023 4.16
4729,-52.1497605,-128.473269,Mumbai,Maharashtra,22-06-2023 15.55
4730,58.2202445,93.10525,Delhi,Delhi,24-04-2023 15.31
4731,-82.658257,141.259009,Bangalore,Karnataka,06-10-2022 2.03
4732,54.9094445,108.791408,Hyderabad,Telangana,04-06-2023 11.19
4733,-88.2108485,82.18944,Chennai,Tamil Nadu,14-09-2022 9.17
4734,9.1977885,-70.93954,Kolkata,West Bengal,17-10-2023 3.54
4735,63.32098,48.976817,Pune,Maharashtra,26-06-2024 8.31
4736,49.826391,-112.258326,Ahmedabad,Gujarat,10-07-2024 8.58
4737,-10.827224,-121.150961,Mumbai,Maharashtra,07-02-2023 15.57
4738,29.2940755,52.071014,Delhi,Delhi,09-09-2024 14.09
4739,-19.386299,-133.365339,Bangalore,Karnataka,05-03-2023 21.11
4740,-15.253289,179.013942,Hyderabad,Telangana,02-02-2023 6.17
4741,4.9513015,-137.551187,Chennai,Tamil Nadu,16-07-2023 21.28
4742,-70.0417355,-4.381088,Kolkata,West Bengal,05-04-2023 19.27
4743,46.1129285,0.032771,Pune,Maharashtra,08-10-2023 6.18
4744,31.7258305,158.563649,Ahmedabad,Gujarat,10-10-2024 0.27
4745,-70.112019,-10.987709,Mumbai,Maharashtra,03-10-2022 22.17
4746,26.3339205,-126.077331,Delhi,Delhi,04-08-2025 16.25
4747,49.934545,-9.528882,Bangalore,Karnataka,28-05-2023 2.49
4748,59.8326955,174.941693,Hyderabad,Telangana,03-04-2025 22.14
4749,-80.433985,160.643067,Chennai,Tamil Nadu,05-04-2025 19.07
4750,-87.860412,-47.976069,Kolkata,West Bengal,05-03-2023 23.18
4751,67.3953505,21.975697,Pune,Maharashtra,13-07-2023 10.15
4752,-37.4730045,-37.575639,Ahmedabad,Gujarat,04-08-2024 15.25
4753,-49.3499845,80.117804,Mumbai,Maharashtra,23-05-2023 0.01
4754,43.338979,-28.280456,Delhi,Delhi,26-02-2023 1.48
4755,-36.695976,160.79101,Bangalore,Karnataka,21-12-2022 3.39
4756,48.594897,-65.008113,Hyderabad,Telangana,10-08-2022 7.28
4757,26.586561,-143.889381,Chennai,Tamil Nadu,05-09-2024 14.32
4758,59.7164285,148.144731,Kolkata,West Bengal,25-06-2023 7.26
4759,-42.187611,-159.162573,Pune,Maharashtra,15-05-2024 22.21
4760,-19.3816605,149.304925,Ahmedabad,Gujarat,18-03-2024 2.29
4761,79.3898555,133.478364,Mumbai,Maharashtra,04-08-2023 23.05
4762,81.1852175,7.208915,Delhi,Delhi,26-08-2024 13.46
4763,52.3945775,172.692495,Bangalore,Karnataka,12-05-2023 1.32
4764,-9.442368,-55.503213,Hyderabad,Telangana,02-11-2023 3.07
4765,89.3083885,80.414576,Chennai,Tamil Nadu,04-09-2024 21.03
4766,79.121718,30.566168,Kolkata,West Bengal,19-02-2025 1.25
4767,5.8657835,111.7428,Pune,Maharashtra,21-08-2024 11.42
4768,-10.6995435,-128.174113,Ahmedabad,Gujarat,11-07-2023 10.34
4769,-59.836602,-25.772365,Mumbai,Maharashtra,18-05-2024 3.50
4770,30.0370655,-5.303791,Delhi,Delhi,24-08-2023 15.51
4771,87.816529,48.097813,Bangalore,Karnataka,01-02-2023 6.18
4772,-42.7031645,69.503202,Hyderabad,Telangana,13-12-2023 17.55
4773,87.331915,-119.045666,Chennai,Tamil Nadu,27-01-2024 6.55
4774,16.8612845,-111.249457,Kolkata,West Bengal,25-08-2024 19.20
4775,41.311746,142.69098,Pune,Maharashtra,06-05-2024 8.49
4776,-26.9552375,-164.450852,Ahmedabad,Gujarat,31-10-2023 6.54
4777,-18.079736,92.455227,Mumbai,Maharashtra,05-07-2023 11.59
4778,19.791664,-147.3565,Delhi,Delhi,25-12-2024 18.43
4779,-3.2438035,-39.551752,Bangalore,Karnataka,18-06-2025 21.39
4780,-4.7399705,40.776935,Hyderabad,Telangana,04-04-2024 7.53
4781,28.635465,48.277127,Chennai,Tamil Nadu,15-04-2024 16.06
4782,-20.019044,-150.668936,Kolkata,West Bengal,26-09-2023 3.50
4783,40.3268605,-62.453081,Pune,Maharashtra,15-01-2024 6.27
4784,80.796405,-155.503368,Ahmedabad,Gujarat,27-11-2023 14.21
4785,30.161467,40.015897,Mumbai,Maharashtra,15-07-2023 3.17
4786,63.6808265,-90.592125,Delhi,Delhi,15-11-2024 0.16
4787,-34.6483895,155.698136,Bangalore,Karnataka,23-01-2023 17.06
4788,74.6325315,147.894661,Hyderabad,Telangana,30-12-2023 11.46
4789,-55.3140225,144.786072,Chennai,Tamil Nadu,20-11-2024 20.14
4790,-84.6527885,-168.662525,Kolkata,West Bengal,16-03-2024 9.24
4791,-65.772973,-1.067326,Pune,Maharashtra,04-02-2024 5.53
4792,58.416405,-145.927608,Ahmedabad,Gujarat,18-05-2025 17.52
4793,-76.7888935,98.447561,Mumbai,Maharashtra,28-06-2023 6.53
4794,7.199875,107.479698,Delhi,Delhi,09-06-2023 14.37
4795,-47.8575365,107.60111,Bangalore,Karnataka,10-04-2024 18.32
4796,-28.438497,-24.206781,Hyderabad,Telangana,13-04-2023 1.50
4797,10.362634,-2.026159,Chennai,Tamil Nadu,08-05-2024 12.44
4798,-32.121263,116.863397,Kolkata,West Bengal,26-08-2023 16.35
4799,-86.3383015,-160.6324,Pune,Maharashtra,05-09-2022 10.57
4800,51.3461345,-124.959602,Ahmedabad,Gujarat,22-09-2024 9.30
4801,16.8205085,80.328678,Mumbai,Maharashtra,10-10-2022 0.45
4802,-47.870262,-28.017361,Delhi,Delhi,16-11-2023 15.44
4803,-83.491954,-56.516877,Bangalore,Karnataka,12-04-2025 10.20
4804,-23.613565,-161.865568,Hyderabad,Telangana,02-10-2023 14.13
4805,-56.8098815,22.860289,Chennai,Tamil Nadu,19-05-2025 6.42
4806,17.5757605,-109.566194,Kolkata,West Bengal,28-09-2023 18.31
4807,-67.2053645,-138.914834,Pune,Maharashtra,28-11-2022 3.04
4808,45.42828,43.005455,Ahmedabad,Gujarat,05-09-2022 15.39
4809,-86.0427825,110.821872,Mumbai,Maharashtra,01-03-2025 23.30
4810,-49.238731,-128.698403,Delhi,Delhi,04-02-2025 1.46
4811,14.9915225,-75.694532,Bangalore,Karnataka,03-03-2025 6.04
4812,-6.1972155,-6.200534,Hyderabad,Telangana,26-05-2024 19.05
4813,47.5344175,-167.420066,Chennai,Tamil Nadu,17-11-2023 17.22
4814,-16.4353325,66.373088,Kolkata,West Bengal,16-06-2023 4.12
4815,-63.2425635,-38.121151,Pune,Maharashtra,20-05-2025 11.35
4816,64.672827,73.081136,Ahmedabad,Gujarat,12-03-2024 8.11
4817,-11.821219,50.604617,Mumbai,Maharashtra,27-12-2022 21.52
4818,-30.339428,38.14714,Delhi,Delhi,23-12-2024 19.42
4819,-15.225184,79.496299,Bangalore,Karnataka,21-10-2023 4.18
4820,53.130833,91.975316,Hyderabad,Telangana,20-08-2023 8.07
4821,12.6519575,-170.759095,Chennai,Tamil Nadu,15-09-2024 11.03
4822,15.6683225,20.11201,Kolkata,West Bengal,01-12-2024 10.16
4823,-60.9272865,62.810798,Pune,Maharashtra,19-07-2023 9.50
4824,65.123343,-166.63628,Ahmedabad,Gujarat,13-04-2024 14.28
4825,-27.691957,60.027086,Mumbai,Maharashtra,01-03-2024 20.12
4826,37.99172,122.340611,Delhi,Delhi,21-01-2023 14.08
4827,82.555295,-13.242622,Bangalore,Karnataka,03-01-2024 18.20
4828,-51.406698,158.18241,Hyderabad,Telangana,13-12-2022 6.22
4829,-64.394201,121.12307,Chennai,Tamil Nadu,25-04-2023 6.33
4830,-34.2508375,82.965526,Kolkata,West Bengal,12-02-2025 4.09
4831,-22.899441,-134.962556,Pune,Maharashtra,12-03-2023 21.26
4832,18.2318525,150.974726,Ahmedabad,Gujarat,09-08-2024 22.09
4833,50.5006385,124.212107,Mumbai,Maharashtra,01-08-2023 9.51
4834,-74.1803045,84.901632,Delhi,Delhi,31-08-2023 20.22
4835,20.557447,-12.788893,Bangalore,Karnataka,12-01-2024 4.54
4836,-49.570405,-160.398998,Hyderabad,Telangana,17-12-2023 16.30
4837,61.749881,141.440771,Chennai,Tamil Nadu,27-04-2024 20.56
4838,-88.5043385,-36.040805,Kolkata,West Bengal,12-07-2025 20.07
4839,-33.8368125,121.941298,Pune,Maharashtra,02-09-2024 13.18
4840,56.455361,88.336387,Ahmedabad,Gujarat,04-12-2023 14.20
4841,85.022233,-53.438408,Mumbai,Maharashtra,18-12-2023 7.14
4842,33.8486105,79.306683,Delhi,Delhi,12-10-2024 11.37
4843,58.9299355,-136.280292,Bangalore,Karnataka,15-01-2023 12.34
4844,24.2735165,-138.390118,Hyderabad,Telangana,10-03-2024 22.50
4845,-55.83287,-172.685389,Chennai,Tamil Nadu,14-04-2023 3.31
4846,49.5700675,-114.782161,Kolkata,West Bengal,20-04-2023 12.31
4847,-37.019536,54.935384,Pune,Maharashtra,28-01-2023 21.58
4848,-79.5143895,47.731096,Ahmedabad,Gujarat,12-09-2024 14.04
4849,-44.172139,156.169726,Mumbai,Maharashtra,28-10-2024 6.20
4850,40.7799775,-104.910341,Delhi,Delhi,02-12-2024 5.03
4851,22.245573,34.429281,Bangalore,Karnataka,19-08-2022 17.26
4852,-10.341503,-116.872958,Hyderabad,Telangana,11-06-2024 20.05
4853,-11.01994,-34.4502,Chennai,Tamil Nadu,24-10-2024 23.43
4854,-3.460129,150.229558,Kolkata,West Bengal,04-03-2024 15.41
4855,61.346696,169.084589,Pune,Maharashtra,20-04-2023 3.09
4856,-52.011659,-24.20179,Ahmedabad,Gujarat,26-10-2024 4.28
4857,-35.1151925,149.638642,Mumbai,Maharashtra,04-03-2024 1.34
4858,49.4199495,144.548013,Delhi,Delhi,30-08-2023 15.07
4859,36.7310725,68.506898,Bangalore,Karnataka,28-06-2023 12.37
4860,-1.368741,-107.340295,Hyderabad,Telangana,17-04-2023 11.29
4861,50.761769,74.407246,Chennai,Tamil Nadu,20-08-2022 14.24
4862,-4.72127,43.500943,Kolkata,West Bengal,10-05-2023 18.16
4863,-49.640978,72.594241,Pune,Maharashtra,17-11-2022 11.58
4864,-88.496109,-12.581902,Ahmedabad,Gujarat,30-07-2025 0.44
4865,-39.6215285,-73.019001,Mumbai,Maharashtra,18-07-2025 12.07
4866,-64.8079105,108.692399,Delhi,Delhi,17-07-2024 17.51
4867,-1.138434,-129.150501,Bangalore,Karnataka,08-11-2022 6.30
4868,77.7648485,71.628229,Hyderabad,Telangana,13-02-2025 19.07
4869,-48.002462,-144.152056,Chennai,Tamil Nadu,31-01-2024 18.04
4870,80.817165,120.194639,Kolkata,West Bengal,22-07-2023 11.14
4871,2.5988085,157.596108,Pune,Maharashtra,27-08-2022 7.02
4872,-38.2884155,-32.585655,Ahmedabad,Gujarat,20-10-2023 19.31
4873,24.3979705,133.784072,Mumbai,Maharashtra,23-11-2023 7.26
4874,8.589579,155.276387,Delhi,Delhi,22-04-2024 19.11
4875,-21.6162335,121.24487,Bangalore,Karnataka,22-11-2024 18.49
4876,82.228015,173.995268,Hyderabad,Telangana,16-06-2023 1.16
4877,-69.2026615,138.17071,Chennai,Tamil Nadu,30-03-2023 2.56
4878,-62.357515,-63.798871,Kolkata,West Bengal,14-10-2023 6.52
4879,-42.131177,-38.836442,Pune,Maharashtra,27-12-2024 23.00
4880,-62.5331125,-111.976261,Ahmedabad,Gujarat,24-10-2024 17.40
4881,67.6567235,166.190537,Mumbai,Maharashtra,22-03-2024 5.31
4882,-1.3732985,129.052804,Delhi,Delhi,10-02-2025 5.56
4883,72.3431085,-31.159252,Bangalore,Karnataka,19-03-2025 2.11
4884,89.4482735,74.158361,Hyderabad,Telangana,26-06-2023 11.46
4885,-44.8761635,-178.566133,Chennai,Tamil Nadu,31-07-2023 11.32
4886,-31.8989015,-130.963143,Kolkata,West Bengal,17-03-2025 14.16
4887,-50.6764455,-103.048504,Pune,Maharashtra,18-04-2023 9.07
4888,37.6313955,-179.867464,Ahmedabad,Gujarat,20-12-2023 15.09
4889,-69.119097,-151.981144,Mumbai,Maharashtra,06-03-2023 3.02
4890,47.3598345,56.056244,Delhi,Delhi,27-05-2024 4.31
4891,88.4672275,73.236145,Bangalore,Karnataka,26-12-2023 11.01
4892,-8.7826195,88.636838,Hyderabad,Telangana,03-02-2023 13.22
4893,-25.3680195,120.725631,Chennai,Tamil Nadu,07-04-2024 5.32
4894,11.28326,26.979765,Kolkata,West Bengal,11-08-2024 10.04
4895,5.2923415,-12.624143,Pune,Maharashtra,24-10-2024 5.17
4896,-4.913498,104.909613,Ahmedabad,Gujarat,04-12-2022 19.44
4897,72.505723,-65.163656,Mumbai,Maharashtra,20-04-2023 9.30
4898,80.126307,-30.891211,Delhi,Delhi,15-03-2023 7.21
4899,27.3715895,120.908558,Bangalore,Karnataka,21-06-2024 10.02
4900,41.558473,-45.492877,Hyderabad,Telangana,05-07-2025 0.36
4901,-57.723375,119.52301,Chennai,Tamil Nadu,11-06-2024 17.38
4902,85.044647,6.927978,Kolkata,West Bengal,08-05-2023 21.02
4903,-83.209777,16.326807,Pune,Maharashtra,29-07-2024 8.49
4904,89.86225,5.752803,Ahmedabad,Gujarat,25-05-2024 3.01
4905,-32.613879,151.235498,Mumbai,Maharashtra,21-12-2024 22.53
4906,-38.7331185,25.33026,Delhi,Delhi,08-03-2024 15.39
4907,-41.9485515,-174.270286,Bangalore,Karnataka,05-06-2023 13.32
4908,28.670098,13.805769,Hyderabad,Telangana,30-10-2024 11.02
4909,-37.684987,-176.985719,Chennai,Tamil Nadu,31-01-2025 22.56
4910,-6.680131,-3.663919,Kolkata,West Bengal,29-12-2022 12.52
4911,9.0170955,-43.763461,Pune,Maharashtra,24-09-2024 9.44
4912,-86.5118145,145.759535,Ahmedabad,Gujarat,03-10-2023 11.27
4913,-80.999845,167.472583,Mumbai,Maharashtra,06-10-2023 11.10
4914,82.248068,77.018827,Delhi,Delhi,15-04-2024 1.43
4915,-78.2110175,-44.151284,Bangalore,Karnataka,05-10-2023 6.11
4916,77.8447495,-149.276489,Hyderabad,Telangana,10-01-2025 4.42
4917,-81.8324505,72.763808,Chennai,Tamil Nadu,06-03-2025 3.13
4918,79.7156555,63.997477,Kolkata,West Bengal,04-09-2024 23.58
4919,-43.353712,74.180681,Pune,Maharashtra,07-05-2025 6.36
4920,56.4549855,-124.225938,Ahmedabad,Gujarat,03-10-2022 16.12
4921,9.1959905,-164.518271,Mumbai,Maharashtra,14-03-2025 11.34
4922,-48.877903,-85.023418,Delhi,Delhi,25-02-2023 20.27
4923,-67.766936,45.256314,Bangalore,Karnataka,06-02-2023 20.48
4924,-74.9547315,58.036754,Hyderabad,Telangana,21-04-2025 15.09
4925,-73.2696335,-11.295534,Chennai,Tamil Nadu,03-01-2023 18.23
4926,56.051298,-31.030047,Kolkata,West Bengal,02-06-2023 23.53
4927,85.8534685,149.640775,Pune,Maharashtra,31-08-2022 5.55
4928,-0.7009225,-10.090943,Ahmedabad,Gujarat,25-04-2023 4.59
4929,67.5306735,16.632499,Mumbai,Maharashtra,15-10-2024 10.49
4930,-86.1959455,176.748217,Delhi,Delhi,22-04-2024 15.37
4931,21.7708125,178.480764,Bangalore,Karnataka,10-06-2025 14.17
4932,-73.495674,-145.127604,Hyderabad,Telangana,01-06-2023 1.34
4933,44.627278,-100.804056,Chennai,Tamil Nadu,23-09-2023 13.09
4934,-67.459823,-87.344012,Kolkata,West Bengal,24-06-2024 3.21
4935,-78.05236,-32.078398,Pune,Maharashtra,07-03-2025 15.51
4936,-36.6663305,91.369901,Ahmedabad,Gujarat,02-05-2024 2.15
4937,-43.5691985,161.073934,Mumbai,Maharashtra,10-08-2022 8.27
4938,-6.47241,-33.024533,Delhi,Delhi,23-12-2024 3.25
4939,4.136229,-116.802469,Bangalore,Karnataka,17-01-2024 18.31
4940,35.158643,125.035698,Hyderabad,Telangana,21-07-2025 23.54
4941,-66.888987,123.970557,Chennai,Tamil Nadu,24-07-2024 14.20
4942,-66.3342045,-117.582484,Kolkata,West Bengal,24-12-2022 0.38
4943,-41.01027,-133.604876,Pune,Maharashtra,20-05-2023 18.06
4944,-4.7713965,137.370449,Ahmedabad,Gujarat,04-04-2025 18.31
4945,-84.602469,-89.088514,Mumbai,Maharashtra,21-08-2022 13.26
4946,-31.6083485,162.494444,Delhi,Delhi,09-03-2024 3.43
4947,33.5740205,-136.365855,Bangalore,Karnataka,23-08-2023 15.05
4948,-7.380314,164.841523,Hyderabad,Telangana,29-05-2023 4.27
4949,-54.36927,-13.308526,Chennai,Tamil Nadu,27-10-2022 4.44
4950,11.8203755,-25.876947,Kolkata,West Bengal,08-05-2023 20.43
4951,-15.116333,-104.609327,Pune,Maharashtra,30-12-2024 2.28
4952,-5.297613,42.255308,Ahmedabad,Gujarat,22-07-2023 8.39
4953,-39.468289,-33.541927,Mumbai,Maharashtra,10-06-2023 19.53
4954,-42.456838,-21.659404,Delhi,Delhi,12-09-2023 5.40
4955,28.003776,-37.973408,Bangalore,Karnataka,26-12-2022 21.37
4956,41.50268,10.67137,Hyderabad,Telangana,20-01-2025 7.36
4957,7.6066745,7.292355,Chennai,Tamil Nadu,28-04-2025 9.15
4958,50.4032155,61.416429,Kolkata,West Bengal,11-04-2025 14.37
4959,-44.238562,-160.280148,Pune,Maharashtra,30-01-2025 10.56
4960,13.5303725,-96.406932,Ahmedabad,Gujarat,18-11-2024 0.26
4961,62.6622795,-66.901273,Mumbai,Maharashtra,31-07-2025 3.41
4962,26.461635,6.252076,Delhi,Delhi,04-05-2025 21.10
4963,-12.505636,-68.627764,Bangalore,Karnataka,18-01-2024 21.41
4964,45.2284545,116.144011,Hyderabad,Telangana,27-09-2023 3.26
4965,-65.63747,95.561049,Chennai,Tamil Nadu,28-06-2023 16.32
4966,-20.686247,-62.825281,Kolkata,West Bengal,31-07-2024 20.55
4967,-19.979708,-163.116459,Pune,Maharashtra,31-01-2023 10.52
4968,48.7891345,173.439396,Ahmedabad,Gujarat,11-04-2025 17.52
4969,-39.9567835,75.126331,Mumbai,Maharashtra,10-03-2023 12.56
4970,35.425627,135.046998,Delhi,Delhi,20-12-2023 2.13
4971,9.9338895,122.671407,Bangalore,Karnataka,14-03-2024 9.45
4972,86.7123515,135.889892,Hyderabad,Telangana,26-09-2022 22.15
4973,-3.463913,-123.836341,Chennai,Tamil Nadu,09-04-2025 4.40
4974,6.3372285,-175.759632,Kolkata,West Bengal,08-04-2023 22.53
4975,23.1207845,75.279931,Pune,Maharashtra,07-01-2024 7.14
4976,0.374658,167.828628,Ahmedabad,Gujarat,08-01-2023 0.15
4977,-39.772635,12.202222,Mumbai,Maharashtra,24-11-2023 3.02
4978,-46.313299,70.633479,Delhi,Delhi,01-12-2024 17.36
4979,-40.027862,-168.323076,Bangalore,Karnataka,17-06-2024 7.40
4980,75.520611,65.052406,Hyderabad,Telangana,12-02-2025 10.19
4981,64.60948,53.521923,Chennai,Tamil Nadu,16-04-2024 16.28
4982,37.123535,-49.224299,Kolkata,West Bengal,01-09-2023 16.55
4983,10.184079,142.628238,Pune,Maharashtra,12-01-2024 5.15
4984,39.5355665,35.367435,Ahmedabad,Gujarat,14-11-2023 15.31
4985,-79.2279635,-54.20951,Mumbai,Maharashtra,30-09-2024 21.07
4986,-61.04781,46.01513,Delhi,Delhi,27-05-2024 22.44
4987,-17.6939635,130.036505,Bangalore,Karnataka,18-04-2024 21.17
4988,69.2026405,-164.669557,Hyderabad,Telangana,17-04-2023 3.34
4989,47.493808,-90.672878,Chennai,Tamil Nadu,15-11-2023 6.47
4990,70.216011,101.366238,Kolkata,West Bengal,09-06-2023 15.27
4991,62.4681905,-105.08009,Pune,Maharashtra,23-02-2023 2.55
4992,88.0818055,-1.143008,Ahmedabad,Gujarat,27-10-2022 22.03
4993,-65.7337975,-13.960033,Mumbai,Maharashtra,13-03-2023 2.17
4994,2.9061685,66.269946,Delhi,Delhi,11-04-2024 11.58
4995,-45.616323,67.276155,Bangalore,Karnataka,06-08-2022 15.41
4996,86.7939,-100.816365,Hyderabad,Telangana,12-06-2023 15.56
4997,-43.8107305,-18.250279,Chennai,Tamil Nadu,26-11-2023 1.40
4998,-68.4244275,-80.897033,Kolkata,West Bengal,07-08-2023 5.48
4999,-35.4211715,54.370397,Pune,Maharashtra,23-12-2022 9.54
5000,-24.305114,-97.247825,Ahmedabad,Gujarat,04-07-2025 0.13
5001,59.0751545,20.928132,Mumbai,Maharashtra,13-08-2022 0.36
5002,38.136078,-94.460463,Delhi,Delhi,22-01-2024 20.02
5003,-63.1796805,72.759198,Bangalore,Karnataka,06-12-2024 11.21
5004,15.776264,-65.919293,Hyderabad,Telangana,08-08-2024 1.05
5005,89.432151,22.020003,Chennai,Tamil Nadu,25-07-2024 8.11
5006,-24.839439,-128.554419,Kolkata,West Bengal,29-03-2024 10.03
5007,-55.505402,-9.08355,Pune,Maharashtra,28-02-2023 18.28
5008,17.3429255,-4.383169,Ahmedabad,Gujarat,19-10-2023 6.30
5009,23.9756645,140.479116,Mumbai,Maharashtra,08-04-2024 4.03
5010,53.3754515,-141.529549,Delhi,Delhi,26-01-2024 4.23
5011,41.079536,179.637302,Bangalore,Karnataka,01-02-2025 7.54
5012,-82.780087,-60.97892,Hyderabad,Telangana,07-03-2025 15.36
5013,-42.175532,-53.750733,Chennai,Tamil Nadu,29-02-2024 18.30
5014,7.2489155,2.456088,Kolkata,West Bengal,22-09-2024 7.52
5015,-89.5727745,147.795404,Pune,Maharashtra,21-02-2025 2.56
5016,16.885832,-138.516184,Ahmedabad,Gujarat,04-05-2025 5.06
5017,-28.240122,-105.86892,Mumbai,Maharashtra,19-09-2024 23.43
5018,-39.5420395,-156.24458,Delhi,Delhi,29-06-2023 11.33
5019,-8.949157,53.753934,Bangalore,Karnataka,27-12-2022 13.57
5020,1.157098,26.194148,Hyderabad,Telangana,17-05-2025 8.48
5021,-41.7149995,48.552025,Chennai,Tamil Nadu,27-03-2023 12.31
5022,-13.5055245,-12.983714,Kolkata,West Bengal,28-03-2024 5.46
5023,39.0240545,-161.302578,Pune,Maharashtra,14-09-2023 19.45
5024,23.209135,-83.622032,Ahmedabad,Gujarat,16-04-2023 9.34
5025,16.895331,97.749397,Mumbai,Maharashtra,17-01-2023 16.16
5026,34.801736,-135.632735,Delhi,Delhi,25-01-2024 6.45
5027,-62.7792765,172.116775,Bangalore,Karnataka,24-04-2024 16.07
5028,-86.7185135,-93.626178,Hyderabad,Telangana,13-12-2023 22.23
5029,-55.4417515,128.530161,Chennai,Tamil Nadu,30-09-2024 21.28
5030,13.076607,64.110947,Kolkata,West Bengal,23-08-2022 8.18
5031,40.497046,171.015452,Pune,Maharashtra,11-06-2025 10.55
5032,17.8314335,46.80491,Ahmedabad,Gujarat,29-10-2022 0.34
5033,-8.6762665,48.160044,Mumbai,Maharashtra,11-09-2023 3.23
5034,80.2195345,-117.745298,Delhi,Delhi,28-02-2025 1.26
5035,30.868416,89.542261,Bangalore,Karnataka,06-03-2024 12.11
5036,37.1168805,-0.11415,Hyderabad,Telangana,13-11-2024 11.23
5037,7.941841,-120.046477,Chennai,Tamil Nadu,10-05-2023 3.52
5038,23.834115,105.460504,Kolkata,West Bengal,23-03-2024 1.06
5039,-68.522717,-99.261475,Pune,Maharashtra,16-08-2022 3.36
5040,0.493803,136.83599,Ahmedabad,Gujarat,09-09-2023 21.05
5041,-36.953652,96.432838,Mumbai,Maharashtra,16-03-2025 23.13
5042,32.1352765,53.478743,Delhi,Delhi,19-10-2022 18.05
5043,34.7589145,-28.75597,Bangalore,Karnataka,06-10-2022 5.45
5044,-57.3712825,82.863492,Hyderabad,Telangana,20-07-2024 7.38
5045,8.543763,-153.116991,Chennai,Tamil Nadu,21-02-2025 8.49
5046,9.1322525,-44.533077,Kolkata,West Bengal,27-05-2024 15.35
5047,0.586697,-21.008657,Pune,Maharashtra,10-09-2022 21.31
5048,55.6929405,-36.529024,Ahmedabad,Gujarat,09-05-2023 23.43
5049,-11.284072,11.601368,Mumbai,Maharashtra,14-05-2024 5.23
5050,-85.297282,59.857899,Delhi,Delhi,22-12-2023 15.25
5051,-10.0912345,161.440613,Bangalore,Karnataka,29-09-2022 16.04
5052,69.9281825,-120.040494,Hyderabad,Telangana,11-02-2024 7.17
5053,-80.171948,105.222623,Chennai,Tamil Nadu,11-04-2024 20.12
5054,-23.259774,-85.922152,Kolkata,West Bengal,13-12-2022 21.44
5055,53.608997,-129.226733,Pune,Maharashtra,17-02-2023 3.54
5056,-51.172337,159.79635,Ahmedabad,Gujarat,09-09-2024 21.24
5057,25.72267,-32.523582,Mumbai,Maharashtra,23-01-2024 21.11
5058,32.9517265,151.37881,Delhi,Delhi,19-08-2023 12.59
5059,50.5417305,125.516207,Bangalore,Karnataka,17-07-2024 11.22
5060,-79.090519,-138.909969,Hyderabad,Telangana,25-12-2023 16.21
5061,10.071484,-159.44462,Chennai,Tamil Nadu,21-03-2023 7.30
5062,73.5720805,162.424042,Kolkata,West Bengal,09-01-2023 10.22
5063,12.5189885,95.217359,Pune,Maharashtra,05-12-2022 16.49
5064,0.670179,161.847759,Ahmedabad,Gujarat,17-11-2023 11.06
5065,23.4220085,35.145428,Mumbai,Maharashtra,09-09-2022 2.46
5066,-40.6265725,-42.10041,Delhi,Delhi,15-05-2025 13.57
5067,-68.7175565,52.698793,Bangalore,Karnataka,02-02-2023 4.54
5068,-38.556053,126.496985,Hyderabad,Telangana,14-09-2023 18.07
5069,-8.6099885,150.487787,Chennai,Tamil Nadu,11-10-2024 21.02
5070,54.729023,-49.136425,Kolkata,West Bengal,18-07-2025 20.01
5071,-76.891969,20.916631,Pune,Maharashtra,11-01-2025 23.46
5072,36.948066,-64.460407,Ahmedabad,Gujarat,14-06-2024 2.45
5073,-16.237493,-80.29584,Mumbai,Maharashtra,09-10-2023 10.06
5074,44.6373155,-155.442354,Delhi,Delhi,01-03-2025 14.12
5075,17.0173335,-82.686558,Bangalore,Karnataka,23-06-2025 21.41
5076,-13.519382,-33.606359,Hyderabad,Telangana,13-08-2022 4.34
5077,19.3022985,-68.794522,Chennai,Tamil Nadu,03-09-2022 10.08
5078,21.2194775,172.838428,Kolkata,West Bengal,22-02-2023 22.18
5079,-16.2423485,-36.626864,Pune,Maharashtra,23-07-2024 17.18
5080,70.8141655,160.836076,Ahmedabad,Gujarat,12-12-2023 14.05
5081,-63.9221125,-61.17775,Mumbai,Maharashtra,20-07-2023 14.19
5082,-85.148587,-5.72696,Delhi,Delhi,14-07-2023 17.52
5083,-72.894634,148.235509,Bangalore,Karnataka,26-10-2023 11.22
5084,73.5620595,67.306444,Hyderabad,Telangana,03-02-2025 15.16
5085,22.9481865,160.790977,Chennai,Tamil Nadu,15-02-2025 0.03
5086,-1.7513025,110.693009,Kolkata,West Bengal,31-03-2024 16.41
5087,37.6686765,119.389888,Pune,Maharashtra,24-08-2022 20.47
5088,2.0601335,2.856072,Ahmedabad,Gujarat,14-12-2023 21.23
5089,2.9769985,58.576343,Mumbai,Maharashtra,29-03-2023 2.58
5090,34.0031,87.884974,Delhi,Delhi,28-06-2023 13.22
5091,52.8721845,-88.724746,Bangalore,Karnataka,15-06-2025 18.59
5092,14.7062705,-42.726082,Hyderabad,Telangana,22-04-2024 6.52
5093,-81.338526,174.709803,Chennai,Tamil Nadu,08-01-2025 20.21
5094,-68.898688,158.971738,Kolkata,West Bengal,30-08-2024 3.43
5095,60.679728,5.381092,Pune,Maharashtra,12-12-2022 10.08
5096,-34.2859,104.322406,Ahmedabad,Gujarat,29-02-2024 20.42
5097,-8.3868355,-23.328699,Mumbai,Maharashtra,08-12-2023 4.54
5098,31.1983885,70.922787,Delhi,Delhi,20-09-2022 6.29
5099,-48.1507795,155.470607,Bangalore,Karnataka,30-01-2025 0.16
5100,-45.242602,155.149794,Hyderabad,Telangana,02-02-2024 13.49
5101,61.637158,51.676331,Chennai,Tamil Nadu,11-05-2024 15.13
5102,-83.7163705,-27.588961,Kolkata,West Bengal,16-12-2024 17.49
5103,41.7365455,-53.986429,Pune,Maharashtra,10-03-2024 7.51
5104,54.308944,-109.295504,Ahmedabad,Gujarat,15-03-2024 5.06
5105,72.973001,-113.699658,Mumbai,Maharashtra,02-01-2023 23.55
5106,16.233251,-62.798192,Delhi,Delhi,29-06-2023 14.16
5107,-60.302243,126.416398,Bangalore,Karnataka,28-10-2023 19.57
5108,-42.0514045,-94.574433,Hyderabad,Telangana,19-04-2024 10.57
5109,57.6583865,39.320457,Chennai,Tamil Nadu,03-02-2024 4.40
5110,-31.547482,44.508675,Kolkata,West Bengal,21-02-2025 5.51
5111,-15.138795,-8.521555,Pune,Maharashtra,20-02-2024 12.23
5112,79.188335,-123.285613,Ahmedabad,Gujarat,02-06-2025 4.42
5113,79.952548,161.563963,Mumbai,Maharashtra,11-12-2023 23.45
5114,44.8363835,107.56258,Delhi,Delhi,09-11-2024 13.36
5115,15.273236,-59.150783,Bangalore,Karnataka,23-04-2024 21.11
5116,42.8307795,69.061902,Hyderabad,Telangana,24-10-2023 1.40
5117,30.6499065,-95.728556,Chennai,Tamil Nadu,08-05-2023 6.39
5118,17.3887755,-25.162235,Kolkata,West Bengal,10-08-2022 12.40
5119,52.986361,-0.655669,Pune,Maharashtra,26-07-2024 4.13
5120,86.1448265,-87.512889,Ahmedabad,Gujarat,01-07-2025 21.27
5121,-63.6065965,25.811303,Mumbai,Maharashtra,22-01-2025 14.06
5122,85.316335,44.465673,Delhi,Delhi,16-05-2024 2.28
5123,20.137404,-78.598531,Bangalore,Karnataka,19-04-2025 23.35
5124,-82.204368,152.256506,Hyderabad,Telangana,19-07-2023 14.45
5125,-52.8023515,147.333451,Chennai,Tamil Nadu,25-03-2025 8.33
5126,45.120007,-136.778772,Kolkata,West Bengal,21-02-2025 17.46
5127,63.1651645,39.459548,Pune,Maharashtra,09-09-2022 19.32
5128,-2.753025,147.390596,Ahmedabad,Gujarat,28-08-2023 14.43
5129,-45.3165375,125.643909,Mumbai,Maharashtra,03-04-2025 0.23
5130,36.6783265,-131.162765,Delhi,Delhi,02-03-2024 13.52
5131,-83.9012765,142.843342,Bangalore,Karnataka,17-05-2025 11.27
5132,14.512495,116.383538,Hyderabad,Telangana,07-10-2024 16.13
5133,-38.183482,-93.360164,Chennai,Tamil Nadu,16-07-2024 11.06
5134,9.0699485,-51.518561,Kolkata,West Bengal,04-05-2023 12.35
5135,36.7468715,-72.741082,Pune,Maharashtra,19-12-2023 16.16
5136,-54.392022,-22.706529,Ahmedabad,Gujarat,14-11-2022 0.38
5137,-81.7080935,-68.863819,Mumbai,Maharashtra,18-01-2025 14.49
5138,33.796953,66.527325,Delhi,Delhi,21-08-2023 0.15
5139,71.9334165,58.184494,Bangalore,Karnataka,16-08-2023 2.19
5140,-42.519703,67.71558,Hyderabad,Telangana,20-09-2024 9.36
5141,82.1689345,-120.322881,Chennai,Tamil Nadu,28-02-2025 15.15
5142,-1.078277,-94.494404,Kolkata,West Bengal,20-08-2023 17.25
5143,34.0741505,-142.503715,Pune,Maharashtra,16-08-2022 0.52
5144,-81.323478,38.155727,Ahmedabad,Gujarat,20-10-2024 18.35
5145,36.2208265,26.864735,Mumbai,Maharashtra,22-11-2022 15.40
5146,21.961639,-40.397863,Delhi,Delhi,17-11-2024 1.47
5147,-57.52415,145.86825,Bangalore,Karnataka,06-05-2025 13.29
5148,53.390385,-167.265356,Hyderabad,Telangana,16-06-2024 13.30
5149,39.065797,-147.902492,Chennai,Tamil Nadu,03-11-2023 10.42
5150,16.943809,-158.575384,Kolkata,West Bengal,20-02-2024 19.47
5151,17.2210235,94.641522,Pune,Maharashtra,08-04-2025 21.04
5152,84.383672,56.247793,Ahmedabad,Gujarat,01-06-2024 3.11
5153,-56.6987425,-124.367817,Mumbai,Maharashtra,20-03-2023 2.55
5154,-19.5359355,131.284184,Delhi,Delhi,25-01-2023 23.51
5155,-44.6468985,16.744134,Bangalore,Karnataka,07-05-2024 18.01
5156,86.2378095,2.447327,Hyderabad,Telangana,13-03-2023 20.32
5157,-24.7517505,79.089072,Chennai,Tamil Nadu,27-06-2023 16.47
5158,-18.9967535,-127.856035,Kolkata,West Bengal,31-12-2023 0.30
5159,82.3451115,-140.234212,Pune,Maharashtra,17-07-2024 4.45
5160,41.9566775,-48.612418,Ahmedabad,Gujarat,13-09-2023 5.44
5161,1.923816,-21.46628,Mumbai,Maharashtra,10-07-2025 23.16
5162,29.365748,-2.477615,Delhi,Delhi,04-07-2024 23.29
5163,-20.7646545,125.066798,Bangalore,Karnataka,07-10-2023 0.08
5164,69.5655865,-160.809744,Hyderabad,Telangana,10-03-2023 20.36
5165,-50.265117,100.128127,Chennai,Tamil Nadu,27-10-2023 9.43
5166,-83.0366525,-61.339968,Kolkata,West Bengal,03-03-2024 10.34
5167,61.273964,14.736091,Pune,Maharashtra,31-10-2023 17.39
5168,-7.6808505,-95.012021,Ahmedabad,Gujarat,03-01-2025 3.24
5169,80.159781,-16.393227,Mumbai,Maharashtra,12-08-2024 16.09
5170,28.0746505,-21.687711,Delhi,Delhi,02-04-2023 6.14
5171,-55.491794,-101.33438,Bangalore,Karnataka,05-03-2025 23.36
5172,-11.527491,26.280124,Hyderabad,Telangana,09-09-2023 1.18
5173,80.9295865,-57.63744,Chennai,Tamil Nadu,17-09-2022 20.20
5174,-33.182404,133.119423,Kolkata,West Bengal,18-11-2023 23.17
5175,-50.174014,133.658656,Pune,Maharashtra,24-08-2022 2.07
5176,-20.362159,15.507872,Ahmedabad,Gujarat,03-10-2024 9.55
5177,48.7322645,37.886179,Mumbai,Maharashtra,15-08-2024 7.08
5178,76.0165895,-88.511763,Delhi,Delhi,22-01-2024 1.27
5179,82.8325775,-96.314249,Bangalore,Karnataka,02-02-2025 10.14
5180,44.511742,-11.263494,Hyderabad,Telangana,26-10-2024 7.41
5181,10.49219,22.925789,Chennai,Tamil Nadu,28-08-2024 3.31
5182,84.047243,-89.203922,Kolkata,West Bengal,29-10-2024 6.30
5183,39.3999795,-85.839629,Pune,Maharashtra,26-08-2024 5.01
5184,11.9712135,-172.358935,Ahmedabad,Gujarat,09-06-2025 4.51
5185,-72.6181065,3.806883,Mumbai,Maharashtra,20-07-2023 14.20
5186,-6.9706895,-69.174134,Delhi,Delhi,19-07-2023 19.08
5187,-49.710919,-30.58048,Bangalore,Karnataka,07-03-2025 20.02
5188,-57.897424,168.964302,Hyderabad,Telangana,07-06-2023 6.47
5189,5.6976335,87.785974,Chennai,Tamil Nadu,18-07-2024 21.00
5190,62.849292,162.865401,Kolkata,West Bengal,24-08-2022 7.07
5191,50.691942,-57.394084,Pune,Maharashtra,15-06-2023 23.06
5192,7.592482,176.613328,Ahmedabad,Gujarat,25-09-2022 8.38
5193,16.9691725,156.29703,Mumbai,Maharashtra,05-01-2023 21.16
5194,-1.5464685,92.417161,Delhi,Delhi,17-11-2022 17.33
5195,-17.126872,117.04234,Bangalore,Karnataka,13-11-2024 1.19
5196,54.345552,-137.347061,Hyderabad,Telangana,31-10-2022 7.08
5197,29.892092,124.245907,Chennai,Tamil Nadu,25-10-2024 17.11
5198,-23.4355375,-48.631849,Kolkata,West Bengal,07-09-2023 3.18
5199,-40.9609605,169.39946,Pune,Maharashtra,21-08-2023 1.45
5200,-28.705468,64.848596,Ahmedabad,Gujarat,07-05-2023 23.20
5201,-79.200093,147.028316,Mumbai,Maharashtra,22-09-2023 4.37
5202,58.169836,-31.030907,Delhi,Delhi,25-12-2022 6.22
5203,-38.993461,-145.818003,Bangalore,Karnataka,27-02-2023 6.02
5204,50.273014,-17.456501,Hyderabad,Telangana,07-11-2022 21.28
5205,-34.2373525,-57.815564,Chennai,Tamil Nadu,19-08-2023 7.00
5206,67.216576,132.06719,Kolkata,West Bengal,15-08-2024 18.37
5207,34.626876,-127.241569,Pune,Maharashtra,16-11-2024 10.35
5208,-76.2875645,-8.814233,Ahmedabad,Gujarat,16-04-2025 1.58
5209,-70.3895695,-74.544685,Mumbai,Maharashtra,17-08-2024 8.31
5210,-58.752398,57.242223,Delhi,Delhi,12-12-2022 21.06
5211,37.784889,-74.023697,Bangalore,Karnataka,07-01-2023 11.53
5212,55.591024,136.41876,Hyderabad,Telangana,05-07-2023 7.48
5213,70.60326,81.579972,Chennai,Tamil Nadu,14-11-2023 7.36
5214,62.8281635,-174.844711,Kolkata,West Bengal,25-01-2025 0.06
5215,25.3616535,-120.126061,Pune,Maharashtra,22-06-2024 23.08
5216,82.503967,-75.41821,Ahmedabad,Gujarat,05-02-2025 5.26
5217,80.4384085,149.860619,Mumbai,Maharashtra,14-07-2024 2.38
5218,-89.867092,-44.843942,Delhi,Delhi,28-04-2024 20.36
5219,71.4247755,-34.645851,Bangalore,Karnataka,08-09-2024 13.54
5220,79.417185,-85.225169,Hyderabad,Telangana,28-12-2023 20.48
5221,46.1754225,79.458791,Chennai,Tamil Nadu,12-10-2024 3.01
5222,-13.8299095,166.431868,Kolkata,West Bengal,13-11-2023 19.32
5223,-19.0793795,105.717344,Pune,Maharashtra,27-08-2023 4.27
5224,1.5746845,-32.205693,Ahmedabad,Gujarat,23-06-2025 8.03
5225,60.6632435,90.079504,Mumbai,Maharashtra,28-11-2023 1.17
5226,78.0195835,56.246719,Delhi,Delhi,25-01-2023 12.09
5227,-41.096353,81.767756,Bangalore,Karnataka,15-08-2022 11.13
5228,-4.3133775,93.561463,Hyderabad,Telangana,05-08-2024 5.59
5229,43.0870595,-92.419777,Chennai,Tamil Nadu,10-05-2023 2.13
5230,-72.4015125,51.936243,Kolkata,West Bengal,15-06-2025 18.37
5231,-8.22356,-129.229207,Pune,Maharashtra,23-06-2024 19.52
5232,1.920814,162.460815,Ahmedabad,Gujarat,07-07-2025 11.56
5233,54.5766775,-81.937484,Mumbai,Maharashtra,02-06-2023 2.00
5234,-60.8179245,-55.55182,Delhi,Delhi,02-07-2023 13.32
5235,-7.536537,89.390909,Bangalore,Karnataka,22-11-2023 17.47
5236,-4.096397,104.756072,Hyderabad,Telangana,07-08-2024 9.02
5237,-62.3733975,-18.905755,Chennai,Tamil Nadu,09-03-2025 5.03
5238,-33.5501905,126.557812,Kolkata,West Bengal,14-06-2025 2.01
5239,-48.50051,-6.179759,Pune,Maharashtra,05-04-2023 6.48
5240,-38.486145,32.729723,Ahmedabad,Gujarat,29-04-2023 4.34
5241,-47.602455,147.557414,Mumbai,Maharashtra,30-05-2025 15.25
5242,-47.8200235,-5.151206,Delhi,Delhi,15-10-2024 15.30
5243,37.1780615,170.84011,Bangalore,Karnataka,15-02-2025 0.01
5244,21.9132005,-35.376003,Hyderabad,Telangana,26-07-2023 15.41
5245,-19.440287,73.393228,Chennai,Tamil Nadu,19-11-2023 23.57
5246,9.533487,-102.160951,Kolkata,West Bengal,24-11-2023 1.25
5247,-0.417139,10.016639,Pune,Maharashtra,08-12-2023 5.13
5248,30.717539,-14.634695,Ahmedabad,Gujarat,27-05-2024 0.30
5249,61.206043,31.281361,Mumbai,Maharashtra,14-05-2024 7.44
5250,-88.4772935,36.939394,Delhi,Delhi,30-10-2022 6.15
5251,19.7331325,9.843975,Bangalore,Karnataka,04-05-2025 13.08
5252,-52.4377505,65.290799,Hyderabad,Telangana,05-10-2023 7.26
5253,-84.770979,-71.43767,Chennai,Tamil Nadu,25-06-2023 9.45
5254,87.7189345,-42.598988,Kolkata,West Bengal,06-11-2023 7.04
5255,10.253983,-167.287434,Pune,Maharashtra,18-12-2023 7.31
5256,24.7557135,25.302839,Ahmedabad,Gujarat,24-12-2023 6.40
5257,59.805282,120.632816,Mumbai,Maharashtra,11-06-2023 4.21
5258,-32.2917845,151.547764,Delhi,Delhi,24-09-2024 15.20
5259,28.139289,-32.917223,Bangalore,Karnataka,18-01-2023 7.19
5260,-70.021177,-49.466378,Hyderabad,Telangana,11-04-2023 13.03
5261,-2.628813,77.527687,Chennai,Tamil Nadu,11-02-2025 10.39
5262,36.1302395,-155.303965,Kolkata,West Bengal,25-05-2025 17.08
5263,14.7067425,81.478335,Pune,Maharashtra,28-08-2023 11.11
5264,-14.799791,145.722182,Ahmedabad,Gujarat,31-01-2025 20.10
5265,10.6683875,-148.154521,Mumbai,Maharashtra,09-01-2023 22.12
5266,-74.936862,163.398024,Delhi,Delhi,19-01-2024 16.43
5267,-15.899407,108.780563,Bangalore,Karnataka,01-03-2024 6.18
5268,27.6081145,-27.402317,Hyderabad,Telangana,24-01-2023 19.46
5269,36.6588195,-107.906435,Chennai,Tamil Nadu,28-11-2022 6.45
5270,-2.880478,42.145038,Kolkata,West Bengal,29-03-2023 2.44
5271,-49.6220525,136.65093,Pune,Maharashtra,12-11-2023 14.23
5272,64.105607,-72.628875,Ahmedabad,Gujarat,25-12-2024 3.01
5273,-66.3762945,55.289689,Mumbai,Maharashtra,21-08-2023 6.57
5274,-1.995553,127.483776,Delhi,Delhi,01-12-2024 10.25
5275,87.352833,-40.027482,Bangalore,Karnataka,17-12-2024 2.34
5276,52.546603,-23.54541,Hyderabad,Telangana,11-07-2025 13.17
5277,-84.1341995,-104.587052,Chennai,Tamil Nadu,18-11-2022 23.37
5278,-5.721674,13.933668,Kolkata,West Bengal,27-06-2024 22.23
5279,-32.336623,-81.140575,Pune,Maharashtra,17-12-2023 9.57
5280,35.715411,-57.764006,Ahmedabad,Gujarat,21-07-2024 4.15
5281,7.2283415,-1.215489,Mumbai,Maharashtra,10-06-2023 10.57
5282,-20.4682855,-42.905837,Delhi,Delhi,28-02-2025 0.43
5283,-83.7888565,-104.693152,Bangalore,Karnataka,06-02-2023 11.59
5284,82.4000505,40.535271,Hyderabad,Telangana,30-05-2024 4.18
5285,16.3831125,81.111211,Chennai,Tamil Nadu,18-10-2022 22.58
5286,51.840592,-147.63401,Kolkata,West Bengal,09-10-2024 2.45
5287,10.2537615,-171.30201,Pune,Maharashtra,31-12-2024 3.37
5288,27.361836,-162.775028,Ahmedabad,Gujarat,26-09-2024 14.37
5289,-2.2028125,109.271089,Mumbai,Maharashtra,07-09-2024 15.41
5290,-14.1276785,128.601706,Delhi,Delhi,05-01-2024 19.26
5291,80.2884325,-143.970876,Bangalore,Karnataka,30-11-2022 17.03
5292,61.7483905,-130.530826,Hyderabad,Telangana,19-12-2024 14.50
5293,-59.8453225,105.487784,Chennai,Tamil Nadu,08-04-2023 3.15
5294,47.841703,-132.900177,Kolkata,West Bengal,12-01-2025 21.44
5295,35.747728,147.508157,Pune,Maharashtra,11-05-2025 8.29
5296,-38.759039,-140.763564,Ahmedabad,Gujarat,02-07-2025 19.52
5297,25.681381,-31.359281,Mumbai,Maharashtra,28-07-2024 19.22
5298,31.141856,-98.285396,Delhi,Delhi,11-05-2025 18.32
5299,-1.3010215,-140.794577,Bangalore,Karnataka,14-05-2023 13.32
5300,83.903188,128.82091,Hyderabad,Telangana,15-01-2024 5.16
5301,31.882334,103.314276,Chennai,Tamil Nadu,16-07-2025 5.44
5302,26.0707315,-168.466117,Kolkata,West Bengal,19-04-2024 23.59
5303,64.2800155,-22.259921,Pune,Maharashtra,15-08-2022 5.08
5304,77.42044,29.351471,Ahmedabad,Gujarat,03-09-2022 15.50
5305,-87.708124,-59.080597,Mumbai,Maharashtra,19-12-2023 3.36
5306,24.66211,-99.203656,Delhi,Delhi,11-09-2023 10.59
5307,-30.1684255,133.734732,Bangalore,Karnataka,18-06-2025 4.51
5308,-2.323806,105.810893,Hyderabad,Telangana,16-07-2024 10.31
5309,85.4528235,177.234908,Chennai,Tamil Nadu,12-06-2023 13.09
5310,64.1996365,10.398751,Kolkata,West Bengal,17-01-2025 11.00
5311,-49.035466,-78.61334,Pune,Maharashtra,23-03-2023 16.40
5312,-34.6635945,-14.385168,Ahmedabad,Gujarat,14-05-2023 10.17
5313,-62.915803,-165.920834,Mumbai,Maharashtra,10-11-2024 23.39
5314,71.5770625,-158.819056,Delhi,Delhi,19-02-2023 3.12
5315,54.975615,7.110035,Bangalore,Karnataka,20-11-2022 22.42
5316,-2.0978455,-10.705143,Hyderabad,Telangana,28-07-2023 19.08
5317,86.6753705,-67.897458,Chennai,Tamil Nadu,14-06-2023 16.13
5318,-8.68298,-92.334933,Kolkata,West Bengal,25-05-2024 10.41
5319,-17.2330695,-54.920433,Pune,Maharashtra,08-07-2023 19.23
5320,5.387134,-165.345333,Ahmedabad,Gujarat,06-03-2023 15.37
5321,28.0152175,-113.905769,Mumbai,Maharashtra,10-03-2024 1.30
5322,-83.175327,58.345161,Delhi,Delhi,25-06-2023 8.50
5323,12.1172955,-153.57828,Bangalore,Karnataka,29-06-2024 10.37
5324,27.721525,34.307167,Hyderabad,Telangana,09-06-2023 22.00
5325,-34.80101,24.282005,Chennai,Tamil Nadu,07-02-2025 5.08
5326,-56.5397035,-130.150564,Kolkata,West Bengal,04-05-2023 8.19
5327,46.017139,130.474345,Pune,Maharashtra,15-10-2024 16.37
5328,-57.3303975,-92.552859,Ahmedabad,Gujarat,27-06-2023 0.07
5329,-57.6915595,82.588087,Mumbai,Maharashtra,01-03-2025 22.38
5330,6.2046775,-9.87657,Delhi,Delhi,11-05-2024 5.20
5331,-38.73389,-67.081306,Bangalore,Karnataka,24-12-2022 9.11
5332,46.0726665,13.197551,Hyderabad,Telangana,16-08-2024 20.35
5333,-21.47258,93.125161,Chennai,Tamil Nadu,26-01-2023 7.37
5334,32.6625895,-171.33197,Kolkata,West Bengal,16-08-2022 14.45
5335,12.013293,45.493274,Pune,Maharashtra,18-04-2024 4.49
5336,-63.1387305,10.417965,Ahmedabad,Gujarat,16-02-2024 4.39
5337,-6.7899155,-144.939322,Mumbai,Maharashtra,09-06-2024 18.29
5338,85.0204105,-18.565903,Delhi,Delhi,27-07-2023 15.22
5339,-67.3302305,169.198367,Bangalore,Karnataka,01-05-2025 2.43
5340,14.6055945,73.060258,Hyderabad,Telangana,29-08-2022 23.10
5341,-16.256451,167.548547,Chennai,Tamil Nadu,20-12-2023 12.39
5342,-77.8212195,-104.443034,Kolkata,West Bengal,27-08-2023 3.34
5343,-42.390722,123.106176,Pune,Maharashtra,19-08-2022 18.00
5344,-55.65414,98.433078,Ahmedabad,Gujarat,04-04-2023 7.20
5345,-52.359883,72.228772,Mumbai,Maharashtra,04-10-2022 21.56
5346,-73.576727,140.084844,Delhi,Delhi,27-06-2023 7.06
5347,87.4230025,-22.651414,Bangalore,Karnataka,04-03-2024 18.22
5348,75.773666,42.735055,Hyderabad,Telangana,06-04-2023 23.37
5349,22.538652,-87.432721,Chennai,Tamil Nadu,03-05-2023 15.12
5350,49.21054,-98.728214,Kolkata,West Bengal,09-06-2025 1.59
5351,-41.2481775,15.994394,Pune,Maharashtra,22-01-2023 6.39
5352,-46.413138,-163.904542,Ahmedabad,Gujarat,16-09-2024 6.27
5353,-35.2185245,-15.682702,Mumbai,Maharashtra,23-04-2024 9.34
5354,77.8560435,20.351699,Delhi,Delhi,21-09-2023 6.55
5355,76.943652,-7.625388,Bangalore,Karnataka,18-09-2022 13.59
5356,-83.0663035,-1.983244,Hyderabad,Telangana,18-09-2022 14.41
5357,36.2995075,-161.626791,Chennai,Tamil Nadu,17-03-2023 13.39
5358,19.42887,-155.035798,Kolkata,West Bengal,20-11-2024 9.20
5359,11.2100375,141.321254,Pune,Maharashtra,29-10-2024 5.17
5360,-44.4357025,-95.081743,Ahmedabad,Gujarat,07-01-2023 20.49
5361,-85.9899875,7.18885,Mumbai,Maharashtra,17-07-2023 7.05
5362,-65.27068,45.422903,Delhi,Delhi,16-11-2022 9.03
5363,-59.825014,75.383786,Bangalore,Karnataka,26-07-2024 19.34
5364,21.42134,108.153221,Hyderabad,Telangana,19-06-2024 12.08
5365,-53.9208265,143.8787,Chennai,Tamil Nadu,20-04-2025 15.56
5366,-89.8062895,-12.801818,Kolkata,West Bengal,14-08-2024 3.53
5367,36.0269505,-42.098468,Pune,Maharashtra,20-02-2023 11.50
5368,-3.3285115,172.388254,Ahmedabad,Gujarat,21-11-2024 4.23
5369,8.1353655,149.429129,Mumbai,Maharashtra,08-06-2025 17.12
5370,-64.1232815,76.511468,Delhi,Delhi,08-09-2024 21.13
5371,63.340945,-74.619165,Bangalore,Karnataka,16-02-2023 19.38
5372,-31.1291175,96.34573,Hyderabad,Telangana,22-02-2023 23.49
5373,-51.722303,-58.907779,Chennai,Tamil Nadu,25-05-2025 9.22
5374,-67.937564,-129.110441,Kolkata,West Bengal,23-04-2024 16.26
5375,-14.2207315,150.183424,Pune,Maharashtra,15-01-2023 19.26
5376,-22.950515,-58.547235,Ahmedabad,Gujarat,29-08-2023 17.55
5377,-40.439633,173.996231,Mumbai,Maharashtra,16-11-2023 2.22
5378,-1.7851955,68.11444,Delhi,Delhi,08-06-2025 14.22
5379,68.5875485,99.128275,Bangalore,Karnataka,16-10-2024 7.50
5380,64.9321145,-36.802638,Hyderabad,Telangana,25-02-2023 22.38
5381,-1.9682,46.570774,Chennai,Tamil Nadu,09-03-2024 12.42
5382,87.490014,-102.035072,Kolkata,West Bengal,21-01-2025 8.40
5383,-80.8127135,26.711415,Pune,Maharashtra,12-04-2025 22.27
5384,-77.110152,-73.755316,Ahmedabad,Gujarat,15-05-2023 8.07
5385,-86.155539,-103.251906,Mumbai,Maharashtra,17-04-2025 4.59
5386,-80.8425825,-52.316349,Delhi,Delhi,13-04-2023 19.46
5387,16.5054175,-6.841747,Bangalore,Karnataka,23-08-2022 12.55
5388,63.568363,78.11485,Hyderabad,Telangana,25-08-2024 23.17
5389,2.3154285,-79.20342,Chennai,Tamil Nadu,08-04-2025 0.22
5390,64.9413435,37.785366,Kolkata,West Bengal,07-07-2024 15.54
5391,-32.3303495,63.306456,Pune,Maharashtra,27-03-2025 12.27
5392,-19.4539175,113.066787,Ahmedabad,Gujarat,18-06-2024 15.31
5393,-58.373169,-30.049168,Mumbai,Maharashtra,19-05-2025 13.35
5394,48.1076,1.113585,Delhi,Delhi,11-01-2024 6.00
5395,-39.985267,-42.945217,Bangalore,Karnataka,17-01-2024 1.01
5396,40.8234015,114.688864,Hyderabad,Telangana,14-07-2024 4.56
5397,88.0392995,-128.190125,Chennai,Tamil Nadu,08-06-2025 1.34
5398,1.905595,98.675155,Kolkata,West Bengal,17-09-2023 16.30
5399,-73.0569525,16.184573,Pune,Maharashtra,28-05-2024 21.51
5400,82.414133,-166.355971,Ahmedabad,Gujarat,26-11-2024 8.38
5401,-56.115884,-129.22086,Mumbai,Maharashtra,24-07-2023 4.05
5402,32.7913535,-120.333796,Delhi,Delhi,08-02-2023 4.31
5403,57.7642605,-21.240058,Bangalore,Karnataka,17-02-2023 13.01
5404,3.3146725,-15.164306,Hyderabad,Telangana,08-07-2024 9.05
5405,27.0819105,117.04989,Chennai,Tamil Nadu,12-12-2022 5.29
5406,45.485742,-81.960727,Kolkata,West Bengal,13-04-2024 22.17
5407,47.144914,-75.375679,Pune,Maharashtra,13-03-2023 11.31
5408,-30.4456905,-171.023925,Ahmedabad,Gujarat,09-06-2023 23.28
5409,5.0091055,102.16576,Mumbai,Maharashtra,23-02-2025 20.46
5410,-49.2592305,122.19551,Delhi,Delhi,06-11-2024 13.01
5411,50.940755,-154.769636,Bangalore,Karnataka,10-11-2024 13.45
5412,7.3497695,109.618883,Hyderabad,Telangana,29-07-2023 7.03
5413,52.50435,-90.474913,Chennai,Tamil Nadu,09-03-2024 1.35
5414,-47.385926,-126.238784,Kolkata,West Bengal,27-06-2025 7.17
5415,-45.537555,160.863283,Pune,Maharashtra,16-04-2025 17.08
5416,75.9425755,-58.528935,Ahmedabad,Gujarat,29-03-2023 13.07
5417,55.1756835,147.3117,Mumbai,Maharashtra,25-05-2024 0.42
5418,-35.723391,-30.523658,Delhi,Delhi,20-10-2022 7.49
5419,17.6084845,-20.819692,Bangalore,Karnataka,01-04-2024 20.01
5420,50.055812,46.16446,Hyderabad,Telangana,14-08-2024 15.10
5421,35.628907,-7.169827,Chennai,Tamil Nadu,04-03-2023 19.10
5422,-9.4711845,-179.810156,Kolkata,West Bengal,29-11-2022 15.37
5423,-22.534321,118.369969,Pune,Maharashtra,08-06-2025 5.34
5424,-6.3540755,-67.925623,Ahmedabad,Gujarat,14-03-2025 18.55
5425,69.446614,-144.129074,Mumbai,Maharashtra,05-11-2022 8.12
5426,20.1593425,-104.675255,Delhi,Delhi,16-03-2023 17.11
5427,39.099233,-93.964849,Bangalore,Karnataka,16-08-2023 23.55
5428,15.022223,-94.399685,Hyderabad,Telangana,05-05-2025 0.01
5429,22.4769465,29.916347,Chennai,Tamil Nadu,09-02-2025 1.51
5430,-38.092287,-46.548225,Kolkata,West Bengal,31-01-2024 16.22
5431,-71.066808,-58.503395,Pune,Maharashtra,08-10-2023 10.23
5432,-52.300836,35.521747,Ahmedabad,Gujarat,13-02-2023 3.35
5433,67.2843135,-98.47819,Mumbai,Maharashtra,21-06-2023 2.11
5434,29.019276,-103.545055,Delhi,Delhi,14-06-2025 15.06
5435,-16.0540045,-4.191179,Bangalore,Karnataka,22-08-2022 1.44
5436,80.92805,-117.029331,Hyderabad,Telangana,22-10-2024 2.22
5437,-6.473465,101.449721,Chennai,Tamil Nadu,11-01-2023 17.54
5438,78.7239605,141.288516,Kolkata,West Bengal,06-08-2024 4.28
5439,-27.674341,174.561057,Pune,Maharashtra,16-06-2024 4.12
5440,-9.785523,-112.963887,Ahmedabad,Gujarat,23-11-2024 3.52
5441,73.7552105,63.936658,Mumbai,Maharashtra,01-04-2023 1.43
5442,-71.1014115,3.275481,Delhi,Delhi,02-10-2023 0.58
5443,-79.001762,24.817171,Bangalore,Karnataka,06-09-2023 4.12
5444,-59.7103945,156.56348,Hyderabad,Telangana,30-07-2024 1.35
5445,24.329499,134.05798,Chennai,Tamil Nadu,24-04-2023 0.44
5446,40.8097,-23.713158,Kolkata,West Bengal,20-07-2023 7.11
5447,50.3486085,-124.675361,Pune,Maharashtra,20-12-2022 22.29
5448,71.951423,141.610896,Ahmedabad,Gujarat,19-02-2024 13.04
5449,-25.2285125,176.971167,Mumbai,Maharashtra,11-09-2024 13.43
5450,26.0922445,46.384571,Delhi,Delhi,01-11-2022 8.24
5451,81.2779025,-123.526497,Bangalore,Karnataka,14-10-2023 14.59
5452,-15.947883,-44.885265,Hyderabad,Telangana,25-04-2025 23.04
5453,46.317847,-3.460915,Chennai,Tamil Nadu,18-05-2024 5.45
5454,89.0406725,-45.111685,Kolkata,West Bengal,10-02-2024 9.32
5455,-67.6947955,-173.060347,Pune,Maharashtra,09-01-2023 10.41
5456,40.3385035,-49.677691,Ahmedabad,Gujarat,31-01-2025 7.51
5457,42.8691305,-61.143152,Mumbai,Maharashtra,08-02-2025 13.28
5458,26.4384505,177.356573,Delhi,Delhi,22-09-2023 4.17
5459,-62.0919875,81.918897,Bangalore,Karnataka,23-12-2024 7.34
5460,72.843851,123.664968,Hyderabad,Telangana,11-03-2024 3.55
5461,72.840419,98.618171,Chennai,Tamil Nadu,07-06-2025 8.34
5462,12.6999765,-157.397075,Kolkata,West Bengal,24-02-2025 23.50
5463,-61.063282,136.938001,Pune,Maharashtra,29-04-2025 17.00
5464,-63.5385105,129.036602,Ahmedabad,Gujarat,30-12-2022 18.53
5465,-58.4659855,-51.894915,Mumbai,Maharashtra,16-02-2024 16.09
5466,65.7253295,144.165757,Delhi,Delhi,21-05-2024 15.11
5467,15.695145,-158.597682,Bangalore,Karnataka,26-01-2024 20.41
5468,83.701488,56.354779,Hyderabad,Telangana,21-07-2024 1.59
5469,63.906105,100.657533,Chennai,Tamil Nadu,02-10-2022 6.00
5470,17.023266,157.21847,Kolkata,West Bengal,06-06-2024 2.49
5471,89.6016705,-166.234323,Pune,Maharashtra,06-07-2023 22.47
5472,62.184113,-82.967191,Ahmedabad,Gujarat,11-09-2022 20.25
5473,79.2542655,-3.389738,Mumbai,Maharashtra,05-01-2023 19.56
5474,-11.5425325,41.268077,Delhi,Delhi,18-09-2022 10.07
5475,32.5738485,-43.895587,Bangalore,Karnataka,13-02-2024 9.24
5476,2.355145,9.181736,Hyderabad,Telangana,26-08-2023 16.29
5477,-15.742035,59.448178,Chennai,Tamil Nadu,18-10-2022 14.19
5478,-2.889366,65.996706,Kolkata,West Bengal,26-07-2025 8.45
5479,80.4047945,-38.7097,Pune,Maharashtra,11-04-2023 19.33
5480,-33.794711,119.830467,Ahmedabad,Gujarat,02-12-2024 12.14
5481,84.023192,-7.191376,Mumbai,Maharashtra,19-04-2024 18.34
5482,3.560263,-87.627059,Delhi,Delhi,19-09-2024 19.30
5483,-66.144288,-0.812212,Bangalore,Karnataka,02-02-2024 20.28
5484,75.464347,108.96259,Hyderabad,Telangana,24-07-2023 20.42
5485,-5.0310125,-15.805995,Chennai,Tamil Nadu,09-01-2023 16.55
5486,-65.724716,163.303036,Kolkata,West Bengal,27-04-2024 3.27
5487,-6.000012,153.826185,Pune,Maharashtra,15-09-2024 16.56
5488,81.657764,-80.038853,Ahmedabad,Gujarat,21-03-2024 20.12
5489,-35.7360085,-37.900797,Mumbai,Maharashtra,28-08-2024 10.47
5490,4.1118345,0.926167,Delhi,Delhi,15-06-2024 9.27
5491,7.0295425,-94.520825,Bangalore,Karnataka,24-04-2023 3.59
5492,-3.3598315,-171.449079,Hyderabad,Telangana,25-01-2023 12.32
5493,-39.0537005,132.376643,Chennai,Tamil Nadu,30-11-2023 17.33
5494,45.8603585,164.83634,Kolkata,West Bengal,23-12-2024 0.39
5495,-10.488427,120.605439,Pune,Maharashtra,18-11-2024 11.49
5496,-42.243157,33.659176,Ahmedabad,Gujarat,23-03-2025 2.31
5497,-69.6162595,-73.366907,Mumbai,Maharashtra,28-12-2022 9.06
5498,-65.69526,141.032367,Delhi,Delhi,31-05-2025 13.46
5499,18.6189415,-38.604284,Bangalore,Karnataka,19-03-2023 18.46
5500,1.3120645,106.05972,Hyderabad,Telangana,05-02-2024 22.51
5501,16.5035775,-108.578839,Chennai,Tamil Nadu,25-03-2024 19.02
5502,-62.183102,-22.207057,Kolkata,West Bengal,15-03-2025 6.12
5503,63.036872,-135.862981,Pune,Maharashtra,21-12-2023 9.44
5504,-29.649037,57.584732,Ahmedabad,Gujarat,07-10-2022 16.22
5505,-23.9907565,114.198398,Mumbai,Maharashtra,03-04-2023 3.30
5506,89.18639,-33.011027,Delhi,Delhi,15-09-2022 6.59
5507,42.7394345,-59.489338,Bangalore,Karnataka,20-07-2025 2.40
5508,-31.2193025,-48.277791,Hyderabad,Telangana,22-07-2023 3.54
5509,28.2071365,167.836007,Chennai,Tamil Nadu,06-07-2023 20.07
5510,-50.975739,-173.332947,Kolkata,West Bengal,09-11-2023 9.30
5511,-24.5875945,-168.847072,Pune,Maharashtra,13-03-2025 9.29
5512,39.727684,55.659429,Ahmedabad,Gujarat,10-05-2024 6.53
5513,59.3366435,115.937285,Mumbai,Maharashtra,03-01-2025 20.01
5514,-38.396207,41.364528,Delhi,Delhi,21-05-2023 8.59
5515,49.202946,131.865959,Bangalore,Karnataka,17-04-2024 3.02
5516,78.3775105,128.946049,Hyderabad,Telangana,28-03-2024 16.31
5517,-19.8062005,15.404327,Chennai,Tamil Nadu,18-09-2023 18.22
5518,25.7801585,18.764915,Kolkata,West Bengal,22-02-2024 14.20
5519,-26.9966385,-8.118241,Pune,Maharashtra,21-11-2024 18.40
5520,5.851369,-138.639226,Ahmedabad,Gujarat,17-07-2025 4.35
5521,-53.8973635,-7.308733,Mumbai,Maharashtra,31-07-2025 12.55
5522,-23.724534,108.984417,Delhi,Delhi,20-01-2025 17.23
5523,-55.4349945,-128.126777,Bangalore,Karnataka,01-10-2024 15.30
5524,37.704868,107.419164,Hyderabad,Telangana,05-12-2023 7.48
5525,-61.865919,144.319203,Chennai,Tamil Nadu,25-07-2023 6.09
5526,3.507554,166.263461,Kolkata,West Bengal,13-12-2024 1.34
5527,-29.880175,69.798753,Pune,Maharashtra,27-09-2023 10.16
5528,64.1515175,-151.437687,Ahmedabad,Gujarat,20-07-2024 7.11
5529,76.1094555,55.080178,Mumbai,Maharashtra,15-09-2024 14.42
5530,68.6622465,54.174639,Delhi,Delhi,13-11-2022 18.52
5531,-44.0059505,-168.127002,Bangalore,Karnataka,22-12-2024 5.01
5532,30.3847855,120.108713,Hyderabad,Telangana,11-05-2025 12.21
5533,-74.5526775,6.617993,Chennai,Tamil Nadu,14-08-2024 18.10
5534,-50.303731,-145.760073,Kolkata,West Bengal,29-06-2025 19.18
5535,5.1368205,-144.881795,Pune,Maharashtra,08-10-2023 5.38
5536,62.9420755,-44.70205,Ahmedabad,Gujarat,17-09-2022 4.23
5537,70.45421,83.501513,Mumbai,Maharashtra,04-06-2024 14.45
5538,-54.202311,32.732961,Delhi,Delhi,05-07-2023 15.38
5539,87.650806,62.725633,Bangalore,Karnataka,29-11-2023 15.22
5540,54.524494,-16.436335,Hyderabad,Telangana,31-12-2023 19.25
5541,-27.571484,125.939843,Chennai,Tamil Nadu,02-10-2024 10.10
5542,19.2913495,-102.565461,Kolkata,West Bengal,20-11-2024 14.28
5543,67.537376,-11.176329,Pune,Maharashtra,15-08-2022 20.51
5544,73.636761,-151.561455,Ahmedabad,Gujarat,13-02-2024 0.29
5545,67.691784,-115.745476,Mumbai,Maharashtra,23-11-2022 15.49
5546,74.779228,-145.839584,Delhi,Delhi,05-11-2024 7.34
5547,21.0548185,-93.452533,Bangalore,Karnataka,03-06-2023 16.10
5548,-23.213385,142.941524,Hyderabad,Telangana,10-05-2023 22.33
5549,-41.349269,-164.168989,Chennai,Tamil Nadu,10-05-2025 3.53
5550,42.868853,-115.843874,Kolkata,West Bengal,02-01-2024 18.16
5551,-66.080863,-129.447469,Pune,Maharashtra,23-04-2024 5.52
5552,64.0827265,28.011247,Ahmedabad,Gujarat,29-04-2024 11.43
5553,12.351945,74.695621,Mumbai,Maharashtra,08-03-2023 12.15
5554,2.1526415,-81.758208,Delhi,Delhi,01-01-2023 6.17
5555,-6.464125,10.673438,Bangalore,Karnataka,07-05-2023 22.36
5556,25.5241215,-44.700943,Hyderabad,Telangana,19-09-2024 13.44
5557,-65.6436445,-80.911678,Chennai,Tamil Nadu,14-09-2023 0.36
5558,17.757443,-72.29978,Kolkata,West Bengal,23-07-2023 10.00
5559,4.274715,167.47642,Pune,Maharashtra,14-04-2025 16.28
5560,-68.1041485,2.385879,Ahmedabad,Gujarat,07-07-2024 1.52
5561,-64.7595815,101.249101,Mumbai,Maharashtra,09-09-2023 18.31
5562,-84.5237125,145.429364,Delhi,Delhi,07-11-2022 22.48
5563,59.5530125,-148.246126,Bangalore,Karnataka,30-06-2025 21.31
5564,10.1658805,-128.734024,Hyderabad,Telangana,24-04-2023 2.52
5565,-89.5359035,104.069658,Chennai,Tamil Nadu,24-08-2022 21.12
5566,-88.7488145,-4.518555,Kolkata,West Bengal,25-03-2024 0.54
5567,-7.787913,-165.153611,Pune,Maharashtra,03-01-2025 19.45
5568,61.22706,21.238553,Ahmedabad,Gujarat,21-11-2022 3.16
5569,-43.7236175,-78.809448,Mumbai,Maharashtra,20-04-2025 2.00
5570,76.6641645,87.469817,Delhi,Delhi,14-05-2023 17.45
5571,53.670412,-62.761431,Bangalore,Karnataka,23-01-2024 16.01
5572,-63.970947,-96.961549,Hyderabad,Telangana,21-02-2025 23.22
5573,10.440038,128.155856,Chennai,Tamil Nadu,07-05-2023 4.36
5574,28.2988575,-84.709701,Kolkata,West Bengal,01-10-2024 10.50
5575,-50.0434485,58.964705,Pune,Maharashtra,21-09-2022 11.28
5576,76.9890305,-159.183217,Ahmedabad,Gujarat,17-11-2024 11.03
5577,-57.711758,-12.675942,Mumbai,Maharashtra,01-11-2023 1.35
5578,-61.069389,7.396951,Delhi,Delhi,01-07-2025 9.31
5579,-41.569746,136.81092,Bangalore,Karnataka,18-10-2024 18.54
5580,-45.06785,-126.462392,Hyderabad,Telangana,16-09-2024 10.01
5581,-38.1490885,144.003405,Chennai,Tamil Nadu,03-04-2023 12.29
5582,74.602369,1.138468,Kolkata,West Bengal,11-07-2024 15.28
5583,86.7615265,114.194755,Pune,Maharashtra,31-03-2024 9.28
5584,30.2417915,-117.518089,Ahmedabad,Gujarat,09-06-2025 3.22
5585,58.8372195,-144.854505,Mumbai,Maharashtra,12-01-2024 22.37
5586,-23.9052385,16.33021,Delhi,Delhi,12-03-2023 23.19
5587,-25.722768,83.479145,Bangalore,Karnataka,24-05-2023 22.04
5588,18.5243475,-157.67133,Hyderabad,Telangana,12-02-2024 23.26
5589,-74.263192,77.925347,Chennai,Tamil Nadu,26-05-2025 2.09
5590,68.681114,-126.967695,Kolkata,West Bengal,20-10-2024 21.25
5591,-65.584864,176.220613,Pune,Maharashtra,18-05-2025 13.07
5592,-3.952194,103.112158,Ahmedabad,Gujarat,26-12-2024 22.17
5593,64.3736855,105.575426,Mumbai,Maharashtra,23-10-2024 17.37
5594,15.8132065,113.336129,Delhi,Delhi,30-04-2025 12.25
5595,-36.062704,-28.300919,Bangalore,Karnataka,15-12-2023 22.30
5596,-53.6335275,60.466932,Hyderabad,Telangana,08-06-2023 23.46
5597,-11.3593775,156.263339,Chennai,Tamil Nadu,28-05-2024 14.34
5598,18.511835,53.613376,Kolkata,West Bengal,13-03-2024 2.19
5599,-67.8839005,83.316576,Pune,Maharashtra,11-09-2022 8.51
5600,41.866074,-123.994432,Ahmedabad,Gujarat,17-12-2023 19.10
5601,60.6602025,79.901616,Mumbai,Maharashtra,09-03-2025 10.08
5602,14.3700295,-15.772486,Delhi,Delhi,16-09-2024 8.40
5603,-12.906965,-150.410071,Bangalore,Karnataka,01-11-2024 20.44
5604,-78.824349,-79.025912,Hyderabad,Telangana,21-12-2022 21.24
5605,-7.55815,135.395476,Chennai,Tamil Nadu,08-01-2025 18.55
5606,55.703285,-86.928725,Kolkata,West Bengal,26-04-2025 23.56
5607,-5.8042445,-154.253801,Pune,Maharashtra,12-11-2024 8.06
5608,-82.4937105,-154.655643,Ahmedabad,Gujarat,18-11-2023 22.53
5609,13.3211815,-78.939952,Mumbai,Maharashtra,02-02-2024 19.01
5610,54.354836,-151.849037,Delhi,Delhi,03-07-2025 3.47
5611,26.4483915,92.931658,Bangalore,Karnataka,27-10-2024 7.48
5612,-42.140612,93.130707,Hyderabad,Telangana,03-03-2024 9.34
5613,-77.9953775,-64.844858,Chennai,Tamil Nadu,05-01-2023 14.13
5614,32.7377505,-80.300177,Kolkata,West Bengal,15-07-2023 12.52
5615,-4.017297,-140.828029,Pune,Maharashtra,17-06-2023 15.18
5616,42.9494265,-69.008951,Ahmedabad,Gujarat,08-01-2025 14.05
5617,81.9117415,149.111022,Mumbai,Maharashtra,29-08-2022 13.35
5618,-77.8576225,24.810201,Delhi,Delhi,21-06-2023 9.35
5619,-58.7726295,-24.07031,Bangalore,Karnataka,12-08-2022 16.55
5620,-25.471504,174.116933,Hyderabad,Telangana,01-01-2024 3.31
5621,-42.471423,29.334432,Chennai,Tamil Nadu,26-07-2023 2.34
5622,9.7999475,35.799953,Kolkata,West Bengal,13-10-2022 20.54
5623,-48.14313,-103.94181,Pune,Maharashtra,20-02-2025 11.19
5624,-23.9183955,153.806871,Ahmedabad,Gujarat,08-06-2025 20.57
5625,-20.6939135,47.010816,Mumbai,Maharashtra,27-06-2025 7.14
5626,63.153093,156.183418,Delhi,Delhi,29-11-2023 12.10
5627,-35.0039425,170.757285,Bangalore,Karnataka,02-10-2023 20.04
5628,19.8447035,-174.509205,Hyderabad,Telangana,12-05-2024 9.39
5629,21.035602,22.471073,Chennai,Tamil Nadu,11-10-2023 8.04
5630,-39.132418,82.109232,Kolkata,West Bengal,03-09-2023 0.38
5631,71.0960705,-174.400596,Pune,Maharashtra,04-04-2025 15.14
5632,16.157761,-157.559146,Ahmedabad,Gujarat,21-07-2025 13.04
5633,30.561935,-110.80365,Mumbai,Maharashtra,31-05-2025 5.18
5634,-30.145714,-142.137527,Delhi,Delhi,21-04-2025 19.35
5635,-59.296252,-118.110379,Bangalore,Karnataka,09-04-2023 5.21
5636,41.1406015,-144.297914,Hyderabad,Telangana,17-05-2023 4.21
5637,54.1336545,-4.239972,Chennai,Tamil Nadu,22-04-2023 8.08
5638,-21.146531,33.784435,Kolkata,West Bengal,21-10-2023 18.37
5639,53.951221,-26.219253,Pune,Maharashtra,21-10-2023 14.48
5640,63.03729,-39.608689,Ahmedabad,Gujarat,20-01-2023 21.07
5641,-57.948617,32.013672,Mumbai,Maharashtra,15-06-2023 8.03
5642,-66.7795115,117.829128,Delhi,Delhi,16-09-2024 21.48
5643,-36.101336,-111.755639,Bangalore,Karnataka,18-10-2024 9.05
5644,-80.4181465,71.769366,Hyderabad,Telangana,18-08-2024 3.56
5645,-60.648222,-120.189022,Chennai,Tamil Nadu,26-07-2023 12.45
5646,-79.791064,28.340192,Kolkata,West Bengal,18-05-2023 22.06
5647,-67.556641,-143.814699,Pune,Maharashtra,15-08-2023 21.24
5648,27.0240685,150.347854,Ahmedabad,Gujarat,03-03-2024 12.28
5649,27.603871,-103.357003,Mumbai,Maharashtra,22-06-2024 0.05
5650,70.2563635,-157.960426,Delhi,Delhi,31-05-2025 2.05
5651,45.1892735,-78.547815,Bangalore,Karnataka,28-06-2023 5.42
5652,-4.658647,-156.50766,Hyderabad,Telangana,04-01-2025 22.42
5653,-86.1852275,-98.01416,Chennai,Tamil Nadu,17-01-2024 14.36
5654,-22.675808,-85.763581,Kolkata,West Bengal,31-01-2024 5.34
5655,34.0266915,-72.277232,Pune,Maharashtra,01-05-2025 23.21
5656,-74.852682,30.083957,Ahmedabad,Gujarat,17-03-2024 16.57
5657,-48.9031995,-23.338062,Mumbai,Maharashtra,28-09-2024 18.11
5658,-72.914249,-59.07756,Delhi,Delhi,18-05-2023 2.53
5659,78.3663775,-75.664994,Bangalore,Karnataka,09-01-2024 3.05
5660,86.633809,55.617392,Hyderabad,Telangana,13-09-2022 15.51
5661,28.254004,-142.750351,Chennai,Tamil Nadu,22-08-2023 3.26
5662,71.5068915,103.766667,Kolkata,West Bengal,26-10-2023 10.27
5663,59.479124,-93.511169,Pune,Maharashtra,16-03-2023 1.13
5664,56.8673075,-9.514731,Ahmedabad,Gujarat,01-11-2022 10.40
5665,-60.1054715,-145.032873,Mumbai,Maharashtra,03-05-2024 3.19
5666,49.062266,106.836047,Delhi,Delhi,01-09-2022 11.16
5667,76.0504755,-88.777452,Bangalore,Karnataka,18-12-2023 0.27
5668,9.4210165,-159.368037,Hyderabad,Telangana,16-03-2023 5.48
5669,-62.138387,-54.553685,Chennai,Tamil Nadu,14-08-2022 12.16
5670,12.3311915,-178.163392,Kolkata,West Bengal,26-12-2024 11.39
5671,-74.318662,28.052116,Pune,Maharashtra,02-01-2025 1.51
5672,-57.8838215,-59.462778,Ahmedabad,Gujarat,07-04-2025 8.28
5673,-80.552355,122.601254,Mumbai,Maharashtra,29-11-2024 21.02
5674,-70.156174,-169.373521,Delhi,Delhi,09-05-2025 7.36
5675,37.890231,126.81736,Bangalore,Karnataka,02-05-2025 23.46
5676,13.6307835,-28.350907,Hyderabad,Telangana,05-07-2025 9.38
5677,75.369419,27.644026,Chennai,Tamil Nadu,03-07-2024 21.12
5678,-26.2012015,83.368648,Kolkata,West Bengal,13-03-2025 23.57
5679,-22.8797775,5.298981,Pune,Maharashtra,20-04-2025 10.03
5680,32.133913,77.230467,Ahmedabad,Gujarat,31-03-2023 5.38
5681,31.92961,108.006909,Mumbai,Maharashtra,15-02-2024 19.03
5682,-29.913451,-102.471865,Delhi,Delhi,24-10-2023 23.17
5683,81.018406,-86.394864,Bangalore,Karnataka,30-03-2024 18.46
5684,-20.955462,-93.930656,Hyderabad,Telangana,28-02-2024 3.11
5685,-84.3797335,51.786814,Chennai,Tamil Nadu,14-11-2023 3.45
5686,-51.34965,-157.153518,Kolkata,West Bengal,19-07-2024 19.45
5687,20.1582475,110.714804,Pune,Maharashtra,23-07-2023 22.53
5688,17.973048,-112.878133,Ahmedabad,Gujarat,04-04-2025 13.51
5689,4.7419785,-68.276669,Mumbai,Maharashtra,26-04-2024 17.17
5690,23.049082,44.264736,Delhi,Delhi,20-07-2024 19.58
5691,31.416526,58.313176,Bangalore,Karnataka,30-03-2024 18.27
5692,34.4244395,15.184929,Hyderabad,Telangana,12-01-2024 2.23
5693,-2.487093,177.219637,Chennai,Tamil Nadu,15-04-2024 23.41
5694,-54.2673015,104.507637,Kolkata,West Bengal,21-06-2023 5.19
5695,-23.9629675,-63.52086,Pune,Maharashtra,28-05-2023 23.56
5696,62.575114,-75.523883,Ahmedabad,Gujarat,25-05-2025 13.42
5697,76.1283295,15.10689,Mumbai,Maharashtra,25-07-2024 4.09
5698,57.157796,39.155049,Delhi,Delhi,09-03-2024 14.25
5699,82.872446,-15.234864,Bangalore,Karnataka,03-07-2023 0.37
5700,15.449382,-104.123233,Hyderabad,Telangana,04-08-2024 19.47
5701,-60.8344385,111.428941,Chennai,Tamil Nadu,14-05-2025 13.25
5702,31.4186755,-18.766782,Kolkata,West Bengal,31-03-2025 1.35
5703,20.6270435,-152.680942,Pune,Maharashtra,11-06-2023 2.47
5704,-31.701688,1.292262,Ahmedabad,Gujarat,09-12-2024 8.51
5705,-47.9309705,174.147683,Mumbai,Maharashtra,24-03-2024 7.38
5706,48.915578,51.812172,Delhi,Delhi,12-05-2023 10.53
5707,28.9116305,-167.20347,Bangalore,Karnataka,18-07-2025 9.18
5708,-34.580619,27.216427,Hyderabad,Telangana,02-01-2025 18.11
5709,89.0447155,-87.475241,Chennai,Tamil Nadu,03-10-2023 22.21
5710,61.226872,-96.325617,Kolkata,West Bengal,27-04-2025 11.20
5711,17.8778965,128.737894,Pune,Maharashtra,08-06-2023 15.07
5712,-49.551271,40.809494,Ahmedabad,Gujarat,09-12-2023 23.52
5713,35.7834235,-48.091634,Mumbai,Maharashtra,24-02-2023 3.41
5714,40.643507,-10.233579,Delhi,Delhi,10-03-2025 12.02
5715,74.369712,104.857321,Bangalore,Karnataka,07-04-2025 0.58
5716,-80.523792,-127.888835,Hyderabad,Telangana,14-11-2022 21.00
5717,-66.981644,-168.475489,Chennai,Tamil Nadu,18-08-2022 19.26
5718,-75.8393025,-2.022658,Kolkata,West Bengal,23-12-2022 1.43
5719,-5.900815,11.499896,Pune,Maharashtra,16-06-2023 16.54
5720,-49.572833,-65.640132,Ahmedabad,Gujarat,26-11-2023 2.59
5721,-72.277064,14.851962,Mumbai,Maharashtra,30-03-2025 12.00
5722,-5.3086055,133.236538,Delhi,Delhi,29-06-2024 3.20
5723,37.530284,1.795641,Bangalore,Karnataka,02-08-2025 8.28
5724,-42.965278,-24.446458,Hyderabad,Telangana,19-11-2023 9.52
5725,-62.753939,121.661085,Chennai,Tamil Nadu,10-04-2023 14.29
5726,-49.1932745,-92.352202,Kolkata,West Bengal,11-05-2024 7.30
5727,-58.2063795,105.779166,Pune,Maharashtra,22-03-2025 19.43
5728,19.972608,-95.023846,Ahmedabad,Gujarat,24-12-2024 20.36
5729,58.262594,157.521343,Mumbai,Maharashtra,03-08-2024 19.00
5730,-14.5066585,-46.109873,Delhi,Delhi,28-01-2023 10.38
5731,88.2060015,-101.269875,Bangalore,Karnataka,26-06-2024 11.28
5732,-63.9432565,-158.858911,Hyderabad,Telangana,03-03-2023 23.44
5733,12.2602575,73.839593,Chennai,Tamil Nadu,16-03-2024 16.10
5734,38.0115135,-88.486083,Kolkata,West Bengal,05-09-2022 8.11
5735,67.3502535,14.55355,Pune,Maharashtra,20-06-2024 7.33
5736,67.0055365,127.041979,Ahmedabad,Gujarat,14-05-2023 19.30
5737,30.080149,-169.339536,Mumbai,Maharashtra,07-09-2024 6.39
5738,62.144654,4.59169,Delhi,Delhi,15-01-2024 4.02
5739,-67.1801655,18.625144,Bangalore,Karnataka,20-11-2022 8.39
5740,-42.423715,-107.552815,Hyderabad,Telangana,31-03-2025 17.48
5741,-9.441302,31.320844,Chennai,Tamil Nadu,25-03-2023 13.29
5742,-60.211231,179.115029,Kolkata,West Bengal,07-06-2023 13.51
5743,80.2478775,-7.82626,Pune,Maharashtra,02-11-2023 11.49
5744,-67.7003425,10.434474,Ahmedabad,Gujarat,26-02-2025 18.43
5745,42.8084145,-171.43394,Mumbai,Maharashtra,28-03-2025 8.57
5746,68.4635525,44.271735,Delhi,Delhi,24-04-2023 23.16
5747,8.0369175,-44.324252,Bangalore,Karnataka,30-05-2023 15.23
5748,47.8208835,-29.544163,Hyderabad,Telangana,21-10-2024 19.20
5749,-83.706708,82.856859,Chennai,Tamil Nadu,13-12-2023 5.18
5750,-45.202975,-152.076769,Kolkata,West Bengal,10-05-2025 3.49
5751,-25.896559,-15.375985,Pune,Maharashtra,18-09-2023 1.49
5752,30.5090155,52.438086,Ahmedabad,Gujarat,11-01-2024 15.49
5753,-79.140245,-33.521996,Mumbai,Maharashtra,21-05-2025 11.33
5754,32.966932,174.018329,Delhi,Delhi,07-12-2022 23.58
5755,-0.6327735,115.963038,Bangalore,Karnataka,23-09-2022 1.57
5756,-54.9289475,155.098535,Hyderabad,Telangana,21-08-2022 22.21
5757,63.988698,-169.68555,Chennai,Tamil Nadu,18-11-2023 14.06
5758,12.1856255,-72.817807,Kolkata,West Bengal,04-08-2024 15.37
5759,12.0100195,28.519127,Pune,Maharashtra,30-09-2022 5.48
5760,-17.446275,21.402806,Ahmedabad,Gujarat,08-01-2024 17.37
5761,8.460486,95.191554,Mumbai,Maharashtra,25-05-2024 19.17
5762,19.305585,3.67894,Delhi,Delhi,26-02-2023 22.14
5763,2.942849,-39.561048,Bangalore,Karnataka,10-12-2024 10.34
5764,-38.217879,82.438835,Hyderabad,Telangana,16-10-2023 20.35
5765,-18.4156365,-135.275367,Chennai,Tamil Nadu,04-07-2024 4.46
5766,-67.237935,177.675529,Kolkata,West Bengal,13-12-2023 7.02
5767,46.5776185,-119.051582,Pune,Maharashtra,10-09-2022 2.01
5768,-55.4991115,-122.52818,Ahmedabad,Gujarat,17-08-2023 18.29
5769,-70.0244745,-84.916286,Mumbai,Maharashtra,07-03-2024 9.10
5770,-72.5626555,-97.318592,Delhi,Delhi,09-01-2025 18.33
5771,-26.395473,-133.084422,Bangalore,Karnataka,30-11-2022 11.47
5772,-87.410876,-172.780578,Hyderabad,Telangana,17-01-2024 6.40
5773,75.7483375,-142.213535,Chennai,Tamil Nadu,05-04-2023 1.26
5774,66.432081,156.149036,Kolkata,West Bengal,21-07-2024 2.44
5775,79.3835545,-2.349074,Pune,Maharashtra,03-06-2025 6.56
5776,-61.5907405,148.868429,Ahmedabad,Gujarat,10-02-2023 19.56
5777,-74.922943,-105.527984,Mumbai,Maharashtra,11-06-2023 6.56
5778,-68.2149585,-80.370282,Delhi,Delhi,25-12-2022 19.13
5779,-65.415089,-177.937806,Bangalore,Karnataka,07-06-2024 22.31
5780,-27.434206,-67.139512,Hyderabad,Telangana,22-10-2022 0.20
5781,-68.6830155,27.715867,Chennai,Tamil Nadu,16-12-2023 1.48
5782,77.8934225,104.18375,Kolkata,West Bengal,31-05-2023 14.20
5783,37.7871165,-74.075503,Pune,Maharashtra,12-09-2024 18.23
5784,72.5263465,-80.107177,Ahmedabad,Gujarat,03-08-2024 5.41
5785,-12.673546,137.726675,Mumbai,Maharashtra,08-11-2022 12.25
5786,28.787072,-80.717618,Delhi,Delhi,01-10-2024 20.22
5787,-88.3052615,-137.287464,Bangalore,Karnataka,05-05-2023 12.26
5788,-36.9248065,-38.662505,Hyderabad,Telangana,16-03-2023 20.57
5789,55.491597,128.933817,Chennai,Tamil Nadu,26-05-2023 11.33
5790,-56.7112365,-139.31605,Kolkata,West Bengal,24-05-2023 16.48
5791,-39.789672,-7.446766,Pune,Maharashtra,25-07-2023 2.06
5792,-46.399753,31.885752,Ahmedabad,Gujarat,18-04-2025 5.50
5793,68.996522,-20.699935,Mumbai,Maharashtra,24-02-2025 19.48
5794,20.671103,92.008038,Delhi,Delhi,26-04-2025 11.21
5795,-13.387711,-62.823506,Bangalore,Karnataka,28-05-2024 22.11
5796,-22.636178,5.091102,Hyderabad,Telangana,14-08-2023 8.49
5797,52.418659,-176.250996,Chennai,Tamil Nadu,18-05-2025 14.32
5798,-22.443339,-28.898146,Kolkata,West Bengal,12-04-2023 20.36
5799,-72.644752,-146.918242,Pune,Maharashtra,10-11-2022 20.58
5800,42.5864585,4.803451,Ahmedabad,Gujarat,07-11-2022 4.16
5801,76.3884785,50.905379,Mumbai,Maharashtra,07-12-2022 13.03
5802,29.703962,-173.558117,Delhi,Delhi,18-06-2025 3.28
5803,-66.315487,-9.061349,Bangalore,Karnataka,03-02-2025 23.38
5804,7.0339905,145.079018,Hyderabad,Telangana,23-06-2025 21.12
5805,-72.315792,125.587531,Chennai,Tamil Nadu,17-09-2023 0.37
5806,-4.3519155,62.0144,Kolkata,West Bengal,12-02-2024 15.39
5807,38.9694955,18.88028,Pune,Maharashtra,19-09-2024 14.13
5808,-9.4030135,82.576829,Ahmedabad,Gujarat,05-12-2023 7.26
5809,56.5434505,-77.841489,Mumbai,Maharashtra,25-07-2023 16.52
5810,67.633118,-88.435086,Delhi,Delhi,10-10-2022 16.12
5811,4.72952,39.973404,Bangalore,Karnataka,27-07-2024 14.38
5812,33.920602,-5.856379,Hyderabad,Telangana,22-04-2024 18.11
5813,34.4530815,69.318866,Chennai,Tamil Nadu,07-07-2024 18.36
5814,-49.013973,-103.719831,Kolkata,West Bengal,26-03-2024 7.07
5815,22.634754,-166.857498,Pune,Maharashtra,09-03-2023 22.39
5816,-4.980183,24.793354,Ahmedabad,Gujarat,13-04-2025 10.06
5817,-49.900057,34.436041,Mumbai,Maharashtra,24-02-2024 10.54
5818,-86.2552805,53.206667,Delhi,Delhi,29-05-2025 8.54
5819,-43.6197345,-98.911743,Bangalore,Karnataka,11-02-2025 10.33
5820,-40.6321375,-63.502346,Hyderabad,Telangana,30-12-2022 16.22
5821,-85.600514,30.073103,Chennai,Tamil Nadu,08-08-2024 0.25
5822,-49.761572,-34.566996,Kolkata,West Bengal,11-01-2024 8.16
5823,-36.915147,-168.36028,Pune,Maharashtra,15-09-2024 21.46
5824,15.288949,-95.004561,Ahmedabad,Gujarat,19-11-2023 20.22
5825,57.4592825,-30.92727,Mumbai,Maharashtra,25-07-2023 2.59
5826,-39.0117435,81.206365,Delhi,Delhi,05-03-2025 0.19
5827,43.9860385,52.387926,Bangalore,Karnataka,11-06-2024 6.14
5828,-47.098471,81.639817,Hyderabad,Telangana,04-06-2025 14.40
5829,-73.958186,9.713752,Chennai,Tamil Nadu,17-01-2023 0.38
5830,-72.040037,-6.439031,Kolkata,West Bengal,14-08-2024 20.55
5831,73.159809,-24.671509,Pune,Maharashtra,13-03-2023 2.55
5832,-26.8767535,98.508602,Ahmedabad,Gujarat,11-09-2024 2.32
5833,-31.909533,43.52374,Mumbai,Maharashtra,05-09-2024 7.40
5834,-86.51904,-14.639639,Delhi,Delhi,12-04-2025 8.35
5835,-47.4254925,1.774025,Bangalore,Karnataka,10-04-2025 17.28
5836,-6.620748,152.044023,Hyderabad,Telangana,01-06-2024 18.26
5837,74.182308,-114.583681,Chennai,Tamil Nadu,21-02-2025 0.54
5838,-55.2569145,104.346551,Kolkata,West Bengal,17-10-2023 6.08
5839,1.562593,20.443272,Pune,Maharashtra,09-07-2025 21.55
5840,-55.6044205,18.410061,Ahmedabad,Gujarat,30-12-2024 13.11
5841,37.1103755,-146.110026,Mumbai,Maharashtra,01-09-2022 20.31
5842,30.0116425,18.646811,Delhi,Delhi,14-05-2024 3.09
5843,-23.93539,-67.549175,Bangalore,Karnataka,25-12-2023 1.53
5844,-27.3368715,-12.207955,Hyderabad,Telangana,16-04-2025 0.41
5845,37.8256575,-29.390883,Chennai,Tamil Nadu,14-12-2024 11.59
5846,1.4713515,129.892518,Kolkata,West Bengal,01-01-2024 15.05
5847,-37.8221145,-111.746076,Pune,Maharashtra,18-12-2023 7.02
5848,79.8342095,127.237778,Ahmedabad,Gujarat,26-07-2023 23.15
5849,69.137875,147.162218,Mumbai,Maharashtra,08-08-2023 12.55
5850,-23.132979,82.308641,Delhi,Delhi,27-12-2024 9.31
5851,36.0982375,-169.58616,Bangalore,Karnataka,05-12-2023 6.53
5852,47.1599045,-128.684452,Hyderabad,Telangana,24-03-2024 2.09
5853,-50.1761355,154.796457,Chennai,Tamil Nadu,18-12-2023 0.24
5854,-68.1741385,104.131178,Kolkata,West Bengal,05-09-2024 23.50
5855,34.2022035,143.51829,Pune,Maharashtra,22-09-2023 13.43
5856,-72.034838,61.31538,Ahmedabad,Gujarat,01-04-2024 12.42
5857,-38.1431765,-31.71069,Mumbai,Maharashtra,15-03-2023 14.47
5858,7.6521095,-148.313206,Delhi,Delhi,10-08-2024 6.49
5859,-23.807678,-60.09884,Bangalore,Karnataka,14-04-2025 18.48
5860,-89.1804045,-4.328118,Hyderabad,Telangana,09-02-2024 15.11
5861,76.605142,79.068735,Chennai,Tamil Nadu,25-12-2024 4.34
5862,-50.7761585,-33.564399,Kolkata,West Bengal,15-12-2023 12.02
5863,40.11005,-11.332189,Pune,Maharashtra,01-03-2025 19.44
5864,53.964665,-72.594497,Ahmedabad,Gujarat,04-05-2025 14.58
5865,-39.4817745,140.827178,Mumbai,Maharashtra,02-03-2025 7.19
5866,-57.69046,-21.29045,Delhi,Delhi,07-11-2022 10.12
5867,-37.6703645,101.053096,Bangalore,Karnataka,26-09-2024 11.33
5868,-14.178726,-46.734431,Hyderabad,Telangana,11-03-2024 10.52
5869,23.545869,-174.140582,Chennai,Tamil Nadu,11-11-2023 13.05
5870,-19.9415995,-70.349469,Kolkata,West Bengal,17-03-2023 3.10
5871,-10.5153555,-166.425918,Pune,Maharashtra,19-09-2022 2.47
5872,84.921929,165.738572,Ahmedabad,Gujarat,21-05-2024 0.02
5873,-68.8715335,17.907609,Mumbai,Maharashtra,27-07-2024 14.27
5874,-50.3749685,59.812235,Delhi,Delhi,03-04-2025 15.06
5875,12.547566,118.105287,Bangalore,Karnataka,06-04-2023 4.49
5876,69.4090715,58.445458,Hyderabad,Telangana,06-12-2023 6.15
5877,-61.077458,-33.13786,Chennai,Tamil Nadu,13-07-2024 15.02
5878,-15.9253835,-73.817303,Kolkata,West Bengal,04-03-2025 13.47
5879,31.690781,-27.119146,Pune,Maharashtra,15-04-2023 9.38
5880,67.432116,-110.992931,Ahmedabad,Gujarat,19-12-2023 19.14
5881,-85.448349,-113.473672,Mumbai,Maharashtra,25-10-2022 18.44
5882,-2.3456125,116.661511,Delhi,Delhi,15-08-2024 11.53
5883,9.004901,-103.897023,Bangalore,Karnataka,08-12-2023 2.19
5884,10.6710935,115.347251,Hyderabad,Telangana,13-09-2022 21.39
5885,78.8164655,53.141359,Chennai,Tamil Nadu,05-05-2025 9.07
5886,-3.0579885,32.352686,Kolkata,West Bengal,08-05-2023 20.30
5887,-2.3261715,149.145922,Pune,Maharashtra,27-09-2022 23.46
5888,82.7706905,-28.114431,Ahmedabad,Gujarat,21-12-2023 16.22
5889,61.8316265,125.22702,Mumbai,Maharashtra,05-10-2022 12.29
5890,47.36067,-150.010832,Delhi,Delhi,26-02-2023 4.35
5891,43.3256135,-145.705816,Bangalore,Karnataka,18-11-2022 19.32
5892,-52.4428085,-98.626513,Hyderabad,Telangana,11-01-2023 4.31
5893,50.332844,-92.285102,Chennai,Tamil Nadu,05-08-2023 10.11
5894,-65.3416785,13.443676,Kolkata,West Bengal,11-02-2024 1.11
5895,0.7736115,-136.428243,Pune,Maharashtra,07-05-2024 8.39
5896,2.2272,-142.646387,Ahmedabad,Gujarat,08-09-2024 8.19
5897,17.5244735,112.654445,Mumbai,Maharashtra,09-11-2022 21.23
5898,50.842538,43.527768,Delhi,Delhi,28-04-2025 8.59
5899,16.2978005,-96.793595,Bangalore,Karnataka,03-12-2024 18.48
5900,-65.982081,-68.73105,Hyderabad,Telangana,02-07-2024 1.28
5901,-47.302534,-118.126087,Chennai,Tamil Nadu,14-09-2023 9.53
5902,-28.9588095,-51.54538,Kolkata,West Bengal,01-11-2022 3.15
5903,83.076062,119.404629,Pune,Maharashtra,11-09-2022 23.25
5904,-75.9116745,165.155681,Ahmedabad,Gujarat,23-07-2025 13.01
5905,-29.4624715,76.996473,Mumbai,Maharashtra,10-10-2022 4.50
5906,-78.6784985,-62.424786,Delhi,Delhi,01-08-2023 18.39
5907,-49.0284965,-106.08731,Bangalore,Karnataka,20-09-2024 23.22
5908,-4.2458735,-6.617402,Hyderabad,Telangana,29-03-2024 8.14
5909,80.276823,179.84471,Chennai,Tamil Nadu,11-04-2024 5.04
5910,-84.83108,93.936743,Kolkata,West Bengal,29-10-2023 6.47
5911,42.1312515,-167.376484,Pune,Maharashtra,10-06-2025 14.19
5912,21.384263,115.29569,Ahmedabad,Gujarat,18-11-2022 22.02
5913,-79.22768,-72.559029,Mumbai,Maharashtra,06-02-2025 8.41
5914,-80.334824,-67.881697,Delhi,Delhi,27-07-2023 20.51
5915,66.4278595,83.853289,Bangalore,Karnataka,16-08-2022 10.54
5916,3.7863905,-136.713476,Hyderabad,Telangana,24-01-2025 19.14
5917,8.8159855,93.347091,Chennai,Tamil Nadu,17-04-2023 9.17
5918,16.6175945,-65.765501,Kolkata,West Bengal,29-03-2023 20.45
5919,53.9431415,-176.054031,Pune,Maharashtra,06-04-2025 9.50
5920,77.179414,-28.915317,Ahmedabad,Gujarat,22-09-2023 0.16
5921,59.3206365,20.951095,Mumbai,Maharashtra,06-10-2024 23.13
5922,14.2656435,-94.174034,Delhi,Delhi,14-06-2023 11.55
5923,73.1063535,-42.411674,Bangalore,Karnataka,06-01-2024 22.46
5924,-37.447738,-4.412031,Hyderabad,Telangana,13-09-2023 18.29
5925,15.3964695,-116.022349,Chennai,Tamil Nadu,11-05-2025 19.15
5926,-13.393425,62.477624,Kolkata,West Bengal,19-09-2022 2.38
5927,29.5996565,143.930651,Pune,Maharashtra,13-05-2025 6.31
5928,47.3866365,37.803602,Ahmedabad,Gujarat,19-06-2023 3.55
5929,-40.3845275,-119.498142,Mumbai,Maharashtra,09-10-2022 1.27
5930,14.00587,-122.699972,Delhi,Delhi,20-06-2023 16.56
5931,-36.274621,126.127536,Bangalore,Karnataka,12-11-2023 5.13
5932,-32.4628925,138.503054,Hyderabad,Telangana,19-11-2023 14.43
5933,6.8886435,68.98987,Chennai,Tamil Nadu,28-10-2022 19.13
5934,83.9005645,156.144347,Kolkata,West Bengal,28-07-2023 8.11
5935,62.1617235,-44.529978,Pune,Maharashtra,08-07-2023 3.21
5936,47.197196,-167.215747,Ahmedabad,Gujarat,29-11-2023 18.13
5937,-86.682048,-63.808491,Mumbai,Maharashtra,13-05-2023 9.24
5938,-0.3608065,-69.215237,Delhi,Delhi,19-09-2024 10.25
5939,14.306426,-4.250585,Bangalore,Karnataka,16-07-2024 15.24
5940,14.8923325,143.095882,Hyderabad,Telangana,19-04-2023 1.29
5941,41.9849515,77.792298,Chennai,Tamil Nadu,23-12-2024 13.30
5942,70.1862755,-26.807928,Kolkata,West Bengal,06-06-2025 12.43
5943,-23.288837,-138.299023,Pune,Maharashtra,19-03-2025 20.12
5944,-61.207187,-179.85465,Ahmedabad,Gujarat,22-09-2022 19.28
5945,76.2358345,-153.141404,Mumbai,Maharashtra,22-08-2022 18.15
5946,-16.386592,-179.994909,Delhi,Delhi,19-11-2023 17.33
5947,29.4700485,24.773795,Bangalore,Karnataka,03-01-2025 20.57
5948,-47.187982,-127.798608,Hyderabad,Telangana,27-10-2022 12.17
5949,8.797607,-64.407056,Chennai,Tamil Nadu,04-05-2025 12.22
5950,-38.7864225,47.185335,Kolkata,West Bengal,06-03-2024 12.01
5951,-69.572196,-29.687591,Pune,Maharashtra,14-05-2024 21.17
5952,85.456387,-167.977028,Ahmedabad,Gujarat,10-11-2023 10.44
5953,-80.606706,-115.53441,Mumbai,Maharashtra,17-11-2023 13.29
5954,-51.9256295,-38.950239,Delhi,Delhi,15-07-2024 3.44
5955,-35.0604,-115.400998,Bangalore,Karnataka,20-04-2025 10.30
5956,-81.848259,75.821574,Hyderabad,Telangana,03-05-2023 13.06
5957,-86.1495505,-119.555437,Chennai,Tamil Nadu,17-12-2022 2.06
5958,-26.970598,64.407571,Kolkata,West Bengal,21-01-2025 23.54
5959,59.6379525,-33.362001,Pune,Maharashtra,28-09-2023 21.04
5960,-83.9443795,122.382152,Ahmedabad,Gujarat,19-08-2024 13.41
5961,-73.012373,-97.700452,Mumbai,Maharashtra,06-07-2023 1.45
5962,-72.5093445,33.427091,Delhi,Delhi,23-06-2025 14.38
5963,11.314259,-163.948569,Bangalore,Karnataka,02-10-2022 1.43
5964,43.526087,52.189969,Hyderabad,Telangana,28-07-2024 18.51
5965,20.7092925,-86.035303,Chennai,Tamil Nadu,25-08-2022 22.57
5966,64.823016,-156.359584,Kolkata,West Bengal,21-05-2025 8.26
5967,-73.085818,-29.234344,Pune,Maharashtra,16-10-2023 17.53
5968,38.626535,-71.177003,Ahmedabad,Gujarat,24-09-2023 13.20
5969,-83.446719,-33.991278,Mumbai,Maharashtra,24-05-2023 12.00
5970,-26.9663885,60.51233,Delhi,Delhi,08-08-2022 8.53
5971,84.531961,-156.311592,Bangalore,Karnataka,27-12-2024 6.18
5972,26.861898,120.080984,Hyderabad,Telangana,01-08-2025 8.00
5973,41.1381355,-55.703174,Chennai,Tamil Nadu,17-10-2022 19.31
5974,-13.0886495,15.439692,Kolkata,West Bengal,20-12-2022 16.38
5975,70.537577,17.191158,Pune,Maharashtra,14-07-2024 2.45
5976,36.8290915,112.37493,Ahmedabad,Gujarat,16-04-2023 22.41
5977,10.1982215,173.583903,Mumbai,Maharashtra,04-03-2024 2.17
5978,57.914395,110.322081,Delhi,Delhi,19-03-2023 16.10
5979,-3.909734,163.229191,Bangalore,Karnataka,26-01-2024 1.26
5980,19.2536735,-86.60447,Hyderabad,Telangana,22-01-2025 16.06
5981,17.8517815,19.774988,Chennai,Tamil Nadu,31-07-2024 13.19
5982,3.2644415,-22.992352,Kolkata,West Bengal,22-03-2023 16.24
5983,42.744198,111.128235,Pune,Maharashtra,29-04-2024 21.05
5984,6.7250385,51.773257,Ahmedabad,Gujarat,17-12-2022 15.10
5985,71.638918,-44.064122,Mumbai,Maharashtra,07-03-2023 3.53
5986,-0.663588,12.558787,Delhi,Delhi,04-05-2025 0.53
5987,35.23995,62.004627,Bangalore,Karnataka,19-11-2024 23.31
5988,-45.902458,-157.045692,Hyderabad,Telangana,20-01-2024 21.08
5989,45.923064,155.578042,Chennai,Tamil Nadu,18-03-2023 16.07
5990,70.7371515,3.42188,Kolkata,West Bengal,21-11-2024 12.46
5991,79.838426,-94.407764,Pune,Maharashtra,12-01-2025 13.03
5992,-52.547537,-69.505103,Ahmedabad,Gujarat,17-07-2025 5.10
5993,16.3944415,-136.114351,Mumbai,Maharashtra,17-05-2024 4.48
5994,-59.9674525,89.178294,Delhi,Delhi,27-11-2024 9.55
5995,-78.731504,98.9414,Bangalore,Karnataka,13-01-2023 14.45
5996,64.4751015,-177.830773,Hyderabad,Telangana,05-09-2023 0.47
5997,57.759911,176.824239,Chennai,Tamil Nadu,18-04-2023 4.46
5998,-29.1235825,-0.202076,Kolkata,West Bengal,03-09-2024 6.12
5999,-58.6141645,-5.255337,Pune,Maharashtra,07-03-2024 6.42
6000,57.223614,32.042815,Ahmedabad,Gujarat,25-10-2024 23.36
6001,86.333075,30.882749,Mumbai,Maharashtra,11-07-2023 15.49
6002,64.8924745,8.513822,Delhi,Delhi,30-04-2024 3.32
6003,-61.43132,-58.766594,Bangalore,Karnataka,26-04-2025 6.40
6004,82.8461985,63.553686,Hyderabad,Telangana,04-04-2023 5.12
6005,-39.4452465,-179.679963,Chennai,Tamil Nadu,27-09-2024 1.47
6006,-61.0624245,85.860042,Kolkata,West Bengal,17-03-2023 14.12
6007,-70.617169,-15.419038,Pune,Maharashtra,16-08-2023 0.27
6008,19.0169735,-17.404563,Ahmedabad,Gujarat,26-06-2023 9.26
6009,55.4831275,162.657116,Mumbai,Maharashtra,02-01-2023 9.17
6010,-38.727063,-167.380517,Delhi,Delhi,30-08-2022 12.58
6011,-81.6523435,-21.202134,Bangalore,Karnataka,09-02-2023 10.16
6012,-34.4104,-80.295493,Hyderabad,Telangana,27-06-2025 10.26
6013,-70.8508465,-144.01792,Chennai,Tamil Nadu,03-09-2023 0.57
6014,31.493715,-116.137632,Kolkata,West Bengal,21-05-2024 18.28
6015,5.9695115,175.185769,Pune,Maharashtra,22-04-2024 9.12
6016,-87.163054,140.813046,Ahmedabad,Gujarat,14-11-2023 17.05
6017,2.118884,28.170254,Mumbai,Maharashtra,09-03-2024 18.07
6018,-34.0450565,-16.905805,Delhi,Delhi,01-06-2024 0.46
6019,76.2307425,136.587833,Bangalore,Karnataka,17-08-2024 13.46
6020,80.515463,150.06994,Hyderabad,Telangana,12-02-2025 1.25
6021,-78.759298,83.782644,Chennai,Tamil Nadu,23-09-2022 7.19
6022,44.216344,-8.398957,Kolkata,West Bengal,02-02-2024 9.00
6023,-81.6676775,-42.677991,Pune,Maharashtra,28-07-2025 17.41
6024,37.1303575,26.02704,Ahmedabad,Gujarat,19-11-2024 16.16
6025,-63.691496,46.936228,Mumbai,Maharashtra,10-07-2025 0.47
6026,67.6050915,152.984371,Delhi,Delhi,01-02-2024 16.31
6027,41.616174,-165.328323,Bangalore,Karnataka,17-03-2024 14.27
6028,-79.6191795,81.696866,Hyderabad,Telangana,18-12-2022 5.27
6029,37.4724255,-44.624574,Chennai,Tamil Nadu,27-11-2024 0.09
6030,-65.2908275,-135.458675,Kolkata,West Bengal,21-08-2023 13.02
6031,79.4629855,-129.531115,Pune,Maharashtra,11-07-2024 16.10
6032,11.9655075,1.130959,Ahmedabad,Gujarat,15-08-2023 7.29
6033,72.029985,71.942515,Mumbai,Maharashtra,27-09-2022 16.37
6034,-3.329571,-13.670104,Delhi,Delhi,10-12-2024 19.37
6035,31.1178065,-63.737732,Bangalore,Karnataka,15-03-2025 17.17
6036,20.2215025,-129.022085,Hyderabad,Telangana,21-08-2022 8.02
6037,-55.537141,138.594803,Chennai,Tamil Nadu,19-06-2025 7.07
6038,-82.420526,91.814808,Kolkata,West Bengal,25-06-2024 17.48
6039,-71.4512155,89.548183,Pune,Maharashtra,13-05-2023 21.07
6040,34.333928,-32.499469,Ahmedabad,Gujarat,23-07-2025 7.10
6041,61.679442,28.401534,Mumbai,Maharashtra,14-11-2024 11.12
6042,85.476879,-153.846399,Delhi,Delhi,02-09-2023 16.23
6043,67.2121945,-116.82717,Bangalore,Karnataka,24-07-2025 23.39
6044,48.7103505,83.656771,Hyderabad,Telangana,02-05-2023 12.24
6045,31.259257,-22.487728,Chennai,Tamil Nadu,15-04-2023 3.52
6046,-79.311841,-24.15354,Kolkata,West Bengal,24-02-2025 3.38
6047,-1.0363015,49.099785,Pune,Maharashtra,22-01-2023 17.12
6048,-48.447215,-138.757226,Ahmedabad,Gujarat,10-06-2023 16.05
6049,39.4251325,81.052114,Mumbai,Maharashtra,27-08-2023 5.14
6050,-88.4719305,27.932076,Delhi,Delhi,17-05-2025 2.20
6051,-42.5858155,22.2498,Bangalore,Karnataka,12-10-2022 12.01
6052,-8.858235,-81.925604,Hyderabad,Telangana,18-07-2023 10.03
6053,1.286955,133.301656,Chennai,Tamil Nadu,09-09-2024 17.42
6054,-28.6000805,58.72846,Kolkata,West Bengal,28-07-2025 23.13
6055,-58.837451,-125.48735,Pune,Maharashtra,17-04-2023 18.46
6056,-52.6323585,-109.133575,Ahmedabad,Gujarat,02-03-2025 11.57
6057,61.0676255,-167.287861,Mumbai,Maharashtra,15-06-2024 21.42
6058,43.1830865,16.857484,Delhi,Delhi,26-07-2025 1.55
6059,25.4201225,-168.973959,Bangalore,Karnataka,29-10-2024 4.12
6060,8.8616375,160.822833,Hyderabad,Telangana,26-11-2024 14.49
6061,-61.4577655,44.747367,Chennai,Tamil Nadu,10-08-2024 3.30
6062,-80.9975165,-30.265517,Kolkata,West Bengal,13-06-2024 2.21
6063,59.594129,46.696554,Pune,Maharashtra,17-11-2022 7.54
6064,-72.5046275,-133.161794,Ahmedabad,Gujarat,17-09-2023 13.14
6065,88.4296685,12.007903,Mumbai,Maharashtra,11-08-2024 15.34
6066,17.730388,92.254521,Delhi,Delhi,18-08-2023 4.35
6067,-53.082804,-115.03278,Bangalore,Karnataka,11-09-2022 19.06
6068,-46.5147115,-133.626418,Hyderabad,Telangana,07-01-2025 11.04
6069,-39.8587485,176.826395,Chennai,Tamil Nadu,06-06-2023 14.56
6070,29.7496245,174.260692,Kolkata,West Bengal,30-11-2024 9.34
6071,10.2114825,119.234923,Pune,Maharashtra,17-09-2023 21.51
6072,38.279867,-144.126887,Ahmedabad,Gujarat,20-05-2025 19.29
6073,-40.2024885,132.523571,Mumbai,Maharashtra,08-05-2024 7.32
6074,-58.9018,120.46871,Delhi,Delhi,06-10-2022 2.27
6075,-27.656323,-71.311951,Bangalore,Karnataka,22-03-2023 7.14
6076,-9.377262,-108.480838,Hyderabad,Telangana,30-07-2025 1.05
6077,14.880352,-173.990472,Chennai,Tamil Nadu,05-03-2024 0.08
6078,-73.8954875,93.909406,Kolkata,West Bengal,24-08-2022 5.48
6079,-59.73321,101.62268,Pune,Maharashtra,04-06-2025 19.13
6080,-18.6263625,134.377031,Ahmedabad,Gujarat,06-11-2024 11.26
6081,-87.622335,-17.143354,Mumbai,Maharashtra,06-03-2023 6.17
6082,-4.227036,-49.177367,Delhi,Delhi,20-08-2024 14.27
6083,-32.672641,-78.710169,Bangalore,Karnataka,01-06-2025 21.19
6084,37.4422965,76.772171,Hyderabad,Telangana,18-08-2024 0.45
6085,-32.521932,-126.82454,Chennai,Tamil Nadu,30-04-2023 4.27
6086,14.114714,116.907087,Kolkata,West Bengal,15-04-2025 6.59
6087,78.317029,110.663428,Pune,Maharashtra,23-11-2022 12.17
6088,-50.7782535,178.137108,Ahmedabad,Gujarat,18-02-2023 13.29
6089,46.8666205,-101.937567,Mumbai,Maharashtra,18-11-2022 23.15
6090,38.2285025,95.621251,Delhi,Delhi,26-11-2022 2.36
6091,61.976722,-91.559795,Bangalore,Karnataka,24-08-2023 3.36
6092,78.293176,42.000748,Hyderabad,Telangana,03-04-2025 5.11
6093,7.0991465,-59.020412,Chennai,Tamil Nadu,17-09-2023 1.47
6094,19.089878,-147.963294,Kolkata,West Bengal,06-06-2024 5.34
6095,-78.4817285,-7.939542,Pune,Maharashtra,09-04-2024 9.04
6096,-82.573669,-76.595608,Ahmedabad,Gujarat,13-06-2025 17.24
6097,10.3095615,29.796391,Mumbai,Maharashtra,04-07-2024 3.04
6098,72.789061,-59.353804,Delhi,Delhi,19-02-2023 3.19
6099,38.6787765,150.119654,Bangalore,Karnataka,04-10-2024 21.33
6100,19.127557,166.840596,Hyderabad,Telangana,18-04-2025 7.36
6101,-47.779095,-50.431249,Chennai,Tamil Nadu,20-02-2025 19.48
6102,49.924261,-25.581068,Kolkata,West Bengal,15-09-2024 14.43
6103,-69.8524665,52.326339,Pune,Maharashtra,22-02-2025 3.13
6104,-81.7015835,44.045059,Ahmedabad,Gujarat,16-11-2022 9.21
6105,60.7766185,-134.450444,Mumbai,Maharashtra,03-08-2025 16.57
6106,-50.9255185,164.349068,Delhi,Delhi,06-10-2022 9.38
6107,9.1925735,-31.077682,Bangalore,Karnataka,07-04-2024 6.19
6108,-14.614337,69.380347,Hyderabad,Telangana,11-05-2025 8.13
6109,1.666046,-17.061351,Chennai,Tamil Nadu,13-11-2024 21.20
6110,72.4828725,-4.396094,Kolkata,West Bengal,27-11-2023 0.36
6111,36.141011,94.577237,Pune,Maharashtra,01-09-2024 2.17
6112,13.6412785,136.518205,Ahmedabad,Gujarat,20-07-2025 9.01
6113,60.374234,144.916861,Mumbai,Maharashtra,21-02-2025 9.20
6114,87.438205,128.157521,Delhi,Delhi,06-03-2023 13.56
6115,35.984303,0.9659,Bangalore,Karnataka,24-12-2022 16.31
6116,41.446275,3.829981,Hyderabad,Telangana,09-11-2024 22.12
6117,48.7804815,150.909329,Chennai,Tamil Nadu,12-04-2025 3.16
6118,-73.1061835,-44.92707,Kolkata,West Bengal,08-04-2025 15.35
6119,-18.0024915,-34.373121,Pune,Maharashtra,28-10-2023 4.58
6120,69.5671125,95.692831,Ahmedabad,Gujarat,25-07-2023 6.49
6121,-5.965844,-5.965591,Mumbai,Maharashtra,12-08-2023 6.16
6122,61.938474,-77.314538,Delhi,Delhi,28-01-2024 17.45
6123,-7.7654325,-77.003174,Bangalore,Karnataka,07-01-2024 17.53
6124,48.961454,40.943451,Hyderabad,Telangana,12-10-2023 0.18
6125,-19.15716,140.92023,Chennai,Tamil Nadu,24-05-2024 18.27
6126,89.767096,173.857595,Kolkata,West Bengal,24-05-2023 22.33
6127,74.5653575,-105.225869,Pune,Maharashtra,09-07-2025 15.08
6128,-10.8074335,-78.012753,Ahmedabad,Gujarat,07-07-2025 17.19
6129,7.03591,111.400602,Mumbai,Maharashtra,11-12-2024 5.58
6130,-3.7939695,-70.228966,Delhi,Delhi,24-07-2024 2.36
6131,66.162065,99.23337,Bangalore,Karnataka,01-05-2023 17.39
6132,-58.536476,-23.523006,Hyderabad,Telangana,23-04-2025 8.48
6133,-23.6891595,-69.547494,Chennai,Tamil Nadu,19-02-2025 12.11
6134,80.038892,1.125249,Kolkata,West Bengal,16-05-2023 17.53
6135,83.805872,86.801052,Pune,Maharashtra,09-03-2024 21.12
6136,-24.0631755,30.254883,Ahmedabad,Gujarat,26-08-2024 17.52
6137,-17.3236525,125.044353,Mumbai,Maharashtra,18-07-2024 11.57
6138,54.2595265,3.287427,Delhi,Delhi,20-03-2023 16.11
6139,-21.622588,145.335052,Bangalore,Karnataka,25-11-2022 6.28
6140,-22.210466,-113.197543,Hyderabad,Telangana,12-03-2024 7.30
6141,57.822954,31.033737,Chennai,Tamil Nadu,10-08-2022 10.03
6142,-72.1365845,-78.570007,Kolkata,West Bengal,05-09-2023 4.17
6143,42.8904775,64.147717,Pune,Maharashtra,07-12-2024 17.45
6144,66.6545305,-31.237547,Ahmedabad,Gujarat,07-10-2024 8.07
6145,62.324676,45.750566,Mumbai,Maharashtra,10-06-2023 18.35
6146,-18.6763745,-152.623322,Delhi,Delhi,30-05-2024 18.20
6147,78.6077245,82.830304,Bangalore,Karnataka,15-02-2025 1.35
6148,-60.9877175,75.748206,Hyderabad,Telangana,14-06-2024 11.12
6149,13.853569,-11.88318,Chennai,Tamil Nadu,06-02-2023 21.28
6150,-52.492221,-82.770137,Kolkata,West Bengal,12-02-2023 6.54
6151,6.995106,-150.739381,Pune,Maharashtra,08-10-2022 2.07
6152,-71.134362,-31.095619,Ahmedabad,Gujarat,19-01-2023 6.42
6153,57.2343505,107.345466,Mumbai,Maharashtra,26-09-2023 7.27
6154,-55.795388,-128.519114,Delhi,Delhi,07-07-2025 3.11
6155,23.6190335,-69.999046,Bangalore,Karnataka,06-10-2022 9.13
6156,87.2471125,124.173527,Hyderabad,Telangana,06-11-2022 8.44
6157,-87.354274,-120.175379,Chennai,Tamil Nadu,11-01-2024 19.06
6158,77.6003675,-31.193447,Kolkata,West Bengal,20-10-2023 19.33
6159,25.3742695,-50.785764,Pune,Maharashtra,29-07-2023 9.28
6160,-30.8267305,151.953674,Ahmedabad,Gujarat,28-02-2025 2.22
6161,63.17386,-36.797321,Mumbai,Maharashtra,10-12-2024 19.15
6162,4.9057405,-53.103939,Delhi,Delhi,29-03-2023 0.08
6163,-83.8383155,117.270927,Bangalore,Karnataka,28-01-2025 17.49
6164,-4.981716,-61.956954,Hyderabad,Telangana,29-04-2023 6.59
6165,12.883793,-70.939395,Chennai,Tamil Nadu,23-11-2024 20.42
6166,75.4358695,-170.636666,Kolkata,West Bengal,11-04-2023 12.14
6167,-65.5246595,126.682284,Pune,Maharashtra,16-03-2025 8.45
6168,-17.595132,81.057282,Ahmedabad,Gujarat,14-02-2023 20.18
6169,-64.315113,-47.826166,Mumbai,Maharashtra,27-04-2024 16.01
6170,-30.682881,-50.064083,Delhi,Delhi,19-07-2024 3.53
6171,73.640189,-91.071332,Bangalore,Karnataka,01-05-2023 22.24
6172,-30.852498,-29.960319,Hyderabad,Telangana,19-01-2023 3.55
6173,-89.1494995,-51.810936,Chennai,Tamil Nadu,12-06-2025 22.58
6174,-7.1892085,53.642614,Kolkata,West Bengal,21-01-2025 18.42
6175,70.985126,27.609749,Pune,Maharashtra,28-06-2024 10.29
6176,-32.719145,-55.348919,Ahmedabad,Gujarat,08-01-2023 6.11
6177,-67.989062,39.330349,Mumbai,Maharashtra,25-06-2024 6.43
6178,28.790087,-99.262384,Delhi,Delhi,24-03-2024 14.32
6179,75.102011,24.098261,Bangalore,Karnataka,10-09-2022 2.44
6180,55.2946155,-34.119664,Hyderabad,Telangana,20-06-2023 0.00
6181,41.941349,54.424839,Chennai,Tamil Nadu,27-10-2024 5.58
6182,1.882433,-7.084607,Kolkata,West Bengal,06-09-2022 12.35
6183,43.9579225,92.493841,Pune,Maharashtra,18-03-2025 16.53
6184,14.1262925,57.398664,Ahmedabad,Gujarat,04-03-2025 14.13
6185,-34.84468,20.23194,Mumbai,Maharashtra,17-03-2023 20.11
6186,-69.2346515,142.634476,Delhi,Delhi,26-07-2025 2.12
6187,11.3784805,-89.60079,Bangalore,Karnataka,23-04-2024 22.41
6188,-34.3987195,-63.000601,Hyderabad,Telangana,06-12-2023 10.54
6189,4.8289825,37.487634,Chennai,Tamil Nadu,05-10-2023 4.59
6190,-23.222477,-23.943001,Kolkata,West Bengal,30-07-2023 0.39
6191,11.8562385,142.356426,Pune,Maharashtra,04-08-2024 0.25
6192,-83.4834665,122.424279,Ahmedabad,Gujarat,19-08-2023 11.56
6193,83.268981,-145.267159,Mumbai,Maharashtra,07-07-2024 21.11
6194,-84.126817,28.772924,Delhi,Delhi,09-01-2025 9.09
6195,2.659665,13.016139,Bangalore,Karnataka,19-03-2024 3.52
6196,-84.498652,83.580785,Hyderabad,Telangana,13-06-2024 2.23
6197,29.5417055,47.707257,Chennai,Tamil Nadu,22-12-2022 7.35
6198,27.4035615,-43.137791,Kolkata,West Bengal,28-01-2024 7.12
6199,-28.6472405,-35.516419,Pune,Maharashtra,25-02-2024 19.53
6200,-20.244607,76.909242,Ahmedabad,Gujarat,07-04-2023 22.34
6201,-44.7574425,-62.351842,Mumbai,Maharashtra,30-01-2025 21.04
6202,83.1432715,97.653419,Delhi,Delhi,21-02-2025 0.30
6203,52.5221965,-74.9278,Bangalore,Karnataka,30-09-2022 17.21
6204,12.393116,15.728018,Hyderabad,Telangana,18-10-2022 21.01
6205,-28.640973,-131.696384,Chennai,Tamil Nadu,08-04-2023 23.01
6206,-65.2027965,150.417178,Kolkata,West Bengal,20-07-2025 11.23
6207,58.397569,-153.12152,Pune,Maharashtra,29-08-2023 7.30
6208,-68.7250505,101.993521,Ahmedabad,Gujarat,05-09-2023 16.45
6209,31.628329,-99.990481,Mumbai,Maharashtra,03-11-2023 17.46
6210,-51.980404,54.018687,Delhi,Delhi,11-10-2023 23.59
6211,-40.065618,-57.008957,Bangalore,Karnataka,02-05-2024 10.11
6212,-6.3559555,-90.541847,Hyderabad,Telangana,21-10-2024 22.11
6213,-72.0741745,-55.54493,Chennai,Tamil Nadu,26-12-2022 16.21
6214,76.68356,-152.004041,Kolkata,West Bengal,10-01-2025 20.39
6215,85.7237305,-85.540821,Pune,Maharashtra,27-10-2023 2.43
6216,57.0861345,72.462666,Ahmedabad,Gujarat,23-05-2024 20.40
6217,-44.92265,-53.166811,Mumbai,Maharashtra,01-09-2022 0.50
6218,-37.5517375,143.536846,Delhi,Delhi,03-12-2022 0.47
6219,-71.9122555,-125.502071,Bangalore,Karnataka,27-09-2023 6.56
6220,-42.0223705,106.664008,Hyderabad,Telangana,14-02-2023 4.25
6221,34.161364,117.125114,Chennai,Tamil Nadu,29-02-2024 10.58
6222,-41.9704585,-98.009822,Kolkata,West Bengal,11-11-2024 8.26
6223,-39.8544555,-48.119517,Pune,Maharashtra,18-08-2022 22.20
6224,-2.630204,-87.768507,Ahmedabad,Gujarat,02-10-2023 9.43
6225,47.773398,-168.877131,Mumbai,Maharashtra,21-09-2024 11.38
6226,45.4283035,-149.47885,Delhi,Delhi,08-04-2024 2.23
6227,-53.7748745,-90.341877,Bangalore,Karnataka,19-10-2022 10.39
6228,35.914185,-96.296774,Hyderabad,Telangana,26-02-2023 20.24
6229,-25.0586015,146.937797,Chennai,Tamil Nadu,26-02-2024 18.07
6230,64.045579,-30.064274,Kolkata,West Bengal,23-07-2024 15.58
6231,-24.0215385,64.246287,Pune,Maharashtra,04-05-2023 10.07
6232,-60.5053375,-46.740693,Ahmedabad,Gujarat,14-04-2023 3.17
6233,81.835231,145.349545,Mumbai,Maharashtra,10-10-2022 0.19
6234,-71.994954,22.628558,Delhi,Delhi,04-03-2023 11.07
6235,-89.8460815,-25.809335,Bangalore,Karnataka,21-07-2024 3.06
6236,51.9736475,83.043402,Hyderabad,Telangana,22-06-2025 20.13
6237,16.0365465,115.448518,Chennai,Tamil Nadu,23-11-2024 11.40
6238,18.4206675,101.884492,Kolkata,West Bengal,30-07-2024 5.06
6239,83.7725655,98.988271,Pune,Maharashtra,06-02-2024 3.55
6240,72.5422755,130.027853,Ahmedabad,Gujarat,25-04-2024 19.09
6241,-22.5073235,101.036038,Mumbai,Maharashtra,29-04-2024 15.35
6242,-45.199323,90.127967,Delhi,Delhi,19-09-2024 15.24
6243,-56.112751,-160.448946,Bangalore,Karnataka,22-06-2023 17.46
6244,-70.292256,142.014215,Hyderabad,Telangana,27-02-2024 5.41
6245,-9.8875375,-117.971977,Chennai,Tamil Nadu,01-03-2025 5.45
6246,20.706273,25.39193,Kolkata,West Bengal,11-03-2024 8.28
6247,-9.5987585,20.587546,Pune,Maharashtra,11-09-2022 10.24
6248,-5.564922,81.575101,Ahmedabad,Gujarat,10-06-2023 0.25
6249,-85.6938805,-64.266506,Mumbai,Maharashtra,11-06-2024 22.16
6250,81.383602,-100.988618,Delhi,Delhi,04-07-2024 7.14
6251,68.4923225,-104.921225,Bangalore,Karnataka,09-05-2025 15.23
6252,-8.939971,32.794569,Hyderabad,Telangana,20-08-2023 3.33
6253,-51.7975195,-171.207107,Chennai,Tamil Nadu,24-07-2023 2.05
6254,27.8501555,-44.214636,Kolkata,West Bengal,30-08-2024 12.34
6255,17.1699535,70.369239,Pune,Maharashtra,28-07-2024 0.20
6256,9.741788,-70.106593,Ahmedabad,Gujarat,25-07-2024 1.18
6257,-54.992229,43.230936,Mumbai,Maharashtra,24-10-2022 2.34
6258,-24.1350655,-101.865168,Delhi,Delhi,25-04-2025 14.01
6259,-62.8115565,-21.398623,Bangalore,Karnataka,08-03-2024 9.18
6260,-75.7408845,8.202841,Hyderabad,Telangana,27-07-2024 20.02
6261,13.765563,170.808641,Chennai,Tamil Nadu,08-06-2024 13.54
6262,-69.0288895,141.175756,Kolkata,West Bengal,04-11-2023 23.32
6263,5.2340235,95.17936,Pune,Maharashtra,09-12-2024 5.38
6264,38.0727315,-158.243621,Ahmedabad,Gujarat,19-08-2024 3.45
6265,-71.81198,9.237564,Mumbai,Maharashtra,02-01-2024 5.41
6266,-38.0632955,-13.386529,Delhi,Delhi,30-09-2024 12.03
6267,-45.4543705,-174.064259,Bangalore,Karnataka,09-01-2023 17.05
6268,-50.824791,121.501395,Hyderabad,Telangana,28-09-2023 3.59
6269,-73.924216,-166.748142,Chennai,Tamil Nadu,04-10-2024 20.02
6270,-31.2948305,158.590798,Kolkata,West Bengal,22-10-2024 19.55
6271,9.661075,-167.040017,Pune,Maharashtra,01-07-2024 20.16
6272,18.2900995,-0.663141,Ahmedabad,Gujarat,14-03-2025 11.47
6273,33.558417,6.254341,Mumbai,Maharashtra,28-03-2025 5.36
6274,-2.3438325,-27.03089,Delhi,Delhi,27-02-2024 23.04
6275,-76.3322465,97.560928,Bangalore,Karnataka,31-01-2025 1.47
6276,-56.902501,55.363048,Hyderabad,Telangana,31-08-2024 16.11
6277,26.3421215,95.936424,Chennai,Tamil Nadu,30-09-2022 12.14
6278,88.863916,114.199753,Kolkata,West Bengal,01-01-2025 3.19
6279,45.814312,-143.874399,Pune,Maharashtra,31-03-2023 12.48
6280,11.4484675,-2.750964,Ahmedabad,Gujarat,27-05-2025 13.48
6281,28.0744115,161.022921,Mumbai,Maharashtra,24-09-2023 6.40
6282,-51.3583195,-103.650924,Delhi,Delhi,06-06-2023 8.07
6283,-64.984607,151.181897,Bangalore,Karnataka,23-03-2024 16.41
6284,-15.976285,31.74157,Hyderabad,Telangana,13-07-2023 11.18
6285,-78.7547955,-156.370474,Chennai,Tamil Nadu,18-11-2023 21.33
6286,-86.7479775,-108.627296,Kolkata,West Bengal,03-06-2023 11.29
6287,22.3069185,125.637862,Pune,Maharashtra,02-06-2023 4.34
6288,22.095707,-98.585432,Ahmedabad,Gujarat,29-05-2024 12.39
6289,56.8492195,125.042982,Mumbai,Maharashtra,05-09-2023 16.51
6290,-33.463202,-179.695606,Delhi,Delhi,16-11-2022 5.25
6291,-46.1399455,-159.888284,Bangalore,Karnataka,21-09-2023 19.05
6292,39.5642845,-144.518698,Hyderabad,Telangana,11-07-2023 16.41
6293,35.710098,-91.092068,Chennai,Tamil Nadu,15-06-2025 5.02
6294,42.4681295,-118.669467,Kolkata,West Bengal,07-12-2022 13.43
6295,89.6952945,66.749242,Pune,Maharashtra,19-01-2024 18.25
6296,75.5705465,19.77846,Ahmedabad,Gujarat,02-08-2024 19.05
6297,-20.721275,129.797844,Mumbai,Maharashtra,20-12-2024 1.11
6298,57.0825925,-2.510549,Delhi,Delhi,12-04-2025 9.11
6299,88.4938745,-4.693893,Bangalore,Karnataka,31-10-2024 13.23
6300,-48.231893,178.496551,Hyderabad,Telangana,29-06-2025 17.27
6301,68.3177515,99.198795,Chennai,Tamil Nadu,30-06-2025 17.28
6302,-15.116007,138.820962,Kolkata,West Bengal,21-08-2023 9.34
6303,-29.280198,-168.06794,Pune,Maharashtra,09-06-2024 8.13
6304,39.760617,-33.869894,Ahmedabad,Gujarat,28-12-2023 2.42
6305,46.5893625,-18.633276,Mumbai,Maharashtra,18-09-2024 7.38
6306,18.638269,-152.465736,Delhi,Delhi,09-02-2025 12.09
6307,-9.377427,-41.679354,Bangalore,Karnataka,17-01-2023 18.44
6308,-50.2790775,117.970918,Hyderabad,Telangana,18-07-2023 17.36
6309,-31.225372,-46.459794,Chennai,Tamil Nadu,26-07-2024 16.22
6310,-48.8600515,-127.066014,Kolkata,West Bengal,23-07-2025 16.31
6311,55.548193,91.572744,Pune,Maharashtra,20-02-2024 5.36
6312,20.768555,34.668212,Ahmedabad,Gujarat,17-05-2024 16.34
6313,62.0882465,-2.181302,Mumbai,Maharashtra,12-11-2023 22.55
6314,-68.2220455,-49.811924,Delhi,Delhi,14-04-2023 16.39
6315,77.250897,78.328147,Bangalore,Karnataka,31-05-2025 2.17
6316,-72.1972005,-11.445619,Hyderabad,Telangana,01-11-2022 17.44
6317,26.936772,37.929164,Chennai,Tamil Nadu,06-06-2024 16.37
6318,-48.6486075,42.384224,Kolkata,West Bengal,09-08-2024 9.27
6319,-81.787079,-0.800088,Pune,Maharashtra,02-03-2024 17.01
6320,-58.263841,-14.63978,Ahmedabad,Gujarat,06-08-2023 11.07
6321,40.599206,84.065742,Mumbai,Maharashtra,12-04-2024 1.03
6322,67.9536575,-65.094286,Delhi,Delhi,25-04-2024 23.35
6323,25.4556005,-53.775566,Bangalore,Karnataka,24-10-2023 8.32
6324,-24.706868,147.798735,Hyderabad,Telangana,18-04-2023 11.57
6325,0.2241865,-94.534445,Chennai,Tamil Nadu,19-02-2025 6.38
6326,-2.183247,138.603919,Kolkata,West Bengal,12-03-2024 18.08
6327,-67.7525055,-125.958662,Pune,Maharashtra,10-12-2022 20.58
6328,-67.90501,-175.442039,Ahmedabad,Gujarat,26-03-2023 10.22
6329,55.054588,50.072067,Mumbai,Maharashtra,08-09-2024 15.31
6330,-65.2193695,167.876117,Delhi,Delhi,29-03-2023 7.02
6331,-76.213747,-178.87941,Bangalore,Karnataka,06-08-2024 8.09
6332,-42.333091,-162.452573,Hyderabad,Telangana,28-02-2023 16.52
6333,-11.771728,16.906526,Chennai,Tamil Nadu,24-06-2025 17.30
6334,5.898701,177.587289,Kolkata,West Bengal,09-01-2025 21.51
6335,-66.506478,-158.294398,Pune,Maharashtra,19-04-2023 0.09
6336,-6.847449,-2.756503,Ahmedabad,Gujarat,07-01-2023 15.27
6337,-79.5465215,132.92246,Mumbai,Maharashtra,11-12-2022 6.19
6338,-79.3931165,149.833811,Delhi,Delhi,05-08-2022 16.11
6339,-38.393782,-88.767171,Bangalore,Karnataka,03-04-2024 12.43
6340,41.630034,-122.265723,Hyderabad,Telangana,24-09-2023 15.02
6341,69.281589,-23.540552,Chennai,Tamil Nadu,18-03-2025 9.20
6342,51.2205365,-141.515318,Kolkata,West Bengal,14-03-2025 4.44
6343,-13.644916,-105.581097,Pune,Maharashtra,14-11-2022 5.29
6344,34.1075265,145.433821,Ahmedabad,Gujarat,13-09-2023 5.05
6345,-47.7498585,165.457118,Mumbai,Maharashtra,27-07-2025 16.00
6346,48.2151235,-128.395866,Delhi,Delhi,14-09-2024 11.57
6347,72.8016995,-59.852634,Bangalore,Karnataka,10-07-2025 17.13
6348,-13.8456595,-162.802019,Hyderabad,Telangana,07-04-2024 11.01
6349,0.9077085,177.023763,Chennai,Tamil Nadu,15-04-2023 6.07
6350,36.878784,62.938625,Kolkata,West Bengal,13-02-2024 15.29
6351,46.6003285,-15.503417,Pune,Maharashtra,04-11-2023 12.26
6352,85.4197295,35.335717,Ahmedabad,Gujarat,15-05-2024 15.17
6353,-26.8840905,-13.931818,Mumbai,Maharashtra,05-06-2025 8.03
6354,-2.3263885,-66.963287,Delhi,Delhi,14-08-2023 5.29
6355,33.825722,-100.156068,Bangalore,Karnataka,01-08-2025 18.44
6356,-48.333696,-160.244412,Hyderabad,Telangana,06-12-2022 18.28
6357,-74.2299305,135.509959,Chennai,Tamil Nadu,04-02-2023 5.06
6358,-50.35746,-122.192697,Kolkata,West Bengal,02-07-2024 17.12
6359,-56.1476735,-99.830775,Pune,Maharashtra,27-11-2022 10.22
6360,-14.1736255,-1.367903,Ahmedabad,Gujarat,08-07-2025 16.31
6361,-4.1139715,130.993376,Mumbai,Maharashtra,12-08-2023 0.17
6362,39.277647,53.71861,Delhi,Delhi,03-05-2024 1.42
6363,-57.0848465,165.911844,Bangalore,Karnataka,08-06-2025 11.08
6364,58.208646,135.503357,Hyderabad,Telangana,18-11-2023 7.58
6365,-33.6897915,74.062497,Chennai,Tamil Nadu,20-05-2025 16.28
6366,-80.9171835,15.533399,Kolkata,West Bengal,05-04-2023 12.08
6367,14.903041,-77.195338,Pune,Maharashtra,23-01-2024 9.58
6368,-72.2684005,-153.74047,Ahmedabad,Gujarat,23-09-2022 2.09
6369,-22.3054205,29.142934,Mumbai,Maharashtra,22-05-2023 3.48
6370,43.578027,68.841784,Delhi,Delhi,24-05-2025 0.33
6371,16.70031,-6.279533,Bangalore,Karnataka,03-07-2024 19.00
6372,-54.324055,-4.492506,Hyderabad,Telangana,22-05-2024 10.32
6373,86.7391975,-10.99928,Chennai,Tamil Nadu,01-01-2025 11.27
6374,-40.6181075,-176.00638,Kolkata,West Bengal,17-04-2023 9.17
6375,-22.729973,43.231483,Pune,Maharashtra,28-12-2022 3.36
6376,40.6996665,-0.38647,Ahmedabad,Gujarat,23-03-2023 12.20
6377,-78.7188735,-104.655007,Mumbai,Maharashtra,13-08-2023 4.58
6378,47.649517,144.228067,Delhi,Delhi,12-09-2024 20.31
6379,-15.4119055,-71.414967,Bangalore,Karnataka,12-05-2023 18.15
6380,22.1711765,-159.357805,Hyderabad,Telangana,19-08-2022 16.11
6381,79.5271805,13.664119,Chennai,Tamil Nadu,20-01-2024 2.50
6382,75.054769,20.265679,Kolkata,West Bengal,11-01-2024 3.13
6383,-89.2652085,-123.844777,Pune,Maharashtra,24-08-2024 8.16
6384,44.506805,-71.706034,Ahmedabad,Gujarat,29-06-2023 5.12
6385,-50.323671,-1.480802,Mumbai,Maharashtra,27-06-2025 5.45
6386,86.80921,91.109684,Delhi,Delhi,04-10-2023 3.03
6387,52.5040895,29.750196,Bangalore,Karnataka,03-11-2024 16.55
6388,68.5078615,148.813989,Hyderabad,Telangana,13-03-2025 9.38
6389,-37.209212,53.505378,Chennai,Tamil Nadu,05-10-2022 14.07
6390,32.12538,137.277364,Kolkata,West Bengal,02-12-2024 6.28
6391,-12.101834,109.261885,Pune,Maharashtra,14-07-2024 9.25
6392,-78.0509545,-27.26792,Ahmedabad,Gujarat,04-01-2024 0.40
6393,-85.1910055,38.687008,Mumbai,Maharashtra,05-02-2025 19.42
6394,78.3205,-146.285329,Delhi,Delhi,11-08-2024 11.32
6395,22.0033825,68.862793,Bangalore,Karnataka,08-03-2025 0.29
6396,63.5176075,-56.012223,Hyderabad,Telangana,07-12-2023 22.59
6397,68.616811,-60.33172,Chennai,Tamil Nadu,03-07-2024 6.18
6398,-18.9449995,-18.78706,Kolkata,West Bengal,14-05-2025 6.36
6399,-79.608738,-56.802664,Pune,Maharashtra,08-06-2025 17.12
6400,65.575452,-43.558597,Ahmedabad,Gujarat,09-04-2024 15.55
6401,-18.76638,-177.6995,Mumbai,Maharashtra,06-11-2024 19.46
6402,-28.468997,-158.233026,Delhi,Delhi,15-07-2023 21.35
6403,30.59461,-51.698608,Bangalore,Karnataka,13-04-2024 0.44
6404,-89.39591,50.86027,Hyderabad,Telangana,18-10-2022 13.00
6405,-69.5705295,-33.093487,Chennai,Tamil Nadu,13-11-2024 20.06
6406,56.712304,43.743671,Kolkata,West Bengal,30-08-2022 17.34
6407,44.687982,163.607933,Pune,Maharashtra,24-11-2023 0.22
6408,71.1270325,176.114098,Ahmedabad,Gujarat,23-10-2022 20.57
6409,43.314603,131.479751,Mumbai,Maharashtra,02-07-2023 20.55
6410,53.3686945,175.026604,Delhi,Delhi,10-12-2024 9.41
6411,-12.809469,-117.79188,Bangalore,Karnataka,05-08-2023 3.28
6412,14.42851,121.052894,Hyderabad,Telangana,28-12-2023 18.52
6413,-42.423381,112.628607,Chennai,Tamil Nadu,20-05-2025 13.31
6414,-36.243899,-172.370339,Kolkata,West Bengal,04-07-2025 14.02
6415,25.2931595,-137.223796,Pune,Maharashtra,29-12-2023 1.51
6416,83.63559,-48.146485,Ahmedabad,Gujarat,19-08-2024 18.53
6417,-84.4458285,-126.602852,Mumbai,Maharashtra,23-02-2023 2.26
6418,-20.691785,-89.256668,Delhi,Delhi,22-05-2025 16.01
6419,-11.5318525,-41.974522,Bangalore,Karnataka,11-05-2024 22.02
6420,-46.550643,48.948275,Hyderabad,Telangana,18-06-2023 9.24
6421,-46.0014685,14.041055,Chennai,Tamil Nadu,03-01-2023 23.12
6422,-12.4816095,-13.842522,Kolkata,West Bengal,24-11-2024 19.23
6423,57.2853445,163.07265,Pune,Maharashtra,19-11-2022 21.27
6424,-69.5383005,-96.479735,Ahmedabad,Gujarat,09-02-2023 23.53
6425,-89.1065885,-51.391811,Mumbai,Maharashtra,15-11-2022 20.14
6426,-17.5087095,-83.915958,Delhi,Delhi,28-01-2023 11.01
6427,31.142665,1.209952,Bangalore,Karnataka,09-02-2023 23.49
6428,44.342032,107.006835,Hyderabad,Telangana,28-07-2024 3.47
6429,47.1113545,-114.449398,Chennai,Tamil Nadu,21-08-2024 22.14
6430,89.314448,149.835237,Kolkata,West Bengal,11-10-2023 16.02
6431,-67.647889,11.265127,Pune,Maharashtra,26-12-2022 7.22
6432,4.822184,-85.296755,Ahmedabad,Gujarat,29-03-2024 21.29
6433,-39.1851255,112.758096,Mumbai,Maharashtra,29-08-2023 3.12
6434,-85.1070815,153.043556,Delhi,Delhi,17-12-2022 14.22
6435,-72.9723395,-92.870076,Bangalore,Karnataka,19-03-2023 20.33
6436,1.832089,-93.918211,Hyderabad,Telangana,24-10-2024 9.03
6437,53.5617595,-75.755539,Chennai,Tamil Nadu,17-08-2024 23.07
6438,79.53585,8.64709,Kolkata,West Bengal,20-09-2022 14.52
6439,1.31658,28.992146,Pune,Maharashtra,07-06-2024 1.20
6440,-62.1983045,95.103257,Ahmedabad,Gujarat,21-04-2024 13.01
6441,-32.9950505,-90.061766,Mumbai,Maharashtra,27-05-2023 17.19
6442,76.718572,162.249427,Delhi,Delhi,25-08-2024 7.34
6443,67.3983305,-144.083033,Bangalore,Karnataka,23-07-2023 14.08
6444,86.368997,85.415648,Hyderabad,Telangana,18-12-2024 7.46
6445,32.904028,27.917004,Chennai,Tamil Nadu,18-12-2023 21.15
6446,82.4771315,18.036004,Kolkata,West Bengal,10-06-2023 15.43
6447,-78.7352055,-160.468915,Pune,Maharashtra,08-07-2024 21.56
6448,-39.512517,-178.001908,Ahmedabad,Gujarat,08-01-2025 6.24
6449,5.407722,-170.808058,Mumbai,Maharashtra,02-06-2025 17.35
6450,10.002245,168.277194,Delhi,Delhi,13-01-2024 12.51
6451,21.5439725,-176.006861,Bangalore,Karnataka,07-12-2023 22.38
6452,34.414808,-134.245034,Hyderabad,Telangana,01-03-2023 15.06
6453,-64.2362755,139.249478,Chennai,Tamil Nadu,21-10-2024 22.25
6454,60.702963,-117.45782,Kolkata,West Bengal,11-02-2025 8.37
6455,-53.554438,74.170694,Pune,Maharashtra,11-09-2024 6.47
6456,58.601858,116.140449,Ahmedabad,Gujarat,16-01-2024 14.35
6457,-57.8540365,155.515621,Mumbai,Maharashtra,24-09-2022 19.11
6458,81.2833745,-9.775998,Delhi,Delhi,22-08-2023 13.11
6459,-6.2325215,108.343452,Bangalore,Karnataka,27-05-2024 13.16
6460,-11.2272615,-159.094899,Hyderabad,Telangana,17-01-2023 21.37
6461,-75.2594025,-18.828605,Chennai,Tamil Nadu,03-06-2025 2.40
6462,-53.2459565,-41.33623,Kolkata,West Bengal,17-03-2024 0.03
6463,-48.9195075,-29.31747,Pune,Maharashtra,15-01-2024 10.10
6464,20.6034145,-140.058284,Ahmedabad,Gujarat,07-11-2024 3.57
6465,7.652857,-139.674734,Mumbai,Maharashtra,17-09-2024 9.44
6466,-7.218497,-19.035291,Delhi,Delhi,28-04-2024 9.29
6467,-83.8978615,-165.962019,Bangalore,Karnataka,22-10-2023 7.36
6468,-2.019248,-80.799063,Hyderabad,Telangana,27-12-2022 22.23
6469,-53.1103315,101.832717,Chennai,Tamil Nadu,26-02-2025 22.13
6470,70.9393875,-126.247078,Kolkata,West Bengal,19-02-2024 12.25
6471,-59.566349,-128.912835,Pune,Maharashtra,19-09-2023 18.20
6472,-0.400229,-9.107696,Ahmedabad,Gujarat,13-02-2023 13.07
6473,-40.978597,129.458493,Mumbai,Maharashtra,01-07-2023 3.45
6474,66.290691,-137.673706,Delhi,Delhi,30-07-2023 23.55
6475,-76.825536,-31.547194,Bangalore,Karnataka,02-12-2023 5.23
6476,57.6954385,110.611623,Hyderabad,Telangana,07-12-2022 2.18
6477,57.3540195,129.968797,Chennai,Tamil Nadu,12-07-2025 23.17
6478,56.583106,-20.438531,Kolkata,West Bengal,10-12-2024 9.58
6479,86.6036085,-20.256174,Pune,Maharashtra,08-01-2023 8.45
6480,18.3539125,-158.129259,Ahmedabad,Gujarat,02-12-2023 20.26
6481,22.788836,-130.088467,Mumbai,Maharashtra,23-05-2025 8.26
6482,-0.5394415,-35.555856,Delhi,Delhi,25-10-2022 4.56
6483,-53.253431,-143.09144,Bangalore,Karnataka,29-12-2022 20.34
6484,67.9217225,-177.847441,Hyderabad,Telangana,18-01-2023 7.06
6485,38.037563,-157.169647,Chennai,Tamil Nadu,03-08-2024 6.09
6486,6.9396125,37.963517,Kolkata,West Bengal,24-11-2024 6.08
6487,-61.3066835,-38.114545,Pune,Maharashtra,09-04-2023 1.00
6488,68.606122,121.286837,Ahmedabad,Gujarat,24-08-2023 22.32
6489,-67.9859085,-0.651384,Mumbai,Maharashtra,23-04-2023 21.54
6490,-40.3047575,168.153138,Delhi,Delhi,05-01-2025 6.40
6491,-62.1165885,158.679042,Bangalore,Karnataka,31-08-2022 12.17
6492,36.2494025,-62.737795,Hyderabad,Telangana,18-02-2023 2.31
6493,-44.535199,93.634757,Chennai,Tamil Nadu,10-08-2023 23.24
6494,19.4976395,-177.161837,Kolkata,West Bengal,28-06-2025 21.06
6495,50.3850645,-33.265441,Pune,Maharashtra,17-01-2025 4.50
6496,-39.654944,84.49096,Ahmedabad,Gujarat,02-12-2024 22.54
6497,-26.136064,-148.125081,Mumbai,Maharashtra,02-06-2024 21.29
6498,-33.358101,149.240359,Delhi,Delhi,06-06-2025 7.25
6499,14.271375,-76.667496,Bangalore,Karnataka,02-11-2024 5.21
6500,-11.4272495,4.827406,Hyderabad,Telangana,04-03-2023 22.32
6501,18.5876695,137.167298,Chennai,Tamil Nadu,05-05-2024 15.41
6502,65.2447325,-25.562233,Kolkata,West Bengal,27-09-2023 18.43
6503,-23.1513375,150.919095,Pune,Maharashtra,14-02-2023 23.29
6504,22.80307,-43.098304,Ahmedabad,Gujarat,08-05-2025 12.01
6505,72.472149,87.188433,Mumbai,Maharashtra,07-08-2022 14.24
6506,-59.2344195,37.725293,Delhi,Delhi,08-02-2025 0.32
6507,-38.6845535,-44.205906,Bangalore,Karnataka,14-07-2025 5.46
6508,-55.5889815,129.568364,Hyderabad,Telangana,18-05-2023 17.36
6509,82.0189585,131.494713,Chennai,Tamil Nadu,07-02-2023 17.19
6510,-23.2185905,-108.892213,Kolkata,West Bengal,06-10-2022 19.14
6511,-28.03016,-45.784434,Pune,Maharashtra,16-10-2022 16.17
6512,-70.619162,31.913024,Ahmedabad,Gujarat,27-02-2023 21.26
6513,-31.4446515,-31.528852,Mumbai,Maharashtra,27-01-2023 6.47
6514,64.2362295,-178.487279,Delhi,Delhi,13-05-2025 23.05
6515,-33.573535,-120.528487,Bangalore,Karnataka,21-07-2025 21.22
6516,-86.306349,41.918726,Hyderabad,Telangana,18-01-2023 11.46
6517,1.632318,-69.225575,Chennai,Tamil Nadu,29-06-2024 20.23
6518,-51.2422955,-101.08666,Kolkata,West Bengal,07-05-2025 22.04
6519,-56.9168995,17.974815,Pune,Maharashtra,23-12-2023 9.17
6520,20.36102,23.32624,Ahmedabad,Gujarat,25-05-2025 20.56
6521,49.2820135,-32.325822,Mumbai,Maharashtra,24-06-2024 3.50
6522,88.0048495,-71.79424,Delhi,Delhi,17-04-2025 20.41
6523,-50.831112,-68.985046,Bangalore,Karnataka,31-03-2024 23.05
6524,4.805548,-79.067897,Hyderabad,Telangana,04-06-2025 17.11
6525,87.7857565,-49.664651,Chennai,Tamil Nadu,04-09-2024 9.32
6526,41.2417215,-32.952428,Kolkata,West Bengal,14-06-2024 21.35
6527,-76.864533,-44.648795,Pune,Maharashtra,10-08-2022 2.14
6528,26.3113085,68.883966,Ahmedabad,Gujarat,08-04-2023 17.28
6529,-73.5168285,-148.006618,Mumbai,Maharashtra,17-07-2024 23.36
6530,50.735876,-24.805165,Delhi,Delhi,17-06-2023 23.57
6531,20.972384,-120.720602,Bangalore,Karnataka,25-10-2023 12.12
6532,-52.2317055,-27.825994,Hyderabad,Telangana,13-10-2023 6.21
6533,-42.470797,48.788765,Chennai,Tamil Nadu,26-08-2022 17.32
6534,37.032774,104.322733,Kolkata,West Bengal,14-11-2022 18.37
6535,67.4332205,63.969743,Pune,Maharashtra,27-01-2024 16.46
6536,-8.6115265,165.879095,Ahmedabad,Gujarat,19-07-2023 19.20
6537,30.619613,-72.129746,Mumbai,Maharashtra,09-07-2025 18.48
6538,-16.0150085,75.998958,Delhi,Delhi,03-04-2024 2.41
6539,-17.6192,-93.85461,Bangalore,Karnataka,20-08-2024 13.00
6540,-30.7923575,55.218871,Hyderabad,Telangana,28-02-2023 16.59
6541,-85.3974665,-54.146203,Chennai,Tamil Nadu,03-05-2025 15.48
6542,40.4334775,26.4707,Kolkata,West Bengal,11-07-2023 8.25
6543,58.1083395,93.641873,Pune,Maharashtra,28-04-2025 11.35
6544,-51.159492,-121.038474,Ahmedabad,Gujarat,25-09-2023 3.55
6545,9.5450155,100.261774,Mumbai,Maharashtra,05-09-2023 4.18
6546,-63.4692885,-34.071988,Delhi,Delhi,23-05-2025 23.13
6547,48.641685,-13.453423,Bangalore,Karnataka,23-04-2024 11.49
6548,-84.5508765,-146.194433,Hyderabad,Telangana,02-01-2025 9.21
6549,-61.245421,-50.492903,Chennai,Tamil Nadu,18-10-2023 16.17
6550,-22.3277525,-48.845554,Kolkata,West Bengal,08-06-2025 17.45
6551,59.238902,149.420833,Pune,Maharashtra,13-01-2025 15.56
6552,52.2491335,-81.780948,Ahmedabad,Gujarat,06-04-2025 3.52
6553,43.4222715,103.643824,Mumbai,Maharashtra,10-08-2022 13.55
6554,-49.9772665,-169.493413,Delhi,Delhi,26-12-2023 21.44
6555,58.6789875,45.338767,Bangalore,Karnataka,03-01-2025 15.00
6556,1.6160165,-179.215892,Hyderabad,Telangana,21-08-2024 13.56
6557,-38.079445,-79.405494,Chennai,Tamil Nadu,20-01-2023 20.09
6558,-7.7680055,48.088897,Kolkata,West Bengal,30-08-2023 12.27
6559,-17.0012435,134.709625,Pune,Maharashtra,11-06-2023 4.54
6560,78.8048425,35.797234,Ahmedabad,Gujarat,10-06-2025 21.33
6561,71.483342,123.447852,Mumbai,Maharashtra,28-12-2024 12.30
6562,5.8012615,-128.412111,Delhi,Delhi,17-03-2024 12.45
6563,36.6624705,155.339895,Bangalore,Karnataka,06-06-2023 5.40
6564,-24.264435,-5.669931,Hyderabad,Telangana,15-10-2022 11.55
6565,0.2340355,11.598841,Chennai,Tamil Nadu,06-08-2024 14.42
6566,-25.2621915,105.876238,Kolkata,West Bengal,05-01-2024 7.23
6567,42.379092,-57.820162,Pune,Maharashtra,04-06-2024 14.30
6568,60.97757,-171.178473,Ahmedabad,Gujarat,11-07-2025 19.13
6569,-69.526891,-124.598995,Mumbai,Maharashtra,30-12-2024 6.54
6570,-53.2254865,-55.819379,Delhi,Delhi,04-05-2024 9.34
6571,-78.2219255,-69.963286,Bangalore,Karnataka,30-07-2024 22.21
6572,20.6920115,107.215581,Hyderabad,Telangana,26-11-2022 3.07
6573,-62.454454,114.510233,Chennai,Tamil Nadu,20-06-2024 20.24
6574,-53.5676045,-61.495326,Kolkata,West Bengal,04-07-2023 14.38
6575,-31.3547825,19.113067,Pune,Maharashtra,02-01-2023 19.18
6576,-80.171004,-42.315942,Ahmedabad,Gujarat,23-08-2022 12.22
6577,67.7057285,39.654389,Mumbai,Maharashtra,08-02-2023 4.31
6578,-14.7277745,165.218319,Delhi,Delhi,04-02-2025 17.49
6579,30.752168,-67.748646,Bangalore,Karnataka,28-12-2022 13.32
6580,1.4866365,-52.917551,Hyderabad,Telangana,12-03-2025 16.50
6581,-58.1154775,-129.79712,Chennai,Tamil Nadu,29-08-2023 4.43
6582,70.6112325,108.241207,Kolkata,West Bengal,08-04-2025 15.03
6583,-25.2506835,-156.286115,Pune,Maharashtra,13-08-2024 19.16
6584,-15.621501,110.487505,Ahmedabad,Gujarat,21-04-2023 19.52
6585,86.4418245,-176.587327,Mumbai,Maharashtra,03-09-2024 19.58
6586,-31.921696,41.088268,Delhi,Delhi,01-01-2024 3.17
6587,-63.131343,-132.374081,Bangalore,Karnataka,25-09-2024 19.33
6588,66.465447,-56.879812,Hyderabad,Telangana,15-01-2025 14.57
6589,-15.463538,-179.950118,Chennai,Tamil Nadu,29-05-2024 19.54
6590,3.672916,11.609053,Kolkata,West Bengal,08-07-2024 1.17
6591,59.327116,-91.79514,Pune,Maharashtra,16-09-2022 3.07
6592,-63.8245435,156.728898,Ahmedabad,Gujarat,09-01-2025 10.55
6593,-84.265844,178.253205,Mumbai,Maharashtra,06-10-2023 22.36
6594,-38.3141955,-87.621576,Delhi,Delhi,06-04-2023 3.55
6595,-27.1271675,-155.7312,Bangalore,Karnataka,11-05-2023 0.27
6596,-37.4252905,-67.755904,Hyderabad,Telangana,08-06-2023 8.58
6597,-54.3978975,-21.6231,Chennai,Tamil Nadu,21-07-2024 6.10
6598,-73.551576,175.226691,Kolkata,West Bengal,03-07-2024 13.35
6599,-29.4342025,152.133157,Pune,Maharashtra,02-03-2023 7.20
6600,-81.546725,-116.715682,Ahmedabad,Gujarat,18-06-2023 12.01
6601,8.419823,156.688157,Mumbai,Maharashtra,13-11-2023 17.54
6602,25.916477,-97.359744,Delhi,Delhi,08-07-2025 23.39
6603,-73.016632,-94.600552,Bangalore,Karnataka,10-08-2024 6.11
6604,11.4917265,-175.907544,Hyderabad,Telangana,28-04-2023 13.34
6605,10.538647,-161.139992,Chennai,Tamil Nadu,10-11-2024 9.02
6606,-42.998095,45.677261,Kolkata,West Bengal,20-01-2023 22.20
6607,-67.229344,-95.424404,Pune,Maharashtra,30-06-2023 8.10
6608,-70.3470275,-97.461627,Ahmedabad,Gujarat,11-05-2024 2.32
6609,-60.890933,53.334009,Mumbai,Maharashtra,27-07-2023 11.34
6610,-45.3889315,-37.117124,Delhi,Delhi,21-10-2024 13.01
6611,58.9809615,105.006407,Bangalore,Karnataka,09-02-2025 11.47
6612,67.201297,-2.806137,Hyderabad,Telangana,09-07-2024 3.22
6613,-47.7490225,139.046059,Chennai,Tamil Nadu,10-11-2024 2.15
6614,87.30608,124.563445,Kolkata,West Bengal,06-07-2023 5.56
6615,30.5432435,48.109107,Pune,Maharashtra,29-04-2023 17.54
6616,74.0003075,58.948247,Ahmedabad,Gujarat,13-10-2023 0.39
6617,-5.246819,-40.2908,Mumbai,Maharashtra,04-03-2025 4.03
6618,-32.515326,-169.247685,Delhi,Delhi,06-06-2023 5.42
6619,18.935446,-21.336276,Bangalore,Karnataka,10-03-2024 16.52
6620,53.7331565,69.574312,Hyderabad,Telangana,24-12-2022 17.53
6621,66.069051,-118.073273,Chennai,Tamil Nadu,19-07-2025 5.44
6622,-55.9680375,-151.120536,Kolkata,West Bengal,28-07-2023 5.29
6623,53.221829,-119.245064,Pune,Maharashtra,22-12-2024 8.58
6624,38.6669335,31.853045,Ahmedabad,Gujarat,10-05-2025 13.09
6625,65.8703595,-107.40531,Mumbai,Maharashtra,26-10-2022 9.57
6626,49.0373345,-83.474585,Delhi,Delhi,19-11-2024 16.34
6627,-27.7765465,-112.124986,Bangalore,Karnataka,13-08-2023 22.06
6628,-76.3747065,92.953749,Hyderabad,Telangana,05-03-2025 3.10
6629,55.94044,-140.178711,Chennai,Tamil Nadu,15-08-2023 11.49
6630,54.6874845,116.50162,Kolkata,West Bengal,13-12-2022 3.53
6631,1.029672,101.89796,Pune,Maharashtra,17-11-2024 10.10
6632,-64.8914785,-40.597053,Ahmedabad,Gujarat,15-09-2023 0.15
6633,-0.859066,114.692433,Mumbai,Maharashtra,04-03-2023 21.24
6634,-42.135258,-156.367715,Delhi,Delhi,30-05-2024 18.50
6635,41.669832,-69.780203,Bangalore,Karnataka,10-03-2023 9.06
6636,-30.8078825,161.58379,Hyderabad,Telangana,22-12-2022 4.41
6637,49.0375045,-100.638549,Chennai,Tamil Nadu,01-04-2025 23.58
6638,28.741792,-141.648503,Kolkata,West Bengal,22-05-2024 2.06
6639,80.1490145,113.521437,Pune,Maharashtra,07-12-2022 20.42
6640,-3.6060845,67.443376,Ahmedabad,Gujarat,18-04-2023 2.16
6641,-15.8282585,1.291369,Mumbai,Maharashtra,20-09-2022 21.14
6642,-81.113144,-173.810086,Delhi,Delhi,16-09-2022 18.52
6643,88.4779395,-167.003855,Bangalore,Karnataka,21-09-2022 11.41
6644,-67.549724,-6.860952,Hyderabad,Telangana,18-04-2023 13.03
6645,81.0039075,134.520744,Chennai,Tamil Nadu,09-12-2022 6.30
6646,-67.8184795,-77.767957,Kolkata,West Bengal,21-08-2024 5.01
6647,-63.623372,55.675084,Pune,Maharashtra,19-11-2024 16.47
6648,83.824766,19.468748,Ahmedabad,Gujarat,02-11-2022 6.35
6649,79.341441,144.737524,Mumbai,Maharashtra,14-09-2022 11.40
6650,-49.795013,9.69626,Delhi,Delhi,04-12-2023 7.55
6651,11.7491325,-118.17526,Bangalore,Karnataka,26-09-2024 7.28
6652,83.3038185,-24.381636,Hyderabad,Telangana,02-11-2023 3.56
6653,-19.990941,-94.490177,Chennai,Tamil Nadu,15-12-2022 10.47
6654,56.5054225,-100.573377,Kolkata,West Bengal,22-02-2025 22.51
6655,89.3534235,129.444344,Pune,Maharashtra,21-11-2024 5.24
6656,37.9842115,-25.819371,Ahmedabad,Gujarat,06-09-2024 7.14
6657,50.1829435,-138.873606,Mumbai,Maharashtra,27-03-2023 6.10
6658,-42.829189,-24.85655,Delhi,Delhi,22-09-2024 6.22
6659,76.8742325,-157.204549,Bangalore,Karnataka,06-12-2023 7.15
6660,11.8565615,71.725023,Hyderabad,Telangana,07-10-2022 1.50
6661,46.1353465,53.372374,Chennai,Tamil Nadu,31-07-2024 6.56
6662,-82.9532045,-156.299076,Kolkata,West Bengal,21-02-2025 4.28
6663,-76.8860835,-178.49913,Pune,Maharashtra,29-05-2025 18.47
6664,-19.8617625,-48.13761,Ahmedabad,Gujarat,14-03-2024 9.13
6665,2.7047655,161.808486,Mumbai,Maharashtra,17-01-2024 19.53
6666,-66.1928475,14.060977,Delhi,Delhi,14-10-2024 18.03
6667,-16.158959,104.560495,Bangalore,Karnataka,26-03-2023 7.06
6668,18.7655775,22.787511,Hyderabad,Telangana,26-12-2024 22.28
6669,-56.9979195,-53.404885,Chennai,Tamil Nadu,07-05-2024 20.58
6670,-49.92982,-35.361993,Kolkata,West Bengal,08-10-2024 5.09
6671,-28.838391,-7.320614,Pune,Maharashtra,01-03-2024 10.40
6672,87.522785,-153.694447,Ahmedabad,Gujarat,25-02-2024 5.34
6673,-6.7510875,-88.605427,Mumbai,Maharashtra,17-01-2025 9.51
6674,10.750679,-157.519523,Delhi,Delhi,10-12-2024 16.33
6675,-79.4300865,155.553396,Bangalore,Karnataka,04-08-2024 2.31
6676,-75.7630635,38.36253,Hyderabad,Telangana,24-06-2023 7.56
6677,-25.470839,40.215569,Chennai,Tamil Nadu,25-02-2025 16.15
6678,74.8754205,119.714831,Kolkata,West Bengal,19-07-2024 23.10
6679,75.917566,10.63055,Pune,Maharashtra,31-08-2022 17.50
6680,77.610598,161.581419,Ahmedabad,Gujarat,30-10-2024 4.18
6681,-40.4021385,-112.479528,Mumbai,Maharashtra,13-11-2022 13.31
6682,-73.7028085,-36.220233,Delhi,Delhi,17-10-2022 8.02
6683,-57.140694,30.279755,Bangalore,Karnataka,02-09-2023 1.52
6684,51.8884875,-113.286031,Hyderabad,Telangana,15-12-2024 17.43
6685,52.0801035,-177.330821,Chennai,Tamil Nadu,15-09-2023 17.41
6686,77.9274245,-41.132097,Kolkata,West Bengal,01-05-2025 10.00
6687,-42.367452,113.924835,Pune,Maharashtra,10-08-2024 2.53
6688,43.800906,-46.310912,Ahmedabad,Gujarat,14-10-2024 9.34
6689,-37.962122,22.984405,Mumbai,Maharashtra,23-05-2023 21.37
6690,51.8201685,167.754141,Delhi,Delhi,13-11-2022 0.31
6691,17.2959915,-36.22627,Bangalore,Karnataka,16-08-2023 15.08
6692,-48.4298355,-144.81855,Hyderabad,Telangana,13-03-2023 3.47
6693,17.3963665,152.363191,Chennai,Tamil Nadu,23-06-2025 10.18
6694,-10.7709765,-88.264259,Kolkata,West Bengal,23-10-2024 19.30
6695,63.3895025,166.381636,Pune,Maharashtra,10-06-2025 8.50
6696,89.0408025,-14.914021,Ahmedabad,Gujarat,29-04-2024 14.13
6697,-10.1171705,-94.856104,Mumbai,Maharashtra,06-09-2022 12.21
6698,-24.846361,45.378253,Delhi,Delhi,24-02-2023 2.01
6699,8.8531055,103.640201,Bangalore,Karnataka,04-06-2024 16.57
6700,-32.5885495,-124.115556,Hyderabad,Telangana,29-11-2023 6.25
6701,-22.39455,-135.886243,Chennai,Tamil Nadu,22-07-2024 23.33
6702,-79.0535095,29.478489,Kolkata,West Bengal,01-11-2023 8.49
6703,79.55251,29.31569,Pune,Maharashtra,05-04-2023 17.24
6704,5.2076345,20.609846,Ahmedabad,Gujarat,30-10-2023 19.02
6705,-78.640027,-79.825748,Mumbai,Maharashtra,22-04-2024 19.35
6706,-28.507059,18.13093,Delhi,Delhi,15-01-2024 9.47
6707,55.886404,-79.629132,Bangalore,Karnataka,04-11-2023 19.08
6708,-38.5484255,-167.510182,Hyderabad,Telangana,09-06-2025 1.51
6709,-67.2885185,72.23916,Chennai,Tamil Nadu,13-03-2024 9.56
6710,-7.3944985,40.756822,Kolkata,West Bengal,13-10-2023 23.29
6711,-11.9924515,95.404119,Pune,Maharashtra,15-01-2025 16.15
6712,52.3660715,91.235952,Ahmedabad,Gujarat,09-09-2022 6.48
6713,-29.369452,-121.499762,Mumbai,Maharashtra,28-02-2024 14.08
6714,-25.188034,118.548717,Delhi,Delhi,23-07-2025 17.26
6715,44.478064,98.500125,Bangalore,Karnataka,09-05-2023 13.31
6716,-16.0639645,-1.99979,Hyderabad,Telangana,01-03-2023 21.35
6717,35.0057465,147.542384,Chennai,Tamil Nadu,23-07-2025 9.23
6718,-73.483145,2.497998,Kolkata,West Bengal,02-10-2022 15.52
6719,-12.235272,163.104155,Pune,Maharashtra,02-11-2022 16.52
6720,-11.784284,-51.786041,Ahmedabad,Gujarat,19-06-2023 5.46
6721,-31.982114,-67.827709,Mumbai,Maharashtra,07-02-2024 21.58
6722,-37.8352285,102.5082,Delhi,Delhi,09-09-2023 16.38
6723,67.604242,-10.846037,Bangalore,Karnataka,11-02-2023 3.28
6724,15.956842,-60.879715,Hyderabad,Telangana,13-03-2023 0.37
6725,-62.57243,-131.65068,Chennai,Tamil Nadu,30-12-2022 6.15
6726,71.0224005,64.138779,Kolkata,West Bengal,30-10-2024 18.50
6727,35.2117235,-113.546764,Pune,Maharashtra,28-11-2024 0.07
6728,-77.0264255,145.58885,Ahmedabad,Gujarat,09-06-2023 21.17
6729,-25.281199,138.535016,Mumbai,Maharashtra,25-12-2022 8.35
6730,79.3488415,-73.704846,Delhi,Delhi,08-09-2024 13.00
6731,-31.807956,-107.679749,Bangalore,Karnataka,25-04-2024 11.32
6732,82.880012,-6.579869,Hyderabad,Telangana,21-07-2023 23.36
6733,-79.47434,38.316907,Chennai,Tamil Nadu,28-09-2022 8.06
6734,-69.3732545,-134.975167,Kolkata,West Bengal,12-03-2025 20.36
6735,45.529422,86.645743,Pune,Maharashtra,27-12-2023 0.08
6736,14.5128405,-128.832017,Ahmedabad,Gujarat,22-07-2024 14.09
6737,44.401205,38.612491,Mumbai,Maharashtra,10-12-2024 16.48
6738,50.787437,-175.499974,Delhi,Delhi,21-08-2022 22.07
6739,-40.3853925,-67.953134,Bangalore,Karnataka,15-09-2022 14.49
6740,-82.1084745,134.654827,Hyderabad,Telangana,18-01-2023 4.01
6741,-0.184589,42.813609,Chennai,Tamil Nadu,26-01-2023 8.27
6742,57.569824,-111.330446,Kolkata,West Bengal,18-02-2025 1.21
6743,50.6252135,-172.956145,Pune,Maharashtra,19-08-2023 23.36
6744,11.2783155,-0.764595,Ahmedabad,Gujarat,07-08-2024 23.51
6745,80.948672,87.013636,Mumbai,Maharashtra,19-09-2023 6.40
6746,-13.8585035,140.013779,Delhi,Delhi,07-02-2023 7.01
6747,21.5378585,-178.349604,Bangalore,Karnataka,27-03-2025 2.58
6748,-32.63487,30.325305,Hyderabad,Telangana,27-02-2024 20.44
6749,73.676538,5.645972,Chennai,Tamil Nadu,01-03-2023 9.23
6750,-74.4454955,-139.062552,Kolkata,West Bengal,01-12-2023 19.39
6751,72.052178,-141.929041,Pune,Maharashtra,12-02-2023 16.29
6752,51.186692,163.215386,Ahmedabad,Gujarat,14-01-2025 14.51
6753,-13.0030015,-121.558306,Mumbai,Maharashtra,20-11-2024 0.10
6754,-11.551485,-58.75088,Delhi,Delhi,30-07-2023 17.35
6755,16.5694495,104.481735,Bangalore,Karnataka,15-08-2024 21.01
6756,2.0600175,-165.839413,Hyderabad,Telangana,01-02-2025 12.41
6757,-52.6086445,38.656262,Chennai,Tamil Nadu,03-06-2023 19.24
6758,-44.2047275,-95.347214,Kolkata,West Bengal,06-07-2023 5.51
6759,72.824447,143.177273,Pune,Maharashtra,29-09-2024 3.48
6760,-50.3031405,-140.539153,Ahmedabad,Gujarat,13-08-2023 9.24
6761,31.142756,-32.349942,Mumbai,Maharashtra,08-01-2024 1.05
6762,0.6492275,44.556449,Delhi,Delhi,02-12-2022 13.29
6763,-65.24361,-43.018821,Bangalore,Karnataka,01-10-2022 0.25
6764,-11.0938305,-110.178621,Hyderabad,Telangana,20-10-2024 15.20
6765,53.9095985,38.639567,Chennai,Tamil Nadu,10-10-2022 21.56
6766,8.4717785,158.485278,Kolkata,West Bengal,07-09-2022 8.39
6767,0.5947685,-52.413352,Pune,Maharashtra,08-09-2024 5.20
6768,16.165297,50.140196,Ahmedabad,Gujarat,11-06-2024 16.04
6769,-77.555762,98.818136,Mumbai,Maharashtra,17-07-2025 22.45
6770,-64.2341325,-117.44775,Delhi,Delhi,21-02-2023 9.45
6771,24.4920135,-170.353059,Bangalore,Karnataka,09-10-2022 20.02
6772,-38.208447,-150.264086,Hyderabad,Telangana,21-10-2024 12.49
6773,-35.4586905,13.983325,Chennai,Tamil Nadu,03-04-2024 2.29
6774,16.7917605,146.110104,Kolkata,West Bengal,20-12-2022 15.17
6775,-82.6798935,27.384708,Pune,Maharashtra,01-04-2023 13.28
6776,32.306912,-140.980539,Ahmedabad,Gujarat,16-12-2023 0.48
6777,-32.862587,-126.34204,Mumbai,Maharashtra,04-05-2023 23.40
6778,-31.318916,-43.620338,Delhi,Delhi,16-01-2024 8.15
6779,5.5080845,-152.054758,Bangalore,Karnataka,03-06-2024 0.06
6780,46.6539995,115.435441,Hyderabad,Telangana,17-05-2023 6.02
6781,27.102406,127.112445,Chennai,Tamil Nadu,21-01-2023 7.37
6782,40.294844,156.28428,Kolkata,West Bengal,28-08-2024 4.26
6783,23.9437525,121.383685,Pune,Maharashtra,01-05-2025 23.56
6784,-51.722233,153.492758,Ahmedabad,Gujarat,28-06-2023 21.37
6785,50.7922855,-38.38255,Mumbai,Maharashtra,30-10-2023 11.10
6786,-79.17082,-117.81501,Delhi,Delhi,16-08-2023 10.23
6787,-8.39396,117.711412,Bangalore,Karnataka,13-08-2022 1.08
6788,51.682885,60.212159,Hyderabad,Telangana,02-06-2023 19.40
6789,1.968478,-19.776107,Chennai,Tamil Nadu,09-08-2023 4.07
6790,38.0133465,178.150229,Kolkata,West Bengal,07-12-2024 4.28
6791,51.8971195,-106.719659,Pune,Maharashtra,29-04-2024 7.21
6792,-77.6196015,-66.204439,Ahmedabad,Gujarat,03-08-2023 10.59
6793,83.177263,20.952179,Mumbai,Maharashtra,16-03-2025 22.47
6794,-56.6771925,-151.330912,Delhi,Delhi,11-01-2023 12.47
6795,89.05336,18.944402,Bangalore,Karnataka,06-07-2024 18.39
6796,-85.15362,145.173077,Hyderabad,Telangana,18-10-2022 2.51
6797,46.2040095,17.698858,Chennai,Tamil Nadu,29-12-2024 4.54
6798,65.919023,-145.189331,Kolkata,West Bengal,28-10-2023 19.59
6799,-13.2906995,128.210876,Pune,Maharashtra,14-05-2023 17.25
6800,-85.7658915,63.260468,Ahmedabad,Gujarat,05-09-2023 20.26
6801,66.470787,-91.093619,Mumbai,Maharashtra,22-04-2024 3.46
6802,70.4842355,127.512883,Delhi,Delhi,31-03-2025 8.17
6803,78.0305195,45.88195,Bangalore,Karnataka,01-04-2025 10.41
6804,63.7370805,21.792592,Hyderabad,Telangana,21-05-2025 14.27
6805,-10.432599,116.727784,Chennai,Tamil Nadu,28-04-2025 6.23
6806,72.312196,142.289344,Kolkata,West Bengal,20-06-2025 7.57
6807,32.4608615,-131.867011,Pune,Maharashtra,24-10-2024 13.44
6808,-10.6645675,-102.056517,Ahmedabad,Gujarat,13-11-2024 20.21
6809,8.2958275,130.998359,Mumbai,Maharashtra,24-03-2024 0.29
6810,80.9335245,125.351346,Delhi,Delhi,25-08-2023 21.50
6811,-50.5582805,-2.642651,Bangalore,Karnataka,30-12-2024 13.38
6812,-62.366185,-21.941176,Hyderabad,Telangana,07-09-2022 9.22
6813,44.335404,-13.788366,Chennai,Tamil Nadu,06-01-2025 0.03
6814,76.1034625,-75.604922,Kolkata,West Bengal,04-05-2023 9.20
6815,-38.896404,-121.827422,Pune,Maharashtra,19-05-2023 15.51
6816,-30.131401,-21.92821,Ahmedabad,Gujarat,12-03-2023 20.00
6817,25.3935825,37.009758,Mumbai,Maharashtra,28-12-2024 8.31
6818,60.2832565,-150.594227,Delhi,Delhi,29-04-2024 20.50
6819,77.0253365,-167.673085,Bangalore,Karnataka,19-12-2024 0.35
6820,36.9639455,-96.784572,Hyderabad,Telangana,14-04-2024 14.32
6821,81.8629755,-116.801348,Chennai,Tamil Nadu,15-07-2024 13.12
6822,22.1264715,-163.614523,Kolkata,West Bengal,28-04-2025 13.21
6823,28.6456115,-86.630297,Pune,Maharashtra,06-07-2023 17.50
6824,-6.918755,121.53873,Ahmedabad,Gujarat,25-07-2023 16.49
6825,49.5847665,145.736265,Mumbai,Maharashtra,13-07-2023 17.15
6826,-2.549612,179.782194,Delhi,Delhi,30-05-2025 13.39
6827,71.7055455,14.240819,Bangalore,Karnataka,11-05-2025 9.04
6828,-24.512006,99.284825,Hyderabad,Telangana,08-03-2023 12.45
6829,86.431666,121.266877,Chennai,Tamil Nadu,01-09-2022 12.40
6830,-13.576044,-178.350607,Kolkata,West Bengal,22-01-2024 18.57
6831,19.3799795,176.258351,Pune,Maharashtra,04-02-2023 8.20
6832,-51.759686,124.012729,Ahmedabad,Gujarat,09-03-2025 22.57
6833,26.5407725,3.255373,Mumbai,Maharashtra,20-09-2022 20.29
6834,57.438762,-100.949853,Delhi,Delhi,27-04-2024 9.38
6835,68.5143925,12.58751,Bangalore,Karnataka,28-11-2024 4.41
6836,-50.6440685,53.080129,Hyderabad,Telangana,28-05-2025 1.04
6837,-18.585821,-129.803969,Chennai,Tamil Nadu,07-12-2024 16.37
6838,12.658815,127.580474,Kolkata,West Bengal,15-03-2024 0.09
6839,2.5343795,38.466166,Pune,Maharashtra,10-04-2025 13.30
6840,-70.456784,-63.696523,Ahmedabad,Gujarat,28-08-2022 12.59
6841,60.8054445,78.7337,Mumbai,Maharashtra,28-05-2024 0.57
6842,-63.625472,-101.768481,Delhi,Delhi,27-05-2023 22.38
6843,51.8693825,-11.586452,Bangalore,Karnataka,09-01-2025 3.34
6844,0.42315,-115.475667,Hyderabad,Telangana,31-08-2023 16.54
6845,-38.4494135,-36.630202,Chennai,Tamil Nadu,15-04-2024 15.45
6846,55.349232,-100.031981,Kolkata,West Bengal,14-08-2023 2.29
6847,67.7356825,-13.171281,Pune,Maharashtra,04-10-2024 2.18
6848,-17.0120095,156.103353,Ahmedabad,Gujarat,07-10-2022 8.30
6849,-82.0934755,-91.821389,Mumbai,Maharashtra,17-08-2024 12.56
6850,-29.941678,-179.474844,Delhi,Delhi,15-08-2022 11.05
6851,89.2387385,95.897212,Bangalore,Karnataka,09-06-2024 22.11
6852,71.166618,29.740958,Hyderabad,Telangana,01-04-2024 1.53
6853,-73.1946095,-150.391081,Chennai,Tamil Nadu,02-02-2023 18.16
6854,13.934834,90.528893,Kolkata,West Bengal,15-06-2023 5.32
6855,-69.8521095,-136.398511,Pune,Maharashtra,08-06-2025 12.50
6856,-38.102598,148.505869,Ahmedabad,Gujarat,07-01-2024 12.01
6857,-83.158834,-154.275215,Mumbai,Maharashtra,16-11-2022 5.12
6858,10.714684,103.367115,Delhi,Delhi,31-10-2022 7.34
6859,74.30065,168.045466,Bangalore,Karnataka,13-10-2023 3.20
6860,-68.4971295,-22.67826,Hyderabad,Telangana,09-04-2025 19.12
6861,72.8151465,-140.721022,Chennai,Tamil Nadu,17-12-2023 14.38
6862,-75.417637,63.27602,Kolkata,West Bengal,29-04-2024 19.48
6863,-42.4361355,157.980231,Pune,Maharashtra,23-10-2024 22.39
6864,-37.4136255,132.707136,Ahmedabad,Gujarat,24-06-2024 0.10
6865,82.355216,40.726401,Mumbai,Maharashtra,05-04-2025 7.40
6866,-51.439751,-152.995837,Delhi,Delhi,28-02-2024 13.44
6867,-30.807092,162.256755,Bangalore,Karnataka,13-10-2023 23.57
6868,-17.4898095,-170.970957,Hyderabad,Telangana,12-09-2024 17.12
6869,28.2859625,57.670039,Chennai,Tamil Nadu,20-02-2025 14.27
6870,-14.435163,29.77585,Kolkata,West Bengal,14-04-2023 11.41
6871,-74.38189,61.068506,Pune,Maharashtra,10-03-2023 9.46
6872,18.238337,41.000816,Ahmedabad,Gujarat,13-06-2025 7.36
6873,-55.0956655,140.142575,Mumbai,Maharashtra,06-03-2023 11.10
6874,2.489566,-169.551158,Delhi,Delhi,15-12-2024 5.28
6875,-65.2852765,84.19101,Bangalore,Karnataka,02-04-2025 20.28
6876,37.275813,26.412467,Hyderabad,Telangana,18-10-2022 10.27
6877,-46.789459,123.558287,Chennai,Tamil Nadu,26-07-2025 15.18
6878,71.543972,-144.140188,Kolkata,West Bengal,18-09-2023 17.57
6879,-83.897101,33.287485,Pune,Maharashtra,27-10-2024 7.41
6880,53.219987,-38.91082,Ahmedabad,Gujarat,17-11-2022 16.05
6881,-37.5830025,-73.46374,Mumbai,Maharashtra,16-06-2023 4.12
6882,31.833844,-55.385226,Delhi,Delhi,21-12-2022 21.22
6883,-54.3878315,-11.31508,Bangalore,Karnataka,12-02-2024 6.56
6884,-44.0308325,-71.219982,Hyderabad,Telangana,22-01-2024 21.07
6885,17.726451,-121.634999,Chennai,Tamil Nadu,31-07-2024 2.27
6886,56.212876,-137.506223,Kolkata,West Bengal,26-07-2024 12.55
6887,-87.143475,-69.986002,Pune,Maharashtra,17-04-2023 12.47
6888,-62.7117755,-137.804853,Ahmedabad,Gujarat,26-02-2025 23.00
6889,-46.142259,-179.750656,Mumbai,Maharashtra,17-03-2024 9.19
6890,-59.768792,-62.494489,Delhi,Delhi,21-05-2024 17.48
6891,-26.1196145,95.572846,Bangalore,Karnataka,10-06-2025 13.58
6892,-4.703039,-108.941767,Hyderabad,Telangana,31-07-2024 22.24
6893,43.0763625,113.192068,Chennai,Tamil Nadu,12-01-2025 3.28
6894,2.6008975,21.853322,Kolkata,West Bengal,09-02-2023 17.18
6895,-38.8933245,-62.825925,Pune,Maharashtra,30-06-2024 11.51
6896,-70.045573,178.563271,Ahmedabad,Gujarat,29-11-2024 6.21
6897,-10.347642,-15.127882,Mumbai,Maharashtra,20-09-2023 9.12
6898,69.0627795,-153.594432,Delhi,Delhi,24-04-2023 9.36
6899,65.3721925,-6.578528,Bangalore,Karnataka,18-10-2022 13.49
6900,-52.1905625,32.379982,Hyderabad,Telangana,05-11-2023 1.58
6901,46.9741905,-156.913878,Chennai,Tamil Nadu,30-12-2022 4.04
6902,25.7385625,-32.150161,Kolkata,West Bengal,21-10-2023 16.53
6903,-75.799732,-53.025999,Pune,Maharashtra,07-07-2024 2.17
6904,-35.0001745,-45.714663,Ahmedabad,Gujarat,10-01-2023 4.44
6905,16.933834,72.543017,Mumbai,Maharashtra,12-11-2024 3.59
6906,-60.933107,-103.886069,Delhi,Delhi,24-07-2024 21.47
6907,44.1260045,178.241264,Bangalore,Karnataka,10-10-2024 20.50
6908,-44.28056,-79.793943,Hyderabad,Telangana,30-11-2022 3.06
6909,-86.238275,-93.307729,Chennai,Tamil Nadu,24-04-2025 2.13
6910,-65.2318525,83.912494,Kolkata,West Bengal,05-02-2025 7.30
6911,53.9469005,-82.079033,Pune,Maharashtra,11-01-2023 7.41
6912,78.64877,-76.177005,Ahmedabad,Gujarat,14-09-2023 22.42
6913,49.4319485,45.41477,Mumbai,Maharashtra,28-04-2023 22.41
6914,63.6846115,113.198667,Delhi,Delhi,15-01-2024 17.29
6915,41.883909,145.609033,Bangalore,Karnataka,15-06-2024 15.30
6916,-27.222474,48.718013,Hyderabad,Telangana,31-07-2023 3.59
6917,54.7833205,-49.524591,Chennai,Tamil Nadu,30-01-2023 23.13
6918,48.324875,-84.857559,Kolkata,West Bengal,26-11-2024 15.50
6919,-4.5189745,39.271595,Pune,Maharashtra,19-09-2022 15.18
6920,0.857691,-57.105799,Ahmedabad,Gujarat,10-01-2025 13.48
6921,30.700195,-167.695625,Mumbai,Maharashtra,08-09-2024 22.08
6922,68.0042205,112.379016,Delhi,Delhi,20-04-2025 8.17
6923,25.0753805,36.241614,Bangalore,Karnataka,27-06-2025 20.16
6924,-58.057533,63.510538,Hyderabad,Telangana,17-08-2024 9.21
6925,-73.6015615,36.176084,Chennai,Tamil Nadu,14-09-2024 13.47
6926,-26.662677,37.478186,Kolkata,West Bengal,18-10-2024 11.01
6927,-50.6623485,-171.698994,Pune,Maharashtra,23-02-2024 11.39
6928,-89.3956265,21.926187,Ahmedabad,Gujarat,22-11-2024 4.02
6929,-51.4447555,-134.713593,Mumbai,Maharashtra,24-05-2025 22.12
6930,-44.113571,-83.122194,Delhi,Delhi,19-07-2023 4.09
6931,78.892859,7.531059,Bangalore,Karnataka,27-12-2023 16.53
6932,-47.260471,-133.727566,Hyderabad,Telangana,07-04-2024 9.39
6933,87.0479875,16.516498,Chennai,Tamil Nadu,28-08-2022 9.14
6934,-0.0604275,109.413431,Kolkata,West Bengal,30-06-2024 4.08
6935,-61.840875,-37.778274,Pune,Maharashtra,25-04-2024 9.18
6936,62.855685,-99.28655,Ahmedabad,Gujarat,26-11-2022 12.44
6937,50.348111,169.664931,Mumbai,Maharashtra,02-05-2023 23.26
6938,-70.4704415,126.348348,Delhi,Delhi,08-03-2023 21.00
6939,-2.116233,124.871295,Bangalore,Karnataka,14-04-2024 12.10
6940,32.6013765,138.993215,Hyderabad,Telangana,05-10-2022 14.29
6941,59.659856,137.093522,Chennai,Tamil Nadu,12-11-2024 6.53
6942,-17.9203875,-53.717662,Kolkata,West Bengal,03-06-2024 6.21
6943,77.352595,146.933589,Pune,Maharashtra,24-11-2024 2.10
6944,-12.4747435,113.521347,Ahmedabad,Gujarat,30-08-2022 10.58
6945,-47.496745,-111.884998,Mumbai,Maharashtra,03-10-2022 1.05
6946,-1.179638,-161.794153,Delhi,Delhi,02-03-2025 10.29
6947,-28.3137825,175.576893,Bangalore,Karnataka,24-11-2024 18.00
6948,26.2730515,141.168464,Hyderabad,Telangana,14-07-2025 9.45
6949,-22.684092,92.387485,Chennai,Tamil Nadu,01-11-2023 17.51
6950,84.0456735,-110.21313,Kolkata,West Bengal,11-11-2023 11.36
6951,72.5638775,1.312558,Pune,Maharashtra,09-03-2025 12.37
6952,47.494152,117.179989,Ahmedabad,Gujarat,09-04-2025 6.18
6953,-72.2786245,167.500843,Mumbai,Maharashtra,13-12-2022 20.31
6954,-13.88085,6.175758,Delhi,Delhi,07-07-2024 6.56
6955,78.05827,112.96637,Bangalore,Karnataka,01-10-2024 18.31
6956,32.912689,-160.780304,Hyderabad,Telangana,20-07-2025 10.10
6957,85.7803605,56.977806,Chennai,Tamil Nadu,25-12-2022 17.47
6958,5.814779,-83.877398,Kolkata,West Bengal,05-08-2023 20.09
6959,56.0205415,35.635988,Pune,Maharashtra,30-06-2024 15.12
6960,14.8230215,76.410319,Ahmedabad,Gujarat,05-06-2023 19.14
6961,54.7592155,172.577483,Mumbai,Maharashtra,22-05-2023 11.12
6962,-82.96219,150.488539,Delhi,Delhi,07-07-2024 12.16
6963,-16.2070815,24.251622,Bangalore,Karnataka,04-12-2022 11.59
6964,74.825871,-145.91885,Hyderabad,Telangana,06-04-2025 15.02
6965,88.1585165,67.715445,Chennai,Tamil Nadu,12-09-2024 3.23
6966,73.861572,105.721255,Kolkata,West Bengal,08-09-2024 8.54
6967,13.206561,110.971569,Pune,Maharashtra,26-03-2023 5.33
6968,77.4074225,128.48219,Ahmedabad,Gujarat,13-06-2024 8.49
6969,45.7761295,86.946216,Mumbai,Maharashtra,01-04-2023 10.37
6970,-55.2409595,-8.138884,Delhi,Delhi,15-10-2024 2.28
6971,64.834719,-74.690846,Bangalore,Karnataka,10-09-2024 14.26
6972,-79.7511545,165.372092,Hyderabad,Telangana,08-11-2024 23.53
6973,-4.569381,101.528002,Chennai,Tamil Nadu,06-08-2022 8.39
6974,16.9966695,165.502984,Kolkata,West Bengal,21-05-2023 15.40
6975,77.8258895,-52.503022,Pune,Maharashtra,29-02-2024 1.40
6976,-76.075712,-35.406053,Ahmedabad,Gujarat,20-09-2022 18.55
6977,88.1257455,13.465332,Mumbai,Maharashtra,02-04-2024 10.15
6978,12.2575855,152.612552,Delhi,Delhi,02-01-2024 21.31
6979,32.577144,125.583424,Bangalore,Karnataka,03-10-2022 20.46
6980,-81.776711,-112.984829,Hyderabad,Telangana,23-04-2023 4.44
6981,-14.946229,110.860604,Chennai,Tamil Nadu,05-05-2023 14.32
6982,1.9744395,21.073891,Kolkata,West Bengal,26-09-2023 4.02
6983,-22.567474,-81.990975,Pune,Maharashtra,26-10-2024 16.54
6984,15.5416715,67.328813,Ahmedabad,Gujarat,12-02-2025 11.04
6985,15.781556,-74.715722,Mumbai,Maharashtra,11-03-2023 9.01
6986,4.7630645,148.236122,Delhi,Delhi,05-11-2023 7.28
6987,-40.1545185,162.685356,Bangalore,Karnataka,23-08-2023 11.05
6988,80.1743925,-108.543608,Hyderabad,Telangana,02-07-2025 3.55
6989,52.9964,129.266207,Chennai,Tamil Nadu,27-09-2023 14.42
6990,15.0617065,-60.708813,Kolkata,West Bengal,03-06-2023 14.15
6991,56.6146365,127.409315,Pune,Maharashtra,12-01-2023 12.11
6992,1.318003,37.3796,Ahmedabad,Gujarat,17-04-2023 18.19
6993,-20.011251,-137.261346,Mumbai,Maharashtra,03-07-2025 15.06
6994,-1.9852025,-79.818925,Delhi,Delhi,10-11-2024 9.25
6995,0.7011025,79.471236,Bangalore,Karnataka,08-05-2023 16.47
6996,2.1674945,28.883875,Hyderabad,Telangana,22-04-2023 19.47
6997,64.469487,-87.734875,Chennai,Tamil Nadu,23-04-2024 9.27
6998,68.1418335,-61.001423,Kolkata,West Bengal,19-07-2025 8.43
6999,-30.334736,4.321231,Pune,Maharashtra,05-11-2024 6.25
7000,73.191998,18.670095,Ahmedabad,Gujarat,11-01-2023 3.18
7001,-29.9902725,90.841307,Mumbai,Maharashtra,17-01-2023 8.04
7002,60.3060095,30.034268,Delhi,Delhi,29-02-2024 22.11
7003,8.194823,-166.224285,Bangalore,Karnataka,04-05-2025 14.11
7004,41.434618,98.601101,Hyderabad,Telangana,17-09-2023 15.59
7005,13.691002,119.941673,Chennai,Tamil Nadu,22-12-2023 5.52
7006,-85.8037065,147.4289,Kolkata,West Bengal,16-12-2023 3.10
7007,40.934327,-25.754438,Pune,Maharashtra,15-09-2023 21.23
7008,-29.8149685,-175.918532,Ahmedabad,Gujarat,02-06-2023 23.02
7009,-7.6924995,157.223519,Mumbai,Maharashtra,30-03-2025 10.05
7010,-57.7937105,95.044443,Delhi,Delhi,17-01-2025 15.02
7011,-69.9989715,-119.227884,Bangalore,Karnataka,21-08-2024 21.20
7012,70.793118,79.97925,Hyderabad,Telangana,18-04-2023 8.59
7013,-77.4131045,-73.083329,Chennai,Tamil Nadu,23-10-2024 12.46
7014,-0.44587,132.446501,Kolkata,West Bengal,06-08-2023 23.38
7015,-17.754951,-159.765042,Pune,Maharashtra,16-12-2022 22.56
7016,7.770551,-67.157323,Ahmedabad,Gujarat,09-04-2024 5.25
7017,-7.434494,-132.644091,Mumbai,Maharashtra,23-12-2023 14.18
7018,-11.1739315,63.565842,Delhi,Delhi,19-01-2023 8.59
7019,-2.2839285,-4.031889,Bangalore,Karnataka,15-06-2023 14.26
7020,-61.2177535,-63.71598,Hyderabad,Telangana,01-05-2023 21.09
7021,8.276937,152.526848,Chennai,Tamil Nadu,04-07-2023 12.10
7022,22.604303,75.473047,Kolkata,West Bengal,28-10-2024 3.57
7023,-63.860322,-52.144819,Pune,Maharashtra,28-05-2024 12.00
7024,30.078389,-9.639995,Ahmedabad,Gujarat,15-10-2022 11.30
7025,-85.689798,153.273787,Mumbai,Maharashtra,22-09-2023 4.17
7026,-49.818838,165.375521,Delhi,Delhi,21-01-2023 19.58
7027,-13.9042385,-133.218662,Bangalore,Karnataka,29-09-2022 0.18
7028,4.988438,-84.7995,Hyderabad,Telangana,14-07-2024 16.45
7029,12.79263,150.561494,Chennai,Tamil Nadu,04-11-2024 10.42
7030,-57.2471965,137.685202,Kolkata,West Bengal,26-10-2024 21.59
7031,36.939828,121.445287,Pune,Maharashtra,06-11-2022 18.31
7032,72.4227155,-109.329324,Ahmedabad,Gujarat,16-08-2024 21.53
7033,-88.1943605,-34.141821,Mumbai,Maharashtra,17-02-2024 2.48
7034,-55.1635485,-53.830003,Delhi,Delhi,12-10-2024 5.05
7035,51.407259,119.469179,Bangalore,Karnataka,28-01-2024 10.25
7036,17.9630245,-92.603042,Hyderabad,Telangana,05-03-2023 22.22
7037,-1.176528,119.255383,Chennai,Tamil Nadu,31-05-2024 10.54
7038,21.6914585,-148.663298,Kolkata,West Bengal,22-12-2023 8.48
7039,66.6501075,91.892603,Pune,Maharashtra,11-05-2024 19.41
7040,30.7368115,109.327733,Ahmedabad,Gujarat,22-06-2024 6.43
7041,-14.9620665,-19.66341,Mumbai,Maharashtra,22-04-2023 16.27
7042,-52.897104,84.522667,Delhi,Delhi,12-01-2024 5.43
7043,46.958015,1.078682,Bangalore,Karnataka,10-06-2025 2.06
7044,-14.9417555,110.634779,Hyderabad,Telangana,13-04-2025 9.20
7045,1.1435555,135.852549,Chennai,Tamil Nadu,21-05-2024 20.13
7046,7.6325955,-9.636215,Kolkata,West Bengal,15-03-2025 14.41
7047,-12.6818305,-84.557715,Pune,Maharashtra,23-09-2024 5.19
7048,-55.3995175,-16.500416,Ahmedabad,Gujarat,16-03-2025 18.05
7049,-58.148047,-135.451593,Mumbai,Maharashtra,17-07-2025 3.52
7050,24.9191715,-1.600597,Delhi,Delhi,13-09-2022 19.04
7051,-53.4591505,-176.640504,Bangalore,Karnataka,05-10-2022 13.16
7052,-78.490847,-96.278668,Hyderabad,Telangana,25-11-2023 0.07
7053,9.993173,163.149117,Chennai,Tamil Nadu,27-07-2023 23.22
7054,67.392116,167.53804,Kolkata,West Bengal,31-07-2023 21.10
7055,-70.471814,-53.072307,Pune,Maharashtra,25-02-2023 1.03
7056,82.5101795,-117.866027,Ahmedabad,Gujarat,24-12-2023 17.37
7057,-4.8047835,-142.825674,Mumbai,Maharashtra,24-06-2023 23.52
7058,-88.504894,-6.066391,Delhi,Delhi,15-01-2024 9.45
7059,38.9910735,-161.859508,Bangalore,Karnataka,23-10-2024 21.52
7060,-35.214668,160.063618,Hyderabad,Telangana,14-04-2025 16.23
7061,24.2683645,118.256513,Chennai,Tamil Nadu,15-05-2023 7.15
7062,-63.0572995,-27.577257,Kolkata,West Bengal,19-11-2023 10.41
7063,-13.6668975,99.070338,Pune,Maharashtra,28-10-2024 13.54
7064,75.600133,25.65783,Ahmedabad,Gujarat,26-03-2024 16.52
7065,67.4195445,152.839706,Mumbai,Maharashtra,05-09-2024 12.14
7066,-51.3258645,88.212364,Delhi,Delhi,12-07-2025 18.45
7067,-30.384373,47.13523,Bangalore,Karnataka,02-07-2024 20.20
7068,81.079775,56.794337,Hyderabad,Telangana,02-11-2023 23.42
7069,82.6430805,41.877718,Chennai,Tamil Nadu,25-03-2023 21.38
7070,-88.2913055,-110.348215,Kolkata,West Bengal,25-02-2024 8.41
7071,48.328553,-89.961947,Pune,Maharashtra,29-02-2024 7.23
7072,-12.713871,-67.713014,Ahmedabad,Gujarat,21-11-2022 10.52
7073,51.1507885,-62.726652,Mumbai,Maharashtra,30-04-2023 21.27
7074,55.858354,-123.166203,Delhi,Delhi,01-03-2023 1.54
7075,-38.883523,-146.22245,Bangalore,Karnataka,17-02-2023 12.53
7076,-36.2642965,145.654751,Hyderabad,Telangana,15-03-2023 19.36
7077,83.1805685,-176.196655,Chennai,Tamil Nadu,05-04-2025 5.13
7078,-8.1622315,155.043882,Kolkata,West Bengal,27-12-2022 4.46
7079,-74.166471,22.484262,Pune,Maharashtra,17-08-2022 22.47
7080,-65.880811,98.953078,Ahmedabad,Gujarat,20-08-2023 13.08
7081,21.499498,-39.130244,Mumbai,Maharashtra,03-09-2024 19.32
7082,-47.009847,-70.501402,Delhi,Delhi,11-12-2024 0.06
7083,34.3355695,5.224278,Bangalore,Karnataka,11-09-2022 23.26
7084,52.9454005,-91.384549,Hyderabad,Telangana,07-08-2024 1.02
7085,18.4547315,98.4649,Chennai,Tamil Nadu,18-12-2022 15.16
7086,88.5518045,64.827884,Kolkata,West Bengal,07-05-2023 5.05
7087,-41.503055,7.951904,Pune,Maharashtra,20-08-2024 2.54
7088,34.6242285,-7.745577,Ahmedabad,Gujarat,13-09-2023 18.27
7089,7.492375,121.743626,Mumbai,Maharashtra,06-04-2025 11.53
7090,-18.6954055,79.756053,Delhi,Delhi,04-03-2023 2.16
7091,11.712773,-96.91658,Bangalore,Karnataka,08-01-2025 16.49
7092,-81.223831,-5.283821,Hyderabad,Telangana,14-03-2023 15.00
7093,76.0572655,-131.555959,Chennai,Tamil Nadu,07-10-2024 1.02
7094,89.7938345,63.510302,Kolkata,West Bengal,21-03-2024 9.37
7095,86.5440565,117.318984,Pune,Maharashtra,14-08-2023 20.41
7096,-62.5524885,30.719453,Ahmedabad,Gujarat,26-10-2022 19.49
7097,57.471481,-82.476055,Mumbai,Maharashtra,18-06-2024 3.21
7098,-57.538163,166.507386,Delhi,Delhi,02-08-2024 13.21
7099,-42.8764245,-146.004293,Bangalore,Karnataka,15-07-2024 12.39
7100,-32.267983,-73.527122,Hyderabad,Telangana,23-06-2024 8.41
7101,-31.677049,123.055489,Chennai,Tamil Nadu,19-05-2025 11.11
7102,66.3782625,-80.06232,Kolkata,West Bengal,19-09-2022 19.23
7103,-2.53766,-82.402633,Pune,Maharashtra,30-04-2023 9.09
7104,-48.3410585,129.585574,Ahmedabad,Gujarat,01-01-2025 22.52
7105,75.0365885,-65.056747,Mumbai,Maharashtra,06-05-2024 6.29
7106,-44.0458435,-125.878019,Delhi,Delhi,29-05-2024 19.41
7107,-2.2337655,172.856849,Bangalore,Karnataka,30-01-2025 9.13
7108,-69.769934,163.789323,Hyderabad,Telangana,19-11-2023 8.18
7109,-26.576201,116.962843,Chennai,Tamil Nadu,07-12-2024 18.18
7110,-51.3793975,-53.054339,Kolkata,West Bengal,21-04-2023 2.12
7111,-2.7309585,170.748324,Pune,Maharashtra,21-02-2024 7.40
7112,-24.3618465,130.099404,Ahmedabad,Gujarat,21-11-2024 11.00
7113,-35.457537,-8.091946,Mumbai,Maharashtra,15-12-2024 23.21
7114,-7.3053925,-36.77451,Delhi,Delhi,15-05-2024 11.46
7115,-57.208851,82.585292,Bangalore,Karnataka,02-05-2025 16.55
7116,34.2929825,84.732006,Hyderabad,Telangana,11-07-2023 8.10
7117,-46.6311145,31.034186,Chennai,Tamil Nadu,29-10-2023 14.22
7118,-23.660124,-169.498637,Kolkata,West Bengal,08-01-2025 10.18
7119,-0.7118795,-39.856331,Pune,Maharashtra,03-09-2023 18.11
7120,65.050714,87.424733,Ahmedabad,Gujarat,11-03-2025 19.55
7121,-58.7329315,-83.116026,Mumbai,Maharashtra,29-06-2024 11.09
7122,72.0296325,132.601567,Delhi,Delhi,16-06-2024 23.45
7123,-89.278424,-79.715346,Bangalore,Karnataka,08-01-2025 10.17
7124,-43.203495,56.299278,Hyderabad,Telangana,21-11-2022 21.39
7125,-46.4894115,-150.237205,Chennai,Tamil Nadu,01-01-2024 16.54
7126,-23.8335195,177.942852,Kolkata,West Bengal,16-02-2025 0.51
7127,35.764967,102.931007,Pune,Maharashtra,16-09-2024 11.53
7128,-59.7974965,-64.982283,Ahmedabad,Gujarat,05-09-2024 0.59
7129,-2.2546855,-105.763978,Mumbai,Maharashtra,21-01-2025 16.30
7130,59.870803,98.606429,Delhi,Delhi,17-08-2023 20.57
7131,-54.9239875,-99.877612,Bangalore,Karnataka,17-09-2022 23.05
7132,-63.5439655,-107.674742,Hyderabad,Telangana,22-02-2024 6.36
7133,16.604224,-150.852945,Chennai,Tamil Nadu,03-12-2024 14.24
7134,-39.415899,-86.978346,Kolkata,West Bengal,02-10-2022 20.12
7135,-78.0638535,-37.561939,Pune,Maharashtra,13-12-2024 6.41
7136,41.250289,145.655136,Ahmedabad,Gujarat,06-07-2025 0.43
7137,34.984089,98.434136,Mumbai,Maharashtra,25-09-2024 10.37
7138,45.805628,125.4373,Delhi,Delhi,16-06-2024 7.52
7139,3.767973,-66.942647,Bangalore,Karnataka,17-07-2025 9.04
7140,9.9097675,178.279676,Hyderabad,Telangana,12-10-2024 8.01
7141,5.9292405,-80.863454,Chennai,Tamil Nadu,08-08-2023 4.38
7142,81.108043,107.220338,Kolkata,West Bengal,08-04-2024 22.31
7143,-73.6573785,-158.290128,Pune,Maharashtra,15-06-2023 3.10
7144,-85.346129,-30.679996,Ahmedabad,Gujarat,17-11-2023 15.29
7145,-26.572102,28.225981,Mumbai,Maharashtra,03-05-2025 22.45
7146,-67.985642,127.447669,Delhi,Delhi,12-01-2025 19.00
7147,-3.903586,-121.222924,Bangalore,Karnataka,20-07-2024 6.18
7148,-72.1736205,6.23379,Hyderabad,Telangana,15-04-2023 13.30
7149,-33.614753,126.29351,Chennai,Tamil Nadu,28-12-2022 16.45
7150,-83.86878,-99.890605,Kolkata,West Bengal,30-04-2025 1.44
7151,64.937843,-90.084824,Pune,Maharashtra,02-02-2025 0.42
7152,3.4819895,176.486779,Ahmedabad,Gujarat,11-09-2022 16.09
7153,-65.1764155,-17.440502,Mumbai,Maharashtra,10-06-2023 5.31
7154,38.3037565,-31.187876,Delhi,Delhi,16-05-2025 21.59
7155,47.272787,-76.463757,Bangalore,Karnataka,01-11-2022 9.45
7156,74.304021,-74.594729,Hyderabad,Telangana,12-08-2022 23.24
7157,64.76624,43.115179,Chennai,Tamil Nadu,04-08-2024 14.43
7158,-67.814395,-67.033178,Kolkata,West Bengal,07-07-2025 5.01
7159,69.3124075,88.363108,Pune,Maharashtra,27-12-2022 16.54
7160,73.395911,-118.168501,Ahmedabad,Gujarat,18-03-2023 21.06
7161,16.7888605,-154.00661,Mumbai,Maharashtra,15-04-2025 3.02
7162,-49.4845745,-98.509765,Delhi,Delhi,31-01-2023 20.37
7163,-34.3679265,-95.494076,Bangalore,Karnataka,04-02-2023 18.33
7164,33.5728545,40.176943,Hyderabad,Telangana,30-07-2024 2.36
7165,87.2164755,-105.034002,Chennai,Tamil Nadu,27-10-2022 11.00
7166,-59.085386,145.256429,Kolkata,West Bengal,16-06-2025 11.49
7167,-66.0457345,-117.758464,Pune,Maharashtra,27-01-2023 10.22
7168,12.698588,36.195926,Ahmedabad,Gujarat,14-01-2023 16.29
7169,-55.2369435,-82.983678,Mumbai,Maharashtra,09-10-2022 8.34
7170,-57.5309095,151.52206,Delhi,Delhi,23-09-2022 22.12
7171,29.854016,-106.992657,Bangalore,Karnataka,20-01-2024 1.56
7172,87.6284845,104.088043,Hyderabad,Telangana,15-06-2024 4.32
7173,-23.2471205,-73.725692,Chennai,Tamil Nadu,30-03-2025 2.24
7174,-32.530862,-160.123413,Kolkata,West Bengal,04-11-2023 10.54
7175,63.5139005,-76.682106,Pune,Maharashtra,05-06-2024 13.49
7176,12.0816035,1.093636,Ahmedabad,Gujarat,25-06-2023 2.02
7177,53.9212575,-172.801063,Mumbai,Maharashtra,27-05-2025 3.24
7178,-41.993624,64.460547,Delhi,Delhi,12-05-2025 1.21
7179,88.548178,-18.152123,Bangalore,Karnataka,22-10-2024 16.16
7180,-62.182149,-99.667055,Hyderabad,Telangana,17-10-2023 11.39
7181,-42.7185395,-126.066659,Chennai,Tamil Nadu,23-12-2022 7.26
7182,-13.643417,-167.807968,Kolkata,West Bengal,19-12-2024 18.24
7183,15.9739425,155.731361,Pune,Maharashtra,28-10-2024 14.49
7184,-52.254965,1.009045,Ahmedabad,Gujarat,18-08-2022 22.10
7185,64.734129,176.978076,Mumbai,Maharashtra,25-12-2023 18.14
7186,-53.8593925,-99.400604,Delhi,Delhi,16-02-2025 16.47
7187,-13.0360745,21.636335,Bangalore,Karnataka,21-02-2023 10.32
7188,-85.4057555,137.506109,Hyderabad,Telangana,02-06-2023 4.11
7189,8.44258,7.891574,Chennai,Tamil Nadu,18-03-2024 10.09
7190,-72.2785425,171.734408,Kolkata,West Bengal,07-08-2022 6.20
7191,-32.3888755,178.066353,Pune,Maharashtra,05-01-2025 1.15
7192,70.0419565,5.348659,Ahmedabad,Gujarat,20-02-2023 12.01
7193,66.621049,86.587577,Mumbai,Maharashtra,31-08-2022 21.21
7194,-63.916648,-57.129986,Delhi,Delhi,10-07-2024 4.41
7195,-58.1500425,-103.829282,Bangalore,Karnataka,07-10-2023 6.12
7196,-38.7942095,47.55924,Hyderabad,Telangana,14-02-2024 1.20
7197,57.5576215,-4.637053,Chennai,Tamil Nadu,20-11-2024 15.27
7198,8.43276,27.967013,Kolkata,West Bengal,25-11-2023 3.59
7199,-55.0138385,-66.1766,Pune,Maharashtra,16-09-2022 8.27
7200,-20.3793155,-139.76206,Ahmedabad,Gujarat,04-04-2023 22.42
7201,-83.115825,-104.383975,Mumbai,Maharashtra,22-08-2024 21.00
7202,-75.5540385,46.806372,Delhi,Delhi,12-02-2023 14.13
7203,7.1260085,149.773577,Bangalore,Karnataka,13-04-2023 22.19
7204,38.663933,-56.086546,Hyderabad,Telangana,18-12-2024 10.24
7205,42.837189,-30.787051,Chennai,Tamil Nadu,07-11-2022 0.43
7206,-45.3452685,141.621541,Kolkata,West Bengal,24-03-2025 14.04
7207,-73.486237,57.895326,Pune,Maharashtra,15-12-2022 23.12
7208,25.7552445,48.813778,Ahmedabad,Gujarat,08-02-2025 3.20
7209,-83.99231,41.373966,Mumbai,Maharashtra,25-07-2023 20.12
7210,-55.106717,-112.095077,Delhi,Delhi,16-10-2023 11.33
7211,52.551896,169.016702,Bangalore,Karnataka,18-01-2023 14.58
7212,1.909702,-8.504551,Hyderabad,Telangana,14-09-2023 21.20
7213,-47.426555,159.16,Chennai,Tamil Nadu,28-04-2025 17.16
7214,-87.9659365,-60.90222,Kolkata,West Bengal,29-07-2025 14.55
7215,-13.3735435,-162.614518,Pune,Maharashtra,28-08-2023 5.38
7216,-74.2568535,-113.055051,Ahmedabad,Gujarat,31-08-2022 12.50
7217,75.3930705,14.984415,Mumbai,Maharashtra,26-04-2024 7.52
7218,43.2478795,123.025125,Delhi,Delhi,25-04-2025 7.09
7219,31.191527,17.872417,Bangalore,Karnataka,23-05-2024 17.53
7220,-7.2522665,154.420333,Hyderabad,Telangana,14-11-2022 3.14
7221,9.559491,57.733024,Chennai,Tamil Nadu,07-02-2025 1.37
7222,3.424162,19.699765,Kolkata,West Bengal,22-10-2023 3.26
7223,24.13073,-87.399162,Pune,Maharashtra,22-08-2023 15.25
7224,-22.5472115,77.467985,Ahmedabad,Gujarat,17-01-2023 16.03
7225,-53.2621495,-45.191953,Mumbai,Maharashtra,22-07-2024 15.23
7226,26.5506155,-178.533253,Delhi,Delhi,24-01-2023 2.14
7227,-78.155662,117.931896,Bangalore,Karnataka,05-11-2022 14.47
7228,-58.1878245,96.049909,Hyderabad,Telangana,11-02-2023 20.28
7229,-79.603389,-68.749901,Chennai,Tamil Nadu,15-09-2022 17.39
7230,20.7491485,117.342386,Kolkata,West Bengal,28-07-2023 9.42
7231,-63.0552035,61.229939,Pune,Maharashtra,15-04-2024 14.33
7232,-15.8661835,-131.691987,Ahmedabad,Gujarat,02-09-2024 22.54
7233,-46.547183,47.528725,Mumbai,Maharashtra,15-10-2024 8.33
7234,-78.558357,112.257832,Delhi,Delhi,25-08-2022 17.44
7235,48.741382,-127.693565,Bangalore,Karnataka,11-06-2025 10.54
7236,8.312845,60.389971,Hyderabad,Telangana,19-01-2023 4.29
7237,-50.2360815,138.228827,Chennai,Tamil Nadu,21-09-2022 16.42
7238,-60.9602195,3.995857,Kolkata,West Bengal,03-08-2025 10.35
7239,-73.6784695,68.815691,Pune,Maharashtra,14-12-2022 12.12
7240,-37.524693,92.925351,Ahmedabad,Gujarat,10-10-2022 6.55
7241,19.679192,63.18273,Mumbai,Maharashtra,10-01-2023 6.39
7242,-23.829854,-151.071742,Delhi,Delhi,22-07-2024 22.51
7243,-28.4775445,-1.684076,Bangalore,Karnataka,07-12-2022 3.57
7244,-77.169219,-25.528653,Hyderabad,Telangana,17-02-2024 7.49
7245,52.457121,-32.066406,Chennai,Tamil Nadu,07-09-2024 16.34
7246,-9.4058595,-72.89719,Kolkata,West Bengal,18-04-2024 16.20
7247,-43.0289955,-118.686197,Pune,Maharashtra,03-08-2025 1.41
7248,-37.2380465,-166.690891,Ahmedabad,Gujarat,01-09-2022 10.04
7249,61.701254,53.590436,Mumbai,Maharashtra,14-05-2023 15.28
7250,3.666141,105.449801,Delhi,Delhi,02-11-2024 18.04
7251,5.3841155,59.884569,Bangalore,Karnataka,27-05-2024 23.15
7252,25.288978,140.061117,Hyderabad,Telangana,03-09-2023 13.08
7253,43.1907325,-164.063497,Chennai,Tamil Nadu,19-06-2023 2.52
7254,-57.654502,121.323023,Kolkata,West Bengal,13-08-2022 20.03
7255,-0.4062555,-73.181589,Pune,Maharashtra,12-06-2025 18.50
7256,-36.214766,145.860613,Ahmedabad,Gujarat,21-04-2024 17.30
7257,-47.967178,55.942005,Mumbai,Maharashtra,04-09-2023 6.18
7258,27.433766,31.325312,Delhi,Delhi,13-06-2024 21.39
7259,-50.0263215,-137.622947,Bangalore,Karnataka,05-02-2024 1.45
7260,67.0742525,-145.600239,Hyderabad,Telangana,28-10-2024 7.20
7261,-25.4284325,-105.792617,Chennai,Tamil Nadu,26-07-2025 22.39
7262,37.5077535,-169.809867,Kolkata,West Bengal,24-09-2022 4.27
7263,-74.5432495,-37.189988,Pune,Maharashtra,22-04-2024 8.35
7264,21.3481065,48.472691,Ahmedabad,Gujarat,07-01-2023 22.45
7265,-6.6236025,-2.654495,Mumbai,Maharashtra,05-04-2025 2.27
7266,68.192824,-166.613994,Delhi,Delhi,18-11-2022 16.26
7267,-58.732764,-152.846381,Bangalore,Karnataka,29-06-2024 15.03
7268,67.978101,80.733334,Hyderabad,Telangana,05-06-2025 18.32
7269,35.455625,-113.254374,Chennai,Tamil Nadu,01-09-2023 7.17
7270,-79.9737365,-169.451638,Kolkata,West Bengal,19-05-2025 0.16
7271,-19.483565,134.372602,Pune,Maharashtra,06-08-2023 21.10
7272,55.9961345,116.371338,Ahmedabad,Gujarat,18-11-2022 21.24
7273,61.1078965,158.80558,Mumbai,Maharashtra,22-07-2025 5.20
7274,-17.641543,128.254559,Delhi,Delhi,10-08-2022 1.06
7275,-5.430222,-46.163172,Bangalore,Karnataka,07-06-2025 14.16
7276,-72.3426305,-9.991287,Hyderabad,Telangana,29-04-2023 17.22
7277,-78.6460045,-42.81784,Chennai,Tamil Nadu,10-03-2025 19.31
7278,73.436716,89.42117,Kolkata,West Bengal,03-10-2022 5.11
7279,68.281821,-20.211722,Pune,Maharashtra,05-05-2025 18.39
7280,70.5065075,86.77428,Ahmedabad,Gujarat,09-04-2024 22.55
7281,72.7011745,104.105596,Mumbai,Maharashtra,08-09-2024 22.04
7282,81.4984725,-59.912328,Delhi,Delhi,08-05-2025 0.26
7283,-72.519845,-73.343193,Bangalore,Karnataka,24-07-2024 23.22
7284,68.462055,55.69564,Hyderabad,Telangana,04-07-2025 16.42
7285,-57.713139,42.573938,Chennai,Tamil Nadu,21-03-2024 2.29
7286,71.8630845,118.791216,Kolkata,West Bengal,02-11-2023 21.46
7287,-62.6047075,40.593389,Pune,Maharashtra,20-03-2024 18.23
7288,-63.2700655,-100.306955,Ahmedabad,Gujarat,07-07-2023 7.53
7289,40.17923,-26.103255,Mumbai,Maharashtra,20-10-2022 14.59
7290,40.196938,77.639988,Delhi,Delhi,08-01-2025 9.20
7291,-18.549427,-46.726195,Bangalore,Karnataka,02-08-2023 18.15
7292,-43.239774,-6.956013,Hyderabad,Telangana,14-06-2024 0.49
7293,-40.872195,-66.754911,Chennai,Tamil Nadu,10-07-2025 11.42
7294,48.348443,179.559361,Kolkata,West Bengal,08-02-2025 9.23
7295,69.751668,-24.787464,Pune,Maharashtra,26-01-2025 18.59
7296,62.595498,-118.829766,Ahmedabad,Gujarat,10-03-2025 19.03
7297,29.740461,-172.129216,Mumbai,Maharashtra,17-11-2022 10.01
7298,-19.1025125,-91.339674,Delhi,Delhi,04-06-2024 13.09
7299,87.2539165,-105.070759,Bangalore,Karnataka,15-09-2022 5.02
7300,-32.4629405,70.862855,Hyderabad,Telangana,23-10-2022 12.57
7301,48.3976025,67.358865,Chennai,Tamil Nadu,22-11-2024 1.25
7302,-43.955754,-123.257476,Kolkata,West Bengal,21-12-2022 15.15
7303,20.257695,-150.513725,Pune,Maharashtra,08-04-2023 8.16
7304,87.370324,177.211345,Ahmedabad,Gujarat,25-05-2025 11.23
7305,-82.636975,158.671395,Mumbai,Maharashtra,27-05-2025 7.14
7306,78.5157445,-40.68657,Delhi,Delhi,31-12-2022 1.01
7307,56.498023,-135.070171,Bangalore,Karnataka,05-08-2023 17.32
7308,9.1538795,150.288073,Hyderabad,Telangana,09-01-2025 5.38
7309,47.6953735,139.692639,Chennai,Tamil Nadu,26-09-2024 23.45
7310,66.9576865,60.829693,Kolkata,West Bengal,21-03-2023 2.06
7311,-59.9468505,-135.170855,Pune,Maharashtra,25-06-2024 18.48
7312,-83.983514,108.56909,Ahmedabad,Gujarat,25-09-2024 17.39
7313,78.0300385,135.490794,Mumbai,Maharashtra,29-10-2023 11.32
7314,87.566388,92.847193,Delhi,Delhi,21-09-2022 18.42
7315,-71.0459375,113.463388,Bangalore,Karnataka,16-04-2024 4.06
7316,-20.1971915,-16.73,Hyderabad,Telangana,13-11-2024 14.22
7317,-52.891309,-93.716082,Chennai,Tamil Nadu,08-02-2023 3.13
7318,31.142597,11.15335,Kolkata,West Bengal,24-10-2024 3.49
7319,47.746402,-54.835087,Pune,Maharashtra,08-01-2025 11.56
7320,28.2065165,92.111943,Ahmedabad,Gujarat,08-03-2024 0.29
7321,27.4855675,-173.807718,Mumbai,Maharashtra,19-11-2024 19.20
7322,-43.6747405,-146.867292,Delhi,Delhi,14-09-2022 6.09
7323,-20.3408165,109.961284,Bangalore,Karnataka,17-10-2022 1.54
7324,22.4174355,74.641973,Hyderabad,Telangana,15-12-2023 18.06
7325,37.0438595,177.869578,Chennai,Tamil Nadu,28-12-2022 21.31
7326,-41.727261,-78.577387,Kolkata,West Bengal,18-03-2024 0.59
7327,61.244347,-134.297233,Pune,Maharashtra,13-11-2023 16.29
7328,69.9017365,36.482194,Ahmedabad,Gujarat,25-12-2022 11.45
7329,83.933288,178.621045,Mumbai,Maharashtra,13-12-2022 21.12
7330,-47.632569,94.286425,Delhi,Delhi,19-09-2024 13.50
7331,68.492331,-34.821456,Bangalore,Karnataka,19-04-2023 4.55
7332,71.0348895,179.924887,Hyderabad,Telangana,24-05-2024 4.31
7333,60.2403465,90.951614,Chennai,Tamil Nadu,27-03-2023 0.56
7334,34.3820015,30.509516,Kolkata,West Bengal,20-01-2025 3.52
7335,89.9258865,76.160287,Pune,Maharashtra,02-06-2025 17.43
7336,80.5608235,-153.142829,Ahmedabad,Gujarat,24-09-2023 7.44
7337,-78.4211195,136.131971,Mumbai,Maharashtra,07-02-2024 6.14
7338,-28.437747,-116.69541,Delhi,Delhi,11-09-2023 3.28
7339,-66.2603795,131.908438,Bangalore,Karnataka,24-05-2024 6.19
7340,-59.8028905,10.379817,Hyderabad,Telangana,29-05-2024 21.32
7341,-78.183152,85.405073,Chennai,Tamil Nadu,09-12-2024 14.38
7342,82.423291,-46.796143,Kolkata,West Bengal,07-05-2023 8.22
7343,40.864107,-27.465598,Pune,Maharashtra,17-06-2025 15.58
7344,58.5015475,119.674696,Ahmedabad,Gujarat,19-07-2023 12.26
7345,-0.528608,22.608016,Mumbai,Maharashtra,06-02-2024 7.54
7346,-61.275021,67.089198,Delhi,Delhi,23-01-2025 22.45
7347,86.7999545,179.718798,Bangalore,Karnataka,27-04-2025 9.03
7348,16.8797735,-82.437,Hyderabad,Telangana,03-11-2023 6.29
7349,81.7983235,-155.750842,Chennai,Tamil Nadu,01-03-2025 18.50
7350,23.181114,163.41163,Kolkata,West Bengal,19-10-2023 0.44
7351,73.698598,22.032364,Pune,Maharashtra,23-03-2024 10.46
7352,56.7800885,-46.504406,Ahmedabad,Gujarat,20-09-2023 17.52
7353,74.229868,50.48311,Mumbai,Maharashtra,14-09-2022 3.28
7354,-18.691545,63.234608,Delhi,Delhi,08-10-2024 5.49
7355,-6.142461,-98.562376,Bangalore,Karnataka,13-11-2022 22.40
7356,29.170962,-173.764112,Hyderabad,Telangana,30-03-2023 22.36
7357,60.5475,1.471986,Chennai,Tamil Nadu,11-01-2023 2.54
7358,13.598694,-103.581959,Kolkata,West Bengal,10-04-2023 14.17
7359,5.4479605,131.383728,Pune,Maharashtra,18-08-2023 1.50
7360,79.1992045,38.308335,Ahmedabad,Gujarat,06-10-2023 21.05
7361,55.658355,113.513717,Mumbai,Maharashtra,15-02-2023 14.44
7362,-89.9078455,89.795265,Delhi,Delhi,12-01-2025 19.41
7363,-30.406636,-37.236241,Bangalore,Karnataka,12-11-2024 20.24
7364,17.409225,105.992981,Hyderabad,Telangana,22-07-2025 14.39
7365,44.703271,-57.619169,Chennai,Tamil Nadu,16-03-2025 6.49
7366,-78.970541,54.026455,Kolkata,West Bengal,06-03-2023 21.06
7367,-20.6009565,32.165221,Pune,Maharashtra,19-08-2024 6.11
7368,-49.37533,103.043336,Ahmedabad,Gujarat,26-06-2024 21.33
7369,71.5826995,129.10356,Mumbai,Maharashtra,19-11-2022 5.03
7370,24.062101,-168.159403,Delhi,Delhi,30-03-2025 12.17
7371,-72.9785135,-132.120859,Bangalore,Karnataka,14-11-2023 5.19
7372,-70.1752225,-64.867072,Hyderabad,Telangana,27-01-2023 19.11
7373,67.4368415,-46.702924,Chennai,Tamil Nadu,12-02-2024 2.01
7374,87.4844595,141.956151,Kolkata,West Bengal,25-04-2025 16.47
7375,-46.179228,-70.171744,Pune,Maharashtra,29-04-2024 4.27
7376,-61.0195825,-55.097572,Ahmedabad,Gujarat,02-07-2023 18.17
7377,37.536472,38.846031,Mumbai,Maharashtra,06-08-2022 0.04
7378,1.732185,-79.830429,Delhi,Delhi,26-08-2023 13.40
7379,-78.244982,-43.359626,Bangalore,Karnataka,17-12-2023 8.06
7380,59.328973,94.364424,Hyderabad,Telangana,29-12-2022 23.34
7381,17.53747,-1.516881,Chennai,Tamil Nadu,28-07-2025 6.30
7382,-84.112978,-91.10848,Kolkata,West Bengal,16-02-2024 1.48
7383,-15.263098,-17.817649,Pune,Maharashtra,13-09-2024 5.15
7384,-51.172272,-39.241714,Ahmedabad,Gujarat,14-02-2023 20.31
7385,75.4313015,-127.729472,Mumbai,Maharashtra,01-06-2024 15.27
7386,-4.668752,169.119506,Delhi,Delhi,23-09-2022 9.06
7387,-38.1252205,-24.762611,Bangalore,Karnataka,04-10-2023 8.48
7388,-82.4153675,124.523561,Hyderabad,Telangana,13-05-2024 4.25
7389,17.9284335,-146.080713,Chennai,Tamil Nadu,04-08-2024 12.50
7390,39.9870745,-144.924301,Kolkata,West Bengal,14-10-2024 14.11
7391,-55.968483,-41.115865,Pune,Maharashtra,13-02-2025 22.34
7392,54.482738,127.752969,Ahmedabad,Gujarat,01-12-2024 11.45
7393,79.2450445,-157.542208,Mumbai,Maharashtra,01-12-2024 14.52
7394,55.2348075,-178.469082,Delhi,Delhi,18-04-2024 19.36
7395,33.9433775,115.897989,Bangalore,Karnataka,19-03-2023 7.23
7396,-63.989112,-34.240304,Hyderabad,Telangana,07-12-2022 0.40
7397,28.8769,-34.577735,Chennai,Tamil Nadu,09-05-2024 0.05
7398,48.7735055,-123.850676,Kolkata,West Bengal,23-07-2023 3.49
7399,-2.369773,154.227652,Pune,Maharashtra,19-05-2023 6.39
7400,15.90306,156.397998,Ahmedabad,Gujarat,12-03-2024 6.22
7401,-18.857504,113.085895,Mumbai,Maharashtra,22-05-2024 4.27
7402,75.4819135,176.035583,Delhi,Delhi,18-11-2024 17.23
7403,75.7338375,-46.332148,Bangalore,Karnataka,26-07-2025 0.24
7404,66.167584,32.508305,Hyderabad,Telangana,22-07-2025 6.52
7405,76.039435,115.038545,Chennai,Tamil Nadu,19-06-2024 9.33
7406,-6.351276,92.044936,Kolkata,West Bengal,19-03-2024 11.00
7407,62.2623355,-12.308207,Pune,Maharashtra,10-07-2025 4.26
7408,-65.7613875,-4.267859,Ahmedabad,Gujarat,15-01-2024 22.59
7409,67.9345895,-39.759187,Mumbai,Maharashtra,05-12-2023 10.27
7410,87.1423305,-153.531979,Delhi,Delhi,24-01-2023 5.25
7411,-56.682645,149.476126,Bangalore,Karnataka,02-03-2023 16.45
7412,70.821865,-83.051088,Hyderabad,Telangana,04-11-2022 8.34
7413,38.2468405,13.980089,Chennai,Tamil Nadu,23-08-2023 2.34
7414,12.4054175,-156.115453,Kolkata,West Bengal,02-02-2024 0.12
7415,-59.5625015,-142.213061,Pune,Maharashtra,11-08-2024 10.10
7416,-68.8992755,46.81838,Ahmedabad,Gujarat,30-06-2025 23.36
7417,-73.3926705,-58.093139,Mumbai,Maharashtra,16-02-2025 4.59
7418,54.3692765,118.091875,Delhi,Delhi,09-04-2024 18.39
7419,-34.3958675,46.15624,Bangalore,Karnataka,06-12-2023 17.29
7420,-23.2795975,40.540982,Hyderabad,Telangana,07-05-2025 9.13
7421,-56.240742,-126.308447,Chennai,Tamil Nadu,12-10-2024 20.27
7422,65.496298,-40.464381,Kolkata,West Bengal,27-12-2023 8.04
7423,9.9622425,141.850808,Pune,Maharashtra,31-10-2022 1.02
7424,11.7324545,80.655195,Ahmedabad,Gujarat,17-08-2022 6.31
7425,-76.805934,-166.699991,Mumbai,Maharashtra,13-02-2025 6.33
7426,86.1108375,169.678708,Delhi,Delhi,10-01-2025 12.51
7427,-9.1652915,-107.04636,Bangalore,Karnataka,12-11-2023 9.05
7428,52.365509,131.580493,Hyderabad,Telangana,29-08-2023 1.02
7429,-41.969504,-154.789451,Chennai,Tamil Nadu,03-11-2023 23.54
7430,11.021794,21.350575,Kolkata,West Bengal,30-06-2025 10.16
7431,-16.456284,118.904152,Pune,Maharashtra,15-03-2025 5.06
7432,26.744731,51.5739,Ahmedabad,Gujarat,16-09-2024 4.31
7433,20.1820995,-153.155194,Mumbai,Maharashtra,26-12-2023 3.00
7434,26.9852425,-39.269597,Delhi,Delhi,13-04-2023 17.41
7435,-86.146589,-13.171615,Bangalore,Karnataka,07-12-2023 6.53
7436,23.7067565,15.521685,Hyderabad,Telangana,04-09-2024 13.52
7437,28.942693,2.491411,Chennai,Tamil Nadu,17-11-2024 8.22
7438,-82.1659255,126.666114,Kolkata,West Bengal,05-07-2024 8.37
7439,-7.181918,-8.774551,Pune,Maharashtra,14-07-2023 5.45
7440,-38.3832135,91.883164,Ahmedabad,Gujarat,07-03-2025 18.54
7441,-82.244542,48.251452,Mumbai,Maharashtra,24-02-2023 14.54
7442,-24.8999375,18.389729,Delhi,Delhi,10-09-2023 6.29
7443,18.5651125,24.687616,Bangalore,Karnataka,24-02-2023 13.03
7444,80.06281,-81.041078,Hyderabad,Telangana,16-05-2024 19.47
7445,0.3304995,-24.742064,Chennai,Tamil Nadu,28-10-2022 12.41
7446,-60.901947,32.864155,Kolkata,West Bengal,14-04-2025 2.11
7447,-0.341999,144.082373,Pune,Maharashtra,07-03-2025 5.05
7448,3.153407,-57.109115,Ahmedabad,Gujarat,27-10-2022 18.17
7449,-87.5421795,48.436233,Mumbai,Maharashtra,11-04-2023 7.19
7450,-39.8728855,-116.426813,Delhi,Delhi,04-05-2023 1.17
7451,-49.155982,-22.099647,Bangalore,Karnataka,13-05-2023 14.03
7452,31.313054,49.878451,Hyderabad,Telangana,17-08-2024 10.59
7453,86.2665715,74.449125,Chennai,Tamil Nadu,30-11-2023 20.51
7454,17.7059955,-107.878611,Kolkata,West Bengal,09-12-2023 5.46
7455,74.624252,-143.851263,Pune,Maharashtra,02-04-2024 9.51
7456,-82.551211,-124.349945,Ahmedabad,Gujarat,06-12-2022 4.00
7457,-42.5198035,-29.17653,Mumbai,Maharashtra,07-01-2023 13.20
7458,-65.223366,19.98939,Delhi,Delhi,25-09-2024 6.53
7459,-22.568733,106.371722,Bangalore,Karnataka,16-10-2024 13.59
7460,81.6424295,28.437405,Hyderabad,Telangana,06-11-2022 12.02
7461,-88.357368,108.219388,Chennai,Tamil Nadu,28-08-2022 16.00
7462,-60.915596,74.791057,Kolkata,West Bengal,05-02-2025 0.40
7463,48.585273,32.644344,Pune,Maharashtra,21-08-2024 20.42
7464,42.7505175,120.019233,Ahmedabad,Gujarat,19-02-2023 22.55
7465,-37.4178405,-137.516254,Mumbai,Maharashtra,30-04-2023 22.01
7466,65.1126295,139.719722,Delhi,Delhi,13-02-2024 1.03
7467,29.2090555,-172.687834,Bangalore,Karnataka,03-10-2023 17.46
7468,29.753183,-107.570738,Hyderabad,Telangana,01-05-2024 0.02
7469,-19.368668,-91.894145,Chennai,Tamil Nadu,23-04-2025 8.45
7470,24.081895,-139.122816,Kolkata,West Bengal,22-03-2023 3.03
7471,-60.2284355,-91.618218,Pune,Maharashtra,27-10-2022 9.48
7472,-35.2684405,103.876876,Ahmedabad,Gujarat,30-08-2023 14.43
7473,-28.579937,77.011812,Mumbai,Maharashtra,18-01-2024 20.32
7474,-28.8031725,50.899438,Delhi,Delhi,24-01-2024 9.35
7475,68.039281,27.162081,Bangalore,Karnataka,09-11-2024 5.27
7476,-77.0899495,67.607159,Hyderabad,Telangana,13-12-2024 2.52
7477,4.0475455,161.212611,Chennai,Tamil Nadu,24-04-2023 13.42
7478,8.9173325,-37.875724,Kolkata,West Bengal,11-10-2024 21.39
7479,-43.0698515,-13.697283,Pune,Maharashtra,20-02-2023 1.19
7480,-56.873482,119.30128,Ahmedabad,Gujarat,19-07-2025 13.08
7481,-27.5724555,90.294472,Mumbai,Maharashtra,22-12-2023 2.59
7482,-22.0273645,14.362933,Delhi,Delhi,26-09-2023 5.14
7483,-77.343516,-163.123179,Bangalore,Karnataka,20-06-2025 4.40
7484,25.222498,-43.385313,Hyderabad,Telangana,22-11-2023 22.13
7485,85.240371,17.260995,Chennai,Tamil Nadu,22-10-2023 9.32
7486,85.075493,70.839004,Kolkata,West Bengal,13-01-2024 5.54
7487,-50.904525,-74.338799,Pune,Maharashtra,02-12-2022 11.58
7488,-60.0953075,-104.868297,Ahmedabad,Gujarat,02-06-2023 0.17
7489,-48.6169625,60.222569,Mumbai,Maharashtra,22-10-2023 19.11
7490,54.221486,150.05568,Delhi,Delhi,06-09-2024 11.30
7491,76.6420545,-134.437491,Bangalore,Karnataka,05-07-2024 13.25
7492,27.6789785,33.751923,Hyderabad,Telangana,21-06-2023 18.55
7493,-24.798048,176.749674,Chennai,Tamil Nadu,04-11-2023 5.35
7494,83.1582905,164.411099,Kolkata,West Bengal,24-06-2025 9.14
7495,-45.343711,82.682997,Pune,Maharashtra,25-04-2023 23.54
7496,-81.7576635,-77.120419,Ahmedabad,Gujarat,14-12-2024 15.27
7497,54.658782,23.746252,Mumbai,Maharashtra,04-07-2025 13.59
7498,-44.4422205,-140.928703,Delhi,Delhi,11-08-2024 19.34
7499,4.926881,-173.227058,Bangalore,Karnataka,18-05-2025 22.27
7500,55.734143,-147.369946,Hyderabad,Telangana,17-11-2022 20.18
7501,72.870669,27.782393,Chennai,Tamil Nadu,23-08-2023 22.45
7502,-78.805557,-43.135544,Kolkata,West Bengal,29-12-2023 8.26
7503,80.5482245,-75.652738,Pune,Maharashtra,25-09-2022 22.02
7504,13.7806375,146.89038,Ahmedabad,Gujarat,27-07-2023 22.17
7505,-2.7585545,112.76573,Mumbai,Maharashtra,24-09-2024 18.59
7506,-51.123474,-36.781453,Delhi,Delhi,31-03-2025 21.27
7507,-28.4109055,-2.282804,Bangalore,Karnataka,27-07-2023 21.18
7508,-7.9705035,-173.656708,Hyderabad,Telangana,29-09-2022 21.37
7509,80.287183,-124.252953,Chennai,Tamil Nadu,12-10-2024 21.44
7510,-71.444782,32.782893,Kolkata,West Bengal,19-06-2024 16.49
7511,37.284211,91.203821,Pune,Maharashtra,24-10-2023 13.41
7512,48.026447,-144.05066,Ahmedabad,Gujarat,26-05-2024 12.49
7513,2.7016015,-87.524,Mumbai,Maharashtra,12-10-2023 12.41
7514,-21.789852,-43.423638,Delhi,Delhi,11-06-2025 4.37
7515,6.4930065,-39.526242,Bangalore,Karnataka,16-09-2023 4.07
7516,24.7554815,-151.284277,Hyderabad,Telangana,08-11-2024 8.50
7517,-33.5571465,107.269001,Chennai,Tamil Nadu,18-02-2024 2.51
7518,-72.2946985,75.073508,Kolkata,West Bengal,26-02-2025 17.02
7519,76.306792,-63.261343,Pune,Maharashtra,04-07-2024 22.00
7520,58.302822,-122.472598,Ahmedabad,Gujarat,29-08-2022 12.43
7521,82.278381,169.455155,Mumbai,Maharashtra,10-06-2025 9.41
7522,-3.966819,-50.655145,Delhi,Delhi,01-05-2025 5.14
7523,69.9221475,-113.786183,Bangalore,Karnataka,21-03-2023 19.55
7524,54.0507535,65.077986,Hyderabad,Telangana,23-09-2024 16.48
7525,47.5711135,174.90951,Chennai,Tamil Nadu,06-09-2023 4.22
7526,54.6509215,27.230329,Kolkata,West Bengal,28-03-2025 17.46
7527,62.4441025,130.998432,Pune,Maharashtra,27-05-2024 11.12
7528,67.390645,103.303446,Ahmedabad,Gujarat,12-10-2024 13.55
7529,-48.3915515,141.505376,Mumbai,Maharashtra,07-11-2022 23.32
7530,-7.838606,-11.152982,Delhi,Delhi,21-08-2024 22.12
7531,65.3637765,-108.679437,Bangalore,Karnataka,18-08-2024 23.23
7532,-61.907121,-32.768066,Hyderabad,Telangana,03-07-2024 11.37
7533,-53.0819925,-43.745857,Chennai,Tamil Nadu,12-03-2024 17.56
7534,-27.575014,-160.442231,Kolkata,West Bengal,22-12-2022 10.36
7535,70.5827505,110.150284,Pune,Maharashtra,19-03-2024 17.34
7536,-22.184284,-86.031728,Ahmedabad,Gujarat,25-09-2023 8.32
7537,-54.5125195,-70.620557,Mumbai,Maharashtra,17-12-2024 5.17
7538,84.1334045,-58.460931,Delhi,Delhi,10-02-2025 14.15
7539,30.6699145,-92.632832,Bangalore,Karnataka,23-10-2024 9.49
7540,-26.7926235,-52.081291,Hyderabad,Telangana,03-01-2025 17.19
7541,-62.296563,-98.960479,Chennai,Tamil Nadu,27-01-2023 11.06
7542,83.4284575,174.082999,Kolkata,West Bengal,06-12-2024 6.45
7543,44.209454,-163.84901,Pune,Maharashtra,05-04-2024 3.14
7544,-47.824399,124.180991,Ahmedabad,Gujarat,27-06-2023 16.58
7545,-43.7210625,97.605803,Mumbai,Maharashtra,12-10-2024 21.03
7546,-76.745704,130.35115,Delhi,Delhi,17-12-2024 16.25
7547,-33.067222,-89.922055,Bangalore,Karnataka,19-03-2023 16.33
7548,-57.4853295,-155.957794,Hyderabad,Telangana,03-02-2023 1.19
7549,-85.9995505,-80.617531,Chennai,Tamil Nadu,28-07-2023 15.59
7550,-42.828067,-178.865808,Kolkata,West Bengal,30-08-2022 15.07
7551,-73.08031,100.258188,Pune,Maharashtra,26-03-2024 21.07
7552,33.8317265,52.98615,Ahmedabad,Gujarat,16-03-2024 17.23
7553,-59.2334495,-155.674591,Mumbai,Maharashtra,20-09-2022 15.17
7554,46.34459,158.969067,Delhi,Delhi,17-02-2025 13.02
7555,59.8160845,78.152468,Bangalore,Karnataka,27-03-2024 8.05
7556,-57.330677,-173.984854,Hyderabad,Telangana,03-12-2024 5.30
7557,-67.5557345,-21.369835,Chennai,Tamil Nadu,26-05-2023 11.45
7558,10.038202,26.0059,Kolkata,West Bengal,27-12-2022 17.19
7559,-12.485533,-146.868719,Pune,Maharashtra,05-08-2023 18.19
7560,58.4535375,-24.649425,Ahmedabad,Gujarat,14-12-2023 9.32
7561,84.449664,-49.020344,Mumbai,Maharashtra,27-04-2025 8.10
7562,-67.168925,136.556608,Delhi,Delhi,06-10-2024 2.54
7563,-77.285642,79.087378,Bangalore,Karnataka,08-10-2023 15.49
7564,23.0489505,115.456955,Hyderabad,Telangana,27-04-2025 21.38
7565,-52.888074,-75.31693,Chennai,Tamil Nadu,07-12-2023 11.09
7566,-6.964855,39.40198,Kolkata,West Bengal,04-02-2025 20.38
7567,-5.0691085,-127.570183,Pune,Maharashtra,28-09-2022 12.16
7568,-89.020233,-73.4012,Ahmedabad,Gujarat,31-08-2022 14.23
7569,32.6868305,37.044937,Mumbai,Maharashtra,15-05-2023 15.50
7570,-89.0582455,18.673527,Delhi,Delhi,12-10-2023 16.10
7571,-1.5709245,135.855272,Bangalore,Karnataka,16-03-2024 9.27
7572,27.449873,-139.985468,Hyderabad,Telangana,02-01-2024 4.00
7573,-84.753387,-155.262491,Chennai,Tamil Nadu,12-06-2024 12.12
7574,26.192511,178.867044,Kolkata,West Bengal,02-04-2024 2.02
7575,23.301721,-35.757522,Pune,Maharashtra,26-12-2022 7.17
7576,-70.182551,-172.998177,Ahmedabad,Gujarat,06-05-2025 21.31
7577,15.4917455,19.162172,Mumbai,Maharashtra,12-11-2023 23.09
7578,-66.7691265,-131.522557,Delhi,Delhi,03-08-2025 2.14
7579,-29.656932,-28.499033,Bangalore,Karnataka,07-08-2022 19.22
7580,29.9962715,110.798195,Hyderabad,Telangana,21-12-2023 13.16
7581,-63.0030205,34.116617,Chennai,Tamil Nadu,16-03-2025 8.14
7582,68.7745495,-35.654439,Kolkata,West Bengal,23-03-2025 7.50
7583,36.0126705,-157.47415,Pune,Maharashtra,25-10-2024 11.22
7584,75.1349245,-171.923102,Ahmedabad,Gujarat,26-02-2024 21.36
7585,60.779615,-75.499506,Mumbai,Maharashtra,03-06-2024 3.57
7586,22.659789,114.331296,Delhi,Delhi,15-06-2023 14.37
7587,-11.0259955,117.405596,Bangalore,Karnataka,12-03-2023 2.39
7588,11.4473005,106.847891,Hyderabad,Telangana,02-01-2025 20.59
7589,61.5591195,153.842481,Chennai,Tamil Nadu,25-04-2024 21.18
7590,-47.236725,28.528327,Kolkata,West Bengal,05-03-2025 4.21
7591,33.2422965,-171.717892,Pune,Maharashtra,02-11-2024 11.49
7592,-27.1646715,109.875725,Ahmedabad,Gujarat,08-06-2024 16.24
7593,59.795055,118.189267,Mumbai,Maharashtra,21-10-2024 4.42
7594,80.531426,123.736179,Delhi,Delhi,05-02-2023 3.17
7595,36.8299605,104.079134,Bangalore,Karnataka,29-06-2025 23.49
7596,87.277952,164.047667,Hyderabad,Telangana,28-08-2024 5.21
7597,74.917411,-140.997482,Chennai,Tamil Nadu,21-02-2024 22.17
7598,-81.7765135,19.176824,Kolkata,West Bengal,08-02-2025 23.49
7599,25.0928615,-83.035697,Pune,Maharashtra,20-02-2024 6.40
7600,31.744684,-138.374054,Ahmedabad,Gujarat,05-01-2025 19.08
7601,31.996045,22.42963,Mumbai,Maharashtra,10-09-2022 15.40
7602,69.6389955,-52.897126,Delhi,Delhi,17-02-2023 20.40
7603,-84.020079,-133.3054,Bangalore,Karnataka,27-02-2023 11.42
7604,25.8602195,12.471812,Hyderabad,Telangana,11-07-2024 11.10
7605,79.3988085,100.234067,Chennai,Tamil Nadu,18-01-2025 4.00
7606,60.07362,-79.727562,Kolkata,West Bengal,17-03-2024 20.54
7607,-86.056002,-17.475393,Pune,Maharashtra,05-12-2022 12.52
7608,58.524269,-176.862335,Ahmedabad,Gujarat,09-01-2025 8.31
7609,8.9302155,-105.26746,Mumbai,Maharashtra,26-11-2022 11.54
7610,33.744856,13.921486,Delhi,Delhi,08-01-2024 16.51
7611,47.03543,-11.232171,Bangalore,Karnataka,04-02-2023 7.21
7612,33.633491,81.272469,Hyderabad,Telangana,15-07-2024 3.23
7613,-11.942372,-131.567621,Chennai,Tamil Nadu,12-06-2025 15.36
7614,-52.9640285,82.142121,Kolkata,West Bengal,09-11-2023 9.40
7615,13.373572,143.262423,Pune,Maharashtra,19-05-2023 13.00
7616,-69.9671205,-128.153306,Ahmedabad,Gujarat,24-11-2024 0.24
7617,83.135778,116.044483,Mumbai,Maharashtra,18-03-2023 1.19
7618,-14.7492515,-130.660458,Delhi,Delhi,07-03-2025 16.42
7619,68.9730125,36.258545,Bangalore,Karnataka,07-03-2023 8.43
7620,26.9687255,-37.046775,Hyderabad,Telangana,07-05-2023 8.15
7621,-46.320508,-104.347761,Chennai,Tamil Nadu,27-02-2025 7.37
7622,38.185431,-0.541542,Kolkata,West Bengal,09-10-2024 1.26
7623,67.742036,-140.030962,Pune,Maharashtra,03-07-2024 6.35
7624,-75.6670055,-38.086867,Ahmedabad,Gujarat,25-02-2024 14.10
7625,-18.4885145,-109.191908,Mumbai,Maharashtra,15-01-2023 19.43
7626,58.5930135,6.085602,Delhi,Delhi,28-06-2025 6.20
7627,-11.1743365,20.171466,Bangalore,Karnataka,29-08-2024 11.37
7628,-77.820699,-8.759416,Hyderabad,Telangana,11-06-2024 6.36
7629,45.7740125,-112.12929,Chennai,Tamil Nadu,09-08-2022 19.51
7630,65.1497505,-104.013472,Kolkata,West Bengal,17-02-2023 14.07
7631,8.5611435,86.795294,Pune,Maharashtra,05-08-2022 10.31
7632,64.2222405,-170.303137,Ahmedabad,Gujarat,21-10-2022 16.13
7633,-72.989426,159.365908,Mumbai,Maharashtra,16-04-2024 15.10
7634,-31.0630395,3.70173,Delhi,Delhi,03-05-2024 6.29
7635,-16.150996,-151.63113,Bangalore,Karnataka,18-07-2024 22.21
7636,-43.915788,-66.574148,Hyderabad,Telangana,04-03-2023 15.09
7637,-15.255188,72.330779,Chennai,Tamil Nadu,08-05-2023 6.36
7638,45.0495255,-92.514202,Kolkata,West Bengal,22-12-2024 6.11
7639,74.0211885,-3.85354,Pune,Maharashtra,14-10-2023 7.21
7640,-88.642557,-148.640958,Ahmedabad,Gujarat,21-12-2022 12.53
7641,40.3186535,99.264489,Mumbai,Maharashtra,14-05-2025 2.41
7642,48.7033275,-81.877058,Delhi,Delhi,12-04-2023 7.41
7643,-19.7188825,63.000642,Bangalore,Karnataka,13-08-2023 17.54
7644,-65.816793,-106.851489,Hyderabad,Telangana,18-05-2024 7.15
7645,-70.5416535,29.103743,Chennai,Tamil Nadu,24-11-2024 16.36
7646,10.1644425,-176.646169,Kolkata,West Bengal,22-08-2024 6.45
7647,-72.307127,-148.368933,Pune,Maharashtra,02-02-2024 6.35
7648,60.9837405,164.392177,Ahmedabad,Gujarat,24-07-2025 16.08
7649,-74.1618085,-130.894121,Mumbai,Maharashtra,01-02-2023 19.19
7650,64.178842,19.609411,Delhi,Delhi,06-08-2022 22.29
7651,73.857945,-84.436843,Bangalore,Karnataka,25-07-2024 20.46
7652,-60.6848885,172.690504,Hyderabad,Telangana,17-12-2022 5.02
7653,-5.447295,-80.179712,Chennai,Tamil Nadu,30-05-2024 7.00
7654,-68.291403,-156.581912,Kolkata,West Bengal,19-02-2024 19.42
7655,-28.954352,56.539374,Pune,Maharashtra,27-10-2022 1.11
7656,62.87718,-106.89736,Ahmedabad,Gujarat,11-06-2023 10.14
7657,-78.229066,-162.375579,Mumbai,Maharashtra,23-07-2024 14.51
7658,-70.9732485,50.955406,Delhi,Delhi,12-02-2025 13.04
7659,-5.7354,-172.104863,Bangalore,Karnataka,12-08-2022 11.52
7660,39.887032,-42.332509,Hyderabad,Telangana,28-07-2025 18.47
7661,85.4617115,-133.494254,Chennai,Tamil Nadu,26-09-2024 13.26
7662,64.082621,-12.357562,Kolkata,West Bengal,25-12-2024 0.43
7663,-2.1601875,-22.677726,Pune,Maharashtra,23-07-2023 23.32
7664,83.37165,-104.38214,Ahmedabad,Gujarat,02-01-2025 21.41
7665,50.097262,71.430186,Mumbai,Maharashtra,08-05-2024 5.37
7666,69.208552,118.142091,Delhi,Delhi,11-01-2025 14.23
7667,-32.732371,41.257935,Bangalore,Karnataka,22-01-2024 16.23
7668,-54.6993785,139.53372,Hyderabad,Telangana,08-09-2023 17.17
7669,-15.098848,73.519782,Chennai,Tamil Nadu,31-01-2023 20.54
7670,20.976479,-132.706627,Kolkata,West Bengal,01-04-2025 7.45
7671,48.155782,-104.166622,Pune,Maharashtra,10-08-2024 21.16
7672,-35.72649,-13.111193,Ahmedabad,Gujarat,18-11-2024 17.59
7673,-67.8158325,-65.529785,Mumbai,Maharashtra,23-11-2022 5.00
7674,-80.464723,-41.58559,Delhi,Delhi,03-01-2024 12.55
7675,-77.811974,-97.467334,Bangalore,Karnataka,02-02-2024 20.07
7676,60.7212315,176.475754,Hyderabad,Telangana,11-03-2025 3.33
7677,18.255104,-60.933285,Chennai,Tamil Nadu,03-07-2025 20.04
7678,-40.829098,-143.105834,Kolkata,West Bengal,01-08-2024 18.41
7679,-10.3364315,-65.466244,Pune,Maharashtra,15-02-2024 11.54
7680,27.5345705,-42.54302,Ahmedabad,Gujarat,27-10-2024 9.03
7681,-25.050276,1.137616,Mumbai,Maharashtra,28-03-2023 12.15
7682,22.9245845,104.5092,Delhi,Delhi,07-11-2022 6.56
7683,18.885895,-33.429683,Bangalore,Karnataka,30-11-2024 0.18
7684,26.882629,-159.106169,Hyderabad,Telangana,02-06-2024 4.28
7685,30.2066465,-75.977965,Chennai,Tamil Nadu,04-02-2025 5.08
7686,57.090199,-62.409489,Kolkata,West Bengal,30-08-2023 20.02
7687,-9.583256,110.952906,Pune,Maharashtra,25-09-2024 7.36
7688,-37.5928275,113.755613,Ahmedabad,Gujarat,20-11-2023 0.45
7689,-42.5200105,-9.318273,Mumbai,Maharashtra,25-07-2023 7.10
7690,12.710136,158.562595,Delhi,Delhi,11-11-2023 3.20
7691,18.955854,-105.965639,Bangalore,Karnataka,21-11-2024 12.04
7692,-77.267344,-2.377159,Hyderabad,Telangana,06-01-2024 4.23
7693,-75.7533325,59.184621,Chennai,Tamil Nadu,25-06-2024 14.12
7694,-15.723852,-153.091518,Kolkata,West Bengal,07-04-2024 14.00
7695,6.665241,61.047329,Pune,Maharashtra,25-03-2025 6.51
7696,0.077152,9.214365,Ahmedabad,Gujarat,07-12-2022 17.09
7697,7.7701195,33.173128,Mumbai,Maharashtra,10-04-2023 1.11
7698,-34.7049845,123.101774,Delhi,Delhi,16-05-2023 6.29
7699,-87.3872725,138.937089,Bangalore,Karnataka,27-09-2022 4.23
7700,55.1812095,-1.057437,Hyderabad,Telangana,22-12-2023 12.26
7701,-61.23979,-157.180209,Chennai,Tamil Nadu,09-09-2024 18.57
7702,78.830884,-13.852785,Kolkata,West Bengal,17-09-2022 3.37
7703,88.800134,142.170013,Pune,Maharashtra,10-01-2023 8.31
7704,-27.301261,-126.457935,Ahmedabad,Gujarat,12-12-2022 19.11
7705,-63.1250305,68.410018,Mumbai,Maharashtra,01-10-2024 17.36
7706,14.1261765,-129.128946,Delhi,Delhi,24-02-2025 0.09
7707,-84.8737935,-103.590269,Bangalore,Karnataka,28-12-2023 16.53
7708,-10.829812,59.006991,Hyderabad,Telangana,29-06-2025 18.12
7709,14.438865,-151.017877,Chennai,Tamil Nadu,07-07-2025 3.41
7710,-42.4473025,-89.703633,Kolkata,West Bengal,15-04-2025 23.44
7711,-83.613114,38.035572,Pune,Maharashtra,27-03-2025 0.09
7712,9.5758725,-54.475371,Ahmedabad,Gujarat,07-12-2023 21.02
7713,-18.0460775,-135.354982,Mumbai,Maharashtra,30-06-2025 16.58
7714,-42.4529725,-179.651018,Delhi,Delhi,11-12-2022 19.16
7715,89.009245,-107.397248,Bangalore,Karnataka,15-05-2023 10.41
7716,27.504232,-11.558359,Hyderabad,Telangana,31-12-2024 10.10
7717,5.923904,-148.044887,Chennai,Tamil Nadu,21-08-2022 18.32
7718,-47.611714,44.240651,Kolkata,West Bengal,27-07-2025 4.34
7719,-76.370484,-137.619459,Pune,Maharashtra,14-12-2023 16.21
7720,-60.20533,1.065407,Ahmedabad,Gujarat,04-07-2023 17.04
7721,-40.8514065,6.307368,Mumbai,Maharashtra,18-05-2025 8.21
7722,67.8938825,-40.612381,Delhi,Delhi,19-06-2024 2.24
7723,80.111981,151.590377,Bangalore,Karnataka,15-01-2024 4.19
7724,-81.412584,55.182578,Hyderabad,Telangana,18-10-2023 5.20
7725,-78.2355795,84.308364,Chennai,Tamil Nadu,07-01-2023 12.32
7726,28.901402,-77.316551,Kolkata,West Bengal,21-02-2023 22.45
7727,34.472337,139.416963,Pune,Maharashtra,07-12-2024 21.29
7728,-76.707754,9.980134,Ahmedabad,Gujarat,06-02-2025 16.50
7729,8.289648,165.698323,Mumbai,Maharashtra,17-09-2022 22.02
7730,-28.0988875,177.785304,Delhi,Delhi,15-11-2022 12.04
7731,-77.076309,-174.780142,Bangalore,Karnataka,06-04-2024 8.03
7732,-12.732029,153.955559,Hyderabad,Telangana,07-07-2023 5.57
7733,-8.378857,-173.447588,Chennai,Tamil Nadu,17-06-2023 2.27
7734,65.418281,-116.371408,Kolkata,West Bengal,10-08-2022 0.15
7735,-15.5268365,6.943719,Pune,Maharashtra,17-02-2023 3.58
7736,-81.5623425,-64.834229,Ahmedabad,Gujarat,31-05-2024 20.28
7737,-77.7574295,91.915606,Mumbai,Maharashtra,12-03-2025 9.24
7738,-13.707593,-145.420432,Delhi,Delhi,25-11-2022 4.55
7739,55.6963155,-18.996768,Bangalore,Karnataka,05-04-2025 3.19
7740,74.6666095,-129.644058,Hyderabad,Telangana,15-07-2023 5.56
7741,85.5410095,0.823886,Chennai,Tamil Nadu,18-03-2025 7.02
7742,75.517156,-86.443577,Kolkata,West Bengal,29-11-2024 15.51
7743,6.4150825,5.815411,Pune,Maharashtra,18-08-2023 19.28
7744,10.3411245,124.449941,Ahmedabad,Gujarat,16-01-2024 5.48
7745,-50.672078,-155.462526,Mumbai,Maharashtra,17-02-2024 16.12
7746,14.132113,-142.0638,Delhi,Delhi,26-09-2022 0.11
7747,-74.075099,38.805537,Bangalore,Karnataka,30-08-2024 16.55
7748,62.845667,130.101491,Hyderabad,Telangana,25-08-2022 14.43
7749,82.906075,-169.680491,Chennai,Tamil Nadu,14-04-2024 6.41
7750,63.328442,50.034779,Kolkata,West Bengal,02-12-2024 20.27
7751,-74.218729,-140.439195,Pune,Maharashtra,01-12-2024 16.01
7752,13.846238,55.811057,Ahmedabad,Gujarat,16-08-2024 2.45
7753,-19.4637695,-156.329989,Mumbai,Maharashtra,20-07-2025 16.34
7754,-25.136355,77.151494,Delhi,Delhi,21-09-2024 13.09
7755,-18.312734,-112.726646,Bangalore,Karnataka,09-07-2023 16.34
7756,87.761276,-75.930036,Hyderabad,Telangana,07-01-2025 5.40
7757,-12.4285865,-15.31122,Chennai,Tamil Nadu,23-01-2025 23.28
7758,10.6548765,-59.188849,Kolkata,West Bengal,06-09-2022 4.57
7759,-89.2539945,30.791896,Pune,Maharashtra,05-09-2024 17.43
7760,33.071286,22.387958,Ahmedabad,Gujarat,06-04-2023 12.10
7761,-0.2957755,-3.85709,Mumbai,Maharashtra,17-08-2022 20.22
7762,-31.4901415,-93.735521,Delhi,Delhi,14-04-2025 11.50
7763,3.3991235,-174.065325,Bangalore,Karnataka,26-11-2022 13.21
7764,42.400493,-65.906039,Hyderabad,Telangana,16-03-2024 20.24
7765,-5.951892,-43.042152,Chennai,Tamil Nadu,23-02-2023 7.17
7766,15.0020175,-81.406399,Kolkata,West Bengal,23-10-2023 10.13
7767,-61.6081555,66.626958,Pune,Maharashtra,16-11-2024 21.58
7768,-21.6103855,-81.339097,Ahmedabad,Gujarat,25-01-2025 14.59
7769,-73.5856265,157.013383,Mumbai,Maharashtra,22-05-2023 11.32
7770,87.5677615,127.456399,Delhi,Delhi,31-07-2025 13.43
7771,-49.8818825,-62.513784,Bangalore,Karnataka,15-07-2023 3.44
7772,-7.398311,-2.279634,Hyderabad,Telangana,31-12-2022 7.23
7773,-71.2782345,-171.821661,Chennai,Tamil Nadu,23-09-2022 23.22
7774,63.3619225,-158.614383,Kolkata,West Bengal,30-04-2025 10.39
7775,23.213952,-155.091954,Pune,Maharashtra,09-02-2024 15.12
7776,-24.425165,-176.983538,Ahmedabad,Gujarat,21-04-2025 5.02
7777,55.2273025,118.385263,Mumbai,Maharashtra,09-05-2024 11.27
7778,47.0193205,-44.023019,Delhi,Delhi,17-08-2023 19.02
7779,-86.256804,-98.68188,Bangalore,Karnataka,02-02-2023 13.12
7780,-66.2739975,26.172436,Hyderabad,Telangana,06-04-2024 4.46
7781,29.2046195,-61.91844,Chennai,Tamil Nadu,04-03-2023 17.43
7782,75.427724,-176.512902,Kolkata,West Bengal,16-10-2023 18.40
7783,-0.205191,65.102265,Pune,Maharashtra,06-01-2024 7.46
7784,61.014488,118.759831,Ahmedabad,Gujarat,25-11-2024 21.53
7785,31.1040145,-6.441651,Mumbai,Maharashtra,30-12-2024 23.06
7786,-40.05274,-132.902012,Delhi,Delhi,27-04-2023 23.17
7787,69.2947225,138.684796,Bangalore,Karnataka,24-05-2024 5.23
7788,-6.3327295,-90.081052,Hyderabad,Telangana,10-04-2024 7.54
7789,-77.537559,-56.012258,Chennai,Tamil Nadu,13-08-2023 14.08
7790,22.4960035,-83.802968,Kolkata,West Bengal,18-08-2022 12.05
7791,-52.0256975,65.657702,Pune,Maharashtra,02-03-2024 4.29
7792,4.951827,99.527615,Ahmedabad,Gujarat,22-05-2023 2.54
7793,-69.132449,-42.649893,Mumbai,Maharashtra,22-07-2024 22.45
7794,34.38421,-166.758558,Delhi,Delhi,19-07-2025 20.06
7795,69.9439755,-112.310058,Bangalore,Karnataka,07-08-2022 1.09
7796,29.431677,-118.509792,Hyderabad,Telangana,24-12-2022 10.47
7797,2.4095085,-92.971805,Chennai,Tamil Nadu,21-07-2023 21.05
7798,57.835665,-176.714777,Kolkata,West Bengal,13-05-2023 9.54
7799,-39.2535855,51.632462,Pune,Maharashtra,28-07-2025 9.57
7800,-44.836139,-126.863385,Ahmedabad,Gujarat,06-05-2025 11.27
7801,73.2072585,174.47076,Mumbai,Maharashtra,27-04-2023 20.29
7802,-71.8738515,9.285458,Delhi,Delhi,28-10-2024 0.31
7803,-56.581681,100.382964,Bangalore,Karnataka,11-01-2025 5.40
7804,41.220109,-177.704383,Hyderabad,Telangana,06-07-2025 14.55
7805,8.258671,123.623799,Chennai,Tamil Nadu,30-12-2022 2.05
7806,26.429812,-122.868343,Kolkata,West Bengal,26-01-2023 10.19
7807,45.0587075,54.360512,Pune,Maharashtra,29-06-2023 19.09
7808,53.755386,19.409095,Ahmedabad,Gujarat,03-01-2024 13.52
7809,57.703409,115.601723,Mumbai,Maharashtra,10-12-2022 0.46
7810,67.9853405,-11.987672,Delhi,Delhi,05-01-2025 5.10
7811,34.4869425,72.568333,Bangalore,Karnataka,22-04-2023 12.20
7812,-64.7143525,24.93423,Hyderabad,Telangana,16-12-2024 1.55
7813,48.7177885,-156.132296,Chennai,Tamil Nadu,22-10-2022 13.12
7814,1.1793035,-53.119591,Kolkata,West Bengal,18-08-2024 1.21
7815,53.607062,144.20232,Pune,Maharashtra,06-07-2023 19.20
7816,-71.9695285,113.93086,Ahmedabad,Gujarat,10-03-2024 13.34
7817,73.3849805,-97.014141,Mumbai,Maharashtra,03-10-2024 7.15
7818,66.1984205,77.478923,Delhi,Delhi,30-04-2023 2.58
7819,46.6509675,-31.764049,Bangalore,Karnataka,02-01-2024 14.52
7820,-6.518792,-151.32012,Hyderabad,Telangana,22-05-2025 12.16
7821,-64.237047,95.90528,Chennai,Tamil Nadu,07-03-2023 21.04
7822,-44.870267,75.965052,Kolkata,West Bengal,14-04-2023 19.11
7823,-89.672735,-151.022745,Pune,Maharashtra,08-05-2023 6.51
7824,57.9615805,-65.24307,Ahmedabad,Gujarat,17-03-2025 18.40
7825,-10.9335325,108.114235,Mumbai,Maharashtra,19-02-2023 8.20
7826,77.845188,-57.250659,Delhi,Delhi,03-03-2023 11.29
7827,87.8345585,-96.523518,Bangalore,Karnataka,05-11-2022 5.52
7828,-22.3644595,-132.390002,Hyderabad,Telangana,10-10-2023 7.22
7829,-15.1750635,81.603607,Chennai,Tamil Nadu,12-10-2023 9.13
7830,85.780579,-66.493404,Kolkata,West Bengal,25-02-2023 21.36
7831,50.9019395,-121.101909,Pune,Maharashtra,15-11-2022 22.21
7832,23.134854,13.220671,Ahmedabad,Gujarat,18-01-2025 2.35
7833,71.717187,-74.621322,Mumbai,Maharashtra,29-07-2025 11.10
7834,-87.2598425,-112.068119,Delhi,Delhi,05-04-2025 19.47
7835,-86.4980535,-111.505646,Bangalore,Karnataka,30-09-2022 10.44
7836,80.1998555,-68.407279,Hyderabad,Telangana,23-10-2022 2.46
7837,-15.6438575,-99.862514,Chennai,Tamil Nadu,11-07-2023 13.48
7838,-54.7811215,-109.892978,Kolkata,West Bengal,17-06-2024 3.52
7839,43.6881105,12.830747,Pune,Maharashtra,18-02-2023 22.18
7840,-62.287954,-49.164957,Ahmedabad,Gujarat,06-03-2024 16.06
7841,-37.933373,-157.758066,Mumbai,Maharashtra,24-02-2023 6.57
7842,45.1137985,-129.78268,Delhi,Delhi,15-05-2024 13.45
7843,0.0507395,-154.748368,Bangalore,Karnataka,28-04-2024 20.12
7844,-21.9608315,32.532637,Hyderabad,Telangana,07-06-2023 10.29
7845,-89.2253395,-149.161531,Chennai,Tamil Nadu,22-01-2024 9.41
7846,69.684411,-56.0853,Kolkata,West Bengal,18-06-2024 19.32
7847,32.653006,66.745263,Pune,Maharashtra,09-02-2024 3.37
7848,16.80608,133.83444,Ahmedabad,Gujarat,01-01-2023 9.40
7849,74.0423145,108.444138,Mumbai,Maharashtra,19-07-2023 16.42
7850,-54.561375,-141.861947,Delhi,Delhi,02-07-2025 13.40
7851,-83.848062,169.911674,Bangalore,Karnataka,13-04-2023 20.17
7852,70.582104,-131.864775,Hyderabad,Telangana,12-05-2024 3.03
7853,-70.1283845,72.155628,Chennai,Tamil Nadu,12-11-2023 2.33
7854,11.5008435,146.481112,Kolkata,West Bengal,07-10-2022 20.14
7855,-47.286187,132.480505,Pune,Maharashtra,07-11-2024 1.06
7856,-31.4354995,-115.934317,Ahmedabad,Gujarat,19-09-2022 15.50
7857,-19.2214495,-46.887432,Mumbai,Maharashtra,23-11-2024 2.06
7858,-15.9371265,-144.093627,Delhi,Delhi,25-03-2025 14.50
7859,13.911197,30.390078,Bangalore,Karnataka,14-04-2023 7.35
7860,-49.510334,124.668385,Hyderabad,Telangana,09-12-2022 10.06
7861,-35.501146,-116.372507,Chennai,Tamil Nadu,18-05-2024 11.30
7862,40.6872335,-172.488046,Kolkata,West Bengal,21-09-2024 18.08
7863,-75.000609,16.973907,Pune,Maharashtra,26-04-2024 19.54
7864,59.5668795,17.876872,Ahmedabad,Gujarat,15-05-2024 4.38
7865,15.563914,67.231508,Mumbai,Maharashtra,07-10-2022 9.09
7866,12.854995,-54.443138,Delhi,Delhi,28-07-2025 10.01
7867,15.763896,-97.873962,Bangalore,Karnataka,14-12-2022 0.11
7868,63.0962405,94.955744,Hyderabad,Telangana,07-04-2024 23.03
7869,7.1872705,14.170375,Chennai,Tamil Nadu,07-11-2022 5.47
7870,-8.611257,132.036635,Kolkata,West Bengal,25-10-2023 2.08
7871,-21.6199015,-18.668629,Pune,Maharashtra,20-05-2025 10.42
7872,-80.2886115,56.746794,Ahmedabad,Gujarat,05-06-2024 15.11
7873,15.0968415,-74.586915,Mumbai,Maharashtra,04-07-2025 5.36
7874,-7.813233,144.623915,Delhi,Delhi,25-05-2023 6.26
7875,-29.6772565,124.702633,Bangalore,Karnataka,13-05-2024 20.53
7876,2.2854005,-175.417196,Hyderabad,Telangana,17-11-2023 22.50
7877,83.737662,144.54835,Chennai,Tamil Nadu,12-03-2024 21.10
7878,-45.097505,63.532883,Kolkata,West Bengal,27-05-2023 3.29
7879,-55.2441125,-89.299253,Pune,Maharashtra,25-03-2024 22.46
7880,-53.844527,52.916008,Ahmedabad,Gujarat,03-02-2023 19.53
7881,-66.254294,-21.345138,Mumbai,Maharashtra,21-03-2023 11.30
7882,-21.3539605,-63.798511,Delhi,Delhi,04-05-2024 17.02
7883,88.634293,-106.209545,Bangalore,Karnataka,20-01-2024 23.42
7884,85.70336,117.858806,Hyderabad,Telangana,20-07-2025 15.37
7885,-3.9499515,-36.894348,Chennai,Tamil Nadu,16-06-2025 14.22
7886,-49.384217,-125.554924,Kolkata,West Bengal,25-06-2025 9.50
7887,48.160263,95.542614,Pune,Maharashtra,19-04-2025 16.42
7888,-79.452959,106.582196,Ahmedabad,Gujarat,09-09-2024 4.20
7889,69.48248,151.624763,Mumbai,Maharashtra,04-01-2023 17.09
7890,77.1748025,38.809205,Delhi,Delhi,22-03-2023 12.09
7891,81.6564315,-51.096179,Bangalore,Karnataka,01-12-2023 16.12
7892,-67.2808605,173.269113,Hyderabad,Telangana,23-02-2025 15.08
7893,63.248091,24.153894,Chennai,Tamil Nadu,18-09-2023 22.34
7894,-30.782295,-72.081861,Kolkata,West Bengal,21-12-2024 19.35
7895,0.955455,-51.461328,Pune,Maharashtra,01-03-2023 11.18
7896,-14.3727475,67.461551,Ahmedabad,Gujarat,22-05-2023 7.24
7897,8.1489405,177.937444,Mumbai,Maharashtra,02-11-2022 19.51
7898,7.8904935,105.416014,Delhi,Delhi,06-08-2023 17.23
7899,-29.625417,-48.18607,Bangalore,Karnataka,14-09-2023 9.25
7900,-35.6936605,-161.352068,Hyderabad,Telangana,11-07-2025 11.34
7901,-25.337755,-138.36656,Chennai,Tamil Nadu,05-12-2022 13.51
7902,8.205593,178.877324,Kolkata,West Bengal,04-11-2024 2.52
7903,44.085724,37.791239,Pune,Maharashtra,17-09-2022 19.46
7904,10.357828,-36.614566,Ahmedabad,Gujarat,01-03-2024 19.12
7905,35.333717,29.596714,Mumbai,Maharashtra,11-07-2025 22.56
7906,61.3212235,-35.816343,Delhi,Delhi,19-09-2024 2.28
7907,-1.194795,63.487821,Bangalore,Karnataka,19-04-2024 20.39
7908,67.525042,-35.983753,Hyderabad,Telangana,18-04-2025 21.54
7909,0.061049,-72.964943,Chennai,Tamil Nadu,16-02-2024 8.23
7910,-25.594505,54.390398,Kolkata,West Bengal,03-03-2024 5.39
7911,61.482871,73.504072,Pune,Maharashtra,30-09-2023 2.26
7912,15.5025065,27.586089,Ahmedabad,Gujarat,14-02-2025 2.18
7913,44.9665965,25.249917,Mumbai,Maharashtra,12-11-2022 2.45
7914,25.670991,-67.997059,Delhi,Delhi,14-10-2023 20.43
7915,-56.0501195,-137.54497,Bangalore,Karnataka,07-05-2023 10.23
7916,2.1424975,-26.696129,Hyderabad,Telangana,02-03-2024 0.34
7917,-84.060595,107.487084,Chennai,Tamil Nadu,24-07-2025 5.56
7918,-87.8741695,127.458737,Kolkata,West Bengal,03-01-2024 3.36
7919,75.980454,-15.529866,Pune,Maharashtra,02-10-2024 13.33
7920,-66.5016005,3.443686,Ahmedabad,Gujarat,20-05-2023 7.09
7921,17.132846,139.945293,Mumbai,Maharashtra,14-03-2023 20.35
7922,-3.269443,19.294912,Delhi,Delhi,15-01-2025 16.31
7923,12.350909,33.177958,Bangalore,Karnataka,17-11-2023 14.52
7924,29.9059,-82.437748,Hyderabad,Telangana,27-01-2023 15.17
7925,-25.7018885,-172.727419,Chennai,Tamil Nadu,09-07-2024 8.47
7926,-15.8624525,-106.604986,Kolkata,West Bengal,12-08-2023 13.05
7927,8.768872,135.949239,Pune,Maharashtra,05-02-2023 16.20
7928,-18.6780165,-82.508185,Ahmedabad,Gujarat,25-03-2024 2.51
7929,-57.105971,-26.50043,Mumbai,Maharashtra,26-10-2022 2.46
7930,89.2337765,-37.851664,Delhi,Delhi,12-05-2025 2.48
7931,56.1528325,133.275566,Bangalore,Karnataka,04-06-2023 21.47
7932,-23.478373,-95.48945,Hyderabad,Telangana,11-05-2024 17.34
7933,-58.7691635,-18.403239,Chennai,Tamil Nadu,10-12-2023 8.58
7934,-7.0678675,-65.382909,Kolkata,West Bengal,31-10-2022 1.59
7935,31.5489645,124.175622,Pune,Maharashtra,07-05-2024 8.55
7936,-30.941324,173.14589,Ahmedabad,Gujarat,16-07-2024 15.54
7937,-29.3321165,-124.031304,Mumbai,Maharashtra,27-06-2025 17.27
7938,-85.148841,-163.90049,Delhi,Delhi,12-11-2024 3.06
7939,83.306382,-114.511456,Bangalore,Karnataka,13-09-2024 8.37
7940,52.4936595,11.269851,Hyderabad,Telangana,21-04-2023 18.55
7941,-51.858343,-115.442746,Chennai,Tamil Nadu,06-12-2022 16.31
7942,8.880974,114.732894,Kolkata,West Bengal,29-06-2024 3.58
7943,-65.202447,119.027107,Pune,Maharashtra,15-10-2023 15.08
7944,-4.547426,-96.023502,Ahmedabad,Gujarat,26-06-2023 4.37
7945,7.374452,173.229656,Mumbai,Maharashtra,13-10-2023 7.33
7946,-42.696789,52.435883,Delhi,Delhi,28-09-2024 14.07
7947,33.6560445,-40.541559,Bangalore,Karnataka,24-09-2023 4.56
7948,84.613733,87.391415,Hyderabad,Telangana,19-10-2022 20.32
7949,-59.8201725,86.943003,Chennai,Tamil Nadu,02-06-2023 16.55
7950,82.554555,-92.167575,Kolkata,West Bengal,08-05-2025 3.20
7951,-83.204537,104.024449,Pune,Maharashtra,04-05-2024 16.32
7952,1.6538315,-100.764348,Ahmedabad,Gujarat,17-07-2023 2.03
7953,29.3758165,68.463369,Mumbai,Maharashtra,09-07-2024 0.03
7954,-54.551251,129.93811,Delhi,Delhi,03-06-2024 6.52
7955,17.456055,-6.100103,Bangalore,Karnataka,28-04-2024 4.31
7956,-39.453529,-75.32134,Hyderabad,Telangana,01-08-2024 9.41
7957,-89.0858975,-120.152249,Chennai,Tamil Nadu,12-10-2023 5.20
7958,-73.3716575,166.660497,Kolkata,West Bengal,16-10-2022 19.09
7959,78.926372,11.721926,Pune,Maharashtra,30-03-2023 5.53
7960,27.9313155,108.304994,Ahmedabad,Gujarat,11-11-2022 0.39
7961,-83.4000825,17.293427,Mumbai,Maharashtra,23-12-2023 23.09
7962,84.235323,98.713311,Delhi,Delhi,23-05-2025 22.54
7963,-77.7512135,-160.47586,Bangalore,Karnataka,13-09-2022 16.08
7964,-49.202357,79.762268,Hyderabad,Telangana,30-06-2025 10.39
7965,-42.1697945,-111.267871,Chennai,Tamil Nadu,15-11-2022 10.11
7966,-7.0027705,-79.976344,Kolkata,West Bengal,15-12-2023 2.50
7967,34.3164055,175.713523,Pune,Maharashtra,04-06-2023 1.26
7968,-57.810537,48.397034,Ahmedabad,Gujarat,15-09-2022 11.06
7969,72.1928145,-18.335328,Mumbai,Maharashtra,23-07-2023 12.34
7970,63.991829,-113.740522,Delhi,Delhi,09-07-2023 9.35
7971,16.836241,104.051203,Bangalore,Karnataka,06-04-2025 4.52
7972,-66.687832,85.416701,Hyderabad,Telangana,17-04-2023 20.27
7973,-80.5826585,-73.452874,Chennai,Tamil Nadu,10-02-2023 6.41
7974,-36.818747,22.98201,Kolkata,West Bengal,29-03-2025 6.17
7975,2.84195,8.476278,Pune,Maharashtra,01-04-2023 20.18
7976,49.0757305,29.790589,Ahmedabad,Gujarat,05-05-2023 18.23
7977,-82.808887,142.623472,Mumbai,Maharashtra,03-05-2025 2.56
7978,-39.94027,129.030134,Delhi,Delhi,11-04-2025 19.53
7979,40.094473,-47.859292,Bangalore,Karnataka,21-01-2024 16.21
7980,-55.688442,20.5368,Hyderabad,Telangana,18-03-2025 6.55
7981,4.5560905,173.944969,Chennai,Tamil Nadu,01-07-2025 4.04
7982,-32.7672395,-54.033287,Kolkata,West Bengal,23-03-2023 19.27
7983,-44.6408605,-99.052599,Pune,Maharashtra,25-04-2025 10.49
7984,28.8347505,-58.216506,Ahmedabad,Gujarat,26-07-2025 16.26
7985,75.3424425,-77.938635,Mumbai,Maharashtra,24-10-2024 13.44
7986,71.9712015,146.376563,Delhi,Delhi,03-05-2023 2.51
7987,-89.6177015,-25.741196,Bangalore,Karnataka,21-02-2024 3.53
7988,37.1528865,-60.782704,Hyderabad,Telangana,06-02-2024 7.46
7989,-29.4673095,-110.634852,Chennai,Tamil Nadu,23-07-2023 9.53
7990,23.609091,49.148039,Kolkata,West Bengal,18-12-2022 15.51
7991,46.1708395,7.90915,Pune,Maharashtra,28-09-2022 8.08
7992,36.0418365,33.1893,Ahmedabad,Gujarat,25-12-2022 16.45
7993,-76.8587605,115.93778,Mumbai,Maharashtra,18-07-2024 13.17
7994,-77.7696305,94.582977,Delhi,Delhi,23-05-2023 12.25
7995,14.445541,145.952741,Bangalore,Karnataka,16-09-2024 16.51
7996,-57.5748315,91.477573,Hyderabad,Telangana,08-04-2023 9.38
7997,-36.338868,24.619212,Chennai,Tamil Nadu,04-10-2022 6.24
7998,-63.5133955,-172.398195,Kolkata,West Bengal,06-09-2024 16.40
7999,-56.531121,-96.263749,Pune,Maharashtra,12-04-2024 4.04
8000,-63.2164005,10.170823,Ahmedabad,Gujarat,03-05-2025 0.22
8001,58.611779,-60.674334,Mumbai,Maharashtra,19-12-2024 14.16
8002,60.3830895,159.366847,Delhi,Delhi,16-05-2023 10.41
8003,-65.937295,84.674744,Bangalore,Karnataka,05-06-2025 6.45
8004,79.185972,53.400227,Hyderabad,Telangana,16-09-2023 13.28
8005,53.380064,-41.342,Chennai,Tamil Nadu,21-04-2024 15.55
8006,38.4400235,-72.462547,Kolkata,West Bengal,22-12-2023 3.28
8007,28.813886,-38.987848,Pune,Maharashtra,24-02-2023 21.11
8008,-51.0369665,-67.353646,Ahmedabad,Gujarat,07-07-2023 23.04
8009,-48.9921175,-103.960614,Mumbai,Maharashtra,13-04-2023 1.09
8010,46.461385,-170.933686,Delhi,Delhi,17-04-2025 9.05
8011,-61.5107915,146.110531,Bangalore,Karnataka,02-11-2023 0.10
8012,-21.8828105,-97.338701,Hyderabad,Telangana,25-01-2024 0.01
8013,60.3810575,179.893003,Chennai,Tamil Nadu,31-12-2024 17.00
8014,-48.584974,177.02133,Kolkata,West Bengal,04-07-2025 23.08
8015,79.4727725,-81.144656,Pune,Maharashtra,09-05-2023 20.21
8016,4.956079,37.447418,Ahmedabad,Gujarat,02-11-2022 3.19
8017,11.207399,-81.730895,Mumbai,Maharashtra,22-03-2025 6.26
8018,0.60605,-66.686127,Delhi,Delhi,04-03-2024 14.09
8019,86.117742,-153.527467,Bangalore,Karnataka,01-04-2024 14.00
8020,-24.9733455,161.144802,Hyderabad,Telangana,18-08-2024 2.46
8021,-24.329388,-144.207304,Chennai,Tamil Nadu,07-05-2025 14.16
8022,-59.199617,105.385891,Kolkata,West Bengal,30-10-2022 10.31
8023,-17.104735,33.040978,Pune,Maharashtra,02-07-2025 9.28
8024,42.010196,-31.941896,Ahmedabad,Gujarat,14-01-2023 17.50
8025,-26.564739,-176.610781,Mumbai,Maharashtra,28-08-2024 15.29
8026,89.58396,-10.748593,Delhi,Delhi,27-07-2023 6.17
8027,60.0260275,-16.313171,Bangalore,Karnataka,10-02-2023 21.39
8028,85.3423505,121.552132,Hyderabad,Telangana,21-12-2023 14.18
8029,-50.1380995,-172.724297,Chennai,Tamil Nadu,26-05-2025 14.30
8030,-70.7432195,-62.021792,Kolkata,West Bengal,25-03-2024 23.45
8031,-43.1540455,35.442343,Pune,Maharashtra,28-05-2025 7.47
8032,-74.61008,93.115885,Ahmedabad,Gujarat,24-10-2023 21.48
8033,88.2331425,34.37066,Mumbai,Maharashtra,27-07-2023 10.53
8034,63.2526385,74.222649,Delhi,Delhi,21-05-2025 17.25
8035,8.0796085,27.294621,Bangalore,Karnataka,11-11-2022 14.39
8036,-5.756641,-31.367905,Hyderabad,Telangana,14-08-2024 0.10
8037,-77.911566,14.096083,Chennai,Tamil Nadu,12-12-2023 23.49
8038,-22.5080625,125.306126,Kolkata,West Bengal,26-11-2022 7.30
8039,-43.217098,156.193515,Pune,Maharashtra,26-05-2025 3.12
8040,-71.93623,17.722814,Ahmedabad,Gujarat,17-12-2022 16.22
8041,24.922335,-36.296767,Mumbai,Maharashtra,25-11-2022 5.23
8042,-69.198087,123.9905,Delhi,Delhi,16-06-2025 4.06
8043,1.8642275,-2.860346,Bangalore,Karnataka,31-05-2024 15.08
8044,-17.08778,-170.923132,Hyderabad,Telangana,06-01-2025 3.33
8045,89.992757,-130.970812,Chennai,Tamil Nadu,16-01-2025 11.44
8046,10.9250895,138.055786,Kolkata,West Bengal,29-06-2023 22.17
8047,68.627802,-7.642666,Pune,Maharashtra,05-07-2024 17.30
8048,56.866876,86.637559,Ahmedabad,Gujarat,12-02-2024 2.14
8049,-40.3762785,-147.681378,Mumbai,Maharashtra,15-08-2024 14.04
8050,-89.8582835,-106.401516,Delhi,Delhi,02-09-2022 13.18
8051,-21.919147,-89.415236,Bangalore,Karnataka,10-06-2024 11.11
8052,-47.5078185,177.912256,Hyderabad,Telangana,28-08-2022 12.05
8053,-70.908697,154.336015,Chennai,Tamil Nadu,14-05-2025 5.39
8054,43.1789935,-128.409935,Kolkata,West Bengal,04-03-2023 13.01
8055,87.605592,-131.786098,Pune,Maharashtra,25-03-2023 20.23
8056,-7.461198,-140.65187,Ahmedabad,Gujarat,14-06-2023 19.21
8057,63.430626,-49.190914,Mumbai,Maharashtra,03-06-2024 7.40
8058,76.51164,36.645488,Delhi,Delhi,24-07-2024 5.05
8059,52.802374,124.153206,Bangalore,Karnataka,06-05-2025 20.05
8060,31.8437175,37.960702,Hyderabad,Telangana,30-09-2022 18.56
8061,62.0404165,100.901512,Chennai,Tamil Nadu,11-08-2024 13.22
8062,-32.1200965,-140.167746,Kolkata,West Bengal,18-04-2023 14.54
8063,24.450798,83.361753,Pune,Maharashtra,26-08-2024 0.20
8064,-27.9043815,-137.102445,Ahmedabad,Gujarat,25-02-2025 10.16
8065,-40.238969,-109.212708,Mumbai,Maharashtra,15-06-2024 12.26
8066,85.0291285,29.05938,Delhi,Delhi,18-06-2025 20.12
8067,-82.3983445,67.16584,Bangalore,Karnataka,14-01-2024 3.31
8068,64.8270275,104.765932,Hyderabad,Telangana,13-11-2024 1.44
8069,76.869531,75.096533,Chennai,Tamil Nadu,09-05-2025 3.20
8070,56.215886,45.677231,Kolkata,West Bengal,03-02-2024 19.18
8071,-26.3186745,162.202837,Pune,Maharashtra,24-06-2023 11.14
8072,79.3734305,126.910744,Ahmedabad,Gujarat,25-07-2025 2.08
8073,-7.115886,-71.006991,Mumbai,Maharashtra,31-01-2023 10.30
8074,71.7640125,-130.771348,Delhi,Delhi,09-04-2025 23.03
8075,12.6044175,-3.46843,Bangalore,Karnataka,27-11-2023 23.54
8076,-39.4331745,-163.422928,Hyderabad,Telangana,09-10-2024 11.25
8077,65.214322,161.951442,Chennai,Tamil Nadu,07-01-2024 13.09
8078,-41.2282285,-54.815197,Kolkata,West Bengal,15-02-2023 1.00
8079,-51.1488745,-155.475365,Pune,Maharashtra,08-04-2023 15.02
8080,-57.5055165,134.656558,Ahmedabad,Gujarat,20-11-2022 22.11
8081,4.48199,-167.373347,Mumbai,Maharashtra,29-01-2024 15.50
8082,40.537465,23.01018,Delhi,Delhi,02-10-2023 7.51
8083,-14.089598,122.279989,Bangalore,Karnataka,25-04-2025 16.18
8084,32.4320175,-27.479051,Hyderabad,Telangana,19-08-2024 21.38
8085,-88.1511075,-153.187772,Chennai,Tamil Nadu,07-08-2022 4.38
8086,-52.343752,45.950119,Kolkata,West Bengal,24-12-2024 5.37
8087,34.62578,32.409337,Pune,Maharashtra,23-11-2023 23.06
8088,-7.003294,112.463393,Ahmedabad,Gujarat,03-06-2025 23.27
8089,26.838796,86.509059,Mumbai,Maharashtra,19-04-2024 3.23
8090,-10.0749865,127.302686,Delhi,Delhi,01-07-2024 0.25
8091,69.205272,61.666493,Bangalore,Karnataka,29-11-2023 3.36
8092,-66.102028,45.372817,Hyderabad,Telangana,14-06-2023 1.29
8093,13.52399,6.594174,Chennai,Tamil Nadu,29-05-2024 2.11
8094,-80.933668,-42.060919,Kolkata,West Bengal,31-12-2023 22.52
8095,-81.1345835,-167.623199,Pune,Maharashtra,28-04-2024 3.21
8096,-24.430903,9.517219,Ahmedabad,Gujarat,07-12-2023 6.24
8097,-30.7856095,72.468793,Mumbai,Maharashtra,10-06-2023 18.12
8098,-79.897417,136.14358,Delhi,Delhi,27-03-2024 3.52
8099,-16.878288,123.356927,Bangalore,Karnataka,29-05-2024 1.58
8100,75.4793735,-79.88889,Hyderabad,Telangana,26-07-2024 18.27
8101,28.481888,-137.545224,Chennai,Tamil Nadu,23-01-2023 1.59
8102,80.453759,123.564341,Kolkata,West Bengal,11-05-2025 4.45
8103,6.1249675,-106.259072,Pune,Maharashtra,05-01-2025 17.39
8104,12.0475985,-60.417288,Ahmedabad,Gujarat,17-12-2023 3.35
8105,-34.732186,-153.400536,Mumbai,Maharashtra,19-07-2025 13.20
8106,9.57928,138.667491,Delhi,Delhi,29-07-2024 4.11
8107,-87.8640505,-83.767897,Bangalore,Karnataka,28-02-2024 0.32
8108,3.889213,-120.878722,Hyderabad,Telangana,13-04-2023 5.51
8109,52.006705,-93.508875,Chennai,Tamil Nadu,24-07-2024 1.56
8110,21.004897,-69.205914,Kolkata,West Bengal,28-05-2024 23.48
8111,-9.5473,-53.958424,Pune,Maharashtra,05-12-2022 1.50
8112,-5.7076245,149.682506,Ahmedabad,Gujarat,29-10-2023 19.31
8113,50.799836,153.27063,Mumbai,Maharashtra,21-12-2024 15.19
8114,62.9858695,0.066069,Delhi,Delhi,12-03-2025 14.58
8115,15.6215475,7.196654,Bangalore,Karnataka,16-10-2023 22.31
8116,21.1181875,172.97067,Hyderabad,Telangana,10-06-2024 12.13
8117,-23.424335,-19.724115,Chennai,Tamil Nadu,31-12-2023 14.44
8118,-19.743671,-23.147857,Kolkata,West Bengal,15-07-2023 6.53
8119,-7.485209,-41.810574,Pune,Maharashtra,26-11-2022 17.39
8120,-8.0325575,148.557866,Ahmedabad,Gujarat,09-02-2023 19.06
8121,16.172109,125.686498,Mumbai,Maharashtra,27-02-2025 19.38
8122,68.132177,-48.687729,Delhi,Delhi,06-03-2025 0.02
8123,-24.915661,-41.230307,Bangalore,Karnataka,07-10-2023 18.22
8124,65.2414095,62.069941,Hyderabad,Telangana,22-10-2023 5.08
8125,-29.2221985,128.657776,Chennai,Tamil Nadu,28-09-2023 5.07
8126,20.0364865,-38.376481,Kolkata,West Bengal,01-09-2022 0.37
8127,51.1499495,172.929629,Pune,Maharashtra,27-07-2025 3.32
8128,60.688186,-88.013958,Ahmedabad,Gujarat,20-03-2023 7.24
8129,-29.7285155,-154.367511,Mumbai,Maharashtra,12-02-2025 0.51
8130,-1.9027025,88.706178,Delhi,Delhi,18-05-2024 23.46
8131,-55.558738,145.042452,Bangalore,Karnataka,15-08-2024 9.08
8132,-31.339799,129.03336,Hyderabad,Telangana,09-06-2025 14.40
8133,53.1240415,164.96385,Chennai,Tamil Nadu,24-10-2024 20.10
8134,66.4004,-35.254918,Kolkata,West Bengal,07-01-2023 7.32
8135,-23.111999,-95.33904,Pune,Maharashtra,13-01-2023 7.09
8136,-87.8589335,126.557023,Ahmedabad,Gujarat,27-06-2024 11.18
8137,-55.3479995,-147.141385,Mumbai,Maharashtra,14-07-2025 4.44
8138,-43.4701795,-118.18279,Delhi,Delhi,18-08-2024 0.52
8139,-78.362859,77.123685,Bangalore,Karnataka,26-12-2023 1.06
8140,-9.104671,98.406286,Hyderabad,Telangana,27-01-2024 13.13
8141,-38.268088,-25.882933,Chennai,Tamil Nadu,10-04-2025 11.26
8142,20.8097675,18.934311,Kolkata,West Bengal,10-01-2024 8.31
8143,36.8673285,134.394353,Pune,Maharashtra,26-02-2023 6.16
8144,-56.268147,-159.978817,Ahmedabad,Gujarat,20-08-2023 1.24
8145,-87.272523,-156.962473,Mumbai,Maharashtra,17-11-2023 3.05
8146,-15.33799,124.236689,Delhi,Delhi,07-06-2024 17.35
8147,-8.291826,24.817029,Bangalore,Karnataka,12-11-2022 21.38
8148,-50.169092,147.995065,Hyderabad,Telangana,18-07-2023 10.55
8149,62.0884255,-150.682727,Chennai,Tamil Nadu,16-09-2022 21.16
8150,-52.033794,11.003369,Kolkata,West Bengal,17-01-2023 23.55
8151,-53.3960285,-118.367895,Pune,Maharashtra,18-06-2023 7.25
8152,33.8751615,-1.051017,Ahmedabad,Gujarat,07-04-2024 14.20
8153,5.6271885,103.878553,Mumbai,Maharashtra,14-02-2025 11.56
8154,15.1210225,-77.825636,Delhi,Delhi,01-01-2024 4.09
8155,66.3234625,1.130487,Bangalore,Karnataka,06-04-2025 21.57
8156,36.527941,-178.756162,Hyderabad,Telangana,15-12-2024 2.12
8157,25.4927745,-137.650928,Chennai,Tamil Nadu,12-01-2025 11.59
8158,73.6071,-62.746924,Kolkata,West Bengal,20-11-2022 4.42
8159,-19.9137955,13.53993,Pune,Maharashtra,10-12-2024 16.49
8160,-9.9137205,-78.449488,Ahmedabad,Gujarat,12-09-2023 6.26
8161,-2.152866,32.895502,Mumbai,Maharashtra,29-03-2024 21.42
8162,-30.5986515,-134.558136,Delhi,Delhi,25-11-2022 22.27
8163,-30.1866,111.005377,Bangalore,Karnataka,07-12-2024 20.57
8164,9.5859615,-154.199099,Hyderabad,Telangana,19-06-2023 8.09
8165,-10.375761,-81.448121,Chennai,Tamil Nadu,28-05-2023 6.22
8166,19.3594465,-95.40454,Kolkata,West Bengal,12-06-2025 7.34
8167,-53.564755,-162.022625,Pune,Maharashtra,26-08-2023 15.00
8168,-37.6811775,-13.555324,Ahmedabad,Gujarat,16-07-2024 1.48
8169,-11.414153,-81.692711,Mumbai,Maharashtra,21-09-2023 4.45
8170,19.139808,-68.377948,Delhi,Delhi,20-05-2025 10.34
8171,-61.067642,-169.951618,Bangalore,Karnataka,16-11-2023 7.57
8172,-27.725472,176.098794,Hyderabad,Telangana,05-07-2024 13.53
8173,65.543735,43.169302,Chennai,Tamil Nadu,26-09-2024 22.56
8174,86.639317,32.732445,Kolkata,West Bengal,21-11-2024 15.03
8175,-82.4783295,-162.460676,Pune,Maharashtra,10-12-2024 2.36
8176,84.7850655,-11.533897,Ahmedabad,Gujarat,12-03-2023 4.12
8177,62.761481,-29.36488,Mumbai,Maharashtra,19-03-2024 20.57
8178,66.3815575,-153.090398,Delhi,Delhi,31-03-2023 0.09
8179,85.5080935,-131.858474,Bangalore,Karnataka,05-05-2025 20.28
8180,87.882558,81.614806,Hyderabad,Telangana,15-06-2024 23.49
8181,-13.215011,-145.419452,Chennai,Tamil Nadu,28-07-2024 23.08
8182,-19.2683405,-78.894516,Kolkata,West Bengal,02-10-2022 15.50
8183,-8.906166,-68.417116,Pune,Maharashtra,13-12-2023 4.10
8184,-74.3111945,-96.696017,Ahmedabad,Gujarat,26-07-2023 2.54
8185,54.0321345,16.823687,Mumbai,Maharashtra,17-10-2022 5.59
8186,-46.145827,-93.033875,Delhi,Delhi,20-12-2024 20.25
8187,73.611933,-29.498484,Bangalore,Karnataka,22-05-2024 2.11
8188,14.916238,1.645149,Hyderabad,Telangana,13-05-2023 18.54
8189,30.381405,0.804214,Chennai,Tamil Nadu,10-04-2023 2.12
8190,-36.5893085,-72.06648,Kolkata,West Bengal,28-02-2023 16.37
8191,49.6707145,-97.688022,Pune,Maharashtra,31-03-2025 2.03
8192,-27.247006,-174.99675,Ahmedabad,Gujarat,05-03-2023 1.35
8193,-85.6401465,-107.821975,Mumbai,Maharashtra,31-12-2023 6.35
8194,17.71581,127.95823,Delhi,Delhi,19-01-2023 19.35
8195,-32.145115,-70.257587,Bangalore,Karnataka,20-08-2022 19.37
8196,-28.3345165,-168.20679,Hyderabad,Telangana,12-07-2023 6.17
8197,-37.046123,-43.828659,Chennai,Tamil Nadu,30-04-2024 14.27
8198,35.747523,56.745689,Kolkata,West Bengal,18-11-2022 13.03
8199,-57.021165,179.879344,Pune,Maharashtra,30-05-2024 20.54
8200,32.4855545,16.065311,Ahmedabad,Gujarat,21-08-2022 23.24
8201,27.451139,49.173098,Mumbai,Maharashtra,13-03-2023 22.11
8202,38.4163335,147.315438,Delhi,Delhi,09-03-2025 21.15
8203,3.2473535,-10.784353,Bangalore,Karnataka,27-08-2023 8.14
8204,-74.7889605,-86.820267,Hyderabad,Telangana,11-10-2023 4.37
8205,82.269781,18.746986,Chennai,Tamil Nadu,28-06-2023 12.20
8206,-74.954182,-137.994199,Kolkata,West Bengal,01-05-2023 3.42
8207,-28.0369515,132.309195,Pune,Maharashtra,16-12-2024 6.13
8208,-20.659061,81.797719,Ahmedabad,Gujarat,27-04-2023 9.41
8209,-26.9209405,-164.407451,Mumbai,Maharashtra,08-07-2023 2.34
8210,-17.2933895,-109.235052,Delhi,Delhi,16-10-2022 20.06
8211,-55.89372,110.008951,Bangalore,Karnataka,08-11-2023 4.07
8212,33.06495,-143.438355,Hyderabad,Telangana,24-01-2025 17.10
8213,-85.601545,-131.216161,Chennai,Tamil Nadu,10-07-2024 22.45
8214,-46.233139,-92.271757,Kolkata,West Bengal,29-05-2025 14.19
8215,-54.4584065,-22.871798,Pune,Maharashtra,25-10-2022 7.23
8216,10.2069245,-148.598586,Ahmedabad,Gujarat,17-06-2024 20.16
8217,21.021452,-40.980766,Mumbai,Maharashtra,27-05-2025 11.28
8218,56.6904575,68.340348,Delhi,Delhi,10-01-2023 3.48
8219,37.852333,164.774801,Bangalore,Karnataka,19-04-2025 10.22
8220,42.9271555,-7.602737,Hyderabad,Telangana,13-09-2023 22.32
8221,21.1107965,-123.161024,Chennai,Tamil Nadu,29-03-2025 1.13
8222,71.254602,-81.818801,Kolkata,West Bengal,19-09-2023 0.03
8223,-76.5657605,27.402547,Pune,Maharashtra,15-02-2024 5.06
8224,81.7500435,110.782167,Ahmedabad,Gujarat,24-07-2023 13.57
8225,54.102309,56.602365,Mumbai,Maharashtra,01-04-2023 16.59
8226,35.9394295,157.650093,Delhi,Delhi,23-03-2023 18.41
8227,1.1280395,91.543532,Bangalore,Karnataka,12-11-2022 21.39
8228,-41.7141745,-96.488743,Hyderabad,Telangana,10-12-2023 6.06
8229,70.7384015,-158.469734,Chennai,Tamil Nadu,30-01-2025 0.08
8230,2.138352,26.844223,Kolkata,West Bengal,08-04-2024 17.12
8231,53.284532,-28.738008,Pune,Maharashtra,05-09-2023 0.59
8232,46.1325405,-100.847583,Ahmedabad,Gujarat,24-08-2023 16.11
8233,40.316767,-46.263431,Mumbai,Maharashtra,05-04-2025 16.00
8234,-39.6344,62.327163,Delhi,Delhi,12-01-2025 2.16
8235,-69.515922,-79.977264,Bangalore,Karnataka,07-01-2023 6.26
8236,-55.1058785,-134.614902,Hyderabad,Telangana,16-12-2022 20.47
8237,-77.3442675,-115.99113,Chennai,Tamil Nadu,07-11-2024 2.13
8238,32.9138055,95.690052,Kolkata,West Bengal,09-10-2022 12.46
8239,-26.7281015,6.109314,Pune,Maharashtra,09-07-2025 16.10
8240,58.3908295,43.299996,Ahmedabad,Gujarat,16-03-2025 10.56
8241,-76.5791345,179.493935,Mumbai,Maharashtra,28-11-2022 4.42
8242,31.9809905,-153.433616,Delhi,Delhi,27-08-2024 8.20
8243,-11.7918555,-160.643837,Bangalore,Karnataka,08-04-2025 21.29
8244,-29.458333,141.190667,Hyderabad,Telangana,27-03-2023 23.49
8245,4.629345,-124.396813,Chennai,Tamil Nadu,03-02-2025 9.25
8246,76.2759975,151.383851,Kolkata,West Bengal,31-08-2023 12.44
8247,5.283754,-84.328102,Pune,Maharashtra,19-02-2025 13.55
8248,-4.5464095,-121.270634,Ahmedabad,Gujarat,10-09-2024 17.35
8249,-62.613232,-87.301993,Mumbai,Maharashtra,04-05-2023 23.28
8250,-51.853987,84.26396,Delhi,Delhi,29-03-2024 18.52
8251,-21.6758845,-45.903959,Bangalore,Karnataka,13-07-2023 14.04
8252,59.667883,63.956024,Hyderabad,Telangana,14-05-2023 17.47
8253,-46.097442,-168.476595,Chennai,Tamil Nadu,16-02-2024 16.44
8254,-12.3519895,-99.655378,Kolkata,West Bengal,17-03-2023 13.42
8255,-59.670317,21.69192,Pune,Maharashtra,05-05-2023 23.30
8256,11.169074,-7.931415,Ahmedabad,Gujarat,04-07-2025 14.36
8257,-20.026103,137.345793,Mumbai,Maharashtra,04-05-2025 22.42
8258,12.676599,-76.72878,Delhi,Delhi,04-06-2023 17.30
8259,-89.5952735,109.683981,Bangalore,Karnataka,05-06-2023 1.05
8260,-35.680296,-24.36285,Hyderabad,Telangana,05-11-2023 17.18
8261,-8.9212395,57.736432,Chennai,Tamil Nadu,03-09-2022 2.47
8262,-8.198789,89.618371,Kolkata,West Bengal,18-10-2024 21.45
8263,43.9749955,93.038893,Pune,Maharashtra,21-02-2025 4.48
8264,65.7222545,-2.5139,Ahmedabad,Gujarat,23-08-2022 14.04
8265,-17.264159,69.443613,Mumbai,Maharashtra,06-09-2022 16.05
8266,-45.3833125,-174.457133,Delhi,Delhi,08-03-2024 15.06
8267,74.7790145,22.681201,Bangalore,Karnataka,01-10-2024 16.43
8268,3.7808445,-141.682752,Hyderabad,Telangana,13-03-2025 4.09
8269,-5.920161,-78.280954,Chennai,Tamil Nadu,29-06-2025 14.14
8270,30.3114415,86.736364,Kolkata,West Bengal,09-09-2023 4.01
8271,77.4806515,-82.472385,Pune,Maharashtra,13-04-2024 11.12
8272,24.659166,160.730942,Ahmedabad,Gujarat,23-05-2025 9.45
8273,-33.842477,-94.12303,Mumbai,Maharashtra,18-02-2025 21.20
8274,-5.03148,42.326213,Delhi,Delhi,02-08-2023 13.30
8275,-18.0572955,-80.686114,Bangalore,Karnataka,08-07-2024 1.06
8276,43.68304,74.565557,Hyderabad,Telangana,13-12-2023 17.57
8277,-44.232733,-94.091006,Chennai,Tamil Nadu,13-02-2024 13.17
8278,62.2669865,-97.530743,Kolkata,West Bengal,01-09-2022 14.04
8279,22.3028885,-136.75322,Pune,Maharashtra,16-04-2024 17.44
8280,3.7617345,111.379681,Ahmedabad,Gujarat,13-12-2022 9.22
8281,-51.9466205,144.5849,Mumbai,Maharashtra,01-03-2023 5.28
8282,-82.5436785,171.177909,Delhi,Delhi,29-02-2024 9.17
8283,63.734225,-95.352681,Bangalore,Karnataka,27-03-2023 18.33
8284,69.0558365,-26.542142,Hyderabad,Telangana,03-02-2023 3.16
8285,-70.8509225,-6.816009,Chennai,Tamil Nadu,04-05-2024 1.16
8286,-31.3827415,-157.429133,Kolkata,West Bengal,28-03-2023 21.36
8287,68.756052,-9.411353,Pune,Maharashtra,08-12-2023 22.18
8288,88.4667695,132.225681,Ahmedabad,Gujarat,21-04-2024 4.13
8289,-27.564225,54.017544,Mumbai,Maharashtra,19-08-2023 22.47
8290,34.358724,178.831128,Delhi,Delhi,01-04-2023 20.05
8291,83.342895,39.368434,Bangalore,Karnataka,30-04-2023 2.18
8292,77.080398,-20.732427,Hyderabad,Telangana,01-06-2025 22.57
8293,-41.712384,-157.05124,Chennai,Tamil Nadu,05-06-2024 14.24
8294,11.1956615,-139.198997,Kolkata,West Bengal,08-01-2024 2.19
8295,88.038563,-40.838258,Pune,Maharashtra,30-03-2025 22.06
8296,48.0756985,-165.468062,Ahmedabad,Gujarat,05-05-2025 8.19
8297,89.5358565,115.936581,Mumbai,Maharashtra,14-01-2024 23.02
8298,-63.9359795,-75.561557,Delhi,Delhi,19-06-2023 10.21
8299,-61.2856875,-60.258838,Bangalore,Karnataka,18-05-2025 9.17
8300,54.501429,-158.284913,Hyderabad,Telangana,12-10-2022 2.07
8301,-16.8214465,128.108406,Chennai,Tamil Nadu,12-11-2024 13.20
8302,-29.7497875,-95.693056,Kolkata,West Bengal,13-11-2022 3.00
8303,82.433866,-135.059631,Pune,Maharashtra,06-05-2023 23.05
8304,-49.2407575,-129.340212,Ahmedabad,Gujarat,30-04-2023 22.16
8305,-69.526578,19.776749,Mumbai,Maharashtra,08-11-2023 6.38
8306,47.2676375,175.809198,Delhi,Delhi,27-01-2023 8.14
8307,9.9893835,109.011791,Bangalore,Karnataka,01-04-2023 0.52
8308,26.8875935,111.757059,Hyderabad,Telangana,14-05-2024 8.58
8309,53.823815,88.168917,Chennai,Tamil Nadu,19-04-2024 23.53
8310,-10.0185145,-175.470903,Kolkata,West Bengal,13-01-2023 20.57
8311,66.457372,-121.086323,Pune,Maharashtra,06-11-2024 23.20
8312,-2.2976755,-39.262578,Ahmedabad,Gujarat,16-12-2024 11.34
8313,54.2125825,-148.599687,Mumbai,Maharashtra,01-04-2024 8.29
8314,-6.9718715,-15.935095,Delhi,Delhi,28-02-2023 19.55
8315,-89.7423035,-157.13991,Bangalore,Karnataka,30-03-2024 11.53
8316,-42.309392,126.025686,Hyderabad,Telangana,23-09-2024 21.55
8317,43.634691,57.428028,Chennai,Tamil Nadu,22-04-2025 21.05
8318,50.772224,77.935088,Kolkata,West Bengal,20-08-2023 5.48
8319,-5.797602,99.592157,Pune,Maharashtra,26-12-2023 18.35
8320,14.076932,162.419427,Ahmedabad,Gujarat,20-04-2024 9.42
8321,-14.3632165,34.370292,Mumbai,Maharashtra,01-12-2023 3.25
8322,-58.1227645,139.864114,Delhi,Delhi,11-06-2024 15.04
8323,-55.29098,-63.117014,Bangalore,Karnataka,08-11-2023 11.10
8324,86.765822,-83.206146,Hyderabad,Telangana,26-01-2023 0.11
8325,73.8838755,-104.349867,Chennai,Tamil Nadu,12-06-2024 19.56
8326,-51.122339,-83.875584,Kolkata,West Bengal,30-11-2022 0.19
8327,-38.109296,-81.740953,Pune,Maharashtra,31-08-2022 22.04
8328,-7.9558505,-145.65967,Ahmedabad,Gujarat,14-10-2022 23.34
8329,-13.677865,-92.43896,Mumbai,Maharashtra,12-03-2025 15.21
8330,-22.1031045,105.560318,Delhi,Delhi,08-07-2023 9.02
8331,-59.7290975,-28.922107,Bangalore,Karnataka,28-08-2024 16.38
8332,47.1919655,125.131633,Hyderabad,Telangana,27-07-2025 18.48
8333,-59.957602,-131.656062,Chennai,Tamil Nadu,06-08-2024 2.37
8334,75.0870915,59.720113,Kolkata,West Bengal,31-03-2023 16.19
8335,19.0522455,135.748555,Pune,Maharashtra,09-03-2025 0.42
8336,69.4671595,149.083752,Ahmedabad,Gujarat,10-10-2023 17.06
8337,64.4489865,102.848267,Mumbai,Maharashtra,02-01-2023 7.20
8338,84.93608,-93.626252,Delhi,Delhi,11-10-2024 7.54
8339,-36.537727,-120.464418,Bangalore,Karnataka,06-12-2024 1.03
8340,-84.6574905,-149.391347,Hyderabad,Telangana,12-07-2023 1.50
8341,25.961697,46.692848,Chennai,Tamil Nadu,02-05-2024 23.29
8342,-84.3798295,-89.756561,Kolkata,West Bengal,08-08-2022 15.41
8343,-73.2528595,-177.110216,Pune,Maharashtra,27-01-2024 16.29
8344,-37.1964715,-93.40613,Ahmedabad,Gujarat,20-11-2024 0.37
8345,0.3716305,-76.173573,Mumbai,Maharashtra,27-11-2024 8.59
8346,16.308405,-78.771886,Delhi,Delhi,02-01-2023 0.51
8347,-88.966834,-7.253475,Bangalore,Karnataka,12-04-2025 19.46
8348,-77.5410365,-4.637851,Hyderabad,Telangana,11-05-2023 3.01
8349,-17.481411,-48.857582,Chennai,Tamil Nadu,04-11-2024 19.57
8350,-26.932885,115.18951,Kolkata,West Bengal,08-08-2022 7.29
8351,5.369226,116.970534,Pune,Maharashtra,10-07-2025 20.13
8352,-46.556723,44.374376,Ahmedabad,Gujarat,19-03-2025 4.19
8353,-44.120062,174.326619,Mumbai,Maharashtra,29-12-2024 8.23
8354,74.138806,-146.473609,Delhi,Delhi,05-11-2022 23.50
8355,31.091734,33.732379,Bangalore,Karnataka,11-11-2024 20.32
8356,26.016609,-91.945604,Hyderabad,Telangana,15-07-2024 20.56
8357,27.0775145,-48.968268,Chennai,Tamil Nadu,24-07-2023 4.35
8358,-42.4036015,118.39822,Kolkata,West Bengal,22-06-2023 14.39
8359,44.64767,147.176534,Pune,Maharashtra,25-03-2024 23.40
8360,-35.2803355,-64.846473,Ahmedabad,Gujarat,25-08-2024 16.06
8361,19.3898755,-135.277694,Mumbai,Maharashtra,28-09-2024 20.33
8362,0.254037,160.91289,Delhi,Delhi,29-01-2023 12.08
8363,79.411214,111.161748,Bangalore,Karnataka,21-04-2024 14.10
8364,-42.478031,33.486394,Hyderabad,Telangana,11-07-2024 23.14
8365,-61.880083,-46.946123,Chennai,Tamil Nadu,09-06-2024 14.56
8366,58.21663,-16.413933,Kolkata,West Bengal,21-01-2023 3.23
8367,-89.779755,-140.064539,Pune,Maharashtra,27-05-2023 7.11
8368,-48.378401,176.3878,Ahmedabad,Gujarat,29-09-2024 3.23
8369,-47.895556,-72.021794,Mumbai,Maharashtra,21-07-2023 19.33
8370,73.416473,-98.205268,Delhi,Delhi,06-01-2023 8.48
8371,55.1066135,92.785083,Bangalore,Karnataka,19-07-2023 0.20
8372,3.7719175,-79.693743,Hyderabad,Telangana,21-07-2024 14.48
8373,71.0845265,-146.015703,Chennai,Tamil Nadu,03-11-2024 2.45
8374,38.0090085,-5.320009,Kolkata,West Bengal,28-07-2025 5.58
8375,-84.6890445,38.002134,Pune,Maharashtra,23-08-2024 12.53
8376,42.340916,27.040375,Ahmedabad,Gujarat,30-12-2022 21.03
8377,84.655549,-156.673628,Mumbai,Maharashtra,22-05-2024 15.53
8378,78.8860775,18.767902,Delhi,Delhi,25-01-2025 10.49
8379,-45.1583525,-176.631701,Bangalore,Karnataka,17-04-2025 11.27
8380,54.479012,100.593797,Hyderabad,Telangana,08-01-2023 9.20
8381,85.6075725,-36.97703,Chennai,Tamil Nadu,24-08-2023 14.35
8382,-69.85114,153.488058,Kolkata,West Bengal,19-02-2023 7.23
8383,35.3832175,145.718938,Pune,Maharashtra,25-06-2024 23.56
8384,19.9918475,-117.304815,Ahmedabad,Gujarat,20-07-2024 22.18
8385,45.068124,-120.585033,Mumbai,Maharashtra,03-02-2024 16.33
8386,69.295189,44.94851,Delhi,Delhi,21-01-2025 15.38
8387,53.140792,165.343022,Bangalore,Karnataka,23-08-2023 23.12
8388,55.2283545,-19.52468,Hyderabad,Telangana,30-01-2024 23.05
8389,87.3663525,87.081775,Chennai,Tamil Nadu,09-05-2023 3.50
8390,-85.5342275,-99.10682,Kolkata,West Bengal,30-07-2025 1.53
8391,14.9016865,22.330749,Pune,Maharashtra,29-02-2024 0.07
8392,17.1738695,106.617439,Ahmedabad,Gujarat,24-03-2024 14.24
8393,-44.147217,148.369339,Mumbai,Maharashtra,06-02-2024 2.40
8394,64.282242,-129.426335,Delhi,Delhi,08-03-2023 6.54
8395,-3.1147485,60.634871,Bangalore,Karnataka,18-06-2023 11.08
8396,-7.3090235,151.111193,Hyderabad,Telangana,01-10-2024 7.08
8397,69.229634,123.602863,Chennai,Tamil Nadu,14-04-2023 18.58
8398,2.18841,-4.899395,Kolkata,West Bengal,18-07-2023 13.31
8399,71.6904785,-33.5262,Pune,Maharashtra,12-06-2025 23.00
8400,26.811115,157.302347,Ahmedabad,Gujarat,20-04-2025 1.16
8401,-87.575368,58.551958,Mumbai,Maharashtra,11-11-2023 1.19
8402,-53.357571,131.026271,Delhi,Delhi,06-03-2025 13.47
8403,-83.966964,58.93537,Bangalore,Karnataka,25-09-2023 20.22
8404,78.4168295,75.110061,Hyderabad,Telangana,15-03-2023 1.12
8405,75.7166285,41.193894,Chennai,Tamil Nadu,23-05-2024 12.44
8406,68.448232,-16.515933,Kolkata,West Bengal,11-11-2022 2.25
8407,27.5405725,128.214533,Pune,Maharashtra,23-03-2025 12.23
8408,16.3963465,80.07703,Ahmedabad,Gujarat,07-09-2022 21.19
8409,60.9777285,-177.934529,Mumbai,Maharashtra,11-12-2024 18.44
8410,69.7966735,65.502653,Delhi,Delhi,25-11-2023 5.47
8411,43.6890505,-43.146184,Bangalore,Karnataka,20-12-2024 22.52
8412,4.474069,151.682569,Hyderabad,Telangana,08-01-2025 7.52
8413,-13.703496,37.76993,Chennai,Tamil Nadu,07-10-2023 18.48
8414,-69.795409,93.298939,Kolkata,West Bengal,01-06-2023 23.59
8415,73.279242,90.619632,Pune,Maharashtra,17-11-2023 21.39
8416,-59.7890495,40.628972,Ahmedabad,Gujarat,23-07-2024 2.28
8417,-24.8958475,-24.857589,Mumbai,Maharashtra,17-07-2024 8.14
8418,49.314659,158.182369,Delhi,Delhi,20-01-2024 17.44
8419,-34.6330715,34.033249,Bangalore,Karnataka,24-01-2025 17.04
8420,53.9981235,106.269216,Hyderabad,Telangana,18-01-2023 6.42
8421,12.2257625,-22.714381,Chennai,Tamil Nadu,28-01-2025 23.47
8422,53.2651295,-164.992107,Kolkata,West Bengal,21-09-2023 8.24
8423,-12.149488,-10.328873,Pune,Maharashtra,20-08-2022 16.28
8424,72.384126,-90.522254,Ahmedabad,Gujarat,31-05-2025 2.15
8425,81.8013055,96.364859,Mumbai,Maharashtra,09-04-2024 4.13
8426,-87.3390625,-4.621983,Delhi,Delhi,27-04-2023 19.54
8427,-58.2527915,-163.142772,Bangalore,Karnataka,17-04-2023 3.35
8428,16.963902,-105.084504,Hyderabad,Telangana,17-07-2024 21.06
8429,-79.508329,32.980783,Chennai,Tamil Nadu,18-04-2024 1.20
8430,-12.186472,116.823551,Kolkata,West Bengal,25-02-2025 6.04
8431,-73.569991,-170.294349,Pune,Maharashtra,27-11-2024 23.37
8432,-41.912071,-34.744435,Ahmedabad,Gujarat,12-11-2024 21.07
8433,-22.1763815,12.505406,Mumbai,Maharashtra,21-10-2024 6.22
8434,-61.9821425,-61.115557,Delhi,Delhi,06-08-2022 4.33
8435,59.3258,109.708412,Bangalore,Karnataka,11-01-2025 16.14
8436,59.1278435,-78.019283,Hyderabad,Telangana,04-06-2025 12.17
8437,-78.954147,-2.897016,Chennai,Tamil Nadu,23-08-2024 19.56
8438,-8.0946335,177.962593,Kolkata,West Bengal,22-11-2024 12.51
8439,57.9254465,-52.782432,Pune,Maharashtra,23-03-2025 16.48
8440,69.720275,74.330151,Ahmedabad,Gujarat,16-09-2023 5.01
8441,-61.549518,117.067971,Mumbai,Maharashtra,27-01-2024 8.56
8442,21.667549,-52.996526,Delhi,Delhi,27-08-2022 23.25
8443,-49.9018305,60.023273,Bangalore,Karnataka,02-03-2024 23.39
8444,-86.584061,-154.636448,Hyderabad,Telangana,06-08-2022 7.48
8445,-32.8624215,-155.344598,Chennai,Tamil Nadu,26-06-2025 3.42
8446,2.58699,29.582235,Kolkata,West Bengal,24-06-2025 20.41
8447,18.2592315,-125.334455,Pune,Maharashtra,10-02-2025 6.05
8448,70.1057035,11.067505,Ahmedabad,Gujarat,03-05-2025 9.25
8449,-35.425525,-170.718901,Mumbai,Maharashtra,11-02-2024 14.26
8450,13.992585,-22.81287,Delhi,Delhi,03-01-2023 4.04
8451,59.77575,-39.84489,Bangalore,Karnataka,30-12-2024 13.24
8452,-38.572627,55.297052,Hyderabad,Telangana,23-11-2024 7.42
8453,88.500571,-22.058101,Chennai,Tamil Nadu,06-06-2024 10.07
8454,30.480678,125.73844,Kolkata,West Bengal,24-10-2022 18.59
8455,44.9300515,77.618778,Pune,Maharashtra,04-09-2022 15.28
8456,85.4568495,-116.480036,Ahmedabad,Gujarat,06-11-2024 22.38
8457,36.7294765,-93.029338,Mumbai,Maharashtra,10-05-2024 3.53
8458,82.53395,-161.252751,Delhi,Delhi,22-09-2022 20.35
8459,-59.667175,158.778101,Bangalore,Karnataka,18-06-2023 7.35
8460,24.8170365,19.909914,Hyderabad,Telangana,09-07-2025 0.13
8461,-57.0159265,-154.442022,Chennai,Tamil Nadu,30-07-2023 1.48
8462,-17.1510945,-21.286784,Kolkata,West Bengal,19-11-2023 1.30
8463,-22.3368155,-109.387138,Pune,Maharashtra,24-02-2025 16.02
8464,69.8012385,-156.77182,Ahmedabad,Gujarat,07-04-2024 11.04
8465,39.908793,-32.758459,Mumbai,Maharashtra,03-06-2025 19.08
8466,2.0583545,46.527027,Delhi,Delhi,20-12-2024 3.20
8467,17.6075245,20.910648,Bangalore,Karnataka,18-04-2023 9.44
8468,-9.2322065,-159.266387,Hyderabad,Telangana,14-03-2024 6.46
8469,-51.9456835,-112.329559,Chennai,Tamil Nadu,02-02-2023 19.57
8470,-3.132333,4.787204,Kolkata,West Bengal,11-03-2025 22.29
8471,70.3516705,54.176627,Pune,Maharashtra,16-08-2024 9.42
8472,-53.2439335,-10.656756,Ahmedabad,Gujarat,27-05-2024 6.55
8473,-42.1485795,-81.088621,Mumbai,Maharashtra,13-05-2023 4.57
8474,-56.476658,146.948165,Delhi,Delhi,17-08-2022 15.19
8475,-0.937083,-53.345796,Bangalore,Karnataka,06-07-2023 0.59
8476,80.5108115,167.632661,Hyderabad,Telangana,26-05-2025 11.20
8477,-10.8396685,55.996011,Chennai,Tamil Nadu,20-09-2022 0.20
8478,-20.5772765,87.847015,Kolkata,West Bengal,25-11-2023 17.20
8479,38.9564765,28.734141,Pune,Maharashtra,19-11-2023 22.18
8480,55.272935,-25.073175,Ahmedabad,Gujarat,04-07-2025 0.59
8481,-2.5758595,19.912163,Mumbai,Maharashtra,18-02-2025 4.45
8482,-30.1825595,142.542524,Delhi,Delhi,14-06-2024 7.31
8483,-2.420896,-88.34408,Bangalore,Karnataka,02-01-2023 1.53
8484,-27.787329,106.891765,Hyderabad,Telangana,21-07-2023 5.12
8485,-6.103231,-176.721522,Chennai,Tamil Nadu,03-09-2024 3.10
8486,-68.0324065,-106.352111,Kolkata,West Bengal,25-10-2023 21.54
8487,-0.606448,6.669025,Pune,Maharashtra,10-07-2023 5.53
8488,-62.7196065,-90.759096,Ahmedabad,Gujarat,30-07-2025 2.41
8489,69.9692905,-149.743777,Mumbai,Maharashtra,10-08-2022 12.11
8490,-23.122836,31.734614,Delhi,Delhi,19-02-2023 18.12
8491,86.741135,-80.767536,Bangalore,Karnataka,25-12-2022 8.03
8492,-71.7492185,73.564898,Hyderabad,Telangana,08-08-2023 5.51
8493,81.823524,-103.127396,Chennai,Tamil Nadu,15-04-2025 3.39
8494,34.37002,85.565065,Kolkata,West Bengal,06-04-2023 7.36
8495,24.2457765,-34.669075,Pune,Maharashtra,15-11-2024 2.27
8496,82.479995,112.904852,Ahmedabad,Gujarat,23-08-2023 1.59
8497,75.755003,6.028483,Mumbai,Maharashtra,15-12-2024 13.41
8498,-3.836242,-7.541542,Delhi,Delhi,13-12-2024 4.13
8499,-2.832561,-88.211613,Bangalore,Karnataka,13-05-2023 10.21
8500,66.8886955,178.948341,Hyderabad,Telangana,22-11-2023 13.41
8501,-44.282442,5.905157,Chennai,Tamil Nadu,10-03-2023 17.42
8502,-6.0796095,-125.5596,Kolkata,West Bengal,27-04-2024 4.01
8503,-58.953787,89.700905,Pune,Maharashtra,27-12-2023 9.29
8504,41.3329965,17.699165,Ahmedabad,Gujarat,17-03-2025 15.09
8505,-67.4424565,60.854612,Mumbai,Maharashtra,16-11-2022 17.47
8506,-75.3060775,0.382313,Delhi,Delhi,25-10-2022 11.21
8507,52.0273235,161.842929,Bangalore,Karnataka,17-10-2022 14.38
8508,7.5153035,-14.367904,Hyderabad,Telangana,21-02-2025 7.15
8509,-65.1036475,-41.312093,Chennai,Tamil Nadu,01-07-2024 15.43
8510,31.8986935,-15.043021,Kolkata,West Bengal,27-09-2023 14.25
8511,36.598437,-56.347313,Pune,Maharashtra,25-02-2024 2.14
8512,81.4305535,-64.667276,Ahmedabad,Gujarat,10-02-2024 8.04
8513,-52.1113895,-20.247021,Mumbai,Maharashtra,16-06-2024 7.30
8514,51.9820615,-21.195411,Delhi,Delhi,26-01-2023 12.56
8515,33.814271,-116.068076,Bangalore,Karnataka,10-02-2024 0.04
8516,65.848515,-18.788266,Hyderabad,Telangana,31-07-2025 8.55
8517,63.297065,66.671961,Chennai,Tamil Nadu,11-06-2023 3.52
8518,-20.218198,-24.637633,Kolkata,West Bengal,27-02-2025 3.00
8519,-35.4607515,-160.325277,Pune,Maharashtra,05-01-2024 5.11
8520,-27.8926235,82.170382,Ahmedabad,Gujarat,06-10-2024 10.45
8521,53.4292515,-163.740773,Mumbai,Maharashtra,16-07-2023 14.09
8522,-37.59181,-112.992193,Delhi,Delhi,05-11-2024 10.31
8523,-31.5419405,46.175817,Bangalore,Karnataka,12-12-2022 12.09
8524,-71.5725305,-72.067878,Hyderabad,Telangana,12-08-2023 14.53
8525,82.95558,99.798671,Chennai,Tamil Nadu,23-02-2025 18.30
8526,-41.0857395,49.310458,Kolkata,West Bengal,02-10-2022 11.54
8527,47.701981,74.709956,Pune,Maharashtra,29-09-2024 10.19
8528,53.598981,-86.00326,Ahmedabad,Gujarat,17-12-2024 7.52
8529,-71.661194,9.314841,Mumbai,Maharashtra,02-05-2023 18.43
8530,38.8272805,111.684681,Delhi,Delhi,12-08-2024 13.39
8531,-37.306319,-174.823128,Bangalore,Karnataka,22-10-2023 10.48
8532,58.941935,53.428754,Hyderabad,Telangana,18-05-2023 2.34
8533,-5.182531,-146.394632,Chennai,Tamil Nadu,05-12-2023 6.55
8534,-41.268422,-114.379808,Kolkata,West Bengal,26-06-2024 21.24
8535,-7.9313445,39.362074,Pune,Maharashtra,25-12-2023 21.03
8536,87.407337,-65.803859,Ahmedabad,Gujarat,27-12-2023 0.00
8537,-29.2191805,79.110501,Mumbai,Maharashtra,08-10-2024 11.41
8538,-76.5775455,-125.493017,Delhi,Delhi,08-10-2024 12.40
8539,61.5385415,-122.350837,Bangalore,Karnataka,09-02-2024 17.51
8540,24.046354,76.820886,Hyderabad,Telangana,24-05-2023 9.04
8541,-11.472599,-30.09688,Chennai,Tamil Nadu,20-03-2024 0.11
8542,43.2953905,-132.958115,Kolkata,West Bengal,18-08-2024 17.46
8543,28.834519,23.420332,Pune,Maharashtra,14-04-2023 21.52
8544,69.045286,33.401082,Ahmedabad,Gujarat,05-02-2025 2.10
8545,-72.469984,-13.359758,Mumbai,Maharashtra,20-07-2023 1.37
8546,-33.6553595,32.629755,Delhi,Delhi,05-03-2023 11.16
8547,67.748987,144.592804,Bangalore,Karnataka,15-01-2025 11.52
8548,-21.024832,21.901363,Hyderabad,Telangana,08-04-2025 14.59
8549,25.4303665,-39.343516,Chennai,Tamil Nadu,17-01-2024 18.37
8550,-75.8646495,147.271883,Kolkata,West Bengal,03-02-2025 1.24
8551,64.3814095,134.518975,Pune,Maharashtra,19-09-2022 9.11
8552,-80.0863545,-119.781585,Ahmedabad,Gujarat,19-10-2022 6.10
8553,52.8790615,139.748169,Mumbai,Maharashtra,13-12-2024 2.43
8554,1.3443795,77.531911,Delhi,Delhi,25-07-2023 8.02
8555,65.0052215,-170.893651,Bangalore,Karnataka,07-11-2024 16.14
8556,-27.198843,2.740469,Hyderabad,Telangana,16-04-2023 16.23
8557,-64.4450355,-134.37436,Chennai,Tamil Nadu,21-11-2024 16.11
8558,69.5717195,39.901654,Kolkata,West Bengal,01-06-2025 3.58
8559,50.141353,-24.033968,Pune,Maharashtra,25-10-2023 22.38
8560,-44.3119675,169.261962,Ahmedabad,Gujarat,06-11-2023 7.31
8561,14.652902,-31.321467,Mumbai,Maharashtra,12-10-2024 17.55
8562,48.7013535,-20.258999,Delhi,Delhi,24-03-2025 7.40
8563,89.8495925,150.214349,Bangalore,Karnataka,16-07-2024 13.03
8564,66.454633,19.024573,Hyderabad,Telangana,15-06-2024 19.34
8565,-44.1789905,121.206057,Chennai,Tamil Nadu,03-03-2024 13.43
8566,41.6080775,-3.587756,Kolkata,West Bengal,17-04-2025 22.50
8567,63.2805835,7.115339,Pune,Maharashtra,20-10-2024 23.30
8568,-56.0648175,98.267027,Ahmedabad,Gujarat,25-01-2023 0.39
8569,69.0039205,-152.435901,Mumbai,Maharashtra,10-05-2023 15.27
8570,-51.4904575,-141.636757,Delhi,Delhi,20-06-2024 13.55
8571,66.714495,68.442797,Bangalore,Karnataka,19-11-2024 8.39
8572,73.5316075,174.513666,Hyderabad,Telangana,30-05-2025 14.49
8573,79.436481,-140.282996,Chennai,Tamil Nadu,07-03-2023 4.33
8574,-9.6734465,103.906076,Kolkata,West Bengal,21-11-2024 21.36
8575,-39.6599145,163.220366,Pune,Maharashtra,07-03-2025 12.23
8576,31.293422,-136.00381,Ahmedabad,Gujarat,23-07-2024 5.24
8577,-86.137562,-3.817114,Mumbai,Maharashtra,23-01-2025 6.34
8578,52.0348105,-19.342079,Delhi,Delhi,17-09-2023 10.07
8579,-1.7568195,-126.913384,Bangalore,Karnataka,22-09-2023 8.49
8580,-34.672585,48.413905,Hyderabad,Telangana,14-09-2024 9.08
8581,-47.083623,100.822292,Chennai,Tamil Nadu,04-04-2024 1.56
8582,50.491082,-123.72994,Kolkata,West Bengal,12-12-2022 6.43
8583,-41.0842935,-63.156594,Pune,Maharashtra,22-04-2025 17.53
8584,-82.0315165,-67.300035,Ahmedabad,Gujarat,02-11-2024 19.35
8585,44.9633045,3.458996,Mumbai,Maharashtra,10-06-2024 4.30
8586,53.982353,-118.755412,Delhi,Delhi,10-12-2022 14.18
8587,65.1885105,-48.057698,Bangalore,Karnataka,09-03-2025 13.33
8588,41.985447,109.250258,Hyderabad,Telangana,07-12-2022 6.54
8589,-16.152806,0.688935,Chennai,Tamil Nadu,16-01-2025 19.24
8590,-86.9515085,-167.832401,Kolkata,West Bengal,21-03-2025 2.57
8591,86.279193,127.551146,Pune,Maharashtra,10-04-2025 10.36
8592,-45.191692,-123.431981,Ahmedabad,Gujarat,27-06-2024 2.02
8593,35.6305655,129.824013,Mumbai,Maharashtra,17-10-2022 8.19
8594,9.4302455,-10.551245,Delhi,Delhi,22-03-2023 22.53
8595,60.397411,48.291169,Bangalore,Karnataka,23-05-2024 9.17
8596,67.088728,-68.478037,Hyderabad,Telangana,14-07-2023 16.08
8597,10.3059605,-131.987492,Chennai,Tamil Nadu,06-04-2025 21.56
8598,86.3602035,-11.915935,Kolkata,West Bengal,27-09-2024 4.49
8599,54.5420355,-168.904207,Pune,Maharashtra,27-07-2024 4.45
8600,-86.8086425,179.132259,Ahmedabad,Gujarat,12-12-2023 23.41
8601,-37.61244,-112.06622,Mumbai,Maharashtra,16-06-2025 7.58
8602,15.914919,-169.275904,Delhi,Delhi,10-02-2023 3.30
8603,-57.288311,129.062235,Bangalore,Karnataka,14-08-2023 22.16
8604,66.8986535,-137.146843,Hyderabad,Telangana,21-08-2022 13.18
8605,-23.2616345,105.95799,Chennai,Tamil Nadu,16-02-2023 12.49
8606,63.949143,74.643548,Kolkata,West Bengal,25-11-2023 19.58
8607,-53.921977,166.989499,Pune,Maharashtra,07-12-2023 21.51
8608,3.8347645,-114.897646,Ahmedabad,Gujarat,18-08-2023 8.58
8609,24.512395,-157.310474,Mumbai,Maharashtra,12-01-2025 23.19
8610,-74.143302,105.142229,Delhi,Delhi,28-12-2023 0.20
8611,53.616053,-125.741502,Bangalore,Karnataka,23-09-2024 14.55
8612,-56.9778905,-157.066755,Hyderabad,Telangana,19-10-2023 14.25
8613,-2.022889,-147.252733,Chennai,Tamil Nadu,04-03-2023 0.52
8614,-9.647374,-66.088117,Kolkata,West Bengal,21-07-2024 13.00
8615,-34.5455085,34.99582,Pune,Maharashtra,21-11-2022 14.03
8616,2.1407455,105.040676,Ahmedabad,Gujarat,14-09-2024 3.31
8617,-34.7985085,23.535625,Mumbai,Maharashtra,20-04-2024 22.01
8618,-52.456376,56.153836,Delhi,Delhi,05-12-2022 20.35
8619,-31.7406585,7.19559,Bangalore,Karnataka,05-10-2024 1.38
8620,70.949565,35.254757,Hyderabad,Telangana,04-01-2025 5.52
8621,-24.1404265,-67.801606,Chennai,Tamil Nadu,05-02-2024 1.36
8622,-25.040099,152.152347,Kolkata,West Bengal,07-11-2022 2.23
8623,-88.0902435,156.420135,Pune,Maharashtra,05-01-2024 23.34
8624,56.1772445,-7.257963,Ahmedabad,Gujarat,03-06-2024 15.20
8625,-65.7475075,16.880252,Mumbai,Maharashtra,14-04-2025 11.19
8626,-11.6440185,61.786665,Delhi,Delhi,04-06-2025 9.49
8627,-23.881593,-133.856903,Bangalore,Karnataka,12-05-2025 2.40
8628,-0.258739,27.143046,Hyderabad,Telangana,10-03-2024 18.38
8629,-25.7341925,133.953074,Chennai,Tamil Nadu,31-08-2024 9.43
8630,62.4981355,-80.175624,Kolkata,West Bengal,11-02-2024 0.43
8631,3.071231,-117.889316,Pune,Maharashtra,09-01-2023 15.34
8632,11.960068,-24.21224,Ahmedabad,Gujarat,22-08-2023 15.29
8633,15.4649025,149.340412,Mumbai,Maharashtra,10-10-2022 12.01
8634,87.1740145,-108.046456,Delhi,Delhi,02-10-2024 14.01
8635,-25.5797335,73.154386,Bangalore,Karnataka,29-08-2024 13.34
8636,-41.222388,65.315506,Hyderabad,Telangana,18-09-2022 2.37
8637,-47.47769,112.434804,Chennai,Tamil Nadu,13-02-2025 20.52
8638,23.232573,169.050337,Kolkata,West Bengal,14-03-2024 20.57
8639,20.0207505,-177.48423,Pune,Maharashtra,20-01-2024 8.31
8640,-23.0591745,-21.630989,Ahmedabad,Gujarat,07-05-2023 10.36
8641,49.9193015,-135.86556,Mumbai,Maharashtra,14-03-2024 2.20
8642,-21.57918,-42.333011,Delhi,Delhi,20-11-2022 1.07
8643,20.6514215,-138.906075,Bangalore,Karnataka,28-09-2022 15.43
8644,-61.8563925,154.713158,Hyderabad,Telangana,22-07-2025 10.10
8645,33.97079,-6.413631,Chennai,Tamil Nadu,17-04-2025 4.04
8646,-35.0411385,-0.275963,Kolkata,West Bengal,14-11-2024 1.54
8647,80.4064465,-19.146448,Pune,Maharashtra,02-05-2024 15.02
8648,-18.7032795,-156.993098,Ahmedabad,Gujarat,07-03-2024 6.04
8649,-56.5959655,-159.881613,Mumbai,Maharashtra,25-05-2023 19.18
8650,89.658165,120.763951,Delhi,Delhi,01-12-2024 20.46
8651,-89.6718585,-107.324365,Bangalore,Karnataka,05-09-2024 4.14
8652,-32.556634,-175.558703,Hyderabad,Telangana,19-09-2023 13.04
8653,-51.691597,81.244821,Chennai,Tamil Nadu,18-05-2024 7.44
8654,-34.022988,46.678001,Kolkata,West Bengal,02-03-2023 0.05
8655,46.6632095,-124.99833,Pune,Maharashtra,18-09-2023 8.40
8656,80.1236575,-40.862895,Ahmedabad,Gujarat,21-06-2025 3.28
8657,-17.3645355,63.356949,Mumbai,Maharashtra,01-02-2023 15.15
8658,51.9670685,130.854494,Delhi,Delhi,28-07-2023 12.10
8659,68.907797,-9.818082,Bangalore,Karnataka,29-06-2023 18.21
8660,-84.199717,128.885709,Hyderabad,Telangana,05-05-2024 23.49
8661,64.3860085,-155.892561,Chennai,Tamil Nadu,16-05-2024 6.55
8662,42.9553055,35.892942,Kolkata,West Bengal,13-09-2023 10.30
8663,86.9729545,145.779802,Pune,Maharashtra,04-04-2025 21.10
8664,-89.0353015,125.838075,Ahmedabad,Gujarat,02-05-2023 4.16
8665,-43.5249065,91.472167,Mumbai,Maharashtra,15-11-2024 21.26
8666,-15.3159905,149.459474,Delhi,Delhi,04-10-2024 6.38
8667,31.9622395,-35.247567,Bangalore,Karnataka,15-12-2023 7.01
8668,4.1148125,-119.931755,Hyderabad,Telangana,08-08-2023 17.04
8669,-1.7783455,108.641973,Chennai,Tamil Nadu,10-07-2024 2.27
8670,-53.550552,83.582134,Kolkata,West Bengal,12-02-2023 20.40
8671,31.738902,-37.255662,Pune,Maharashtra,06-06-2023 16.00
8672,-84.2895765,164.565624,Ahmedabad,Gujarat,26-05-2024 6.37
8673,58.3899915,120.621217,Mumbai,Maharashtra,07-02-2023 11.23
8674,-61.6375575,26.022846,Delhi,Delhi,30-09-2023 7.27
8675,-80.573946,-70.964164,Bangalore,Karnataka,22-11-2023 5.58
8676,-34.094401,137.101526,Hyderabad,Telangana,26-09-2024 2.08
8677,50.315896,-145.100294,Chennai,Tamil Nadu,01-10-2024 8.10
8678,42.450796,-69.648101,Kolkata,West Bengal,04-12-2024 5.12
8679,36.136016,57.934457,Pune,Maharashtra,14-05-2025 0.49
8680,6.407044,94.861418,Ahmedabad,Gujarat,16-07-2023 21.35
8681,-27.176325,-64.868539,Mumbai,Maharashtra,25-04-2024 0.40
8682,-13.7738115,74.958026,Delhi,Delhi,03-07-2024 15.05
8683,-86.2621545,-45.208416,Bangalore,Karnataka,29-12-2022 19.45
8684,-27.575826,-175.474856,Hyderabad,Telangana,02-03-2025 5.53
8685,-86.656268,154.303426,Chennai,Tamil Nadu,27-01-2023 10.38
8686,3.712594,-76.38317,Kolkata,West Bengal,09-10-2024 17.16
8687,80.970726,45.019317,Pune,Maharashtra,10-09-2022 8.54
8688,-39.9932375,112.568396,Ahmedabad,Gujarat,19-02-2023 17.51
8689,16.273061,-108.46718,Mumbai,Maharashtra,29-01-2024 0.00
8690,-18.9968435,-90.418393,Delhi,Delhi,05-10-2022 17.38
8691,-19.6790165,-143.589376,Bangalore,Karnataka,19-05-2025 4.12
8692,-44.2624415,-55.100334,Hyderabad,Telangana,15-12-2022 9.00
8693,74.071268,-161.289937,Chennai,Tamil Nadu,14-05-2025 18.28
8694,5.589727,61.704784,Kolkata,West Bengal,22-07-2024 18.20
8695,-54.042934,-176.068599,Pune,Maharashtra,26-09-2023 11.48
8696,-14.9726985,-144.413643,Ahmedabad,Gujarat,04-09-2022 21.59
8697,-74.807332,85.615767,Mumbai,Maharashtra,11-07-2025 9.26
8698,68.797057,-33.911308,Delhi,Delhi,07-01-2023 5.30
8699,61.673053,-64.523641,Bangalore,Karnataka,10-04-2023 5.07
8700,-17.328457,19.303345,Hyderabad,Telangana,13-08-2023 11.28
8701,57.8645305,165.340362,Chennai,Tamil Nadu,30-11-2022 7.01
8702,-74.0288325,153.603076,Kolkata,West Bengal,24-08-2024 5.24
8703,75.3899665,-13.802816,Pune,Maharashtra,05-01-2023 19.26
8704,80.266402,-102.452831,Ahmedabad,Gujarat,17-03-2023 8.21
8705,-15.6305345,112.050335,Mumbai,Maharashtra,28-07-2024 15.40
8706,-82.440515,135.348154,Delhi,Delhi,19-12-2024 4.46
8707,37.418108,-98.919954,Bangalore,Karnataka,01-04-2024 20.06
8708,-21.345131,128.344429,Hyderabad,Telangana,28-04-2024 9.36
8709,-35.054993,-81.574251,Chennai,Tamil Nadu,08-05-2023 0.17
8710,10.1785845,-138.055017,Kolkata,West Bengal,13-09-2024 20.48
8711,-9.8593175,-102.608408,Pune,Maharashtra,20-05-2023 13.01
8712,-12.2577075,-172.489829,Ahmedabad,Gujarat,21-09-2023 0.42
8713,83.3250625,-65.117719,Mumbai,Maharashtra,30-04-2023 3.27
8714,22.532442,-126.485362,Delhi,Delhi,19-01-2023 22.23
8715,53.2289445,153.856917,Bangalore,Karnataka,24-10-2022 12.41
8716,-80.4850265,-76.695888,Hyderabad,Telangana,22-11-2023 21.19
8717,12.6958655,102.308448,Chennai,Tamil Nadu,05-06-2024 20.15
8718,-63.366704,24.806856,Kolkata,West Bengal,05-07-2023 12.12
8719,-76.508295,74.955242,Pune,Maharashtra,23-08-2022 23.36
8720,-49.920094,113.214916,Ahmedabad,Gujarat,16-04-2024 17.19
8721,30.433785,170.468106,Mumbai,Maharashtra,26-04-2023 4.10
8722,-74.9433095,-98.69282,Delhi,Delhi,28-09-2022 22.39
8723,-81.4644155,139.200261,Bangalore,Karnataka,08-01-2024 2.12
8724,-26.5295905,29.875577,Hyderabad,Telangana,09-05-2024 15.11
8725,-53.6157325,-142.376924,Chennai,Tamil Nadu,08-01-2025 17.40
8726,6.7417145,-74.454465,Kolkata,West Bengal,02-05-2024 2.56
8727,55.9487225,133.206406,Pune,Maharashtra,22-09-2022 18.37
8728,-87.321982,1.979995,Ahmedabad,Gujarat,27-07-2024 10.58
8729,37.7205375,144.761374,Mumbai,Maharashtra,04-12-2023 13.18
8730,-81.9402065,-147.823986,Delhi,Delhi,01-01-2023 3.10
8731,42.857518,-49.328297,Bangalore,Karnataka,05-03-2023 11.37
8732,-0.466481,122.304387,Hyderabad,Telangana,24-08-2022 11.43
8733,-83.0215205,67.709487,Chennai,Tamil Nadu,07-07-2023 4.19
8734,75.1779835,67.754722,Kolkata,West Bengal,22-12-2022 8.07
8735,-39.129721,-161.420355,Pune,Maharashtra,17-05-2025 20.07
8736,31.190824,-87.83796,Ahmedabad,Gujarat,11-04-2023 6.43
8737,-64.894791,-121.39674,Mumbai,Maharashtra,18-06-2023 13.08
8738,55.098991,24.373199,Delhi,Delhi,01-01-2025 4.06
8739,-78.925307,93.436992,Bangalore,Karnataka,08-08-2024 12.34
8740,-69.7141975,171.696607,Hyderabad,Telangana,01-04-2024 22.49
8741,43.0404405,-103.477078,Chennai,Tamil Nadu,20-05-2023 17.19
8742,-57.8010875,-166.604146,Kolkata,West Bengal,03-09-2023 17.48
8743,-5.117125,-30.037057,Pune,Maharashtra,29-04-2024 9.25
8744,-59.9688745,86.276142,Ahmedabad,Gujarat,24-01-2023 17.06
8745,62.868468,-90.243843,Mumbai,Maharashtra,02-12-2024 7.45
8746,-71.638299,74.455871,Delhi,Delhi,15-08-2022 2.42
8747,32.0812685,-42.112585,Bangalore,Karnataka,24-11-2023 7.25
8748,-24.2659535,38.539919,Hyderabad,Telangana,27-10-2022 21.49
8749,-51.1574575,-58.891111,Chennai,Tamil Nadu,16-11-2023 18.16
8750,-11.31197,-109.270142,Kolkata,West Bengal,17-05-2023 15.51
8751,6.783307,-102.569957,Pune,Maharashtra,27-12-2022 13.41
8752,83.9316245,33.304943,Ahmedabad,Gujarat,29-08-2022 6.17
8753,-51.3263065,3.782307,Mumbai,Maharashtra,13-05-2023 15.32
8754,-32.3739325,135.526096,Delhi,Delhi,28-09-2023 14.02
8755,-67.9125485,-103.809389,Bangalore,Karnataka,02-06-2025 7.51
8756,-85.4318585,133.178836,Hyderabad,Telangana,01-10-2023 6.07
8757,-8.1027825,59.486091,Chennai,Tamil Nadu,11-08-2024 9.24
8758,-41.6025565,21.770917,Kolkata,West Bengal,20-03-2025 20.34
8759,-83.9322985,-68.199787,Pune,Maharashtra,17-06-2025 23.48
8760,-40.9752155,45.843476,Ahmedabad,Gujarat,27-04-2025 23.04
8761,77.90904,9.58106,Mumbai,Maharashtra,08-12-2023 22.21
8762,-64.6668395,-59.392326,Delhi,Delhi,24-02-2023 3.30
8763,36.2518405,39.566938,Bangalore,Karnataka,05-12-2022 21.57
8764,84.89796,69.977129,Hyderabad,Telangana,26-02-2025 13.42
8765,-9.440388,119.139839,Chennai,Tamil Nadu,11-09-2022 19.00
8766,-54.0466875,-34.857813,Kolkata,West Bengal,23-01-2024 4.47
8767,6.392566,133.718433,Pune,Maharashtra,21-11-2024 6.46
8768,4.155232,-119.899041,Ahmedabad,Gujarat,21-03-2024 4.07
8769,-80.0530205,-109.448055,Mumbai,Maharashtra,16-01-2023 15.35
8770,-61.465141,128.685991,Delhi,Delhi,07-06-2025 3.16
8771,-60.35396,-8.378939,Bangalore,Karnataka,16-11-2024 13.57
8772,66.079697,-131.188342,Hyderabad,Telangana,27-04-2023 13.30
8773,25.3915575,110.174753,Chennai,Tamil Nadu,24-04-2024 20.57
8774,-13.352076,145.692903,Kolkata,West Bengal,14-11-2024 18.34
8775,21.031314,-42.937253,Pune,Maharashtra,18-08-2024 9.31
8776,59.2508115,49.75921,Ahmedabad,Gujarat,11-10-2024 8.11
8777,23.0921315,-111.870162,Mumbai,Maharashtra,03-07-2023 14.47
8778,34.449084,23.672272,Delhi,Delhi,04-11-2022 16.00
8779,-87.4037945,88.542769,Bangalore,Karnataka,29-10-2024 17.00
8780,-17.7279725,-12.51692,Hyderabad,Telangana,14-07-2024 0.07
8781,-20.5240975,-167.310732,Chennai,Tamil Nadu,07-10-2024 10.07
8782,-28.0662285,55.322328,Kolkata,West Bengal,22-05-2025 12.00
8783,59.650147,-132.448937,Pune,Maharashtra,29-12-2024 8.23
8784,-60.596799,127.029531,Ahmedabad,Gujarat,24-09-2022 21.01
8785,41.720123,-23.46137,Mumbai,Maharashtra,25-03-2025 0.45
8786,62.2710275,-109.868822,Delhi,Delhi,16-12-2022 13.23
8787,27.355476,-18.522362,Bangalore,Karnataka,12-10-2022 2.13
8788,-76.4837635,36.715417,Hyderabad,Telangana,08-01-2025 19.08
8789,52.025581,-71.766819,Chennai,Tamil Nadu,06-04-2024 21.46
8790,73.1898185,155.720006,Kolkata,West Bengal,19-02-2023 23.07
8791,-37.016078,-4.961101,Pune,Maharashtra,29-07-2023 8.28
8792,-15.213214,110.08877,Ahmedabad,Gujarat,27-09-2023 5.52
8793,46.864907,54.63743,Mumbai,Maharashtra,29-09-2023 10.12
8794,30.540235,-159.023008,Delhi,Delhi,26-09-2024 13.03
8795,-47.66227,-117.042031,Bangalore,Karnataka,19-07-2023 7.37
8796,64.104568,103.351915,Hyderabad,Telangana,03-05-2024 14.18
8797,-4.4868965,-32.725005,Chennai,Tamil Nadu,05-06-2024 22.56
8798,-39.670592,-100.524743,Kolkata,West Bengal,20-08-2022 10.56
8799,-44.8565265,-144.610509,Pune,Maharashtra,20-04-2023 23.48
8800,-36.500316,83.962235,Ahmedabad,Gujarat,06-07-2025 12.05
8801,-50.1683675,-172.191309,Mumbai,Maharashtra,14-02-2024 11.09
8802,-1.724067,-179.200015,Delhi,Delhi,24-06-2023 16.10
8803,-31.533682,-178.937888,Bangalore,Karnataka,08-11-2022 0.59
8804,-84.464543,-170.243065,Hyderabad,Telangana,04-12-2024 11.26
8805,49.3172365,22.348454,Chennai,Tamil Nadu,26-08-2023 15.13
8806,-11.699845,36.523325,Kolkata,West Bengal,09-07-2024 17.36
8807,-25.770725,138.76372,Pune,Maharashtra,25-01-2023 3.12
8808,74.3325455,-177.407313,Ahmedabad,Gujarat,10-08-2022 13.28
8809,48.5551,99.759284,Mumbai,Maharashtra,09-01-2025 12.09
8810,62.505733,-131.691662,Delhi,Delhi,09-02-2023 19.19
8811,-22.321364,-116.052795,Bangalore,Karnataka,27-04-2024 8.15
8812,-89.2886155,-167.575382,Hyderabad,Telangana,21-01-2025 18.59
8813,-65.2112525,26.41779,Chennai,Tamil Nadu,03-01-2025 6.17
8814,78.517228,-98.251679,Kolkata,West Bengal,05-08-2023 13.18
8815,-52.7240545,85.467698,Pune,Maharashtra,14-06-2023 10.15
8816,32.6069085,132.443982,Ahmedabad,Gujarat,16-06-2025 4.59
8817,52.7895525,129.865605,Mumbai,Maharashtra,19-07-2024 15.59
8818,75.832961,-155.986073,Delhi,Delhi,30-03-2024 9.34
8819,-87.6092115,110.86432,Bangalore,Karnataka,10-01-2024 14.29
8820,-9.4152555,111.696282,Hyderabad,Telangana,11-12-2022 0.54
8821,56.998791,48.30833,Chennai,Tamil Nadu,20-08-2024 1.01
8822,-20.7401025,28.578576,Kolkata,West Bengal,20-08-2023 20.25
8823,-79.093343,-152.800938,Pune,Maharashtra,10-09-2022 3.54
8824,70.182211,136.47813,Ahmedabad,Gujarat,13-10-2024 10.42
8825,-15.554789,-62.361873,Mumbai,Maharashtra,27-08-2023 5.10
8826,26.6518595,-116.251574,Delhi,Delhi,02-01-2023 16.30
8827,-24.416247,59.266832,Bangalore,Karnataka,11-12-2022 11.24
8828,-64.197638,100.993603,Hyderabad,Telangana,15-12-2022 15.21
8829,-4.5460515,-130.357204,Chennai,Tamil Nadu,29-05-2025 23.05
8830,72.169659,118.122248,Kolkata,West Bengal,04-05-2025 11.59
8831,9.1546955,-40.876399,Pune,Maharashtra,30-12-2023 13.19
8832,44.55287,-104.021158,Ahmedabad,Gujarat,11-01-2025 23.35
8833,-7.0411165,-99.425754,Mumbai,Maharashtra,02-09-2022 13.43
8834,-39.2354805,161.408011,Delhi,Delhi,12-09-2023 21.20
8835,88.43729,-173.536991,Bangalore,Karnataka,19-11-2022 14.53
8836,7.4471275,-70.771845,Hyderabad,Telangana,21-12-2023 13.40
8837,-25.7973495,-30.892647,Chennai,Tamil Nadu,07-05-2024 17.16
8838,20.358061,-163.909266,Kolkata,West Bengal,28-06-2024 22.08
8839,-3.6572945,21.359777,Pune,Maharashtra,14-01-2025 4.38
8840,72.9965755,140.635654,Ahmedabad,Gujarat,29-08-2023 7.12
8841,-13.9298065,132.461373,Mumbai,Maharashtra,03-08-2025 1.16
8842,-16.6263255,37.122394,Delhi,Delhi,06-06-2024 8.13
8843,28.545595,-100.398236,Bangalore,Karnataka,27-10-2022 17.09
8844,-64.366955,-148.56074,Hyderabad,Telangana,07-12-2024 13.44
8845,-52.969817,-36.657313,Chennai,Tamil Nadu,01-05-2025 16.54
8846,-85.6964485,-105.225078,Kolkata,West Bengal,19-11-2024 18.25
8847,-65.410734,92.191206,Pune,Maharashtra,29-03-2023 18.57
8848,-53.016904,170.371762,Ahmedabad,Gujarat,16-07-2023 23.21
8849,47.7983695,59.84083,Mumbai,Maharashtra,16-02-2025 22.01
8850,-12.4259215,-179.394089,Delhi,Delhi,25-03-2023 6.15
8851,14.9802875,-104.441638,Bangalore,Karnataka,26-09-2022 15.57
8852,52.5065985,6.106633,Hyderabad,Telangana,21-09-2024 7.19
8853,-71.2020575,86.760773,Chennai,Tamil Nadu,16-09-2023 11.17
8854,-2.8224535,-107.016061,Kolkata,West Bengal,31-07-2024 16.29
8855,-28.9573715,12.474128,Pune,Maharashtra,21-04-2025 3.47
8856,-38.284999,40.968461,Ahmedabad,Gujarat,02-12-2023 8.32
8857,-47.1122205,-60.670141,Mumbai,Maharashtra,22-01-2024 9.56
8858,31.986144,-170.660137,Delhi,Delhi,18-08-2022 10.13
8859,-10.903011,-133.190267,Bangalore,Karnataka,10-04-2023 1.44
8860,76.3642,-129.15766,Hyderabad,Telangana,22-12-2024 7.04
8861,-52.556146,116.170456,Chennai,Tamil Nadu,29-07-2025 15.36
8862,-0.8752515,-122.456634,Kolkata,West Bengal,05-12-2024 2.40
8863,-58.8090445,44.773297,Pune,Maharashtra,21-11-2022 5.17
8864,78.6692155,-85.140607,Ahmedabad,Gujarat,12-04-2025 10.01
8865,-2.1239015,5.731333,Mumbai,Maharashtra,29-12-2024 4.52
8866,-85.1952945,-25.990692,Delhi,Delhi,04-06-2025 6.04
8867,16.725305,-118.570017,Bangalore,Karnataka,23-09-2022 14.22
8868,-73.6704645,69.456137,Hyderabad,Telangana,24-02-2025 22.05
8869,-43.589377,-62.391301,Chennai,Tamil Nadu,30-10-2022 9.01
8870,-18.998238,48.959629,Kolkata,West Bengal,30-04-2024 18.27
8871,-83.683275,-151.12595,Pune,Maharashtra,15-12-2022 18.42
8872,-55.6974845,121.48394,Ahmedabad,Gujarat,16-08-2023 17.57
8873,50.223056,-103.053371,Mumbai,Maharashtra,17-07-2024 6.12
8874,-66.7357935,-164.095351,Delhi,Delhi,22-12-2022 17.40
8875,-42.8141375,-72.355328,Bangalore,Karnataka,18-02-2023 20.49
8876,62.4171965,156.696823,Hyderabad,Telangana,30-05-2024 0.00
8877,-71.5735755,8.35981,Chennai,Tamil Nadu,22-12-2022 11.42
8878,-56.4204825,-164.234749,Kolkata,West Bengal,18-05-2025 15.20
8879,-19.0009805,105.804089,Pune,Maharashtra,08-03-2024 17.43
8880,-86.905383,87.232053,Ahmedabad,Gujarat,02-06-2024 8.49
8881,26.830142,-5.462031,Mumbai,Maharashtra,19-07-2023 22.03
8882,-20.5963345,-12.46591,Delhi,Delhi,20-03-2024 12.06
8883,-77.651031,-16.006606,Bangalore,Karnataka,18-05-2025 23.50
8884,-42.2978505,-102.515265,Hyderabad,Telangana,18-06-2024 13.24
8885,22.464232,-62.552497,Chennai,Tamil Nadu,16-04-2025 5.58
8886,-9.5107665,25.524572,Kolkata,West Bengal,13-09-2022 10.01
8887,-61.2583675,153.954771,Pune,Maharashtra,20-12-2022 5.19
8888,-0.6388315,-52.977511,Ahmedabad,Gujarat,15-08-2022 23.23
8889,8.2342085,88.017011,Mumbai,Maharashtra,03-04-2025 16.17
8890,-34.982055,-14.038358,Delhi,Delhi,07-09-2024 8.33
8891,-50.0297555,-40.696504,Bangalore,Karnataka,05-08-2023 5.09
8892,3.877873,119.753426,Hyderabad,Telangana,21-05-2024 16.10
8893,-67.699952,83.694366,Chennai,Tamil Nadu,02-05-2024 23.54
8894,53.5480225,-89.227514,Kolkata,West Bengal,15-04-2023 20.06
8895,-4.677705,-125.477117,Pune,Maharashtra,25-06-2025 17.42
8896,-56.118722,66.34177,Ahmedabad,Gujarat,08-06-2025 7.45
8897,-40.803061,31.656573,Mumbai,Maharashtra,09-07-2024 3.40
8898,-88.9817305,93.475571,Delhi,Delhi,05-04-2024 6.29
8899,22.288039,27.998207,Bangalore,Karnataka,01-02-2024 17.33
8900,17.425013,-98.050546,Hyderabad,Telangana,23-02-2023 7.49
8901,-15.8951865,-138.881918,Chennai,Tamil Nadu,27-03-2025 15.45
8902,28.629625,39.456599,Kolkata,West Bengal,30-11-2024 4.18
8903,28.647891,94.146,Pune,Maharashtra,28-09-2023 2.16
8904,77.3816705,-22.45426,Ahmedabad,Gujarat,09-08-2024 14.20
8905,35.3812405,-136.771369,Mumbai,Maharashtra,30-05-2025 7.59
8906,-47.1459735,130.408615,Delhi,Delhi,06-11-2022 16.33
8907,81.560307,-68.495407,Bangalore,Karnataka,18-02-2024 1.53
8908,-85.96146,-160.404517,Hyderabad,Telangana,07-05-2024 13.50
8909,-60.7799695,93.943692,Chennai,Tamil Nadu,19-11-2023 12.23
8910,44.378398,123.667772,Kolkata,West Bengal,25-08-2024 5.41
8911,-9.110417,-101.845327,Pune,Maharashtra,16-02-2023 9.14
8912,-26.838888,-11.848269,Ahmedabad,Gujarat,01-10-2023 16.29
8913,-33.769511,-14.85876,Mumbai,Maharashtra,27-10-2022 16.22
8914,-7.526277,45.09716,Delhi,Delhi,15-03-2024 4.09
8915,57.0177395,-98.202148,Bangalore,Karnataka,23-01-2023 22.36
8916,-49.515667,-133.356307,Hyderabad,Telangana,09-01-2024 17.37
8917,81.0465925,52.370417,Chennai,Tamil Nadu,02-09-2023 0.29
8918,72.29641,11.276545,Kolkata,West Bengal,16-04-2023 12.42
8919,5.8092325,-42.14341,Pune,Maharashtra,14-01-2025 7.32
8920,-43.8109715,-170.770167,Ahmedabad,Gujarat,17-04-2024 5.00
8921,87.147217,-31.602291,Mumbai,Maharashtra,19-10-2023 1.18
8922,82.5551665,-132.786813,Delhi,Delhi,13-02-2023 13.02
8923,-62.867794,148.811483,Bangalore,Karnataka,09-09-2024 6.46
8924,-37.5034795,113.508391,Hyderabad,Telangana,07-12-2024 9.48
8925,-68.4425245,105.183907,Chennai,Tamil Nadu,21-03-2023 7.33
8926,34.4464925,-46.277463,Kolkata,West Bengal,09-08-2022 6.15
8927,89.500132,50.336141,Pune,Maharashtra,03-08-2023 1.49
8928,-7.6646705,-59.017588,Ahmedabad,Gujarat,11-01-2024 10.03
8929,67.507014,-25.6495,Mumbai,Maharashtra,20-09-2024 18.06
8930,44.9398755,-84.023536,Delhi,Delhi,13-11-2022 23.09
8931,51.7970275,97.464117,Bangalore,Karnataka,10-10-2023 0.02
8932,67.487453,45.365224,Hyderabad,Telangana,16-11-2024 7.06
8933,-83.7725395,37.514214,Chennai,Tamil Nadu,25-04-2024 17.23
8934,-20.2952675,-170.182485,Kolkata,West Bengal,26-01-2024 21.09
8935,-63.6021685,-125.906765,Pune,Maharashtra,12-10-2022 7.05
8936,-41.2132405,-131.086751,Ahmedabad,Gujarat,12-04-2023 10.41
8937,9.608335,-13.032027,Mumbai,Maharashtra,05-06-2023 22.23
8938,86.230968,-30.231325,Delhi,Delhi,11-12-2022 3.11
8939,-39.9399795,-47.320648,Bangalore,Karnataka,19-09-2022 20.55
8940,-58.2000985,35.526065,Hyderabad,Telangana,23-10-2022 12.05
8941,-6.5285575,148.1896,Chennai,Tamil Nadu,02-11-2024 9.30
8942,23.7854815,-177.749822,Kolkata,West Bengal,12-08-2023 17.33
8943,43.3241765,-103.615285,Pune,Maharashtra,08-01-2023 10.25
8944,82.2979885,91.246727,Ahmedabad,Gujarat,25-03-2024 11.58
8945,-75.807447,-148.617659,Mumbai,Maharashtra,16-06-2023 3.03
8946,-46.2032345,-146.455248,Delhi,Delhi,25-07-2025 23.54
8947,-35.8714855,-123.609995,Bangalore,Karnataka,14-02-2025 3.19
8948,29.9159735,115.68637,Hyderabad,Telangana,10-02-2025 8.03
8949,77.2078135,144.479855,Chennai,Tamil Nadu,21-10-2022 5.41
8950,-68.4763335,-131.968607,Kolkata,West Bengal,08-10-2023 3.06
8951,-81.293638,-172.909903,Pune,Maharashtra,27-06-2023 8.16
8952,-10.056157,74.929863,Ahmedabad,Gujarat,02-02-2023 17.59
8953,-25.3870845,-122.588195,Mumbai,Maharashtra,12-07-2025 0.03
8954,43.2465245,-126.902698,Delhi,Delhi,06-02-2025 9.38
8955,35.2613175,170.164149,Bangalore,Karnataka,14-12-2024 3.47
8956,21.3848455,-155.525571,Hyderabad,Telangana,15-01-2023 9.31
8957,79.205861,28.281086,Chennai,Tamil Nadu,04-04-2023 0.59
8958,5.235138,151.162921,Kolkata,West Bengal,23-10-2022 11.00
8959,46.184486,-41.288387,Pune,Maharashtra,05-01-2023 9.25
8960,66.1849865,167.899961,Ahmedabad,Gujarat,21-10-2023 21.55
8961,80.760528,70.535819,Mumbai,Maharashtra,27-10-2024 4.02
8962,-1.776875,15.774581,Delhi,Delhi,19-08-2022 23.39
8963,78.7616995,-115.317615,Bangalore,Karnataka,03-12-2022 0.33
8964,-34.6934305,54.907604,Hyderabad,Telangana,16-01-2024 15.26
8965,-30.016252,1.299769,Chennai,Tamil Nadu,05-11-2024 20.09
8966,-45.534077,-115.908428,Kolkata,West Bengal,09-09-2022 12.06
8967,36.8487025,-90.62829,Pune,Maharashtra,19-12-2024 8.09
8968,51.8639855,58.177727,Ahmedabad,Gujarat,25-10-2024 3.40
8969,-89.070378,73.227972,Mumbai,Maharashtra,07-03-2023 2.25
8970,35.622962,141.448399,Delhi,Delhi,31-10-2022 16.57
8971,-29.1463255,71.227811,Bangalore,Karnataka,26-01-2023 6.05
8972,21.535406,-123.207851,Hyderabad,Telangana,29-05-2024 6.43
8973,-82.6206085,116.634499,Chennai,Tamil Nadu,12-07-2025 14.59
8974,47.4351195,-120.37072,Kolkata,West Bengal,18-03-2025 14.20
8975,36.159739,-96.984335,Pune,Maharashtra,22-02-2023 22.44
8976,-35.5605895,139.825755,Ahmedabad,Gujarat,03-02-2025 21.24
8977,80.119161,26.264347,Mumbai,Maharashtra,30-08-2023 17.55
8978,39.1501425,83.286866,Delhi,Delhi,08-02-2023 17.05
8979,53.7401635,-73.718091,Bangalore,Karnataka,28-08-2024 0.30
8980,0.9588175,-58.299397,Hyderabad,Telangana,06-10-2022 23.25
8981,30.100357,45.069883,Chennai,Tamil Nadu,21-12-2024 17.49
8982,-61.534465,-176.255803,Kolkata,West Bengal,15-05-2023 3.59
8983,-13.0137925,113.684433,Pune,Maharashtra,28-08-2022 12.40
8984,57.3820655,16.675358,Ahmedabad,Gujarat,02-02-2024 23.57
8985,34.9626335,88.704588,Mumbai,Maharashtra,23-09-2022 5.49
8986,-86.0458165,-88.884181,Delhi,Delhi,13-05-2025 3.39
8987,-21.0407665,179.236257,Bangalore,Karnataka,03-11-2023 18.03
8988,-37.8820075,-107.547423,Hyderabad,Telangana,02-07-2023 16.10
8989,16.102164,-80.022319,Chennai,Tamil Nadu,14-04-2023 10.05
8990,-57.373906,29.757115,Kolkata,West Bengal,30-01-2025 5.37
8991,-79.785646,26.400975,Pune,Maharashtra,26-02-2025 5.46
8992,89.553702,25.313763,Ahmedabad,Gujarat,09-12-2024 1.08
8993,4.59976,64.755647,Mumbai,Maharashtra,12-09-2023 14.09
8994,16.9475815,177.761002,Delhi,Delhi,07-08-2024 19.38
8995,-84.651933,28.807104,Bangalore,Karnataka,22-06-2024 17.15
8996,5.6992025,-144.409099,Hyderabad,Telangana,14-06-2024 2.12
8997,76.3611955,-116.437613,Chennai,Tamil Nadu,22-08-2023 8.21
8998,65.1729235,15.784539,Kolkata,West Bengal,23-07-2025 1.36
8999,-51.8720835,-131.980824,Pune,Maharashtra,18-12-2023 7.50
9000,-75.257872,-118.023584,Ahmedabad,Gujarat,27-04-2024 22.21
9001,-9.954751,-102.050841,Mumbai,Maharashtra,30-03-2024 16.40
9002,-70.4848405,-177.631421,Delhi,Delhi,20-08-2024 12.43
9003,-87.410621,-63.18461,Bangalore,Karnataka,08-06-2023 8.14
9004,7.7047835,-155.078098,Hyderabad,Telangana,09-05-2025 4.26
9005,50.3063115,-41.472461,Chennai,Tamil Nadu,05-04-2023 12.30
9006,-14.282599,-66.247089,Kolkata,West Bengal,01-08-2025 3.08
9007,-59.799339,152.861458,Pune,Maharashtra,18-11-2024 9.33
9008,-30.3720585,130.250884,Ahmedabad,Gujarat,06-03-2023 2.14
9009,-12.5406945,110.892394,Mumbai,Maharashtra,03-11-2023 5.55
9010,45.1275155,-144.588845,Delhi,Delhi,13-07-2023 17.00
9011,-83.6689245,-174.513772,Bangalore,Karnataka,16-11-2023 14.17
9012,-61.240652,48.216515,Hyderabad,Telangana,23-02-2025 11.29
9013,-69.976257,-171.69446,Chennai,Tamil Nadu,09-12-2023 20.13
9014,-28.626754,-154.847211,Kolkata,West Bengal,22-03-2023 6.14
9015,-62.905736,17.73007,Pune,Maharashtra,24-11-2022 1.19
9016,11.2154645,75.696138,Ahmedabad,Gujarat,22-02-2024 22.18
9017,57.6527885,28.378258,Mumbai,Maharashtra,25-07-2025 2.14
9018,-11.938528,37.046105,Delhi,Delhi,21-08-2023 1.02
9019,-27.9676815,178.493727,Bangalore,Karnataka,16-03-2025 21.08
9020,-1.417683,-55.08488,Hyderabad,Telangana,29-11-2023 16.36
9021,57.626245,-131.297633,Chennai,Tamil Nadu,28-12-2022 13.09
9022,-89.1570415,-5.059734,Kolkata,West Bengal,31-08-2022 20.53
9023,-58.19267,-31.749926,Pune,Maharashtra,17-09-2024 23.58
9024,22.9069375,-40.640835,Ahmedabad,Gujarat,03-04-2023 20.31
9025,41.690132,91.42279,Mumbai,Maharashtra,30-01-2025 10.22
9026,23.947169,-114.351704,Delhi,Delhi,15-12-2023 12.51
9027,36.824654,-47.509974,Bangalore,Karnataka,09-12-2024 13.12
9028,0.452021,-7.690413,Hyderabad,Telangana,25-01-2023 0.51
9029,-53.273805,113.136167,Chennai,Tamil Nadu,01-12-2022 23.09
9030,30.5382855,84.505183,Kolkata,West Bengal,30-12-2023 5.29
9031,-63.5643265,-108.066596,Pune,Maharashtra,04-08-2023 4.14
9032,68.987698,19.778261,Ahmedabad,Gujarat,26-12-2024 14.28
9033,43.6138935,92.026936,Mumbai,Maharashtra,05-01-2023 7.11
9034,1.63478,14.49791,Delhi,Delhi,12-09-2023 14.44
9035,-48.455728,22.067764,Bangalore,Karnataka,24-04-2025 18.14
9036,-77.755466,141.348338,Hyderabad,Telangana,22-07-2024 19.37
9037,-46.8419795,-58.085878,Chennai,Tamil Nadu,22-03-2024 20.39
9038,-84.9370975,-97.585868,Kolkata,West Bengal,07-11-2023 14.21
9039,-11.423902,53.609541,Pune,Maharashtra,01-03-2024 19.49
9040,-14.788788,47.016671,Ahmedabad,Gujarat,23-07-2024 22.20
9041,35.7791425,-104.115215,Mumbai,Maharashtra,01-10-2022 7.43
9042,6.1275555,-145.28708,Delhi,Delhi,21-06-2024 6.09
9043,-62.6878675,-165.334582,Bangalore,Karnataka,21-07-2024 0.06
9044,-35.3534655,-147.172424,Hyderabad,Telangana,20-09-2024 3.06
9045,34.512517,-114.231678,Chennai,Tamil Nadu,18-02-2024 3.40
9046,13.152786,-38.494551,Kolkata,West Bengal,14-05-2025 17.12
9047,39.03272,105.37837,Pune,Maharashtra,27-04-2025 10.33
9048,-28.29202,78.31782,Ahmedabad,Gujarat,02-06-2025 17.34
9049,-73.5713645,-63.76045,Mumbai,Maharashtra,04-01-2023 2.52
9050,40.641088,-9.248113,Delhi,Delhi,25-11-2023 2.08
9051,-28.7239935,104.582536,Bangalore,Karnataka,30-08-2022 2.45
9052,-40.14821,57.45827,Hyderabad,Telangana,08-11-2023 22.49
9053,-70.432137,-18.018472,Chennai,Tamil Nadu,25-09-2024 2.57
9054,-2.9416505,66.433812,Kolkata,West Bengal,13-06-2025 19.44
9055,-41.394957,25.794776,Pune,Maharashtra,21-10-2022 17.19
9056,-46.5140875,122.055649,Ahmedabad,Gujarat,30-04-2023 17.08
9057,-0.7906335,-40.649697,Mumbai,Maharashtra,09-04-2024 1.33
9058,51.7546725,36.265907,Delhi,Delhi,22-03-2023 11.28
9059,31.029025,-80.176107,Bangalore,Karnataka,14-12-2024 12.10
9060,48.564882,-18.800546,Hyderabad,Telangana,15-10-2022 7.49
9061,30.4456145,43.670869,Chennai,Tamil Nadu,01-06-2024 4.01
9062,-22.7108355,-106.928245,Kolkata,West Bengal,21-08-2022 7.43
9063,29.539557,170.417067,Pune,Maharashtra,13-03-2024 9.02
9064,-34.4675695,-102.788921,Ahmedabad,Gujarat,17-08-2024 6.08
9065,-71.854355,-69.121539,Mumbai,Maharashtra,12-01-2024 19.23
9066,-34.099439,114.468247,Delhi,Delhi,19-04-2024 2.23
9067,37.74521,44.180627,Bangalore,Karnataka,14-07-2025 18.01
9068,-52.8584225,12.272014,Hyderabad,Telangana,28-02-2025 5.23
9069,-56.3434685,-63.022214,Chennai,Tamil Nadu,04-11-2024 3.18
9070,25.759401,90.555933,Kolkata,West Bengal,12-08-2024 12.22
9071,73.0427205,-152.019244,Pune,Maharashtra,27-04-2024 17.19
9072,-81.890688,-38.67075,Ahmedabad,Gujarat,16-10-2024 11.52
9073,50.476447,31.1966,Mumbai,Maharashtra,08-02-2025 22.19
9074,-27.2516145,-85.314812,Delhi,Delhi,02-11-2022 17.17
9075,-0.1791085,18.919431,Bangalore,Karnataka,05-08-2023 21.30
9076,-20.2850985,-176.764582,Hyderabad,Telangana,26-01-2024 3.52
9077,-83.181916,101.763972,Chennai,Tamil Nadu,28-02-2025 14.24
9078,-51.133162,74.619281,Kolkata,West Bengal,12-06-2023 1.20
9079,65.077983,44.476488,Pune,Maharashtra,13-12-2022 12.50
9080,-2.12178,140.072338,Ahmedabad,Gujarat,03-07-2024 10.03
9081,25.1760705,-41.824259,Mumbai,Maharashtra,19-08-2022 1.37
9082,-5.6386265,-77.000214,Delhi,Delhi,29-06-2025 12.01
9083,86.157445,-7.305253,Bangalore,Karnataka,05-05-2024 13.51
9084,30.85819,-148.983354,Hyderabad,Telangana,10-08-2024 4.41
9085,44.2691675,139.641535,Chennai,Tamil Nadu,25-07-2024 4.03
9086,44.1671155,1.999736,Kolkata,West Bengal,22-01-2024 3.15
9087,-21.631891,-94.752836,Pune,Maharashtra,13-06-2024 3.58
9088,-69.3373305,134.9803,Ahmedabad,Gujarat,03-08-2025 16.33
9089,-82.5854765,-50.485232,Mumbai,Maharashtra,31-10-2024 23.04
9090,-20.294835,-100.992694,Delhi,Delhi,13-05-2023 9.43
9091,38.0052935,-67.226032,Bangalore,Karnataka,21-04-2024 12.20
9092,-55.039526,64.51338,Hyderabad,Telangana,21-06-2023 17.30
9093,-41.611185,-147.983008,Chennai,Tamil Nadu,05-05-2023 20.22
9094,-42.9053635,165.457611,Kolkata,West Bengal,22-03-2023 1.11
9095,39.424903,-124.547973,Pune,Maharashtra,17-01-2023 15.45
9096,-69.8643195,69.531452,Ahmedabad,Gujarat,03-03-2024 15.49
9097,84.818274,83.118152,Mumbai,Maharashtra,27-05-2024 23.56
9098,72.8724845,-115.203971,Delhi,Delhi,07-09-2024 8.37
9099,-61.3826455,47.06117,Bangalore,Karnataka,17-04-2023 16.50
9100,-74.6438375,-21.876484,Hyderabad,Telangana,07-04-2023 4.32
9101,75.5677905,111.625774,Chennai,Tamil Nadu,05-03-2024 3.30
9102,-59.3929765,-24.871086,Kolkata,West Bengal,25-09-2023 23.39
9103,58.307149,36.975473,Pune,Maharashtra,17-01-2025 21.00
9104,58.568009,-55.076066,Ahmedabad,Gujarat,24-09-2022 15.32
9105,10.6087775,-85.660283,Mumbai,Maharashtra,13-01-2023 5.26
9106,24.039765,130.625373,Delhi,Delhi,17-08-2022 13.25
9107,-34.3451855,133.808636,Bangalore,Karnataka,10-05-2023 16.14
9108,-39.754129,-164.115077,Hyderabad,Telangana,12-05-2023 5.57
9109,20.919857,125.285681,Chennai,Tamil Nadu,06-12-2024 2.33
9110,-86.2649425,-128.645422,Kolkata,West Bengal,22-09-2023 18.42
9111,-40.504603,33.417284,Pune,Maharashtra,26-09-2023 15.47
9112,42.9978645,-138.428924,Ahmedabad,Gujarat,07-11-2022 9.43
9113,23.361067,113.328649,Mumbai,Maharashtra,13-09-2022 14.30
9114,-70.819519,61.901657,Delhi,Delhi,27-07-2024 0.02
9115,-84.8120015,-64.015678,Bangalore,Karnataka,08-12-2022 5.13
9116,17.390854,-75.837303,Hyderabad,Telangana,27-06-2024 15.13
9117,-79.440377,3.842511,Chennai,Tamil Nadu,04-07-2025 20.15
9118,-87.106183,-162.337951,Kolkata,West Bengal,31-10-2023 17.10
9119,66.5790795,-73.546813,Pune,Maharashtra,25-06-2023 12.21
9120,-40.4066435,41.872009,Ahmedabad,Gujarat,18-07-2024 2.58
9121,-40.7314075,-43.739382,Mumbai,Maharashtra,13-10-2023 18.50
9122,11.1290625,130.081652,Delhi,Delhi,19-07-2023 2.58
9123,-59.6312375,56.528998,Bangalore,Karnataka,10-04-2023 18.06
9124,61.1832285,-30.407871,Hyderabad,Telangana,24-06-2024 10.54
9125,26.294624,-50.256568,Chennai,Tamil Nadu,14-12-2024 19.52
9126,-88.5694065,109.873379,Kolkata,West Bengal,16-07-2023 15.54
9127,61.0812845,-162.545621,Pune,Maharashtra,14-04-2024 3.31
9128,-2.732601,-40.354743,Ahmedabad,Gujarat,07-11-2022 21.29
9129,-48.0505835,7.794249,Mumbai,Maharashtra,18-03-2025 22.16
9130,74.483332,115.301386,Delhi,Delhi,23-12-2023 6.59
9131,-60.814165,144.06771,Bangalore,Karnataka,11-07-2023 12.33
9132,72.325947,-59.275806,Hyderabad,Telangana,18-02-2023 23.22
9133,34.021833,-95.172423,Chennai,Tamil Nadu,09-09-2024 14.10
9134,-41.6326655,110.403214,Kolkata,West Bengal,18-12-2022 12.05
9135,-47.032793,127.407949,Pune,Maharashtra,04-02-2023 10.52
9136,14.0500655,-60.702628,Ahmedabad,Gujarat,28-01-2024 0.55
9137,85.0782775,-154.360118,Mumbai,Maharashtra,11-11-2023 23.50
9138,61.1861355,50.445376,Delhi,Delhi,05-11-2022 18.33
9139,-56.3278205,51.094519,Bangalore,Karnataka,18-05-2024 10.49
9140,31.4838215,32.135335,Hyderabad,Telangana,04-05-2025 16.27
9141,-1.1135885,-87.848538,Chennai,Tamil Nadu,10-07-2024 0.19
9142,-45.3848345,116.870697,Kolkata,West Bengal,02-05-2025 13.44
9143,-8.4701395,11.07113,Pune,Maharashtra,20-06-2023 10.27
9144,67.8701405,82.665153,Ahmedabad,Gujarat,20-09-2023 15.46
9145,77.3503625,156.404285,Mumbai,Maharashtra,01-02-2025 6.14
9146,10.296815,-167.439947,Delhi,Delhi,08-07-2024 12.01
9147,-89.846847,91.477094,Bangalore,Karnataka,30-11-2024 17.30
9148,26.7289055,-18.212544,Hyderabad,Telangana,09-08-2022 16.14
9149,22.3928115,85.837915,Chennai,Tamil Nadu,20-02-2024 20.20
9150,20.805667,-168.349688,Kolkata,West Bengal,25-04-2023 21.07
9151,-78.029162,112.938402,Pune,Maharashtra,21-08-2022 5.38
9152,88.53839,-124.550501,Ahmedabad,Gujarat,30-12-2024 2.38
9153,-43.89424,139.449931,Mumbai,Maharashtra,16-10-2022 12.18
9154,-45.4654965,-80.050329,Delhi,Delhi,04-12-2022 3.08
9155,9.697905,-19.318254,Bangalore,Karnataka,10-08-2023 8.51
9156,76.3485195,-162.511735,Hyderabad,Telangana,13-10-2023 12.29
9157,-20.462315,111.09887,Chennai,Tamil Nadu,10-01-2025 13.42
9158,-80.713534,133.952221,Kolkata,West Bengal,21-07-2023 3.13
9159,-43.465983,-95.777059,Pune,Maharashtra,28-01-2024 17.07
9160,-38.345365,-47.249975,Ahmedabad,Gujarat,21-06-2023 19.17
9161,-43.4766025,-176.477838,Mumbai,Maharashtra,22-04-2023 23.16
9162,-24.319611,11.942566,Delhi,Delhi,17-11-2022 18.58
9163,-79.0647435,-97.341082,Bangalore,Karnataka,08-03-2024 16.54
9164,85.01348,-2.089168,Hyderabad,Telangana,21-01-2024 19.27
9165,-74.060418,-119.053288,Chennai,Tamil Nadu,22-03-2025 16.06
9166,-29.2686025,1.271579,Kolkata,West Bengal,20-10-2023 0.36
9167,-1.8026325,-162.073747,Pune,Maharashtra,22-07-2023 11.29
9168,18.668075,131.86577,Ahmedabad,Gujarat,26-09-2024 17.40
9169,58.816321,120.788447,Mumbai,Maharashtra,21-10-2023 19.44
9170,-34.124825,154.890212,Delhi,Delhi,02-06-2023 3.42
9171,-24.071379,-76.519149,Bangalore,Karnataka,14-04-2023 7.33
9172,-10.9341495,-47.774183,Hyderabad,Telangana,08-04-2024 13.53
9173,-46.1882795,137.87885,Chennai,Tamil Nadu,29-05-2024 6.49
9174,-54.496001,-176.111736,Kolkata,West Bengal,17-11-2024 4.06
9175,-82.84558,6.197367,Pune,Maharashtra,29-12-2024 0.01
9176,54.516473,166.340513,Ahmedabad,Gujarat,29-07-2023 9.35
9177,-57.1303875,-112.179458,Mumbai,Maharashtra,27-09-2023 22.39
9178,-17.4626085,-131.431506,Delhi,Delhi,13-04-2023 12.34
9179,65.6355315,-149.112631,Bangalore,Karnataka,25-06-2024 14.06
9180,-0.519789,141.287308,Hyderabad,Telangana,06-04-2024 13.42
9181,-5.9644225,148.419254,Chennai,Tamil Nadu,24-02-2025 4.30
9182,75.0309175,-108.114433,Kolkata,West Bengal,01-11-2022 0.33
9183,-58.350279,-103.419154,Pune,Maharashtra,17-08-2023 9.45
9184,43.254843,35.547496,Ahmedabad,Gujarat,09-06-2023 1.30
9185,-69.7991685,78.300471,Mumbai,Maharashtra,19-07-2024 14.18
9186,-7.056127,135.679102,Delhi,Delhi,04-03-2024 18.03
9187,-15.4138155,-94.07214,Bangalore,Karnataka,15-11-2022 4.44
9188,-86.0036755,26.121268,Hyderabad,Telangana,15-05-2023 11.06
9189,69.7989715,-36.010312,Chennai,Tamil Nadu,26-04-2025 23.22
9190,-65.060535,124.060712,Kolkata,West Bengal,16-06-2023 22.12
9191,30.295784,3.554998,Pune,Maharashtra,28-03-2025 19.05
9192,-63.749989,134.583192,Ahmedabad,Gujarat,27-02-2023 1.56
9193,-41.463792,32.344908,Mumbai,Maharashtra,28-06-2024 16.57
9194,-69.5952755,-57.013606,Delhi,Delhi,07-01-2023 11.50
9195,39.2832345,19.918401,Bangalore,Karnataka,31-07-2023 22.16
9196,17.584172,-111.222094,Hyderabad,Telangana,24-05-2024 7.25
9197,-16.4300345,74.182903,Chennai,Tamil Nadu,13-12-2023 2.51
9198,-49.4273845,178.511546,Kolkata,West Bengal,03-10-2024 13.48
9199,78.994967,34.019198,Pune,Maharashtra,31-08-2023 14.48
9200,12.836318,-124.763705,Ahmedabad,Gujarat,13-03-2023 17.26
9201,-83.1804415,153.295276,Mumbai,Maharashtra,27-05-2024 16.22
9202,-57.662781,60.823578,Delhi,Delhi,26-07-2023 9.54
9203,-82.899962,-177.579,Bangalore,Karnataka,08-01-2025 11.43
9204,69.2067855,-94.992293,Hyderabad,Telangana,26-05-2025 9.02
9205,53.088473,-35.807375,Chennai,Tamil Nadu,08-12-2023 7.24
9206,-53.1092975,-34.78602,Kolkata,West Bengal,08-11-2022 5.38
9207,-38.7149055,-90.763818,Pune,Maharashtra,04-08-2025 18.10
9208,-61.574102,-146.287406,Ahmedabad,Gujarat,06-02-2024 0.05
9209,-28.1869115,-1.831392,Mumbai,Maharashtra,07-02-2024 5.39
9210,-87.333606,-9.385077,Delhi,Delhi,29-12-2022 12.04
9211,-17.279283,-67.319529,Bangalore,Karnataka,10-03-2023 3.56
9212,-63.0578015,132.398039,Hyderabad,Telangana,25-04-2025 7.29
9213,-61.796168,-19.200345,Chennai,Tamil Nadu,09-08-2023 16.41
9214,88.8291185,-153.495024,Kolkata,West Bengal,17-10-2024 3.14
9215,28.5455535,80.443843,Pune,Maharashtra,08-02-2025 20.45
9216,33.7475325,162.368621,Ahmedabad,Gujarat,10-03-2023 7.03
9217,-19.9575845,70.255807,Mumbai,Maharashtra,02-03-2025 21.36
9218,-55.9490145,20.983926,Delhi,Delhi,15-07-2025 23.41
9219,-22.5356525,-109.512985,Bangalore,Karnataka,31-03-2023 12.38
9220,-64.9216005,89.358002,Hyderabad,Telangana,29-11-2024 8.52
9221,-26.5775605,-43.434891,Chennai,Tamil Nadu,07-04-2025 8.19
9222,-3.7420035,109.749567,Kolkata,West Bengal,22-01-2023 9.15
9223,68.5650285,-83.184629,Pune,Maharashtra,16-08-2022 21.01
9224,-8.795292,111.376777,Ahmedabad,Gujarat,24-08-2024 19.37
9225,42.2415525,-157.748127,Mumbai,Maharashtra,05-06-2024 12.49
9226,42.2606475,160.401583,Delhi,Delhi,21-03-2024 1.50
9227,64.2379435,-73.552316,Bangalore,Karnataka,25-06-2023 23.12
9228,-27.057749,-88.648447,Hyderabad,Telangana,05-02-2025 4.28
9229,68.2608945,119.675987,Chennai,Tamil Nadu,03-06-2024 7.45
9230,5.1040395,-128.849621,Kolkata,West Bengal,12-02-2024 10.16
9231,75.761904,-149.312568,Pune,Maharashtra,20-04-2023 2.32
9232,1.346789,70.863642,Ahmedabad,Gujarat,25-11-2024 17.05
9233,88.6470625,-24.395419,Mumbai,Maharashtra,08-06-2024 10.30
9234,-16.1971285,-149.221161,Delhi,Delhi,20-10-2024 18.30
9235,-0.465089,161.739709,Bangalore,Karnataka,25-09-2024 10.27
9236,6.442757,103.087576,Hyderabad,Telangana,06-11-2024 7.10
9237,-38.4320885,110.708013,Chennai,Tamil Nadu,29-04-2023 5.16
9238,-3.9291215,54.743108,Kolkata,West Bengal,16-08-2024 14.53
9239,-53.767742,37.180812,Pune,Maharashtra,29-04-2023 9.11
9240,-85.170992,92.684993,Ahmedabad,Gujarat,22-09-2023 18.07
9241,16.8100875,78.908694,Mumbai,Maharashtra,16-02-2023 0.51
9242,86.7545865,133.801619,Delhi,Delhi,23-04-2023 18.14
9243,7.2843915,-16.1773,Bangalore,Karnataka,07-07-2023 23.39
9244,81.1673185,-8.801457,Hyderabad,Telangana,07-03-2024 3.21
9245,-68.484067,134.392806,Chennai,Tamil Nadu,04-04-2024 23.14
9246,-44.6953415,118.204488,Kolkata,West Bengal,09-04-2023 9.05
9247,-43.6644125,-81.448272,Pune,Maharashtra,31-01-2024 14.43
9248,-87.6853235,-122.936236,Ahmedabad,Gujarat,10-11-2024 18.30
9249,-40.782082,9.337594,Mumbai,Maharashtra,01-06-2025 8.20
9250,80.625506,37.827321,Delhi,Delhi,23-04-2023 7.50
9251,-9.502722,60.100553,Bangalore,Karnataka,29-04-2023 16.43
9252,58.3027075,40.755498,Hyderabad,Telangana,25-05-2023 11.36
9253,68.1037545,-44.734284,Chennai,Tamil Nadu,12-05-2023 9.34
9254,83.44127,-173.175093,Kolkata,West Bengal,24-12-2022 3.32
9255,-44.4929265,-92.744922,Pune,Maharashtra,22-08-2023 0.00
9256,-16.575663,-133.190488,Ahmedabad,Gujarat,25-10-2023 22.02
9257,62.936162,127.840535,Mumbai,Maharashtra,04-05-2023 4.50
9258,69.4564725,-173.855689,Delhi,Delhi,26-08-2022 5.30
9259,72.533517,171.717156,Bangalore,Karnataka,14-05-2024 21.58
9260,15.876043,-88.602593,Hyderabad,Telangana,17-07-2025 20.25
9261,29.0199935,-158.65538,Chennai,Tamil Nadu,02-03-2023 2.15
9262,20.0342005,33.944089,Kolkata,West Bengal,05-08-2022 17.26
9263,-19.5957685,3.980905,Pune,Maharashtra,26-10-2022 1.53
9264,65.8838105,13.974953,Ahmedabad,Gujarat,03-06-2024 19.19
9265,-37.868409,-80.618994,Mumbai,Maharashtra,17-11-2022 0.59
9266,38.101168,-26.970139,Delhi,Delhi,06-05-2025 10.45
9267,-79.440254,-169.926664,Bangalore,Karnataka,31-07-2023 2.53
9268,74.9598245,-139.803841,Hyderabad,Telangana,21-10-2022 20.44
9269,-67.34346,128.658265,Chennai,Tamil Nadu,12-07-2023 11.45
9270,-24.069482,19.037124,Kolkata,West Bengal,13-06-2023 6.19
9271,54.6178065,152.423465,Pune,Maharashtra,08-05-2023 7.01
9272,-53.9038115,-93.927725,Ahmedabad,Gujarat,11-11-2023 1.58
9273,34.4682485,-129.724106,Mumbai,Maharashtra,18-12-2022 6.00
9274,68.8832535,-60.711157,Delhi,Delhi,21-03-2024 6.13
9275,-88.446022,-154.886839,Bangalore,Karnataka,18-05-2024 14.12
9276,-84.2909995,103.938464,Hyderabad,Telangana,16-03-2023 8.47
9277,33.857083,80.840629,Chennai,Tamil Nadu,25-05-2025 4.22
9278,-79.9949095,-8.002238,Kolkata,West Bengal,17-04-2024 16.22
9279,-14.573233,34.873606,Pune,Maharashtra,24-01-2023 14.48
9280,22.2020765,-150.529599,Ahmedabad,Gujarat,10-08-2024 16.18
9281,27.0181125,-110.314637,Mumbai,Maharashtra,03-04-2024 14.53
9282,-14.4675795,-62.753494,Delhi,Delhi,30-10-2024 0.34
9283,5.0230875,-174.457683,Bangalore,Karnataka,28-08-2022 5.15
9284,63.6639725,-5.213931,Hyderabad,Telangana,25-07-2023 22.44
9285,34.293357,-86.872143,Chennai,Tamil Nadu,11-06-2023 20.30
9286,-17.152818,47.45033,Kolkata,West Bengal,23-12-2022 8.36
9287,29.3713395,48.498015,Pune,Maharashtra,25-05-2025 2.50
9288,-50.643838,-60.31462,Ahmedabad,Gujarat,16-06-2025 6.34
9289,-60.11665,-69.626857,Mumbai,Maharashtra,09-06-2023 6.42
9290,20.156945,-118.439055,Delhi,Delhi,24-08-2022 15.42
9291,82.580944,151.366476,Bangalore,Karnataka,11-09-2023 15.32
9292,-14.0020875,-129.988606,Hyderabad,Telangana,11-06-2024 12.23
9293,-9.5578715,-106.332243,Chennai,Tamil Nadu,12-06-2023 2.38
9294,-63.386832,28.890787,Kolkata,West Bengal,29-01-2024 10.38
9295,-15.9059665,-25.539323,Pune,Maharashtra,02-02-2023 0.23
9296,-37.218236,66.835365,Ahmedabad,Gujarat,09-05-2023 21.48
9297,34.533116,72.258652,Mumbai,Maharashtra,24-05-2025 6.37
9298,14.249994,100.97617,Delhi,Delhi,18-02-2024 17.02
9299,37.938697,45.605645,Bangalore,Karnataka,23-09-2022 12.06
9300,23.2770355,-68.100944,Hyderabad,Telangana,30-08-2023 6.30
9301,72.243776,-23.063243,Chennai,Tamil Nadu,12-05-2023 1.24
9302,77.416667,-155.839254,Kolkata,West Bengal,10-10-2023 8.04
9303,25.042545,-142.708175,Pune,Maharashtra,09-08-2024 17.11
9304,-2.008523,2.633218,Ahmedabad,Gujarat,07-01-2023 19.45
9305,47.3307895,115.536169,Mumbai,Maharashtra,21-06-2024 0.06
9306,-84.692275,-133.537763,Delhi,Delhi,11-09-2024 9.21
9307,76.355506,150.441782,Bangalore,Karnataka,29-12-2024 11.15
9308,-39.323242,-87.424381,Hyderabad,Telangana,14-11-2023 0.50
9309,-40.942852,-157.893605,Chennai,Tamil Nadu,24-04-2023 9.50
9310,-12.950668,120.842014,Kolkata,West Bengal,11-07-2023 20.20
9311,29.5333225,-14.830346,Pune,Maharashtra,23-09-2023 12.08
9312,-18.242078,-138.247867,Ahmedabad,Gujarat,14-09-2024 4.18
9313,-44.8442525,-62.412227,Mumbai,Maharashtra,26-09-2023 16.55
9314,2.7043065,49.995843,Delhi,Delhi,08-01-2024 2.56
9315,-37.2871635,88.963284,Bangalore,Karnataka,31-03-2024 4.49
9316,63.706006,-42.814221,Hyderabad,Telangana,02-07-2024 6.35
9317,63.0813875,-174.212388,Chennai,Tamil Nadu,19-04-2023 10.49
9318,6.35099,-22.470318,Kolkata,West Bengal,15-11-2024 2.14
9319,9.2467955,-58.992251,Pune,Maharashtra,15-03-2024 7.45
9320,-53.273875,44.423646,Ahmedabad,Gujarat,21-12-2024 8.38
9321,62.4230135,-157.740023,Mumbai,Maharashtra,15-10-2023 15.59
9322,35.5232325,-87.144629,Delhi,Delhi,08-06-2023 17.00
9323,48.436914,52.934029,Bangalore,Karnataka,22-09-2023 21.40
9324,-73.0297055,170.489174,Hyderabad,Telangana,24-08-2022 2.55
9325,-89.1375425,139.771118,Chennai,Tamil Nadu,13-01-2024 19.29
9326,-29.028506,88.897063,Kolkata,West Bengal,11-01-2024 4.34
9327,77.992665,-11.985013,Pune,Maharashtra,22-08-2024 15.39
9328,-18.081608,-86.379871,Ahmedabad,Gujarat,25-12-2022 6.46
9329,14.9085575,-30.466887,Mumbai,Maharashtra,04-08-2023 13.23
9330,-3.755155,136.735785,Delhi,Delhi,27-02-2025 16.51
9331,-85.70411,-162.550954,Bangalore,Karnataka,24-01-2025 18.02
9332,-30.843669,76.063582,Hyderabad,Telangana,11-11-2024 7.26
9333,-69.1552945,-39.420221,Chennai,Tamil Nadu,14-06-2025 4.47
9334,24.7134905,-153.204262,Kolkata,West Bengal,21-11-2023 17.12
9335,41.1921245,167.647215,Pune,Maharashtra,17-04-2025 22.09
9336,20.2102575,-129.607553,Ahmedabad,Gujarat,04-11-2023 10.27
9337,-30.3727045,64.604128,Mumbai,Maharashtra,28-09-2024 3.03
9338,50.2710245,-39.380605,Delhi,Delhi,07-10-2023 19.05
9339,-33.0168795,65.369565,Bangalore,Karnataka,23-10-2022 22.13
9340,16.3485685,21.421341,Hyderabad,Telangana,11-12-2022 6.38
9341,55.5543495,62.328637,Chennai,Tamil Nadu,13-05-2025 22.03
9342,4.3289445,43.143839,Kolkata,West Bengal,07-09-2023 15.48
9343,21.1574685,70.908677,Pune,Maharashtra,25-02-2023 10.12
9344,14.0722765,-54.458078,Ahmedabad,Gujarat,24-04-2024 3.23
9345,58.566325,-143.952573,Mumbai,Maharashtra,27-02-2024 14.42
9346,86.9315995,-20.584434,Delhi,Delhi,18-07-2025 10.42
9347,-66.611778,98.886836,Bangalore,Karnataka,06-03-2024 10.00
9348,48.9231855,146.916143,Hyderabad,Telangana,08-01-2025 18.07
9349,-80.991825,-147.889499,Chennai,Tamil Nadu,25-03-2023 1.04
9350,31.5506525,75.216591,Kolkata,West Bengal,21-07-2025 4.43
9351,-45.188147,129.70186,Pune,Maharashtra,23-01-2023 5.13
9352,-87.022253,97.574714,Ahmedabad,Gujarat,26-11-2023 21.45
9353,-0.202568,-157.983088,Mumbai,Maharashtra,23-07-2025 21.05
9354,31.9829845,168.865201,Delhi,Delhi,25-12-2024 12.50
9355,13.3634215,-169.029652,Bangalore,Karnataka,29-10-2023 22.19
9356,-26.5987945,15.067172,Hyderabad,Telangana,06-05-2024 4.54
9357,24.999005,-162.140346,Chennai,Tamil Nadu,11-01-2024 13.42
9358,-80.200769,-57.650547,Kolkata,West Bengal,25-08-2023 13.33
9359,29.240917,-36.650604,Pune,Maharashtra,26-05-2024 6.09
9360,68.951407,93.372549,Ahmedabad,Gujarat,21-08-2023 22.38
9361,-33.28656,-165.477762,Mumbai,Maharashtra,12-04-2024 1.32
9362,39.6669365,166.073493,Delhi,Delhi,18-06-2024 21.49
9363,88.7436295,-66.725423,Bangalore,Karnataka,08-09-2022 21.54
9364,18.59597,72.867917,Hyderabad,Telangana,29-07-2025 1.34
9365,-57.7225765,114.201846,Chennai,Tamil Nadu,04-03-2023 1.15
9366,-40.866543,-81.532495,Kolkata,West Bengal,19-05-2024 18.27
9367,20.142452,75.214948,Pune,Maharashtra,14-01-2025 0.14
9368,82.4357115,-29.026915,Ahmedabad,Gujarat,09-12-2022 14.40
9369,74.902146,-171.332385,Mumbai,Maharashtra,08-10-2024 13.17
9370,31.3655645,92.776189,Delhi,Delhi,06-05-2025 11.45
9371,46.1146805,51.341923,Bangalore,Karnataka,29-12-2023 13.52
9372,-31.473022,89.713939,Hyderabad,Telangana,30-12-2023 4.32
9373,70.4692975,-154.93305,Chennai,Tamil Nadu,28-03-2024 20.31
9374,36.360137,-69.809285,Kolkata,West Bengal,10-01-2025 21.51
9375,21.3228795,-70.290252,Pune,Maharashtra,21-11-2023 15.32
9376,-44.591469,96.508521,Ahmedabad,Gujarat,17-07-2025 19.30
9377,75.8709225,90.429944,Mumbai,Maharashtra,22-08-2024 10.46
9378,17.3218215,-167.077307,Delhi,Delhi,07-12-2023 13.02
9379,81.176047,-6.777073,Bangalore,Karnataka,08-09-2022 9.00
9380,80.9398675,-17.498133,Hyderabad,Telangana,08-01-2025 8.44
9381,-52.9423915,-105.375526,Chennai,Tamil Nadu,04-02-2023 13.40
9382,32.248532,-148.494963,Kolkata,West Bengal,16-09-2023 21.48
9383,83.9224715,121.203066,Pune,Maharashtra,22-05-2024 19.27
9384,-69.129277,112.629567,Ahmedabad,Gujarat,20-04-2024 0.14
9385,28.858364,-164.033702,Mumbai,Maharashtra,28-04-2024 19.20
9386,14.8922715,-69.4407,Delhi,Delhi,22-05-2023 13.22
9387,-73.573832,-142.564992,Bangalore,Karnataka,21-04-2024 4.04
9388,-46.282792,130.247192,Hyderabad,Telangana,20-06-2025 17.32
9389,-86.0190925,74.780984,Chennai,Tamil Nadu,30-05-2023 1.46
9390,65.7507075,132.112226,Kolkata,West Bengal,07-05-2023 18.53
9391,46.6256435,150.55662,Pune,Maharashtra,07-12-2022 18.18
9392,62.109044,108.035421,Ahmedabad,Gujarat,10-04-2023 11.43
9393,41.677808,-115.576546,Mumbai,Maharashtra,25-12-2024 3.37
9394,-48.6828285,44.776878,Delhi,Delhi,31-07-2025 12.39
9395,-3.333423,-70.438861,Bangalore,Karnataka,02-08-2023 21.18
9396,34.460248,-131.446993,Hyderabad,Telangana,16-07-2024 2.37
9397,-88.3690385,106.631869,Chennai,Tamil Nadu,23-05-2024 6.40
9398,-7.3323545,147.891741,Kolkata,West Bengal,16-09-2023 23.46
9399,-43.932269,37.553588,Pune,Maharashtra,02-02-2025 16.50
9400,-11.633831,-95.316627,Ahmedabad,Gujarat,21-09-2022 6.27
9401,-34.6360375,137.483126,Mumbai,Maharashtra,14-11-2024 7.27
9402,88.4742785,-54.148064,Delhi,Delhi,18-12-2022 15.30
9403,-26.2719945,-4.531826,Bangalore,Karnataka,18-11-2023 5.46
9404,81.7271965,142.930028,Hyderabad,Telangana,15-07-2025 20.08
9405,-84.825185,-119.357893,Chennai,Tamil Nadu,17-10-2023 20.17
9406,6.3126365,123.643877,Kolkata,West Bengal,10-03-2025 17.11
9407,22.3527985,61.399259,Pune,Maharashtra,15-09-2022 22.49
9408,12.1078435,141.486034,Ahmedabad,Gujarat,11-05-2023 9.25
9409,-72.951825,151.211892,Mumbai,Maharashtra,15-01-2024 11.34
9410,54.5815445,55.787911,Delhi,Delhi,27-05-2023 6.24
9411,-89.465342,17.495711,Bangalore,Karnataka,10-09-2023 20.28
9412,73.0096255,104.81106,Hyderabad,Telangana,14-04-2023 15.11
9413,-17.1051775,-55.445811,Chennai,Tamil Nadu,24-12-2024 11.10
9414,47.607983,-30.78421,Kolkata,West Bengal,24-05-2025 13.57
9415,-24.1373065,-150.846033,Pune,Maharashtra,23-07-2025 16.15
9416,-50.621034,-139.54963,Ahmedabad,Gujarat,29-07-2024 2.34
9417,54.626902,-120.060488,Mumbai,Maharashtra,09-05-2024 21.55
9418,36.5608695,89.50809,Delhi,Delhi,14-08-2022 0.18
9419,13.7139655,160.385652,Bangalore,Karnataka,12-03-2024 20.17
9420,82.038433,-34.465407,Hyderabad,Telangana,31-05-2025 18.45
9421,-30.4626275,-118.851596,Chennai,Tamil Nadu,21-01-2024 7.48
9422,83.194512,103.308894,Kolkata,West Bengal,22-01-2025 4.25
9423,-76.093689,-124.725839,Pune,Maharashtra,17-03-2024 1.16
9424,84.6149505,-44.387619,Ahmedabad,Gujarat,23-01-2025 18.28
9425,86.6761055,-103.808962,Mumbai,Maharashtra,17-05-2025 8.57
9426,47.171112,-129.988532,Delhi,Delhi,28-12-2023 18.08
9427,-89.6046745,-72.779817,Bangalore,Karnataka,02-07-2024 11.32
9428,-77.549601,-118.561758,Hyderabad,Telangana,13-08-2024 17.06
9429,-75.3973235,141.627051,Chennai,Tamil Nadu,04-04-2023 19.10
9430,20.6668885,158.663948,Kolkata,West Bengal,11-11-2023 19.18
9431,-78.583095,59.587521,Pune,Maharashtra,18-10-2022 18.59
9432,-35.350007,-163.309851,Ahmedabad,Gujarat,10-10-2024 12.53
9433,78.8737855,109.599571,Mumbai,Maharashtra,23-09-2022 4.37
9434,48.9371945,163.931255,Delhi,Delhi,15-11-2022 5.37
9435,31.939919,-94.458195,Bangalore,Karnataka,21-04-2024 0.02
9436,-49.674918,103.83943,Hyderabad,Telangana,19-04-2023 14.25
9437,71.232609,42.596929,Chennai,Tamil Nadu,07-12-2024 3.43
9438,-43.3316255,169.654352,Kolkata,West Bengal,08-11-2023 3.16
9439,-9.6982345,102.704054,Pune,Maharashtra,25-12-2023 3.41
9440,-81.895741,174.610413,Ahmedabad,Gujarat,04-09-2022 5.35
9441,32.8476825,-100.916141,Mumbai,Maharashtra,15-10-2024 10.48
9442,46.2692075,174.211903,Delhi,Delhi,21-01-2025 11.50
9443,0.9671545,123.303558,Bangalore,Karnataka,17-05-2023 22.42
9444,82.2244135,167.272726,Hyderabad,Telangana,30-07-2024 16.32
9445,79.4756185,-32.032964,Chennai,Tamil Nadu,21-12-2022 7.36
9446,-69.797019,44.921194,Kolkata,West Bengal,20-11-2024 22.49
9447,-89.4142115,47.086919,Pune,Maharashtra,10-02-2025 12.08
9448,-59.845767,142.037072,Ahmedabad,Gujarat,25-03-2024 5.33
9449,-60.424133,-87.931737,Mumbai,Maharashtra,07-08-2024 22.55
9450,19.023587,30.406756,Delhi,Delhi,27-02-2023 1.39
9451,-85.824222,119.289059,Bangalore,Karnataka,25-09-2022 18.04
9452,52.373811,-108.344442,Hyderabad,Telangana,31-08-2022 8.28
9453,-25.5465695,155.490871,Chennai,Tamil Nadu,07-02-2023 19.55
9454,32.4842755,-149.495753,Kolkata,West Bengal,18-04-2025 17.14
9455,-42.9619855,46.172564,Pune,Maharashtra,03-06-2023 16.08
9456,-18.9820165,-29.348099,Ahmedabad,Gujarat,27-09-2023 17.21
9457,-31.389258,-4.945954,Mumbai,Maharashtra,14-02-2025 10.19
9458,12.404151,158.3436,Delhi,Delhi,12-05-2025 13.49
9459,-40.6399745,164.630875,Bangalore,Karnataka,02-09-2023 11.49
9460,-0.340444,100.204026,Hyderabad,Telangana,27-06-2025 9.53
9461,40.071197,-176.848739,Chennai,Tamil Nadu,09-12-2022 12.27
9462,-42.045963,-174.120179,Kolkata,West Bengal,06-11-2023 23.24
9463,87.683855,173.126674,Pune,Maharashtra,14-03-2023 20.55
9464,-9.9373545,-92.862474,Ahmedabad,Gujarat,22-05-2025 22.27
9465,10.3774115,-64.599799,Mumbai,Maharashtra,29-04-2024 20.57
9466,70.1675875,-170.031727,Delhi,Delhi,30-01-2025 23.45
9467,-65.834159,-96.135341,Bangalore,Karnataka,17-07-2023 11.54
9468,33.0855355,15.545493,Hyderabad,Telangana,26-08-2023 14.22
9469,-87.5961775,-81.946105,Chennai,Tamil Nadu,08-12-2024 18.56
9470,-18.526342,125.949961,Kolkata,West Bengal,06-07-2024 11.46
9471,18.7348945,-148.432651,Pune,Maharashtra,28-08-2023 14.09
9472,73.757673,22.251365,Ahmedabad,Gujarat,09-05-2025 13.39
9473,30.489755,-179.58706,Mumbai,Maharashtra,26-02-2023 4.19
9474,-11.175545,-49.925278,Delhi,Delhi,10-03-2024 13.23
9475,-4.5717365,-108.618928,Bangalore,Karnataka,11-07-2025 18.20
9476,-7.2309625,-157.436046,Hyderabad,Telangana,03-02-2024 1.10
9477,5.2569555,-60.650434,Chennai,Tamil Nadu,25-07-2025 6.32
9478,24.0620565,-42.645772,Kolkata,West Bengal,21-09-2024 23.32
9479,-68.7508675,106.038629,Pune,Maharashtra,18-06-2024 6.18
9480,8.5739915,-30.545152,Ahmedabad,Gujarat,26-06-2025 4.10
9481,-85.633003,-49.501947,Mumbai,Maharashtra,17-04-2024 21.21
9482,-16.991659,93.81533,Delhi,Delhi,01-12-2024 17.50
9483,-50.574831,-116.189436,Bangalore,Karnataka,03-02-2024 14.07
9484,62.9962785,62.54187,Hyderabad,Telangana,17-09-2024 14.25
9485,-23.2213975,97.97606,Chennai,Tamil Nadu,01-03-2024 5.55
9486,-15.7922985,34.78366,Kolkata,West Bengal,04-05-2024 23.41
9487,-49.125292,-73.922086,Pune,Maharashtra,18-02-2023 21.36
9488,-28.0394375,49.72037,Ahmedabad,Gujarat,04-10-2022 1.24
9489,12.3167205,36.483614,Mumbai,Maharashtra,25-07-2024 12.14
9490,72.2206495,155.506421,Delhi,Delhi,04-11-2024 0.32
9491,19.455262,-27.687678,Bangalore,Karnataka,30-01-2025 14.05
9492,-70.218949,-110.556947,Hyderabad,Telangana,06-03-2024 12.28
9493,66.088997,-13.348857,Chennai,Tamil Nadu,02-01-2025 1.35
9494,40.084323,177.865867,Kolkata,West Bengal,02-05-2023 22.08
9495,-53.7911595,-152.889248,Pune,Maharashtra,07-09-2023 21.57
9496,-40.0722795,144.716815,Ahmedabad,Gujarat,28-10-2024 0.35
9497,13.8715265,-80.937173,Mumbai,Maharashtra,19-04-2023 21.11
9498,20.254216,122.621002,Delhi,Delhi,25-03-2025 7.08
9499,-55.4225955,-174.051668,Bangalore,Karnataka,23-03-2024 14.31
9500,21.924937,33.757913,Hyderabad,Telangana,26-11-2022 5.38
9501,31.79048,125.58475,Chennai,Tamil Nadu,27-01-2025 15.14
9502,19.5703675,-85.016415,Kolkata,West Bengal,26-05-2023 4.02
9503,2.5438285,22.376357,Pune,Maharashtra,10-03-2025 8.52
9504,68.3792115,142.561667,Ahmedabad,Gujarat,22-05-2025 10.19
9505,-48.575059,135.673495,Mumbai,Maharashtra,27-02-2025 9.16
9506,57.1460095,-46.883745,Delhi,Delhi,05-07-2023 20.34
9507,-3.935227,116.806951,Bangalore,Karnataka,16-08-2024 1.13
9508,17.3251245,118.488357,Hyderabad,Telangana,13-10-2024 0.11
9509,34.551718,85.983144,Chennai,Tamil Nadu,05-07-2024 20.30
9510,73.9912595,-79.448877,Kolkata,West Bengal,05-03-2024 11.42
9511,26.4549095,-173.365723,Pune,Maharashtra,16-11-2023 2.21
9512,-57.4070915,-47.361177,Ahmedabad,Gujarat,05-09-2023 4.08
9513,50.9801185,-87.300335,Mumbai,Maharashtra,20-10-2022 5.43
9514,50.460815,-44.993778,Delhi,Delhi,06-03-2025 20.27
9515,-23.6912495,-128.650634,Bangalore,Karnataka,26-12-2023 21.30
9516,-36.2747725,143.798945,Hyderabad,Telangana,02-11-2024 9.03
9517,-39.104802,141.849054,Chennai,Tamil Nadu,14-12-2022 19.46
9518,-48.457496,-112.324881,Kolkata,West Bengal,21-04-2024 12.42
9519,-87.357648,-164.253057,Pune,Maharashtra,12-08-2022 5.00
9520,-72.1494395,-24.526013,Ahmedabad,Gujarat,10-11-2023 11.30
9521,-76.6667185,170.23925,Mumbai,Maharashtra,23-05-2025 20.38
9522,35.201076,34.155745,Delhi,Delhi,21-03-2023 9.07
9523,75.608488,-143.847771,Bangalore,Karnataka,22-11-2023 1.58
9524,85.0368965,175.051513,Hyderabad,Telangana,23-07-2023 17.02
9525,-80.9387705,-27.397526,Chennai,Tamil Nadu,28-12-2024 12.33
9526,-71.0170585,-63.108621,Kolkata,West Bengal,15-11-2023 4.24
9527,-58.2685735,-171.043556,Pune,Maharashtra,18-06-2023 10.35
9528,48.6700505,128.653413,Ahmedabad,Gujarat,13-09-2024 9.30
9529,-3.7256055,-98.231478,Mumbai,Maharashtra,18-04-2025 15.56
9530,55.9118625,72.370838,Delhi,Delhi,27-02-2023 0.18
9531,-81.0954545,137.525174,Bangalore,Karnataka,14-03-2025 10.43
9532,54.9943895,53.420057,Hyderabad,Telangana,02-05-2025 10.14
9533,-2.1612105,26.021225,Chennai,Tamil Nadu,09-11-2023 21.47
9534,-47.1123625,178.162325,Kolkata,West Bengal,23-07-2025 13.17
9535,-53.645164,-20.629081,Pune,Maharashtra,22-08-2022 23.39
9536,-1.548768,153.442323,Ahmedabad,Gujarat,09-05-2025 11.24
9537,-49.377216,-150.143964,Mumbai,Maharashtra,18-10-2024 22.41
9538,-40.969873,-54.62333,Delhi,Delhi,10-01-2024 14.19
9539,-27.688747,-163.367611,Bangalore,Karnataka,07-01-2025 3.52
9540,40.051411,49.043169,Hyderabad,Telangana,31-05-2024 9.14
9541,73.3781955,-125.075474,Chennai,Tamil Nadu,29-03-2025 4.27
9542,-19.9333055,119.949409,Kolkata,West Bengal,26-03-2025 3.58
9543,17.556389,-112.836185,Pune,Maharashtra,04-01-2025 7.10
9544,56.3507495,-161.770426,Ahmedabad,Gujarat,09-05-2025 14.01
9545,9.3269095,35.982221,Mumbai,Maharashtra,11-11-2024 19.16
9546,-54.644746,-177.684023,Delhi,Delhi,15-12-2022 15.48
9547,37.200306,173.734448,Bangalore,Karnataka,22-02-2024 13.37
9548,-23.9635635,157.126769,Hyderabad,Telangana,09-08-2022 15.49
9549,30.412066,150.544451,Chennai,Tamil Nadu,30-04-2024 21.54
9550,19.8008795,-126.042305,Kolkata,West Bengal,30-10-2024 18.07
9551,25.5919135,127.020877,Pune,Maharashtra,04-01-2024 23.03
9552,38.9273755,-97.893544,Ahmedabad,Gujarat,13-05-2025 15.03
9553,82.3235585,-24.103593,Mumbai,Maharashtra,15-08-2022 19.04
9554,-6.886989,-46.90497,Delhi,Delhi,25-11-2023 19.13
9555,41.735377,-41.687293,Bangalore,Karnataka,08-02-2023 13.24
9556,-46.1465595,-9.281669,Hyderabad,Telangana,21-07-2023 16.55
9557,-70.5269925,172.535458,Chennai,Tamil Nadu,02-06-2023 23.28
9558,39.429341,174.590432,Kolkata,West Bengal,23-03-2025 10.02
9559,-5.2418975,37.273908,Pune,Maharashtra,02-01-2023 22.10
9560,-86.5820825,-152.174088,Ahmedabad,Gujarat,14-09-2024 3.57
9561,41.5849085,86.217151,Mumbai,Maharashtra,06-06-2023 12.24
9562,82.433162,-88.969098,Delhi,Delhi,27-11-2022 4.07
9563,43.2323145,7.696439,Bangalore,Karnataka,09-11-2022 19.52
9564,-29.3991535,44.972383,Hyderabad,Telangana,17-12-2022 4.33
9565,64.5111095,176.07475,Chennai,Tamil Nadu,10-05-2023 22.28
9566,-77.92349,-101.287877,Kolkata,West Bengal,20-07-2025 0.05
9567,-0.469814,153.94108,Pune,Maharashtra,28-01-2025 6.57
9568,70.422459,-141.891477,Ahmedabad,Gujarat,08-02-2025 2.21
9569,-36.7757035,96.830189,Mumbai,Maharashtra,26-08-2024 15.29
9570,-38.0909625,-67.274719,Delhi,Delhi,19-07-2024 8.11
9571,-79.1780835,-78.060397,Bangalore,Karnataka,11-11-2023 16.33
9572,-40.6485475,-22.201179,Hyderabad,Telangana,30-11-2023 16.51
9573,-16.163696,60.81557,Chennai,Tamil Nadu,24-10-2023 13.53
9574,57.626127,146.918801,Kolkata,West Bengal,05-08-2022 11.26
9575,-17.271814,84.882606,Pune,Maharashtra,05-06-2024 6.29
9576,-83.108539,58.333885,Ahmedabad,Gujarat,12-11-2024 17.32
9577,21.664532,-110.920396,Mumbai,Maharashtra,21-07-2023 15.13
9578,-5.3855905,-144.733532,Delhi,Delhi,13-08-2022 7.49
9579,36.2817105,42.016983,Bangalore,Karnataka,17-12-2023 13.09
9580,-69.540834,146.579015,Hyderabad,Telangana,24-11-2022 2.13
9581,36.4913515,158.161535,Chennai,Tamil Nadu,27-09-2022 8.11
9582,59.6160255,11.8132,Kolkata,West Bengal,22-12-2022 21.17
9583,39.740562,-51.745688,Pune,Maharashtra,22-05-2025 14.16
9584,-45.3165835,108.950851,Ahmedabad,Gujarat,11-02-2025 16.13
9585,3.1775135,-137.878719,Mumbai,Maharashtra,25-09-2023 15.26
9586,4.402106,25.904309,Delhi,Delhi,31-05-2023 12.21
9587,-21.3360285,-160.114623,Bangalore,Karnataka,02-03-2025 4.58
9588,-70.303668,119.758862,Hyderabad,Telangana,06-02-2024 6.59
9589,46.6023705,-179.218518,Chennai,Tamil Nadu,22-01-2024 5.10
9590,2.963688,112.384751,Kolkata,West Bengal,06-12-2022 3.35
9591,-64.381544,-7.685407,Pune,Maharashtra,07-07-2024 7.59
9592,-20.053227,-34.374565,Ahmedabad,Gujarat,24-03-2025 4.00
9593,15.3342365,179.207919,Mumbai,Maharashtra,24-02-2024 12.13
9594,-23.1927605,143.345184,Delhi,Delhi,05-06-2025 13.38
9595,-58.6002565,33.874165,Bangalore,Karnataka,17-10-2022 4.28
9596,83.5737115,84.085155,Hyderabad,Telangana,08-08-2024 19.19
9597,-89.277146,-152.845914,Chennai,Tamil Nadu,22-10-2023 3.55
9598,-86.964556,135.590012,Kolkata,West Bengal,22-08-2023 5.27
9599,-86.617322,-12.774169,Pune,Maharashtra,13-12-2023 18.56
9600,-6.3130345,-117.062803,Ahmedabad,Gujarat,20-11-2024 13.06
9601,-15.8335855,-170.135006,Mumbai,Maharashtra,26-08-2023 14.23
9602,72.1905765,113.09485,Delhi,Delhi,25-03-2023 18.09
9603,-42.1618295,-136.279972,Bangalore,Karnataka,20-11-2024 15.01
9604,-83.5216745,-67.790698,Hyderabad,Telangana,04-02-2025 15.35
9605,12.708494,31.342584,Chennai,Tamil Nadu,11-04-2023 9.21
9606,-79.2879265,-51.930839,Kolkata,West Bengal,11-10-2024 9.55
9607,9.790001,112.05142,Pune,Maharashtra,14-12-2024 0.19
9608,17.1970675,-30.373439,Ahmedabad,Gujarat,07-04-2025 10.32
9609,-84.351647,174.373172,Mumbai,Maharashtra,26-06-2024 8.11
9610,53.392368,110.170623,Delhi,Delhi,24-08-2022 16.19
9611,-49.3181335,30.31496,Bangalore,Karnataka,18-12-2023 1.56
9612,-47.7354165,146.460729,Hyderabad,Telangana,24-07-2025 8.39
9613,0.7167265,-131.390087,Chennai,Tamil Nadu,20-03-2024 23.20
9614,-14.17113,54.789412,Kolkata,West Bengal,22-02-2025 21.32
9615,-34.5287265,-70.626684,Pune,Maharashtra,08-08-2023 2.11
9616,1.9514375,44.156319,Ahmedabad,Gujarat,26-02-2023 15.12
9617,-36.28941,-150.20701,Mumbai,Maharashtra,27-05-2023 7.14
9618,72.3769825,71.482549,Delhi,Delhi,14-11-2023 8.21
9619,-19.2277695,-168.905549,Bangalore,Karnataka,24-09-2024 22.34
9620,46.1581865,-151.319409,Hyderabad,Telangana,06-06-2024 10.28
9621,40.8306125,-157.144601,Chennai,Tamil Nadu,28-09-2024 17.58
9622,72.435425,119.782894,Kolkata,West Bengal,24-08-2024 14.36
9623,-78.5753555,140.286915,Pune,Maharashtra,23-04-2023 14.44
9624,-78.987095,-116.926005,Ahmedabad,Gujarat,21-02-2025 14.40
9625,75.123683,-130.255463,Mumbai,Maharashtra,22-11-2024 12.39
9626,78.899984,-28.523214,Delhi,Delhi,16-07-2023 18.21
9627,-68.830974,-130.674711,Bangalore,Karnataka,11-06-2023 13.18
9628,-51.0072175,29.271007,Hyderabad,Telangana,15-03-2024 10.26
9629,-63.086667,-128.326974,Chennai,Tamil Nadu,08-01-2024 4.36
9630,54.180404,-31.997009,Kolkata,West Bengal,12-12-2024 5.53
9631,0.866302,121.118661,Pune,Maharashtra,17-10-2022 10.14
9632,2.049263,-92.485012,Ahmedabad,Gujarat,16-04-2024 16.45
9633,-25.315423,-79.889293,Mumbai,Maharashtra,23-05-2025 17.28
9634,-57.9743415,-120.171974,Delhi,Delhi,13-02-2025 2.09
9635,86.1467485,36.508167,Bangalore,Karnataka,24-09-2022 14.17
9636,-10.739435,64.180614,Hyderabad,Telangana,02-07-2025 12.04
9637,-47.3369575,-101.219531,Chennai,Tamil Nadu,02-09-2022 10.40
9638,-5.834895,-58.726074,Kolkata,West Bengal,23-02-2025 8.58
9639,36.267673,-176.236305,Pune,Maharashtra,13-08-2024 20.38
9640,38.1529795,-33.629222,Ahmedabad,Gujarat,20-02-2024 19.14
9641,-15.236454,-20.943468,Mumbai,Maharashtra,20-08-2024 9.10
9642,-74.778328,105.520072,Delhi,Delhi,24-06-2025 23.19
9643,-53.066869,163.904705,Bangalore,Karnataka,06-06-2023 21.14
9644,-68.544422,58.259572,Hyderabad,Telangana,12-11-2022 0.34
9645,-12.3482115,29.595212,Chennai,Tamil Nadu,27-11-2022 9.52
9646,75.782139,127.248506,Kolkata,West Bengal,13-01-2024 21.32
9647,-24.5337285,129.54854,Pune,Maharashtra,02-10-2023 8.18
9648,23.071602,80.875013,Ahmedabad,Gujarat,29-03-2024 6.46
9649,19.5683915,-108.987805,Mumbai,Maharashtra,29-04-2024 6.54
9650,-41.7347735,-46.750155,Delhi,Delhi,25-12-2023 21.08
9651,64.677346,21.82423,Bangalore,Karnataka,09-08-2022 15.44
9652,7.523161,-55.398087,Hyderabad,Telangana,26-08-2022 11.38
9653,-52.991369,26.355627,Chennai,Tamil Nadu,27-11-2022 18.57
9654,53.5111175,-18.290793,Kolkata,West Bengal,30-08-2022 21.19
9655,-55.173217,20.773774,Pune,Maharashtra,29-08-2024 13.40
9656,59.122341,60.745992,Ahmedabad,Gujarat,14-08-2022 13.37
9657,-31.9959765,28.446365,Mumbai,Maharashtra,16-10-2024 9.02
9658,17.71906,-154.005416,Delhi,Delhi,31-12-2023 23.33
9659,-76.085976,31.189301,Bangalore,Karnataka,07-08-2023 17.45
9660,-78.851887,32.722548,Hyderabad,Telangana,11-04-2024 5.06
9661,-25.9228445,52.987325,Chennai,Tamil Nadu,18-08-2022 8.04
9662,9.5800455,-156.368663,Kolkata,West Bengal,22-02-2023 3.37
9663,52.512874,164.172397,Pune,Maharashtra,19-12-2022 15.03
9664,83.672196,159.993573,Ahmedabad,Gujarat,01-06-2024 16.05
9665,-18.6010305,-175.697363,Mumbai,Maharashtra,31-03-2025 10.51
9666,56.302333,135.555728,Delhi,Delhi,08-02-2023 19.38
9667,-87.0609035,-63.84497,Bangalore,Karnataka,01-02-2025 15.50
9668,-78.242061,138.023642,Hyderabad,Telangana,05-02-2023 1.30
9669,-45.732629,-148.484468,Chennai,Tamil Nadu,08-08-2023 21.51
9670,81.555635,-164.531411,Kolkata,West Bengal,15-03-2023 17.43
9671,7.93504,-107.385194,Pune,Maharashtra,10-09-2022 13.08
9672,73.291984,-39.182884,Ahmedabad,Gujarat,13-01-2024 21.50
9673,-47.5658335,-72.609181,Mumbai,Maharashtra,20-07-2024 0.49
9674,9.596919,125.170151,Delhi,Delhi,31-07-2024 13.34
9675,70.3783235,16.853435,Bangalore,Karnataka,30-07-2023 14.26
9676,-59.9046525,128.420583,Hyderabad,Telangana,09-05-2025 22.41
9677,-39.8903665,30.680578,Chennai,Tamil Nadu,09-10-2022 1.26
9678,-76.7019785,154.621428,Kolkata,West Bengal,11-11-2024 0.33
9679,25.530056,-156.915668,Pune,Maharashtra,28-02-2023 0.38
9680,34.4113875,7.269633,Ahmedabad,Gujarat,09-09-2024 4.29
9681,-10.7375175,175.186399,Mumbai,Maharashtra,18-12-2023 1.22
9682,-20.800138,-33.24401,Delhi,Delhi,10-04-2025 6.29
9683,68.520758,-106.415292,Bangalore,Karnataka,12-10-2022 10.54
9684,-4.362978,-26.546197,Hyderabad,Telangana,17-12-2024 8.37
9685,72.396713,-28.86231,Chennai,Tamil Nadu,17-07-2025 15.16
9686,-13.4117965,-3.166709,Kolkata,West Bengal,21-07-2023 1.40
9687,47.920719,-131.379392,Pune,Maharashtra,14-02-2023 12.34
9688,59.6361085,-171.254381,Ahmedabad,Gujarat,10-04-2025 23.31
9689,60.6083455,-115.159085,Mumbai,Maharashtra,03-12-2024 16.04
9690,69.7843175,28.99829,Delhi,Delhi,27-01-2024 17.26
9691,78.913141,8.114726,Bangalore,Karnataka,04-11-2024 17.26
9692,-33.263114,-27.85426,Hyderabad,Telangana,18-10-2023 22.53
9693,-1.370316,33.748126,Chennai,Tamil Nadu,27-04-2024 6.24
9694,-47.882407,-89.873341,Kolkata,West Bengal,17-02-2025 22.25
9695,9.5881275,-99.787158,Pune,Maharashtra,12-02-2023 22.59
9696,42.4255055,150.997566,Ahmedabad,Gujarat,12-09-2024 8.44
9697,-75.9519865,-10.940785,Mumbai,Maharashtra,26-07-2025 20.11
9698,19.3609325,23.949839,Delhi,Delhi,24-08-2022 2.18
9699,-26.989141,39.25207,Bangalore,Karnataka,11-01-2023 15.33
9700,22.742642,-105.085158,Hyderabad,Telangana,29-11-2023 6.51
9701,55.4277995,47.1271,Chennai,Tamil Nadu,21-09-2022 16.45
9702,30.1637775,-174.370906,Kolkata,West Bengal,08-11-2023 16.20
9703,30.503288,163.783667,Pune,Maharashtra,01-04-2023 23.36
9704,23.172219,38.025976,Ahmedabad,Gujarat,30-08-2022 6.05
9705,-54.8129895,-74.375839,Mumbai,Maharashtra,05-02-2024 4.57
9706,-73.1186775,16.479976,Delhi,Delhi,26-09-2024 5.32
9707,8.0234835,-165.411529,Bangalore,Karnataka,23-11-2022 15.33
9708,10.5180255,-73.13704,Hyderabad,Telangana,28-06-2025 1.51
9709,-88.827466,-143.57248,Chennai,Tamil Nadu,20-06-2024 18.05
9710,-28.152616,160.810153,Kolkata,West Bengal,23-12-2022 9.53
9711,23.5912675,86.851912,Pune,Maharashtra,29-12-2022 4.42
9712,-5.1654325,47.228867,Ahmedabad,Gujarat,28-10-2022 4.20
9713,3.10979,102.694374,Mumbai,Maharashtra,18-06-2024 22.02
9714,63.566988,-146.800775,Delhi,Delhi,07-03-2024 10.20
9715,-55.3856375,-83.769787,Bangalore,Karnataka,06-09-2023 11.56
9716,-8.8728665,-139.706058,Hyderabad,Telangana,26-06-2023 7.22
9717,-24.154137,137.146084,Chennai,Tamil Nadu,25-12-2023 9.13
9718,-7.431739,57.478209,Kolkata,West Bengal,02-01-2025 9.47
9719,-18.771112,-149.605374,Pune,Maharashtra,10-03-2024 11.17
9720,-19.07548,16.154841,Ahmedabad,Gujarat,03-07-2023 11.04
9721,-63.941945,-8.26897,Mumbai,Maharashtra,19-07-2025 1.13
9722,35.503843,133.277404,Delhi,Delhi,28-10-2022 20.57
9723,-4.2837535,67.086791,Bangalore,Karnataka,12-02-2023 14.03
9724,63.7248,-137.076144,Hyderabad,Telangana,30-04-2025 4.29
9725,50.85153,162.107573,Chennai,Tamil Nadu,15-01-2025 11.22
9726,52.678034,33.59926,Kolkata,West Bengal,10-06-2024 16.03
9727,-9.37696,37.226417,Pune,Maharashtra,23-01-2025 11.40
9728,-32.3378955,50.68548,Ahmedabad,Gujarat,31-12-2023 3.11
9729,14.245099,-113.935165,Mumbai,Maharashtra,12-12-2024 12.45
9730,-26.9038535,-75.413098,Delhi,Delhi,18-12-2023 23.18
9731,73.0136625,85.695348,Bangalore,Karnataka,19-09-2023 5.02
9732,78.3630595,120.414798,Hyderabad,Telangana,19-07-2024 22.31
9733,16.297239,113.635434,Chennai,Tamil Nadu,16-08-2022 2.04
9734,10.4633965,71.63538,Kolkata,West Bengal,20-10-2022 17.39
9735,-40.142029,-49.600832,Pune,Maharashtra,18-07-2025 12.52
9736,38.384274,74.502475,Ahmedabad,Gujarat,21-12-2022 3.18
9737,55.50836,-37.53636,Mumbai,Maharashtra,19-08-2023 22.40
9738,-88.394979,164.87999,Delhi,Delhi,08-01-2023 2.16
9739,61.306852,-80.352148,Bangalore,Karnataka,17-04-2023 0.28
9740,-83.145922,143.985486,Hyderabad,Telangana,15-02-2024 9.34
9741,26.09475,82.459498,Chennai,Tamil Nadu,16-08-2023 2.46
9742,-31.7457815,-78.180433,Kolkata,West Bengal,16-03-2023 12.09
9743,72.0556635,77.192297,Pune,Maharashtra,01-07-2023 18.20
9744,-54.227909,-67.078165,Ahmedabad,Gujarat,30-12-2024 20.27
9745,18.6821365,-24.792864,Mumbai,Maharashtra,11-09-2023 19.18
9746,-79.284559,-80.118768,Delhi,Delhi,23-12-2024 7.34
9747,-54.198387,-7.041658,Bangalore,Karnataka,13-08-2023 6.49
9748,-46.0126595,31.947558,Hyderabad,Telangana,20-07-2024 5.21
9749,10.9483905,151.416592,Chennai,Tamil Nadu,12-02-2025 16.27
9750,85.218777,-79.695515,Kolkata,West Bengal,10-09-2023 13.53
9751,-45.6174455,55.845272,Pune,Maharashtra,09-08-2024 17.47
9752,-26.446003,153.906573,Ahmedabad,Gujarat,10-04-2023 1.06
9753,-29.9149175,107.181638,Mumbai,Maharashtra,12-01-2024 15.18
9754,84.94088,-104.466901,Delhi,Delhi,16-10-2022 22.37
9755,-53.3154265,-52.064482,Bangalore,Karnataka,06-07-2025 0.34
9756,-41.047871,-168.354687,Hyderabad,Telangana,14-01-2025 22.26
9757,-64.788346,-45.050954,Chennai,Tamil Nadu,10-07-2025 6.19
9758,-89.9642995,-144.964523,Kolkata,West Bengal,23-05-2024 21.16
9759,75.5836975,-78.585692,Pune,Maharashtra,25-07-2023 10.57
9760,-42.9735485,97.168034,Ahmedabad,Gujarat,12-10-2023 14.24
9761,-11.258464,-105.750695,Mumbai,Maharashtra,01-07-2023 7.45
9762,-10.2954905,85.559985,Delhi,Delhi,26-05-2025 8.58
9763,-71.04789,144.618975,Bangalore,Karnataka,08-02-2025 9.56
9764,51.001424,-99.817903,Hyderabad,Telangana,07-03-2025 0.09
9765,-87.559173,79.454362,Chennai,Tamil Nadu,02-01-2024 3.43
9766,-3.8101745,-134.847168,Kolkata,West Bengal,28-12-2023 6.30
9767,-17.8636075,3.661667,Pune,Maharashtra,18-02-2023 9.06
9768,14.4224735,-149.087538,Ahmedabad,Gujarat,22-06-2024 20.17
9769,-3.1322855,54.299864,Mumbai,Maharashtra,04-01-2025 7.30
9770,73.5716335,154.113954,Delhi,Delhi,21-11-2022 5.09
9771,-35.845963,115.877146,Bangalore,Karnataka,14-07-2023 20.50
9772,-56.6288815,-164.186759,Hyderabad,Telangana,11-08-2022 5.11
9773,15.5884585,-27.342904,Chennai,Tamil Nadu,22-08-2023 6.23
9774,-32.7040385,-96.932399,Kolkata,West Bengal,18-05-2023 15.38
9775,26.0972505,155.768094,Pune,Maharashtra,27-03-2023 5.04
9776,-55.564836,84.550192,Ahmedabad,Gujarat,03-07-2024 11.06
9777,35.4773135,70.644698,Mumbai,Maharashtra,10-07-2023 12.42
9778,-35.305731,-139.502627,Delhi,Delhi,09-05-2024 17.31
9779,45.8906255,-161.869917,Bangalore,Karnataka,15-04-2024 6.38
9780,17.8598055,-19.616389,Hyderabad,Telangana,17-08-2024 2.41
9781,-82.4094115,57.806884,Chennai,Tamil Nadu,10-08-2022 16.50
9782,-34.343835,119.848682,Kolkata,West Bengal,17-02-2024 22.10
9783,-75.944734,-52.203139,Pune,Maharashtra,15-03-2024 5.58
9784,-80.7246955,-0.117064,Ahmedabad,Gujarat,16-03-2025 17.21
9785,-5.9281785,-89.018785,Mumbai,Maharashtra,31-03-2025 13.06
9786,45.136678,-16.664814,Delhi,Delhi,03-03-2023 11.33
9787,79.161178,-25.561595,Bangalore,Karnataka,15-12-2022 2.21
9788,-79.908555,163.765523,Hyderabad,Telangana,08-08-2024 23.51
9789,-10.1374535,-151.199157,Chennai,Tamil Nadu,26-02-2023 19.52
9790,43.1598215,-34.911367,Kolkata,West Bengal,03-09-2022 2.04
9791,83.947185,53.178516,Pune,Maharashtra,09-08-2024 12.01
9792,8.4685365,91.838978,Ahmedabad,Gujarat,21-04-2023 18.37
9793,24.897793,63.440414,Mumbai,Maharashtra,19-05-2024 4.13
9794,-53.031041,19.313469,Delhi,Delhi,05-01-2025 12.37
9795,-89.350291,50.693388,Bangalore,Karnataka,10-04-2023 17.47
9796,-86.297363,-158.51989,Hyderabad,Telangana,21-08-2023 2.37
9797,18.672865,-77.50583,Chennai,Tamil Nadu,03-10-2024 1.09
9798,87.800836,11.571741,Kolkata,West Bengal,16-04-2025 16.23
9799,18.3244435,-39.140026,Pune,Maharashtra,05-05-2024 18.40
9800,-70.948123,-28.213437,Ahmedabad,Gujarat,12-01-2025 12.27
9801,30.209868,-36.512771,Mumbai,Maharashtra,07-12-2023 18.35
9802,69.72248,80.758851,Delhi,Delhi,04-05-2025 9.16
9803,67.3563105,-67.86604,Bangalore,Karnataka,14-01-2023 15.48
9804,50.3162115,-63.182615,Hyderabad,Telangana,02-02-2025 7.58
9805,63.2049465,80.063088,Chennai,Tamil Nadu,13-01-2025 12.16
9806,55.4070405,-30.859219,Kolkata,West Bengal,19-02-2025 13.09
9807,-69.226638,-41.655098,Pune,Maharashtra,20-02-2025 10.58
9808,45.8514535,49.377738,Ahmedabad,Gujarat,27-09-2022 18.05
9809,68.1829235,152.978532,Mumbai,Maharashtra,07-12-2023 16.04
9810,-5.823286,-172.37319,Delhi,Delhi,17-10-2023 13.32
9811,70.3137845,175.322027,Bangalore,Karnataka,23-06-2023 17.47
9812,-51.6345465,43.846141,Hyderabad,Telangana,13-06-2024 10.50
9813,-10.382352,-63.779128,Chennai,Tamil Nadu,19-02-2023 11.59
9814,-54.6234085,-60.582874,Kolkata,West Bengal,07-02-2025 14.51
9815,-20.9423185,24.551049,Pune,Maharashtra,09-01-2023 21.48
9816,-54.898764,-125.859625,Ahmedabad,Gujarat,06-04-2023 3.42
9817,57.1167625,134.458084,Mumbai,Maharashtra,02-08-2025 19.07
9818,53.2552655,169.458145,Delhi,Delhi,29-11-2022 6.39
9819,87.310447,-123.988582,Bangalore,Karnataka,30-12-2023 6.33
9820,75.334188,-25.211184,Hyderabad,Telangana,25-12-2024 23.28
9821,1.116185,-57.605011,Chennai,Tamil Nadu,31-08-2023 0.01
9822,-85.628894,-177.807544,Kolkata,West Bengal,27-07-2025 10.48
9823,-70.341342,-82.046561,Pune,Maharashtra,04-07-2025 12.59
9824,30.9113885,54.578971,Ahmedabad,Gujarat,26-07-2025 5.17
9825,-46.151322,-106.195998,Mumbai,Maharashtra,01-06-2023 7.51
9826,68.8006105,105.107735,Delhi,Delhi,01-08-2025 17.24
9827,-8.3457505,87.204795,Bangalore,Karnataka,14-11-2023 15.26
9828,-43.661332,161.973316,Hyderabad,Telangana,13-04-2023 9.42
9829,1.538624,33.509091,Chennai,Tamil Nadu,21-07-2024 15.07
9830,45.2956895,83.976838,Kolkata,West Bengal,13-11-2022 2.19
9831,47.8125665,89.072704,Pune,Maharashtra,31-10-2024 0.12
9832,-52.0583095,-110.868277,Ahmedabad,Gujarat,19-06-2023 20.18
9833,30.8633935,102.318718,Mumbai,Maharashtra,30-04-2025 3.32
9834,56.575481,168.392471,Delhi,Delhi,24-08-2024 18.44
9835,-74.4821285,-2.925057,Bangalore,Karnataka,22-05-2025 8.50
9836,56.7417295,-24.241345,Hyderabad,Telangana,18-11-2022 0.49
9837,14.1349285,100.330662,Chennai,Tamil Nadu,21-10-2022 4.50
9838,13.19187,-138.642165,Kolkata,West Bengal,11-06-2023 22.07
9839,-21.4368,128.987758,Pune,Maharashtra,29-04-2025 7.55
9840,9.342025,35.185406,Ahmedabad,Gujarat,23-11-2023 14.47
9841,35.503944,128.676292,Mumbai,Maharashtra,21-02-2025 13.40
9842,54.0102935,-34.497985,Delhi,Delhi,04-04-2024 9.15
9843,-83.4229505,-5.749261,Bangalore,Karnataka,13-10-2024 20.32
9844,24.99274,58.275542,Hyderabad,Telangana,30-03-2025 23.12
9845,-17.699722,124.603918,Chennai,Tamil Nadu,28-03-2024 5.58
9846,-38.246249,110.756743,Kolkata,West Bengal,15-08-2023 9.51
9847,-89.004829,153.340724,Pune,Maharashtra,26-06-2024 6.37
9848,-48.616569,-71.911449,Ahmedabad,Gujarat,09-04-2024 21.51
9849,-57.967544,-152.783173,Mumbai,Maharashtra,25-11-2024 20.52
9850,-74.0672885,128.126368,Delhi,Delhi,11-03-2023 22.15
9851,21.986129,-135.077853,Bangalore,Karnataka,24-03-2024 3.55
9852,17.5825115,-108.913743,Hyderabad,Telangana,16-08-2022 20.28
9853,-63.436579,44.784986,Chennai,Tamil Nadu,19-12-2023 13.34
9854,5.6512385,-8.92292,Kolkata,West Bengal,03-07-2024 19.14
9855,45.980657,38.158584,Pune,Maharashtra,10-10-2023 20.45
9856,-1.2702775,88.039375,Ahmedabad,Gujarat,04-06-2025 4.15
9857,50.3215515,33.995251,Mumbai,Maharashtra,19-12-2023 6.56
9858,-2.0126905,12.454222,Delhi,Delhi,10-09-2024 0.28
9859,4.5067475,-126.379427,Bangalore,Karnataka,29-04-2023 18.23
9860,-21.611854,72.469071,Hyderabad,Telangana,04-06-2024 19.21
9861,-16.2883835,-176.928631,Chennai,Tamil Nadu,15-08-2022 23.35
9862,-75.9599895,27.454877,Kolkata,West Bengal,26-10-2024 23.59
9863,29.832494,1.236071,Pune,Maharashtra,22-10-2024 17.15
9864,21.380554,105.054018,Ahmedabad,Gujarat,27-02-2023 15.06
9865,-11.839611,-149.135379,Mumbai,Maharashtra,11-02-2024 13.35
9866,-70.862938,42.652812,Delhi,Delhi,21-03-2024 17.09
9867,4.730932,-42.907867,Bangalore,Karnataka,23-12-2023 8.42
9868,-61.4085695,-97.372211,Hyderabad,Telangana,04-05-2023 9.23
9869,-21.0958905,-17.576905,Chennai,Tamil Nadu,13-09-2023 6.12
9870,-71.555508,95.034758,Kolkata,West Bengal,04-02-2025 21.38
9871,74.181123,73.569194,Pune,Maharashtra,08-11-2023 7.53
9872,-88.674392,-102.840754,Ahmedabad,Gujarat,14-06-2023 16.47
9873,-35.88585,104.157005,Mumbai,Maharashtra,27-04-2024 21.00
9874,53.4547625,48.599963,Delhi,Delhi,31-08-2022 17.37
9875,47.588924,-54.704423,Bangalore,Karnataka,12-12-2023 18.29
9876,36.1517745,-157.506957,Hyderabad,Telangana,12-11-2022 0.33
9877,31.503363,-169.327085,Chennai,Tamil Nadu,21-08-2023 4.07
9878,19.577839,-75.854631,Kolkata,West Bengal,15-10-2022 3.39
9879,77.023479,-19.851922,Pune,Maharashtra,25-09-2023 7.51
9880,-48.692372,-66.097059,Ahmedabad,Gujarat,09-10-2024 18.53
9881,82.6007115,40.767891,Mumbai,Maharashtra,07-11-2022 17.39
9882,-43.46444,-155.721539,Delhi,Delhi,17-07-2025 22.45
9883,-0.66883,-153.955672,Bangalore,Karnataka,22-11-2024 1.41
9884,74.138489,107.050976,Hyderabad,Telangana,18-07-2023 6.55
9885,-81.8404235,146.800479,Chennai,Tamil Nadu,11-10-2023 3.59
9886,-71.4341635,-65.865985,Kolkata,West Bengal,27-09-2023 9.34
9887,89.30775,130.518839,Pune,Maharashtra,24-08-2022 3.58
9888,66.734574,52.603809,Ahmedabad,Gujarat,22-04-2025 9.29
9889,-72.2259375,146.096473,Mumbai,Maharashtra,13-08-2024 5.02
9890,70.088636,80.270148,Delhi,Delhi,15-01-2025 21.44
9891,40.722341,-107.560294,Bangalore,Karnataka,03-10-2023 0.35
9892,0.3648655,-97.935753,Hyderabad,Telangana,14-12-2024 21.02
9893,-17.864369,-121.204112,Chennai,Tamil Nadu,27-06-2023 4.06
9894,7.328937,28.971955,Kolkata,West Bengal,09-03-2025 0.03
9895,-17.4414125,102.730592,Pune,Maharashtra,25-08-2022 19.43
9896,-9.785014,-9.396826,Ahmedabad,Gujarat,09-10-2022 22.58
9897,34.564438,-70.13261,Mumbai,Maharashtra,06-02-2024 3.59
9898,11.372184,84.217251,Delhi,Delhi,13-11-2023 1.33
9899,46.7516035,-172.397518,Bangalore,Karnataka,11-01-2025 12.36
9900,-3.599198,87.504179,Hyderabad,Telangana,25-04-2025 21.22
9901,81.572744,-60.400185,Chennai,Tamil Nadu,11-01-2025 12.37
9902,-22.565048,-169.886145,Kolkata,West Bengal,10-01-2024 12.24
9903,66.8946135,157.121276,Pune,Maharashtra,04-12-2024 10.04
9904,-77.878155,-104.647042,Ahmedabad,Gujarat,23-05-2025 7.05
9905,26.0168375,-179.414939,Mumbai,Maharashtra,24-04-2023 5.35
9906,75.6223285,-45.259007,Delhi,Delhi,29-09-2023 4.27
9907,-50.5027085,169.327735,Bangalore,Karnataka,13-10-2022 3.41
9908,-27.3825225,-131.669124,Hyderabad,Telangana,05-02-2024 21.54
9909,52.3905605,142.371982,Chennai,Tamil Nadu,10-03-2023 16.33
9910,-0.8462655,99.486685,Kolkata,West Bengal,14-10-2023 21.04
9911,73.886334,-170.571347,Pune,Maharashtra,02-08-2024 8.33
9912,-38.672511,-12.400227,Ahmedabad,Gujarat,31-03-2023 21.33
9913,-79.029305,-57.938279,Mumbai,Maharashtra,02-01-2023 1.08
9914,61.269116,56.233133,Delhi,Delhi,03-06-2025 8.47
9915,33.4363745,72.954777,Bangalore,Karnataka,23-10-2023 4.01
9916,52.966144,54.497899,Hyderabad,Telangana,20-07-2024 8.34
9917,7.327766,147.310046,Chennai,Tamil Nadu,23-02-2024 19.36
9918,-59.484584,172.351614,Kolkata,West Bengal,27-11-2023 23.45
9919,-72.0970495,95.67532,Pune,Maharashtra,27-05-2024 2.50
9920,-18.2459155,100.612134,Ahmedabad,Gujarat,09-04-2023 6.58
9921,-35.919223,-178.017042,Mumbai,Maharashtra,21-09-2024 9.40
9922,50.118539,-110.670403,Delhi,Delhi,04-03-2025 7.30
9923,-4.100654,164.342462,Bangalore,Karnataka,21-10-2024 3.14
9924,16.4163465,96.114293,Hyderabad,Telangana,08-10-2023 19.11
9925,-61.540154,126.312525,Chennai,Tamil Nadu,19-05-2024 5.35
9926,-47.2721865,-48.63168,Kolkata,West Bengal,05-05-2025 23.04
9927,-31.002424,-89.63643,Pune,Maharashtra,02-06-2024 8.03
9928,-81.64415,165.114062,Ahmedabad,Gujarat,16-02-2024 12.11
9929,57.273407,22.262826,Mumbai,Maharashtra,29-03-2025 16.35
9930,-14.851258,-91.015607,Delhi,Delhi,18-07-2024 18.12
9931,22.7402075,78.001671,Bangalore,Karnataka,02-11-2023 18.45
9932,48.607651,-67.37148,Hyderabad,Telangana,05-01-2023 14.26
9933,29.0383925,-76.668564,Chennai,Tamil Nadu,27-07-2025 10.27
9934,-89.332176,26.131093,Kolkata,West Bengal,22-04-2024 3.46
9935,-41.200233,136.944688,Pune,Maharashtra,03-07-2023 5.11
9936,86.416651,164.800802,Ahmedabad,Gujarat,28-06-2025 20.01
9937,-66.7932805,19.463902,Mumbai,Maharashtra,26-12-2022 16.25
9938,52.171754,-131.505473,Delhi,Delhi,02-08-2024 12.06
9939,55.1920045,88.78589,Bangalore,Karnataka,25-03-2023 17.02
9940,-10.8381035,-101.251018,Hyderabad,Telangana,19-03-2024 23.02
9941,7.1236565,2.474765,Chennai,Tamil Nadu,27-12-2024 3.07
9942,-6.1382745,42.436067,Kolkata,West Bengal,29-03-2025 22.03
9943,57.3064705,138.750888,Pune,Maharashtra,10-09-2022 16.47
9944,22.852538,-97.98623,Ahmedabad,Gujarat,06-08-2023 6.48
9945,-54.159154,67.050923,Mumbai,Maharashtra,17-03-2023 16.18
9946,-30.927129,170.986543,Delhi,Delhi,10-08-2024 7.11
9947,-58.0435335,61.758326,Bangalore,Karnataka,01-04-2025 17.46
9948,44.9121455,130.99403,Hyderabad,Telangana,16-09-2022 5.56
9949,-49.3308545,-88.053979,Chennai,Tamil Nadu,25-07-2023 12.40
9950,36.574388,127.739165,Kolkata,West Bengal,01-11-2022 6.58
9951,-80.360063,50.002628,Pune,Maharashtra,09-12-2023 18.56
9952,-16.7888685,111.066087,Ahmedabad,Gujarat,06-04-2025 10.07
9953,81.198,60.529442,Mumbai,Maharashtra,30-10-2022 18.14
9954,58.2271675,-29.37122,Delhi,Delhi,29-07-2024 6.33
9955,29.890833,131.881716,Bangalore,Karnataka,20-12-2023 1.06
9956,-20.343659,-142.096208,Hyderabad,Telangana,05-04-2025 12.58
9957,29.499419,45.871937,Chennai,Tamil Nadu,14-09-2024 11.22
9958,-5.721952,-11.489889,Kolkata,West Bengal,15-06-2023 22.55
9959,69.2757525,101.766671,Pune,Maharashtra,03-12-2022 13.42
9960,56.202314,110.332763,Ahmedabad,Gujarat,01-04-2025 4.24
9961,-79.318539,62.898128,Mumbai,Maharashtra,27-06-2023 18.30
9962,34.223583,96.05276,Delhi,Delhi,16-11-2022 8.25
9963,4.688556,133.095346,Bangalore,Karnataka,14-11-2022 0.14
9964,-3.991778,85.274628,Hyderabad,Telangana,26-02-2025 8.07
9965,-74.4097685,119.48074,Chennai,Tamil Nadu,23-01-2025 22.39
9966,-8.7982895,18.424207,Kolkata,West Bengal,05-10-2024 11.44
9967,73.34955,156.718732,Pune,Maharashtra,03-04-2024 3.07
9968,-44.9972615,37.425758,Ahmedabad,Gujarat,06-12-2024 15.03
9969,-33.6022785,91.403253,Mumbai,Maharashtra,18-09-2023 19.01
9970,57.7721175,94.731039,Delhi,Delhi,23-06-2024 23.26
9971,20.3336615,-69.746567,Bangalore,Karnataka,29-10-2024 2.16
9972,-83.865139,-96.487263,Hyderabad,Telangana,31-08-2022 14.06
9973,38.5770015,33.993355,Chennai,Tamil Nadu,06-12-2022 11.47
9974,-49.4829755,-52.334605,Kolkata,West Bengal,12-02-2025 14.09
9975,17.145506,-121.602301,Pune,Maharashtra,12-05-2023 14.18
9976,-59.2597665,159.085859,Ahmedabad,Gujarat,07-06-2025 21.22
9977,71.7665195,-165.044222,Mumbai,Maharashtra,13-04-2025 4.13
9978,-0.4124485,-132.639524,Delhi,Delhi,02-12-2024 8.40
9979,56.7866305,-126.437311,Bangalore,Karnataka,02-04-2023 15.22
9980,62.222346,167.377327,Hyderabad,Telangana,21-11-2024 5.40
9981,50.390333,165.516912,Chennai,Tamil Nadu,28-03-2024 11.24
9982,86.0032675,-127.23018,Kolkata,West Bengal,06-10-2024 18.09
9983,-54.079284,-165.744521,Pune,Maharashtra,09-05-2025 7.21
9984,41.1184605,-176.218905,Ahmedabad,Gujarat,20-04-2024 12.03
9985,14.159391,139.969986,Mumbai,Maharashtra,01-10-2022 6.35
9986,-58.211418,-154.726629,Delhi,Delhi,11-07-2024 16.00
9987,67.339789,-109.157107,Bangalore,Karnataka,12-07-2023 5.47
9988,39.1302405,-101.22248,Hyderabad,Telangana,06-02-2025 1.38
9989,58.937909,-102.702118,Chennai,Tamil Nadu,29-03-2024 11.51
9990,58.5197695,145.7171,Kolkata,West Bengal,30-07-2023 3.21
9991,-29.896308,-32.413673,Pune,Maharashtra,07-10-2024 17.54
9992,87.906568,54.429455,Ahmedabad,Gujarat,28-05-2025 17.16
9993,-8.452485,146.134015,Mumbai,Maharashtra,10-07-2024 19.07
9994,-77.5928665,-49.749529,Delhi,Delhi,09-12-2023 12.24
9995,-78.124759,45.874008,Bangalore,Karnataka,05-09-2024 19.42
9996,-1.979039,67.090363,Hyderabad,Telangana,07-10-2024 4.55
9997,74.868609,42.138769,Chennai,Tamil Nadu,18-10-2024 21.43
9998,-29.5251315,-77.452867,Kolkata,West Bengal,12-01-2024 21.42
9999,5.1102345,59.493313,Pune,Maharashtra,25-08-2022 22.58
10000,40.684684,57.436093,Ahmedabad,Gujarat,07-08-2023 3.39
