payment_id,trip_id,amount,payment_method,payment_status,payment_date
1,1,429.66,PayPal,Completed,2025-07-18 14:32:07
2,2,567.9,PayPal,Completed,2025-04-18 01:05:24
3,3,244.67,PayPal,Completed,2024-06-14 03:19:15
4,4,538.77,UPI,Completed,2024-12-25 14:16:17
5,5,304.9,Paytm,Completed,2024-09-10 07:40:35
6,6,275.16,Paytm,Completed,2024-06-27 20:23:38
7,7,328.82,Cash,Pending,2024-02-21 12:28:11
8,8,782.35,Paytm,Completed,2025-04-29 04:24:56
9,9,609.54,Paytm,Completed,2024-12-13 00:49:48
10,10,326.92,UPI,Completed,2023-12-31 13:02:30
11,11,283.59,Paytm,Completed,2024-06-20 18:20:34
12,12,313.29,PayPal,Completed,2024-10-13 19:27:42
13,13,182.27,UPI,Completed,2023-11-01 23:46:52
14,14,102.44,PayPal,Completed,2023-11-27 23:22:33
15,15,734.74,PayPal,Completed,2024-09-09 03:59:27
16,16,209.69,PayPal,Completed,2023-09-26 19:46:33
17,17,533.09,UPI,Completed,2025-03-02 15:42:31
18,18,411.06,Paytm,Completed,2023-10-07 18:57:23
19,19,77.1,Cash,Completed,2024-08-14 21:59:48
20,20,297.22,PayPal,Completed,2024-01-21 05:04:42
21,21,289.88,PayPal,Completed,2025-01-07 17:28:21
22,22,80.97,Paytm,Pending,2023-10-03 17:17:14
23,23,604.78,Paytm,Completed,2025-06-29 21:15:26
24,24,199.45,UPI,Completed,2023-08-07 15:36:06
25,25,266.85,Credit Card,Pending,2024-04-08 15:16:37
26,26,661.16,PayPal,Completed,2023-12-11 00:27:17
27,27,207.48,Paytm,Completed,2025-01-16 00:51:41
28,28,299.39,UPI,Completed,2025-03-08 11:38:59
29,29,670.47,Cash,Completed,2025-03-11 16:06:24
30,30,64.46,UPI,Completed,2023-10-06 18:35:37
31,31,694.64,UPI,Completed,2024-04-17 09:45:06
32,32,185.48,PayPal,Completed,2024-06-21 18:55:16
33,33,682.84,PayPal,Completed,2023-12-25 09:03:35
34,34,726.26,PayPal,Completed,2024-08-26 13:10:53
35,35,523.55,Cash,Completed,2025-07-20 20:19:34
36,36,450.71,PayPal,Completed,2024-10-11 18:37:20
37,37,365.74,PayPal,Pending,2025-03-01 20:54:54
38,38,148.38,PayPal,Completed,2024-01-13 22:09:28
39,39,704.23,UPI,Pending,2023-09-29 13:38:21
40,40,625.81,Paytm,Completed,2025-04-11 21:16:23
41,41,637.56,PayPal,Pending,2023-11-11 03:46:02
42,42,290.37,Paytm,Completed,2024-01-28 20:15:33
43,43,121.73,Cash,Completed,2025-04-27 12:40:15
44,44,225.71,Credit Card,Completed,2024-03-06 16:50:09
45,45,770.9,Credit Card,Completed,2023-11-27 09:23:08
46,46,156.81,Cash,Completed,2024-11-24 16:56:00
47,47,729.12,Paytm,Pending,2025-01-16 21:18:15
48,48,305.33,UPI,Completed,2025-05-03 10:41:44
49,49,471.99,UPI,Completed,2024-12-12 01:03:25
50,50,221.35,Paytm,Completed,2024-11-20 06:14:10
51,51,367.95,Paytm,Completed,2023-12-11 14:14:32
52,52,623.33,UPI,Completed,2024-05-29 19:12:49
53,53,784.22,UPI,Pending,2024-02-19 09:13:12
54,54,489.06,Paytm,Completed,2025-06-12 01:05:15
55,55,516.7,UPI,Completed,2024-08-11 10:57:55
56,56,208.37,Credit Card,Completed,2024-05-30 01:36:49
57,57,406.17,UPI,Completed,2024-12-21 09:21:21
58,58,690.16,PayPal,Completed,2024-11-19 02:33:35
59,59,124.22,Credit Card,Completed,2024-06-22 11:24:15
60,60,491.68,Cash,Completed,2024-04-10 12:06:18
61,61,761.19,Paytm,Completed,2025-05-02 17:52:09
62,62,276.25,Cash,Completed,2023-09-14 07:38:28
63,63,736.9,UPI,Completed,2024-02-12 02:40:29
64,64,212.0,Cash,Completed,2023-08-15 08:52:57
65,65,697.16,UPI,Completed,2023-09-24 18:07:23
66,66,275.77,Paytm,Completed,2025-04-14 18:58:03
67,67,358.38,PayPal,Completed,2024-09-17 05:03:26
68,68,612.96,PayPal,Completed,2024-04-23 12:02:28
69,69,667.33,Paytm,Completed,2023-08-19 19:39:24
70,70,439.85,Credit Card,Completed,2024-07-20 11:26:56
71,71,74.01,Paytm,Completed,2024-12-12 14:41:06
72,72,274.21,UPI,Completed,2024-08-16 21:33:03
73,73,703.34,Paytm,Completed,2023-12-30 00:29:14
74,74,183.24,UPI,Completed,2023-08-29 05:23:00
75,75,720.04,Paytm,Completed,2024-11-29 08:58:48
76,76,218.68,Cash,Completed,2024-05-21 12:40:45
77,77,725.25,Paytm,Completed,2024-04-26 09:17:29
78,78,257.26,UPI,Completed,2025-01-05 08:41:31
79,79,676.92,PayPal,Completed,2024-11-21 12:26:12
80,80,99.38,UPI,Completed,2025-02-23 07:42:12
81,81,50.78,Credit Card,Completed,2024-08-22 03:35:47
82,82,279.56,PayPal,Completed,2024-07-19 04:52:57
83,83,458.82,PayPal,Completed,2024-12-05 03:06:47
84,84,603.34,Credit Card,Completed,2023-11-02 14:22:39
85,85,501.66,Cash,Completed,2024-02-27 02:38:13
86,86,425.91,Paytm,Completed,2024-01-18 02:45:40
87,87,413.08,Cash,Pending,2024-12-05 20:33:27
88,88,203.84,UPI,Completed,2025-07-27 23:05:14
89,89,153.59,Cash,Completed,2025-04-16 09:01:42
90,90,327.4,UPI,Completed,2024-12-18 12:04:11
91,91,159.12,Cash,Completed,2025-07-08 04:50:57
92,92,771.35,Credit Card,Completed,2025-01-24 21:24:21
93,93,394.87,Credit Card,Completed,2024-07-06 22:58:05
94,94,624.35,UPI,Completed,2024-10-17 01:05:45
95,95,589.79,Cash,Completed,2025-03-03 18:12:25
96,96,702.91,Paytm,Completed,2023-10-19 00:26:47
97,97,77.86,Cash,Completed,2025-07-21 19:38:16
98,98,319.93,UPI,Completed,2024-07-16 00:18:45
99,99,550.17,Credit Card,Completed,2023-09-26 16:02:30
100,100,165.48,Credit Card,Completed,2024-04-11 00:56:17
101,101,380.28,UPI,Completed,2024-11-20 05:44:50
102,102,106.43,UPI,Pending,2025-01-07 22:22:46
103,103,721.02,UPI,Completed,2023-10-11 02:22:09
104,104,155.21,Credit Card,Completed,2025-04-16 02:51:42
105,105,312.64,UPI,Completed,2023-11-14 17:18:17
106,106,155.92,Credit Card,Completed,2023-09-18 15:44:57
107,107,686.36,Cash,Completed,2024-03-11 18:23:34
108,108,398.81,Paytm,Completed,2024-05-25 23:33:34
109,109,484.21,Credit Card,Pending,2024-03-30 16:25:03
110,110,747.33,UPI,Completed,2024-03-21 15:13:35
111,111,331.03,Credit Card,Completed,2024-03-21 05:48:16
112,112,586.86,Paytm,Completed,2024-06-15 04:54:59
113,113,156.04,Credit Card,Completed,2023-11-13 16:23:38
114,114,57.86,Cash,Completed,2024-08-04 12:20:05
115,115,570.35,UPI,Completed,2024-02-26 03:45:43
116,116,333.0,Cash,Completed,2023-09-27 07:36:07
117,117,704.27,UPI,Completed,2024-01-17 10:36:50
118,118,745.96,Credit Card,Completed,2025-07-28 03:32:17
119,119,757.89,Paytm,Completed,2025-01-10 21:43:27
120,120,516.43,Credit Card,Completed,2024-11-18 14:33:31
121,121,753.32,UPI,Completed,2024-08-16 19:17:07
122,122,603.51,Cash,Completed,2025-06-16 23:23:11
123,123,538.09,Cash,Completed,2024-03-29 00:09:54
124,124,670.58,PayPal,Completed,2024-06-25 09:35:23
125,125,149.25,Paytm,Completed,2024-06-15 18:26:40
126,126,482.21,Credit Card,Completed,2024-11-24 11:54:20
127,127,319.38,PayPal,Completed,2024-10-19 07:46:39
128,128,90.03,PayPal,Completed,2025-04-06 23:43:36
129,129,751.81,UPI,Completed,2024-01-31 18:59:49
130,130,792.54,Cash,Completed,2024-03-28 15:27:03
131,131,279.54,Paytm,Completed,2025-02-10 04:01:09
132,132,488.31,Cash,Completed,2024-07-07 07:12:01
133,133,89.48,Paytm,Completed,2025-03-31 08:57:22
134,134,65.62,UPI,Completed,2024-03-25 21:42:38
135,135,209.57,Credit Card,Completed,2024-11-10 11:20:06
136,136,396.25,PayPal,Completed,2023-09-20 06:59:06
137,137,494.37,PayPal,Completed,2025-04-15 03:46:34
138,138,556.68,Credit Card,Completed,2024-05-07 23:40:30
139,139,621.44,PayPal,Completed,2025-01-20 15:29:33
140,140,509.05,Paytm,Completed,2024-07-29 06:16:00
141,141,205.46,Cash,Completed,2024-04-05 16:10:07
142,142,362.63,UPI,Completed,2023-12-10 03:10:15
143,143,73.53,Paytm,Completed,2023-08-07 15:06:27
144,144,674.13,PayPal,Completed,2024-07-22 23:46:35
145,145,469.86,UPI,Completed,2025-06-29 04:29:10
146,146,703.49,UPI,Completed,2023-12-17 11:17:55
147,147,119.49,UPI,Completed,2025-03-16 17:10:52
148,148,361.27,UPI,Completed,2024-04-02 06:02:48
149,149,632.96,UPI,Completed,2024-10-09 17:07:44
150,150,515.54,UPI,Completed,2024-12-22 04:08:59
151,151,126.71,PayPal,Completed,2024-06-23 08:15:16
152,152,122.52,Paytm,Completed,2024-01-07 20:18:42
153,153,613.9,PayPal,Completed,2023-10-27 13:39:08
154,154,661.42,Paytm,Completed,2024-12-31 22:31:21
155,155,783.52,Credit Card,Completed,2025-07-11 01:49:07
156,156,507.61,Credit Card,Completed,2023-09-27 08:13:39
157,157,140.09,Paytm,Pending,2024-02-06 23:33:27
158,158,280.58,PayPal,Completed,2024-03-04 23:01:46
159,159,310.41,Credit Card,Completed,2024-01-09 12:29:02
160,160,605.58,Paytm,Completed,2024-01-24 17:55:25
161,161,108.45,PayPal,Completed,2025-05-17 23:49:03
162,162,238.33,Credit Card,Completed,2024-12-13 15:21:30
163,163,732.59,UPI,Completed,2024-10-14 08:12:10
164,164,335.88,PayPal,Completed,2023-10-17 03:42:55
165,165,190.84,PayPal,Completed,2023-12-30 02:07:51
166,166,418.55,Credit Card,Completed,2023-12-02 05:41:24
167,167,126.25,PayPal,Completed,2023-08-14 05:44:54
168,168,414.75,Cash,Completed,2024-12-21 19:45:50
169,169,683.68,UPI,Completed,2023-10-27 07:11:58
170,170,447.1,PayPal,Pending,2024-07-04 18:53:43
171,171,746.04,UPI,Completed,2023-08-23 06:29:01
172,172,553.68,Cash,Completed,2024-08-09 10:32:44
173,173,223.08,Paytm,Completed,2024-05-28 16:30:25
174,174,205.05,PayPal,Completed,2023-11-27 12:02:49
175,175,717.95,Paytm,Completed,2024-05-30 11:38:37
176,176,618.22,Credit Card,Completed,2024-04-25 06:03:37
177,177,626.65,Paytm,Completed,2023-08-28 21:39:04
178,178,94.43,Credit Card,Completed,2024-07-02 01:05:37
179,179,575.49,Cash,Completed,2024-04-04 06:17:55
180,180,511.2,PayPal,Completed,2025-05-31 19:59:33
181,181,371.01,PayPal,Completed,2025-04-17 00:02:17
182,182,202.73,PayPal,Completed,2025-06-06 05:15:31
183,183,707.01,UPI,Completed,2025-07-31 21:23:01
184,184,497.37,Credit Card,Pending,2025-03-13 01:45:34
185,185,553.46,Paytm,Completed,2025-02-24 00:21:58
186,186,110.21,UPI,Completed,2023-08-27 13:04:48
187,187,530.75,PayPal,Pending,2024-01-19 04:29:32
188,188,615.89,Paytm,Completed,2025-06-27 18:54:02
189,189,569.85,Credit Card,Completed,2024-06-16 17:19:12
190,190,773.35,UPI,Completed,2024-09-28 15:24:47
191,191,592.82,Credit Card,Failed,2024-03-23 22:54:14
192,192,634.64,PayPal,Completed,2023-08-05 14:43:04
193,193,184.63,Paytm,Completed,2025-02-22 06:49:09
194,194,497.23,PayPal,Completed,2024-06-14 23:41:36
195,195,356.96,Cash,Completed,2025-04-15 17:22:49
196,196,202.18,Paytm,Completed,2024-11-05 17:44:38
197,197,420.31,Credit Card,Completed,2024-07-20 02:56:39
198,198,183.96,Credit Card,Completed,2023-12-08 09:43:47
199,199,360.89,PayPal,Completed,2023-12-05 23:43:28
200,200,383.32,Paytm,Completed,2024-05-08 06:05:23
201,201,153.23,Cash,Completed,2025-01-13 18:27:14
202,202,372.13,Cash,Completed,2024-07-29 20:09:31
203,203,783.66,Paytm,Completed,2023-12-28 19:27:09
204,204,478.57,Credit Card,Completed,2024-02-12 05:43:29
205,205,777.52,UPI,Completed,2024-12-15 05:23:16
206,206,266.8,PayPal,Pending,2023-09-27 04:14:53
207,207,299.93,Paytm,Completed,2023-11-11 12:36:33
208,208,426.22,Paytm,Pending,2023-10-28 17:47:45
209,209,735.33,UPI,Completed,2023-09-03 07:34:34
210,210,640.3,UPI,Completed,2024-07-20 13:17:38
211,211,379.21,Credit Card,Completed,2023-12-26 07:19:53
212,212,81.12,PayPal,Pending,2025-03-13 07:47:03
213,213,700.74,PayPal,Completed,2024-05-25 03:50:45
214,214,606.34,UPI,Completed,2025-03-25 00:30:47
215,215,617.45,Paytm,Completed,2025-04-23 05:43:49
216,216,648.63,Paytm,Completed,2025-05-08 07:18:03
217,217,578.03,Paytm,Pending,2024-03-30 07:39:46
218,218,104.12,Cash,Completed,2023-11-30 16:22:55
219,219,264.04,Cash,Completed,2024-08-20 00:25:43
220,220,765.77,PayPal,Failed,2023-12-28 10:30:30
221,221,613.6,UPI,Completed,2024-04-12 09:30:38
222,222,461.06,UPI,Completed,2023-09-24 00:15:13
223,223,634.51,Paytm,Completed,2024-06-10 11:24:18
224,224,505.55,UPI,Completed,2023-09-04 06:36:55
225,225,537.04,Cash,Completed,2025-03-26 07:06:14
226,226,405.47,PayPal,Completed,2025-01-15 00:47:20
227,227,185.05,PayPal,Completed,2024-11-09 17:15:25
228,228,68.61,Paytm,Completed,2025-04-28 13:53:29
229,229,737.15,Cash,Completed,2024-06-27 06:33:00
230,230,427.36,PayPal,Pending,2024-02-24 14:05:48
231,231,198.12,Credit Card,Pending,2024-07-28 15:30:12
232,232,235.07,UPI,Completed,2024-08-18 23:03:10
233,233,350.7,Paytm,Completed,2023-10-09 23:48:41
234,234,616.15,UPI,Completed,2024-06-14 05:56:37
235,235,385.14,PayPal,Pending,2025-07-26 14:07:20
236,236,462.34,Paytm,Completed,2024-04-15 22:49:58
237,237,765.95,Credit Card,Completed,2024-01-15 01:44:28
238,238,281.13,Cash,Completed,2024-05-02 14:17:18
239,239,156.3,UPI,Completed,2024-03-07 18:19:38
240,240,144.03,Cash,Completed,2024-02-07 13:17:10
241,241,190.62,Paytm,Completed,2025-04-17 18:04:00
242,242,432.25,UPI,Completed,2024-02-16 18:42:04
243,243,435.37,Cash,Completed,2024-07-10 06:02:35
244,244,511.29,UPI,Completed,2024-11-10 04:22:15
245,245,530.74,Paytm,Pending,2024-11-17 17:24:14
246,246,517.32,Cash,Completed,2025-01-09 17:45:21
247,247,458.54,Credit Card,Completed,2024-03-30 19:55:45
248,248,778.02,UPI,Completed,2025-02-11 06:13:12
249,249,102.45,Credit Card,Completed,2024-09-14 13:10:04
250,250,733.33,PayPal,Completed,2023-08-17 14:07:57
251,251,601.94,UPI,Completed,2024-04-14 19:05:22
252,252,401.56,Paytm,Completed,2025-07-19 19:07:46
253,253,570.67,PayPal,Completed,2024-08-17 01:49:50
254,254,642.05,Cash,Completed,2023-09-23 06:52:02
255,255,574.05,Cash,Completed,2025-06-22 15:54:35
256,256,168.0,UPI,Completed,2024-09-08 05:04:20
257,257,526.11,Paytm,Completed,2023-10-12 00:37:18
258,258,564.72,Paytm,Pending,2025-07-26 12:28:59
259,259,98.44,Cash,Completed,2024-10-12 09:01:41
260,260,155.92,UPI,Completed,2024-08-26 23:36:24
261,261,741.57,Credit Card,Completed,2024-09-14 08:46:04
262,262,378.51,Credit Card,Completed,2025-07-24 08:48:12
263,263,89.6,Credit Card,Completed,2023-10-07 18:09:43
264,264,715.13,Credit Card,Completed,2025-05-16 10:48:17
265,265,493.93,Paytm,Completed,2024-08-15 10:21:27
266,266,758.33,Cash,Completed,2024-07-26 20:28:21
267,267,412.08,Credit Card,Completed,2023-09-01 20:15:01
268,268,250.81,Credit Card,Completed,2024-11-17 05:17:32
269,269,651.86,UPI,Completed,2024-08-14 23:43:53
270,270,357.91,UPI,Completed,2024-06-05 16:24:46
271,271,674.04,Credit Card,Completed,2024-01-02 03:25:58
272,272,444.24,PayPal,Completed,2023-12-28 08:25:08
273,273,717.5,Cash,Completed,2024-11-22 22:26:18
274,274,771.38,UPI,Completed,2025-02-16 21:08:23
275,275,662.71,Paytm,Completed,2023-11-29 04:06:16
276,276,466.06,Paytm,Completed,2024-01-14 20:36:48
277,277,199.07,PayPal,Completed,2024-07-16 08:42:18
278,278,405.74,Paytm,Completed,2024-01-01 13:03:44
279,279,578.23,Paytm,Completed,2023-11-17 02:19:30
280,280,620.18,Paytm,Completed,2025-04-17 09:14:47
281,281,215.8,Credit Card,Completed,2024-01-12 03:02:24
282,282,590.07,PayPal,Completed,2024-05-03 00:37:30
283,283,198.58,PayPal,Completed,2023-11-03 10:35:39
284,284,577.13,UPI,Completed,2025-06-18 11:01:01
285,285,646.94,Paytm,Completed,2024-03-16 02:04:34
286,286,450.92,PayPal,Completed,2025-04-01 09:31:43
287,287,379.95,PayPal,Completed,2023-12-04 14:34:29
288,288,164.54,UPI,Completed,2025-03-01 00:20:57
289,289,601.71,UPI,Completed,2024-01-30 06:36:21
290,290,791.49,UPI,Completed,2025-03-07 21:31:55
291,291,211.6,Cash,Completed,2025-02-05 02:15:25
292,292,570.38,Cash,Completed,2025-02-13 16:55:48
293,293,125.63,Credit Card,Completed,2024-04-10 22:53:11
294,294,155.26,Credit Card,Completed,2025-04-10 07:30:19
295,295,477.26,Paytm,Completed,2025-03-31 15:38:04
296,296,308.9,PayPal,Completed,2025-07-17 13:14:26
297,297,434.95,Cash,Completed,2024-03-25 01:09:29
298,298,664.34,UPI,Completed,2024-03-21 13:48:22
299,299,669.64,UPI,Completed,2025-01-24 06:46:42
300,300,57.2,PayPal,Completed,2024-02-11 07:18:39
301,301,546.04,Paytm,Completed,2023-12-26 02:53:28
302,302,387.58,PayPal,Completed,2024-03-15 15:43:44
303,303,601.59,UPI,Completed,2023-08-14 04:29:04
304,304,623.78,Credit Card,Completed,2024-09-13 18:57:22
305,305,732.04,Cash,Completed,2025-01-21 14:35:27
306,306,288.71,PayPal,Completed,2024-06-10 01:57:52
307,307,690.96,Cash,Completed,2024-02-10 21:11:24
308,308,243.37,PayPal,Completed,2023-11-20 02:08:31
309,309,749.01,Paytm,Completed,2024-09-09 15:04:18
310,310,544.45,UPI,Completed,2024-01-08 06:18:44
311,311,740.11,Paytm,Completed,2023-10-21 17:35:14
312,312,230.57,Cash,Completed,2024-07-08 01:30:44
313,313,751.71,Credit Card,Pending,2024-10-03 10:55:32
314,314,745.24,UPI,Pending,2025-03-10 23:46:58
315,315,58.63,Paytm,Completed,2023-12-04 13:00:42
316,316,782.4,Paytm,Pending,2025-01-12 14:41:18
317,317,415.38,Cash,Completed,2024-05-28 20:40:31
318,318,508.13,PayPal,Completed,2024-10-04 12:37:44
319,319,399.03,Credit Card,Completed,2024-09-20 13:38:29
320,320,411.83,Cash,Completed,2025-03-02 22:40:40
321,321,309.84,PayPal,Completed,2023-12-19 22:26:58
322,322,308.29,Paytm,Completed,2024-08-07 10:35:58
323,323,166.07,Cash,Completed,2025-03-27 01:51:03
324,324,575.4,Credit Card,Failed,2023-08-07 03:49:05
325,325,53.61,Credit Card,Completed,2025-04-18 11:03:09
326,326,718.38,Cash,Completed,2024-09-07 08:12:06
327,327,203.38,PayPal,Completed,2024-06-18 03:00:31
328,328,431.22,Cash,Pending,2025-07-11 23:48:23
329,329,304.07,Paytm,Completed,2025-01-03 13:55:29
330,330,153.16,PayPal,Completed,2025-05-01 05:59:02
331,331,158.29,Credit Card,Pending,2024-12-21 22:04:22
332,332,447.72,PayPal,Completed,2024-05-15 14:14:47
333,333,383.71,UPI,Completed,2025-07-23 20:12:39
334,334,452.66,Cash,Completed,2023-09-06 21:09:52
335,335,552.41,Credit Card,Completed,2025-02-22 13:34:49
336,336,403.0,Credit Card,Completed,2023-12-09 22:22:17
337,337,448.45,Cash,Completed,2023-09-27 00:50:35
338,338,557.49,PayPal,Pending,2025-02-24 03:42:05
339,339,370.41,PayPal,Completed,2025-02-16 15:34:42
340,340,475.0,Cash,Completed,2024-01-22 22:21:13
341,341,281.18,Credit Card,Completed,2024-06-28 07:01:31
342,342,588.7,Cash,Completed,2023-09-12 06:05:15
343,343,154.68,Credit Card,Completed,2024-08-29 06:19:25
344,344,94.9,UPI,Completed,2023-09-06 13:02:46
345,345,319.93,Cash,Completed,2024-06-01 18:13:36
346,346,101.22,Paytm,Completed,2023-09-09 17:07:52
347,347,517.76,PayPal,Completed,2024-10-14 18:18:09
348,348,204.74,UPI,Completed,2025-06-19 23:58:24
349,349,130.27,Paytm,Completed,2024-01-25 14:01:38
350,350,310.77,PayPal,Pending,2025-04-29 15:49:17
351,351,400.53,PayPal,Completed,2024-12-10 15:36:32
352,352,721.78,UPI,Completed,2023-10-05 07:24:34
353,353,156.73,Cash,Completed,2025-02-24 15:49:14
354,354,489.43,Paytm,Completed,2025-02-03 04:35:09
355,355,768.17,UPI,Completed,2024-08-08 19:21:11
356,356,432.22,Credit Card,Completed,2024-03-03 03:11:20
357,357,50.92,Credit Card,Completed,2024-12-12 00:37:45
358,358,168.82,PayPal,Completed,2025-01-12 23:16:24
359,359,369.62,Paytm,Completed,2023-11-19 20:09:23
360,360,213.7,Cash,Completed,2025-04-19 10:00:56
361,361,227.09,Cash,Completed,2024-08-16 01:15:34
362,362,364.67,Cash,Pending,2024-02-22 20:28:37
363,363,426.37,Paytm,Completed,2024-03-13 23:17:31
364,364,133.3,Paytm,Completed,2024-09-20 09:24:39
365,365,240.24,Cash,Completed,2025-06-08 06:45:28
366,366,127.33,UPI,Completed,2024-11-08 17:18:41
367,367,147.89,Credit Card,Completed,2024-11-09 09:57:10
368,368,446.24,UPI,Completed,2024-10-05 22:48:12
369,369,559.47,Credit Card,Completed,2024-09-28 02:46:24
370,370,418.16,Paytm,Completed,2023-11-05 23:29:02
371,371,660.57,Cash,Failed,2024-05-27 18:10:29
372,372,81.39,Paytm,Completed,2025-03-05 04:02:15
373,373,663.01,PayPal,Completed,2025-02-03 23:51:35
374,374,641.16,UPI,Completed,2024-10-12 23:08:56
375,375,80.07,Credit Card,Completed,2025-01-23 23:12:51
376,376,226.28,Paytm,Completed,2024-10-06 23:38:21
377,377,337.23,Credit Card,Completed,2024-02-04 15:36:53
378,378,656.64,Paytm,Completed,2024-12-23 20:04:54
379,379,642.91,Cash,Completed,2024-03-29 14:29:11
380,380,187.11,Paytm,Completed,2024-08-28 16:59:56
381,381,61.71,PayPal,Completed,2025-05-30 02:14:34
382,382,545.78,Paytm,Completed,2025-02-08 23:43:05
383,383,361.76,Cash,Completed,2024-03-20 02:19:03
384,384,585.71,UPI,Completed,2023-12-14 18:49:49
385,385,193.52,Cash,Pending,2024-06-24 11:38:57
386,386,769.12,Credit Card,Completed,2023-12-24 21:35:25
387,387,635.3,Paytm,Pending,2025-02-26 05:22:11
388,388,306.73,Credit Card,Completed,2024-05-20 22:00:26
389,389,76.8,Paytm,Completed,2025-02-13 21:49:54
390,390,614.12,PayPal,Completed,2023-08-21 09:25:28
391,391,146.3,PayPal,Completed,2024-03-19 19:37:35
392,392,313.24,UPI,Completed,2023-10-04 07:49:05
393,393,760.2,Credit Card,Completed,2023-11-10 08:15:34
394,394,548.97,UPI,Completed,2024-10-13 21:09:57
395,395,456.26,Cash,Completed,2024-04-13 09:04:29
396,396,512.1,UPI,Completed,2025-04-23 19:49:47
397,397,237.2,PayPal,Completed,2025-04-30 04:02:45
398,398,642.45,Credit Card,Completed,2025-06-05 08:43:56
399,399,173.77,UPI,Completed,2024-05-13 02:44:40
400,400,275.51,Paytm,Completed,2024-06-11 17:22:34
401,401,664.89,PayPal,Completed,2024-05-01 23:27:55
402,402,278.17,Cash,Completed,2024-08-10 15:19:06
403,403,134.66,UPI,Completed,2024-07-02 23:05:20
404,404,564.53,Cash,Completed,2023-10-23 03:16:20
405,405,648.94,UPI,Failed,2023-08-23 10:31:10
406,406,303.75,PayPal,Completed,2024-10-07 22:26:34
407,407,326.18,UPI,Completed,2025-06-29 21:54:28
408,408,682.11,UPI,Completed,2023-12-09 21:28:05
409,409,751.84,Paytm,Completed,2024-09-12 22:36:11
410,410,754.15,UPI,Completed,2025-05-01 06:39:51
411,411,219.43,Paytm,Pending,2024-09-10 07:52:10
412,412,289.51,Cash,Completed,2024-02-04 09:55:25
413,413,71.2,Credit Card,Completed,2024-02-22 20:08:15
414,414,63.82,Credit Card,Completed,2024-07-03 11:14:48
415,415,468.93,UPI,Completed,2024-10-20 17:14:44
416,416,533.83,Paytm,Completed,2023-09-13 13:01:43
417,417,717.12,UPI,Completed,2024-11-17 09:31:36
418,418,620.14,PayPal,Completed,2023-08-06 02:22:08
419,419,606.6,Paytm,Completed,2024-05-24 00:16:03
420,420,716.0,PayPal,Completed,2025-06-16 02:57:40
421,421,151.71,Credit Card,Completed,2024-11-17 09:06:01
422,422,555.54,UPI,Completed,2024-04-29 15:25:47
423,423,600.0,Paytm,Completed,2024-04-14 22:59:34
424,424,411.8,Credit Card,Completed,2024-02-16 13:47:59
425,425,443.36,UPI,Completed,2024-05-08 04:12:40
426,426,629.25,UPI,Completed,2024-12-27 10:40:47
427,427,386.6,Paytm,Completed,2024-05-30 10:05:34
428,428,166.56,Credit Card,Completed,2025-03-08 06:30:12
429,429,648.62,PayPal,Completed,2025-03-26 20:18:41
430,430,542.42,PayPal,Completed,2024-01-07 21:55:32
431,431,453.11,Cash,Completed,2025-05-01 18:54:03
432,432,145.55,PayPal,Completed,2024-01-03 06:37:55
433,433,669.98,PayPal,Completed,2024-04-10 04:37:36
434,434,133.85,Cash,Completed,2023-12-02 08:49:40
435,435,201.53,Cash,Completed,2024-04-14 17:12:10
436,436,571.95,Paytm,Completed,2025-07-15 11:54:35
437,437,469.73,UPI,Completed,2023-12-25 04:43:26
438,438,96.4,PayPal,Pending,2024-06-27 12:37:41
439,439,586.86,Credit Card,Failed,2023-10-03 02:43:46
440,440,750.3,Credit Card,Completed,2024-04-07 21:48:14
441,441,76.21,Paytm,Completed,2024-10-26 22:20:47
442,442,724.35,PayPal,Completed,2024-10-04 08:32:36
443,443,654.93,Credit Card,Completed,2025-03-04 12:18:49
444,444,645.36,Paytm,Pending,2023-12-28 10:19:24
445,445,199.86,Credit Card,Completed,2024-05-27 12:44:24
446,446,206.59,PayPal,Completed,2024-09-07 18:26:27
447,447,223.25,Credit Card,Completed,2025-07-21 23:47:18
448,448,124.31,Credit Card,Completed,2023-10-19 01:29:00
449,449,628.16,Paytm,Completed,2025-01-22 22:28:16
450,450,772.6,UPI,Completed,2023-09-15 08:19:15
451,451,583.34,Credit Card,Completed,2025-07-30 21:10:39
452,452,75.9,UPI,Failed,2024-04-07 22:14:13
453,453,583.49,Credit Card,Completed,2024-12-16 11:55:29
454,454,795.36,UPI,Pending,2025-06-17 23:44:52
455,455,797.56,UPI,Completed,2025-07-10 01:42:47
456,456,783.96,PayPal,Pending,2024-07-01 13:48:54
457,457,703.22,PayPal,Completed,2023-11-17 14:28:55
458,458,420.4,Paytm,Completed,2024-04-26 07:48:24
459,459,657.3,PayPal,Completed,2023-09-09 10:41:23
460,460,142.15,UPI,Pending,2024-07-03 09:51:51
461,461,693.69,PayPal,Completed,2024-05-23 16:23:30
462,462,127.65,Paytm,Completed,2024-10-04 04:23:07
463,463,179.9,Paytm,Completed,2023-09-06 13:52:47
464,464,147.63,Credit Card,Completed,2024-01-03 08:09:13
465,465,213.28,Credit Card,Completed,2024-12-07 15:51:58
466,466,434.33,Cash,Completed,2024-05-31 19:39:51
467,467,407.61,Paytm,Completed,2025-07-12 15:23:35
468,468,254.82,Credit Card,Completed,2023-09-14 18:23:51
469,469,212.7,PayPal,Completed,2023-12-14 08:07:40
470,470,139.03,PayPal,Completed,2024-06-18 10:09:55
471,471,420.57,PayPal,Completed,2024-04-07 14:17:12
472,472,309.71,Credit Card,Completed,2023-11-10 06:46:39
473,473,382.66,UPI,Completed,2025-06-16 06:25:56
474,474,488.35,Cash,Completed,2025-03-05 22:32:23
475,475,150.13,Credit Card,Completed,2025-07-08 22:58:49
476,476,495.48,Paytm,Completed,2024-05-28 10:39:11
477,477,535.06,Paytm,Completed,2024-01-30 07:38:07
478,478,87.23,Credit Card,Completed,2024-04-08 00:03:15
479,479,67.06,Cash,Completed,2024-12-17 23:19:16
480,480,671.19,UPI,Completed,2024-01-13 04:33:25
481,481,224.02,Credit Card,Completed,2024-08-11 17:48:42
482,482,410.88,Cash,Completed,2024-01-01 23:20:38
483,483,335.92,Cash,Completed,2025-01-02 04:20:56
484,484,294.92,PayPal,Completed,2025-07-13 04:53:05
485,485,772.79,Paytm,Pending,2023-11-16 04:37:07
486,486,132.49,Paytm,Completed,2024-01-16 01:45:33
487,487,572.67,Paytm,Completed,2025-04-24 09:55:05
488,488,369.55,PayPal,Completed,2024-03-20 00:04:50
489,489,521.53,Credit Card,Completed,2023-12-24 19:40:45
490,490,652.4,Cash,Completed,2025-05-12 08:03:03
491,491,500.14,UPI,Completed,2024-11-19 12:00:06
492,492,661.08,Paytm,Completed,2023-09-17 13:26:20
493,493,614.97,Paytm,Completed,2023-08-19 12:10:19
494,494,787.57,PayPal,Pending,2023-08-07 13:25:01
495,495,159.33,Paytm,Completed,2025-01-23 14:10:04
496,496,517.97,Credit Card,Completed,2024-02-19 09:27:59
497,497,540.64,Credit Card,Completed,2024-08-22 15:40:47
498,498,574.96,PayPal,Pending,2024-06-26 17:34:33
499,499,185.88,Paytm,Completed,2025-03-11 01:40:42
500,500,519.03,Credit Card,Completed,2024-06-11 00:55:54
501,501,134.59,PayPal,Completed,2024-11-25 09:59:41
502,502,585.28,UPI,Completed,2024-12-25 14:39:52
503,503,506.22,UPI,Completed,2024-02-19 15:20:52
504,504,576.14,Paytm,Completed,2024-04-07 03:26:48
505,505,649.42,Paytm,Completed,2024-11-15 06:27:01
506,506,472.94,Cash,Completed,2025-04-13 07:59:45
507,507,385.56,Credit Card,Completed,2023-12-05 08:07:44
508,508,672.24,Credit Card,Completed,2025-06-29 17:07:26
509,509,584.6,PayPal,Completed,2024-07-07 01:36:32
510,510,773.43,UPI,Completed,2024-08-30 18:25:52
511,511,599.06,UPI,Completed,2023-08-25 23:42:25
512,512,110.69,Cash,Completed,2024-09-30 15:36:03
513,513,237.19,Credit Card,Completed,2025-03-14 04:23:04
514,514,397.52,Credit Card,Completed,2025-04-27 07:55:20
515,515,247.44,Credit Card,Completed,2024-07-31 08:52:20
516,516,382.82,Cash,Completed,2025-05-19 09:31:28
517,517,476.13,UPI,Completed,2025-07-16 15:36:39
518,518,767.63,Paytm,Failed,2025-04-22 15:32:31
519,519,671.19,Credit Card,Completed,2024-01-30 17:51:31
520,520,725.51,Cash,Completed,2023-09-06 13:12:02
521,521,127.84,PayPal,Completed,2025-07-31 12:52:42
522,522,258.09,Cash,Completed,2025-02-14 10:55:31
523,523,86.61,PayPal,Completed,2024-10-21 20:22:09
524,524,534.6,PayPal,Completed,2023-09-11 00:09:58
525,525,428.7,Cash,Completed,2024-10-23 22:04:37
526,526,111.67,Cash,Completed,2024-12-04 21:19:11
527,527,696.68,Cash,Completed,2024-04-14 23:30:05
528,528,120.42,UPI,Completed,2023-12-11 10:44:45
529,529,214.94,PayPal,Completed,2024-01-20 00:03:43
530,530,243.98,UPI,Completed,2025-06-09 20:13:30
531,531,322.88,UPI,Completed,2024-01-23 06:14:59
532,532,170.74,PayPal,Completed,2024-05-28 06:58:50
533,533,166.96,Credit Card,Completed,2023-12-30 17:32:32
534,534,723.27,Credit Card,Completed,2025-04-12 07:35:13
535,535,481.28,Credit Card,Completed,2023-11-03 08:33:51
536,536,745.95,Paytm,Completed,2024-02-19 12:50:57
537,537,82.4,Credit Card,Completed,2024-04-22 07:33:42
538,538,308.38,Cash,Completed,2024-03-02 18:25:14
539,539,146.8,UPI,Pending,2024-12-08 18:57:10
540,540,516.92,Credit Card,Completed,2024-06-21 04:53:39
541,541,613.97,PayPal,Completed,2025-07-20 00:51:13
542,542,371.72,PayPal,Completed,2023-10-10 22:54:07
543,543,80.08,UPI,Completed,2024-05-13 02:32:21
544,544,189.45,Credit Card,Completed,2023-12-23 18:49:06
545,545,65.65,Paytm,Completed,2023-12-24 20:44:24
546,546,669.52,Paytm,Completed,2025-02-05 08:14:40
547,547,457.85,Paytm,Completed,2024-04-30 18:07:18
548,548,285.84,Credit Card,Completed,2024-05-22 01:37:47
549,549,227.02,Credit Card,Completed,2025-05-27 09:49:16
550,550,577.55,Cash,Completed,2024-04-12 04:04:17
551,551,168.6,PayPal,Pending,2023-10-23 22:13:52
552,552,451.9,Cash,Completed,2025-05-24 02:18:23
553,553,182.84,Paytm,Pending,2024-10-30 08:47:39
554,554,409.74,Credit Card,Completed,2024-12-24 12:41:20
555,555,547.34,PayPal,Completed,2024-06-04 23:47:52
556,556,740.4,Cash,Completed,2024-08-25 17:29:58
557,557,381.05,Cash,Completed,2024-04-05 21:17:47
558,558,508.9,Cash,Completed,2024-08-20 03:34:58
559,559,662.55,Paytm,Completed,2024-08-22 22:06:27
560,560,667.35,Credit Card,Completed,2024-07-04 05:06:50
561,561,425.27,Paytm,Completed,2023-10-07 20:12:59
562,562,120.44,Cash,Completed,2024-07-09 17:40:31
563,563,402.11,UPI,Pending,2024-02-28 20:15:12
564,564,768.78,Credit Card,Completed,2025-02-17 17:58:06
565,565,389.29,Paytm,Completed,2025-03-20 14:08:22
566,566,293.25,UPI,Completed,2025-03-13 00:06:49
567,567,469.88,Cash,Completed,2025-06-27 08:33:34
568,568,440.3,Cash,Completed,2024-08-28 04:34:53
569,569,707.73,PayPal,Completed,2023-09-20 17:28:29
570,570,169.18,PayPal,Completed,2025-03-29 18:38:20
571,571,216.04,Paytm,Completed,2024-03-06 03:51:43
572,572,598.04,PayPal,Completed,2023-12-10 05:58:58
573,573,239.36,PayPal,Completed,2025-03-23 19:18:27
574,574,526.01,PayPal,Completed,2025-06-29 21:51:23
575,575,105.53,UPI,Pending,2024-12-13 15:34:58
576,576,290.2,UPI,Completed,2025-05-18 17:31:17
577,577,165.6,UPI,Completed,2023-11-03 18:15:40
578,578,169.23,Cash,Completed,2025-04-02 13:54:56
579,579,707.37,Paytm,Pending,2023-08-13 21:46:00
580,580,766.29,Cash,Completed,2023-08-20 00:54:22
581,581,671.72,Cash,Completed,2024-12-04 07:29:54
582,582,706.21,PayPal,Completed,2025-03-23 06:08:32
583,583,510.32,Credit Card,Completed,2023-08-12 07:04:03
584,584,327.08,Cash,Completed,2025-07-09 01:37:25
585,585,617.84,Cash,Completed,2024-07-03 03:02:29
586,586,559.91,Paytm,Completed,2025-06-04 19:30:53
587,587,672.57,Credit Card,Completed,2023-11-10 22:08:19
588,588,442.62,Cash,Completed,2023-11-09 16:05:40
589,589,403.21,Paytm,Completed,2025-01-26 21:23:20
590,590,400.45,Credit Card,Completed,2025-07-05 14:23:20
591,591,738.23,PayPal,Completed,2024-10-04 19:37:32
592,592,272.41,UPI,Completed,2023-12-17 09:03:56
593,593,792.93,Paytm,Completed,2024-01-16 03:00:47
594,594,172.95,Paytm,Completed,2025-03-29 13:03:08
595,595,689.03,UPI,Completed,2024-05-18 01:21:58
596,596,550.21,Paytm,Completed,2024-09-17 23:24:19
597,597,400.56,Credit Card,Completed,2024-07-01 07:27:30
598,598,714.59,Credit Card,Completed,2024-01-11 01:33:41
599,599,246.99,Credit Card,Completed,2024-06-07 22:47:24
600,600,438.05,Credit Card,Completed,2024-02-07 05:51:14
601,601,557.64,PayPal,Completed,2025-02-24 21:30:55
602,602,377.28,UPI,Completed,2025-08-01 01:42:43
603,603,637.77,Paytm,Completed,2024-10-01 16:57:56
604,604,206.06,UPI,Completed,2024-07-15 21:13:00
605,605,477.18,UPI,Completed,2024-10-07 17:40:02
606,606,767.28,Credit Card,Completed,2024-10-24 05:45:37
607,607,544.27,Credit Card,Completed,2024-01-10 18:06:13
608,608,91.42,UPI,Completed,2023-10-11 17:31:53
609,609,63.42,PayPal,Pending,2024-12-17 14:01:05
610,610,768.5,Paytm,Completed,2024-02-29 16:28:51
611,611,154.19,Paytm,Completed,2025-02-03 07:52:01
612,612,140.71,PayPal,Completed,2024-09-13 02:17:38
613,613,220.73,PayPal,Completed,2025-04-24 20:15:59
614,614,467.15,Paytm,Completed,2025-06-27 00:34:31
615,615,210.96,Paytm,Completed,2024-11-14 10:16:10
616,616,475.3,UPI,Completed,2023-09-21 13:14:50
617,617,532.38,PayPal,Completed,2024-03-27 07:58:08
618,618,669.06,UPI,Completed,2024-03-09 12:55:13
619,619,629.2,PayPal,Completed,2024-10-18 13:57:23
620,620,239.8,UPI,Failed,2025-03-25 12:58:14
621,621,613.82,UPI,Completed,2024-04-25 11:57:07
622,622,232.37,PayPal,Completed,2023-12-24 21:40:02
623,623,728.61,Credit Card,Completed,2024-06-19 17:33:39
624,624,426.15,Credit Card,Completed,2024-05-25 19:04:01
625,625,294.89,Cash,Completed,2024-06-03 12:11:30
626,626,165.04,PayPal,Completed,2025-05-25 16:50:19
627,627,648.18,Paytm,Completed,2024-03-07 08:58:29
628,628,587.47,Cash,Completed,2024-05-16 14:04:23
629,629,528.55,UPI,Completed,2024-08-02 14:19:24
630,630,717.44,Credit Card,Completed,2023-09-19 07:49:41
631,631,639.12,PayPal,Completed,2024-12-31 08:19:09
632,632,63.61,Paytm,Completed,2025-07-30 23:33:48
633,633,210.8,Paytm,Pending,2025-05-26 15:36:37
634,634,512.77,Paytm,Completed,2025-06-23 10:55:31
635,635,129.07,UPI,Completed,2023-12-01 05:36:31
636,636,724.47,Paytm,Completed,2025-06-26 02:13:26
637,637,396.85,Credit Card,Completed,2025-01-26 02:51:29
638,638,730.4,PayPal,Completed,2025-04-11 20:11:03
639,639,521.81,Paytm,Completed,2024-06-18 01:32:49
640,640,626.28,Paytm,Completed,2025-06-25 18:23:51
641,641,79.3,Paytm,Completed,2024-12-29 00:59:38
642,642,98.19,PayPal,Failed,2025-05-25 14:29:35
643,643,715.9,UPI,Completed,2024-11-15 21:29:39
644,644,427.37,Paytm,Completed,2023-11-06 06:49:20
645,645,135.98,Credit Card,Completed,2025-06-30 01:36:08
646,646,216.2,Credit Card,Completed,2024-04-03 02:30:32
647,647,617.82,Cash,Completed,2025-07-01 03:43:37
648,648,314.4,Cash,Completed,2024-09-04 11:26:11
649,649,335.74,Credit Card,Completed,2025-01-16 01:02:48
650,650,370.32,Credit Card,Completed,2023-08-13 20:06:49
651,651,613.91,PayPal,Completed,2024-02-21 11:17:08
652,652,636.57,PayPal,Completed,2023-09-08 11:31:25
653,653,202.52,Paytm,Completed,2024-05-20 11:37:52
654,654,92.41,Credit Card,Completed,2024-02-25 22:19:17
655,655,705.23,Cash,Completed,2023-10-24 00:04:27
656,656,735.23,PayPal,Completed,2023-12-01 16:57:19
657,657,67.8,Cash,Pending,2024-08-16 01:58:50
658,658,214.02,Cash,Completed,2024-01-25 06:40:58
659,659,287.86,Paytm,Completed,2024-01-13 19:15:33
660,660,472.79,Cash,Completed,2024-03-15 10:55:22
661,661,648.52,Paytm,Completed,2024-05-16 10:52:16
662,662,177.85,UPI,Completed,2023-09-11 05:27:35
663,663,698.93,PayPal,Completed,2025-02-09 23:02:08
664,664,700.23,PayPal,Completed,2025-03-26 14:37:28
665,665,455.64,Cash,Completed,2025-01-24 16:30:34
666,666,204.67,Paytm,Completed,2024-05-13 04:08:52
667,667,312.74,Paytm,Completed,2025-07-06 12:47:37
668,668,584.74,Credit Card,Completed,2024-05-28 21:14:08
669,669,517.74,Credit Card,Completed,2025-01-31 07:47:49
670,670,118.39,Credit Card,Completed,2023-12-29 20:48:29
671,671,90.88,Credit Card,Completed,2024-05-11 17:19:23
672,672,154.39,Cash,Completed,2024-01-21 06:55:01
673,673,236.37,Cash,Completed,2025-07-19 15:07:23
674,674,710.19,UPI,Pending,2025-03-29 01:01:22
675,675,287.9,PayPal,Completed,2024-12-20 01:33:04
676,676,550.23,UPI,Completed,2024-09-20 07:07:53
677,677,350.5,UPI,Completed,2024-03-22 03:31:47
678,678,400.06,Cash,Completed,2025-05-23 12:29:50
679,679,349.97,PayPal,Completed,2024-08-10 02:43:06
680,680,321.55,Credit Card,Completed,2025-06-16 23:27:40
681,681,253.47,Credit Card,Completed,2025-04-30 06:22:37
682,682,225.58,Cash,Completed,2024-06-23 06:18:06
683,683,516.24,Cash,Completed,2023-12-17 12:07:44
684,684,302.96,PayPal,Completed,2024-01-18 01:46:25
685,685,455.84,Cash,Completed,2024-06-04 17:39:19
686,686,624.84,Cash,Completed,2023-11-23 07:02:38
687,687,660.75,UPI,Completed,2023-12-02 17:45:14
688,688,436.23,Cash,Completed,2024-09-13 07:18:38
689,689,532.95,PayPal,Completed,2024-09-07 00:00:18
690,690,396.03,Cash,Pending,2023-12-01 06:02:34
691,691,552.38,Cash,Completed,2025-07-11 03:13:27
692,692,111.73,UPI,Completed,2025-01-18 16:08:35
693,693,662.5,Paytm,Pending,2024-11-27 10:55:01
694,694,666.67,Cash,Pending,2024-05-23 23:59:58
695,695,228.62,UPI,Completed,2024-12-24 23:32:44
696,696,281.8,UPI,Completed,2023-09-19 01:58:35
697,697,594.26,PayPal,Completed,2024-07-31 05:29:47
698,698,748.29,UPI,Completed,2023-11-08 19:46:07
699,699,291.4,Cash,Completed,2024-01-31 16:35:00
700,700,163.74,Cash,Completed,2024-04-08 17:44:13
701,701,399.87,Paytm,Completed,2025-05-08 18:15:35
702,702,779.66,PayPal,Completed,2024-08-06 00:49:07
703,703,750.37,Credit Card,Completed,2024-11-12 00:32:37
704,704,202.07,Paytm,Failed,2024-12-28 19:50:00
705,705,608.98,Paytm,Failed,2025-05-26 00:12:15
706,706,665.13,PayPal,Completed,2024-05-28 17:27:04
707,707,347.18,UPI,Completed,2024-06-18 03:52:34
708,708,57.15,PayPal,Completed,2024-11-14 01:15:31
709,709,690.33,Paytm,Completed,2025-03-02 05:39:26
710,710,215.96,Paytm,Failed,2024-11-22 15:10:26
711,711,190.26,UPI,Completed,2024-03-23 04:16:30
712,712,74.1,UPI,Completed,2024-02-12 17:12:25
713,713,541.64,Paytm,Completed,2024-04-14 04:06:33
714,714,311.01,Paytm,Completed,2024-06-05 09:50:54
715,715,323.6,PayPal,Completed,2024-11-17 07:15:49
716,716,125.17,Credit Card,Completed,2025-04-03 11:25:03
717,717,51.23,Paytm,Completed,2024-05-09 09:04:14
718,718,767.16,Paytm,Pending,2025-06-29 14:52:51
719,719,158.2,Credit Card,Completed,2025-06-22 11:38:52
720,720,580.71,PayPal,Completed,2025-01-22 08:42:46
721,721,394.99,PayPal,Completed,2025-07-09 10:45:46
722,722,676.58,Cash,Completed,2024-12-28 10:11:34
723,723,619.06,Cash,Completed,2023-10-23 10:55:03
724,724,154.06,PayPal,Completed,2025-04-14 05:06:25
725,725,396.61,Paytm,Completed,2024-01-30 12:59:24
726,726,225.67,Credit Card,Completed,2024-11-02 01:15:49
727,727,278.06,Cash,Completed,2024-03-24 01:14:27
728,728,721.83,PayPal,Completed,2024-08-01 09:21:21
729,729,783.39,Credit Card,Completed,2025-07-23 00:59:29
730,730,128.84,UPI,Completed,2024-04-11 04:18:30
731,731,322.68,PayPal,Completed,2024-11-09 06:42:20
732,732,572.66,PayPal,Completed,2024-03-29 20:17:33
733,733,330.15,Paytm,Completed,2024-01-31 09:35:57
734,734,400.67,Cash,Completed,2024-03-03 16:38:37
735,735,420.27,PayPal,Completed,2024-11-22 16:23:30
736,736,259.49,UPI,Completed,2024-05-31 23:10:19
737,737,644.02,Paytm,Failed,2024-07-21 01:32:26
738,738,710.89,PayPal,Completed,2024-07-27 16:14:59
739,739,583.4,PayPal,Completed,2025-04-05 10:38:32
740,740,598.49,Credit Card,Failed,2024-10-14 18:39:35
741,741,782.36,Cash,Completed,2024-08-06 15:58:29
742,742,308.97,Paytm,Completed,2024-12-16 17:20:52
743,743,799.6,UPI,Completed,2024-01-29 02:41:34
744,744,356.18,UPI,Completed,2024-07-25 04:09:47
745,745,747.27,PayPal,Completed,2023-09-26 18:56:41
746,746,458.76,UPI,Completed,2025-01-03 14:57:12
747,747,445.82,Paytm,Completed,2024-05-14 07:52:38
748,748,596.92,Paytm,Completed,2023-12-26 00:51:23
749,749,342.76,UPI,Completed,2025-02-05 02:05:49
750,750,307.47,UPI,Completed,2024-08-27 19:09:14
751,751,582.74,UPI,Completed,2024-01-05 15:23:05
752,752,755.53,Cash,Completed,2024-01-25 12:15:04
753,753,230.07,PayPal,Completed,2023-09-18 13:10:51
754,754,766.36,Paytm,Completed,2024-12-23 19:23:04
755,755,628.15,UPI,Failed,2025-03-03 01:21:46
756,756,421.2,UPI,Completed,2023-09-14 14:13:45
757,757,129.95,Cash,Completed,2025-04-20 04:41:38
758,758,667.31,Credit Card,Completed,2025-07-11 05:37:43
759,759,240.61,Paytm,Completed,2024-07-03 03:00:08
760,760,461.25,Credit Card,Completed,2023-11-21 06:27:36
761,761,672.99,Credit Card,Completed,2025-06-11 22:16:23
762,762,451.77,Credit Card,Completed,2025-05-14 00:02:24
763,763,787.65,PayPal,Pending,2024-08-10 19:06:18
764,764,240.83,Cash,Completed,2024-07-12 10:43:34
765,765,272.85,UPI,Completed,2023-11-24 07:28:42
766,766,592.84,Cash,Completed,2024-12-10 07:48:09
767,767,706.53,Cash,Completed,2024-07-28 12:46:44
768,768,689.92,PayPal,Completed,2023-10-12 20:10:46
769,769,686.53,UPI,Pending,2023-09-23 21:58:20
770,770,484.34,PayPal,Completed,2024-12-07 09:53:13
771,771,711.3,Credit Card,Completed,2024-02-12 15:52:59
772,772,600.45,Credit Card,Completed,2024-04-14 09:15:28
773,773,408.93,PayPal,Completed,2024-12-12 01:22:34
774,774,122.73,UPI,Completed,2024-06-11 03:36:16
775,775,616.6,PayPal,Completed,2024-11-08 01:02:06
776,776,456.51,Paytm,Completed,2025-04-12 09:11:05
777,777,572.19,PayPal,Completed,2024-03-07 18:52:44
778,778,206.74,UPI,Completed,2025-05-12 05:38:35
779,779,660.15,Credit Card,Completed,2024-08-17 02:05:31
780,780,432.99,PayPal,Completed,2025-01-30 06:07:50
781,781,743.24,Cash,Completed,2025-02-22 04:44:41
782,782,121.73,Paytm,Completed,2023-09-26 20:41:48
783,783,652.56,Credit Card,Completed,2023-12-14 17:36:41
784,784,215.77,UPI,Completed,2024-07-07 02:01:41
785,785,684.41,Cash,Completed,2024-08-16 12:44:50
786,786,785.35,Paytm,Completed,2024-01-26 10:40:20
787,787,243.68,Credit Card,Completed,2024-06-27 21:15:34
788,788,328.72,Cash,Completed,2024-04-21 01:02:54
789,789,529.38,UPI,Completed,2023-09-17 07:33:28
790,790,385.76,Cash,Completed,2024-08-04 21:40:13
791,791,148.37,Paytm,Completed,2025-03-03 17:51:51
792,792,345.42,Paytm,Completed,2024-01-14 00:35:40
793,793,590.06,Paytm,Completed,2025-06-20 04:37:51
794,794,487.22,Cash,Completed,2024-02-09 23:34:53
795,795,266.49,Credit Card,Completed,2023-11-05 22:08:22
796,796,789.07,Paytm,Completed,2025-01-12 08:18:04
797,797,469.69,Cash,Completed,2024-02-17 22:40:05
798,798,77.78,Cash,Completed,2025-06-20 07:17:28
799,799,520.02,Paytm,Completed,2023-08-27 04:22:30
800,800,539.25,Paytm,Completed,2024-08-08 23:20:20
801,801,319.28,Credit Card,Completed,2024-02-21 04:30:25
802,802,609.2,Paytm,Completed,2024-11-17 19:18:17
803,803,348.8,Paytm,Completed,2025-03-23 01:09:28
804,804,110.36,Paytm,Completed,2023-08-11 17:43:58
805,805,397.89,Cash,Completed,2023-08-10 12:52:04
806,806,684.58,Paytm,Pending,2024-07-01 15:22:20
807,807,678.06,Cash,Completed,2024-08-31 22:02:57
808,808,372.97,Paytm,Completed,2024-02-15 12:17:40
809,809,591.84,PayPal,Completed,2025-01-07 14:13:10
810,810,299.7,Cash,Completed,2023-12-09 20:33:35
811,811,749.11,UPI,Completed,2024-07-09 10:05:21
812,812,524.29,PayPal,Completed,2023-11-26 00:55:38
813,813,387.06,UPI,Completed,2023-09-08 11:30:05
814,814,710.23,Credit Card,Completed,2025-07-17 23:53:53
815,815,276.86,PayPal,Completed,2023-12-20 21:42:24
816,816,206.64,Cash,Completed,2025-01-01 13:19:40
817,817,122.63,Cash,Completed,2023-10-28 18:38:10
818,818,384.48,Cash,Completed,2025-02-17 06:53:41
819,819,629.06,UPI,Completed,2025-07-28 00:11:06
820,820,110.61,UPI,Completed,2023-12-13 19:40:11
821,821,382.96,Paytm,Completed,2024-01-24 06:49:56
822,822,579.43,Paytm,Completed,2023-08-23 01:44:46
823,823,197.23,UPI,Completed,2024-10-30 23:11:14
824,824,115.66,Credit Card,Completed,2023-08-15 06:20:59
825,825,612.17,Paytm,Completed,2025-06-15 20:10:19
826,826,424.21,Cash,Completed,2024-09-19 10:44:25
827,827,428.84,Credit Card,Completed,2024-07-01 16:36:27
828,828,173.1,Cash,Failed,2023-10-30 13:20:22
829,829,533.19,Credit Card,Completed,2023-12-06 13:13:11
830,830,410.58,Cash,Completed,2023-08-18 11:23:46
831,831,650.69,Cash,Completed,2024-08-30 22:05:58
832,832,621.24,PayPal,Pending,2024-10-01 21:04:30
833,833,655.53,PayPal,Completed,2024-04-28 13:54:56
834,834,430.17,Credit Card,Completed,2024-10-14 12:20:16
835,835,269.12,UPI,Completed,2024-01-16 16:53:58
836,836,552.13,Cash,Completed,2023-09-22 09:52:43
837,837,91.99,Paytm,Completed,2024-05-29 02:01:41
838,838,640.67,PayPal,Completed,2025-03-14 17:10:21
839,839,472.26,Paytm,Completed,2025-06-06 01:43:14
840,840,116.08,UPI,Completed,2024-04-17 09:34:03
841,841,526.6,PayPal,Completed,2024-06-06 12:03:00
842,842,289.99,Paytm,Completed,2025-01-07 16:33:40
843,843,668.15,Cash,Completed,2025-05-27 17:32:31
844,844,406.04,PayPal,Pending,2024-02-05 13:33:37
845,845,671.58,Credit Card,Completed,2024-01-31 10:43:05
846,846,704.49,Credit Card,Completed,2025-01-26 17:03:31
847,847,211.85,Credit Card,Completed,2025-05-25 02:59:38
848,848,297.98,UPI,Completed,2024-05-15 21:04:23
849,849,201.26,Paytm,Completed,2024-01-08 16:35:15
850,850,679.42,PayPal,Completed,2025-07-10 22:14:03
851,851,548.24,PayPal,Pending,2024-05-27 18:32:33
852,852,662.49,PayPal,Completed,2024-09-18 17:08:54
853,853,320.24,Credit Card,Completed,2025-06-07 12:27:14
854,854,763.28,UPI,Completed,2024-05-15 16:02:06
855,855,630.22,Credit Card,Completed,2025-02-01 12:07:23
856,856,352.23,Cash,Completed,2024-01-07 04:23:06
857,857,192.49,UPI,Completed,2023-09-07 08:01:20
858,858,98.99,Cash,Completed,2024-12-18 17:38:52
859,859,124.56,Paytm,Completed,2023-11-19 02:21:29
860,860,746.76,PayPal,Completed,2025-01-03 02:18:15
861,861,471.21,PayPal,Completed,2024-02-23 04:08:48
862,862,202.18,PayPal,Completed,2023-10-04 04:40:31
863,863,786.54,PayPal,Completed,2025-01-29 20:44:29
864,864,723.22,Paytm,Completed,2025-01-29 09:27:47
865,865,449.78,Credit Card,Completed,2024-09-27 01:15:48
866,866,418.27,Credit Card,Completed,2024-07-06 05:47:05
867,867,470.92,Cash,Completed,2025-04-09 04:13:46
868,868,154.61,Credit Card,Completed,2024-04-06 14:35:48
869,869,537.47,UPI,Completed,2024-08-21 16:03:21
870,870,671.52,Paytm,Completed,2023-11-21 10:07:49
871,871,214.34,UPI,Completed,2024-01-22 13:29:53
872,872,402.84,Credit Card,Completed,2024-07-05 20:12:35
873,873,507.0,PayPal,Completed,2024-03-20 07:10:59
874,874,137.12,Paytm,Completed,2025-05-13 16:30:54
875,875,688.91,Cash,Completed,2023-08-08 05:39:55
876,876,275.86,PayPal,Completed,2024-01-06 13:39:35
877,877,721.58,Paytm,Completed,2023-08-23 23:52:43
878,878,485.91,Credit Card,Completed,2025-02-18 08:31:04
879,879,280.68,Cash,Completed,2024-05-29 16:55:57
880,880,585.68,UPI,Completed,2024-08-21 13:49:53
881,881,614.07,PayPal,Completed,2024-04-11 02:42:07
882,882,334.82,PayPal,Completed,2023-09-21 03:26:16
883,883,140.51,Paytm,Completed,2024-11-28 11:10:55
884,884,226.73,UPI,Completed,2025-03-07 21:49:23
885,885,244.41,Credit Card,Completed,2025-07-21 03:20:33
886,886,354.83,UPI,Completed,2024-11-12 21:05:45
887,887,647.26,Cash,Completed,2025-03-08 16:26:51
888,888,522.77,Paytm,Completed,2023-10-18 23:27:31
889,889,92.39,PayPal,Completed,2025-07-11 20:44:45
890,890,449.34,PayPal,Completed,2024-10-16 03:54:31
891,891,287.83,Cash,Completed,2025-01-29 05:36:14
892,892,415.88,PayPal,Completed,2024-07-21 20:22:44
893,893,616.79,Credit Card,Completed,2024-04-19 10:46:34
894,894,505.82,Credit Card,Failed,2025-05-08 05:57:31
895,895,99.68,Credit Card,Completed,2024-04-08 22:32:26
896,896,502.39,Cash,Completed,2024-04-08 05:21:12
897,897,273.41,UPI,Completed,2024-12-25 06:56:13
898,898,249.89,Cash,Completed,2024-04-02 03:20:56
899,899,583.04,PayPal,Completed,2025-01-24 22:23:40
900,900,673.33,Credit Card,Completed,2025-01-05 07:36:21
901,901,206.39,Paytm,Pending,2025-03-14 10:57:28
902,902,790.99,Cash,Completed,2024-12-02 12:24:37
903,903,219.18,Cash,Completed,2025-05-01 18:52:50
904,904,153.23,Paytm,Failed,2025-05-25 00:11:58
905,905,78.96,Credit Card,Completed,2023-08-17 03:14:01
906,906,425.09,Cash,Completed,2024-03-20 00:56:27
907,907,465.59,PayPal,Completed,2024-08-19 08:28:42
908,908,296.27,Cash,Completed,2024-05-29 15:15:34
909,909,442.49,UPI,Completed,2025-03-27 20:42:21
910,910,225.57,Cash,Completed,2024-12-10 20:08:05
911,911,758.81,Credit Card,Completed,2024-07-06 02:29:56
912,912,599.27,PayPal,Completed,2024-01-22 14:23:23
913,913,229.01,Cash,Completed,2024-11-06 05:32:54
914,914,135.68,Paytm,Completed,2023-09-08 11:11:53
915,915,737.05,Paytm,Completed,2024-05-10 17:07:38
916,916,689.38,UPI,Completed,2025-01-22 11:54:37
917,917,360.69,Cash,Completed,2024-07-08 10:29:40
918,918,158.56,Cash,Completed,2024-05-02 20:35:56
919,919,574.19,PayPal,Completed,2023-11-22 08:27:02
920,920,730.2,Paytm,Completed,2024-10-29 12:12:14
921,921,516.97,UPI,Completed,2024-04-20 05:20:35
922,922,468.36,Paytm,Completed,2025-06-30 05:56:34
923,923,763.39,Paytm,Pending,2023-12-21 16:58:21
924,924,614.54,Credit Card,Completed,2024-06-05 22:07:04
925,925,587.63,Paytm,Completed,2024-01-04 07:18:50
926,926,417.59,Paytm,Completed,2024-05-19 11:38:54
927,927,351.29,Cash,Completed,2024-11-09 08:59:45
928,928,433.72,Cash,Completed,2023-09-14 16:46:16
929,929,778.84,PayPal,Completed,2024-03-08 10:37:35
930,930,799.92,PayPal,Completed,2024-01-08 13:23:52
931,931,311.11,Cash,Completed,2025-07-17 20:26:21
932,932,277.39,UPI,Completed,2024-03-05 07:38:34
933,933,656.69,Cash,Completed,2023-11-16 13:12:17
934,934,354.0,Paytm,Completed,2023-08-28 02:31:35
935,935,79.32,Paytm,Completed,2024-07-31 04:13:36
936,936,146.45,Cash,Completed,2024-05-02 17:26:28
937,937,240.43,PayPal,Completed,2024-07-16 10:35:10
938,938,454.19,UPI,Completed,2024-08-05 19:23:11
939,939,771.23,UPI,Completed,2025-06-18 01:59:55
940,940,792.41,PayPal,Completed,2024-06-06 10:47:03
941,941,52.41,Paytm,Completed,2024-06-03 00:04:03
942,942,275.6,Paytm,Completed,2023-10-01 06:47:19
943,943,323.2,Paytm,Completed,2024-02-12 15:15:41
944,944,100.23,Cash,Completed,2023-08-06 22:17:09
945,945,286.13,Cash,Completed,2024-01-27 11:42:03
946,946,392.3,Paytm,Completed,2023-08-18 21:49:01
947,947,239.52,UPI,Completed,2025-06-01 01:10:06
948,948,527.49,PayPal,Completed,2024-06-16 15:50:11
949,949,167.04,Credit Card,Completed,2024-12-23 17:33:54
950,950,791.86,UPI,Completed,2023-08-10 03:22:26
951,951,148.87,Paytm,Completed,2023-10-27 00:46:33
952,952,239.78,Paytm,Completed,2024-11-07 09:09:40
953,953,514.56,Cash,Completed,2024-04-08 19:15:18
954,954,326.86,UPI,Completed,2024-05-30 19:23:06
955,955,424.42,Paytm,Completed,2024-07-12 01:22:03
956,956,777.2,Credit Card,Completed,2024-08-21 18:10:27
957,957,680.21,Paytm,Completed,2024-01-02 22:04:04
958,958,619.75,Cash,Completed,2023-10-16 01:36:09
959,959,382.73,PayPal,Pending,2025-04-13 20:08:41
960,960,100.33,Cash,Completed,2024-09-22 12:36:17
961,961,350.27,Cash,Completed,2024-10-06 08:25:25
962,962,438.25,Cash,Completed,2024-03-09 03:29:52
963,963,230.23,UPI,Completed,2023-11-25 06:51:59
964,964,625.57,Paytm,Pending,2025-04-02 11:32:42
965,965,86.35,PayPal,Completed,2023-11-24 16:25:59
966,966,398.71,Cash,Completed,2024-02-28 10:02:12
967,967,777.29,Credit Card,Completed,2024-08-23 02:04:02
968,968,473.27,Cash,Completed,2024-09-26 08:05:03
969,969,157.58,Credit Card,Pending,2024-11-13 07:20:37
970,970,618.43,Cash,Failed,2024-01-06 00:48:42
971,971,538.53,Credit Card,Completed,2023-09-22 20:12:11
972,972,559.02,Cash,Pending,2024-05-29 18:06:55
973,973,558.76,Credit Card,Completed,2024-10-15 14:58:26
974,974,385.14,Cash,Completed,2025-01-10 18:13:21
975,975,743.25,PayPal,Completed,2023-11-25 20:54:16
976,976,102.01,Credit Card,Completed,2025-06-25 12:18:35
977,977,446.67,Cash,Completed,2024-11-25 20:58:54
978,978,775.28,PayPal,Completed,2023-08-23 16:26:11
979,979,608.04,Paytm,Pending,2025-02-13 04:11:55
980,980,404.1,Paytm,Completed,2024-04-28 00:13:27
981,981,573.09,Cash,Completed,2025-07-01 06:43:08
982,982,776.76,Credit Card,Completed,2025-03-08 00:54:55
983,983,524.29,Cash,Completed,2024-05-22 14:15:04
984,984,236.84,Credit Card,Completed,2024-03-20 19:18:29
985,985,222.88,PayPal,Completed,2025-01-02 12:29:24
986,986,347.12,Cash,Completed,2024-01-09 15:34:11
987,987,336.77,Cash,Completed,2024-09-10 03:36:16
988,988,470.29,UPI,Completed,2023-09-29 13:27:52
989,989,85.64,Paytm,Completed,2023-12-05 08:41:52
990,990,166.23,UPI,Completed,2024-10-14 07:24:10
991,991,279.18,UPI,Completed,2025-02-22 23:17:32
992,992,577.35,Cash,Completed,2024-05-09 03:51:54
993,993,733.25,PayPal,Completed,2025-01-27 02:37:22
994,994,182.12,Credit Card,Pending,2024-09-29 13:53:48
995,995,781.39,Credit Card,Completed,2023-12-27 11:43:42
996,996,500.23,Cash,Completed,2024-11-07 21:48:57
997,997,141.33,Paytm,Failed,2024-03-01 23:42:38
998,998,674.94,Credit Card,Completed,2024-01-16 18:28:59
999,999,333.82,Credit Card,Completed,2025-06-03 15:09:34
1000,1000,719.43,UPI,Completed,2024-09-27 10:46:51
1001,1001,425.88,UPI,Completed,2023-09-03 19:35:54
1002,1002,547.56,Credit Card,Completed,2025-06-26 20:35:54
1003,1003,659.31,Paytm,Completed,2023-08-16 06:24:47
1004,1004,537.33,PayPal,Completed,2023-12-26 05:20:30
1005,1005,315.51,Credit Card,Completed,2025-06-08 05:13:03
1006,1006,670.74,Credit Card,Completed,2024-04-02 06:00:37
1007,1007,435.13,Credit Card,Pending,2023-10-19 01:14:26
1008,1008,519.5,UPI,Completed,2025-02-06 13:12:46
1009,1009,457.17,PayPal,Completed,2023-12-15 08:18:14
1010,1010,510.92,Paytm,Completed,2024-06-14 23:01:17
1011,1011,766.01,Paytm,Completed,2025-07-18 07:53:40
1012,1012,230.98,UPI,Completed,2025-03-04 16:24:09
1013,1013,399.75,Paytm,Completed,2025-05-07 06:45:57
1014,1014,650.98,UPI,Completed,2023-08-31 09:06:55
1015,1015,720.49,UPI,Completed,2024-01-14 20:02:41
1016,1016,363.14,PayPal,Completed,2024-04-20 08:17:17
1017,1017,62.79,Credit Card,Completed,2025-06-30 09:48:13
1018,1018,59.4,PayPal,Completed,2025-07-26 01:37:18
1019,1019,129.27,PayPal,Completed,2024-04-01 01:37:00
1020,1020,652.28,Paytm,Completed,2023-12-24 03:39:14
1021,1021,129.76,PayPal,Completed,2024-04-11 18:31:23
1022,1022,306.74,UPI,Completed,2024-12-13 22:21:40
1023,1023,747.33,UPI,Completed,2024-12-06 18:02:08
1024,1024,496.12,Cash,Completed,2025-07-10 15:04:37
1025,1025,344.95,UPI,Completed,2025-05-03 09:36:19
1026,1026,642.7,PayPal,Completed,2025-01-28 05:27:44
1027,1027,789.13,Paytm,Completed,2024-10-12 18:08:41
1028,1028,364.38,Credit Card,Completed,2024-05-10 07:01:19
1029,1029,491.24,PayPal,Completed,2025-05-31 03:19:33
1030,1030,641.12,PayPal,Completed,2025-01-18 08:42:27
1031,1031,199.59,Cash,Completed,2025-06-12 02:11:18
1032,1032,715.68,Paytm,Completed,2024-12-02 19:42:07
1033,1033,773.81,Paytm,Completed,2024-04-05 03:37:37
1034,1034,764.03,Paytm,Completed,2024-09-05 21:08:31
1035,1035,415.6,UPI,Completed,2025-04-13 05:27:30
1036,1036,728.5,PayPal,Pending,2023-09-04 18:32:20
1037,1037,186.76,UPI,Completed,2025-05-07 12:08:45
1038,1038,279.34,Cash,Completed,2023-09-29 15:52:58
1039,1039,50.96,Cash,Pending,2023-12-30 02:08:26
1040,1040,675.95,Cash,Completed,2023-11-11 04:47:54
1041,1041,340.84,Paytm,Completed,2024-06-03 10:12:27
1042,1042,430.58,Cash,Completed,2024-03-04 10:40:23
1043,1043,662.28,Paytm,Completed,2024-03-24 09:11:32
1044,1044,332.12,Credit Card,Completed,2024-08-16 13:20:26
1045,1045,672.76,Paytm,Completed,2024-01-20 02:09:48
1046,1046,347.39,Cash,Completed,2025-04-27 04:47:45
1047,1047,567.87,Credit Card,Completed,2024-11-02 07:01:32
1048,1048,685.84,PayPal,Completed,2024-10-05 07:49:20
1049,1049,515.41,PayPal,Completed,2024-02-20 19:11:23
1050,1050,150.96,PayPal,Completed,2024-08-13 01:08:19
1051,1051,551.69,Credit Card,Completed,2023-08-29 17:04:28
1052,1052,747.45,Credit Card,Completed,2024-12-02 22:08:55
1053,1053,694.92,PayPal,Completed,2025-06-29 15:33:55
1054,1054,96.06,Paytm,Completed,2024-08-04 18:49:02
1055,1055,418.46,Paytm,Pending,2024-12-26 05:11:02
1056,1056,143.64,PayPal,Completed,2024-03-14 05:45:14
1057,1057,248.44,UPI,Completed,2024-09-19 10:40:33
1058,1058,689.05,PayPal,Pending,2025-03-18 12:57:37
1059,1059,339.99,Credit Card,Failed,2025-01-31 04:50:34
1060,1060,182.4,Paytm,Completed,2025-07-11 00:54:40
1061,1061,433.81,Credit Card,Completed,2024-06-19 14:57:01
1062,1062,738.85,Cash,Completed,2024-12-06 19:00:54
1063,1063,729.66,UPI,Completed,2025-01-31 19:01:32
1064,1064,190.1,UPI,Completed,2024-05-10 19:44:15
1065,1065,574.79,Credit Card,Completed,2024-01-17 00:29:06
1066,1066,735.63,Cash,Completed,2025-06-28 02:40:11
1067,1067,339.68,PayPal,Completed,2025-08-03 18:23:59
1068,1068,363.37,PayPal,Completed,2023-10-19 09:25:48
1069,1069,582.07,UPI,Completed,2023-12-18 23:51:29
1070,1070,557.99,PayPal,Completed,2025-01-26 00:14:49
1071,1071,396.99,Cash,Failed,2024-12-30 02:07:29
1072,1072,276.99,Paytm,Completed,2024-10-07 07:56:58
1073,1073,660.04,UPI,Completed,2024-12-21 00:35:13
1074,1074,447.4,Cash,Completed,2024-05-18 03:29:54
1075,1075,688.68,UPI,Completed,2024-05-21 22:25:42
1076,1076,646.36,Credit Card,Completed,2025-07-14 22:10:01
1077,1077,329.75,UPI,Completed,2023-12-16 14:31:23
1078,1078,164.17,PayPal,Completed,2024-07-19 17:20:11
1079,1079,110.15,Paytm,Completed,2024-11-13 11:58:43
1080,1080,469.34,Credit Card,Completed,2025-07-30 22:28:45
1081,1081,759.48,PayPal,Completed,2025-05-08 19:43:25
1082,1082,403.68,PayPal,Completed,2025-06-02 20:37:50
1083,1083,440.16,Cash,Failed,2024-11-15 01:41:03
1084,1084,654.87,UPI,Completed,2025-03-20 10:46:32
1085,1085,253.18,Credit Card,Completed,2024-01-07 04:36:40
1086,1086,571.04,Credit Card,Completed,2024-05-28 13:22:13
1087,1087,172.96,Credit Card,Completed,2024-06-07 00:54:52
1088,1088,337.04,Paytm,Completed,2023-12-24 01:51:08
1089,1089,314.52,PayPal,Completed,2024-04-29 09:54:28
1090,1090,736.78,Credit Card,Completed,2024-03-27 09:54:42
1091,1091,150.04,Credit Card,Completed,2024-08-30 23:10:26
1092,1092,644.04,UPI,Completed,2024-12-20 12:59:18
1093,1093,797.86,Paytm,Pending,2025-01-02 12:01:17
1094,1094,362.19,Cash,Completed,2025-06-26 07:15:51
1095,1095,758.27,Paytm,Completed,2024-12-18 22:01:13
1096,1096,344.79,PayPal,Completed,2023-08-09 13:14:37
1097,1097,224.16,Cash,Completed,2023-11-03 11:12:33
1098,1098,475.79,Cash,Completed,2024-12-06 23:50:31
1099,1099,714.63,Cash,Completed,2025-01-21 06:04:20
1100,1100,102.4,UPI,Completed,2023-09-17 04:43:17
1101,1101,299.47,Cash,Completed,2024-01-29 06:35:13
1102,1102,533.06,PayPal,Pending,2025-03-04 23:04:06
1103,1103,673.58,Paytm,Completed,2023-10-10 03:17:09
1104,1104,366.78,Credit Card,Failed,2024-07-25 05:29:40
1105,1105,480.3,UPI,Completed,2025-01-18 18:31:14
1106,1106,70.51,PayPal,Completed,2024-02-16 23:56:36
1107,1107,248.94,UPI,Completed,2024-12-26 07:05:52
1108,1108,493.06,Credit Card,Completed,2024-08-30 02:34:56
1109,1109,198.11,Paytm,Pending,2025-07-11 18:58:23
1110,1110,679.63,Credit Card,Completed,2024-08-20 01:46:47
1111,1111,335.86,Credit Card,Completed,2023-08-28 03:37:13
1112,1112,731.62,UPI,Completed,2024-03-13 11:06:32
1113,1113,152.04,Cash,Completed,2023-10-17 08:15:17
1114,1114,277.52,UPI,Completed,2025-04-08 06:46:09
1115,1115,530.18,PayPal,Completed,2024-09-17 22:33:23
1116,1116,695.03,UPI,Completed,2025-01-11 03:33:06
1117,1117,340.25,Cash,Completed,2024-07-31 13:29:26
1118,1118,335.45,UPI,Completed,2025-07-15 17:47:38
1119,1119,668.73,Credit Card,Completed,2025-02-25 04:39:03
1120,1120,464.06,Cash,Completed,2024-07-11 23:08:36
1121,1121,320.42,Cash,Completed,2024-10-02 03:10:59
1122,1122,150.13,Credit Card,Completed,2025-05-30 02:12:23
1123,1123,495.18,Cash,Completed,2024-05-27 16:16:37
1124,1124,275.42,PayPal,Completed,2024-02-12 16:19:14
1125,1125,397.42,Paytm,Completed,2025-04-09 06:18:45
1126,1126,588.13,Credit Card,Completed,2023-08-19 18:33:37
1127,1127,240.54,PayPal,Completed,2024-07-24 09:14:01
1128,1128,701.19,Cash,Completed,2024-08-27 23:21:06
1129,1129,236.11,UPI,Completed,2023-09-25 00:32:26
1130,1130,270.63,Paytm,Completed,2024-09-15 11:25:58
1131,1131,609.85,UPI,Completed,2023-08-26 13:08:58
1132,1132,480.48,Credit Card,Completed,2024-05-28 16:29:17
1133,1133,479.61,Credit Card,Completed,2024-04-28 12:29:54
1134,1134,229.2,Credit Card,Completed,2024-11-03 01:05:15
1135,1135,760.38,Paytm,Completed,2024-07-24 15:53:49
1136,1136,799.27,Credit Card,Pending,2024-01-31 07:13:05
1137,1137,304.67,UPI,Pending,2024-01-22 01:27:21
1138,1138,707.24,Credit Card,Completed,2024-12-05 15:16:45
1139,1139,345.96,Credit Card,Completed,2024-09-19 21:51:58
1140,1140,502.57,Credit Card,Completed,2025-03-22 08:38:04
1141,1141,245.71,PayPal,Completed,2023-10-15 07:03:34
1142,1142,791.67,PayPal,Completed,2024-03-26 14:43:18
1143,1143,212.67,PayPal,Completed,2024-12-30 13:22:06
1144,1144,636.88,Credit Card,Completed,2025-04-23 18:55:05
1145,1145,570.19,Cash,Completed,2024-02-07 03:44:59
1146,1146,375.16,Credit Card,Completed,2024-04-07 15:33:35
1147,1147,504.77,Cash,Completed,2025-07-08 15:33:53
1148,1148,332.45,UPI,Completed,2024-12-28 14:36:36
1149,1149,287.42,Paytm,Completed,2025-02-19 10:37:10
1150,1150,549.61,Credit Card,Completed,2024-11-10 01:11:24
1151,1151,76.47,Cash,Completed,2024-07-20 19:37:48
1152,1152,221.84,Paytm,Completed,2024-01-08 18:34:20
1153,1153,686.24,PayPal,Pending,2025-01-27 18:26:48
1154,1154,358.92,Credit Card,Completed,2025-02-09 10:06:29
1155,1155,90.02,Paytm,Completed,2024-01-11 07:19:43
1156,1156,243.99,Cash,Completed,2024-04-30 08:13:00
1157,1157,117.67,Cash,Completed,2025-07-23 13:12:35
1158,1158,308.05,Credit Card,Completed,2025-02-25 13:17:05
1159,1159,105.64,Credit Card,Completed,2023-10-08 03:04:45
1160,1160,735.29,PayPal,Completed,2023-10-06 20:27:15
1161,1161,552.35,PayPal,Completed,2024-04-27 07:22:34
1162,1162,282.98,Paytm,Completed,2024-05-15 21:35:15
1163,1163,242.16,Paytm,Completed,2025-04-18 18:28:16
1164,1164,409.91,Credit Card,Completed,2023-11-28 12:46:56
1165,1165,524.62,Cash,Completed,2024-02-18 19:48:27
1166,1166,279.86,Credit Card,Completed,2023-10-13 04:52:45
1167,1167,741.74,Paytm,Completed,2024-05-02 01:14:01
1168,1168,612.09,Paytm,Completed,2025-02-22 03:32:36
1169,1169,709.23,Credit Card,Completed,2024-08-14 05:09:22
1170,1170,123.95,UPI,Completed,2024-07-16 12:30:33
1171,1171,712.41,PayPal,Completed,2024-11-11 09:37:42
1172,1172,338.15,UPI,Completed,2023-12-14 15:36:27
1173,1173,542.45,Cash,Completed,2024-12-13 17:53:28
1174,1174,206.77,UPI,Completed,2024-04-16 20:22:03
1175,1175,90.39,PayPal,Completed,2024-09-29 16:29:19
1176,1176,378.67,Credit Card,Completed,2024-12-05 15:13:31
1177,1177,53.8,PayPal,Pending,2025-02-04 10:02:30
1178,1178,117.78,UPI,Failed,2024-04-07 10:28:58
1179,1179,637.35,PayPal,Pending,2024-01-20 10:42:50
1180,1180,753.72,UPI,Completed,2025-07-26 17:19:32
1181,1181,473.18,PayPal,Completed,2025-05-06 19:09:10
1182,1182,251.06,UPI,Completed,2023-08-25 06:34:10
1183,1183,635.9,Paytm,Completed,2025-07-14 07:24:21
1184,1184,645.2,Paytm,Completed,2024-10-24 03:06:09
1185,1185,782.36,PayPal,Failed,2025-05-05 14:53:32
1186,1186,366.7,PayPal,Completed,2025-07-22 01:47:35
1187,1187,419.2,Credit Card,Completed,2025-04-25 15:43:44
1188,1188,159.47,PayPal,Completed,2025-04-28 03:35:10
1189,1189,755.13,PayPal,Completed,2023-11-24 00:25:08
1190,1190,335.39,Cash,Completed,2023-12-10 02:11:29
1191,1191,573.26,Paytm,Completed,2024-07-09 07:36:17
1192,1192,267.82,Credit Card,Completed,2025-08-04 22:39:59
1193,1193,509.77,Paytm,Completed,2025-06-19 16:24:32
1194,1194,129.74,Cash,Completed,2024-05-26 05:33:36
1195,1195,439.38,UPI,Completed,2024-05-14 22:38:20
1196,1196,726.65,PayPal,Completed,2024-12-15 12:22:25
1197,1197,158.16,Cash,Completed,2024-09-11 01:32:35
1198,1198,176.11,UPI,Completed,2023-11-14 17:37:51
1199,1199,648.01,UPI,Completed,2025-03-09 11:34:52
1200,1200,210.42,PayPal,Completed,2025-08-04 22:47:21
1201,1201,202.81,Cash,Pending,2024-12-09 00:13:01
1202,1202,757.36,Paytm,Completed,2024-12-22 09:20:19
1203,1203,730.77,Paytm,Completed,2024-02-04 18:50:08
1204,1204,51.15,Paytm,Pending,2025-07-03 00:07:30
1205,1205,739.23,Credit Card,Completed,2024-12-28 11:00:30
1206,1206,720.04,Credit Card,Completed,2025-07-11 12:01:44
1207,1207,658.44,PayPal,Completed,2025-05-25 15:06:19
1208,1208,799.24,Credit Card,Completed,2024-08-30 14:53:02
1209,1209,130.9,Cash,Completed,2023-11-01 13:40:32
1210,1210,276.33,Paytm,Completed,2025-06-23 00:58:34
1211,1211,149.01,PayPal,Completed,2025-03-15 06:09:47
1212,1212,496.19,PayPal,Completed,2024-02-29 23:44:31
1213,1213,710.05,Credit Card,Completed,2024-03-14 01:40:34
1214,1214,355.67,Credit Card,Completed,2025-03-24 07:43:03
1215,1215,661.22,PayPal,Completed,2024-11-10 08:36:40
1216,1216,308.72,Credit Card,Completed,2023-12-31 17:30:12
1217,1217,125.92,UPI,Completed,2023-12-26 18:56:00
1218,1218,600.35,UPI,Completed,2024-10-08 00:37:18
1219,1219,102.07,Cash,Completed,2024-11-16 13:11:14
1220,1220,317.97,UPI,Completed,2025-04-03 08:12:14
1221,1221,656.35,Credit Card,Completed,2024-05-01 00:07:46
1222,1222,101.22,Paytm,Completed,2024-04-25 02:15:41
1223,1223,208.08,Cash,Completed,2024-07-20 10:23:28
1224,1224,261.18,UPI,Completed,2024-11-15 09:56:36
1225,1225,542.08,Credit Card,Completed,2023-11-02 01:19:25
1226,1226,420.96,Credit Card,Completed,2024-09-09 09:43:10
1227,1227,157.23,PayPal,Completed,2025-01-10 03:33:24
1228,1228,571.42,Paytm,Completed,2023-09-18 12:18:54
1229,1229,666.83,Paytm,Completed,2024-04-17 19:19:24
1230,1230,213.65,Paytm,Completed,2023-12-30 11:28:37
1231,1231,315.4,Cash,Completed,2025-03-08 16:46:01
1232,1232,395.44,Credit Card,Completed,2024-01-11 15:57:18
1233,1233,214.81,Cash,Completed,2024-08-06 08:26:55
1234,1234,634.07,UPI,Completed,2025-02-22 11:35:59
1235,1235,568.39,Cash,Completed,2025-04-15 12:21:07
1236,1236,758.26,Paytm,Completed,2025-03-20 07:51:22
1237,1237,622.7,UPI,Completed,2024-10-14 11:07:43
1238,1238,203.38,PayPal,Completed,2025-03-17 15:39:21
1239,1239,457.19,Cash,Completed,2024-04-06 00:22:04
1240,1240,134.2,Paytm,Pending,2024-12-20 22:45:54
1241,1241,548.95,Paytm,Completed,2023-11-02 17:37:06
1242,1242,732.82,Cash,Completed,2025-05-24 14:07:03
1243,1243,570.88,Credit Card,Completed,2025-04-28 00:16:15
1244,1244,114.7,UPI,Completed,2023-12-13 22:04:26
1245,1245,452.97,UPI,Completed,2023-12-02 06:24:14
1246,1246,540.74,Paytm,Completed,2023-12-17 07:53:55
1247,1247,464.78,PayPal,Completed,2025-02-21 14:23:09
1248,1248,458.8,Cash,Completed,2024-10-22 23:05:28
1249,1249,116.01,Paytm,Completed,2024-05-15 10:09:05
1250,1250,581.32,PayPal,Completed,2024-12-10 22:46:56
1251,1251,300.96,Paytm,Completed,2024-11-28 08:28:21
1252,1252,595.88,Paytm,Pending,2024-01-21 02:27:57
1253,1253,750.5,Cash,Completed,2025-04-10 05:40:56
1254,1254,741.07,Cash,Completed,2024-04-21 17:32:03
1255,1255,312.61,UPI,Pending,2024-12-21 11:07:01
1256,1256,768.95,PayPal,Completed,2024-07-05 10:01:53
1257,1257,625.46,Credit Card,Completed,2024-03-03 15:48:15
1258,1258,699.3,Paytm,Completed,2024-06-21 09:10:08
1259,1259,381.49,PayPal,Completed,2023-09-22 03:16:11
1260,1260,203.19,Credit Card,Completed,2023-08-15 21:12:12
1261,1261,685.78,UPI,Completed,2025-05-12 19:05:08
1262,1262,789.23,Paytm,Completed,2024-05-10 19:04:05
1263,1263,325.96,Credit Card,Completed,2024-07-06 22:30:26
1264,1264,395.23,Paytm,Completed,2025-05-23 03:27:19
1265,1265,684.99,UPI,Completed,2023-11-01 15:05:59
1266,1266,437.78,UPI,Completed,2024-03-19 14:29:30
1267,1267,197.25,Cash,Completed,2023-10-13 13:51:55
1268,1268,258.96,PayPal,Completed,2025-04-14 00:19:16
1269,1269,428.29,Credit Card,Completed,2025-06-21 02:04:01
1270,1270,182.44,PayPal,Completed,2025-03-31 14:03:42
1271,1271,474.47,Credit Card,Completed,2025-03-14 10:30:01
1272,1272,273.12,PayPal,Completed,2023-09-10 21:53:12
1273,1273,600.41,Paytm,Failed,2025-04-22 08:06:18
1274,1274,639.37,UPI,Completed,2024-02-28 22:31:39
1275,1275,736.35,UPI,Completed,2025-05-17 03:32:29
1276,1276,508.87,UPI,Pending,2024-10-12 12:47:43
1277,1277,131.89,Cash,Completed,2024-08-31 05:55:06
1278,1278,343.65,Cash,Completed,2024-05-27 04:10:12
1279,1279,194.63,Credit Card,Completed,2024-09-01 23:25:13
1280,1280,599.54,PayPal,Completed,2024-10-28 19:09:44
1281,1281,522.22,PayPal,Completed,2024-06-10 22:48:30
1282,1282,248.48,Paytm,Completed,2024-04-28 02:31:30
1283,1283,434.62,UPI,Completed,2024-07-10 15:52:42
1284,1284,640.03,UPI,Completed,2023-09-24 11:16:28
1285,1285,152.04,Paytm,Completed,2025-01-18 09:30:17
1286,1286,500.3,PayPal,Completed,2024-02-26 07:39:20
1287,1287,71.45,Cash,Completed,2024-06-26 07:37:13
1288,1288,781.31,Credit Card,Failed,2025-07-02 00:20:48
1289,1289,712.91,Paytm,Completed,2024-08-30 18:02:15
1290,1290,646.93,Credit Card,Completed,2024-03-06 06:43:56
1291,1291,344.88,Credit Card,Completed,2025-02-14 04:34:43
1292,1292,751.21,Cash,Completed,2025-01-03 12:35:20
1293,1293,459.65,Paytm,Completed,2024-08-21 11:47:37
1294,1294,714.98,Credit Card,Completed,2023-12-24 14:27:28
1295,1295,388.23,UPI,Completed,2024-08-31 00:06:11
1296,1296,61.32,Cash,Completed,2024-11-07 09:21:40
1297,1297,180.22,Paytm,Completed,2024-06-08 11:33:21
1298,1298,675.87,PayPal,Completed,2024-01-25 22:27:07
1299,1299,464.35,Paytm,Completed,2023-08-06 10:24:34
1300,1300,105.92,UPI,Completed,2024-10-01 13:29:05
1301,1301,247.17,Credit Card,Completed,2023-11-10 07:09:23
1302,1302,337.35,PayPal,Completed,2023-11-13 10:54:36
1303,1303,587.68,UPI,Completed,2025-03-07 00:00:52
1304,1304,597.52,Paytm,Completed,2025-01-17 11:04:01
1305,1305,201.61,Paytm,Completed,2025-01-12 20:20:58
1306,1306,604.01,PayPal,Completed,2023-10-08 04:02:37
1307,1307,236.12,Cash,Completed,2024-11-05 03:23:14
1308,1308,149.93,Cash,Completed,2024-07-06 23:17:53
1309,1309,687.16,Cash,Completed,2024-07-20 07:58:34
1310,1310,776.95,Cash,Completed,2024-12-09 12:29:30
1311,1311,708.62,PayPal,Completed,2024-02-10 03:01:36
1312,1312,233.09,PayPal,Completed,2024-12-06 20:54:14
1313,1313,539.13,Cash,Completed,2024-11-18 19:45:14
1314,1314,656.81,Cash,Completed,2024-08-14 15:14:52
1315,1315,467.12,Cash,Completed,2023-11-08 15:49:37
1316,1316,104.53,UPI,Completed,2025-04-17 21:55:13
1317,1317,133.11,Paytm,Completed,2023-11-26 07:56:36
1318,1318,631.01,Credit Card,Completed,2025-04-23 14:20:35
1319,1319,55.68,UPI,Completed,2024-12-05 16:05:52
1320,1320,354.95,PayPal,Completed,2024-05-26 15:52:52
1321,1321,456.62,Credit Card,Completed,2024-01-16 21:00:38
1322,1322,722.42,Paytm,Completed,2024-08-12 16:46:22
1323,1323,472.77,PayPal,Completed,2025-07-01 02:00:00
1324,1324,696.26,UPI,Failed,2025-01-10 20:41:33
1325,1325,235.3,UPI,Completed,2024-07-11 06:24:56
1326,1326,206.32,Paytm,Pending,2023-12-26 11:42:46
1327,1327,548.24,PayPal,Completed,2024-08-12 13:11:26
1328,1328,629.44,UPI,Completed,2024-01-09 03:59:34
1329,1329,333.34,UPI,Completed,2023-08-14 14:30:39
1330,1330,238.81,Cash,Completed,2025-04-27 10:27:40
1331,1331,680.05,PayPal,Completed,2024-12-19 03:29:18
1332,1332,402.16,UPI,Completed,2023-10-24 10:28:08
1333,1333,689.28,PayPal,Completed,2024-03-19 18:38:53
1334,1334,626.24,UPI,Completed,2023-08-29 16:49:16
1335,1335,293.45,Paytm,Completed,2024-09-13 00:40:53
1336,1336,753.07,Credit Card,Completed,2024-05-14 08:14:53
1337,1337,740.87,UPI,Completed,2023-08-27 17:30:36
1338,1338,238.82,Cash,Completed,2024-12-20 23:58:27
1339,1339,353.54,Paytm,Completed,2024-08-24 23:50:07
1340,1340,89.86,UPI,Completed,2023-09-05 19:55:46
1341,1341,611.41,Credit Card,Completed,2024-09-07 12:31:17
1342,1342,364.09,Cash,Completed,2024-04-27 20:34:45
1343,1343,426.55,Cash,Pending,2025-04-11 17:56:17
1344,1344,755.36,Cash,Pending,2023-10-08 20:47:33
1345,1345,259.16,Paytm,Completed,2024-07-24 17:02:48
1346,1346,83.61,Paytm,Completed,2024-06-14 13:02:11
1347,1347,377.51,Credit Card,Completed,2024-07-15 06:40:49
1348,1348,156.32,PayPal,Completed,2024-04-25 16:12:50
1349,1349,155.24,Paytm,Completed,2025-01-29 22:48:02
1350,1350,214.07,PayPal,Pending,2023-10-06 07:21:40
1351,1351,221.09,UPI,Completed,2024-12-27 11:32:35
1352,1352,136.31,Credit Card,Completed,2025-01-04 21:34:26
1353,1353,751.72,Cash,Completed,2025-07-07 19:10:29
1354,1354,679.5,UPI,Completed,2024-06-10 20:09:18
1355,1355,644.72,Paytm,Completed,2023-10-04 22:18:30
1356,1356,793.17,PayPal,Completed,2023-08-29 13:48:23
1357,1357,706.13,UPI,Completed,2023-11-12 16:05:20
1358,1358,263.68,UPI,Completed,2024-08-15 21:35:27
1359,1359,97.53,UPI,Completed,2024-12-13 03:44:09
1360,1360,62.89,UPI,Pending,2025-06-23 23:46:41
1361,1361,760.42,PayPal,Completed,2024-07-13 02:52:53
1362,1362,693.02,UPI,Completed,2024-10-28 06:42:56
1363,1363,338.95,PayPal,Completed,2025-06-30 18:05:31
1364,1364,320.76,Credit Card,Completed,2024-10-13 06:58:27
1365,1365,798.56,UPI,Completed,2025-05-22 18:42:53
1366,1366,630.65,UPI,Completed,2024-09-03 01:28:37
1367,1367,655.34,Paytm,Completed,2025-04-14 22:39:16
1368,1368,402.03,Paytm,Completed,2024-04-26 03:06:36
1369,1369,107.3,PayPal,Completed,2024-02-09 10:28:07
1370,1370,411.55,PayPal,Completed,2024-01-23 07:53:47
1371,1371,522.71,Cash,Pending,2024-12-03 01:02:46
1372,1372,471.42,Paytm,Failed,2024-11-06 11:21:33
1373,1373,202.95,PayPal,Completed,2024-07-06 23:39:19
1374,1374,712.33,Paytm,Completed,2023-10-15 01:17:58
1375,1375,376.73,Paytm,Pending,2024-11-22 00:07:43
1376,1376,255.03,PayPal,Completed,2024-01-08 05:21:36
1377,1377,567.92,UPI,Completed,2025-01-18 16:03:42
1378,1378,241.74,Credit Card,Completed,2025-04-17 00:53:46
1379,1379,117.98,PayPal,Completed,2024-09-07 20:40:46
1380,1380,301.9,UPI,Completed,2023-10-10 16:28:00
1381,1381,676.17,PayPal,Completed,2025-03-30 15:01:17
1382,1382,662.64,PayPal,Completed,2023-09-08 10:49:26
1383,1383,430.1,UPI,Completed,2024-08-12 18:47:00
1384,1384,279.43,PayPal,Completed,2024-10-05 09:55:43
1385,1385,402.95,Cash,Completed,2025-02-23 13:18:57
1386,1386,304.55,Credit Card,Completed,2023-11-24 15:23:13
1387,1387,636.23,PayPal,Pending,2025-04-01 12:57:35
1388,1388,658.83,Paytm,Completed,2024-09-06 11:54:48
1389,1389,292.35,Credit Card,Completed,2024-02-10 06:48:28
1390,1390,526.49,UPI,Completed,2024-06-21 03:34:01
1391,1391,774.62,Paytm,Completed,2024-07-23 08:22:29
1392,1392,273.08,Credit Card,Completed,2024-11-17 08:24:20
1393,1393,204.95,Cash,Pending,2024-06-24 21:34:00
1394,1394,756.22,UPI,Completed,2025-01-30 12:10:34
1395,1395,720.76,Cash,Completed,2025-02-01 10:24:30
1396,1396,206.02,Cash,Completed,2023-10-31 09:37:33
1397,1397,260.99,PayPal,Completed,2025-06-04 20:49:42
1398,1398,344.42,Paytm,Completed,2023-11-21 14:24:00
1399,1399,118.9,PayPal,Completed,2025-02-23 03:57:22
1400,1400,397.38,UPI,Completed,2023-08-12 11:31:04
1401,1401,444.28,Paytm,Completed,2025-04-16 17:41:53
1402,1402,374.12,Cash,Pending,2025-05-21 10:13:26
1403,1403,793.1,PayPal,Completed,2025-01-03 00:07:05
1404,1404,386.23,UPI,Completed,2024-08-21 07:08:50
1405,1405,146.04,Credit Card,Completed,2024-10-24 07:07:07
1406,1406,673.06,PayPal,Completed,2024-05-12 09:19:45
1407,1407,737.99,Cash,Completed,2024-10-20 16:06:50
1408,1408,472.61,PayPal,Completed,2024-08-21 05:36:47
1409,1409,264.5,Cash,Completed,2023-08-18 09:15:11
1410,1410,438.55,Paytm,Completed,2024-12-01 13:52:02
1411,1411,203.48,Credit Card,Completed,2025-06-24 21:04:50
1412,1412,439.29,PayPal,Completed,2024-01-02 19:11:54
1413,1413,544.18,PayPal,Pending,2023-12-06 23:53:37
1414,1414,728.85,PayPal,Completed,2023-10-25 23:41:00
1415,1415,586.59,UPI,Completed,2024-03-02 16:30:09
1416,1416,158.41,UPI,Completed,2023-11-01 08:07:23
1417,1417,425.64,Paytm,Completed,2024-10-05 18:59:03
1418,1418,265.13,PayPal,Completed,2025-04-04 18:05:20
1419,1419,699.19,Cash,Completed,2023-10-09 21:55:36
1420,1420,641.71,Cash,Completed,2025-01-10 20:02:55
1421,1421,699.89,Paytm,Completed,2024-09-29 08:59:26
1422,1422,565.33,UPI,Completed,2024-03-21 22:55:41
1423,1423,152.86,PayPal,Completed,2024-01-30 08:48:12
1424,1424,735.89,PayPal,Completed,2025-04-04 03:05:47
1425,1425,707.17,UPI,Completed,2025-03-16 20:37:26
1426,1426,470.27,PayPal,Completed,2024-11-16 16:11:33
1427,1427,150.04,PayPal,Completed,2024-08-04 22:19:03
1428,1428,337.62,Credit Card,Completed,2025-01-22 07:24:28
1429,1429,191.3,Paytm,Completed,2024-11-30 17:19:03
1430,1430,152.37,UPI,Pending,2023-09-14 04:10:06
1431,1431,69.13,Cash,Completed,2023-10-17 11:42:47
1432,1432,561.37,Cash,Failed,2024-08-23 03:37:28
1433,1433,287.71,PayPal,Completed,2025-02-10 22:44:17
1434,1434,499.79,UPI,Completed,2024-03-13 01:28:14
1435,1435,799.98,PayPal,Completed,2025-05-01 11:28:25
1436,1436,583.77,PayPal,Completed,2023-08-22 23:35:06
1437,1437,414.13,Paytm,Completed,2024-02-11 07:08:16
1438,1438,598.71,Cash,Completed,2024-12-02 04:28:40
1439,1439,441.36,Cash,Completed,2025-06-07 17:36:57
1440,1440,523.91,PayPal,Completed,2024-07-14 19:01:37
1441,1441,329.94,Paytm,Completed,2023-12-26 14:10:09
1442,1442,514.14,PayPal,Completed,2025-02-28 16:01:50
1443,1443,578.83,Credit Card,Completed,2023-12-28 02:01:43
1444,1444,282.12,Credit Card,Completed,2024-02-12 23:13:53
1445,1445,699.97,Credit Card,Completed,2024-03-08 12:03:39
1446,1446,664.42,Cash,Completed,2023-12-17 23:03:31
1447,1447,698.0,Paytm,Completed,2025-01-02 12:48:36
1448,1448,647.98,PayPal,Pending,2024-12-26 03:13:25
1449,1449,189.37,Cash,Completed,2023-10-15 14:37:27
1450,1450,631.88,Credit Card,Completed,2025-07-23 04:53:29
1451,1451,285.21,UPI,Completed,2025-04-23 10:03:17
1452,1452,508.59,Paytm,Completed,2024-04-09 14:28:31
1453,1453,732.21,UPI,Completed,2024-03-26 13:21:53
1454,1454,442.7,UPI,Completed,2024-01-21 03:54:13
1455,1455,487.95,Paytm,Completed,2024-09-30 05:50:58
1456,1456,548.11,UPI,Completed,2023-08-31 10:43:32
1457,1457,290.13,PayPal,Completed,2023-08-19 19:40:12
1458,1458,690.06,Paytm,Completed,2025-05-01 17:42:04
1459,1459,550.4,Paytm,Completed,2024-07-25 00:45:36
1460,1460,511.35,UPI,Completed,2023-11-13 21:51:32
1461,1461,100.36,Cash,Failed,2025-04-11 08:32:22
1462,1462,310.8,UPI,Completed,2025-06-26 12:02:24
1463,1463,771.22,Cash,Completed,2025-01-06 00:48:18
1464,1464,50.34,UPI,Completed,2025-04-28 21:28:13
1465,1465,347.33,Credit Card,Completed,2025-05-04 23:57:36
1466,1466,248.48,Credit Card,Completed,2024-10-20 12:18:51
1467,1467,337.32,Paytm,Completed,2023-11-22 17:10:44
1468,1468,362.13,UPI,Completed,2024-01-15 08:12:41
1469,1469,318.17,UPI,Pending,2024-06-27 20:57:13
1470,1470,342.61,Credit Card,Completed,2024-05-03 05:12:09
1471,1471,262.54,Credit Card,Pending,2025-01-27 08:18:06
1472,1472,204.65,PayPal,Completed,2025-07-04 21:16:23
1473,1473,574.61,Cash,Completed,2024-07-15 17:52:39
1474,1474,629.38,PayPal,Completed,2025-03-28 08:12:03
1475,1475,371.15,Credit Card,Completed,2024-11-15 09:26:48
1476,1476,433.44,Cash,Completed,2024-09-17 06:57:06
1477,1477,726.26,Paytm,Completed,2024-11-04 17:58:08
1478,1478,453.02,Cash,Completed,2023-10-25 03:47:37
1479,1479,340.46,Paytm,Completed,2024-03-12 15:34:58
1480,1480,727.4,PayPal,Completed,2024-07-06 18:19:24
1481,1481,106.38,PayPal,Completed,2024-10-13 11:50:28
1482,1482,723.43,PayPal,Completed,2024-04-23 20:06:01
1483,1483,660.85,UPI,Completed,2024-07-06 23:07:38
1484,1484,453.51,PayPal,Completed,2025-02-19 20:04:31
1485,1485,738.72,Cash,Completed,2024-02-20 08:45:35
1486,1486,215.82,PayPal,Failed,2024-11-14 07:40:05
1487,1487,535.53,UPI,Completed,2023-12-27 04:52:24
1488,1488,347.99,UPI,Completed,2023-12-03 10:14:43
1489,1489,97.64,Credit Card,Pending,2024-07-02 03:20:23
1490,1490,466.48,PayPal,Completed,2025-05-16 01:34:43
1491,1491,347.01,UPI,Completed,2023-09-22 04:45:37
1492,1492,444.63,Cash,Completed,2024-02-17 00:43:16
1493,1493,471.43,UPI,Completed,2023-12-18 21:24:55
1494,1494,581.31,UPI,Completed,2023-10-29 06:21:39
1495,1495,670.11,Cash,Completed,2024-08-14 02:01:42
1496,1496,302.49,Credit Card,Completed,2023-12-02 05:28:52
1497,1497,493.59,Paytm,Completed,2024-05-12 08:23:52
1498,1498,325.82,Cash,Completed,2025-02-21 12:18:01
1499,1499,358.41,PayPal,Completed,2024-03-07 08:48:59
1500,1500,675.91,Credit Card,Completed,2025-02-27 17:49:42
1501,1501,296.94,Paytm,Completed,2025-04-25 07:47:08
1502,1502,595.2,Credit Card,Completed,2023-09-02 19:01:11
1503,1503,630.81,Paytm,Completed,2023-10-17 23:49:46
1504,1504,51.95,Cash,Completed,2024-02-19 09:50:14
1505,1505,327.54,Credit Card,Failed,2024-10-12 18:10:32
1506,1506,488.41,Cash,Completed,2025-05-10 07:03:28
1507,1507,377.12,Credit Card,Completed,2025-05-11 03:43:23
1508,1508,740.05,UPI,Failed,2024-07-07 01:27:58
1509,1509,355.85,UPI,Completed,2023-10-21 20:35:31
1510,1510,192.45,PayPal,Completed,2023-11-28 16:41:04
1511,1511,114.77,UPI,Completed,2024-07-12 00:43:24
1512,1512,430.71,UPI,Completed,2023-10-17 15:01:28
1513,1513,521.36,Paytm,Pending,2025-07-18 10:46:03
1514,1514,642.25,PayPal,Completed,2024-02-04 01:22:11
1515,1515,752.48,Credit Card,Completed,2025-02-27 18:56:01
1516,1516,403.88,PayPal,Pending,2025-02-12 13:08:28
1517,1517,547.76,Cash,Completed,2025-04-05 20:41:32
1518,1518,635.57,Cash,Completed,2024-11-10 05:56:28
1519,1519,85.24,PayPal,Pending,2023-08-25 02:49:58
1520,1520,492.55,Cash,Completed,2024-04-19 07:29:58
1521,1521,325.71,PayPal,Completed,2024-01-03 10:47:15
1522,1522,621.97,PayPal,Completed,2024-06-21 09:29:20
1523,1523,436.08,PayPal,Completed,2023-11-14 01:11:40
1524,1524,636.67,Cash,Completed,2024-07-05 05:41:28
1525,1525,642.57,Credit Card,Completed,2023-09-29 11:22:47
1526,1526,96.37,UPI,Completed,2024-07-10 20:19:26
1527,1527,189.79,Cash,Completed,2024-08-26 13:03:04
1528,1528,122.54,Credit Card,Completed,2025-04-04 14:33:43
1529,1529,349.85,Cash,Completed,2023-10-08 14:19:14
1530,1530,96.9,Credit Card,Completed,2025-01-11 03:13:25
1531,1531,358.53,PayPal,Completed,2024-02-01 12:35:57
1532,1532,756.06,Credit Card,Completed,2024-04-15 20:07:35
1533,1533,395.17,Paytm,Completed,2024-01-12 14:04:48
1534,1534,291.16,UPI,Completed,2024-09-12 01:22:54
1535,1535,458.61,UPI,Completed,2024-12-27 07:03:29
1536,1536,491.43,Cash,Completed,2024-10-31 00:00:43
1537,1537,780.92,Paytm,Completed,2024-11-18 05:35:54
1538,1538,146.67,Credit Card,Completed,2023-09-18 06:52:49
1539,1539,307.95,UPI,Completed,2024-10-19 12:33:17
1540,1540,139.26,Paytm,Completed,2024-06-02 16:08:29
1541,1541,511.6,Paytm,Completed,2025-03-27 23:41:09
1542,1542,438.85,Cash,Completed,2024-12-08 06:05:13
1543,1543,530.84,Cash,Completed,2024-11-03 07:33:54
1544,1544,525.63,Paytm,Completed,2024-05-04 16:54:40
1545,1545,685.41,Cash,Completed,2024-10-23 22:53:33
1546,1546,552.3,UPI,Pending,2024-03-18 20:35:53
1547,1547,777.07,Paytm,Completed,2024-12-17 17:57:38
1548,1548,202.79,Paytm,Completed,2025-05-30 03:10:24
1549,1549,264.91,UPI,Completed,2024-06-04 02:19:32
1550,1550,317.4,Credit Card,Completed,2024-11-12 06:18:21
1551,1551,583.64,Paytm,Completed,2024-06-03 09:59:42
1552,1552,70.52,PayPal,Completed,2023-11-30 21:38:14
1553,1553,548.16,PayPal,Completed,2024-10-19 13:04:11
1554,1554,678.77,Credit Card,Completed,2023-12-04 10:42:29
1555,1555,365.41,UPI,Completed,2025-06-13 00:37:08
1556,1556,729.43,PayPal,Completed,2024-03-26 11:53:32
1557,1557,787.5,Cash,Completed,2023-08-11 18:18:01
1558,1558,312.84,PayPal,Completed,2024-04-13 03:25:42
1559,1559,415.77,Paytm,Completed,2024-10-12 13:41:41
1560,1560,727.3,Credit Card,Completed,2025-01-01 02:19:58
1561,1561,323.04,Cash,Completed,2025-06-27 06:34:56
1562,1562,243.77,PayPal,Completed,2023-09-14 03:47:16
1563,1563,436.93,UPI,Completed,2025-07-25 21:42:28
1564,1564,367.27,UPI,Completed,2025-02-26 10:15:52
1565,1565,647.1,UPI,Pending,2024-07-14 18:47:49
1566,1566,799.64,UPI,Completed,2024-02-08 17:44:49
1567,1567,491.0,Cash,Completed,2025-06-18 08:48:14
1568,1568,586.52,Cash,Completed,2024-06-28 11:58:48
1569,1569,110.8,Credit Card,Completed,2025-07-18 10:11:35
1570,1570,101.75,UPI,Completed,2025-05-29 17:26:25
1571,1571,738.88,Credit Card,Completed,2024-05-07 07:45:28
1572,1572,134.61,UPI,Completed,2024-06-05 16:08:54
1573,1573,532.32,PayPal,Completed,2023-10-06 12:10:00
1574,1574,404.21,PayPal,Completed,2023-10-08 21:52:08
1575,1575,194.12,Paytm,Completed,2024-09-07 16:40:04
1576,1576,487.9,Paytm,Completed,2024-12-17 13:17:42
1577,1577,473.72,PayPal,Completed,2025-05-27 13:23:46
1578,1578,306.38,PayPal,Completed,2024-07-22 01:03:28
1579,1579,727.07,PayPal,Completed,2025-03-01 11:19:03
1580,1580,592.72,Cash,Completed,2025-03-14 20:41:14
1581,1581,498.1,Cash,Completed,2024-02-22 09:38:24
1582,1582,608.35,PayPal,Pending,2023-09-13 23:38:09
1583,1583,404.13,Credit Card,Completed,2025-02-10 04:16:55
1584,1584,674.98,Cash,Completed,2024-08-11 13:21:00
1585,1585,348.27,Credit Card,Completed,2025-01-23 17:03:57
1586,1586,550.41,PayPal,Completed,2024-02-23 07:40:47
1587,1587,503.8,Paytm,Completed,2024-11-22 18:14:29
1588,1588,63.3,UPI,Completed,2024-11-03 10:59:44
1589,1589,161.97,UPI,Completed,2025-01-16 11:03:13
1590,1590,483.08,PayPal,Completed,2023-09-30 20:53:00
1591,1591,365.79,PayPal,Completed,2025-03-18 11:57:28
1592,1592,683.2,Cash,Completed,2025-05-28 12:38:52
1593,1593,638.78,Credit Card,Completed,2023-11-06 01:54:01
1594,1594,460.13,PayPal,Completed,2025-05-26 05:11:27
1595,1595,355.14,Credit Card,Completed,2024-05-12 10:12:06
1596,1596,203.25,PayPal,Completed,2025-05-11 12:04:58
1597,1597,512.07,UPI,Pending,2024-05-10 08:19:09
1598,1598,576.09,UPI,Completed,2024-01-06 09:59:44
1599,1599,618.19,Cash,Completed,2024-11-30 22:10:16
1600,1600,521.18,PayPal,Completed,2023-08-27 23:05:29
1601,1601,486.17,Cash,Completed,2023-11-10 04:50:31
1602,1602,145.58,UPI,Completed,2024-05-07 03:38:10
1603,1603,526.32,UPI,Failed,2024-10-26 19:45:14
1604,1604,444.71,UPI,Completed,2024-12-02 10:18:14
1605,1605,519.16,UPI,Completed,2025-06-03 16:51:16
1606,1606,73.8,Paytm,Completed,2025-06-06 19:46:03
1607,1607,109.98,Cash,Completed,2024-07-11 20:04:59
1608,1608,778.75,PayPal,Completed,2024-01-01 11:05:14
1609,1609,594.05,Paytm,Completed,2024-06-11 06:44:07
1610,1610,186.28,PayPal,Completed,2025-06-03 04:31:50
1611,1611,512.35,UPI,Completed,2024-03-18 06:24:02
1612,1612,327.41,Cash,Completed,2025-07-01 12:54:23
1613,1613,81.6,PayPal,Completed,2024-01-29 17:39:30
1614,1614,400.68,Credit Card,Completed,2025-04-10 20:10:48
1615,1615,562.09,Cash,Completed,2024-04-15 07:13:16
1616,1616,317.04,Cash,Completed,2025-03-09 11:58:55
1617,1617,429.5,UPI,Completed,2023-08-27 06:29:50
1618,1618,320.63,Cash,Completed,2024-12-19 13:18:37
1619,1619,759.13,Credit Card,Completed,2024-08-04 04:01:18
1620,1620,342.89,PayPal,Pending,2023-09-10 21:44:35
1621,1621,748.29,Cash,Completed,2025-02-26 18:35:00
1622,1622,288.21,PayPal,Pending,2023-11-01 19:40:42
1623,1623,274.36,UPI,Completed,2024-12-05 21:04:50
1624,1624,360.55,Credit Card,Completed,2025-04-24 13:53:22
1625,1625,191.46,PayPal,Completed,2024-11-29 09:03:33
1626,1626,169.39,Paytm,Completed,2023-12-06 08:14:48
1627,1627,738.0,UPI,Completed,2025-03-13 08:20:41
1628,1628,650.61,Credit Card,Completed,2025-07-31 10:44:44
1629,1629,93.83,PayPal,Completed,2024-10-30 05:01:03
1630,1630,504.58,Credit Card,Completed,2024-05-22 12:15:13
1631,1631,549.99,Cash,Completed,2023-08-07 18:51:06
1632,1632,605.72,UPI,Completed,2024-12-14 13:47:44
1633,1633,469.02,Cash,Completed,2024-05-06 13:04:46
1634,1634,357.73,Paytm,Completed,2025-05-28 12:08:36
1635,1635,380.32,PayPal,Completed,2023-09-06 06:02:52
1636,1636,170.15,PayPal,Completed,2025-04-30 05:42:53
1637,1637,605.64,Credit Card,Completed,2024-09-11 17:18:15
1638,1638,691.29,Credit Card,Pending,2024-06-27 19:14:02
1639,1639,466.06,Cash,Completed,2025-07-26 11:29:49
1640,1640,588.11,Cash,Completed,2025-04-10 00:06:50
1641,1641,479.42,Paytm,Completed,2024-06-03 13:43:33
1642,1642,325.54,Credit Card,Completed,2023-10-05 18:21:59
1643,1643,492.08,Paytm,Completed,2023-08-11 02:44:54
1644,1644,468.31,Paytm,Completed,2025-06-26 04:03:03
1645,1645,569.34,UPI,Completed,2024-11-19 16:28:18
1646,1646,636.92,Cash,Completed,2023-10-27 14:11:50
1647,1647,764.05,Paytm,Completed,2025-02-24 22:42:23
1648,1648,652.09,Credit Card,Completed,2025-01-22 05:24:08
1649,1649,252.29,PayPal,Completed,2024-07-06 08:18:04
1650,1650,495.77,Credit Card,Completed,2024-05-12 04:12:12
1651,1651,417.38,Cash,Completed,2023-09-04 02:01:49
1652,1652,95.75,UPI,Completed,2024-03-13 07:13:45
1653,1653,52.51,UPI,Completed,2024-12-07 22:04:19
1654,1654,150.06,Paytm,Completed,2024-12-13 03:24:22
1655,1655,532.7,Paytm,Completed,2025-04-22 05:27:36
1656,1656,197.99,UPI,Completed,2024-11-29 14:27:16
1657,1657,699.74,Cash,Completed,2024-01-04 17:53:19
1658,1658,456.3,UPI,Completed,2024-10-23 23:49:17
1659,1659,250.27,Credit Card,Completed,2025-01-13 02:59:15
1660,1660,506.13,UPI,Completed,2025-01-30 07:34:19
1661,1661,140.91,PayPal,Completed,2024-09-17 01:00:03
1662,1662,738.15,Credit Card,Completed,2023-09-14 15:32:50
1663,1663,414.3,Paytm,Completed,2025-04-07 07:03:20
1664,1664,660.13,Paytm,Failed,2024-05-01 09:23:59
1665,1665,155.57,Paytm,Completed,2023-08-10 16:50:05
1666,1666,388.66,UPI,Completed,2024-03-27 11:13:32
1667,1667,167.99,Cash,Completed,2025-04-12 10:22:49
1668,1668,132.78,UPI,Completed,2024-03-31 09:43:17
1669,1669,191.12,Cash,Completed,2023-12-13 04:03:20
1670,1670,561.23,Credit Card,Completed,2023-10-12 08:37:00
1671,1671,77.31,Cash,Completed,2025-08-04 01:26:55
1672,1672,252.47,Cash,Completed,2024-09-15 19:35:09
1673,1673,755.18,Credit Card,Pending,2024-04-10 06:00:14
1674,1674,321.91,UPI,Completed,2023-11-04 05:34:03
1675,1675,669.48,Credit Card,Completed,2023-11-11 05:55:54
1676,1676,351.01,UPI,Completed,2023-09-16 23:02:39
1677,1677,228.9,Paytm,Completed,2024-02-15 03:24:33
1678,1678,329.08,Credit Card,Completed,2024-12-15 20:00:51
1679,1679,264.25,Credit Card,Completed,2024-05-31 23:01:16
1680,1680,95.92,Credit Card,Completed,2025-05-10 03:32:54
1681,1681,136.34,Cash,Completed,2023-11-26 21:25:14
1682,1682,421.17,Credit Card,Completed,2024-07-01 02:02:26
1683,1683,554.08,Credit Card,Completed,2024-04-21 21:57:16
1684,1684,217.59,UPI,Completed,2025-03-11 08:08:41
1685,1685,338.34,PayPal,Failed,2025-07-20 11:42:23
1686,1686,264.29,Paytm,Completed,2024-01-23 04:41:16
1687,1687,531.25,Credit Card,Completed,2024-01-13 04:11:22
1688,1688,543.89,Paytm,Completed,2024-05-24 03:31:26
1689,1689,553.6,PayPal,Pending,2024-04-19 18:30:27
1690,1690,582.25,Paytm,Completed,2024-06-29 14:33:00
1691,1691,785.88,Cash,Completed,2024-03-18 18:38:48
1692,1692,620.59,UPI,Completed,2024-02-10 10:59:24
1693,1693,222.88,PayPal,Completed,2024-07-05 07:24:45
1694,1694,263.08,Credit Card,Completed,2024-10-18 13:36:41
1695,1695,471.62,Cash,Completed,2024-02-16 11:45:11
1696,1696,328.94,Credit Card,Completed,2024-12-17 03:58:28
1697,1697,223.9,Cash,Completed,2023-12-22 02:33:21
1698,1698,695.01,UPI,Pending,2023-08-07 19:10:46
1699,1699,315.75,Credit Card,Completed,2024-07-17 21:01:16
1700,1700,224.23,PayPal,Completed,2024-05-19 01:47:27
1701,1701,621.67,Credit Card,Completed,2024-03-11 07:05:01
1702,1702,380.84,UPI,Completed,2023-11-25 19:31:04
1703,1703,221.38,Cash,Completed,2025-05-27 09:41:15
1704,1704,784.31,Paytm,Pending,2024-04-11 14:10:29
1705,1705,457.95,Cash,Pending,2024-05-01 00:11:02
1706,1706,470.53,Cash,Completed,2023-12-12 11:02:55
1707,1707,513.74,Credit Card,Completed,2024-02-11 12:07:08
1708,1708,159.79,Cash,Completed,2024-03-23 15:43:19
1709,1709,704.43,Credit Card,Completed,2025-02-20 07:35:28
1710,1710,201.17,PayPal,Completed,2025-01-25 15:31:03
1711,1711,335.12,Credit Card,Completed,2024-10-18 16:47:17
1712,1712,503.8,PayPal,Completed,2025-06-03 19:39:31
1713,1713,488.52,Credit Card,Completed,2024-02-10 23:00:01
1714,1714,607.15,Paytm,Completed,2025-02-06 18:09:20
1715,1715,514.72,UPI,Completed,2025-03-01 12:53:14
1716,1716,534.02,UPI,Completed,2023-11-16 16:50:06
1717,1717,707.91,UPI,Completed,2025-03-31 22:46:05
1718,1718,517.84,PayPal,Completed,2025-05-27 06:41:00
1719,1719,54.26,Paytm,Completed,2024-03-10 08:27:56
1720,1720,261.13,UPI,Completed,2023-10-08 09:12:32
1721,1721,778.78,Credit Card,Pending,2024-04-13 13:15:07
1722,1722,337.74,Cash,Completed,2025-01-10 14:33:20
1723,1723,757.8,PayPal,Completed,2024-06-04 15:16:47
1724,1724,730.49,Cash,Pending,2024-08-30 23:17:31
1725,1725,648.92,PayPal,Completed,2024-10-06 23:04:01
1726,1726,398.86,Credit Card,Failed,2023-09-05 16:36:56
1727,1727,206.41,PayPal,Completed,2025-03-16 04:46:02
1728,1728,157.7,PayPal,Completed,2025-06-08 03:06:11
1729,1729,152.21,Paytm,Completed,2024-12-30 04:23:55
1730,1730,107.1,Paytm,Completed,2025-02-14 07:32:08
1731,1731,638.07,PayPal,Completed,2024-07-22 13:30:53
1732,1732,243.56,UPI,Completed,2023-11-25 03:43:56
1733,1733,70.01,Credit Card,Completed,2024-10-07 11:40:39
1734,1734,548.67,Cash,Completed,2024-04-20 15:26:31
1735,1735,135.9,Cash,Completed,2024-07-07 03:33:56
1736,1736,369.33,PayPal,Failed,2023-08-11 10:03:03
1737,1737,681.26,Cash,Completed,2023-08-27 16:26:39
1738,1738,652.56,PayPal,Pending,2024-08-18 14:14:37
1739,1739,193.68,Cash,Completed,2024-01-22 18:36:39
1740,1740,146.81,Credit Card,Completed,2024-10-02 03:06:56
1741,1741,99.88,Cash,Completed,2024-09-21 12:48:02
1742,1742,479.25,UPI,Completed,2024-11-27 00:08:15
1743,1743,200.58,UPI,Completed,2025-04-25 16:51:59
1744,1744,185.37,UPI,Completed,2024-04-12 21:08:28
1745,1745,675.32,UPI,Completed,2023-08-18 21:46:12
1746,1746,256.78,Credit Card,Completed,2024-12-20 02:43:26
1747,1747,509.04,Credit Card,Completed,2024-12-20 17:13:18
1748,1748,114.04,PayPal,Completed,2023-11-05 09:53:54
1749,1749,638.62,UPI,Completed,2025-06-23 11:53:12
1750,1750,648.23,Cash,Completed,2024-10-04 00:03:15
1751,1751,654.25,Credit Card,Completed,2025-06-26 16:38:10
1752,1752,759.4,UPI,Completed,2023-08-10 04:01:07
1753,1753,782.89,Paytm,Completed,2025-07-21 01:58:27
1754,1754,725.29,UPI,Completed,2025-01-07 23:36:28
1755,1755,585.98,Cash,Completed,2025-04-15 22:34:46
1756,1756,604.58,Paytm,Completed,2024-04-19 10:12:51
1757,1757,114.07,UPI,Completed,2023-10-06 03:06:06
1758,1758,758.31,Cash,Completed,2023-08-12 17:03:30
1759,1759,525.22,Credit Card,Completed,2025-03-16 20:24:26
1760,1760,582.15,Cash,Completed,2025-04-02 00:36:49
1761,1761,333.27,Credit Card,Completed,2024-05-19 08:16:05
1762,1762,243.31,PayPal,Completed,2023-11-04 10:18:10
1763,1763,643.0,UPI,Completed,2025-01-26 17:08:01
1764,1764,538.67,Credit Card,Completed,2025-05-02 14:22:08
1765,1765,62.31,Paytm,Completed,2025-02-15 00:39:56
1766,1766,166.48,Paytm,Completed,2023-10-06 15:52:07
1767,1767,406.97,Credit Card,Completed,2024-10-22 00:44:43
1768,1768,559.57,PayPal,Completed,2025-04-28 10:35:46
1769,1769,567.19,Paytm,Completed,2024-01-10 23:15:08
1770,1770,150.88,Paytm,Completed,2023-10-10 09:43:39
1771,1771,593.65,Credit Card,Completed,2025-03-11 11:38:58
1772,1772,424.35,Cash,Completed,2025-02-04 22:05:33
1773,1773,255.58,UPI,Completed,2024-03-13 10:40:55
1774,1774,608.86,Paytm,Completed,2024-04-07 12:07:20
1775,1775,143.29,Paytm,Pending,2023-08-17 01:26:10
1776,1776,100.62,UPI,Completed,2024-04-03 12:01:37
1777,1777,793.02,UPI,Completed,2023-11-01 06:53:37
1778,1778,131.36,Cash,Completed,2023-10-16 14:08:54
1779,1779,283.33,Credit Card,Completed,2024-12-06 08:36:58
1780,1780,596.79,Paytm,Completed,2024-05-15 18:40:16
1781,1781,642.88,Paytm,Completed,2024-08-31 19:19:14
1782,1782,233.37,Credit Card,Completed,2025-02-02 06:36:29
1783,1783,451.81,Paytm,Completed,2023-11-12 16:17:03
1784,1784,247.07,UPI,Completed,2023-11-20 09:56:15
1785,1785,89.12,Paytm,Completed,2024-09-17 22:36:36
1786,1786,613.06,UPI,Completed,2023-11-27 19:10:08
1787,1787,455.51,Cash,Completed,2024-04-04 19:31:58
1788,1788,519.43,Cash,Pending,2024-08-31 09:22:27
1789,1789,729.91,Cash,Pending,2024-05-10 02:28:12
1790,1790,648.53,Paytm,Completed,2024-08-01 17:00:12
1791,1791,225.52,Credit Card,Completed,2025-02-04 12:28:58
1792,1792,454.91,PayPal,Pending,2024-07-18 10:37:14
1793,1793,185.19,Paytm,Completed,2025-05-21 21:24:50
1794,1794,249.9,Paytm,Completed,2023-08-12 08:56:56
1795,1795,397.53,Cash,Completed,2023-12-13 22:16:23
1796,1796,463.67,Paytm,Completed,2024-10-15 13:37:18
1797,1797,411.9,Cash,Completed,2024-10-11 07:17:43
1798,1798,338.56,Credit Card,Completed,2024-12-12 04:06:13
1799,1799,308.4,Credit Card,Completed,2023-09-04 21:47:43
1800,1800,573.39,Credit Card,Completed,2024-07-21 01:35:52
1801,1801,186.3,Credit Card,Completed,2025-02-05 01:46:13
1802,1802,192.55,Cash,Completed,2025-05-08 02:14:52
1803,1803,93.4,PayPal,Completed,2023-11-04 08:27:16
1804,1804,507.0,Credit Card,Completed,2024-11-20 15:27:13
1805,1805,514.91,PayPal,Completed,2025-03-23 00:49:57
1806,1806,343.21,Cash,Completed,2024-12-14 18:17:53
1807,1807,97.81,UPI,Pending,2024-05-17 13:26:20
1808,1808,628.19,Cash,Completed,2024-06-27 13:35:15
1809,1809,386.17,Credit Card,Pending,2023-08-27 10:45:22
1810,1810,282.36,PayPal,Failed,2024-04-28 15:14:01
1811,1811,312.27,Cash,Pending,2025-07-27 00:24:13
1812,1812,388.6,UPI,Completed,2023-11-16 06:56:52
1813,1813,744.19,Credit Card,Completed,2024-09-04 19:04:16
1814,1814,71.91,Paytm,Completed,2025-05-19 12:09:26
1815,1815,195.92,Cash,Completed,2024-05-11 21:48:56
1816,1816,478.69,PayPal,Completed,2025-07-29 13:52:33
1817,1817,141.16,PayPal,Completed,2024-12-18 00:28:04
1818,1818,155.37,Paytm,Completed,2025-02-03 06:10:28
1819,1819,517.18,UPI,Completed,2025-05-10 07:52:31
1820,1820,360.66,Cash,Completed,2025-01-15 17:56:08
1821,1821,160.18,Cash,Completed,2024-05-23 16:06:58
1822,1822,585.6,Credit Card,Completed,2023-11-27 21:17:23
1823,1823,762.19,PayPal,Completed,2024-04-26 03:56:26
1824,1824,115.47,Credit Card,Completed,2024-04-14 16:58:32
1825,1825,355.83,PayPal,Completed,2024-12-16 01:32:52
1826,1826,202.19,Credit Card,Completed,2024-09-10 21:19:37
1827,1827,691.15,PayPal,Completed,2023-10-05 01:56:13
1828,1828,659.94,Credit Card,Completed,2025-01-28 15:37:28
1829,1829,126.76,Credit Card,Completed,2025-03-10 22:37:31
1830,1830,417.67,Paytm,Completed,2024-02-09 19:31:31
1831,1831,599.67,Paytm,Completed,2025-03-07 06:58:29
1832,1832,650.23,UPI,Completed,2024-06-24 07:35:07
1833,1833,531.65,Cash,Completed,2025-07-25 11:48:17
1834,1834,69.76,Cash,Completed,2024-05-26 08:48:56
1835,1835,379.72,UPI,Completed,2024-06-17 23:03:16
1836,1836,120.94,UPI,Completed,2025-07-22 04:55:43
1837,1837,383.89,Paytm,Completed,2023-10-10 00:48:36
1838,1838,658.69,Cash,Completed,2025-03-29 00:04:19
1839,1839,214.22,Paytm,Completed,2024-09-22 12:56:09
1840,1840,416.16,Credit Card,Completed,2025-08-01 22:34:35
1841,1841,311.44,UPI,Pending,2024-10-09 13:16:48
1842,1842,59.47,PayPal,Completed,2023-08-31 09:22:20
1843,1843,444.77,Cash,Completed,2023-09-14 17:34:35
1844,1844,496.94,UPI,Completed,2024-11-26 11:20:35
1845,1845,364.82,UPI,Completed,2024-12-26 09:42:37
1846,1846,795.92,Credit Card,Completed,2025-04-05 05:51:22
1847,1847,543.75,UPI,Completed,2025-01-20 08:40:06
1848,1848,753.37,Paytm,Completed,2024-07-26 03:24:17
1849,1849,208.79,Credit Card,Completed,2023-12-04 04:20:52
1850,1850,78.06,UPI,Completed,2024-03-06 05:22:46
1851,1851,410.62,UPI,Completed,2025-07-20 12:57:52
1852,1852,109.72,Credit Card,Completed,2024-05-18 06:55:09
1853,1853,138.25,UPI,Completed,2025-05-31 22:08:52
1854,1854,351.69,Cash,Completed,2025-04-13 07:51:59
1855,1855,678.35,Credit Card,Pending,2025-05-17 05:34:09
1856,1856,270.43,UPI,Completed,2024-11-16 09:23:09
1857,1857,758.11,Credit Card,Completed,2024-05-20 23:23:13
1858,1858,611.87,PayPal,Completed,2025-07-01 21:33:21
1859,1859,528.72,Cash,Completed,2024-04-13 21:56:05
1860,1860,329.56,Credit Card,Pending,2023-11-26 11:49:37
1861,1861,287.05,UPI,Completed,2023-10-17 19:43:48
1862,1862,244.03,Cash,Pending,2025-07-13 22:52:06
1863,1863,477.58,UPI,Completed,2023-11-20 09:45:01
1864,1864,608.31,Credit Card,Completed,2025-05-25 11:32:57
1865,1865,163.84,Cash,Completed,2025-06-03 22:11:39
1866,1866,150.81,PayPal,Completed,2023-11-18 19:26:00
1867,1867,442.16,Cash,Completed,2023-10-25 19:24:54
1868,1868,355.53,UPI,Pending,2025-06-02 18:38:51
1869,1869,398.25,Credit Card,Completed,2024-04-17 01:13:20
1870,1870,58.88,Cash,Completed,2024-05-18 16:53:59
1871,1871,220.6,PayPal,Completed,2024-06-15 07:44:57
1872,1872,595.98,Credit Card,Completed,2025-01-16 06:03:43
1873,1873,112.41,Credit Card,Completed,2024-01-01 15:38:05
1874,1874,521.63,UPI,Completed,2023-10-27 10:52:34
1875,1875,471.23,PayPal,Completed,2025-01-08 04:07:11
1876,1876,298.42,PayPal,Completed,2024-03-08 02:28:45
1877,1877,166.03,Cash,Completed,2024-12-29 13:43:39
1878,1878,534.21,Paytm,Completed,2024-02-24 13:44:15
1879,1879,598.34,Credit Card,Completed,2025-01-03 15:34:34
1880,1880,70.76,Credit Card,Completed,2023-08-27 13:15:21
1881,1881,700.06,UPI,Completed,2024-03-01 00:44:43
1882,1882,246.6,Paytm,Completed,2024-04-12 23:45:55
1883,1883,250.95,UPI,Completed,2025-01-16 07:57:40
1884,1884,310.01,Paytm,Completed,2024-07-09 12:44:50
1885,1885,516.29,Credit Card,Failed,2024-08-29 18:01:44
1886,1886,183.5,Credit Card,Completed,2025-04-20 23:54:10
1887,1887,293.19,Credit Card,Failed,2025-06-26 15:00:56
1888,1888,796.31,Cash,Completed,2024-02-25 10:35:53
1889,1889,683.03,Paytm,Pending,2025-07-11 04:35:06
1890,1890,562.84,Cash,Completed,2025-05-21 02:59:09
1891,1891,646.47,UPI,Completed,2024-08-16 08:36:34
1892,1892,594.83,Paytm,Pending,2025-06-20 16:02:37
1893,1893,666.07,PayPal,Completed,2025-06-27 08:12:53
1894,1894,122.75,Paytm,Completed,2024-07-24 11:51:21
1895,1895,413.04,UPI,Pending,2024-04-14 05:38:17
1896,1896,117.33,Paytm,Completed,2025-05-12 22:00:43
1897,1897,510.55,PayPal,Completed,2024-07-10 02:09:20
1898,1898,683.15,Paytm,Completed,2023-12-09 02:03:33
1899,1899,547.99,Paytm,Completed,2024-05-27 07:53:46
1900,1900,539.37,PayPal,Completed,2024-11-30 00:25:15
1901,1901,94.17,Credit Card,Pending,2023-11-04 14:34:54
1902,1902,331.87,Paytm,Completed,2024-03-16 06:57:52
1903,1903,363.92,PayPal,Completed,2023-12-19 10:16:48
1904,1904,271.22,Paytm,Completed,2025-02-18 09:19:36
1905,1905,392.07,PayPal,Completed,2023-12-09 09:26:18
1906,1906,160.92,Credit Card,Completed,2024-12-18 22:36:36
1907,1907,577.69,UPI,Completed,2024-10-30 12:27:35
1908,1908,149.15,Paytm,Completed,2023-11-26 11:32:05
1909,1909,483.34,UPI,Completed,2024-07-25 03:49:24
1910,1910,67.64,PayPal,Completed,2023-10-26 23:51:05
1911,1911,496.3,Cash,Completed,2023-08-08 21:15:34
1912,1912,236.93,Cash,Completed,2024-05-30 09:30:40
1913,1913,431.2,Paytm,Completed,2025-04-19 07:49:53
1914,1914,149.26,UPI,Completed,2024-11-08 07:33:51
1915,1915,585.91,Paytm,Completed,2024-08-14 00:38:02
1916,1916,424.53,Cash,Completed,2024-06-15 21:38:41
1917,1917,338.66,UPI,Completed,2025-04-20 00:15:18
1918,1918,194.33,UPI,Completed,2024-07-17 12:32:49
1919,1919,722.97,PayPal,Completed,2024-04-07 06:22:10
1920,1920,402.55,Paytm,Completed,2025-02-24 02:54:47
1921,1921,96.57,Paytm,Completed,2025-05-02 19:17:47
1922,1922,487.33,UPI,Completed,2024-04-22 20:33:21
1923,1923,483.5,Paytm,Completed,2024-12-04 17:56:34
1924,1924,686.36,Paytm,Completed,2024-09-11 03:53:37
1925,1925,335.26,Credit Card,Completed,2024-02-14 00:19:15
1926,1926,79.97,Paytm,Completed,2025-04-28 07:24:29
1927,1927,492.17,PayPal,Completed,2023-10-19 10:02:46
1928,1928,563.04,PayPal,Completed,2023-10-06 16:07:06
1929,1929,142.76,Paytm,Completed,2023-09-18 06:52:00
1930,1930,691.32,PayPal,Completed,2024-09-22 04:07:50
1931,1931,619.81,Cash,Completed,2025-05-14 00:52:41
1932,1932,661.32,Cash,Completed,2023-10-26 02:31:53
1933,1933,727.16,Credit Card,Completed,2023-12-12 09:34:23
1934,1934,317.19,Paytm,Completed,2024-01-01 22:20:14
1935,1935,356.82,Paytm,Completed,2024-02-29 16:58:32
1936,1936,707.04,Credit Card,Completed,2025-07-20 23:20:46
1937,1937,250.63,Paytm,Completed,2024-09-25 08:04:58
1938,1938,442.26,UPI,Completed,2024-11-15 07:59:10
1939,1939,188.55,Credit Card,Completed,2024-02-13 22:45:48
1940,1940,323.34,UPI,Completed,2025-05-04 04:55:54
1941,1941,305.04,UPI,Completed,2023-12-28 02:13:27
1942,1942,324.01,Credit Card,Completed,2024-01-19 11:21:26
1943,1943,217.87,UPI,Completed,2024-06-03 08:06:25
1944,1944,798.74,Cash,Completed,2024-03-18 21:14:25
1945,1945,706.24,PayPal,Failed,2024-12-13 05:08:31
1946,1946,356.57,Paytm,Completed,2024-04-21 07:45:16
1947,1947,189.73,Paytm,Completed,2023-10-15 09:30:40
1948,1948,279.56,PayPal,Completed,2025-01-09 04:55:11
1949,1949,253.39,Credit Card,Completed,2023-11-04 07:50:39
1950,1950,425.93,Cash,Completed,2024-10-02 03:29:14
1951,1951,620.31,Paytm,Completed,2024-07-06 11:00:01
1952,1952,770.47,Cash,Failed,2024-04-14 10:52:47
1953,1953,71.14,Credit Card,Completed,2024-11-23 10:32:06
1954,1954,546.61,PayPal,Completed,2024-09-15 00:05:36
1955,1955,629.83,PayPal,Completed,2024-12-10 07:59:24
1956,1956,399.07,Cash,Completed,2023-10-11 11:21:39
1957,1957,344.13,Credit Card,Completed,2024-08-02 07:32:31
1958,1958,565.74,Credit Card,Completed,2025-03-03 02:14:03
1959,1959,555.14,PayPal,Pending,2025-07-01 11:50:06
1960,1960,473.7,Paytm,Completed,2025-03-16 08:45:56
1961,1961,781.01,UPI,Completed,2024-07-05 08:50:45
1962,1962,392.67,Cash,Completed,2025-07-21 17:37:14
1963,1963,215.16,Credit Card,Pending,2023-08-09 11:15:25
1964,1964,750.83,Cash,Completed,2024-10-08 09:30:07
1965,1965,424.07,PayPal,Completed,2025-02-20 17:38:06
1966,1966,139.33,Paytm,Completed,2025-01-02 14:05:14
1967,1967,753.59,Cash,Pending,2023-09-11 12:26:50
1968,1968,690.13,UPI,Completed,2024-08-07 12:48:18
1969,1969,422.51,Credit Card,Completed,2024-11-14 13:41:26
1970,1970,125.74,Credit Card,Completed,2024-03-12 19:02:59
1971,1971,636.3,Paytm,Completed,2025-05-15 12:07:46
1972,1972,352.01,UPI,Completed,2025-05-12 14:17:35
1973,1973,794.99,Paytm,Completed,2024-06-14 05:51:19
1974,1974,757.07,UPI,Failed,2024-06-19 14:59:07
1975,1975,242.43,PayPal,Completed,2025-08-03 18:21:37
1976,1976,744.32,UPI,Completed,2025-02-08 17:46:47
1977,1977,378.48,Cash,Completed,2023-10-29 16:59:47
1978,1978,558.78,Paytm,Completed,2024-01-27 22:48:33
1979,1979,610.7,UPI,Completed,2023-09-21 15:03:24
1980,1980,617.39,Cash,Completed,2024-01-09 01:12:05
1981,1981,299.47,Cash,Completed,2023-08-23 19:46:46
1982,1982,518.91,Credit Card,Completed,2025-02-21 04:22:57
1983,1983,476.21,UPI,Completed,2024-02-05 16:05:32
1984,1984,657.6,Cash,Completed,2025-04-27 10:18:14
1985,1985,248.07,Credit Card,Completed,2024-05-01 04:10:14
1986,1986,619.63,Credit Card,Pending,2024-05-29 01:10:20
1987,1987,545.43,PayPal,Completed,2023-11-26 19:26:59
1988,1988,594.13,PayPal,Completed,2024-12-06 17:03:43
1989,1989,195.32,Cash,Completed,2023-12-20 18:59:19
1990,1990,324.83,Credit Card,Completed,2023-10-11 06:26:39
1991,1991,130.41,Paytm,Pending,2023-12-30 22:21:50
1992,1992,634.44,Paytm,Completed,2025-07-06 17:42:33
1993,1993,365.35,PayPal,Completed,2024-04-25 03:03:50
1994,1994,89.02,PayPal,Completed,2023-08-16 02:03:17
1995,1995,158.98,Paytm,Completed,2024-06-11 01:14:53
1996,1996,187.07,Paytm,Completed,2024-02-26 06:03:55
1997,1997,510.93,Credit Card,Completed,2024-08-05 04:01:11
1998,1998,327.27,Credit Card,Completed,2023-11-17 03:02:06
1999,1999,733.33,Credit Card,Completed,2025-01-10 03:14:43
2000,2000,304.78,Cash,Completed,2023-08-24 14:54:02
2001,2001,419.83,Paytm,Pending,2024-12-29 21:21:21
2002,2002,590.22,Credit Card,Completed,2024-12-08 00:18:39
2003,2003,255.05,Cash,Completed,2025-08-04 01:21:05
2004,2004,401.71,Paytm,Completed,2024-11-07 19:29:12
2005,2005,327.68,Credit Card,Completed,2024-05-22 03:53:18
2006,2006,350.09,Credit Card,Completed,2024-09-22 14:31:44
2007,2007,390.69,Paytm,Completed,2024-08-03 20:52:12
2008,2008,390.13,UPI,Completed,2024-06-14 13:18:03
2009,2009,299.39,Cash,Completed,2023-08-14 23:09:40
2010,2010,77.19,UPI,Completed,2025-01-12 15:20:44
2011,2011,648.65,Cash,Completed,2023-09-28 05:54:07
2012,2012,540.09,Paytm,Completed,2025-01-29 12:40:22
2013,2013,274.75,Credit Card,Completed,2024-12-11 07:18:11
2014,2014,96.88,Credit Card,Completed,2025-07-14 13:44:02
2015,2015,657.28,PayPal,Completed,2023-12-08 02:18:50
2016,2016,299.9,Paytm,Completed,2025-03-04 16:36:50
2017,2017,615.64,Paytm,Completed,2025-03-02 04:01:19
2018,2018,460.25,Paytm,Completed,2023-10-15 03:02:25
2019,2019,360.72,Cash,Completed,2024-02-05 13:07:00
2020,2020,458.01,Paytm,Completed,2025-01-21 07:56:38
2021,2021,94.25,Cash,Failed,2024-01-25 12:51:00
2022,2022,100.86,Paytm,Completed,2023-09-13 14:04:08
2023,2023,255.64,Paytm,Completed,2025-03-08 23:09:52
2024,2024,343.61,Cash,Failed,2024-04-24 20:26:24
2025,2025,745.18,PayPal,Completed,2024-08-02 09:29:46
2026,2026,196.7,Paytm,Completed,2025-01-02 14:40:26
2027,2027,638.25,PayPal,Completed,2023-10-12 05:20:50
2028,2028,489.7,Credit Card,Completed,2025-04-23 18:12:07
2029,2029,124.77,Credit Card,Completed,2025-07-27 17:48:35
2030,2030,325.61,UPI,Completed,2024-05-11 09:07:04
2031,2031,215.33,UPI,Completed,2023-10-27 07:48:03
2032,2032,710.48,Paytm,Pending,2024-11-13 11:44:39
2033,2033,116.54,Paytm,Completed,2025-06-21 00:37:29
2034,2034,774.06,UPI,Completed,2024-05-12 09:08:07
2035,2035,270.43,Paytm,Completed,2024-11-21 15:23:36
2036,2036,403.34,Cash,Completed,2024-01-25 07:29:40
2037,2037,492.32,PayPal,Completed,2024-01-08 06:29:43
2038,2038,511.13,PayPal,Completed,2024-08-11 20:46:31
2039,2039,123.82,UPI,Completed,2025-07-02 00:51:52
2040,2040,763.28,UPI,Completed,2023-11-22 16:54:24
2041,2041,444.14,UPI,Completed,2024-05-17 10:45:08
2042,2042,390.23,Paytm,Completed,2023-10-07 10:54:58
2043,2043,644.13,UPI,Completed,2024-01-14 06:08:07
2044,2044,503.41,Paytm,Completed,2025-05-15 19:56:01
2045,2045,278.75,PayPal,Failed,2024-01-28 06:33:10
2046,2046,367.65,Paytm,Pending,2024-09-23 05:08:37
2047,2047,531.34,Credit Card,Completed,2024-07-07 07:17:00
2048,2048,425.8,PayPal,Completed,2025-03-16 03:31:32
2049,2049,511.54,UPI,Completed,2024-01-18 21:10:07
2050,2050,710.4,UPI,Completed,2024-10-25 20:14:57
2051,2051,144.44,Cash,Completed,2024-11-22 10:23:44
2052,2052,522.75,PayPal,Completed,2024-07-20 19:16:22
2053,2053,440.67,UPI,Completed,2024-05-02 00:19:21
2054,2054,477.71,Paytm,Completed,2024-03-17 01:30:36
2055,2055,121.49,Cash,Completed,2024-07-07 20:36:51
2056,2056,318.26,Credit Card,Completed,2024-10-03 02:57:55
2057,2057,181.69,Paytm,Completed,2023-12-02 08:31:46
2058,2058,382.29,Credit Card,Completed,2025-01-29 16:53:44
2059,2059,425.49,Paytm,Completed,2024-01-01 20:29:18
2060,2060,466.48,Credit Card,Completed,2024-09-02 01:30:29
2061,2061,91.81,PayPal,Completed,2024-04-24 23:10:01
2062,2062,222.97,Paytm,Completed,2024-08-07 17:42:11
2063,2063,312.89,Cash,Completed,2024-01-06 03:20:13
2064,2064,317.22,Cash,Completed,2023-11-07 14:56:19
2065,2065,732.64,UPI,Completed,2023-11-13 21:16:59
2066,2066,145.63,Cash,Completed,2024-05-18 03:50:36
2067,2067,558.7,Cash,Completed,2024-07-18 04:49:49
2068,2068,593.92,Credit Card,Completed,2024-01-19 14:37:40
2069,2069,367.6,Credit Card,Completed,2024-01-25 19:55:01
2070,2070,565.24,UPI,Completed,2025-06-15 06:57:49
2071,2071,743.13,UPI,Completed,2024-03-03 15:05:06
2072,2072,660.04,Credit Card,Completed,2023-09-03 16:23:47
2073,2073,731.29,Paytm,Completed,2025-07-02 02:11:26
2074,2074,127.97,PayPal,Failed,2025-06-03 04:43:52
2075,2075,716.83,Cash,Completed,2024-04-05 05:39:53
2076,2076,333.66,Paytm,Completed,2024-01-01 21:30:29
2077,2077,224.65,UPI,Completed,2024-02-15 06:15:35
2078,2078,373.87,UPI,Completed,2024-10-16 05:59:08
2079,2079,500.61,PayPal,Failed,2025-04-17 20:49:58
2080,2080,615.22,Credit Card,Completed,2024-10-28 08:25:45
2081,2081,662.08,Paytm,Completed,2025-07-14 19:41:00
2082,2082,327.53,UPI,Completed,2024-12-18 10:09:14
2083,2083,744.97,PayPal,Completed,2023-08-12 00:17:12
2084,2084,587.7,PayPal,Completed,2025-03-29 03:01:08
2085,2085,216.28,PayPal,Completed,2025-01-01 03:30:05
2086,2086,240.72,PayPal,Completed,2023-12-16 07:44:40
2087,2087,631.32,Cash,Completed,2024-06-27 13:51:03
2088,2088,730.26,UPI,Pending,2024-04-25 05:32:45
2089,2089,219.09,Credit Card,Completed,2024-11-18 19:34:46
2090,2090,799.87,UPI,Completed,2023-11-30 14:53:45
2091,2091,393.51,Cash,Completed,2024-07-08 07:50:29
2092,2092,150.14,Credit Card,Completed,2024-06-12 17:09:50
2093,2093,345.9,UPI,Completed,2024-04-19 09:17:01
2094,2094,221.05,Paytm,Completed,2023-08-22 06:15:37
2095,2095,338.6,Paytm,Completed,2025-05-13 03:41:49
2096,2096,788.66,UPI,Completed,2024-10-18 06:10:37
2097,2097,346.92,Credit Card,Completed,2024-02-04 20:39:55
2098,2098,371.61,PayPal,Completed,2025-05-11 13:03:27
2099,2099,560.92,UPI,Completed,2024-08-14 15:02:31
2100,2100,487.31,Paytm,Completed,2024-01-08 12:43:32
2101,2101,248.17,Credit Card,Completed,2025-04-24 00:47:44
2102,2102,274.83,Paytm,Completed,2023-09-09 09:01:32
2103,2103,222.59,PayPal,Completed,2023-09-18 14:07:17
2104,2104,300.67,UPI,Completed,2023-10-21 10:19:59
2105,2105,52.41,Paytm,Completed,2024-06-21 04:07:03
2106,2106,367.33,UPI,Completed,2024-01-05 04:59:56
2107,2107,201.22,PayPal,Completed,2024-10-07 14:13:33
2108,2108,789.15,Cash,Completed,2024-10-01 01:08:53
2109,2109,247.81,PayPal,Completed,2023-09-29 07:08:26
2110,2110,60.39,PayPal,Completed,2024-08-08 01:00:30
2111,2111,165.86,Credit Card,Completed,2024-08-19 09:29:27
2112,2112,264.65,Paytm,Completed,2023-11-15 05:35:20
2113,2113,394.13,UPI,Completed,2025-01-08 03:03:07
2114,2114,76.39,PayPal,Failed,2023-12-01 18:19:00
2115,2115,83.97,UPI,Completed,2023-08-16 21:56:52
2116,2116,500.85,Paytm,Completed,2025-04-23 04:50:05
2117,2117,341.8,PayPal,Completed,2025-07-15 04:19:42
2118,2118,291.93,Credit Card,Completed,2023-10-12 11:36:19
2119,2119,331.38,Paytm,Completed,2023-08-13 19:21:46
2120,2120,537.76,UPI,Completed,2024-12-06 21:33:32
2121,2121,338.26,Credit Card,Completed,2025-02-15 13:14:32
2122,2122,597.99,Paytm,Completed,2025-07-23 09:46:32
2123,2123,752.96,UPI,Completed,2025-06-08 18:23:42
2124,2124,67.86,Credit Card,Completed,2023-12-30 00:36:48
2125,2125,605.71,Paytm,Completed,2025-06-07 22:53:09
2126,2126,407.39,UPI,Completed,2023-12-18 05:51:22
2127,2127,765.04,PayPal,Completed,2024-09-09 00:07:53
2128,2128,158.93,Credit Card,Pending,2025-07-05 03:05:21
2129,2129,764.23,Paytm,Completed,2024-01-23 16:45:59
2130,2130,228.13,Cash,Completed,2023-10-11 04:55:49
2131,2131,111.47,Credit Card,Completed,2023-10-08 14:24:40
2132,2132,176.86,UPI,Completed,2023-09-26 03:04:02
2133,2133,146.16,Cash,Completed,2023-08-09 21:38:20
2134,2134,233.31,Cash,Completed,2025-06-12 22:30:57
2135,2135,486.11,Paytm,Completed,2023-12-29 10:30:43
2136,2136,257.92,PayPal,Completed,2024-11-22 07:10:02
2137,2137,56.97,Paytm,Completed,2025-05-30 10:03:26
2138,2138,99.77,Credit Card,Pending,2024-07-29 11:17:13
2139,2139,460.56,UPI,Completed,2024-03-19 23:50:50
2140,2140,168.33,Cash,Completed,2024-08-08 03:55:21
2141,2141,218.49,Paytm,Completed,2023-12-02 18:31:17
2142,2142,229.87,PayPal,Completed,2025-05-01 09:08:56
2143,2143,719.72,UPI,Completed,2025-04-19 21:21:17
2144,2144,59.79,Paytm,Completed,2025-02-08 09:29:47
2145,2145,500.56,PayPal,Completed,2025-04-14 18:52:50
2146,2146,100.96,PayPal,Completed,2025-03-13 17:54:25
2147,2147,158.55,Cash,Completed,2024-11-11 23:09:33
2148,2148,686.79,UPI,Completed,2025-07-11 02:58:40
2149,2149,363.26,PayPal,Completed,2024-05-20 19:38:47
2150,2150,453.06,UPI,Completed,2024-07-08 16:17:33
2151,2151,151.09,PayPal,Completed,2025-01-31 07:12:18
2152,2152,741.3,Credit Card,Completed,2025-03-13 15:31:21
2153,2153,287.88,Credit Card,Pending,2024-03-16 21:43:57
2154,2154,649.19,Credit Card,Completed,2025-07-31 07:34:16
2155,2155,755.46,Paytm,Completed,2024-06-29 12:25:28
2156,2156,253.59,PayPal,Completed,2024-12-26 08:54:05
2157,2157,233.47,Credit Card,Completed,2024-10-24 07:59:01
2158,2158,421.93,UPI,Failed,2024-12-11 06:22:07
2159,2159,693.25,PayPal,Completed,2024-03-22 18:11:54
2160,2160,449.53,PayPal,Completed,2024-08-19 18:37:54
2161,2161,532.21,PayPal,Completed,2025-01-30 19:08:00
2162,2162,277.21,PayPal,Completed,2025-06-27 04:40:55
2163,2163,153.15,UPI,Completed,2023-10-01 15:37:55
2164,2164,547.19,Cash,Completed,2024-02-13 05:36:51
2165,2165,552.68,PayPal,Completed,2025-01-28 19:21:47
2166,2166,421.35,Credit Card,Completed,2023-09-07 21:59:39
2167,2167,337.35,Credit Card,Completed,2025-04-22 06:11:50
2168,2168,114.79,PayPal,Failed,2024-07-25 00:49:12
2169,2169,709.63,PayPal,Completed,2025-04-16 02:38:17
2170,2170,118.37,UPI,Completed,2025-04-03 21:19:31
2171,2171,634.84,UPI,Completed,2023-11-25 02:00:44
2172,2172,243.26,Paytm,Completed,2025-07-18 08:35:04
2173,2173,121.02,UPI,Completed,2023-08-20 08:54:01
2174,2174,344.88,PayPal,Completed,2024-06-27 13:07:33
2175,2175,561.7,Credit Card,Completed,2023-10-27 03:06:38
2176,2176,302.39,Cash,Completed,2023-08-10 20:06:44
2177,2177,636.08,Paytm,Completed,2023-12-24 10:46:54
2178,2178,655.65,PayPal,Completed,2024-08-31 14:13:55
2179,2179,647.22,Cash,Completed,2025-04-13 19:31:13
2180,2180,485.75,Cash,Completed,2024-02-09 06:16:22
2181,2181,416.53,UPI,Completed,2024-03-06 17:06:55
2182,2182,521.21,UPI,Completed,2024-10-23 04:49:39
2183,2183,546.9,UPI,Completed,2024-07-03 20:31:28
2184,2184,424.01,PayPal,Completed,2024-12-13 14:58:13
2185,2185,256.71,PayPal,Completed,2023-08-06 18:12:11
2186,2186,342.35,PayPal,Pending,2025-04-12 13:59:13
2187,2187,694.37,Cash,Completed,2024-06-14 12:03:01
2188,2188,283.92,Cash,Pending,2024-12-03 14:28:06
2189,2189,481.54,Credit Card,Completed,2025-06-19 09:52:28
2190,2190,719.79,Credit Card,Pending,2024-12-27 09:23:41
2191,2191,666.86,Cash,Completed,2023-10-28 06:08:47
2192,2192,354.27,PayPal,Completed,2024-06-02 04:26:37
2193,2193,259.26,PayPal,Failed,2025-03-09 11:42:06
2194,2194,473.67,PayPal,Completed,2024-03-07 11:17:29
2195,2195,650.86,Paytm,Completed,2025-01-29 18:05:23
2196,2196,771.63,Credit Card,Completed,2024-10-08 16:29:21
2197,2197,224.42,Cash,Completed,2024-01-18 11:07:50
2198,2198,113.87,Paytm,Completed,2023-11-03 00:25:04
2199,2199,354.45,PayPal,Completed,2023-12-28 04:32:19
2200,2200,454.24,Cash,Completed,2024-01-08 20:50:55
2201,2201,211.94,Cash,Completed,2023-08-29 23:59:53
2202,2202,558.34,Paytm,Completed,2024-06-09 02:57:16
2203,2203,252.5,UPI,Completed,2024-09-03 04:04:41
2204,2204,56.04,PayPal,Completed,2023-10-02 06:38:46
2205,2205,508.18,UPI,Completed,2023-12-18 00:32:18
2206,2206,412.21,Credit Card,Completed,2024-04-09 11:14:04
2207,2207,555.52,Paytm,Completed,2025-02-24 09:14:45
2208,2208,157.27,Credit Card,Failed,2024-09-02 15:12:51
2209,2209,789.91,Cash,Pending,2025-06-28 18:25:05
2210,2210,463.19,UPI,Completed,2024-08-07 19:19:47
2211,2211,427.61,Cash,Completed,2024-09-18 03:38:34
2212,2212,389.0,Paytm,Completed,2025-05-27 07:52:53
2213,2213,438.85,UPI,Completed,2023-11-01 05:42:23
2214,2214,749.07,UPI,Completed,2024-12-17 16:38:43
2215,2215,484.27,Credit Card,Completed,2024-12-07 05:35:24
2216,2216,116.96,Cash,Failed,2025-07-02 05:30:02
2217,2217,115.84,Credit Card,Completed,2023-10-10 07:17:09
2218,2218,186.45,Cash,Completed,2025-01-09 22:55:14
2219,2219,660.93,Paytm,Completed,2023-09-22 00:03:16
2220,2220,91.66,PayPal,Completed,2025-04-15 10:28:11
2221,2221,752.1,UPI,Completed,2023-11-15 03:37:20
2222,2222,600.74,Cash,Completed,2024-04-28 08:40:48
2223,2223,159.34,Paytm,Completed,2023-12-21 01:12:10
2224,2224,186.75,UPI,Completed,2024-08-19 08:04:03
2225,2225,295.4,UPI,Completed,2023-09-06 12:34:11
2226,2226,387.68,PayPal,Completed,2025-06-25 06:25:24
2227,2227,610.27,Cash,Completed,2024-07-02 01:06:03
2228,2228,273.22,UPI,Completed,2025-05-08 02:52:03
2229,2229,124.65,PayPal,Completed,2025-07-26 12:46:55
2230,2230,193.3,Credit Card,Completed,2024-12-13 14:05:13
2231,2231,336.96,PayPal,Pending,2023-10-21 03:36:17
2232,2232,143.74,Cash,Completed,2023-11-22 03:10:27
2233,2233,127.44,Cash,Completed,2023-11-22 19:02:09
2234,2234,706.46,PayPal,Completed,2024-06-03 22:24:35
2235,2235,659.85,Paytm,Pending,2025-05-14 06:57:41
2236,2236,784.69,Paytm,Completed,2023-09-02 14:14:05
2237,2237,709.51,PayPal,Completed,2025-01-14 01:36:23
2238,2238,722.37,Cash,Completed,2024-06-25 18:17:15
2239,2239,642.03,PayPal,Completed,2025-01-24 11:55:31
2240,2240,168.36,Paytm,Completed,2023-10-18 09:15:56
2241,2241,115.76,Credit Card,Completed,2024-03-15 23:41:00
2242,2242,712.95,Paytm,Completed,2025-02-24 06:03:12
2243,2243,439.02,Paytm,Completed,2023-12-18 03:59:47
2244,2244,414.33,Cash,Completed,2024-02-16 00:55:59
2245,2245,308.64,UPI,Completed,2024-04-04 08:28:37
2246,2246,276.27,UPI,Completed,2024-10-06 03:38:23
2247,2247,60.43,PayPal,Pending,2024-07-07 00:03:49
2248,2248,738.8,Cash,Completed,2024-03-04 03:34:59
2249,2249,89.33,Cash,Completed,2023-10-08 07:09:21
2250,2250,279.28,Paytm,Completed,2024-03-22 19:24:26
2251,2251,63.36,Cash,Completed,2024-04-22 23:34:28
2252,2252,380.53,Credit Card,Completed,2025-03-05 01:10:58
2253,2253,163.13,PayPal,Completed,2025-05-23 16:02:14
2254,2254,783.71,Cash,Failed,2024-09-05 18:01:27
2255,2255,362.23,UPI,Completed,2023-12-25 21:31:52
2256,2256,295.36,PayPal,Completed,2024-01-28 12:07:14
2257,2257,285.99,Cash,Completed,2023-09-23 05:22:39
2258,2258,619.8,PayPal,Completed,2024-01-08 07:39:06
2259,2259,716.49,Credit Card,Pending,2025-06-15 07:47:06
2260,2260,335.86,UPI,Completed,2025-01-27 16:05:05
2261,2261,302.56,PayPal,Completed,2024-09-25 20:24:40
2262,2262,464.37,PayPal,Completed,2025-04-04 01:28:59
2263,2263,367.55,UPI,Completed,2024-03-26 15:48:08
2264,2264,80.11,Cash,Completed,2023-12-11 17:02:56
2265,2265,721.55,Paytm,Completed,2024-10-13 15:17:26
2266,2266,559.46,UPI,Completed,2024-08-01 16:51:18
2267,2267,552.37,UPI,Completed,2025-05-09 02:19:35
2268,2268,73.4,Paytm,Completed,2025-06-22 10:37:18
2269,2269,387.46,Credit Card,Completed,2024-01-06 21:52:03
2270,2270,539.48,UPI,Completed,2024-01-30 21:52:40
2271,2271,504.29,PayPal,Completed,2024-01-08 06:33:46
2272,2272,178.34,Cash,Completed,2023-08-22 07:41:55
2273,2273,436.52,Credit Card,Completed,2024-07-12 16:18:31
2274,2274,786.47,PayPal,Completed,2024-07-16 16:09:10
2275,2275,58.97,Cash,Completed,2024-01-10 12:24:02
2276,2276,364.41,Cash,Completed,2024-08-01 20:19:31
2277,2277,558.64,UPI,Completed,2025-05-29 13:31:22
2278,2278,198.34,UPI,Completed,2024-05-18 09:44:50
2279,2279,95.12,PayPal,Completed,2024-01-18 03:48:25
2280,2280,615.97,Cash,Completed,2024-04-02 08:11:20
2281,2281,59.62,UPI,Completed,2024-08-27 12:46:50
2282,2282,743.58,Credit Card,Completed,2024-03-03 09:49:03
2283,2283,147.54,PayPal,Completed,2024-08-01 07:19:14
2284,2284,634.2,Cash,Completed,2024-03-08 06:03:47
2285,2285,363.49,Cash,Pending,2025-04-17 13:11:18
2286,2286,98.04,UPI,Completed,2024-05-26 06:44:18
2287,2287,130.5,Paytm,Completed,2024-03-23 11:02:46
2288,2288,266.99,UPI,Failed,2023-08-14 12:56:57
2289,2289,303.6,PayPal,Completed,2023-11-30 10:30:42
2290,2290,678.84,Paytm,Completed,2024-01-02 12:28:48
2291,2291,217.11,Cash,Completed,2023-08-17 04:49:07
2292,2292,55.25,UPI,Completed,2024-05-06 15:33:59
2293,2293,601.79,UPI,Completed,2025-05-08 02:02:34
2294,2294,505.41,UPI,Completed,2024-05-07 03:18:02
2295,2295,159.7,Paytm,Completed,2024-12-20 09:22:11
2296,2296,677.01,UPI,Completed,2024-03-31 05:18:12
2297,2297,582.74,UPI,Completed,2025-01-25 19:02:59
2298,2298,58.92,Credit Card,Completed,2023-10-07 11:47:31
2299,2299,56.08,Paytm,Completed,2023-11-13 02:09:50
2300,2300,250.21,Paytm,Completed,2023-11-02 12:31:01
2301,2301,455.29,PayPal,Completed,2023-12-05 09:03:17
2302,2302,510.17,PayPal,Completed,2024-04-01 05:44:36
2303,2303,642.31,PayPal,Completed,2023-11-26 10:39:41
2304,2304,729.05,Cash,Completed,2024-09-12 17:10:51
2305,2305,374.55,Paytm,Completed,2025-07-05 03:51:29
2306,2306,303.51,Credit Card,Completed,2024-01-17 05:41:52
2307,2307,561.59,PayPal,Pending,2024-04-20 09:03:00
2308,2308,286.52,Paytm,Completed,2025-03-16 14:55:33
2309,2309,280.49,Cash,Pending,2024-12-13 12:15:20
2310,2310,594.33,UPI,Completed,2024-11-11 08:53:36
2311,2311,158.7,UPI,Completed,2024-12-05 15:47:00
2312,2312,751.26,PayPal,Completed,2024-02-19 04:53:17
2313,2313,574.73,Paytm,Completed,2024-06-06 08:20:05
2314,2314,111.76,Cash,Completed,2025-07-23 16:38:34
2315,2315,358.89,Credit Card,Completed,2023-09-26 21:19:55
2316,2316,589.57,Paytm,Completed,2023-09-20 19:19:57
2317,2317,404.25,PayPal,Completed,2024-12-28 21:07:43
2318,2318,729.24,UPI,Completed,2024-06-20 19:40:24
2319,2319,213.24,Credit Card,Completed,2023-08-15 14:17:05
2320,2320,675.72,Credit Card,Completed,2025-07-05 05:43:28
2321,2321,569.01,PayPal,Completed,2025-04-18 09:36:11
2322,2322,521.87,Credit Card,Completed,2024-12-03 08:18:41
2323,2323,259.77,Paytm,Completed,2023-11-05 20:01:27
2324,2324,111.36,Cash,Completed,2025-06-30 02:17:44
2325,2325,213.34,Cash,Completed,2024-03-10 19:59:22
2326,2326,311.49,UPI,Completed,2023-09-13 01:30:00
2327,2327,262.01,Credit Card,Completed,2024-02-09 11:44:19
2328,2328,384.56,Cash,Completed,2024-02-01 04:02:32
2329,2329,346.75,PayPal,Completed,2024-05-30 20:06:35
2330,2330,220.02,Cash,Completed,2024-08-24 14:51:17
2331,2331,77.02,Credit Card,Completed,2024-07-02 06:59:23
2332,2332,411.05,UPI,Completed,2024-11-07 15:33:31
2333,2333,197.22,Cash,Completed,2025-02-08 00:03:41
2334,2334,660.95,UPI,Completed,2023-10-31 12:33:20
2335,2335,466.53,PayPal,Completed,2023-11-19 12:13:46
2336,2336,481.15,Cash,Completed,2024-01-24 23:17:07
2337,2337,544.8,PayPal,Pending,2024-05-04 00:06:09
2338,2338,661.49,Credit Card,Completed,2025-01-11 10:56:12
2339,2339,762.21,Paytm,Completed,2025-04-22 08:54:34
2340,2340,410.09,Credit Card,Completed,2024-07-17 22:59:06
2341,2341,505.31,Cash,Completed,2024-10-23 22:27:31
2342,2342,103.24,PayPal,Completed,2023-10-26 08:33:26
2343,2343,261.94,Credit Card,Completed,2025-04-19 18:13:43
2344,2344,268.24,Cash,Completed,2023-08-27 19:58:01
2345,2345,360.64,Credit Card,Completed,2023-08-13 10:09:09
2346,2346,249.15,Credit Card,Completed,2024-12-11 01:08:55
2347,2347,589.07,Paytm,Pending,2023-12-29 09:55:41
2348,2348,623.17,Paytm,Completed,2024-01-04 23:25:26
2349,2349,57.74,Credit Card,Completed,2023-10-20 05:41:09
2350,2350,241.43,UPI,Completed,2024-06-09 06:25:33
2351,2351,795.73,PayPal,Completed,2025-07-04 00:56:39
2352,2352,259.13,Cash,Completed,2024-07-22 03:28:53
2353,2353,680.02,UPI,Completed,2025-02-07 20:17:32
2354,2354,58.38,Paytm,Completed,2025-03-29 23:55:24
2355,2355,562.6,Cash,Completed,2024-05-19 21:46:30
2356,2356,559.35,UPI,Completed,2025-07-01 03:10:38
2357,2357,678.73,Paytm,Completed,2025-02-06 19:01:03
2358,2358,460.08,Credit Card,Completed,2025-03-18 06:19:11
2359,2359,148.3,Paytm,Completed,2025-03-04 18:24:52
2360,2360,796.72,UPI,Completed,2024-11-21 07:32:30
2361,2361,611.97,UPI,Completed,2023-08-12 11:48:33
2362,2362,658.86,Cash,Completed,2024-06-07 09:19:59
2363,2363,102.59,Cash,Completed,2023-12-21 18:39:11
2364,2364,539.49,UPI,Completed,2023-08-31 20:45:46
2365,2365,276.21,Cash,Completed,2024-08-21 02:52:10
2366,2366,433.62,UPI,Completed,2025-06-19 06:09:31
2367,2367,620.35,Cash,Completed,2023-08-11 18:28:15
2368,2368,243.6,Credit Card,Completed,2024-10-22 02:46:45
2369,2369,432.23,Credit Card,Completed,2025-02-27 01:42:12
2370,2370,583.81,UPI,Completed,2024-09-16 06:54:18
2371,2371,619.0,Credit Card,Completed,2024-06-03 17:29:36
2372,2372,165.64,Cash,Completed,2024-07-19 19:51:54
2373,2373,497.42,UPI,Completed,2025-04-20 13:39:35
2374,2374,646.22,UPI,Completed,2025-01-15 22:09:00
2375,2375,441.63,Credit Card,Completed,2024-10-25 04:44:57
2376,2376,250.68,UPI,Completed,2024-04-19 16:29:30
2377,2377,644.32,Credit Card,Completed,2023-10-11 06:43:51
2378,2378,760.32,UPI,Completed,2024-03-23 01:54:56
2379,2379,376.53,Paytm,Pending,2024-01-09 01:18:40
2380,2380,723.91,PayPal,Completed,2025-02-08 21:59:50
2381,2381,644.36,Cash,Completed,2023-09-23 07:10:11
2382,2382,480.84,PayPal,Completed,2024-06-13 01:59:16
2383,2383,392.69,PayPal,Completed,2024-05-21 16:08:45
2384,2384,767.4,Credit Card,Completed,2025-01-28 17:00:25
2385,2385,564.73,Cash,Completed,2024-08-30 10:15:26
2386,2386,548.23,Credit Card,Pending,2024-05-12 04:06:14
2387,2387,452.12,Paytm,Completed,2024-04-07 15:09:22
2388,2388,453.24,UPI,Completed,2025-02-27 16:24:35
2389,2389,177.95,UPI,Completed,2025-07-20 16:00:05
2390,2390,473.07,Cash,Completed,2025-03-20 15:08:25
2391,2391,291.84,PayPal,Completed,2025-06-01 12:44:58
2392,2392,533.73,PayPal,Completed,2025-06-23 01:04:24
2393,2393,530.94,PayPal,Completed,2025-04-04 04:49:24
2394,2394,419.77,PayPal,Completed,2025-04-28 20:11:31
2395,2395,598.67,UPI,Completed,2024-08-22 19:28:11
2396,2396,642.96,PayPal,Completed,2025-05-04 23:09:21
2397,2397,506.22,Paytm,Completed,2025-01-17 19:18:17
2398,2398,440.66,UPI,Completed,2024-07-14 16:02:15
2399,2399,232.87,PayPal,Completed,2024-05-04 02:17:16
2400,2400,260.78,PayPal,Completed,2024-03-29 05:40:04
2401,2401,753.25,Credit Card,Completed,2025-07-12 18:52:25
2402,2402,161.33,Paytm,Completed,2025-04-13 23:12:12
2403,2403,642.15,PayPal,Completed,2024-03-06 09:39:26
2404,2404,158.61,Cash,Completed,2024-10-15 06:14:29
2405,2405,55.59,Cash,Completed,2023-11-08 03:41:18
2406,2406,616.89,Cash,Completed,2024-12-08 09:44:04
2407,2407,62.41,UPI,Completed,2025-03-04 03:24:09
2408,2408,722.56,Paytm,Completed,2024-05-24 06:15:54
2409,2409,663.2,Paytm,Completed,2023-09-07 07:24:11
2410,2410,291.64,Credit Card,Completed,2025-01-07 03:08:31
2411,2411,426.34,UPI,Completed,2024-07-10 14:19:59
2412,2412,378.73,Cash,Completed,2023-10-12 04:53:53
2413,2413,164.67,Cash,Completed,2024-08-21 01:34:22
2414,2414,788.06,Paytm,Completed,2023-12-12 00:50:06
2415,2415,387.94,Credit Card,Completed,2025-03-07 12:51:11
2416,2416,230.86,PayPal,Completed,2023-10-06 15:13:02
2417,2417,65.79,Cash,Completed,2024-05-07 02:37:05
2418,2418,58.3,Credit Card,Completed,2024-06-17 10:48:20
2419,2419,728.94,Paytm,Completed,2024-06-18 05:58:39
2420,2420,194.15,UPI,Completed,2024-01-02 17:54:02
2421,2421,132.57,PayPal,Completed,2024-11-04 16:13:28
2422,2422,714.56,Credit Card,Pending,2025-07-30 03:20:01
2423,2423,103.32,Paytm,Completed,2024-07-02 22:39:12
2424,2424,319.17,Credit Card,Completed,2023-12-22 18:55:53
2425,2425,75.81,Paytm,Completed,2024-07-24 10:28:05
2426,2426,55.74,Credit Card,Completed,2024-11-09 15:22:08
2427,2427,190.55,Cash,Completed,2025-07-14 01:07:36
2428,2428,656.5,UPI,Completed,2024-05-11 20:46:56
2429,2429,397.29,Credit Card,Completed,2024-03-03 09:27:09
2430,2430,142.16,Cash,Completed,2024-12-27 01:58:06
2431,2431,678.61,UPI,Completed,2024-12-02 11:35:28
2432,2432,269.75,Paytm,Completed,2024-01-07 08:41:08
2433,2433,511.95,PayPal,Completed,2023-09-19 20:27:42
2434,2434,247.71,UPI,Completed,2024-03-20 04:22:33
2435,2435,248.52,Paytm,Completed,2023-09-16 09:46:29
2436,2436,259.87,UPI,Completed,2025-01-07 00:13:54
2437,2437,164.82,Paytm,Completed,2024-07-03 22:40:50
2438,2438,727.02,Cash,Completed,2025-03-02 14:25:32
2439,2439,380.06,Credit Card,Completed,2025-04-25 13:32:21
2440,2440,569.74,Paytm,Completed,2024-03-14 18:10:46
2441,2441,411.93,Cash,Completed,2024-10-13 00:18:19
2442,2442,670.02,Paytm,Completed,2025-04-09 02:24:17
2443,2443,398.45,UPI,Completed,2024-07-18 01:54:33
2444,2444,171.71,PayPal,Completed,2023-10-04 02:46:40
2445,2445,99.33,Paytm,Completed,2023-08-14 04:29:01
2446,2446,170.56,PayPal,Completed,2023-11-24 15:38:08
2447,2447,433.91,PayPal,Completed,2024-08-06 06:41:25
2448,2448,541.88,Credit Card,Completed,2025-03-02 09:23:09
2449,2449,84.87,PayPal,Completed,2023-08-05 14:20:49
2450,2450,147.27,Cash,Completed,2024-03-01 14:33:16
2451,2451,542.42,PayPal,Completed,2024-11-23 10:32:50
2452,2452,249.86,UPI,Completed,2024-01-13 10:47:17
2453,2453,549.31,Paytm,Completed,2025-01-03 18:01:16
2454,2454,216.61,Paytm,Completed,2025-03-08 17:31:02
2455,2455,420.1,Cash,Completed,2024-10-22 13:43:19
2456,2456,287.01,PayPal,Completed,2024-05-28 08:11:21
2457,2457,334.89,UPI,Completed,2025-05-09 13:25:15
2458,2458,773.09,PayPal,Completed,2025-04-21 09:12:40
2459,2459,325.45,Credit Card,Completed,2025-01-09 14:41:06
2460,2460,662.6,UPI,Completed,2025-07-10 06:29:52
2461,2461,151.79,Paytm,Completed,2024-03-04 13:28:18
2462,2462,430.06,PayPal,Completed,2023-10-23 16:40:37
2463,2463,359.66,Cash,Completed,2023-10-22 14:00:15
2464,2464,330.63,PayPal,Completed,2024-08-05 14:25:29
2465,2465,698.98,Cash,Completed,2024-08-09 10:59:31
2466,2466,57.35,Credit Card,Completed,2024-12-23 07:28:03
2467,2467,498.11,PayPal,Completed,2024-02-22 03:44:13
2468,2468,266.31,PayPal,Completed,2024-03-18 00:15:48
2469,2469,126.44,Credit Card,Pending,2024-11-23 20:29:07
2470,2470,55.08,Credit Card,Completed,2024-03-10 11:09:12
2471,2471,485.87,PayPal,Completed,2023-09-02 04:26:10
2472,2472,430.84,UPI,Completed,2023-11-08 20:06:40
2473,2473,510.9,Credit Card,Completed,2025-04-30 16:58:29
2474,2474,793.26,UPI,Completed,2024-02-08 06:36:08
2475,2475,765.89,Credit Card,Completed,2024-05-27 01:46:55
2476,2476,714.46,Paytm,Completed,2023-10-10 16:08:05
2477,2477,443.93,Cash,Pending,2024-06-19 06:22:53
2478,2478,537.96,Cash,Completed,2025-05-18 07:24:34
2479,2479,471.53,UPI,Completed,2023-09-06 08:24:24
2480,2480,125.95,PayPal,Completed,2024-07-28 04:47:04
2481,2481,564.09,Cash,Completed,2024-04-08 01:29:00
2482,2482,719.36,Credit Card,Completed,2024-10-16 13:41:17
2483,2483,91.68,UPI,Pending,2024-11-28 04:37:42
2484,2484,190.04,Credit Card,Completed,2023-11-04 10:41:15
2485,2485,779.11,PayPal,Completed,2023-10-22 10:19:10
2486,2486,485.94,PayPal,Completed,2025-04-16 12:00:52
2487,2487,243.71,PayPal,Failed,2023-08-27 16:47:35
2488,2488,717.1,Paytm,Completed,2025-05-06 08:50:08
2489,2489,382.45,UPI,Completed,2023-09-18 14:04:27
2490,2490,149.81,Paytm,Completed,2025-02-11 10:04:07
2491,2491,568.41,Paytm,Completed,2025-02-02 20:01:09
2492,2492,344.34,UPI,Pending,2023-08-23 17:45:01
2493,2493,127.79,PayPal,Completed,2023-09-25 15:20:31
2494,2494,751.22,Cash,Completed,2025-04-14 19:09:50
2495,2495,629.49,Paytm,Completed,2023-11-25 10:58:38
2496,2496,184.69,Paytm,Completed,2025-03-05 10:11:18
2497,2497,444.91,Cash,Completed,2025-07-09 00:22:51
2498,2498,696.76,Cash,Completed,2025-08-04 20:30:35
2499,2499,350.95,Credit Card,Completed,2025-06-01 18:53:16
2500,2500,134.85,Paytm,Completed,2024-09-27 00:36:17
2501,2501,232.71,PayPal,Completed,2024-01-19 03:16:16
2502,2502,509.58,UPI,Completed,2024-12-21 20:02:49
2503,2503,237.67,PayPal,Completed,2024-07-12 04:51:47
2504,2504,701.02,UPI,Completed,2023-09-04 19:27:13
2505,2505,248.27,UPI,Completed,2023-11-30 05:06:34
2506,2506,189.61,PayPal,Completed,2024-05-02 20:50:15
2507,2507,664.4,Paytm,Completed,2025-02-20 13:03:52
2508,2508,630.83,PayPal,Completed,2024-06-17 11:44:08
2509,2509,549.55,Paytm,Completed,2023-12-19 12:38:48
2510,2510,762.28,Cash,Completed,2023-08-30 11:57:09
2511,2511,602.53,Credit Card,Pending,2023-11-24 09:45:31
2512,2512,787.53,Paytm,Completed,2025-07-22 08:03:22
2513,2513,512.92,PayPal,Completed,2025-01-29 11:16:00
2514,2514,547.6,UPI,Pending,2024-09-24 21:35:48
2515,2515,455.28,Cash,Completed,2025-04-28 23:54:26
2516,2516,594.88,PayPal,Pending,2024-02-01 15:21:45
2517,2517,571.47,Paytm,Pending,2025-04-27 05:18:26
2518,2518,398.62,UPI,Completed,2024-05-14 05:46:49
2519,2519,358.83,PayPal,Completed,2024-06-14 15:50:09
2520,2520,446.22,Cash,Pending,2023-11-13 12:39:43
2521,2521,535.06,Cash,Completed,2024-12-09 15:03:30
2522,2522,748.92,PayPal,Completed,2023-09-16 19:17:21
2523,2523,666.35,Credit Card,Completed,2024-03-24 05:22:32
2524,2524,535.59,Credit Card,Completed,2024-01-22 13:37:21
2525,2525,224.25,Credit Card,Completed,2025-02-06 22:18:14
2526,2526,231.65,UPI,Completed,2024-08-31 20:21:01
2527,2527,721.64,Cash,Failed,2024-10-30 14:17:28
2528,2528,458.13,UPI,Completed,2024-12-14 23:36:35
2529,2529,713.74,Cash,Completed,2024-04-30 12:41:39
2530,2530,765.97,Credit Card,Completed,2023-09-15 16:23:29
2531,2531,736.3,Credit Card,Completed,2023-09-18 19:02:09
2532,2532,376.56,PayPal,Pending,2024-04-21 00:33:54
2533,2533,186.81,PayPal,Completed,2024-03-06 02:30:03
2534,2534,253.87,Cash,Completed,2023-09-27 20:43:48
2535,2535,462.04,Paytm,Completed,2024-01-22 12:29:51
2536,2536,687.98,Paytm,Completed,2023-09-27 06:45:56
2537,2537,444.31,PayPal,Completed,2024-06-02 14:25:52
2538,2538,295.96,Cash,Completed,2024-04-08 06:12:02
2539,2539,583.89,Cash,Completed,2024-09-17 08:10:37
2540,2540,447.84,Cash,Completed,2025-02-10 22:13:15
2541,2541,276.1,Credit Card,Completed,2024-07-31 01:49:45
2542,2542,571.31,PayPal,Completed,2025-04-04 06:56:32
2543,2543,514.79,UPI,Completed,2023-11-05 19:44:28
2544,2544,75.0,PayPal,Completed,2023-12-01 03:37:35
2545,2545,796.34,UPI,Completed,2023-09-10 19:50:26
2546,2546,417.68,Cash,Completed,2024-05-06 09:17:37
2547,2547,176.06,UPI,Pending,2023-09-16 05:25:32
2548,2548,444.98,UPI,Completed,2023-10-29 19:26:33
2549,2549,590.14,Cash,Completed,2023-11-14 19:00:13
2550,2550,117.58,Paytm,Completed,2023-11-27 16:11:16
2551,2551,735.31,PayPal,Completed,2025-01-01 15:10:35
2552,2552,540.57,Credit Card,Completed,2024-01-11 04:11:51
2553,2553,157.75,Cash,Completed,2025-06-18 19:44:12
2554,2554,410.05,UPI,Completed,2023-11-19 00:26:31
2555,2555,610.74,Credit Card,Pending,2024-08-14 17:30:55
2556,2556,492.74,Cash,Completed,2023-10-07 02:48:46
2557,2557,769.49,PayPal,Pending,2025-02-21 03:15:49
2558,2558,122.57,Credit Card,Failed,2024-01-28 22:30:56
2559,2559,323.71,Paytm,Completed,2023-12-01 07:51:20
2560,2560,312.55,PayPal,Completed,2023-08-23 04:57:13
2561,2561,297.51,UPI,Completed,2024-11-13 01:53:52
2562,2562,526.94,Credit Card,Completed,2023-09-22 01:29:56
2563,2563,418.86,Cash,Completed,2025-03-20 21:13:34
2564,2564,752.57,Cash,Completed,2025-08-02 21:40:56
2565,2565,792.92,UPI,Completed,2024-04-02 01:25:07
2566,2566,576.28,PayPal,Completed,2025-05-01 21:35:46
2567,2567,215.37,UPI,Pending,2024-05-29 15:16:34
2568,2568,258.77,PayPal,Completed,2024-05-30 17:59:17
2569,2569,646.59,PayPal,Completed,2025-01-20 16:47:28
2570,2570,520.72,PayPal,Completed,2025-06-24 21:00:01
2571,2571,321.55,Cash,Completed,2023-11-05 21:31:57
2572,2572,540.58,Paytm,Completed,2023-11-21 10:25:07
2573,2573,587.44,Credit Card,Completed,2024-11-27 21:26:24
2574,2574,763.56,Credit Card,Completed,2024-06-11 22:25:19
2575,2575,539.14,PayPal,Completed,2025-05-09 20:21:25
2576,2576,537.58,UPI,Completed,2024-02-10 04:33:41
2577,2577,75.45,UPI,Completed,2023-10-02 13:16:55
2578,2578,606.47,Credit Card,Completed,2025-05-26 20:03:19
2579,2579,666.64,Credit Card,Completed,2023-09-30 04:37:49
2580,2580,167.92,Credit Card,Completed,2025-07-27 14:04:45
2581,2581,176.29,Paytm,Completed,2024-05-15 12:00:10
2582,2582,271.88,PayPal,Completed,2024-06-06 14:35:14
2583,2583,416.1,Credit Card,Completed,2024-10-25 13:19:10
2584,2584,246.32,Credit Card,Completed,2025-07-28 02:45:51
2585,2585,607.31,Paytm,Completed,2024-08-08 09:57:04
2586,2586,340.73,Credit Card,Completed,2023-10-23 01:04:20
2587,2587,534.7,Credit Card,Completed,2025-02-12 13:30:33
2588,2588,592.52,PayPal,Completed,2025-07-25 19:10:17
2589,2589,270.94,Paytm,Pending,2024-08-05 14:07:37
2590,2590,432.4,Credit Card,Completed,2025-01-27 20:25:34
2591,2591,408.91,UPI,Completed,2023-09-29 13:48:44
2592,2592,425.38,PayPal,Completed,2024-06-23 06:58:13
2593,2593,510.01,Paytm,Completed,2023-11-14 09:46:31
2594,2594,651.07,Paytm,Completed,2024-06-25 00:55:59
2595,2595,423.46,UPI,Pending,2024-08-27 05:42:48
2596,2596,229.96,Paytm,Completed,2025-07-02 18:47:45
2597,2597,533.73,Credit Card,Completed,2024-10-11 18:06:07
2598,2598,629.87,Paytm,Completed,2023-11-14 18:37:03
2599,2599,547.95,Cash,Completed,2025-07-09 16:18:04
2600,2600,323.71,UPI,Completed,2025-06-30 09:01:32
2601,2601,611.66,PayPal,Completed,2025-05-02 19:44:19
2602,2602,365.81,Paytm,Completed,2023-10-05 12:34:06
2603,2603,317.93,Credit Card,Completed,2024-03-03 02:15:20
2604,2604,106.99,Paytm,Completed,2024-05-06 23:24:32
2605,2605,98.22,PayPal,Completed,2024-12-22 10:21:39
2606,2606,548.04,UPI,Completed,2024-05-30 15:29:01
2607,2607,536.6,PayPal,Completed,2024-08-01 22:20:43
2608,2608,418.09,Paytm,Pending,2025-02-26 15:48:24
2609,2609,267.77,Credit Card,Completed,2024-03-11 01:42:37
2610,2610,149.75,Paytm,Completed,2025-02-12 08:06:58
2611,2611,276.32,UPI,Completed,2024-07-21 05:09:18
2612,2612,484.28,Paytm,Completed,2025-06-11 15:28:28
2613,2613,560.02,Cash,Completed,2024-04-16 09:50:11
2614,2614,202.12,UPI,Completed,2023-09-02 04:34:33
2615,2615,452.28,UPI,Completed,2023-12-14 16:11:06
2616,2616,390.54,Paytm,Completed,2025-07-19 15:15:37
2617,2617,403.84,PayPal,Completed,2024-06-15 15:59:09
2618,2618,525.95,PayPal,Completed,2023-11-08 19:18:16
2619,2619,762.32,UPI,Completed,2024-12-29 20:28:44
2620,2620,349.3,Cash,Completed,2024-05-09 21:16:45
2621,2621,327.92,Paytm,Completed,2024-09-13 08:47:34
2622,2622,609.65,Cash,Completed,2024-06-24 14:35:33
2623,2623,466.92,Credit Card,Completed,2023-10-28 12:19:17
2624,2624,517.71,Credit Card,Completed,2024-10-07 21:13:31
2625,2625,111.22,Credit Card,Completed,2024-12-04 03:42:59
2626,2626,566.63,Cash,Completed,2024-05-24 18:57:00
2627,2627,467.41,Cash,Completed,2023-09-30 03:13:10
2628,2628,362.61,Credit Card,Completed,2025-02-28 03:34:46
2629,2629,216.58,Paytm,Completed,2025-05-19 04:21:05
2630,2630,257.19,Credit Card,Completed,2024-02-06 18:56:55
2631,2631,770.55,Credit Card,Completed,2024-03-29 19:45:12
2632,2632,628.01,UPI,Failed,2025-06-16 11:39:07
2633,2633,524.43,UPI,Completed,2024-07-19 05:51:31
2634,2634,544.93,Cash,Completed,2023-09-27 18:02:19
2635,2635,147.4,UPI,Completed,2024-08-26 00:51:50
2636,2636,646.4,Credit Card,Completed,2024-06-12 14:55:14
2637,2637,180.55,Cash,Completed,2024-12-05 06:32:25
2638,2638,392.87,Credit Card,Completed,2023-10-17 01:11:44
2639,2639,383.16,UPI,Pending,2024-12-30 02:53:22
2640,2640,320.65,UPI,Completed,2024-01-03 23:11:44
2641,2641,183.65,UPI,Completed,2025-06-01 19:16:59
2642,2642,391.72,Credit Card,Pending,2024-07-22 05:00:26
2643,2643,644.66,UPI,Completed,2025-07-06 09:07:04
2644,2644,312.2,Paytm,Completed,2024-10-25 12:15:54
2645,2645,748.06,UPI,Completed,2024-10-03 20:27:54
2646,2646,72.6,Credit Card,Completed,2025-05-09 11:36:31
2647,2647,500.57,Credit Card,Completed,2024-09-29 14:28:02
2648,2648,414.68,Paytm,Completed,2025-04-03 02:43:16
2649,2649,239.12,PayPal,Failed,2025-02-13 22:07:04
2650,2650,293.28,Cash,Completed,2024-06-22 06:32:07
2651,2651,203.67,Cash,Completed,2025-06-10 23:45:58
2652,2652,461.81,PayPal,Completed,2025-04-13 09:23:19
2653,2653,307.63,Cash,Completed,2024-07-31 13:05:22
2654,2654,153.38,Credit Card,Completed,2025-05-13 23:39:20
2655,2655,705.32,Credit Card,Completed,2024-03-21 14:22:39
2656,2656,761.34,PayPal,Pending,2025-06-24 02:58:37
2657,2657,114.56,Credit Card,Completed,2024-02-16 21:05:05
2658,2658,88.81,Cash,Completed,2025-04-14 08:25:53
2659,2659,680.11,PayPal,Completed,2024-11-02 00:40:48
2660,2660,125.23,Paytm,Completed,2025-03-28 01:56:48
2661,2661,508.39,PayPal,Completed,2024-05-08 23:27:21
2662,2662,507.2,Cash,Pending,2025-07-19 20:43:58
2663,2663,797.84,Credit Card,Completed,2024-11-13 02:28:57
2664,2664,774.64,PayPal,Pending,2024-08-11 09:12:16
2665,2665,100.02,Credit Card,Completed,2024-01-21 14:40:46
2666,2666,101.35,UPI,Completed,2024-07-13 16:19:00
2667,2667,275.9,Paytm,Completed,2024-10-10 06:38:06
2668,2668,331.36,Paytm,Completed,2024-07-01 08:48:36
2669,2669,472.63,PayPal,Completed,2024-12-29 15:37:10
2670,2670,106.22,Paytm,Pending,2023-12-14 01:27:46
2671,2671,412.53,Paytm,Completed,2024-06-15 12:27:42
2672,2672,660.81,Credit Card,Completed,2024-05-05 00:27:09
2673,2673,338.13,Cash,Completed,2025-01-22 21:46:15
2674,2674,77.55,Cash,Completed,2024-11-07 11:15:35
2675,2675,710.48,UPI,Pending,2023-11-07 08:50:51
2676,2676,132.99,Cash,Completed,2025-06-01 13:59:03
2677,2677,320.83,Cash,Completed,2023-11-08 20:40:47
2678,2678,540.25,Credit Card,Completed,2024-08-11 08:31:16
2679,2679,513.57,Credit Card,Completed,2024-11-17 01:31:04
2680,2680,100.8,Paytm,Completed,2024-11-29 23:09:14
2681,2681,548.97,PayPal,Completed,2024-06-03 16:54:45
2682,2682,490.42,UPI,Completed,2024-01-04 01:27:44
2683,2683,120.03,Cash,Completed,2024-10-19 21:43:45
2684,2684,581.15,Paytm,Completed,2023-10-08 10:59:47
2685,2685,678.92,Paytm,Completed,2023-09-28 05:00:07
2686,2686,799.61,PayPal,Completed,2024-08-17 03:41:37
2687,2687,398.04,UPI,Completed,2024-11-11 08:15:03
2688,2688,716.75,Cash,Completed,2023-12-17 11:41:53
2689,2689,257.66,UPI,Completed,2024-12-16 06:12:28
2690,2690,588.86,Credit Card,Completed,2025-07-19 03:47:10
2691,2691,649.66,Cash,Completed,2024-01-21 22:30:11
2692,2692,622.93,UPI,Completed,2025-02-05 07:54:57
2693,2693,744.31,PayPal,Completed,2024-09-28 16:05:58
2694,2694,330.56,PayPal,Completed,2024-08-28 17:06:20
2695,2695,220.71,PayPal,Completed,2024-09-03 11:51:39
2696,2696,129.64,UPI,Completed,2024-02-03 02:23:44
2697,2697,107.02,Cash,Completed,2024-03-05 10:32:18
2698,2698,340.92,Cash,Completed,2023-08-19 10:10:37
2699,2699,461.37,UPI,Completed,2025-01-07 07:54:25
2700,2700,494.5,Credit Card,Pending,2023-12-25 08:41:54
2701,2701,179.75,Credit Card,Pending,2024-12-30 05:20:33
2702,2702,476.81,UPI,Completed,2024-12-04 02:29:29
2703,2703,69.87,UPI,Completed,2024-05-20 15:55:36
2704,2704,526.05,PayPal,Completed,2024-08-31 13:52:54
2705,2705,285.42,PayPal,Completed,2024-05-31 11:44:21
2706,2706,671.07,PayPal,Completed,2023-12-10 20:49:11
2707,2707,747.06,Credit Card,Completed,2024-06-18 04:43:17
2708,2708,365.33,UPI,Completed,2024-01-16 17:04:38
2709,2709,570.49,Credit Card,Completed,2024-09-21 07:04:24
2710,2710,331.05,PayPal,Completed,2023-08-28 01:50:27
2711,2711,382.88,Paytm,Completed,2024-09-09 11:43:42
2712,2712,472.74,PayPal,Completed,2025-04-24 03:58:52
2713,2713,486.55,Paytm,Completed,2024-05-27 01:16:00
2714,2714,287.06,UPI,Completed,2024-11-20 12:26:37
2715,2715,742.16,Cash,Pending,2023-12-11 04:08:15
2716,2716,315.14,Cash,Completed,2024-07-25 04:12:05
2717,2717,563.38,Credit Card,Completed,2024-02-05 17:36:12
2718,2718,492.2,Cash,Completed,2025-06-30 18:41:42
2719,2719,443.01,PayPal,Completed,2023-11-12 20:30:19
2720,2720,375.24,UPI,Completed,2023-11-02 02:54:36
2721,2721,664.57,Credit Card,Completed,2023-08-16 18:18:48
2722,2722,247.37,Paytm,Completed,2025-01-12 15:19:48
2723,2723,568.35,Paytm,Completed,2025-03-12 04:55:56
2724,2724,377.07,PayPal,Completed,2024-09-16 23:18:28
2725,2725,371.04,UPI,Completed,2024-07-24 19:11:35
2726,2726,222.04,Credit Card,Completed,2024-02-06 15:16:55
2727,2727,482.35,Credit Card,Completed,2024-08-08 03:31:27
2728,2728,624.55,Paytm,Completed,2024-07-20 18:25:52
2729,2729,131.65,Cash,Completed,2025-04-08 02:42:28
2730,2730,333.55,UPI,Completed,2024-03-24 03:03:18
2731,2731,392.68,Cash,Completed,2023-12-18 00:38:08
2732,2732,549.14,Credit Card,Completed,2024-12-16 06:24:59
2733,2733,524.2,PayPal,Completed,2024-03-20 18:50:11
2734,2734,617.09,Cash,Completed,2024-04-01 23:27:26
2735,2735,501.66,Paytm,Completed,2025-04-03 23:24:21
2736,2736,582.78,UPI,Completed,2024-02-11 14:33:18
2737,2737,665.43,Cash,Completed,2025-04-26 20:02:55
2738,2738,445.53,Paytm,Completed,2024-04-09 01:41:50
2739,2739,630.4,Paytm,Completed,2025-06-18 09:24:38
2740,2740,78.2,Credit Card,Completed,2025-06-30 14:22:10
2741,2741,765.24,Paytm,Completed,2024-07-01 11:13:43
2742,2742,80.1,UPI,Completed,2024-03-24 21:21:05
2743,2743,350.69,UPI,Completed,2024-09-09 02:06:38
2744,2744,685.53,Cash,Completed,2023-08-07 08:28:22
2745,2745,726.12,Paytm,Completed,2024-08-13 15:37:40
2746,2746,566.46,Cash,Pending,2024-08-30 03:19:19
2747,2747,366.4,UPI,Completed,2024-10-22 11:58:52
2748,2748,780.32,Cash,Completed,2024-02-19 09:41:03
2749,2749,557.37,UPI,Completed,2023-09-18 17:00:15
2750,2750,755.88,Credit Card,Completed,2024-06-06 13:53:52
2751,2751,555.91,Credit Card,Completed,2023-11-16 07:25:18
2752,2752,177.78,UPI,Completed,2024-07-10 16:04:15
2753,2753,385.56,Credit Card,Completed,2024-10-24 17:47:21
2754,2754,310.63,Credit Card,Completed,2024-01-22 21:21:48
2755,2755,674.27,PayPal,Completed,2023-09-09 11:17:54
2756,2756,794.08,UPI,Completed,2025-05-10 21:30:44
2757,2757,693.05,Cash,Completed,2024-04-22 15:10:24
2758,2758,572.48,UPI,Completed,2024-08-01 00:23:54
2759,2759,470.51,Credit Card,Completed,2024-11-11 04:37:27
2760,2760,498.03,PayPal,Completed,2025-04-24 10:03:12
2761,2761,304.35,Cash,Completed,2025-03-14 12:49:25
2762,2762,474.01,PayPal,Completed,2025-06-25 10:29:04
2763,2763,158.16,UPI,Pending,2024-06-03 10:25:19
2764,2764,708.95,Paytm,Completed,2024-04-01 21:06:28
2765,2765,377.69,Cash,Completed,2024-02-02 03:18:35
2766,2766,428.24,UPI,Completed,2024-10-05 04:31:13
2767,2767,720.53,Cash,Completed,2024-10-07 00:26:09
2768,2768,217.56,Credit Card,Completed,2024-07-19 01:05:02
2769,2769,122.3,Cash,Completed,2025-03-22 09:36:30
2770,2770,68.13,Credit Card,Completed,2024-01-01 14:06:42
2771,2771,526.42,UPI,Completed,2024-01-13 22:47:37
2772,2772,735.1,PayPal,Completed,2024-03-13 20:20:46
2773,2773,187.73,Cash,Failed,2025-02-06 23:24:12
2774,2774,466.71,Paytm,Completed,2024-05-23 04:10:45
2775,2775,233.99,PayPal,Pending,2023-12-08 12:42:06
2776,2776,489.4,PayPal,Completed,2023-12-10 18:46:45
2777,2777,259.06,Cash,Completed,2024-03-13 19:53:15
2778,2778,559.03,Credit Card,Completed,2025-02-05 23:46:20
2779,2779,152.64,Credit Card,Completed,2024-06-12 23:18:48
2780,2780,469.42,Cash,Pending,2024-03-09 13:13:18
2781,2781,59.27,PayPal,Pending,2024-03-03 06:42:18
2782,2782,100.94,Cash,Completed,2023-11-11 02:45:57
2783,2783,74.0,Paytm,Completed,2024-09-25 15:20:10
2784,2784,638.21,Cash,Pending,2024-07-23 23:01:43
2785,2785,747.37,Paytm,Completed,2025-03-24 13:53:46
2786,2786,55.62,Paytm,Completed,2025-03-30 01:08:08
2787,2787,416.87,PayPal,Completed,2023-12-11 03:30:47
2788,2788,460.38,PayPal,Completed,2023-12-16 03:44:27
2789,2789,199.64,PayPal,Completed,2025-05-09 14:13:32
2790,2790,777.4,Paytm,Completed,2024-01-25 03:47:02
2791,2791,285.01,UPI,Pending,2023-10-22 03:32:12
2792,2792,759.83,Cash,Completed,2025-07-23 00:50:29
2793,2793,695.65,Credit Card,Completed,2025-02-22 20:23:19
2794,2794,275.22,Cash,Completed,2025-04-30 13:59:29
2795,2795,477.21,Cash,Completed,2024-12-05 09:44:43
2796,2796,368.08,PayPal,Completed,2023-12-29 18:21:33
2797,2797,439.77,Cash,Completed,2025-06-30 10:58:00
2798,2798,172.65,PayPal,Completed,2023-08-11 14:51:55
2799,2799,462.57,UPI,Completed,2025-05-27 17:52:34
2800,2800,249.22,UPI,Completed,2024-03-06 17:14:36
2801,2801,71.87,UPI,Pending,2025-07-11 15:35:44
2802,2802,660.02,UPI,Pending,2025-07-24 06:34:30
2803,2803,372.93,UPI,Completed,2023-08-07 01:15:11
2804,2804,600.11,Paytm,Completed,2023-08-10 05:12:50
2805,2805,126.0,Cash,Completed,2024-12-13 11:08:26
2806,2806,461.14,Credit Card,Completed,2024-04-21 09:26:59
2807,2807,746.94,UPI,Completed,2023-09-24 23:46:51
2808,2808,192.43,Cash,Completed,2023-12-10 01:51:05
2809,2809,219.27,UPI,Completed,2025-02-26 15:52:55
2810,2810,697.33,PayPal,Completed,2024-11-24 22:36:16
2811,2811,306.63,Cash,Completed,2024-02-21 22:00:04
2812,2812,617.22,Cash,Completed,2024-09-19 05:23:09
2813,2813,758.12,Paytm,Completed,2024-06-23 09:52:55
2814,2814,735.11,UPI,Completed,2024-11-25 12:15:37
2815,2815,100.71,PayPal,Completed,2023-12-30 16:44:44
2816,2816,282.88,UPI,Completed,2024-04-17 06:02:02
2817,2817,663.24,UPI,Completed,2025-04-12 19:11:24
2818,2818,477.84,PayPal,Completed,2023-08-21 06:34:10
2819,2819,262.5,Cash,Completed,2024-03-23 19:34:51
2820,2820,432.49,Cash,Completed,2024-11-19 14:11:14
2821,2821,725.08,Credit Card,Completed,2024-05-10 06:58:25
2822,2822,162.97,UPI,Pending,2024-01-04 21:13:58
2823,2823,200.24,Paytm,Completed,2024-07-08 21:53:15
2824,2824,699.85,Credit Card,Completed,2024-12-21 15:17:45
2825,2825,73.16,Paytm,Completed,2024-03-14 11:58:18
2826,2826,213.94,Credit Card,Completed,2023-09-13 06:47:09
2827,2827,584.89,PayPal,Completed,2024-02-04 01:37:17
2828,2828,418.39,PayPal,Pending,2025-03-14 20:44:26
2829,2829,627.77,Credit Card,Failed,2024-05-05 00:07:52
2830,2830,174.38,Credit Card,Completed,2023-12-07 09:09:52
2831,2831,130.97,Credit Card,Completed,2024-07-11 15:27:07
2832,2832,238.62,UPI,Completed,2023-09-03 16:21:40
2833,2833,390.06,Cash,Completed,2024-01-18 14:11:45
2834,2834,63.62,Credit Card,Completed,2025-01-09 11:02:54
2835,2835,766.43,UPI,Completed,2024-12-08 23:30:50
2836,2836,266.74,Credit Card,Completed,2023-12-14 12:28:55
2837,2837,440.5,Paytm,Completed,2023-08-10 05:55:42
2838,2838,639.69,Paytm,Completed,2024-01-07 19:51:15
2839,2839,311.27,Cash,Completed,2024-06-26 17:02:01
2840,2840,643.6,UPI,Failed,2024-12-07 07:34:42
2841,2841,338.23,UPI,Completed,2025-03-02 20:02:27
2842,2842,589.93,Cash,Failed,2023-10-04 01:31:31
2843,2843,562.24,UPI,Completed,2024-01-27 04:53:57
2844,2844,494.61,PayPal,Completed,2024-05-27 13:46:47
2845,2845,701.48,Credit Card,Completed,2025-05-15 05:39:36
2846,2846,63.84,Cash,Completed,2023-11-22 12:06:37
2847,2847,437.0,Paytm,Completed,2024-06-10 22:48:31
2848,2848,546.71,UPI,Completed,2024-01-25 00:04:31
2849,2849,357.58,PayPal,Completed,2024-10-25 09:36:54
2850,2850,440.53,PayPal,Completed,2024-09-29 03:21:48
2851,2851,586.64,Paytm,Completed,2024-02-04 04:33:22
2852,2852,553.12,UPI,Completed,2025-03-23 21:01:22
2853,2853,373.41,PayPal,Completed,2025-08-03 21:35:41
2854,2854,577.21,Paytm,Completed,2024-08-29 22:44:30
2855,2855,234.81,Cash,Completed,2024-03-06 03:25:33
2856,2856,530.75,Credit Card,Completed,2025-07-19 14:03:52
2857,2857,302.25,Cash,Completed,2025-07-18 09:03:11
2858,2858,102.03,Paytm,Completed,2025-01-24 03:46:41
2859,2859,347.36,Cash,Completed,2023-12-28 02:21:30
2860,2860,358.6,UPI,Completed,2024-03-21 09:01:13
2861,2861,336.39,Cash,Completed,2024-10-01 12:34:32
2862,2862,726.35,Paytm,Completed,2023-10-08 21:36:21
2863,2863,658.63,Paytm,Completed,2023-11-29 22:08:09
2864,2864,749.16,Credit Card,Completed,2023-09-21 07:58:23
2865,2865,434.72,PayPal,Completed,2023-08-07 01:23:14
2866,2866,746.93,Cash,Completed,2024-10-15 12:09:10
2867,2867,101.82,Cash,Completed,2024-11-17 17:43:57
2868,2868,68.63,Credit Card,Completed,2024-05-03 17:51:21
2869,2869,598.07,UPI,Completed,2024-03-02 08:31:09
2870,2870,726.35,PayPal,Completed,2023-10-12 23:13:11
2871,2871,56.27,Cash,Completed,2024-01-26 21:08:57
2872,2872,350.75,UPI,Completed,2024-05-20 13:44:54
2873,2873,697.93,PayPal,Completed,2025-06-13 09:25:53
2874,2874,670.55,Paytm,Pending,2023-11-22 21:40:28
2875,2875,149.31,UPI,Completed,2024-06-21 14:52:16
2876,2876,573.6,UPI,Completed,2023-11-11 09:07:48
2877,2877,615.05,UPI,Completed,2025-04-30 20:57:05
2878,2878,358.51,Credit Card,Completed,2023-12-09 04:55:25
2879,2879,717.0,UPI,Completed,2024-09-03 22:35:34
2880,2880,247.65,UPI,Completed,2024-10-26 10:56:40
2881,2881,362.63,PayPal,Completed,2025-02-06 11:42:57
2882,2882,563.79,Credit Card,Completed,2024-09-05 08:49:34
2883,2883,633.17,Credit Card,Completed,2023-10-16 07:19:49
2884,2884,508.34,Cash,Completed,2023-08-19 05:09:52
2885,2885,221.37,Cash,Pending,2024-10-04 12:02:59
2886,2886,708.3,UPI,Completed,2024-05-06 00:15:27
2887,2887,407.96,PayPal,Completed,2023-09-07 15:59:06
2888,2888,691.3,Paytm,Completed,2025-05-29 12:57:33
2889,2889,86.73,Credit Card,Completed,2023-09-01 16:54:16
2890,2890,410.79,UPI,Completed,2023-08-30 08:38:57
2891,2891,264.09,PayPal,Completed,2025-02-24 15:59:22
2892,2892,741.81,Credit Card,Completed,2025-05-29 17:05:46
2893,2893,547.17,UPI,Failed,2024-11-13 07:57:52
2894,2894,581.51,PayPal,Completed,2023-10-20 12:56:07
2895,2895,353.9,Credit Card,Completed,2025-02-21 00:40:40
2896,2896,186.03,UPI,Completed,2024-11-13 21:21:18
2897,2897,636.57,PayPal,Completed,2025-07-29 20:27:24
2898,2898,394.37,Credit Card,Completed,2024-08-18 19:18:52
2899,2899,579.0,Credit Card,Completed,2024-06-04 06:27:30
2900,2900,140.73,UPI,Completed,2024-04-22 05:11:55
2901,2901,435.57,UPI,Completed,2024-08-03 09:10:39
2902,2902,217.72,Paytm,Pending,2024-11-09 20:04:01
2903,2903,464.14,Paytm,Pending,2024-03-23 01:33:08
2904,2904,190.39,PayPal,Completed,2023-11-04 20:05:23
2905,2905,113.49,UPI,Completed,2023-09-14 15:15:07
2906,2906,707.83,UPI,Pending,2025-04-07 03:38:48
2907,2907,115.08,Credit Card,Completed,2024-05-14 09:00:40
2908,2908,121.07,Credit Card,Completed,2023-09-03 18:00:05
2909,2909,500.94,Paytm,Completed,2023-12-29 16:11:22
2910,2910,213.66,PayPal,Completed,2023-10-23 02:52:08
2911,2911,618.75,UPI,Completed,2024-11-03 17:24:54
2912,2912,711.23,Credit Card,Pending,2024-08-22 23:19:12
2913,2913,783.96,Credit Card,Completed,2025-03-05 23:42:02
2914,2914,106.96,UPI,Completed,2023-10-08 21:58:22
2915,2915,755.95,Paytm,Completed,2025-03-26 16:41:45
2916,2916,292.7,Credit Card,Completed,2023-10-08 03:33:45
2917,2917,140.58,UPI,Completed,2023-11-04 03:58:39
2918,2918,680.72,Cash,Completed,2025-03-05 10:29:52
2919,2919,133.28,Paytm,Completed,2024-07-24 23:36:35
2920,2920,310.04,PayPal,Completed,2024-12-26 11:03:34
2921,2921,204.31,UPI,Completed,2023-08-10 16:45:49
2922,2922,198.35,Paytm,Completed,2024-09-24 15:53:19
2923,2923,442.89,UPI,Completed,2024-08-18 19:34:57
2924,2924,526.16,PayPal,Failed,2025-07-29 04:44:31
2925,2925,185.26,PayPal,Completed,2024-10-14 01:05:45
2926,2926,560.24,Cash,Failed,2025-03-07 20:26:54
2927,2927,679.24,Cash,Completed,2023-11-23 09:19:28
2928,2928,284.41,Cash,Completed,2023-12-02 13:30:58
2929,2929,494.27,PayPal,Completed,2025-05-26 00:58:39
2930,2930,134.27,Cash,Completed,2024-02-03 10:15:32
2931,2931,780.64,Credit Card,Completed,2024-09-07 16:29:41
2932,2932,546.83,Cash,Completed,2024-04-19 19:38:29
2933,2933,430.16,Cash,Completed,2024-04-20 17:38:23
2934,2934,725.29,Cash,Pending,2024-03-23 00:36:02
2935,2935,289.29,Credit Card,Completed,2025-05-15 19:20:42
2936,2936,237.17,UPI,Completed,2025-05-28 21:32:40
2937,2937,196.38,UPI,Completed,2024-08-24 13:05:43
2938,2938,462.75,PayPal,Completed,2024-06-20 00:44:07
2939,2939,593.29,PayPal,Completed,2024-12-27 03:44:25
2940,2940,225.7,Credit Card,Completed,2024-09-01 15:12:17
2941,2941,117.59,Paytm,Completed,2024-02-23 23:14:31
2942,2942,646.89,UPI,Completed,2024-07-31 01:23:06
2943,2943,241.53,PayPal,Completed,2024-05-26 14:00:24
2944,2944,526.49,PayPal,Completed,2024-08-13 02:15:02
2945,2945,347.1,Paytm,Completed,2024-04-04 20:19:53
2946,2946,130.66,Credit Card,Failed,2025-06-08 05:48:41
2947,2947,754.26,Paytm,Completed,2023-08-31 03:40:32
2948,2948,401.5,Credit Card,Completed,2025-01-22 22:29:07
2949,2949,474.07,PayPal,Completed,2024-12-12 05:32:30
2950,2950,156.89,Credit Card,Completed,2025-06-16 04:39:54
2951,2951,469.87,UPI,Completed,2024-06-02 03:02:40
2952,2952,105.61,Paytm,Completed,2025-07-20 11:37:02
2953,2953,140.07,PayPal,Completed,2024-01-06 21:17:28
2954,2954,636.26,Paytm,Completed,2024-03-10 02:02:18
2955,2955,167.26,PayPal,Completed,2024-02-17 23:01:08
2956,2956,699.42,PayPal,Completed,2024-08-02 11:50:03
2957,2957,84.3,Paytm,Completed,2023-08-11 21:32:00
2958,2958,235.32,PayPal,Completed,2024-11-01 08:11:02
2959,2959,96.29,Paytm,Completed,2024-03-03 17:27:45
2960,2960,200.12,Paytm,Completed,2024-03-16 03:30:20
2961,2961,99.44,Paytm,Completed,2024-03-24 09:41:45
2962,2962,558.27,PayPal,Completed,2023-12-22 04:30:33
2963,2963,439.31,PayPal,Completed,2024-08-23 18:06:33
2964,2964,74.11,Credit Card,Completed,2024-02-25 10:13:27
2965,2965,527.95,Credit Card,Failed,2023-09-15 02:14:02
2966,2966,750.31,PayPal,Completed,2024-08-11 07:32:04
2967,2967,383.42,PayPal,Completed,2024-06-16 02:15:57
2968,2968,779.3,Credit Card,Completed,2024-06-28 02:12:12
2969,2969,762.89,Cash,Completed,2024-03-10 11:30:35
2970,2970,250.01,Paytm,Completed,2024-03-23 19:45:55
2971,2971,93.22,Paytm,Completed,2024-03-16 00:41:46
2972,2972,590.33,Cash,Completed,2023-11-04 14:28:05
2973,2973,711.15,Cash,Failed,2023-09-12 14:31:23
2974,2974,670.98,UPI,Completed,2025-07-04 10:25:45
2975,2975,141.81,UPI,Completed,2024-05-24 18:03:09
2976,2976,677.92,PayPal,Completed,2023-11-08 04:30:34
2977,2977,734.94,PayPal,Completed,2024-10-23 23:16:42
2978,2978,144.06,UPI,Completed,2023-12-12 14:04:05
2979,2979,165.84,Paytm,Completed,2023-09-10 14:03:57
2980,2980,584.96,Credit Card,Completed,2024-09-06 23:45:08
2981,2981,387.38,PayPal,Completed,2025-04-03 17:12:02
2982,2982,306.48,Credit Card,Completed,2024-12-10 15:31:39
2983,2983,252.53,UPI,Failed,2024-04-03 23:02:08
2984,2984,506.82,Credit Card,Completed,2025-03-11 03:40:52
2985,2985,685.66,Cash,Completed,2023-09-27 20:30:25
2986,2986,310.13,Cash,Pending,2025-02-02 20:45:30
2987,2987,77.12,Credit Card,Completed,2023-11-21 03:26:07
2988,2988,625.66,Credit Card,Completed,2023-11-23 17:19:05
2989,2989,338.66,UPI,Completed,2023-11-28 11:57:46
2990,2990,784.05,Cash,Completed,2023-09-02 20:54:15
2991,2991,764.09,Cash,Completed,2025-06-23 23:31:49
2992,2992,412.26,Paytm,Completed,2025-02-08 00:16:45
2993,2993,468.9,Credit Card,Completed,2024-02-05 20:24:43
2994,2994,424.1,Credit Card,Completed,2025-02-24 22:18:16
2995,2995,215.79,Cash,Completed,2024-09-28 12:20:17
2996,2996,767.0,PayPal,Completed,2024-08-23 04:11:55
2997,2997,397.65,Paytm,Completed,2025-01-18 08:51:20
2998,2998,357.12,Credit Card,Completed,2024-07-06 16:03:03
2999,2999,431.4,PayPal,Completed,2024-07-21 06:28:39
3000,3000,661.79,Paytm,Completed,2024-01-13 19:31:19
3001,3001,91.12,Cash,Completed,2025-01-15 09:02:11
3002,3002,464.55,Credit Card,Completed,2024-09-23 19:35:58
3003,3003,354.25,PayPal,Completed,2025-02-22 02:16:56
3004,3004,499.84,PayPal,Completed,2024-03-27 13:19:34
3005,3005,470.49,Paytm,Completed,2023-11-20 04:04:23
3006,3006,218.44,UPI,Completed,2024-11-01 14:15:48
3007,3007,295.77,Cash,Completed,2025-02-22 11:03:14
3008,3008,760.03,UPI,Failed,2023-09-25 19:01:53
3009,3009,747.38,Cash,Completed,2024-09-03 20:26:18
3010,3010,72.93,PayPal,Completed,2024-03-31 07:05:56
3011,3011,425.59,Cash,Completed,2025-06-09 05:53:30
3012,3012,773.06,Credit Card,Completed,2024-05-27 01:32:35
3013,3013,775.02,Paytm,Completed,2025-03-20 07:07:58
3014,3014,702.75,UPI,Completed,2023-10-18 14:17:39
3015,3015,546.26,PayPal,Completed,2023-11-24 05:22:10
3016,3016,282.85,PayPal,Pending,2023-11-21 01:06:16
3017,3017,759.22,Paytm,Completed,2024-02-10 01:47:53
3018,3018,647.24,Paytm,Completed,2024-10-27 23:51:11
3019,3019,748.56,Cash,Completed,2023-10-28 21:59:28
3020,3020,745.69,Credit Card,Completed,2025-08-04 08:15:58
3021,3021,248.76,UPI,Completed,2024-08-30 16:14:27
3022,3022,701.84,Cash,Completed,2023-11-18 17:12:31
3023,3023,659.1,Paytm,Completed,2024-03-25 00:47:31
3024,3024,577.11,Paytm,Pending,2025-03-04 03:37:16
3025,3025,402.45,Paytm,Completed,2024-05-14 23:02:10
3026,3026,503.36,Cash,Completed,2025-01-07 10:52:09
3027,3027,172.97,Paytm,Completed,2025-02-20 06:32:40
3028,3028,634.95,UPI,Pending,2025-06-26 16:38:28
3029,3029,692.08,Paytm,Completed,2023-10-19 17:52:28
3030,3030,614.88,Paytm,Completed,2025-03-03 23:29:27
3031,3031,101.38,Paytm,Completed,2025-07-15 09:58:15
3032,3032,513.1,Credit Card,Completed,2024-03-14 07:02:10
3033,3033,465.27,UPI,Completed,2025-02-27 18:47:18
3034,3034,275.55,Cash,Completed,2023-08-31 20:51:05
3035,3035,506.56,Cash,Completed,2025-03-03 06:15:15
3036,3036,334.02,Credit Card,Completed,2025-05-02 17:14:24
3037,3037,89.91,Paytm,Completed,2025-07-05 02:15:15
3038,3038,129.44,Credit Card,Completed,2024-06-20 02:08:16
3039,3039,498.29,Paytm,Pending,2025-05-05 17:02:19
3040,3040,774.82,PayPal,Completed,2025-03-24 07:18:27
3041,3041,721.65,Cash,Completed,2024-05-17 19:08:54
3042,3042,91.43,Credit Card,Completed,2024-02-03 18:32:58
3043,3043,153.24,Paytm,Completed,2024-03-22 08:44:34
3044,3044,697.97,PayPal,Completed,2023-09-07 01:10:19
3045,3045,126.92,Credit Card,Completed,2023-12-12 03:41:59
3046,3046,482.68,UPI,Completed,2024-11-28 16:02:13
3047,3047,84.28,UPI,Completed,2025-05-27 11:27:05
3048,3048,762.1,Credit Card,Completed,2023-12-24 03:12:39
3049,3049,360.03,Credit Card,Completed,2024-06-05 15:05:52
3050,3050,765.45,PayPal,Completed,2025-06-26 07:53:38
3051,3051,679.18,UPI,Completed,2024-05-31 09:07:16
3052,3052,411.97,Paytm,Completed,2024-08-24 23:38:14
3053,3053,394.54,PayPal,Completed,2025-05-26 15:17:08
3054,3054,241.04,Paytm,Completed,2025-01-13 03:35:56
3055,3055,209.61,UPI,Completed,2024-01-21 16:35:21
3056,3056,188.84,Credit Card,Completed,2023-10-26 14:19:34
3057,3057,348.42,UPI,Completed,2024-06-29 02:57:38
3058,3058,426.89,PayPal,Completed,2024-07-22 01:43:56
3059,3059,328.63,Cash,Completed,2024-09-22 07:33:51
3060,3060,725.15,Credit Card,Completed,2025-05-02 22:40:30
3061,3061,205.53,UPI,Completed,2024-12-12 14:11:26
3062,3062,358.67,UPI,Completed,2024-04-30 19:48:49
3063,3063,88.14,Cash,Completed,2023-08-27 08:11:48
3064,3064,422.06,Cash,Completed,2024-03-30 23:17:56
3065,3065,226.19,Cash,Completed,2023-12-30 01:56:46
3066,3066,102.17,Paytm,Completed,2024-08-23 22:57:23
3067,3067,794.17,Credit Card,Completed,2025-06-15 10:59:11
3068,3068,785.0,Cash,Completed,2025-03-18 17:52:20
3069,3069,234.94,Paytm,Completed,2024-02-26 19:14:53
3070,3070,400.15,UPI,Completed,2024-03-14 05:33:45
3071,3071,291.55,Cash,Completed,2024-02-07 02:46:00
3072,3072,249.73,PayPal,Completed,2023-09-27 21:25:25
3073,3073,295.24,Cash,Completed,2025-03-06 12:18:54
3074,3074,285.27,Paytm,Completed,2024-11-12 03:41:13
3075,3075,777.79,Credit Card,Completed,2024-07-16 17:39:37
3076,3076,183.15,Credit Card,Pending,2025-01-24 07:42:57
3077,3077,591.65,Cash,Completed,2024-05-14 07:37:45
3078,3078,786.44,Credit Card,Pending,2024-02-22 16:28:49
3079,3079,165.23,Credit Card,Completed,2023-11-19 00:59:43
3080,3080,787.22,Paytm,Completed,2024-01-26 18:50:54
3081,3081,107.24,Cash,Completed,2024-10-29 14:01:38
3082,3082,509.72,Paytm,Completed,2024-07-22 23:30:02
3083,3083,400.14,UPI,Completed,2025-07-16 10:44:16
3084,3084,602.92,UPI,Completed,2023-12-04 14:20:31
3085,3085,360.02,Credit Card,Completed,2024-09-07 05:27:16
3086,3086,229.79,Paytm,Pending,2023-08-12 08:33:35
3087,3087,457.77,Credit Card,Completed,2023-10-26 09:46:31
3088,3088,662.01,Credit Card,Completed,2025-02-11 05:28:16
3089,3089,735.24,Cash,Completed,2025-03-03 10:30:38
3090,3090,755.64,Cash,Completed,2025-03-12 11:34:47
3091,3091,178.0,Credit Card,Completed,2024-10-13 04:17:33
3092,3092,131.84,Credit Card,Completed,2024-08-23 08:58:51
3093,3093,404.97,Cash,Completed,2023-08-23 06:38:55
3094,3094,641.61,Credit Card,Completed,2025-05-03 04:11:00
3095,3095,367.57,Paytm,Completed,2024-04-25 10:17:12
3096,3096,307.12,Cash,Completed,2025-02-27 04:52:59
3097,3097,392.74,Credit Card,Pending,2023-12-17 04:52:40
3098,3098,389.62,Paytm,Completed,2024-09-05 21:24:18
3099,3099,472.56,Cash,Completed,2024-02-19 11:26:17
3100,3100,65.71,UPI,Completed,2024-05-06 08:53:09
3101,3101,433.08,PayPal,Pending,2024-02-03 09:31:29
3102,3102,52.35,Cash,Completed,2024-12-29 14:58:00
3103,3103,296.5,PayPal,Completed,2023-10-16 14:30:52
3104,3104,249.31,PayPal,Completed,2023-11-04 05:41:16
3105,3105,783.79,Credit Card,Completed,2024-05-08 10:25:44
3106,3106,706.68,Paytm,Completed,2025-03-23 08:33:10
3107,3107,75.17,PayPal,Completed,2024-09-19 13:58:45
3108,3108,446.6,Credit Card,Completed,2024-07-23 10:11:07
3109,3109,544.13,Credit Card,Completed,2023-09-07 17:51:17
3110,3110,379.14,UPI,Completed,2024-07-24 06:53:58
3111,3111,297.33,PayPal,Completed,2024-11-13 10:57:02
3112,3112,613.62,Cash,Completed,2023-10-05 20:54:18
3113,3113,589.89,Credit Card,Completed,2025-01-01 02:04:03
3114,3114,627.75,Cash,Completed,2025-01-08 19:39:20
3115,3115,735.13,UPI,Completed,2024-02-25 09:35:35
3116,3116,794.66,Cash,Completed,2024-10-07 11:07:44
3117,3117,189.88,Cash,Completed,2025-01-31 04:09:24
3118,3118,274.97,PayPal,Completed,2023-10-26 12:38:55
3119,3119,420.13,UPI,Pending,2025-01-25 21:06:08
3120,3120,697.59,PayPal,Completed,2025-01-09 14:08:43
3121,3121,302.36,Cash,Completed,2025-04-05 11:41:09
3122,3122,340.34,Paytm,Pending,2023-12-30 00:14:18
3123,3123,52.32,Credit Card,Failed,2024-11-15 16:19:57
3124,3124,345.7,PayPal,Completed,2024-09-11 00:22:22
3125,3125,291.67,Paytm,Completed,2025-05-14 07:29:55
3126,3126,548.2,Cash,Completed,2023-12-10 08:51:02
3127,3127,356.12,Credit Card,Completed,2024-10-29 16:09:37
3128,3128,273.85,Credit Card,Completed,2024-09-07 16:55:45
3129,3129,750.81,Cash,Completed,2025-05-29 05:49:23
3130,3130,280.35,Paytm,Completed,2025-07-10 13:49:53
3131,3131,604.11,Credit Card,Completed,2023-10-02 13:54:17
3132,3132,313.7,Cash,Completed,2024-12-05 22:41:10
3133,3133,138.11,Paytm,Completed,2023-08-10 14:56:27
3134,3134,82.9,Credit Card,Completed,2025-02-23 08:59:04
3135,3135,479.87,Credit Card,Completed,2024-09-08 10:50:21
3136,3136,783.43,Credit Card,Pending,2024-06-06 23:51:32
3137,3137,354.59,Credit Card,Completed,2023-09-06 10:32:27
3138,3138,75.89,Cash,Completed,2024-03-28 02:10:15
3139,3139,499.86,Credit Card,Completed,2024-03-01 05:58:39
3140,3140,431.56,UPI,Failed,2024-12-06 22:06:14
3141,3141,403.63,Credit Card,Completed,2025-07-14 21:53:05
3142,3142,758.68,Cash,Failed,2023-10-21 20:23:28
3143,3143,485.34,PayPal,Completed,2024-04-30 11:23:33
3144,3144,724.27,Cash,Completed,2025-07-24 19:26:23
3145,3145,67.73,PayPal,Completed,2024-11-05 11:00:58
3146,3146,599.43,Paytm,Pending,2024-01-26 07:32:41
3147,3147,66.6,Paytm,Completed,2024-09-18 10:42:27
3148,3148,279.85,Paytm,Completed,2024-04-16 19:04:21
3149,3149,432.27,Paytm,Completed,2023-09-15 21:03:29
3150,3150,432.43,UPI,Completed,2025-05-30 07:30:33
3151,3151,83.28,PayPal,Completed,2024-11-06 23:02:51
3152,3152,346.04,Credit Card,Completed,2024-09-26 05:11:01
3153,3153,330.3,Cash,Completed,2023-09-29 12:03:21
3154,3154,132.28,Cash,Completed,2024-09-14 23:33:29
3155,3155,675.1,Paytm,Completed,2023-09-27 02:29:43
3156,3156,532.49,Cash,Completed,2024-03-10 11:41:16
3157,3157,545.99,Cash,Completed,2024-11-01 20:01:52
3158,3158,357.91,UPI,Completed,2024-05-24 12:59:46
3159,3159,550.02,PayPal,Pending,2025-01-27 00:58:52
3160,3160,573.52,Paytm,Failed,2024-10-19 00:03:06
3161,3161,752.28,UPI,Completed,2024-06-22 23:43:27
3162,3162,72.81,UPI,Completed,2024-03-02 22:24:04
3163,3163,183.33,PayPal,Pending,2024-12-18 04:22:11
3164,3164,387.84,PayPal,Completed,2024-05-13 19:21:17
3165,3165,166.89,PayPal,Completed,2024-01-17 01:42:53
3166,3166,534.05,UPI,Completed,2024-02-08 12:22:20
3167,3167,361.94,Paytm,Completed,2025-02-23 16:26:04
3168,3168,701.34,UPI,Completed,2024-07-24 10:19:05
3169,3169,602.15,Credit Card,Completed,2023-10-18 19:19:14
3170,3170,407.19,Credit Card,Completed,2025-02-22 10:18:27
3171,3171,780.0,Credit Card,Completed,2024-04-08 07:04:10
3172,3172,173.76,Paytm,Completed,2024-11-04 06:44:07
3173,3173,50.8,Paytm,Completed,2024-08-04 11:49:52
3174,3174,459.89,Cash,Failed,2025-02-23 05:02:26
3175,3175,526.19,Credit Card,Completed,2024-02-25 08:23:04
3176,3176,677.6,UPI,Completed,2025-04-14 11:21:52
3177,3177,308.23,Credit Card,Completed,2024-01-31 02:06:16
3178,3178,650.08,Credit Card,Pending,2024-01-30 18:40:19
3179,3179,465.75,Credit Card,Completed,2023-12-31 11:17:59
3180,3180,725.86,Credit Card,Completed,2024-03-24 03:33:34
3181,3181,325.96,UPI,Completed,2024-01-14 02:00:35
3182,3182,405.99,UPI,Completed,2025-04-14 16:13:13
3183,3183,67.63,Credit Card,Completed,2024-03-04 06:22:33
3184,3184,594.65,Cash,Completed,2023-09-29 16:31:17
3185,3185,203.41,Cash,Completed,2023-11-10 01:51:15
3186,3186,288.81,Cash,Completed,2025-03-26 12:32:28
3187,3187,54.03,Credit Card,Completed,2024-12-04 03:14:56
3188,3188,498.15,Credit Card,Completed,2024-08-31 23:30:43
3189,3189,772.35,Paytm,Completed,2023-12-21 18:59:41
3190,3190,468.5,Credit Card,Completed,2024-12-12 06:56:18
3191,3191,445.55,Paytm,Completed,2025-03-02 20:31:22
3192,3192,472.02,Cash,Completed,2025-07-04 11:52:49
3193,3193,667.53,Cash,Completed,2024-05-13 11:57:09
3194,3194,644.16,UPI,Completed,2025-05-11 05:18:26
3195,3195,483.19,Paytm,Completed,2024-12-17 20:25:52
3196,3196,51.56,UPI,Completed,2023-10-24 06:00:59
3197,3197,514.41,Cash,Completed,2025-07-29 12:22:12
3198,3198,417.52,Paytm,Completed,2025-04-08 11:34:52
3199,3199,723.93,Cash,Completed,2024-03-09 21:25:56
3200,3200,285.12,Cash,Completed,2025-07-30 10:10:23
3201,3201,746.12,PayPal,Completed,2024-09-23 04:58:22
3202,3202,187.65,Cash,Completed,2024-06-10 20:35:12
3203,3203,291.77,UPI,Completed,2025-03-01 04:41:30
3204,3204,774.15,Cash,Completed,2025-01-21 22:02:59
3205,3205,734.9,PayPal,Pending,2024-02-16 01:34:35
3206,3206,667.85,Cash,Completed,2023-08-26 21:54:00
3207,3207,783.16,UPI,Completed,2025-04-12 05:31:04
3208,3208,602.72,Credit Card,Completed,2023-11-24 10:07:29
3209,3209,543.19,Cash,Pending,2023-12-13 09:37:12
3210,3210,218.82,Credit Card,Completed,2024-11-02 19:11:20
3211,3211,144.77,UPI,Completed,2024-02-25 05:21:05
3212,3212,583.57,Credit Card,Completed,2024-12-17 10:21:48
3213,3213,720.58,PayPal,Completed,2024-08-29 08:20:18
3214,3214,400.37,PayPal,Completed,2024-02-07 10:52:12
3215,3215,671.18,Cash,Failed,2023-09-20 13:52:51
3216,3216,683.29,Credit Card,Completed,2025-01-24 00:19:58
3217,3217,249.38,UPI,Completed,2025-03-12 01:02:42
3218,3218,618.38,PayPal,Completed,2023-11-30 01:11:04
3219,3219,239.4,Paytm,Completed,2025-08-05 01:44:47
3220,3220,473.31,PayPal,Completed,2024-12-17 07:49:41
3221,3221,270.46,Paytm,Completed,2023-11-24 08:24:12
3222,3222,679.05,Credit Card,Completed,2023-08-12 08:33:07
3223,3223,510.93,Cash,Completed,2025-02-27 17:28:19
3224,3224,176.88,Paytm,Completed,2024-03-27 15:03:50
3225,3225,594.57,Credit Card,Completed,2024-09-11 08:09:16
3226,3226,544.73,UPI,Completed,2024-07-10 17:33:52
3227,3227,701.58,UPI,Completed,2023-12-15 12:25:06
3228,3228,229.03,Paytm,Completed,2024-09-17 07:25:19
3229,3229,105.27,PayPal,Failed,2024-07-18 11:24:26
3230,3230,474.79,PayPal,Completed,2024-03-31 23:11:04
3231,3231,381.31,PayPal,Completed,2025-01-03 20:02:38
3232,3232,477.51,Cash,Completed,2024-01-27 03:27:11
3233,3233,453.33,Cash,Completed,2024-12-24 07:59:43
3234,3234,731.38,Paytm,Failed,2024-11-25 18:18:58
3235,3235,357.12,Paytm,Completed,2025-07-23 08:41:43
3236,3236,673.61,Paytm,Completed,2024-03-11 17:43:05
3237,3237,250.85,Cash,Completed,2023-12-31 02:50:58
3238,3238,471.95,Credit Card,Completed,2025-01-22 09:47:50
3239,3239,599.32,Paytm,Completed,2024-05-03 14:13:12
3240,3240,223.99,Cash,Completed,2024-10-11 21:04:57
3241,3241,687.88,Paytm,Completed,2024-06-03 15:40:32
3242,3242,429.3,Credit Card,Completed,2025-05-25 03:05:23
3243,3243,748.5,UPI,Completed,2025-08-03 04:37:54
3244,3244,302.27,PayPal,Completed,2023-11-18 09:03:19
3245,3245,583.3,Paytm,Completed,2023-11-05 03:53:12
3246,3246,539.7,Credit Card,Completed,2024-02-06 22:57:39
3247,3247,505.97,PayPal,Completed,2024-12-07 00:26:37
3248,3248,55.11,PayPal,Completed,2023-11-07 21:01:31
3249,3249,718.1,Paytm,Completed,2025-07-12 20:55:59
3250,3250,330.48,PayPal,Pending,2024-09-22 19:01:22
3251,3251,484.69,Paytm,Completed,2024-12-14 17:06:02
3252,3252,421.7,Cash,Completed,2024-03-02 14:11:41
3253,3253,449.79,Credit Card,Completed,2023-10-06 13:42:02
3254,3254,319.86,Credit Card,Completed,2025-06-28 05:34:43
3255,3255,188.8,PayPal,Completed,2025-02-13 12:24:26
3256,3256,598.93,Cash,Completed,2024-10-13 21:30:44
3257,3257,449.48,Credit Card,Completed,2025-05-30 18:44:20
3258,3258,657.62,UPI,Completed,2023-09-05 12:53:14
3259,3259,318.48,UPI,Completed,2025-02-18 15:50:02
3260,3260,371.17,Cash,Completed,2024-08-10 19:11:02
3261,3261,208.99,Cash,Failed,2023-11-04 11:59:40
3262,3262,488.64,Paytm,Completed,2024-12-11 02:56:54
3263,3263,320.59,Credit Card,Completed,2024-07-16 07:26:08
3264,3264,601.58,Paytm,Completed,2024-10-15 00:24:40
3265,3265,328.29,Credit Card,Completed,2023-09-13 19:55:52
3266,3266,569.84,UPI,Completed,2024-10-16 16:23:33
3267,3267,748.01,PayPal,Completed,2024-10-09 22:39:02
3268,3268,564.41,Paytm,Completed,2024-09-24 02:57:54
3269,3269,410.62,Paytm,Completed,2024-06-05 21:09:44
3270,3270,290.1,Credit Card,Completed,2025-05-14 21:32:29
3271,3271,706.5,Credit Card,Completed,2024-05-22 11:05:23
3272,3272,108.17,Paytm,Completed,2024-10-26 13:20:54
3273,3273,790.74,Credit Card,Completed,2024-09-11 23:43:40
3274,3274,568.35,Cash,Completed,2024-05-05 04:13:00
3275,3275,394.04,Cash,Pending,2024-03-26 13:56:05
3276,3276,503.05,UPI,Completed,2023-09-29 05:55:40
3277,3277,626.59,PayPal,Completed,2024-08-22 11:15:04
3278,3278,194.97,UPI,Completed,2025-03-30 12:21:04
3279,3279,577.21,Paytm,Completed,2024-01-12 23:14:56
3280,3280,580.51,UPI,Completed,2023-12-21 16:24:47
3281,3281,775.99,Cash,Completed,2024-01-03 03:39:02
3282,3282,97.96,PayPal,Completed,2024-03-21 17:23:50
3283,3283,282.17,Credit Card,Completed,2024-12-19 23:53:43
3284,3284,579.48,PayPal,Completed,2023-12-06 07:28:15
3285,3285,774.53,UPI,Completed,2024-04-20 14:45:37
3286,3286,518.09,Credit Card,Completed,2023-11-10 09:10:27
3287,3287,185.15,PayPal,Completed,2025-06-29 19:38:01
3288,3288,564.44,Paytm,Completed,2024-01-06 01:25:48
3289,3289,298.35,Credit Card,Completed,2024-08-31 13:14:17
3290,3290,795.3,Credit Card,Completed,2025-04-15 23:26:07
3291,3291,581.2,UPI,Completed,2024-07-09 18:02:04
3292,3292,527.5,Credit Card,Completed,2023-11-04 18:39:30
3293,3293,555.81,Cash,Completed,2024-07-11 15:16:18
3294,3294,274.82,UPI,Completed,2024-04-09 12:53:04
3295,3295,378.18,UPI,Completed,2024-12-16 21:03:44
3296,3296,548.26,PayPal,Completed,2024-04-07 19:47:30
3297,3297,556.42,PayPal,Completed,2024-06-25 09:29:36
3298,3298,525.33,UPI,Completed,2024-04-15 07:35:28
3299,3299,407.8,PayPal,Failed,2023-09-24 20:52:30
3300,3300,721.25,Cash,Completed,2024-07-28 05:28:07
3301,3301,203.13,Paytm,Completed,2024-01-11 04:16:57
3302,3302,90.97,Paytm,Completed,2024-12-19 10:35:54
3303,3303,328.22,Credit Card,Completed,2025-07-30 21:40:24
3304,3304,331.04,UPI,Completed,2025-01-13 23:53:00
3305,3305,378.06,Cash,Completed,2024-12-01 13:42:55
3306,3306,325.54,PayPal,Completed,2024-02-22 03:08:47
3307,3307,669.64,UPI,Completed,2025-07-26 07:13:51
3308,3308,310.17,Paytm,Completed,2023-12-14 16:23:29
3309,3309,234.43,Paytm,Completed,2024-06-12 02:53:36
3310,3310,136.26,Credit Card,Completed,2023-12-01 08:57:13
3311,3311,336.53,Credit Card,Completed,2025-03-01 00:37:03
3312,3312,599.44,Cash,Completed,2023-08-30 09:12:19
3313,3313,51.91,UPI,Completed,2024-12-18 11:25:01
3314,3314,109.55,Cash,Completed,2024-12-07 03:34:05
3315,3315,744.59,Cash,Completed,2024-12-07 16:52:53
3316,3316,637.03,PayPal,Completed,2024-06-29 00:58:30
3317,3317,489.36,Credit Card,Completed,2025-07-23 19:01:35
3318,3318,411.33,Credit Card,Completed,2025-04-25 14:53:55
3319,3319,561.9,Credit Card,Completed,2023-10-23 18:01:30
3320,3320,241.95,Cash,Completed,2024-10-21 20:39:58
3321,3321,590.68,Paytm,Pending,2025-06-29 20:40:11
3322,3322,558.39,Credit Card,Completed,2025-06-11 12:15:08
3323,3323,229.14,PayPal,Completed,2024-03-20 11:57:18
3324,3324,508.94,Cash,Completed,2025-04-25 00:51:03
3325,3325,285.52,UPI,Completed,2025-03-02 05:11:41
3326,3326,289.98,Credit Card,Completed,2024-01-23 09:17:36
3327,3327,588.58,Cash,Completed,2024-02-26 04:25:29
3328,3328,721.2,Cash,Pending,2024-09-11 07:17:58
3329,3329,168.46,UPI,Completed,2024-05-22 13:21:41
3330,3330,61.14,Paytm,Completed,2023-12-11 05:42:52
3331,3331,674.28,Cash,Completed,2023-08-26 16:19:15
3332,3332,325.45,Cash,Completed,2025-03-26 07:49:21
3333,3333,461.61,UPI,Completed,2024-05-08 15:32:15
3334,3334,645.47,Cash,Completed,2024-09-15 10:14:18
3335,3335,670.91,Paytm,Completed,2025-03-17 13:26:57
3336,3336,741.22,Credit Card,Completed,2024-02-26 17:36:26
3337,3337,531.71,Paytm,Completed,2024-07-24 08:46:35
3338,3338,694.3,Cash,Pending,2025-02-22 04:00:14
3339,3339,485.57,PayPal,Completed,2025-01-24 09:27:00
3340,3340,203.15,Paytm,Completed,2024-12-13 17:34:02
3341,3341,161.72,PayPal,Completed,2025-05-12 16:16:08
3342,3342,473.35,PayPal,Completed,2023-08-05 17:12:59
3343,3343,621.91,Cash,Completed,2024-09-27 19:18:37
3344,3344,374.95,Credit Card,Completed,2024-04-28 02:30:39
3345,3345,390.11,Credit Card,Completed,2024-03-15 15:45:56
3346,3346,557.14,Cash,Completed,2025-05-09 01:51:49
3347,3347,130.75,PayPal,Completed,2025-03-06 19:04:04
3348,3348,754.35,PayPal,Completed,2023-10-01 02:54:29
3349,3349,62.16,Paytm,Completed,2025-01-19 13:28:19
3350,3350,636.03,Credit Card,Completed,2025-08-04 22:01:06
3351,3351,152.94,Paytm,Completed,2023-11-13 21:58:44
3352,3352,467.35,Credit Card,Completed,2024-03-15 07:46:19
3353,3353,360.02,Credit Card,Completed,2025-02-10 04:23:00
3354,3354,528.77,Paytm,Completed,2024-03-04 07:22:41
3355,3355,562.89,Credit Card,Completed,2024-08-18 13:58:51
3356,3356,667.02,PayPal,Completed,2024-09-14 02:37:07
3357,3357,568.23,UPI,Completed,2024-10-09 22:57:16
3358,3358,733.01,Paytm,Completed,2025-07-18 14:14:52
3359,3359,197.44,Cash,Failed,2024-03-17 01:29:25
3360,3360,764.31,UPI,Completed,2024-01-16 13:35:32
3361,3361,653.65,UPI,Completed,2023-09-16 14:06:27
3362,3362,198.39,Cash,Completed,2023-08-19 14:58:55
3363,3363,59.0,Cash,Completed,2025-01-20 12:54:07
3364,3364,222.35,Paytm,Completed,2025-04-13 05:38:43
3365,3365,204.67,Credit Card,Completed,2025-03-11 19:40:45
3366,3366,429.01,PayPal,Completed,2025-01-03 06:36:05
3367,3367,90.72,Paytm,Completed,2025-05-25 14:03:54
3368,3368,414.71,Cash,Completed,2024-04-23 09:52:30
3369,3369,676.22,PayPal,Completed,2025-01-26 03:10:39
3370,3370,109.71,Paytm,Completed,2023-08-18 05:20:56
3371,3371,304.13,Paytm,Completed,2024-07-31 08:30:44
3372,3372,367.19,Credit Card,Completed,2024-12-14 14:16:25
3373,3373,612.02,Credit Card,Completed,2025-04-18 07:35:51
3374,3374,700.6,Paytm,Completed,2024-01-01 17:37:28
3375,3375,127.98,PayPal,Completed,2024-04-14 17:32:29
3376,3376,258.28,Cash,Completed,2024-01-01 19:58:44
3377,3377,185.73,Credit Card,Completed,2024-04-16 07:48:35
3378,3378,435.5,UPI,Completed,2024-01-01 01:18:06
3379,3379,694.83,Cash,Completed,2023-12-22 15:58:52
3380,3380,323.13,PayPal,Completed,2024-02-20 07:29:52
3381,3381,726.26,PayPal,Completed,2024-04-01 11:15:55
3382,3382,651.12,Credit Card,Completed,2024-02-17 05:25:49
3383,3383,214.83,Paytm,Completed,2024-11-22 18:13:15
3384,3384,590.67,Paytm,Completed,2023-11-30 10:19:34
3385,3385,714.11,Paytm,Completed,2024-10-31 21:37:08
3386,3386,573.14,Paytm,Pending,2025-01-14 22:27:38
3387,3387,510.28,Cash,Completed,2025-02-25 19:31:02
3388,3388,696.12,Cash,Completed,2025-07-13 00:09:42
3389,3389,422.3,Cash,Completed,2024-04-25 16:55:38
3390,3390,768.52,UPI,Completed,2024-12-30 20:11:04
3391,3391,730.7,Credit Card,Completed,2024-08-04 06:26:21
3392,3392,199.41,Credit Card,Completed,2025-07-16 18:44:19
3393,3393,576.67,Cash,Completed,2025-04-19 09:38:33
3394,3394,445.47,Paytm,Completed,2024-11-08 19:48:50
3395,3395,612.51,Credit Card,Completed,2024-07-27 11:54:01
3396,3396,502.28,UPI,Completed,2024-10-03 23:49:25
3397,3397,162.13,Paytm,Completed,2024-05-31 04:42:02
3398,3398,327.34,Paytm,Completed,2024-12-12 10:55:05
3399,3399,320.51,PayPal,Pending,2025-07-28 00:41:56
3400,3400,143.41,Credit Card,Completed,2023-11-01 22:43:26
3401,3401,234.42,Paytm,Completed,2023-11-17 07:36:39
3402,3402,179.49,Paytm,Completed,2024-10-12 12:33:38
3403,3403,480.5,UPI,Completed,2025-03-18 00:09:55
3404,3404,537.23,Paytm,Completed,2024-06-15 13:31:41
3405,3405,505.6,PayPal,Completed,2023-08-11 15:31:00
3406,3406,239.51,Cash,Completed,2023-09-17 18:11:20
3407,3407,761.21,Paytm,Failed,2024-01-19 07:11:17
3408,3408,469.36,Cash,Completed,2024-02-19 13:00:47
3409,3409,676.95,Credit Card,Completed,2023-11-20 17:20:35
3410,3410,511.98,UPI,Completed,2025-03-04 03:57:19
3411,3411,161.7,Cash,Completed,2023-12-13 14:51:18
3412,3412,172.08,UPI,Completed,2025-06-03 17:44:27
3413,3413,696.98,Paytm,Completed,2024-12-25 10:57:55
3414,3414,163.77,Paytm,Completed,2023-12-13 04:49:43
3415,3415,316.16,PayPal,Completed,2024-05-18 02:44:26
3416,3416,600.59,Credit Card,Completed,2024-05-31 09:20:29
3417,3417,718.75,PayPal,Completed,2023-11-14 14:14:14
3418,3418,680.03,Paytm,Completed,2025-05-06 21:39:57
3419,3419,276.76,Credit Card,Completed,2024-03-06 06:29:25
3420,3420,638.57,UPI,Completed,2025-07-26 23:32:23
3421,3421,336.62,PayPal,Completed,2024-06-12 21:21:50
3422,3422,226.94,Paytm,Completed,2025-02-10 01:04:36
3423,3423,151.57,PayPal,Completed,2025-02-19 01:11:27
3424,3424,707.98,UPI,Completed,2024-08-24 02:18:23
3425,3425,362.91,Paytm,Completed,2024-08-07 19:10:28
3426,3426,71.78,Credit Card,Completed,2024-04-11 22:06:05
3427,3427,306.14,Credit Card,Completed,2023-10-05 06:13:59
3428,3428,396.43,PayPal,Completed,2024-06-07 23:06:38
3429,3429,776.73,Cash,Completed,2024-06-05 20:46:10
3430,3430,261.69,Credit Card,Completed,2025-02-13 00:52:33
3431,3431,172.81,Paytm,Completed,2025-05-27 18:32:21
3432,3432,625.33,Credit Card,Failed,2024-06-17 05:53:37
3433,3433,116.37,Credit Card,Completed,2024-01-29 04:47:34
3434,3434,137.53,PayPal,Completed,2023-08-06 23:03:23
3435,3435,447.78,Credit Card,Completed,2024-02-10 10:52:34
3436,3436,418.49,Cash,Completed,2023-10-03 20:00:59
3437,3437,339.52,Credit Card,Completed,2024-08-24 12:14:23
3438,3438,174.24,Cash,Completed,2024-12-30 14:52:12
3439,3439,349.21,Credit Card,Completed,2023-11-29 19:15:12
3440,3440,294.83,Paytm,Completed,2023-11-03 05:53:08
3441,3441,626.8,Paytm,Completed,2025-05-01 01:40:44
3442,3442,345.82,Cash,Completed,2023-10-22 19:59:53
3443,3443,290.26,Cash,Pending,2024-07-01 00:25:48
3444,3444,431.56,Paytm,Completed,2023-12-10 19:50:14
3445,3445,111.42,Credit Card,Failed,2025-01-20 16:21:39
3446,3446,259.04,UPI,Completed,2024-03-28 06:15:58
3447,3447,282.3,PayPal,Completed,2025-02-24 17:03:31
3448,3448,758.51,Paytm,Completed,2025-03-09 23:03:30
3449,3449,365.18,UPI,Pending,2025-07-01 02:46:17
3450,3450,275.96,Paytm,Completed,2025-04-26 15:06:17
3451,3451,285.0,UPI,Completed,2024-03-09 03:13:23
3452,3452,614.13,PayPal,Failed,2023-12-15 18:31:45
3453,3453,507.69,PayPal,Completed,2023-09-26 11:47:56
3454,3454,702.99,Cash,Completed,2024-06-22 23:27:48
3455,3455,486.5,Paytm,Completed,2025-02-26 21:10:05
3456,3456,120.72,PayPal,Completed,2025-01-09 23:34:23
3457,3457,322.38,Credit Card,Completed,2024-10-23 05:19:18
3458,3458,390.87,Cash,Failed,2024-05-28 20:48:07
3459,3459,520.75,UPI,Completed,2023-09-26 16:19:23
3460,3460,276.68,UPI,Completed,2025-01-12 17:31:24
3461,3461,140.16,UPI,Pending,2025-06-18 00:42:18
3462,3462,745.6,Cash,Completed,2024-07-14 14:48:52
3463,3463,749.13,Credit Card,Completed,2024-07-07 07:22:41
3464,3464,773.28,Paytm,Completed,2023-09-05 19:31:44
3465,3465,480.66,UPI,Completed,2023-08-07 13:40:21
3466,3466,410.52,Credit Card,Completed,2025-07-14 02:20:36
3467,3467,460.75,Credit Card,Completed,2023-08-11 11:55:21
3468,3468,265.21,Cash,Completed,2024-12-06 13:04:29
3469,3469,357.24,Credit Card,Completed,2024-03-24 20:56:52
3470,3470,436.35,PayPal,Completed,2023-09-18 20:34:29
3471,3471,154.48,Paytm,Completed,2025-01-30 23:22:42
3472,3472,370.17,UPI,Completed,2024-09-22 22:32:41
3473,3473,432.74,Paytm,Completed,2025-02-18 04:34:33
3474,3474,495.74,Paytm,Completed,2025-04-13 15:13:22
3475,3475,153.41,Paytm,Completed,2023-12-29 09:47:01
3476,3476,627.35,Paytm,Completed,2025-03-26 03:57:19
3477,3477,96.59,Cash,Completed,2025-07-28 02:30:39
3478,3478,333.02,PayPal,Completed,2025-06-28 13:35:56
3479,3479,711.7,Cash,Completed,2024-10-19 23:28:24
3480,3480,536.88,Paytm,Completed,2024-01-01 09:26:28
3481,3481,527.85,UPI,Completed,2024-07-06 22:55:52
3482,3482,532.02,Cash,Completed,2025-01-13 12:13:49
3483,3483,493.34,UPI,Completed,2024-06-07 13:31:11
3484,3484,58.54,Credit Card,Completed,2025-01-14 08:38:28
3485,3485,154.6,Paytm,Completed,2024-06-16 12:54:07
3486,3486,632.7,Paytm,Completed,2024-05-31 00:16:57
3487,3487,500.23,Cash,Completed,2024-06-08 02:04:30
3488,3488,368.36,Cash,Completed,2025-03-20 04:33:24
3489,3489,246.02,Cash,Completed,2023-11-17 01:55:40
3490,3490,130.99,PayPal,Completed,2024-06-04 18:54:36
3491,3491,533.02,PayPal,Completed,2025-06-29 11:47:59
3492,3492,363.46,Paytm,Completed,2023-08-30 01:02:47
3493,3493,660.57,Paytm,Completed,2024-09-02 21:07:03
3494,3494,485.94,PayPal,Completed,2025-07-21 13:07:35
3495,3495,54.82,Paytm,Completed,2024-11-24 15:49:11
3496,3496,486.29,UPI,Completed,2024-04-23 17:30:55
3497,3497,81.66,Cash,Completed,2025-01-25 08:09:50
3498,3498,607.63,UPI,Completed,2024-04-17 19:16:20
3499,3499,403.52,Credit Card,Completed,2024-10-05 07:41:35
3500,3500,671.54,UPI,Completed,2024-09-01 11:17:24
3501,3501,387.44,Credit Card,Completed,2025-05-23 03:19:21
3502,3502,511.91,Credit Card,Completed,2025-02-01 07:32:45
3503,3503,134.92,Credit Card,Completed,2024-01-07 04:39:00
3504,3504,473.85,UPI,Completed,2024-12-04 22:27:35
3505,3505,252.04,Credit Card,Completed,2024-08-07 00:34:39
3506,3506,167.19,UPI,Completed,2025-06-14 08:44:06
3507,3507,713.12,Paytm,Completed,2023-11-05 16:20:50
3508,3508,672.1,Cash,Completed,2025-06-14 20:55:04
3509,3509,486.11,Paytm,Completed,2023-09-10 04:49:08
3510,3510,663.88,UPI,Completed,2024-01-13 13:27:59
3511,3511,187.97,Cash,Completed,2024-04-18 07:18:50
3512,3512,741.91,Credit Card,Completed,2024-12-06 02:24:35
3513,3513,289.47,Paytm,Completed,2024-04-16 20:02:42
3514,3514,689.44,Paytm,Completed,2024-10-13 20:01:17
3515,3515,331.37,Cash,Completed,2024-03-03 17:49:32
3516,3516,103.82,UPI,Completed,2024-05-09 12:59:44
3517,3517,145.28,Cash,Completed,2024-01-14 10:00:46
3518,3518,433.76,Paytm,Completed,2024-08-27 16:05:52
3519,3519,687.97,UPI,Completed,2024-08-25 01:55:05
3520,3520,281.56,Cash,Pending,2024-12-06 14:00:14
3521,3521,297.4,PayPal,Completed,2024-10-20 10:27:01
3522,3522,719.2,PayPal,Completed,2024-08-12 13:57:25
3523,3523,357.09,Cash,Completed,2024-02-04 20:55:02
3524,3524,741.89,Paytm,Completed,2024-03-14 15:29:02
3525,3525,386.3,PayPal,Completed,2023-11-05 18:28:08
3526,3526,470.72,UPI,Completed,2024-08-01 08:29:29
3527,3527,668.23,Cash,Completed,2024-04-02 01:35:58
3528,3528,642.39,Paytm,Completed,2023-08-13 09:12:29
3529,3529,549.76,Credit Card,Completed,2024-02-17 13:41:53
3530,3530,616.81,UPI,Completed,2024-08-25 07:20:24
3531,3531,640.94,Paytm,Completed,2023-10-09 07:33:43
3532,3532,582.55,PayPal,Completed,2025-07-26 13:39:04
3533,3533,486.06,UPI,Completed,2024-05-04 00:48:38
3534,3534,68.9,UPI,Completed,2024-11-09 14:34:47
3535,3535,341.24,Paytm,Completed,2023-11-20 23:12:13
3536,3536,685.11,Paytm,Completed,2024-10-20 10:03:16
3537,3537,51.99,Credit Card,Completed,2023-10-31 22:47:11
3538,3538,459.2,PayPal,Completed,2023-11-21 23:51:19
3539,3539,66.46,Paytm,Completed,2025-01-26 18:56:46
3540,3540,613.63,Credit Card,Completed,2023-11-06 23:00:26
3541,3541,707.42,Paytm,Completed,2024-02-13 20:52:40
3542,3542,243.79,PayPal,Completed,2025-05-11 13:10:33
3543,3543,199.74,Paytm,Completed,2025-04-30 17:44:28
3544,3544,252.49,Paytm,Completed,2025-02-01 14:04:35
3545,3545,172.6,Paytm,Completed,2024-04-30 17:10:44
3546,3546,743.48,Credit Card,Completed,2025-04-21 05:02:14
3547,3547,558.59,PayPal,Completed,2024-08-30 15:17:12
3548,3548,472.77,Cash,Completed,2024-09-24 02:58:59
3549,3549,787.74,Paytm,Completed,2024-08-22 09:37:16
3550,3550,771.63,Cash,Completed,2025-06-17 21:37:09
3551,3551,752.28,UPI,Completed,2023-08-26 21:05:35
3552,3552,509.14,UPI,Completed,2025-04-16 08:56:45
3553,3553,282.35,PayPal,Completed,2024-02-18 03:27:49
3554,3554,646.9,UPI,Pending,2024-01-12 13:28:46
3555,3555,667.01,Paytm,Completed,2023-11-23 14:04:59
3556,3556,423.13,PayPal,Completed,2025-05-15 18:24:40
3557,3557,435.32,Paytm,Completed,2025-06-03 15:08:31
3558,3558,476.06,Credit Card,Completed,2023-09-02 15:48:33
3559,3559,355.54,Credit Card,Completed,2025-06-30 15:00:13
3560,3560,148.7,Cash,Completed,2024-09-29 10:15:00
3561,3561,535.81,PayPal,Completed,2023-08-20 02:51:42
3562,3562,304.66,Paytm,Completed,2025-02-05 22:25:32
3563,3563,162.53,PayPal,Pending,2024-02-27 16:45:00
3564,3564,77.81,Cash,Completed,2025-05-01 11:33:17
3565,3565,237.88,Credit Card,Completed,2025-04-11 02:51:39
3566,3566,382.86,Credit Card,Pending,2025-06-13 16:20:49
3567,3567,472.44,PayPal,Completed,2024-06-27 10:00:09
3568,3568,145.48,Credit Card,Pending,2024-09-10 13:20:49
3569,3569,332.09,Cash,Completed,2025-06-03 03:15:53
3570,3570,535.83,Credit Card,Completed,2025-02-17 03:12:41
3571,3571,136.04,UPI,Completed,2024-10-20 01:49:42
3572,3572,114.66,Credit Card,Completed,2024-11-25 20:45:51
3573,3573,338.43,Cash,Completed,2023-09-22 22:34:30
3574,3574,575.85,UPI,Completed,2023-09-14 18:28:10
3575,3575,208.9,Credit Card,Completed,2025-04-25 15:20:09
3576,3576,795.64,Cash,Completed,2024-10-28 18:27:10
3577,3577,717.13,Paytm,Completed,2025-06-08 20:26:06
3578,3578,475.99,Credit Card,Completed,2025-06-24 11:56:43
3579,3579,60.19,UPI,Completed,2024-08-29 06:25:20
3580,3580,470.23,Credit Card,Completed,2025-06-19 06:29:01
3581,3581,301.44,Paytm,Completed,2024-09-23 04:13:17
3582,3582,471.23,Credit Card,Completed,2024-12-05 03:02:19
3583,3583,439.57,Credit Card,Completed,2025-05-08 07:46:26
3584,3584,201.82,UPI,Completed,2024-07-06 05:46:04
3585,3585,169.07,Cash,Completed,2024-04-14 13:19:31
3586,3586,126.56,Paytm,Pending,2024-07-05 15:43:43
3587,3587,150.13,PayPal,Completed,2024-08-11 15:12:14
3588,3588,530.13,Paytm,Completed,2025-03-21 08:19:55
3589,3589,419.72,Paytm,Completed,2025-04-15 05:30:53
3590,3590,598.55,Cash,Pending,2024-01-05 09:02:26
3591,3591,489.9,Paytm,Completed,2024-01-04 23:33:36
3592,3592,622.37,Paytm,Completed,2025-03-06 18:51:58
3593,3593,566.61,Credit Card,Completed,2024-03-03 08:10:57
3594,3594,247.76,PayPal,Completed,2024-12-22 11:04:09
3595,3595,244.24,Paytm,Completed,2025-07-10 06:30:18
3596,3596,110.77,UPI,Completed,2024-05-19 17:06:49
3597,3597,326.63,UPI,Completed,2024-11-03 04:00:12
3598,3598,512.79,Paytm,Completed,2024-08-28 20:41:09
3599,3599,217.02,PayPal,Completed,2025-01-15 06:03:36
3600,3600,375.93,Paytm,Completed,2024-02-16 12:46:37
3601,3601,84.51,Credit Card,Completed,2023-09-07 17:44:19
3602,3602,789.52,UPI,Completed,2025-03-06 11:27:55
3603,3603,265.73,PayPal,Completed,2025-01-30 12:16:18
3604,3604,366.1,UPI,Completed,2024-08-14 10:34:03
3605,3605,97.94,PayPal,Completed,2023-10-28 05:08:05
3606,3606,346.03,UPI,Completed,2025-03-29 17:35:29
3607,3607,537.3,Paytm,Completed,2025-01-31 10:19:49
3608,3608,713.98,UPI,Completed,2024-07-30 00:29:33
3609,3609,196.37,Credit Card,Completed,2024-04-16 06:24:56
3610,3610,674.68,Credit Card,Completed,2025-01-31 03:16:00
3611,3611,576.09,UPI,Completed,2023-12-16 23:52:58
3612,3612,411.88,PayPal,Completed,2024-03-22 03:02:03
3613,3613,282.13,Paytm,Completed,2024-07-17 09:38:52
3614,3614,258.53,Cash,Completed,2025-02-15 08:58:48
3615,3615,482.25,PayPal,Pending,2025-06-13 15:54:28
3616,3616,640.86,Paytm,Completed,2024-07-01 21:38:45
3617,3617,671.16,UPI,Completed,2024-11-11 16:12:43
3618,3618,369.63,UPI,Completed,2024-02-02 19:35:51
3619,3619,282.74,UPI,Completed,2025-05-01 03:53:49
3620,3620,519.72,Cash,Completed,2024-10-07 05:50:58
3621,3621,455.26,Cash,Pending,2024-11-20 00:58:57
3622,3622,409.44,Cash,Completed,2024-04-17 17:18:42
3623,3623,106.57,UPI,Completed,2023-08-18 06:01:47
3624,3624,55.84,Cash,Completed,2023-11-30 20:54:34
3625,3625,91.19,UPI,Completed,2023-08-11 04:42:43
3626,3626,152.02,PayPal,Completed,2023-08-11 18:06:58
3627,3627,192.39,Paytm,Completed,2025-04-29 13:59:01
3628,3628,424.83,PayPal,Completed,2025-05-04 08:51:19
3629,3629,482.64,UPI,Completed,2024-04-12 16:54:58
3630,3630,602.84,Cash,Completed,2023-12-27 07:03:24
3631,3631,261.7,Paytm,Completed,2024-11-06 09:15:51
3632,3632,150.53,Paytm,Completed,2024-04-26 00:26:09
3633,3633,239.5,Paytm,Completed,2024-06-09 18:39:13
3634,3634,404.29,Credit Card,Completed,2025-04-18 19:19:36
3635,3635,476.09,Cash,Failed,2024-03-07 23:51:23
3636,3636,564.18,Cash,Completed,2023-12-05 09:48:03
3637,3637,399.19,UPI,Completed,2024-06-04 16:22:48
3638,3638,694.17,Paytm,Completed,2024-12-23 02:56:34
3639,3639,178.78,PayPal,Completed,2023-12-08 02:01:07
3640,3640,268.27,Credit Card,Completed,2024-03-22 00:54:19
3641,3641,291.78,PayPal,Completed,2025-04-08 19:14:10
3642,3642,490.39,UPI,Completed,2025-01-09 23:37:52
3643,3643,709.68,Paytm,Completed,2024-04-24 17:32:25
3644,3644,687.65,Paytm,Completed,2024-10-02 19:28:40
3645,3645,607.99,PayPal,Completed,2024-07-08 06:01:08
3646,3646,771.28,PayPal,Completed,2023-11-04 11:21:52
3647,3647,324.76,PayPal,Completed,2023-12-29 12:40:55
3648,3648,110.79,PayPal,Completed,2024-03-09 02:37:30
3649,3649,424.35,Cash,Pending,2024-07-27 00:52:09
3650,3650,738.98,Cash,Completed,2024-05-27 05:32:20
3651,3651,567.99,Credit Card,Completed,2023-10-02 11:00:21
3652,3652,410.36,PayPal,Completed,2025-04-19 16:01:13
3653,3653,152.85,Cash,Completed,2024-04-05 16:11:41
3654,3654,141.99,Paytm,Completed,2024-03-20 22:21:48
3655,3655,444.12,UPI,Completed,2023-08-10 19:49:52
3656,3656,52.29,PayPal,Completed,2023-08-06 11:53:58
3657,3657,139.26,PayPal,Completed,2023-10-28 07:54:17
3658,3658,558.69,PayPal,Completed,2023-12-28 23:39:25
3659,3659,168.71,Cash,Completed,2024-08-28 14:11:59
3660,3660,718.19,Cash,Failed,2025-04-01 20:28:34
3661,3661,311.33,UPI,Completed,2024-09-07 04:40:52
3662,3662,651.25,Credit Card,Completed,2023-08-07 14:08:33
3663,3663,490.32,Credit Card,Completed,2023-10-16 05:15:04
3664,3664,578.55,PayPal,Failed,2024-03-18 08:18:40
3665,3665,527.76,Cash,Completed,2024-02-07 16:55:41
3666,3666,105.57,PayPal,Completed,2024-03-28 11:29:28
3667,3667,591.12,Paytm,Completed,2023-11-08 01:01:54
3668,3668,649.69,UPI,Completed,2024-09-23 18:30:28
3669,3669,512.51,PayPal,Pending,2025-01-14 09:31:59
3670,3670,697.76,UPI,Completed,2023-12-18 05:45:10
3671,3671,314.78,Paytm,Completed,2024-03-11 23:55:16
3672,3672,239.82,PayPal,Completed,2024-05-09 16:54:32
3673,3673,321.07,Paytm,Completed,2023-12-29 10:27:06
3674,3674,54.56,Paytm,Completed,2025-06-03 10:49:33
3675,3675,656.02,Credit Card,Completed,2024-10-07 23:14:40
3676,3676,140.71,Cash,Completed,2024-09-11 09:07:03
3677,3677,747.35,UPI,Completed,2023-08-06 06:21:52
3678,3678,627.33,Paytm,Pending,2024-06-14 04:09:22
3679,3679,538.26,Credit Card,Completed,2024-07-30 01:02:34
3680,3680,209.14,Paytm,Pending,2025-05-10 22:08:08
3681,3681,293.71,Credit Card,Completed,2024-08-12 02:45:07
3682,3682,744.82,Credit Card,Completed,2025-06-06 12:57:02
3683,3683,422.23,Cash,Completed,2023-12-02 07:26:17
3684,3684,154.25,PayPal,Completed,2023-12-06 08:07:45
3685,3685,179.71,Paytm,Completed,2024-03-24 15:13:43
3686,3686,770.23,UPI,Completed,2024-01-09 06:15:44
3687,3687,352.08,PayPal,Completed,2024-02-02 14:00:56
3688,3688,625.01,Cash,Completed,2024-10-25 00:05:42
3689,3689,181.5,UPI,Completed,2023-08-15 02:54:00
3690,3690,464.71,PayPal,Completed,2024-06-08 03:33:51
3691,3691,768.54,Credit Card,Completed,2024-10-18 04:52:46
3692,3692,265.13,UPI,Completed,2024-04-06 20:04:11
3693,3693,285.23,PayPal,Completed,2025-02-25 08:25:23
3694,3694,500.39,Credit Card,Completed,2025-06-08 08:07:44
3695,3695,442.51,PayPal,Completed,2024-03-29 09:00:06
3696,3696,442.78,Paytm,Completed,2024-12-09 02:25:24
3697,3697,472.03,UPI,Completed,2023-12-06 13:10:04
3698,3698,323.48,Paytm,Completed,2023-12-12 08:19:03
3699,3699,761.09,Cash,Completed,2024-01-26 18:25:47
3700,3700,270.92,PayPal,Completed,2023-10-17 16:01:27
3701,3701,610.87,PayPal,Completed,2023-08-20 20:59:43
3702,3702,513.67,PayPal,Completed,2025-04-20 17:12:17
3703,3703,389.74,Credit Card,Completed,2023-10-11 09:12:14
3704,3704,371.13,Cash,Completed,2023-12-18 18:30:20
3705,3705,792.99,PayPal,Completed,2025-07-21 07:07:21
3706,3706,710.9,Credit Card,Completed,2025-07-01 05:59:50
3707,3707,768.6,Cash,Completed,2025-03-09 10:47:14
3708,3708,762.56,UPI,Completed,2024-04-05 09:55:40
3709,3709,495.88,PayPal,Completed,2023-09-23 22:19:52
3710,3710,200.48,UPI,Completed,2023-11-10 23:59:25
3711,3711,586.22,Paytm,Completed,2024-10-06 07:18:38
3712,3712,158.34,PayPal,Completed,2024-01-23 04:47:59
3713,3713,659.69,Credit Card,Completed,2024-01-23 12:55:55
3714,3714,789.39,Cash,Completed,2024-08-08 17:03:37
3715,3715,334.24,Credit Card,Completed,2025-04-27 05:32:12
3716,3716,92.99,UPI,Completed,2023-08-19 03:26:12
3717,3717,590.69,PayPal,Completed,2025-02-02 02:35:16
3718,3718,235.85,Cash,Completed,2024-07-12 12:13:03
3719,3719,506.04,PayPal,Completed,2024-11-25 10:24:37
3720,3720,453.38,Credit Card,Completed,2025-04-23 23:12:46
3721,3721,791.25,Credit Card,Completed,2023-09-20 15:25:36
3722,3722,462.73,PayPal,Completed,2023-09-01 06:16:13
3723,3723,718.2,Cash,Completed,2024-01-15 09:50:25
3724,3724,658.05,UPI,Completed,2023-09-22 01:21:41
3725,3725,714.27,Paytm,Completed,2023-12-05 19:08:26
3726,3726,304.48,PayPal,Pending,2023-12-22 23:53:48
3727,3727,299.28,Paytm,Completed,2024-03-08 13:53:47
3728,3728,663.76,PayPal,Completed,2024-12-07 17:15:50
3729,3729,57.31,Cash,Completed,2023-12-12 05:37:52
3730,3730,144.7,Cash,Completed,2025-06-17 20:57:53
3731,3731,312.69,Paytm,Completed,2025-06-13 08:45:28
3732,3732,513.03,UPI,Completed,2024-07-29 10:17:27
3733,3733,63.28,Credit Card,Completed,2024-10-18 06:08:03
3734,3734,340.05,Credit Card,Completed,2025-02-05 09:14:56
3735,3735,184.66,UPI,Completed,2024-01-18 06:43:46
3736,3736,504.54,Cash,Completed,2023-10-19 18:02:18
3737,3737,629.71,UPI,Completed,2024-06-07 03:21:58
3738,3738,166.89,Cash,Pending,2024-06-06 19:35:49
3739,3739,305.52,PayPal,Completed,2024-02-04 23:35:01
3740,3740,157.35,UPI,Pending,2025-02-19 12:14:06
3741,3741,751.12,PayPal,Completed,2025-01-22 20:58:24
3742,3742,654.04,Cash,Completed,2025-04-10 19:43:21
3743,3743,531.69,Cash,Completed,2023-11-23 14:59:19
3744,3744,239.73,Paytm,Completed,2025-06-20 13:10:21
3745,3745,392.92,Credit Card,Completed,2024-03-08 12:12:36
3746,3746,479.5,UPI,Completed,2023-10-10 14:52:38
3747,3747,574.06,UPI,Completed,2024-08-29 18:26:04
3748,3748,295.9,UPI,Completed,2023-08-20 11:34:40
3749,3749,687.34,Paytm,Completed,2024-09-07 21:21:48
3750,3750,707.69,PayPal,Completed,2023-10-13 13:42:07
3751,3751,175.27,Paytm,Completed,2025-03-24 01:45:07
3752,3752,649.5,Credit Card,Pending,2025-07-01 02:33:35
3753,3753,621.94,PayPal,Completed,2024-03-06 03:17:06
3754,3754,491.77,PayPal,Completed,2025-08-03 05:03:09
3755,3755,334.72,UPI,Completed,2024-08-14 14:48:13
3756,3756,379.58,Paytm,Completed,2025-03-30 17:59:31
3757,3757,169.2,Paytm,Completed,2025-05-25 18:26:11
3758,3758,207.26,PayPal,Pending,2025-01-11 06:57:45
3759,3759,373.13,Credit Card,Failed,2025-03-07 19:31:24
3760,3760,657.02,Paytm,Completed,2024-10-13 23:04:04
3761,3761,93.44,Credit Card,Completed,2025-05-25 08:32:42
3762,3762,494.38,Credit Card,Completed,2025-04-19 06:40:01
3763,3763,479.22,Paytm,Completed,2025-02-19 07:17:06
3764,3764,327.3,PayPal,Completed,2024-04-01 23:51:09
3765,3765,593.84,Cash,Completed,2025-07-08 22:01:51
3766,3766,616.31,UPI,Completed,2025-02-26 19:28:03
3767,3767,450.36,PayPal,Completed,2023-09-24 07:04:47
3768,3768,661.26,PayPal,Completed,2024-05-08 06:56:02
3769,3769,647.47,UPI,Completed,2023-11-20 15:25:39
3770,3770,516.91,Credit Card,Completed,2024-02-03 22:51:02
3771,3771,604.85,Paytm,Completed,2024-05-09 17:08:44
3772,3772,148.53,Credit Card,Completed,2024-09-02 04:08:00
3773,3773,736.61,PayPal,Completed,2024-10-04 11:55:30
3774,3774,601.99,UPI,Completed,2023-12-03 15:21:18
3775,3775,642.87,Credit Card,Completed,2025-02-18 12:25:54
3776,3776,773.54,Paytm,Completed,2024-08-29 01:32:03
3777,3777,395.74,Credit Card,Completed,2023-08-09 11:39:50
3778,3778,116.18,Cash,Completed,2025-02-11 09:46:52
3779,3779,513.11,Cash,Failed,2025-01-28 18:57:13
3780,3780,631.58,UPI,Pending,2025-05-14 05:51:25
3781,3781,228.72,Credit Card,Completed,2025-05-17 17:04:27
3782,3782,636.02,Paytm,Completed,2025-04-21 05:19:22
3783,3783,475.81,Cash,Completed,2024-01-06 08:22:11
3784,3784,429.81,Cash,Completed,2023-10-01 14:29:33
3785,3785,493.05,Cash,Completed,2023-11-14 09:45:28
3786,3786,115.57,UPI,Completed,2025-03-01 13:23:17
3787,3787,136.46,Paytm,Completed,2024-02-21 19:27:33
3788,3788,649.52,Paytm,Completed,2025-06-12 18:13:58
3789,3789,623.17,Paytm,Completed,2025-07-04 18:57:20
3790,3790,600.08,UPI,Completed,2024-01-12 23:55:57
3791,3791,694.4,Cash,Completed,2024-09-19 15:17:31
3792,3792,395.57,Paytm,Completed,2024-08-05 19:20:51
3793,3793,250.31,Cash,Completed,2025-04-07 17:55:48
3794,3794,628.15,Credit Card,Completed,2023-09-17 06:20:13
3795,3795,579.49,Credit Card,Completed,2023-10-06 10:44:25
3796,3796,602.84,Paytm,Completed,2024-07-17 01:49:07
3797,3797,698.22,Cash,Completed,2024-06-08 21:25:58
3798,3798,437.33,Cash,Completed,2024-11-18 19:33:00
3799,3799,538.23,Credit Card,Completed,2024-01-12 05:53:26
3800,3800,459.09,Paytm,Pending,2023-10-29 19:02:06
3801,3801,603.57,PayPal,Completed,2024-03-14 02:43:08
3802,3802,184.19,UPI,Completed,2023-08-29 20:52:38
3803,3803,626.5,Cash,Failed,2023-11-29 11:32:46
3804,3804,107.21,Credit Card,Completed,2024-07-31 15:22:44
3805,3805,471.08,UPI,Completed,2024-09-25 04:00:01
3806,3806,242.79,UPI,Completed,2024-02-16 07:01:22
3807,3807,764.68,PayPal,Completed,2024-11-20 15:46:03
3808,3808,646.98,PayPal,Completed,2025-04-10 20:24:42
3809,3809,307.62,PayPal,Completed,2025-02-15 07:14:11
3810,3810,387.78,Cash,Completed,2025-05-25 20:18:14
3811,3811,475.04,Cash,Completed,2023-10-07 12:34:19
3812,3812,523.87,PayPal,Completed,2024-11-18 15:43:05
3813,3813,178.93,PayPal,Completed,2023-11-27 11:43:12
3814,3814,779.89,UPI,Completed,2024-11-07 17:55:59
3815,3815,214.66,Cash,Completed,2023-12-31 04:35:51
3816,3816,95.29,Cash,Pending,2024-01-18 04:13:13
3817,3817,705.64,Paytm,Completed,2024-08-14 15:57:31
3818,3818,537.04,UPI,Completed,2023-12-14 14:31:50
3819,3819,142.19,Cash,Completed,2025-03-28 13:25:55
3820,3820,760.24,PayPal,Completed,2025-04-09 10:30:53
3821,3821,439.96,UPI,Completed,2024-10-30 23:02:56
3822,3822,450.7,Paytm,Completed,2024-07-17 09:03:45
3823,3823,97.55,Paytm,Completed,2024-03-25 22:45:44
3824,3824,239.51,Cash,Completed,2024-05-07 16:01:33
3825,3825,83.68,Cash,Completed,2025-01-13 05:21:41
3826,3826,53.34,UPI,Completed,2024-11-09 19:09:34
3827,3827,395.84,Credit Card,Completed,2024-01-30 14:38:38
3828,3828,416.6,Paytm,Completed,2024-05-03 01:37:52
3829,3829,428.79,PayPal,Completed,2024-04-30 11:28:11
3830,3830,253.82,PayPal,Pending,2023-08-18 11:52:33
3831,3831,582.47,Credit Card,Completed,2025-02-04 01:25:27
3832,3832,407.81,Cash,Completed,2025-05-17 09:03:16
3833,3833,129.04,Credit Card,Completed,2024-12-23 04:46:13
3834,3834,292.45,UPI,Completed,2025-04-11 17:44:39
3835,3835,635.89,Cash,Completed,2024-07-04 10:30:01
3836,3836,514.65,Paytm,Completed,2023-11-28 00:38:25
3837,3837,349.52,UPI,Completed,2025-03-11 17:48:37
3838,3838,669.08,Paytm,Completed,2025-04-30 15:57:13
3839,3839,164.02,Paytm,Completed,2024-11-06 22:45:20
3840,3840,169.18,PayPal,Failed,2024-03-23 16:21:14
3841,3841,516.84,Credit Card,Completed,2023-11-16 17:36:08
3842,3842,457.04,PayPal,Completed,2025-05-15 04:40:56
3843,3843,424.79,PayPal,Completed,2025-03-03 02:01:24
3844,3844,265.23,Credit Card,Failed,2023-09-02 02:31:28
3845,3845,273.08,Paytm,Completed,2024-02-29 09:11:53
3846,3846,514.1,PayPal,Completed,2024-12-04 14:45:28
3847,3847,727.46,Credit Card,Completed,2025-04-18 05:45:21
3848,3848,590.63,UPI,Pending,2024-08-20 16:08:34
3849,3849,718.08,Credit Card,Completed,2024-06-20 15:31:41
3850,3850,268.68,Paytm,Completed,2024-01-13 13:10:28
3851,3851,756.65,UPI,Pending,2024-02-03 05:52:13
3852,3852,376.6,Cash,Completed,2023-08-11 18:48:18
3853,3853,779.01,Paytm,Completed,2025-04-27 22:46:44
3854,3854,392.78,PayPal,Completed,2023-10-13 21:15:37
3855,3855,614.3,Credit Card,Completed,2025-04-08 07:21:18
3856,3856,482.12,PayPal,Completed,2023-10-02 02:35:55
3857,3857,410.25,Credit Card,Pending,2023-12-14 17:45:20
3858,3858,543.28,PayPal,Completed,2023-08-24 14:46:12
3859,3859,708.88,Paytm,Completed,2024-04-07 16:33:38
3860,3860,744.94,Paytm,Completed,2023-11-09 07:33:48
3861,3861,445.43,Paytm,Completed,2025-08-01 11:38:02
3862,3862,309.85,Paytm,Completed,2024-03-09 02:55:43
3863,3863,372.63,Cash,Pending,2024-02-27 08:32:41
3864,3864,420.25,Credit Card,Completed,2025-07-15 21:17:15
3865,3865,603.39,Paytm,Completed,2025-02-03 10:35:55
3866,3866,409.56,Credit Card,Completed,2025-01-07 20:33:26
3867,3867,583.51,Cash,Failed,2024-12-14 04:06:30
3868,3868,95.61,PayPal,Completed,2025-01-29 15:29:13
3869,3869,87.96,UPI,Completed,2024-10-27 10:22:11
3870,3870,793.53,UPI,Completed,2024-09-12 06:35:08
3871,3871,509.66,Cash,Completed,2024-03-08 19:21:44
3872,3872,165.82,UPI,Completed,2023-11-15 18:53:04
3873,3873,611.85,Paytm,Completed,2024-07-31 16:39:05
3874,3874,379.04,PayPal,Completed,2025-06-27 05:06:51
3875,3875,743.09,PayPal,Completed,2024-08-23 20:07:08
3876,3876,778.5,Credit Card,Completed,2024-10-05 18:07:46
3877,3877,369.23,Credit Card,Completed,2024-10-15 07:32:28
3878,3878,736.76,PayPal,Completed,2024-05-22 02:37:27
3879,3879,732.21,Paytm,Completed,2024-07-15 04:19:53
3880,3880,783.1,Credit Card,Failed,2023-09-30 03:11:02
3881,3881,81.62,Credit Card,Completed,2023-08-28 17:13:25
3882,3882,794.4,Credit Card,Completed,2023-11-05 00:19:58
3883,3883,226.79,Paytm,Completed,2023-11-12 14:46:04
3884,3884,364.71,UPI,Completed,2024-07-20 20:54:48
3885,3885,443.44,Paytm,Completed,2025-03-18 17:03:44
3886,3886,308.36,Credit Card,Completed,2024-01-20 05:48:16
3887,3887,713.63,PayPal,Completed,2024-10-22 06:38:43
3888,3888,711.94,Credit Card,Completed,2024-08-12 16:45:56
3889,3889,677.48,Paytm,Completed,2024-09-23 06:18:19
3890,3890,787.22,Credit Card,Completed,2025-04-02 01:38:57
3891,3891,738.01,Cash,Completed,2024-06-20 14:31:24
3892,3892,83.93,Credit Card,Completed,2024-02-25 18:11:05
3893,3893,421.39,PayPal,Completed,2024-04-17 09:06:24
3894,3894,689.82,UPI,Completed,2025-05-16 02:23:01
3895,3895,351.11,PayPal,Completed,2023-11-07 13:40:13
3896,3896,509.35,Cash,Completed,2024-06-11 08:49:11
3897,3897,464.91,UPI,Completed,2024-08-16 15:26:42
3898,3898,562.61,UPI,Completed,2024-10-06 07:32:46
3899,3899,417.98,Paytm,Completed,2024-09-13 10:05:02
3900,3900,184.31,Cash,Completed,2024-05-17 00:23:34
3901,3901,397.12,Cash,Completed,2025-03-06 05:07:39
3902,3902,786.16,UPI,Completed,2023-08-20 06:23:38
3903,3903,410.03,Cash,Completed,2024-05-18 16:40:22
3904,3904,206.16,Credit Card,Completed,2025-04-25 09:12:17
3905,3905,564.39,Paytm,Completed,2025-01-08 22:25:45
3906,3906,380.84,Cash,Completed,2023-11-03 03:17:21
3907,3907,556.64,Cash,Completed,2024-09-15 03:33:05
3908,3908,497.97,Credit Card,Completed,2023-08-05 17:16:21
3909,3909,427.1,PayPal,Completed,2025-06-18 20:23:56
3910,3910,756.09,PayPal,Completed,2025-04-21 11:04:50
3911,3911,336.18,UPI,Completed,2024-11-24 00:56:50
3912,3912,211.59,UPI,Completed,2025-06-17 01:04:25
3913,3913,403.67,Credit Card,Completed,2024-07-14 05:16:26
3914,3914,139.4,Credit Card,Completed,2023-09-12 02:43:59
3915,3915,376.26,Cash,Completed,2023-10-11 06:21:34
3916,3916,730.28,Paytm,Completed,2024-01-22 12:45:07
3917,3917,56.16,UPI,Completed,2024-12-11 15:37:50
3918,3918,204.87,Credit Card,Completed,2023-10-06 12:15:05
3919,3919,760.76,UPI,Completed,2024-05-20 06:52:14
3920,3920,548.94,UPI,Failed,2023-08-28 01:10:37
3921,3921,566.65,UPI,Completed,2025-01-04 17:27:27
3922,3922,263.82,Paytm,Completed,2024-09-28 22:37:57
3923,3923,210.31,UPI,Pending,2025-07-01 07:03:50
3924,3924,494.46,Cash,Completed,2025-04-16 10:47:48
3925,3925,759.49,Paytm,Completed,2025-03-30 08:55:38
3926,3926,222.18,Cash,Completed,2025-03-05 15:17:48
3927,3927,414.58,PayPal,Completed,2025-04-04 13:38:24
3928,3928,357.86,Credit Card,Completed,2023-09-01 13:08:57
3929,3929,86.7,UPI,Completed,2024-06-30 22:38:05
3930,3930,446.08,PayPal,Completed,2023-12-09 11:10:15
3931,3931,509.45,Cash,Completed,2025-03-04 18:28:04
3932,3932,387.22,Credit Card,Completed,2025-04-20 20:03:06
3933,3933,460.67,Cash,Completed,2024-07-19 19:02:32
3934,3934,591.29,Paytm,Completed,2023-12-15 22:14:39
3935,3935,122.12,PayPal,Completed,2024-10-24 05:58:16
3936,3936,594.47,Credit Card,Completed,2024-08-07 17:57:32
3937,3937,346.11,Cash,Completed,2024-03-25 23:06:33
3938,3938,377.13,Paytm,Completed,2023-10-01 06:08:25
3939,3939,102.29,Cash,Pending,2023-12-08 04:59:10
3940,3940,746.7,Credit Card,Completed,2024-08-13 12:33:12
3941,3941,494.42,PayPal,Completed,2025-03-25 13:17:22
3942,3942,162.71,Credit Card,Completed,2025-01-27 04:41:01
3943,3943,538.44,Cash,Completed,2024-09-16 04:18:09
3944,3944,759.29,Paytm,Completed,2023-12-01 11:09:12
3945,3945,504.68,Paytm,Completed,2025-06-25 09:23:54
3946,3946,572.31,Cash,Completed,2023-12-27 23:08:43
3947,3947,440.99,PayPal,Completed,2023-12-14 05:14:12
3948,3948,345.39,Credit Card,Completed,2024-01-02 11:33:55
3949,3949,552.91,PayPal,Completed,2024-03-15 07:35:10
3950,3950,347.48,Cash,Completed,2025-07-31 04:46:39
3951,3951,178.4,UPI,Completed,2023-12-24 09:11:11
3952,3952,52.8,Paytm,Completed,2024-01-30 21:39:46
3953,3953,137.6,UPI,Completed,2023-12-12 12:26:11
3954,3954,789.4,Credit Card,Completed,2023-11-24 12:35:29
3955,3955,769.77,Paytm,Completed,2025-01-25 21:22:00
3956,3956,543.09,UPI,Completed,2024-01-12 02:51:51
3957,3957,588.81,PayPal,Pending,2023-09-02 00:45:58
3958,3958,286.25,Paytm,Completed,2024-11-02 15:18:08
3959,3959,706.8,Cash,Completed,2025-08-03 07:41:43
3960,3960,87.36,UPI,Completed,2024-12-11 20:33:03
3961,3961,696.94,PayPal,Completed,2024-07-28 08:41:49
3962,3962,665.09,Paytm,Completed,2025-07-15 09:35:16
3963,3963,225.1,Paytm,Completed,2024-12-08 22:29:24
3964,3964,421.69,Cash,Completed,2023-09-18 03:03:05
3965,3965,270.84,Cash,Completed,2025-01-30 01:03:07
3966,3966,506.51,PayPal,Completed,2023-10-15 10:42:10
3967,3967,136.25,Paytm,Completed,2025-02-05 13:11:39
3968,3968,557.57,UPI,Completed,2023-12-25 04:27:49
3969,3969,235.32,UPI,Completed,2024-05-31 12:55:39
3970,3970,386.35,Paytm,Completed,2024-10-05 01:57:05
3971,3971,422.47,Credit Card,Pending,2025-03-11 17:21:48
3972,3972,440.21,Cash,Completed,2025-04-20 18:17:46
3973,3973,704.33,Credit Card,Completed,2023-11-17 17:03:16
3974,3974,604.3,Credit Card,Completed,2025-03-21 04:18:58
3975,3975,635.59,PayPal,Completed,2023-10-23 12:04:03
3976,3976,166.56,PayPal,Completed,2024-02-04 03:27:06
3977,3977,159.91,Paytm,Completed,2024-01-08 12:22:08
3978,3978,287.19,Credit Card,Completed,2024-02-29 10:58:32
3979,3979,274.74,UPI,Completed,2023-11-13 02:56:08
3980,3980,79.62,PayPal,Completed,2025-05-09 06:22:10
3981,3981,270.75,Paytm,Completed,2024-01-02 16:44:14
3982,3982,638.83,PayPal,Completed,2024-07-21 17:42:19
3983,3983,312.33,PayPal,Pending,2024-02-17 17:58:56
3984,3984,627.32,Credit Card,Completed,2025-02-04 22:32:02
3985,3985,600.09,Cash,Completed,2024-01-26 09:56:39
3986,3986,440.9,UPI,Pending,2025-03-30 16:14:14
3987,3987,467.56,Paytm,Completed,2025-04-21 08:44:37
3988,3988,475.09,PayPal,Completed,2024-06-23 02:13:59
3989,3989,282.04,PayPal,Completed,2025-02-14 10:40:18
3990,3990,421.93,Paytm,Completed,2025-05-02 15:52:09
3991,3991,307.69,UPI,Completed,2023-11-28 18:45:55
3992,3992,235.5,PayPal,Completed,2025-05-08 15:41:02
3993,3993,373.25,PayPal,Completed,2025-03-14 20:58:22
3994,3994,231.68,Cash,Completed,2023-11-19 03:15:10
3995,3995,399.23,PayPal,Pending,2024-01-04 16:35:13
3996,3996,645.57,PayPal,Completed,2025-07-08 04:28:56
3997,3997,244.08,Paytm,Completed,2024-11-02 22:34:06
3998,3998,206.73,Paytm,Completed,2024-09-16 14:40:25
3999,3999,489.96,UPI,Completed,2025-06-22 15:50:45
4000,4000,634.6,Credit Card,Completed,2023-12-28 14:14:10
4001,4001,630.52,PayPal,Completed,2024-08-14 23:08:14
4002,4002,54.54,Paytm,Completed,2023-09-18 05:30:21
4003,4003,223.27,PayPal,Completed,2023-08-19 13:29:10
4004,4004,215.7,Cash,Failed,2024-05-31 06:29:16
4005,4005,341.84,Cash,Completed,2024-06-30 23:52:27
4006,4006,73.86,Credit Card,Pending,2023-11-25 01:58:17
4007,4007,723.31,UPI,Completed,2024-11-25 02:54:20
4008,4008,274.46,Cash,Completed,2024-03-06 16:27:18
4009,4009,515.42,Cash,Completed,2023-12-29 15:42:37
4010,4010,342.48,UPI,Completed,2025-03-29 09:54:28
4011,4011,295.63,Cash,Completed,2024-10-23 00:23:47
4012,4012,476.38,Credit Card,Completed,2024-08-13 21:57:35
4013,4013,293.07,Credit Card,Completed,2024-12-09 13:07:59
4014,4014,311.78,Cash,Completed,2023-12-14 11:50:11
4015,4015,648.35,Paytm,Completed,2025-06-18 20:47:07
4016,4016,405.03,Credit Card,Completed,2024-02-27 19:09:51
4017,4017,75.23,UPI,Completed,2023-11-19 01:51:46
4018,4018,680.18,UPI,Completed,2023-12-25 15:10:14
4019,4019,416.99,UPI,Completed,2024-07-11 04:57:27
4020,4020,134.69,Credit Card,Completed,2024-10-22 04:22:12
4021,4021,300.34,Cash,Completed,2023-12-30 14:11:49
4022,4022,300.92,PayPal,Completed,2025-07-10 17:56:45
4023,4023,96.44,Credit Card,Completed,2024-03-21 23:51:09
4024,4024,398.71,PayPal,Pending,2025-02-21 14:14:08
4025,4025,721.08,Credit Card,Completed,2024-07-01 06:44:09
4026,4026,337.33,UPI,Completed,2023-12-05 18:57:18
4027,4027,326.57,PayPal,Completed,2024-12-29 14:14:48
4028,4028,146.99,Paytm,Completed,2024-12-01 07:02:29
4029,4029,59.0,Cash,Completed,2023-09-05 02:29:03
4030,4030,754.87,Cash,Completed,2024-08-08 06:20:17
4031,4031,397.91,Paytm,Completed,2024-04-28 12:58:03
4032,4032,412.15,UPI,Pending,2025-04-18 19:20:06
4033,4033,488.09,Paytm,Completed,2025-07-13 03:26:03
4034,4034,278.83,Credit Card,Completed,2023-12-02 13:43:40
4035,4035,130.44,Cash,Completed,2023-12-13 21:09:46
4036,4036,60.02,Paytm,Pending,2024-07-12 15:27:01
4037,4037,213.59,Credit Card,Completed,2024-08-12 09:43:34
4038,4038,542.11,Paytm,Completed,2024-04-27 09:37:28
4039,4039,440.84,Paytm,Completed,2024-09-19 16:08:30
4040,4040,208.16,UPI,Completed,2024-09-03 14:43:21
4041,4041,702.32,Cash,Completed,2025-05-31 07:46:36
4042,4042,605.76,Credit Card,Completed,2024-09-20 12:26:53
4043,4043,762.18,Paytm,Pending,2024-07-21 03:44:36
4044,4044,721.03,Cash,Completed,2023-11-07 22:40:52
4045,4045,135.92,Credit Card,Completed,2024-03-12 08:07:35
4046,4046,704.14,Paytm,Completed,2024-02-02 23:35:40
4047,4047,475.97,Paytm,Completed,2025-01-20 19:41:29
4048,4048,78.15,Cash,Completed,2024-06-09 14:11:37
4049,4049,210.69,UPI,Completed,2024-04-23 09:24:44
4050,4050,687.97,Cash,Completed,2024-02-15 11:20:11
4051,4051,289.09,Cash,Completed,2025-01-10 14:02:19
4052,4052,382.79,Paytm,Completed,2024-10-28 19:07:26
4053,4053,90.67,Cash,Completed,2024-01-06 16:55:24
4054,4054,783.61,Credit Card,Completed,2024-02-25 08:38:05
4055,4055,794.51,PayPal,Completed,2024-07-30 06:12:54
4056,4056,713.12,Credit Card,Pending,2024-11-15 02:20:03
4057,4057,294.7,UPI,Completed,2024-08-04 07:22:26
4058,4058,258.66,Paytm,Completed,2023-09-16 01:48:29
4059,4059,523.34,PayPal,Completed,2024-01-08 14:33:16
4060,4060,677.68,PayPal,Pending,2023-11-10 18:17:32
4061,4061,734.27,PayPal,Completed,2024-09-13 18:59:31
4062,4062,651.55,Paytm,Completed,2024-09-27 13:08:16
4063,4063,136.36,Cash,Completed,2024-03-21 11:37:43
4064,4064,620.56,UPI,Completed,2025-02-24 12:24:40
4065,4065,569.26,Cash,Completed,2023-09-12 11:07:51
4066,4066,296.7,Cash,Completed,2024-03-01 02:03:58
4067,4067,279.31,Paytm,Completed,2025-03-20 10:32:13
4068,4068,342.9,PayPal,Completed,2024-03-17 10:01:30
4069,4069,635.36,UPI,Pending,2024-07-04 08:51:27
4070,4070,709.7,Credit Card,Completed,2025-06-14 19:12:47
4071,4071,275.62,Credit Card,Completed,2024-05-11 02:58:29
4072,4072,440.4,Credit Card,Completed,2024-07-06 20:06:08
4073,4073,387.18,UPI,Completed,2024-04-26 17:51:17
4074,4074,253.45,Paytm,Completed,2024-10-20 20:04:05
4075,4075,241.04,Paytm,Completed,2025-01-29 23:49:46
4076,4076,566.03,Credit Card,Completed,2024-04-04 01:08:55
4077,4077,132.37,Cash,Completed,2024-09-28 22:21:21
4078,4078,302.69,Credit Card,Completed,2024-12-11 07:48:31
4079,4079,780.01,Cash,Completed,2024-02-09 09:38:26
4080,4080,233.48,Cash,Completed,2025-06-13 03:11:53
4081,4081,440.15,UPI,Completed,2024-06-03 07:50:05
4082,4082,295.81,UPI,Completed,2025-03-04 03:50:56
4083,4083,782.47,Paytm,Completed,2024-08-11 08:07:15
4084,4084,592.16,Cash,Completed,2024-11-02 01:12:19
4085,4085,97.78,UPI,Completed,2023-11-15 09:34:14
4086,4086,226.71,Paytm,Completed,2025-07-09 12:42:56
4087,4087,231.01,PayPal,Completed,2025-06-10 00:05:58
4088,4088,397.78,UPI,Completed,2023-09-22 19:53:09
4089,4089,567.7,Credit Card,Completed,2024-10-01 13:44:11
4090,4090,739.85,Cash,Completed,2024-12-01 12:25:36
4091,4091,125.69,Paytm,Completed,2025-02-17 00:24:45
4092,4092,697.86,UPI,Completed,2024-03-21 05:35:58
4093,4093,738.66,UPI,Completed,2024-05-10 11:35:38
4094,4094,55.53,PayPal,Completed,2024-06-13 09:54:00
4095,4095,301.66,Cash,Completed,2023-10-27 12:33:37
4096,4096,481.98,Credit Card,Completed,2025-01-22 20:24:59
4097,4097,796.88,UPI,Completed,2023-12-01 17:31:16
4098,4098,95.6,UPI,Completed,2025-02-04 14:27:59
4099,4099,165.86,UPI,Completed,2023-11-07 10:10:33
4100,4100,381.18,UPI,Completed,2025-07-10 01:35:06
4101,4101,579.99,Credit Card,Completed,2023-08-22 08:40:02
4102,4102,516.34,UPI,Completed,2024-08-08 02:52:08
4103,4103,659.9,Paytm,Pending,2024-04-21 07:36:33
4104,4104,229.12,PayPal,Completed,2024-08-11 19:45:38
4105,4105,600.52,PayPal,Completed,2025-04-23 22:37:59
4106,4106,306.16,UPI,Completed,2024-10-22 06:30:20
4107,4107,77.73,PayPal,Completed,2023-09-24 08:43:11
4108,4108,139.79,Credit Card,Completed,2024-12-08 15:20:52
4109,4109,376.98,Cash,Completed,2024-10-10 12:56:24
4110,4110,173.27,Credit Card,Completed,2024-09-28 07:52:05
4111,4111,556.3,Cash,Completed,2023-12-03 20:37:03
4112,4112,386.82,Paytm,Completed,2024-06-29 23:23:09
4113,4113,252.36,Paytm,Completed,2024-07-01 09:30:33
4114,4114,473.91,UPI,Completed,2025-01-16 00:49:26
4115,4115,285.53,Cash,Completed,2023-11-07 05:53:12
4116,4116,546.03,Cash,Pending,2024-08-08 12:16:41
4117,4117,622.9,Cash,Completed,2023-09-22 20:08:45
4118,4118,500.0,Paytm,Completed,2023-10-13 15:38:20
4119,4119,545.38,UPI,Completed,2024-12-12 05:21:58
4120,4120,304.97,Cash,Completed,2024-01-26 14:33:45
4121,4121,333.94,Cash,Pending,2025-04-03 00:39:31
4122,4122,109.67,Cash,Completed,2024-06-26 22:45:19
4123,4123,596.09,UPI,Completed,2024-02-03 21:14:23
4124,4124,715.3,Paytm,Completed,2025-04-26 14:35:46
4125,4125,286.4,Paytm,Completed,2024-05-01 10:43:27
4126,4126,162.98,PayPal,Completed,2024-01-26 14:57:50
4127,4127,333.23,Paytm,Completed,2023-08-28 22:30:15
4128,4128,409.14,Credit Card,Completed,2023-08-07 00:05:20
4129,4129,547.03,UPI,Completed,2024-02-21 22:10:31
4130,4130,65.47,Credit Card,Completed,2024-12-16 22:59:03
4131,4131,130.37,Cash,Pending,2025-06-02 11:36:12
4132,4132,707.38,Paytm,Completed,2024-07-06 02:56:01
4133,4133,79.38,Credit Card,Completed,2024-05-08 02:22:48
4134,4134,345.02,Paytm,Completed,2025-01-19 18:10:22
4135,4135,405.22,Credit Card,Failed,2023-12-05 08:09:25
4136,4136,727.49,Paytm,Completed,2023-12-06 11:22:59
4137,4137,753.32,Paytm,Completed,2025-03-28 02:27:20
4138,4138,787.67,PayPal,Completed,2024-11-19 04:57:26
4139,4139,214.64,Credit Card,Completed,2024-07-16 13:12:11
4140,4140,602.68,Paytm,Completed,2024-09-10 12:59:29
4141,4141,350.52,Cash,Completed,2023-12-17 09:51:10
4142,4142,227.53,UPI,Completed,2024-10-11 21:47:50
4143,4143,83.14,UPI,Completed,2023-08-23 04:30:27
4144,4144,356.2,UPI,Completed,2024-07-29 00:43:37
4145,4145,78.06,Paytm,Completed,2024-04-05 20:49:17
4146,4146,601.82,Cash,Completed,2024-01-31 23:19:37
4147,4147,721.18,PayPal,Completed,2024-05-07 06:54:14
4148,4148,63.75,Paytm,Completed,2025-05-18 13:06:17
4149,4149,289.12,Credit Card,Completed,2025-05-31 07:32:32
4150,4150,693.53,Paytm,Completed,2025-03-30 08:09:04
4151,4151,214.48,Cash,Pending,2025-04-09 14:50:32
4152,4152,141.17,Credit Card,Completed,2025-01-06 10:28:25
4153,4153,575.75,UPI,Completed,2024-11-12 23:11:03
4154,4154,405.24,Credit Card,Completed,2024-03-03 05:54:00
4155,4155,450.9,UPI,Completed,2024-09-04 20:49:19
4156,4156,444.97,Credit Card,Completed,2023-12-14 10:22:49
4157,4157,579.88,PayPal,Completed,2024-08-27 06:48:09
4158,4158,654.72,Cash,Completed,2023-10-01 22:02:15
4159,4159,175.11,Paytm,Completed,2025-03-17 18:07:57
4160,4160,375.37,PayPal,Pending,2025-03-30 21:19:03
4161,4161,772.06,UPI,Completed,2025-04-21 15:16:35
4162,4162,52.13,Credit Card,Completed,2024-12-17 16:48:55
4163,4163,474.26,Credit Card,Completed,2024-05-27 02:32:57
4164,4164,757.66,Paytm,Completed,2024-10-09 12:56:19
4165,4165,501.5,Credit Card,Completed,2025-05-22 18:16:32
4166,4166,670.17,UPI,Completed,2023-11-11 20:55:50
4167,4167,87.02,Cash,Completed,2023-09-23 17:59:28
4168,4168,375.14,Cash,Completed,2024-01-31 12:52:57
4169,4169,384.63,Cash,Completed,2024-01-30 04:19:13
4170,4170,762.64,Paytm,Completed,2024-10-04 07:23:51
4171,4171,231.79,PayPal,Completed,2024-05-07 01:07:11
4172,4172,626.81,UPI,Completed,2023-10-18 15:16:42
4173,4173,381.52,Paytm,Completed,2024-05-27 22:17:07
4174,4174,418.06,PayPal,Completed,2024-07-07 06:18:57
4175,4175,290.26,PayPal,Pending,2024-01-06 08:28:07
4176,4176,560.36,Credit Card,Pending,2025-04-08 19:25:04
4177,4177,496.23,Paytm,Completed,2023-10-30 19:36:43
4178,4178,614.45,Credit Card,Completed,2024-09-07 06:04:39
4179,4179,523.26,Paytm,Completed,2024-02-26 12:40:48
4180,4180,727.12,PayPal,Completed,2024-10-27 14:16:42
4181,4181,457.04,UPI,Completed,2024-10-09 14:04:00
4182,4182,496.84,Paytm,Completed,2024-01-31 01:06:32
4183,4183,748.62,UPI,Completed,2024-03-14 11:29:43
4184,4184,600.93,Credit Card,Completed,2023-11-08 06:52:16
4185,4185,322.45,Cash,Completed,2024-01-02 21:00:02
4186,4186,366.15,UPI,Completed,2024-03-23 21:25:40
4187,4187,189.84,UPI,Pending,2024-05-19 10:39:39
4188,4188,310.93,Credit Card,Pending,2025-05-03 14:12:38
4189,4189,78.18,Paytm,Completed,2025-06-29 17:00:50
4190,4190,791.56,Paytm,Completed,2024-08-13 09:46:33
4191,4191,56.19,UPI,Completed,2025-05-18 01:14:55
4192,4192,254.5,Paytm,Completed,2025-05-08 14:41:50
4193,4193,616.2,PayPal,Completed,2023-09-13 19:06:23
4194,4194,589.51,Paytm,Completed,2024-10-15 07:42:43
4195,4195,600.87,UPI,Completed,2023-10-23 14:56:45
4196,4196,536.64,UPI,Completed,2025-06-09 19:15:58
4197,4197,345.29,Cash,Completed,2024-08-23 12:45:52
4198,4198,628.88,Cash,Completed,2024-08-07 04:23:20
4199,4199,519.46,Paytm,Completed,2024-04-07 02:47:14
4200,4200,445.42,Cash,Completed,2025-01-14 15:40:02
4201,4201,450.5,PayPal,Completed,2025-01-21 23:51:50
4202,4202,211.34,UPI,Completed,2024-01-21 23:16:04
4203,4203,510.41,Cash,Completed,2024-03-18 22:42:47
4204,4204,589.17,Credit Card,Completed,2024-01-15 00:08:13
4205,4205,339.09,Paytm,Completed,2024-01-23 12:38:59
4206,4206,247.28,Cash,Completed,2024-08-07 06:51:22
4207,4207,525.33,Credit Card,Completed,2024-03-12 21:38:10
4208,4208,272.89,Credit Card,Completed,2025-06-23 04:44:40
4209,4209,567.16,UPI,Completed,2024-08-08 10:45:40
4210,4210,579.19,UPI,Pending,2025-07-10 17:45:38
4211,4211,179.4,Cash,Completed,2025-04-02 13:52:56
4212,4212,715.29,Paytm,Completed,2024-11-30 22:22:28
4213,4213,197.04,Cash,Completed,2025-01-03 02:21:33
4214,4214,410.59,UPI,Failed,2024-12-27 02:48:49
4215,4215,387.47,Paytm,Completed,2025-02-18 12:36:27
4216,4216,418.65,Cash,Completed,2024-10-27 21:02:49
4217,4217,727.05,Cash,Completed,2025-06-10 01:23:39
4218,4218,107.22,Cash,Completed,2025-03-07 16:50:47
4219,4219,765.37,Cash,Completed,2024-03-09 03:35:23
4220,4220,551.36,PayPal,Completed,2025-03-10 04:23:12
4221,4221,292.82,Paytm,Completed,2025-05-25 16:43:56
4222,4222,435.49,Paytm,Completed,2025-06-03 09:21:56
4223,4223,476.31,Cash,Completed,2024-04-08 21:55:12
4224,4224,121.33,Cash,Completed,2024-05-13 08:31:39
4225,4225,255.33,Cash,Failed,2025-03-28 21:01:36
4226,4226,289.53,UPI,Completed,2024-01-26 05:57:08
4227,4227,142.92,Paytm,Completed,2023-08-26 05:41:16
4228,4228,484.46,UPI,Completed,2024-10-31 23:27:09
4229,4229,126.33,Credit Card,Completed,2024-05-18 19:34:59
4230,4230,55.49,Paytm,Completed,2023-11-24 22:32:22
4231,4231,355.19,PayPal,Completed,2024-12-07 20:16:27
4232,4232,575.71,UPI,Completed,2024-08-08 08:33:51
4233,4233,393.84,UPI,Completed,2024-06-24 06:52:54
4234,4234,300.12,Cash,Completed,2023-10-23 22:53:09
4235,4235,484.55,Credit Card,Completed,2025-01-18 12:45:32
4236,4236,82.07,PayPal,Completed,2024-02-08 10:15:05
4237,4237,499.1,Credit Card,Completed,2024-10-06 22:17:43
4238,4238,522.77,Credit Card,Completed,2023-08-07 04:59:45
4239,4239,607.0,Paytm,Completed,2025-05-06 03:54:43
4240,4240,412.11,PayPal,Failed,2023-09-22 18:08:55
4241,4241,594.48,Credit Card,Completed,2025-02-06 03:33:48
4242,4242,246.48,Credit Card,Completed,2024-05-21 14:49:34
4243,4243,279.56,Paytm,Completed,2024-06-18 04:04:16
4244,4244,759.69,Credit Card,Completed,2024-02-06 10:43:28
4245,4245,689.77,Paytm,Completed,2024-02-21 23:30:14
4246,4246,273.23,Paytm,Completed,2024-07-22 01:44:12
4247,4247,409.91,Credit Card,Completed,2024-03-06 12:29:21
4248,4248,546.53,PayPal,Completed,2025-01-22 17:36:17
4249,4249,167.3,PayPal,Completed,2025-04-08 17:00:01
4250,4250,459.73,UPI,Completed,2025-01-27 14:45:44
4251,4251,301.43,Credit Card,Completed,2024-02-06 00:04:02
4252,4252,372.02,UPI,Completed,2024-09-24 17:44:26
4253,4253,413.19,Credit Card,Completed,2025-06-07 03:50:29
4254,4254,69.21,Credit Card,Completed,2025-07-17 11:34:44
4255,4255,364.82,Credit Card,Completed,2023-12-02 17:32:04
4256,4256,471.18,UPI,Completed,2024-10-11 15:08:43
4257,4257,207.5,Cash,Completed,2025-02-19 03:48:35
4258,4258,120.15,Paytm,Pending,2024-08-28 08:34:16
4259,4259,225.43,PayPal,Completed,2023-11-20 10:49:59
4260,4260,85.76,UPI,Completed,2024-04-20 08:46:58
4261,4261,489.88,Paytm,Completed,2024-10-20 15:08:32
4262,4262,192.67,UPI,Pending,2024-11-19 02:28:49
4263,4263,134.4,PayPal,Completed,2024-08-06 08:55:04
4264,4264,129.33,PayPal,Completed,2024-09-27 04:29:17
4265,4265,453.39,PayPal,Completed,2024-05-15 19:22:34
4266,4266,592.77,UPI,Completed,2024-03-28 13:25:37
4267,4267,288.0,PayPal,Completed,2024-05-04 17:51:51
4268,4268,183.14,Paytm,Completed,2025-04-13 15:42:37
4269,4269,554.54,PayPal,Completed,2024-04-30 20:24:16
4270,4270,318.14,UPI,Completed,2024-04-08 00:03:36
4271,4271,222.38,Paytm,Completed,2023-08-19 13:54:49
4272,4272,178.2,PayPal,Completed,2025-08-02 10:06:38
4273,4273,719.96,PayPal,Completed,2024-04-02 09:10:09
4274,4274,386.3,Credit Card,Completed,2025-05-17 09:14:39
4275,4275,135.26,Cash,Completed,2025-07-24 03:57:07
4276,4276,765.37,PayPal,Pending,2023-10-29 07:46:59
4277,4277,339.18,UPI,Pending,2025-03-27 05:58:57
4278,4278,589.19,Paytm,Completed,2024-04-06 02:14:56
4279,4279,580.81,Credit Card,Completed,2024-10-04 02:11:07
4280,4280,264.03,Credit Card,Pending,2025-03-19 05:29:19
4281,4281,318.53,PayPal,Completed,2024-08-17 04:19:51
4282,4282,719.79,Cash,Completed,2024-12-19 04:07:37
4283,4283,61.39,Paytm,Failed,2024-11-14 07:09:47
4284,4284,69.36,Credit Card,Completed,2025-04-09 16:48:34
4285,4285,282.43,Paytm,Completed,2025-07-16 20:31:21
4286,4286,524.31,UPI,Completed,2023-08-27 14:11:56
4287,4287,380.7,Paytm,Completed,2025-04-05 04:33:02
4288,4288,702.93,UPI,Completed,2024-03-09 23:24:01
4289,4289,128.19,Credit Card,Completed,2024-08-31 22:22:21
4290,4290,436.6,UPI,Completed,2025-04-21 23:45:34
4291,4291,52.42,Credit Card,Completed,2023-09-15 03:30:50
4292,4292,793.42,Credit Card,Completed,2025-07-05 00:28:42
4293,4293,326.26,Credit Card,Completed,2024-05-27 01:56:45
4294,4294,466.89,PayPal,Completed,2023-09-05 09:21:39
4295,4295,368.44,Paytm,Completed,2025-03-30 11:25:46
4296,4296,682.07,Paytm,Completed,2024-06-11 08:30:11
4297,4297,103.16,UPI,Completed,2024-08-03 06:05:25
4298,4298,111.62,UPI,Completed,2025-04-30 11:49:36
4299,4299,485.02,Paytm,Completed,2024-12-27 15:15:21
4300,4300,130.88,UPI,Completed,2024-11-10 06:56:28
4301,4301,80.48,UPI,Completed,2025-02-21 04:37:27
4302,4302,461.49,Credit Card,Completed,2023-12-22 18:29:08
4303,4303,736.22,Credit Card,Completed,2025-06-23 07:47:04
4304,4304,559.65,Paytm,Completed,2024-03-10 03:30:48
4305,4305,146.14,UPI,Completed,2025-02-05 23:05:09
4306,4306,530.42,Credit Card,Completed,2024-02-24 08:21:17
4307,4307,141.76,PayPal,Completed,2024-11-17 00:42:28
4308,4308,597.81,Cash,Completed,2025-01-24 13:00:08
4309,4309,722.5,Paytm,Completed,2024-01-28 15:45:07
4310,4310,331.5,Cash,Completed,2024-11-21 01:41:31
4311,4311,118.32,Credit Card,Completed,2023-11-13 08:59:45
4312,4312,255.55,PayPal,Completed,2024-01-02 15:48:55
4313,4313,444.06,UPI,Completed,2023-10-12 02:33:24
4314,4314,494.97,Credit Card,Completed,2024-10-09 17:28:25
4315,4315,687.0,Credit Card,Completed,2023-11-17 20:36:49
4316,4316,103.05,Cash,Completed,2023-08-11 04:51:17
4317,4317,352.19,Paytm,Completed,2024-04-17 12:17:41
4318,4318,309.4,PayPal,Completed,2025-06-20 11:53:03
4319,4319,372.49,Cash,Completed,2025-05-29 18:47:15
4320,4320,447.46,PayPal,Completed,2024-11-14 10:40:48
4321,4321,277.99,Credit Card,Completed,2023-09-14 20:08:13
4322,4322,338.74,PayPal,Completed,2024-03-25 09:21:10
4323,4323,196.9,Credit Card,Pending,2025-08-03 05:57:08
4324,4324,585.6,Credit Card,Completed,2024-06-10 01:18:30
4325,4325,443.59,Paytm,Completed,2024-10-02 01:19:10
4326,4326,709.95,Paytm,Completed,2025-06-18 16:41:55
4327,4327,509.52,Paytm,Completed,2025-02-25 14:50:24
4328,4328,406.79,Credit Card,Pending,2024-03-22 16:48:31
4329,4329,512.59,PayPal,Completed,2025-05-06 20:25:06
4330,4330,682.78,Cash,Completed,2023-09-09 02:03:20
4331,4331,661.79,UPI,Completed,2025-04-05 02:06:55
4332,4332,714.57,PayPal,Completed,2024-09-01 16:16:01
4333,4333,269.61,Credit Card,Completed,2025-01-23 13:31:07
4334,4334,537.59,UPI,Completed,2025-07-19 18:02:24
4335,4335,268.97,Paytm,Failed,2024-10-26 19:00:25
4336,4336,596.73,Cash,Completed,2024-03-21 00:21:14
4337,4337,87.61,Credit Card,Completed,2025-04-12 21:30:12
4338,4338,100.68,Cash,Completed,2023-08-07 04:18:52
4339,4339,775.16,PayPal,Completed,2024-11-28 10:42:54
4340,4340,474.69,Credit Card,Completed,2024-02-21 22:39:24
4341,4341,282.14,Paytm,Failed,2025-06-20 14:23:19
4342,4342,430.41,UPI,Completed,2025-07-13 09:59:20
4343,4343,96.03,PayPal,Completed,2024-01-05 23:31:22
4344,4344,711.62,PayPal,Completed,2025-06-08 05:02:09
4345,4345,65.57,PayPal,Completed,2024-02-27 05:08:00
4346,4346,596.14,PayPal,Completed,2024-08-23 08:48:34
4347,4347,59.17,UPI,Completed,2025-04-27 23:24:28
4348,4348,396.61,Cash,Completed,2024-02-29 04:24:50
4349,4349,645.16,Cash,Completed,2025-07-08 06:31:57
4350,4350,697.17,Cash,Completed,2025-07-30 23:35:37
4351,4351,322.14,PayPal,Completed,2025-06-02 08:39:31
4352,4352,358.75,Paytm,Completed,2025-05-28 03:37:09
4353,4353,257.99,Credit Card,Completed,2024-08-19 01:58:37
4354,4354,550.27,UPI,Completed,2024-12-01 05:11:15
4355,4355,395.74,UPI,Completed,2025-03-25 15:21:48
4356,4356,83.5,UPI,Completed,2025-02-28 02:19:42
4357,4357,261.08,Paytm,Completed,2024-08-16 07:55:59
4358,4358,328.83,Credit Card,Completed,2024-10-18 08:25:28
4359,4359,723.39,Cash,Completed,2024-08-15 20:47:58
4360,4360,643.5,PayPal,Completed,2024-09-09 03:11:41
4361,4361,511.15,Paytm,Completed,2023-11-30 12:29:48
4362,4362,512.28,PayPal,Completed,2024-06-27 03:36:39
4363,4363,344.92,PayPal,Completed,2024-09-04 20:37:37
4364,4364,374.39,Credit Card,Completed,2025-06-08 14:18:49
4365,4365,451.37,Credit Card,Completed,2024-06-30 16:48:58
4366,4366,79.0,PayPal,Completed,2023-12-04 11:53:04
4367,4367,293.88,Credit Card,Completed,2024-03-22 07:03:34
4368,4368,323.92,Credit Card,Completed,2024-04-12 22:55:30
4369,4369,339.79,UPI,Completed,2025-07-20 08:57:10
4370,4370,509.51,Credit Card,Completed,2025-06-09 11:38:05
4371,4371,302.58,UPI,Completed,2024-09-11 17:37:48
4372,4372,256.51,UPI,Completed,2024-01-03 11:06:50
4373,4373,277.98,UPI,Completed,2023-09-30 16:41:53
4374,4374,60.59,Cash,Completed,2025-01-18 03:33:43
4375,4375,161.56,UPI,Completed,2024-03-22 14:47:35
4376,4376,209.24,PayPal,Completed,2023-09-01 19:50:22
4377,4377,116.2,Paytm,Completed,2024-10-27 04:51:52
4378,4378,252.33,Cash,Completed,2023-11-04 10:57:31
4379,4379,188.8,PayPal,Completed,2025-01-19 01:52:07
4380,4380,614.82,Paytm,Completed,2024-12-14 07:24:45
4381,4381,462.86,Paytm,Completed,2024-07-14 01:36:51
4382,4382,191.64,UPI,Completed,2023-10-30 03:41:19
4383,4383,579.06,PayPal,Completed,2024-03-02 07:40:30
4384,4384,765.55,Paytm,Completed,2024-08-14 17:41:57
4385,4385,335.82,UPI,Completed,2023-12-19 09:51:32
4386,4386,683.86,Paytm,Completed,2024-07-12 14:26:03
4387,4387,348.3,Cash,Completed,2023-09-01 09:19:16
4388,4388,616.91,Credit Card,Completed,2024-02-04 21:24:06
4389,4389,246.19,UPI,Completed,2025-03-26 15:22:00
4390,4390,66.3,UPI,Completed,2025-07-05 07:06:34
4391,4391,287.93,UPI,Completed,2024-11-29 22:55:06
4392,4392,689.47,PayPal,Completed,2024-01-06 09:48:17
4393,4393,88.78,UPI,Completed,2024-11-05 07:48:41
4394,4394,769.62,UPI,Completed,2024-05-11 02:48:07
4395,4395,125.98,PayPal,Completed,2024-02-27 21:54:14
4396,4396,314.06,Paytm,Completed,2024-12-04 23:36:37
4397,4397,260.93,Paytm,Completed,2024-11-05 06:25:16
4398,4398,432.35,Cash,Pending,2025-02-22 11:47:01
4399,4399,666.5,Credit Card,Completed,2024-10-10 15:19:46
4400,4400,662.5,PayPal,Completed,2024-12-23 21:24:27
4401,4401,591.38,Paytm,Completed,2024-02-10 03:48:43
4402,4402,197.16,UPI,Completed,2024-04-10 18:22:51
4403,4403,448.23,PayPal,Completed,2024-01-09 10:22:52
4404,4404,320.3,UPI,Completed,2024-01-30 21:57:31
4405,4405,411.43,Cash,Completed,2024-06-17 18:58:53
4406,4406,354.11,Paytm,Completed,2023-11-22 14:33:34
4407,4407,774.3,Paytm,Pending,2023-11-29 07:08:25
4408,4408,564.48,Paytm,Pending,2024-11-30 09:39:51
4409,4409,288.63,PayPal,Completed,2024-07-04 14:27:31
4410,4410,446.27,UPI,Completed,2024-08-20 01:51:43
4411,4411,373.05,UPI,Completed,2024-08-01 20:26:04
4412,4412,68.79,PayPal,Completed,2024-04-13 11:52:09
4413,4413,427.23,Credit Card,Completed,2023-09-16 14:40:07
4414,4414,730.57,PayPal,Pending,2024-07-09 16:11:37
4415,4415,261.72,Paytm,Completed,2024-01-06 00:53:47
4416,4416,484.03,Paytm,Completed,2025-02-25 02:52:11
4417,4417,330.04,Credit Card,Completed,2025-02-25 07:02:15
4418,4418,83.82,Cash,Completed,2025-06-30 19:01:21
4419,4419,765.32,Paytm,Completed,2024-08-11 20:18:44
4420,4420,135.63,Credit Card,Completed,2024-12-26 14:47:11
4421,4421,683.6,Cash,Completed,2025-01-22 21:52:14
4422,4422,191.36,Paytm,Completed,2024-11-22 05:56:19
4423,4423,649.09,Cash,Completed,2024-01-20 15:06:52
4424,4424,456.35,Cash,Failed,2025-03-11 21:17:50
4425,4425,196.6,Paytm,Completed,2025-06-17 11:21:21
4426,4426,423.51,Cash,Completed,2023-12-18 16:22:46
4427,4427,339.19,Cash,Completed,2025-02-06 09:31:06
4428,4428,145.22,UPI,Completed,2025-07-21 03:12:15
4429,4429,691.18,UPI,Completed,2024-12-20 05:11:26
4430,4430,487.15,UPI,Completed,2024-04-28 03:12:50
4431,4431,750.04,UPI,Completed,2024-05-17 17:18:42
4432,4432,340.45,Cash,Pending,2024-02-25 22:55:33
4433,4433,560.32,UPI,Completed,2024-10-25 03:33:45
4434,4434,661.74,PayPal,Completed,2023-09-10 12:42:48
4435,4435,309.25,Paytm,Completed,2024-02-21 01:01:09
4436,4436,776.18,UPI,Completed,2023-10-29 16:00:47
4437,4437,566.62,Paytm,Completed,2025-02-11 12:01:08
4438,4438,796.66,UPI,Completed,2025-04-19 05:51:21
4439,4439,582.43,Paytm,Completed,2025-03-05 19:54:54
4440,4440,68.19,Credit Card,Completed,2024-10-01 13:17:51
4441,4441,658.11,PayPal,Completed,2024-03-31 10:19:18
4442,4442,751.91,Paytm,Completed,2024-05-11 04:44:15
4443,4443,673.45,UPI,Completed,2024-09-02 06:49:32
4444,4444,569.28,Paytm,Completed,2025-03-07 18:55:09
4445,4445,519.1,PayPal,Completed,2025-02-18 21:22:00
4446,4446,525.81,Paytm,Completed,2024-06-10 13:30:14
4447,4447,225.07,PayPal,Completed,2023-12-07 18:53:18
4448,4448,138.19,PayPal,Completed,2024-01-07 18:01:04
4449,4449,210.79,Paytm,Completed,2024-10-19 02:16:42
4450,4450,591.52,Paytm,Completed,2023-10-04 12:41:58
4451,4451,98.45,Credit Card,Completed,2024-01-05 10:15:15
4452,4452,136.45,PayPal,Completed,2024-11-29 08:40:39
4453,4453,750.72,UPI,Completed,2024-06-02 15:45:34
4454,4454,333.32,Paytm,Completed,2024-08-23 00:09:14
4455,4455,121.01,Paytm,Completed,2024-07-14 16:44:27
4456,4456,760.63,Credit Card,Completed,2024-03-31 05:30:46
4457,4457,728.07,Paytm,Completed,2024-02-10 03:13:53
4458,4458,87.42,Paytm,Completed,2024-02-20 16:57:49
4459,4459,589.59,UPI,Completed,2025-01-09 16:18:29
4460,4460,490.56,PayPal,Completed,2025-05-28 17:29:54
4461,4461,304.25,Paytm,Completed,2024-12-03 12:22:51
4462,4462,623.84,Paytm,Completed,2023-10-26 04:19:01
4463,4463,246.64,Paytm,Completed,2025-05-03 00:43:45
4464,4464,282.45,UPI,Completed,2024-12-22 08:06:09
4465,4465,257.92,Paytm,Completed,2024-02-29 13:05:08
4466,4466,322.87,Credit Card,Completed,2024-05-23 21:08:44
4467,4467,710.5,UPI,Completed,2025-06-17 15:14:44
4468,4468,542.64,PayPal,Completed,2024-07-12 23:29:29
4469,4469,168.25,Credit Card,Completed,2023-09-30 02:21:15
4470,4470,294.96,Credit Card,Completed,2024-08-26 06:34:58
4471,4471,759.15,Paytm,Completed,2024-12-26 13:35:47
4472,4472,446.07,Cash,Completed,2023-08-13 15:46:03
4473,4473,242.98,Credit Card,Completed,2023-09-27 16:26:54
4474,4474,437.58,Credit Card,Completed,2025-07-26 11:33:35
4475,4475,325.78,PayPal,Pending,2024-07-09 23:06:21
4476,4476,707.6,PayPal,Completed,2024-03-24 08:20:51
4477,4477,469.19,Cash,Completed,2024-04-12 14:59:51
4478,4478,738.14,Cash,Completed,2023-12-15 08:57:51
4479,4479,109.32,Paytm,Completed,2025-06-11 09:53:51
4480,4480,53.22,Cash,Completed,2025-03-05 05:49:27
4481,4481,479.95,PayPal,Completed,2024-08-14 12:48:44
4482,4482,728.84,Credit Card,Completed,2024-01-15 17:41:59
4483,4483,641.36,UPI,Completed,2024-05-02 21:20:44
4484,4484,368.9,Credit Card,Completed,2023-11-23 18:36:28
4485,4485,284.08,PayPal,Failed,2024-12-08 16:20:06
4486,4486,235.26,PayPal,Completed,2025-07-14 04:57:05
4487,4487,64.16,UPI,Completed,2025-03-15 21:56:22
4488,4488,525.04,Cash,Completed,2024-11-16 13:17:44
4489,4489,101.62,Paytm,Completed,2025-05-08 09:08:23
4490,4490,378.08,Credit Card,Completed,2023-08-17 05:39:30
4491,4491,260.26,UPI,Failed,2023-09-26 19:20:33
4492,4492,170.8,PayPal,Completed,2024-01-27 05:17:43
4493,4493,572.21,Paytm,Completed,2024-01-13 10:13:20
4494,4494,760.05,Cash,Completed,2024-03-20 04:07:41
4495,4495,479.11,Paytm,Completed,2025-02-07 09:04:17
4496,4496,156.36,Paytm,Completed,2025-03-08 02:54:45
4497,4497,521.15,UPI,Completed,2024-01-28 21:30:27
4498,4498,561.85,Credit Card,Completed,2025-02-18 13:44:06
4499,4499,622.38,Paytm,Completed,2024-05-30 13:23:14
4500,4500,604.48,UPI,Failed,2024-11-03 04:00:53
4501,4501,156.89,UPI,Completed,2024-03-23 23:54:03
4502,4502,104.82,Credit Card,Completed,2025-06-25 02:01:49
4503,4503,694.4,UPI,Completed,2024-05-30 10:05:26
4504,4504,629.46,Cash,Completed,2024-03-16 22:07:40
4505,4505,206.31,Paytm,Completed,2024-04-29 01:23:54
4506,4506,72.35,Credit Card,Completed,2024-10-19 21:32:12
4507,4507,115.21,UPI,Completed,2024-03-14 17:02:43
4508,4508,335.17,PayPal,Pending,2024-02-21 08:43:32
4509,4509,621.74,Paytm,Completed,2024-05-14 10:14:50
4510,4510,230.04,PayPal,Completed,2023-09-14 17:55:06
4511,4511,763.82,Paytm,Completed,2023-08-09 07:20:13
4512,4512,351.0,Cash,Completed,2024-03-26 12:55:56
4513,4513,649.26,Credit Card,Completed,2023-08-28 18:05:24
4514,4514,353.26,Cash,Completed,2023-10-28 08:11:06
4515,4515,721.95,UPI,Completed,2024-07-18 05:25:34
4516,4516,299.57,Credit Card,Completed,2024-07-21 18:02:32
4517,4517,216.12,PayPal,Completed,2025-05-05 07:43:40
4518,4518,184.24,Paytm,Pending,2025-01-24 02:11:59
4519,4519,795.03,Paytm,Completed,2024-06-23 01:37:32
4520,4520,229.67,Paytm,Completed,2025-06-14 10:37:25
4521,4521,763.11,Paytm,Completed,2024-07-26 21:05:20
4522,4522,323.55,Cash,Pending,2025-04-27 19:23:04
4523,4523,284.51,UPI,Failed,2024-05-21 23:10:48
4524,4524,673.23,Paytm,Failed,2023-11-21 08:44:34
4525,4525,479.24,UPI,Completed,2025-06-19 19:12:13
4526,4526,351.83,Cash,Completed,2023-08-30 13:39:50
4527,4527,462.37,Paytm,Completed,2023-08-09 17:40:20
4528,4528,158.59,Cash,Completed,2024-02-03 01:05:35
4529,4529,136.67,Credit Card,Completed,2024-03-31 08:24:30
4530,4530,440.49,UPI,Completed,2024-10-27 05:31:55
4531,4531,534.48,Credit Card,Completed,2024-11-15 17:34:37
4532,4532,142.27,UPI,Completed,2025-02-25 03:18:23
4533,4533,780.66,Paytm,Completed,2024-02-27 05:38:54
4534,4534,509.0,PayPal,Completed,2025-01-18 22:00:23
4535,4535,707.58,Credit Card,Completed,2025-06-21 20:16:47
4536,4536,617.09,Credit Card,Completed,2023-09-25 16:38:10
4537,4537,653.5,PayPal,Completed,2025-03-31 20:01:03
4538,4538,336.54,Cash,Pending,2023-10-31 04:08:19
4539,4539,667.43,Paytm,Pending,2024-04-05 21:32:14
4540,4540,183.95,Credit Card,Completed,2023-11-12 20:13:14
4541,4541,155.8,UPI,Completed,2024-11-19 15:41:29
4542,4542,518.6,Credit Card,Completed,2024-10-22 22:40:56
4543,4543,207.24,UPI,Completed,2023-12-08 01:06:33
4544,4544,279.9,Credit Card,Completed,2024-06-13 12:18:36
4545,4545,93.12,PayPal,Completed,2024-03-19 19:06:16
4546,4546,428.01,Paytm,Completed,2024-03-30 18:57:28
4547,4547,708.14,Paytm,Completed,2023-09-13 16:14:09
4548,4548,764.11,UPI,Completed,2024-10-11 03:19:37
4549,4549,415.05,Cash,Completed,2024-12-09 03:01:21
4550,4550,230.97,Cash,Completed,2024-02-16 03:19:13
4551,4551,59.04,UPI,Completed,2023-10-18 20:23:18
4552,4552,786.05,Paytm,Completed,2023-08-19 17:20:29
4553,4553,88.35,Credit Card,Completed,2025-02-14 09:26:51
4554,4554,150.33,PayPal,Failed,2024-09-27 16:07:55
4555,4555,445.67,UPI,Completed,2024-05-22 22:00:47
4556,4556,689.11,PayPal,Completed,2025-05-01 09:48:35
4557,4557,202.49,Credit Card,Completed,2024-08-06 15:02:05
4558,4558,361.48,UPI,Completed,2023-12-03 14:37:34
4559,4559,65.13,UPI,Completed,2024-03-15 09:52:41
4560,4560,614.84,UPI,Completed,2023-08-28 07:22:36
4561,4561,583.66,Credit Card,Completed,2025-01-05 04:46:08
4562,4562,129.65,Cash,Completed,2024-01-22 09:26:20
4563,4563,617.68,Paytm,Completed,2023-08-19 07:45:57
4564,4564,755.7,Credit Card,Pending,2024-04-20 07:13:51
4565,4565,484.08,Credit Card,Completed,2025-01-23 11:37:30
4566,4566,139.22,PayPal,Completed,2024-12-31 00:24:11
4567,4567,185.29,Credit Card,Completed,2024-12-22 11:28:30
4568,4568,225.6,Credit Card,Completed,2024-02-17 07:16:30
4569,4569,502.29,Cash,Completed,2024-07-02 12:12:50
4570,4570,501.75,PayPal,Completed,2024-05-12 05:32:07
4571,4571,713.95,Paytm,Completed,2025-06-19 13:36:14
4572,4572,122.85,Credit Card,Pending,2024-10-04 13:02:02
4573,4573,66.29,Credit Card,Completed,2025-01-01 06:47:26
4574,4574,284.15,Credit Card,Completed,2024-08-24 23:10:19
4575,4575,244.27,UPI,Completed,2025-06-18 04:30:07
4576,4576,457.19,UPI,Completed,2024-09-16 20:52:30
4577,4577,111.8,Credit Card,Completed,2024-07-13 13:59:30
4578,4578,394.89,PayPal,Completed,2025-04-03 13:15:07
4579,4579,420.3,UPI,Completed,2024-03-21 10:49:15
4580,4580,103.65,Credit Card,Completed,2024-12-17 04:45:15
4581,4581,229.84,PayPal,Completed,2025-05-02 02:18:43
4582,4582,592.98,Cash,Completed,2025-02-23 20:31:15
4583,4583,181.74,Cash,Completed,2025-05-21 03:52:32
4584,4584,239.94,Credit Card,Failed,2024-07-13 16:37:18
4585,4585,684.74,Cash,Completed,2024-07-05 23:36:36
4586,4586,335.58,Credit Card,Completed,2024-08-28 02:00:57
4587,4587,626.61,Cash,Completed,2024-04-04 09:28:34
4588,4588,50.19,PayPal,Completed,2025-07-09 11:45:54
4589,4589,60.61,UPI,Completed,2023-10-11 02:07:25
4590,4590,790.57,Cash,Completed,2024-10-17 06:24:10
4591,4591,473.36,UPI,Pending,2024-02-08 22:02:38
4592,4592,779.28,UPI,Completed,2025-05-05 05:56:19
4593,4593,794.04,Credit Card,Completed,2025-02-16 08:27:00
4594,4594,185.39,PayPal,Completed,2023-11-27 22:55:57
4595,4595,634.26,UPI,Completed,2024-11-08 10:05:41
4596,4596,170.57,Paytm,Completed,2024-10-06 00:38:06
4597,4597,173.08,Credit Card,Completed,2025-06-11 01:24:01
4598,4598,266.96,Credit Card,Completed,2025-07-09 21:44:50
4599,4599,424.16,UPI,Completed,2024-07-08 19:56:44
4600,4600,598.43,Paytm,Completed,2023-12-31 05:55:25
4601,4601,149.21,PayPal,Completed,2023-12-28 08:53:34
4602,4602,135.09,PayPal,Pending,2024-07-26 15:58:14
4603,4603,300.24,UPI,Completed,2024-01-22 10:11:51
4604,4604,691.31,Credit Card,Pending,2023-10-05 02:50:44
4605,4605,319.54,UPI,Completed,2025-06-13 08:54:58
4606,4606,350.89,Paytm,Completed,2023-10-31 05:03:20
4607,4607,371.53,UPI,Completed,2024-12-03 03:33:47
4608,4608,106.71,Cash,Failed,2023-12-05 08:48:02
4609,4609,737.86,Paytm,Pending,2024-11-15 15:47:41
4610,4610,157.47,UPI,Completed,2024-10-12 06:28:44
4611,4611,476.74,Paytm,Pending,2023-12-07 11:15:44
4612,4612,564.15,Cash,Completed,2024-12-16 22:30:25
4613,4613,262.79,Credit Card,Completed,2024-10-24 01:25:42
4614,4614,131.16,Credit Card,Completed,2025-03-15 20:04:16
4615,4615,98.66,UPI,Completed,2024-10-05 17:04:29
4616,4616,611.29,UPI,Completed,2024-09-12 02:06:04
4617,4617,769.79,Credit Card,Completed,2024-02-03 20:33:36
4618,4618,284.33,Credit Card,Completed,2024-09-04 01:23:35
4619,4619,248.76,Cash,Completed,2023-08-09 22:25:14
4620,4620,341.82,Paytm,Completed,2025-03-21 19:31:07
4621,4621,616.12,Credit Card,Completed,2025-01-27 12:43:34
4622,4622,206.26,PayPal,Completed,2024-03-06 03:58:35
4623,4623,608.33,Credit Card,Completed,2023-10-30 02:40:59
4624,4624,586.0,UPI,Completed,2024-06-16 13:37:16
4625,4625,64.08,Credit Card,Completed,2024-11-16 12:09:28
4626,4626,612.17,PayPal,Pending,2024-12-02 15:43:13
4627,4627,264.66,UPI,Completed,2024-01-10 21:16:08
4628,4628,418.94,Cash,Completed,2024-07-25 13:43:13
4629,4629,109.99,PayPal,Completed,2024-06-22 04:46:19
4630,4630,113.66,UPI,Completed,2025-03-09 06:14:24
4631,4631,604.73,Cash,Completed,2024-11-25 00:28:37
4632,4632,697.41,UPI,Completed,2024-07-13 20:07:04
4633,4633,715.08,PayPal,Completed,2023-08-09 02:43:08
4634,4634,413.08,UPI,Completed,2024-08-31 22:52:38
4635,4635,63.43,Paytm,Completed,2024-07-05 18:15:48
4636,4636,706.57,UPI,Completed,2024-02-01 17:24:06
4637,4637,554.5,Cash,Completed,2023-12-11 02:25:08
4638,4638,717.28,Credit Card,Completed,2024-10-26 12:15:45
4639,4639,122.77,Credit Card,Completed,2024-05-08 03:02:29
4640,4640,181.61,Paytm,Completed,2024-06-05 18:06:31
4641,4641,209.08,Cash,Completed,2025-03-02 13:54:21
4642,4642,194.24,UPI,Completed,2024-08-25 03:12:15
4643,4643,414.04,PayPal,Completed,2024-04-17 15:21:24
4644,4644,151.73,PayPal,Completed,2024-10-10 01:34:53
4645,4645,736.27,Cash,Completed,2024-02-28 03:17:32
4646,4646,758.33,Credit Card,Completed,2024-10-30 15:58:57
4647,4647,596.31,Credit Card,Completed,2024-01-22 13:44:29
4648,4648,167.43,Credit Card,Completed,2023-11-09 11:58:18
4649,4649,349.43,Paytm,Completed,2025-05-07 16:29:22
4650,4650,522.79,PayPal,Completed,2024-11-01 06:48:14
4651,4651,225.31,Cash,Completed,2024-08-21 16:40:39
4652,4652,178.33,PayPal,Completed,2025-02-03 04:33:08
4653,4653,453.37,PayPal,Completed,2024-03-12 01:26:52
4654,4654,226.49,Paytm,Completed,2024-02-14 01:51:12
4655,4655,331.75,Cash,Completed,2024-05-29 12:12:34
4656,4656,234.54,Paytm,Failed,2023-12-02 18:39:57
4657,4657,102.85,Paytm,Completed,2024-08-26 12:40:15
4658,4658,51.15,UPI,Failed,2025-04-15 04:38:27
4659,4659,519.25,Cash,Pending,2025-06-16 16:41:54
4660,4660,171.4,Cash,Completed,2023-10-20 15:38:39
4661,4661,52.06,Credit Card,Completed,2025-05-18 05:44:17
4662,4662,629.35,Credit Card,Completed,2024-02-21 05:35:30
4663,4663,465.11,Cash,Completed,2025-07-15 23:24:31
4664,4664,650.99,Credit Card,Completed,2025-04-20 22:14:18
4665,4665,476.48,UPI,Completed,2023-11-07 14:51:11
4666,4666,445.61,Paytm,Completed,2024-12-06 13:43:32
4667,4667,626.76,PayPal,Completed,2025-05-31 09:42:53
4668,4668,468.28,Paytm,Completed,2024-12-04 02:07:02
4669,4669,131.4,Paytm,Completed,2024-08-20 19:47:40
4670,4670,124.1,Credit Card,Completed,2023-12-18 15:35:36
4671,4671,489.25,Cash,Failed,2023-11-27 04:51:22
4672,4672,381.62,UPI,Completed,2025-07-10 14:15:05
4673,4673,70.53,UPI,Completed,2023-11-29 18:49:58
4674,4674,573.96,UPI,Completed,2024-10-04 03:26:36
4675,4675,151.72,UPI,Completed,2024-02-09 13:51:39
4676,4676,390.01,Cash,Failed,2023-08-20 18:25:19
4677,4677,310.75,Credit Card,Completed,2024-03-26 18:22:37
4678,4678,446.85,Paytm,Completed,2024-09-08 01:45:01
4679,4679,427.59,Credit Card,Completed,2024-06-26 17:26:49
4680,4680,269.15,PayPal,Completed,2025-06-04 09:35:00
4681,4681,397.15,PayPal,Completed,2024-07-27 11:37:06
4682,4682,361.52,Paytm,Completed,2025-03-27 00:01:24
4683,4683,720.4,UPI,Completed,2024-09-19 20:02:07
4684,4684,730.97,UPI,Completed,2023-11-25 23:55:22
4685,4685,209.73,Credit Card,Completed,2025-06-18 20:03:31
4686,4686,561.95,Cash,Completed,2024-09-15 09:41:52
4687,4687,137.93,Paytm,Completed,2024-08-29 16:15:27
4688,4688,196.31,Credit Card,Completed,2024-04-21 18:48:29
4689,4689,450.0,PayPal,Completed,2024-01-14 20:18:27
4690,4690,796.57,Cash,Completed,2024-08-15 13:28:53
4691,4691,491.44,PayPal,Completed,2024-12-04 23:36:45
4692,4692,437.97,Credit Card,Completed,2024-10-09 09:05:44
4693,4693,309.5,Paytm,Completed,2025-06-21 10:08:10
4694,4694,530.87,UPI,Completed,2024-02-14 05:26:21
4695,4695,394.0,Cash,Completed,2024-09-19 05:13:21
4696,4696,77.01,Credit Card,Completed,2024-12-10 02:05:43
4697,4697,667.59,Paytm,Completed,2025-03-11 04:25:43
4698,4698,104.0,Credit Card,Completed,2023-10-27 04:28:17
4699,4699,731.2,PayPal,Completed,2025-03-30 00:04:08
4700,4700,605.09,Cash,Completed,2025-04-11 01:32:02
4701,4701,637.03,Paytm,Completed,2024-03-24 03:54:35
4702,4702,762.34,Paytm,Pending,2024-10-30 14:30:10
4703,4703,742.24,UPI,Completed,2025-07-17 22:25:13
4704,4704,296.94,Credit Card,Completed,2025-01-25 20:54:12
4705,4705,712.19,Credit Card,Completed,2024-06-11 16:28:18
4706,4706,708.5,PayPal,Completed,2023-12-20 04:41:42
4707,4707,243.04,Cash,Completed,2024-02-07 01:50:20
4708,4708,720.4,Paytm,Completed,2024-12-03 14:46:06
4709,4709,103.07,Paytm,Completed,2024-03-21 20:18:09
4710,4710,338.21,Cash,Completed,2024-12-12 12:37:11
4711,4711,387.85,UPI,Pending,2023-08-12 22:40:22
4712,4712,209.82,Paytm,Completed,2024-12-25 22:59:52
4713,4713,648.21,Paytm,Completed,2025-03-08 07:18:54
4714,4714,209.17,PayPal,Completed,2025-03-13 17:20:44
4715,4715,633.0,Paytm,Completed,2023-12-06 04:12:36
4716,4716,466.28,PayPal,Completed,2023-10-03 06:08:29
4717,4717,191.45,PayPal,Completed,2024-05-26 10:53:50
4718,4718,284.33,UPI,Completed,2024-02-20 23:31:22
4719,4719,168.18,Credit Card,Completed,2025-02-05 22:05:16
4720,4720,626.87,UPI,Completed,2024-06-25 02:41:05
4721,4721,246.0,PayPal,Completed,2025-04-05 06:25:31
4722,4722,496.66,PayPal,Completed,2024-06-30 05:08:37
4723,4723,424.05,Paytm,Completed,2024-12-19 22:28:05
4724,4724,756.75,Credit Card,Completed,2024-07-20 18:50:41
4725,4725,603.68,Cash,Completed,2023-10-23 10:37:33
4726,4726,58.28,PayPal,Completed,2024-11-22 14:49:16
4727,4727,447.8,UPI,Completed,2024-02-15 11:52:42
4728,4728,100.64,PayPal,Completed,2024-03-07 03:38:15
4729,4729,108.61,PayPal,Completed,2025-06-02 16:51:57
4730,4730,495.94,Paytm,Completed,2024-12-28 08:34:52
4731,4731,176.68,Credit Card,Completed,2025-07-10 12:20:07
4732,4732,350.43,UPI,Completed,2023-11-30 00:01:26
4733,4733,371.4,Credit Card,Completed,2024-11-16 22:34:38
4734,4734,663.32,Paytm,Pending,2024-09-21 22:20:28
4735,4735,435.44,UPI,Completed,2024-06-23 22:50:17
4736,4736,332.02,Credit Card,Completed,2023-11-11 13:01:33
4737,4737,287.93,Cash,Completed,2024-03-27 00:49:10
4738,4738,51.9,Paytm,Completed,2024-09-22 00:49:51
4739,4739,427.7,Paytm,Completed,2023-11-16 06:53:02
4740,4740,520.54,Cash,Completed,2024-12-01 13:18:42
4741,4741,359.56,Paytm,Pending,2025-01-09 04:18:53
4742,4742,285.88,Paytm,Failed,2023-12-23 22:37:20
4743,4743,679.69,PayPal,Pending,2023-12-26 07:51:41
4744,4744,631.22,Paytm,Completed,2024-10-19 17:24:03
4745,4745,114.81,Credit Card,Completed,2025-05-13 13:59:33
4746,4746,358.15,Cash,Completed,2025-05-10 20:43:44
4747,4747,721.62,Credit Card,Completed,2024-02-21 00:10:05
4748,4748,265.18,PayPal,Completed,2024-01-28 09:52:08
4749,4749,271.66,Cash,Completed,2023-11-16 00:37:05
4750,4750,731.25,PayPal,Completed,2023-12-09 15:19:19
4751,4751,500.4,Cash,Completed,2025-01-24 11:56:57
4752,4752,399.34,UPI,Failed,2025-06-04 03:04:33
4753,4753,392.38,Credit Card,Completed,2024-07-29 00:02:50
4754,4754,703.05,PayPal,Completed,2025-03-19 11:36:26
4755,4755,349.87,Cash,Completed,2023-10-29 04:29:32
4756,4756,300.52,Credit Card,Pending,2025-07-07 21:32:51
4757,4757,760.87,Cash,Pending,2023-10-04 21:03:59
4758,4758,592.35,Credit Card,Failed,2024-04-09 04:22:02
4759,4759,458.71,Paytm,Completed,2025-07-03 21:45:45
4760,4760,731.06,Paytm,Completed,2023-11-13 11:23:52
4761,4761,641.49,Credit Card,Completed,2024-01-13 18:38:39
4762,4762,290.93,Paytm,Failed,2025-06-29 19:08:14
4763,4763,540.22,PayPal,Completed,2025-02-19 21:17:11
4764,4764,492.84,PayPal,Pending,2024-05-01 02:09:08
4765,4765,88.72,UPI,Completed,2025-02-19 20:30:38
4766,4766,104.72,PayPal,Completed,2024-08-20 11:50:51
4767,4767,419.01,UPI,Completed,2024-09-11 15:29:21
4768,4768,198.15,Cash,Completed,2023-09-29 12:54:40
4769,4769,437.74,PayPal,Completed,2024-03-13 18:13:02
4770,4770,717.48,Credit Card,Failed,2025-06-22 14:57:25
4771,4771,291.57,Credit Card,Completed,2024-10-07 15:41:36
4772,4772,144.24,Cash,Completed,2023-11-01 13:50:48
4773,4773,720.16,PayPal,Completed,2025-05-25 06:40:46
4774,4774,536.1,Paytm,Completed,2024-10-04 12:28:59
4775,4775,308.59,Cash,Completed,2023-09-22 02:36:58
4776,4776,771.52,Cash,Completed,2023-12-23 04:48:03
4777,4777,779.04,Paytm,Completed,2025-04-12 11:26:15
4778,4778,521.25,Paytm,Completed,2023-09-03 09:04:04
4779,4779,743.25,PayPal,Pending,2024-05-17 09:59:31
4780,4780,497.84,PayPal,Completed,2025-01-26 22:02:01
4781,4781,755.22,Paytm,Completed,2025-07-01 08:47:14
4782,4782,777.94,Paytm,Completed,2024-03-11 05:02:37
4783,4783,555.54,Cash,Pending,2025-03-24 05:17:59
4784,4784,179.14,UPI,Completed,2023-08-15 05:28:21
4785,4785,673.97,PayPal,Failed,2024-04-22 03:59:09
4786,4786,429.85,UPI,Completed,2024-09-08 18:03:00
4787,4787,493.97,Cash,Completed,2023-11-14 20:44:41
4788,4788,757.67,Credit Card,Completed,2024-08-24 03:02:22
4789,4789,410.13,PayPal,Completed,2025-01-09 21:36:41
4790,4790,307.1,Cash,Pending,2024-11-25 20:18:34
4791,4791,413.36,Paytm,Completed,2024-11-25 14:36:12
4792,4792,118.03,Cash,Failed,2023-09-26 08:33:17
4793,4793,359.53,Cash,Completed,2024-03-10 15:16:54
4794,4794,418.5,PayPal,Completed,2023-08-16 01:25:02
4795,4795,636.63,Cash,Completed,2024-02-24 08:39:55
4796,4796,786.76,Credit Card,Completed,2023-11-01 20:58:29
4797,4797,74.94,Cash,Completed,2025-02-24 21:45:41
4798,4798,572.14,Cash,Completed,2024-10-09 05:41:04
4799,4799,500.67,Paytm,Completed,2025-01-20 10:37:12
4800,4800,602.45,UPI,Completed,2024-06-22 04:21:49
4801,4801,738.33,Paytm,Completed,2025-01-25 15:01:09
4802,4802,759.31,Paytm,Completed,2024-11-03 04:23:46
4803,4803,341.69,Credit Card,Completed,2023-09-19 11:10:12
4804,4804,166.69,Credit Card,Pending,2024-05-02 02:34:48
4805,4805,109.78,UPI,Completed,2024-06-14 12:26:05
4806,4806,620.58,PayPal,Completed,2025-04-25 06:02:09
4807,4807,695.12,PayPal,Completed,2024-02-07 02:54:22
4808,4808,521.48,Credit Card,Completed,2024-08-29 05:39:51
4809,4809,109.07,Credit Card,Completed,2023-08-18 03:58:24
4810,4810,639.68,PayPal,Completed,2024-03-22 19:36:08
4811,4811,236.87,Cash,Completed,2023-08-29 15:29:45
4812,4812,268.39,Cash,Completed,2023-08-19 11:33:27
4813,4813,310.14,Paytm,Completed,2024-03-29 18:34:19
4814,4814,427.91,PayPal,Completed,2024-05-14 01:41:22
4815,4815,415.95,Paytm,Completed,2024-05-15 04:34:26
4816,4816,795.81,Paytm,Completed,2023-12-24 08:54:36
4817,4817,283.58,Paytm,Completed,2025-05-11 17:38:18
4818,4818,399.66,UPI,Completed,2024-05-22 11:35:52
4819,4819,326.12,Cash,Completed,2025-07-19 02:42:55
4820,4820,531.31,Credit Card,Completed,2023-11-29 09:56:43
4821,4821,74.9,Paytm,Completed,2024-06-18 15:11:51
4822,4822,120.71,Credit Card,Completed,2024-04-04 19:49:41
4823,4823,544.37,PayPal,Completed,2024-03-08 16:36:23
4824,4824,171.17,Credit Card,Completed,2024-06-03 19:21:24
4825,4825,338.52,Paytm,Completed,2025-07-31 01:24:07
4826,4826,92.19,Cash,Completed,2023-09-18 01:36:56
4827,4827,528.57,Credit Card,Completed,2024-06-13 22:03:30
4828,4828,741.49,Credit Card,Completed,2024-08-19 22:26:26
4829,4829,201.07,PayPal,Failed,2024-11-16 22:17:56
4830,4830,772.07,UPI,Completed,2023-12-22 02:29:45
4831,4831,59.04,Credit Card,Completed,2024-06-17 16:02:06
4832,4832,400.31,Paytm,Completed,2024-08-30 08:13:32
4833,4833,409.46,Paytm,Completed,2024-10-03 21:36:36
4834,4834,266.75,PayPal,Completed,2024-09-03 09:27:58
4835,4835,211.25,Credit Card,Completed,2025-07-02 17:57:13
4836,4836,304.57,PayPal,Failed,2024-02-01 09:05:33
4837,4837,92.47,UPI,Completed,2024-02-14 23:13:39
4838,4838,57.92,PayPal,Completed,2024-03-22 07:23:13
4839,4839,762.99,Cash,Completed,2025-02-01 08:06:08
4840,4840,541.26,Credit Card,Completed,2024-05-22 00:38:45
4841,4841,129.68,PayPal,Pending,2024-09-17 13:01:09
4842,4842,775.91,Credit Card,Completed,2025-07-23 20:15:50
4843,4843,719.32,Paytm,Completed,2023-08-12 18:03:55
4844,4844,80.82,Credit Card,Completed,2024-10-23 14:54:34
4845,4845,599.09,Paytm,Completed,2024-07-06 21:21:23
4846,4846,200.36,Paytm,Completed,2025-02-13 09:18:06
4847,4847,380.31,Credit Card,Completed,2024-11-26 11:13:18
4848,4848,58.64,Cash,Pending,2024-06-19 15:57:47
4849,4849,281.4,UPI,Failed,2024-02-08 05:46:09
4850,4850,543.68,UPI,Completed,2023-08-05 15:59:30
4851,4851,421.78,Cash,Completed,2024-10-24 14:22:21
4852,4852,526.47,Cash,Completed,2024-04-06 22:12:05
4853,4853,418.38,UPI,Completed,2025-03-09 12:38:32
4854,4854,201.07,Cash,Completed,2024-06-11 19:20:47
4855,4855,313.11,Paytm,Completed,2025-05-21 22:48:14
4856,4856,174.02,Credit Card,Completed,2024-08-07 07:35:49
4857,4857,253.53,UPI,Failed,2024-05-12 15:35:52
4858,4858,58.29,Credit Card,Completed,2024-04-11 03:10:26
4859,4859,403.4,Credit Card,Completed,2023-09-14 19:47:41
4860,4860,395.31,Cash,Pending,2024-12-27 01:56:04
4861,4861,210.82,Paytm,Pending,2024-01-08 19:59:24
4862,4862,658.92,UPI,Completed,2024-07-14 10:17:21
4863,4863,300.5,Paytm,Completed,2025-08-01 22:29:48
4864,4864,90.2,Credit Card,Completed,2025-04-14 07:20:08
4865,4865,95.84,Paytm,Completed,2024-06-12 02:21:28
4866,4866,687.53,UPI,Completed,2024-12-29 23:53:01
4867,4867,424.31,PayPal,Completed,2025-04-22 11:05:51
4868,4868,587.58,Cash,Completed,2025-07-08 07:15:40
4869,4869,519.81,Credit Card,Completed,2025-06-09 10:43:53
4870,4870,693.28,UPI,Pending,2024-03-27 19:46:18
4871,4871,739.69,Credit Card,Completed,2025-03-01 01:44:08
4872,4872,408.96,UPI,Completed,2024-08-16 04:40:21
4873,4873,431.31,Credit Card,Completed,2024-09-07 12:55:31
4874,4874,448.49,UPI,Completed,2024-10-29 12:38:16
4875,4875,228.66,UPI,Completed,2023-11-01 23:53:46
4876,4876,436.71,UPI,Completed,2024-01-29 17:39:44
4877,4877,398.97,UPI,Completed,2024-02-02 08:17:05
4878,4878,172.8,Cash,Completed,2024-11-23 16:43:45
4879,4879,191.12,PayPal,Completed,2023-08-17 00:39:38
4880,4880,361.69,PayPal,Completed,2023-08-11 08:19:03
4881,4881,226.2,UPI,Completed,2024-08-11 15:36:22
4882,4882,797.53,UPI,Completed,2024-03-25 22:41:20
4883,4883,256.21,Paytm,Completed,2024-07-08 20:44:14
4884,4884,756.8,PayPal,Completed,2023-12-09 12:55:42
4885,4885,63.14,Cash,Completed,2024-09-10 11:51:53
4886,4886,301.65,Cash,Completed,2024-06-13 02:58:06
4887,4887,628.47,Credit Card,Completed,2024-10-22 03:29:41
4888,4888,435.35,Cash,Completed,2023-10-26 05:59:40
4889,4889,284.87,PayPal,Completed,2023-11-08 13:36:35
4890,4890,253.86,Credit Card,Completed,2023-09-17 10:30:12
4891,4891,137.87,Credit Card,Completed,2025-06-20 15:04:49
4892,4892,77.3,Credit Card,Completed,2024-04-18 21:34:29
4893,4893,152.91,Credit Card,Completed,2025-06-06 20:39:30
4894,4894,131.41,UPI,Completed,2023-08-08 23:43:01
4895,4895,225.89,UPI,Completed,2024-06-23 22:55:58
4896,4896,389.39,PayPal,Completed,2025-07-28 21:03:31
4897,4897,384.23,Credit Card,Completed,2024-12-18 01:12:06
4898,4898,420.56,Paytm,Completed,2025-02-25 06:03:19
4899,4899,82.01,UPI,Completed,2024-09-25 07:23:14
4900,4900,485.54,Credit Card,Completed,2024-01-19 07:50:52
4901,4901,744.46,UPI,Completed,2025-08-02 12:26:57
4902,4902,260.38,Credit Card,Completed,2024-05-15 19:14:56
4903,4903,597.34,PayPal,Completed,2024-08-28 13:12:53
4904,4904,103.18,UPI,Completed,2025-01-23 06:10:45
4905,4905,603.86,Credit Card,Completed,2024-08-09 20:28:50
4906,4906,755.33,Cash,Completed,2024-08-23 17:32:25
4907,4907,743.06,UPI,Completed,2024-05-30 08:47:57
4908,4908,530.01,UPI,Completed,2024-06-08 00:41:40
4909,4909,473.0,Cash,Completed,2024-01-02 22:47:02
4910,4910,781.68,Credit Card,Completed,2025-06-25 12:11:53
4911,4911,289.39,Credit Card,Completed,2023-10-27 00:30:03
4912,4912,533.65,Paytm,Completed,2025-06-23 17:05:54
4913,4913,173.26,Credit Card,Completed,2024-07-09 13:16:56
4914,4914,564.61,Credit Card,Completed,2023-10-01 23:18:29
4915,4915,570.98,UPI,Completed,2024-12-27 21:48:42
4916,4916,508.81,Credit Card,Completed,2024-11-20 09:30:47
4917,4917,790.05,Cash,Completed,2024-10-07 06:21:28
4918,4918,326.64,Credit Card,Completed,2025-01-20 18:35:11
4919,4919,344.76,PayPal,Completed,2024-07-10 08:59:30
4920,4920,565.71,Cash,Completed,2025-06-25 00:26:48
4921,4921,375.11,UPI,Completed,2024-02-16 23:25:53
4922,4922,558.78,UPI,Completed,2024-12-20 00:08:58
4923,4923,761.68,UPI,Completed,2023-09-14 10:06:45
4924,4924,253.88,Cash,Completed,2024-05-20 20:53:16
4925,4925,57.5,PayPal,Failed,2025-05-28 02:48:45
4926,4926,672.75,Cash,Pending,2024-02-14 19:50:53
4927,4927,676.83,Credit Card,Completed,2024-08-19 14:52:49
4928,4928,657.39,UPI,Pending,2024-06-27 23:12:07
4929,4929,609.27,Credit Card,Completed,2024-07-13 23:19:24
4930,4930,575.79,Paytm,Completed,2023-08-31 15:53:12
4931,4931,55.41,Paytm,Completed,2025-01-24 04:53:20
4932,4932,641.13,Paytm,Completed,2024-02-19 09:54:23
4933,4933,50.87,PayPal,Completed,2023-10-08 20:17:25
4934,4934,261.85,Credit Card,Completed,2024-04-10 04:44:26
4935,4935,224.77,PayPal,Completed,2023-11-02 12:47:36
4936,4936,652.63,Paytm,Completed,2023-08-13 08:44:45
4937,4937,577.71,UPI,Completed,2024-06-10 04:26:36
4938,4938,580.88,UPI,Completed,2023-10-14 00:08:11
4939,4939,757.67,PayPal,Completed,2025-07-07 20:38:17
4940,4940,226.09,Paytm,Completed,2023-12-20 23:08:14
4941,4941,446.9,UPI,Completed,2025-06-05 03:09:06
4942,4942,238.0,PayPal,Completed,2025-03-28 08:09:33
4943,4943,275.32,Credit Card,Completed,2025-05-01 06:58:27
4944,4944,676.27,Credit Card,Completed,2024-12-24 22:47:26
4945,4945,771.42,UPI,Completed,2025-01-19 21:17:51
4946,4946,717.82,UPI,Completed,2024-04-21 18:50:57
4947,4947,450.41,PayPal,Completed,2023-11-24 20:00:39
4948,4948,657.14,Paytm,Completed,2023-09-22 15:56:36
4949,4949,109.79,Credit Card,Completed,2024-06-14 10:07:15
4950,4950,755.86,Credit Card,Completed,2025-07-27 22:29:15
4951,4951,265.07,Cash,Completed,2023-09-22 11:01:34
4952,4952,581.02,Cash,Completed,2024-04-04 12:41:59
4953,4953,389.06,Paytm,Completed,2024-07-19 06:21:39
4954,4954,713.42,UPI,Pending,2024-11-10 13:28:56
4955,4955,176.39,PayPal,Completed,2024-11-13 16:44:35
4956,4956,307.74,PayPal,Completed,2024-01-26 05:10:39
4957,4957,225.14,UPI,Completed,2024-03-02 21:15:05
4958,4958,143.81,UPI,Completed,2025-05-01 10:02:57
4959,4959,574.71,UPI,Completed,2025-02-04 07:44:30
4960,4960,517.27,PayPal,Completed,2023-11-10 09:11:02
4961,4961,655.77,PayPal,Completed,2025-01-25 17:09:09
4962,4962,218.01,UPI,Completed,2023-12-21 00:05:45
4963,4963,798.05,UPI,Completed,2023-09-24 05:57:01
4964,4964,432.64,Cash,Completed,2025-01-30 06:15:23
4965,4965,221.48,UPI,Completed,2025-05-06 00:50:39
4966,4966,222.32,UPI,Completed,2024-03-20 07:11:35
4967,4967,287.05,Paytm,Completed,2024-08-30 01:23:13
4968,4968,630.6,Credit Card,Completed,2025-07-12 07:16:35
4969,4969,581.6,Cash,Completed,2025-02-28 00:06:12
4970,4970,153.19,PayPal,Completed,2024-09-28 19:00:36
4971,4971,629.02,Paytm,Completed,2024-04-08 22:59:54
4972,4972,79.73,Paytm,Completed,2023-10-12 12:03:44
4973,4973,756.31,Cash,Completed,2024-03-02 13:18:05
4974,4974,709.61,UPI,Completed,2024-04-25 06:18:39
4975,4975,798.52,UPI,Completed,2025-05-04 08:19:03
4976,4976,162.9,Credit Card,Completed,2024-08-19 00:23:22
4977,4977,483.18,Credit Card,Pending,2025-01-29 00:21:53
4978,4978,319.89,UPI,Completed,2024-10-20 16:12:57
4979,4979,161.73,Cash,Completed,2025-06-20 01:55:57
4980,4980,247.33,Cash,Completed,2024-04-14 02:17:46
4981,4981,169.93,Paytm,Pending,2024-06-12 19:25:35
4982,4982,332.23,PayPal,Pending,2023-09-09 20:01:58
4983,4983,207.52,UPI,Completed,2024-04-29 12:10:17
4984,4984,582.8,PayPal,Completed,2024-06-27 07:19:24
4985,4985,323.09,Credit Card,Pending,2025-03-22 09:53:21
4986,4986,53.98,Paytm,Completed,2023-08-30 23:30:22
4987,4987,479.05,Credit Card,Completed,2024-08-12 02:00:47
4988,4988,165.87,PayPal,Completed,2024-02-09 06:23:53
4989,4989,709.11,Paytm,Completed,2024-08-02 04:06:19
4990,4990,473.56,Paytm,Completed,2024-07-11 20:14:25
4991,4991,704.44,UPI,Completed,2023-10-09 14:44:01
4992,4992,623.76,UPI,Completed,2025-03-19 08:27:28
4993,4993,223.92,Cash,Pending,2023-11-06 15:18:10
4994,4994,418.96,Cash,Completed,2024-09-02 06:38:08
4995,4995,159.7,Cash,Completed,2024-09-27 12:59:34
4996,4996,426.66,Credit Card,Completed,2025-07-07 01:55:34
4997,4997,229.09,UPI,Completed,2023-12-23 18:53:12
4998,4998,637.72,Paytm,Completed,2024-12-19 15:47:20
4999,4999,276.37,PayPal,Completed,2024-02-17 08:58:42
5000,5000,621.53,UPI,Completed,2025-06-17 09:40:56
5001,5001,764.69,UPI,Completed,2023-12-09 17:07:52
5002,5002,436.38,Credit Card,Completed,2023-08-27 09:14:49
5003,5003,93.31,PayPal,Completed,2025-05-25 06:38:06
5004,5004,672.95,UPI,Completed,2024-04-08 21:14:46
5005,5005,427.3,PayPal,Completed,2025-04-22 21:49:04
5006,5006,358.09,Credit Card,Pending,2025-06-18 10:14:45
5007,5007,781.28,Credit Card,Completed,2023-11-08 16:27:03
5008,5008,798.08,Paytm,Completed,2023-12-23 13:42:00
5009,5009,91.35,UPI,Completed,2024-05-22 08:55:38
5010,5010,420.92,UPI,Completed,2025-02-05 06:13:11
5011,5011,329.31,Paytm,Pending,2024-02-04 12:49:00
5012,5012,348.95,Cash,Completed,2023-12-09 15:47:10
5013,5013,386.67,Cash,Completed,2023-11-20 10:09:22
5014,5014,288.86,UPI,Completed,2023-08-12 09:27:41
5015,5015,624.35,Cash,Completed,2024-06-11 21:41:47
5016,5016,534.78,Paytm,Completed,2024-12-14 01:48:57
5017,5017,153.15,UPI,Completed,2023-11-01 13:03:39
5018,5018,730.83,Paytm,Completed,2025-07-08 08:37:55
5019,5019,177.29,UPI,Completed,2024-10-26 21:41:37
5020,5020,191.0,Cash,Completed,2024-02-17 13:31:36
5021,5021,390.24,Cash,Completed,2025-01-16 10:25:51
5022,5022,608.78,PayPal,Completed,2025-02-28 17:29:09
5023,5023,350.48,UPI,Completed,2023-10-27 02:43:39
5024,5024,433.9,Credit Card,Pending,2024-07-17 18:52:37
5025,5025,512.68,UPI,Completed,2025-07-19 04:30:29
5026,5026,359.12,Credit Card,Completed,2025-06-10 18:32:29
5027,5027,229.52,Paytm,Completed,2024-02-01 18:30:54
5028,5028,126.46,Cash,Completed,2024-08-09 09:16:33
5029,5029,67.23,UPI,Completed,2025-03-12 13:06:16
5030,5030,619.68,Credit Card,Completed,2025-02-12 17:30:28
5031,5031,183.71,Cash,Completed,2023-10-25 16:24:38
5032,5032,619.98,Paytm,Completed,2025-07-10 16:28:29
5033,5033,406.52,UPI,Completed,2025-07-19 12:08:03
5034,5034,536.25,Cash,Completed,2024-03-15 02:37:03
5035,5035,134.82,UPI,Completed,2024-12-23 16:47:39
5036,5036,407.33,UPI,Completed,2024-02-20 06:27:33
5037,5037,96.46,PayPal,Completed,2025-01-21 00:04:39
5038,5038,109.09,PayPal,Completed,2023-12-27 06:41:03
5039,5039,345.56,Credit Card,Completed,2025-06-16 03:16:36
5040,5040,534.53,PayPal,Completed,2023-11-01 20:28:24
5041,5041,247.97,Paytm,Completed,2024-03-16 19:46:44
5042,5042,296.34,PayPal,Completed,2025-05-13 20:54:20
5043,5043,111.46,Cash,Completed,2023-08-23 02:18:13
5044,5044,69.15,Cash,Failed,2023-12-05 02:21:35
5045,5045,121.75,UPI,Completed,2023-09-06 21:20:35
5046,5046,541.77,Credit Card,Completed,2024-11-09 04:12:40
5047,5047,650.42,Paytm,Completed,2023-12-15 10:19:51
5048,5048,264.04,Cash,Completed,2023-09-24 07:50:40
5049,5049,140.15,UPI,Completed,2025-01-29 14:33:46
5050,5050,493.63,UPI,Completed,2023-09-20 01:16:02
5051,5051,54.17,Paytm,Completed,2025-02-22 14:29:31
5052,5052,395.4,UPI,Completed,2023-11-14 06:30:22
5053,5053,346.11,PayPal,Completed,2024-12-19 19:24:56
5054,5054,399.15,UPI,Completed,2025-02-16 02:34:20
5055,5055,429.32,UPI,Pending,2024-08-28 23:45:51
5056,5056,308.63,Cash,Completed,2024-02-12 22:08:48
5057,5057,123.63,UPI,Completed,2025-02-10 11:25:56
5058,5058,723.63,Credit Card,Completed,2024-02-23 09:57:28
5059,5059,797.82,Paytm,Completed,2024-09-07 02:13:08
5060,5060,673.95,PayPal,Pending,2024-06-27 07:14:50
5061,5061,744.86,UPI,Pending,2023-12-29 14:43:14
5062,5062,678.51,UPI,Completed,2025-01-20 11:02:36
5063,5063,665.06,Cash,Completed,2025-06-02 00:20:25
5064,5064,155.92,Cash,Completed,2025-01-18 08:02:46
5065,5065,316.12,PayPal,Completed,2024-05-20 19:22:01
5066,5066,710.29,Credit Card,Completed,2024-04-08 08:12:17
5067,5067,528.02,Cash,Completed,2025-06-29 10:10:41
5068,5068,210.01,Paytm,Pending,2024-07-13 14:57:22
5069,5069,191.16,Credit Card,Pending,2025-05-09 17:05:34
5070,5070,396.11,Credit Card,Completed,2025-01-14 21:47:45
5071,5071,723.5,UPI,Completed,2025-04-02 23:27:55
5072,5072,120.26,Cash,Pending,2025-07-28 09:02:32
5073,5073,415.51,UPI,Pending,2024-12-21 06:09:50
5074,5074,79.99,Cash,Completed,2024-08-22 11:34:04
5075,5075,740.88,UPI,Completed,2025-03-06 15:22:56
5076,5076,589.77,PayPal,Completed,2024-04-05 15:38:04
5077,5077,353.14,Cash,Completed,2024-02-23 12:05:07
5078,5078,199.0,Cash,Completed,2023-12-29 20:54:27
5079,5079,175.19,PayPal,Completed,2024-12-04 10:56:02
5080,5080,335.09,PayPal,Completed,2024-07-22 22:55:38
5081,5081,85.14,PayPal,Completed,2025-06-09 17:43:26
5082,5082,65.63,PayPal,Completed,2025-06-11 05:07:42
5083,5083,565.07,Credit Card,Completed,2023-12-22 23:48:42
5084,5084,773.35,Credit Card,Completed,2025-07-25 15:56:07
5085,5085,452.39,UPI,Completed,2024-11-10 16:20:51
5086,5086,675.58,UPI,Completed,2025-02-06 01:37:59
5087,5087,129.76,PayPal,Completed,2024-04-09 02:37:42
5088,5088,713.95,Paytm,Failed,2025-07-11 07:40:11
5089,5089,696.82,Credit Card,Completed,2024-03-17 04:19:10
5090,5090,714.24,Credit Card,Completed,2023-09-24 08:50:07
5091,5091,375.73,UPI,Completed,2025-02-10 23:32:50
5092,5092,283.66,Paytm,Pending,2024-12-30 18:41:38
5093,5093,117.56,UPI,Completed,2023-12-12 02:30:04
5094,5094,348.13,Credit Card,Completed,2025-07-25 09:09:54
5095,5095,682.3,PayPal,Completed,2025-04-10 17:49:29
5096,5096,51.1,Cash,Completed,2024-04-12 16:54:33
5097,5097,292.91,Paytm,Completed,2025-02-14 15:46:19
5098,5098,463.07,UPI,Completed,2023-12-19 23:25:51
5099,5099,697.27,UPI,Completed,2023-10-20 01:04:41
5100,5100,320.09,Cash,Pending,2025-03-06 06:54:53
5101,5101,494.42,Cash,Completed,2023-10-07 01:04:33
5102,5102,97.09,Credit Card,Completed,2025-02-27 11:07:41
5103,5103,446.76,Paytm,Completed,2023-11-06 02:53:04
5104,5104,482.16,Credit Card,Pending,2025-04-17 07:19:07
5105,5105,105.71,Cash,Completed,2025-03-02 16:12:04
5106,5106,94.13,Cash,Completed,2025-07-10 13:37:56
5107,5107,210.17,UPI,Completed,2025-08-03 10:34:53
5108,5108,243.93,Credit Card,Completed,2025-01-26 12:48:13
5109,5109,199.44,PayPal,Completed,2024-06-07 22:16:46
5110,5110,248.62,Cash,Completed,2024-10-31 07:11:49
5111,5111,643.24,Paytm,Completed,2025-05-02 13:57:24
5112,5112,737.48,UPI,Completed,2024-07-12 09:29:31
5113,5113,199.88,Paytm,Completed,2025-02-11 06:07:08
5114,5114,738.88,UPI,Completed,2023-12-31 02:24:29
5115,5115,332.38,Cash,Completed,2025-06-03 13:50:58
5116,5116,114.1,PayPal,Completed,2025-06-15 18:16:47
5117,5117,112.38,Credit Card,Completed,2024-06-07 20:09:52
5118,5118,355.81,Paytm,Failed,2024-06-11 18:44:13
5119,5119,773.87,Cash,Completed,2024-05-19 05:38:51
5120,5120,137.82,Cash,Completed,2024-03-04 01:09:19
5121,5121,472.6,Paytm,Pending,2023-08-08 08:32:20
5122,5122,255.72,Paytm,Completed,2025-03-05 08:54:15
5123,5123,404.92,Cash,Completed,2025-03-07 17:24:28
5124,5124,68.98,Credit Card,Completed,2025-07-24 22:25:05
5125,5125,600.69,UPI,Completed,2024-12-16 01:31:45
5126,5126,660.01,Paytm,Completed,2025-06-28 02:06:43
5127,5127,788.13,UPI,Completed,2024-09-16 11:58:00
5128,5128,762.88,PayPal,Completed,2023-08-31 12:32:38
5129,5129,418.53,Credit Card,Completed,2023-09-07 21:47:31
5130,5130,361.81,Credit Card,Pending,2025-07-10 22:25:35
5131,5131,408.02,Cash,Completed,2024-03-08 21:04:46
5132,5132,687.32,Paytm,Completed,2024-01-05 18:40:26
5133,5133,127.07,Paytm,Completed,2024-09-06 03:59:06
5134,5134,522.25,Cash,Completed,2024-06-07 04:10:35
5135,5135,455.19,PayPal,Completed,2025-03-22 09:27:11
5136,5136,446.44,Credit Card,Completed,2024-04-18 03:48:02
5137,5137,489.61,PayPal,Completed,2023-12-26 00:34:35
5138,5138,499.72,Paytm,Completed,2024-06-17 00:57:30
5139,5139,484.98,Cash,Completed,2025-05-29 16:10:32
5140,5140,295.04,Credit Card,Completed,2024-09-14 11:14:07
5141,5141,780.91,UPI,Completed,2024-03-14 15:42:22
5142,5142,454.88,Credit Card,Completed,2023-10-10 11:26:26
5143,5143,213.3,Credit Card,Completed,2024-10-06 12:32:11
5144,5144,579.75,UPI,Completed,2025-03-06 07:13:22
5145,5145,160.87,Paytm,Completed,2025-02-28 00:31:47
5146,5146,683.28,Paytm,Completed,2024-07-04 08:55:21
5147,5147,105.55,PayPal,Completed,2025-02-16 09:24:01
5148,5148,695.08,UPI,Completed,2023-08-26 21:48:42
5149,5149,353.4,UPI,Completed,2024-04-07 15:06:11
5150,5150,769.52,Paytm,Completed,2024-01-08 23:58:11
5151,5151,714.17,Cash,Completed,2024-11-26 18:31:53
5152,5152,135.75,UPI,Completed,2023-09-05 12:52:54
5153,5153,422.03,Credit Card,Completed,2025-06-08 18:14:33
5154,5154,762.08,Cash,Completed,2023-09-09 19:19:52
5155,5155,272.74,Paytm,Completed,2024-12-01 05:03:49
5156,5156,696.57,UPI,Completed,2023-08-07 00:21:14
5157,5157,536.49,Paytm,Completed,2025-08-04 08:17:10
5158,5158,730.74,Credit Card,Completed,2025-05-05 19:42:33
5159,5159,445.87,Cash,Completed,2024-05-11 14:21:27
5160,5160,693.18,Cash,Completed,2024-10-15 10:10:44
5161,5161,349.05,PayPal,Completed,2025-03-14 08:30:17
5162,5162,74.9,PayPal,Completed,2024-03-07 14:21:31
5163,5163,778.81,Cash,Completed,2025-07-27 10:50:12
5164,5164,124.21,Cash,Completed,2024-09-15 20:08:55
5165,5165,464.86,UPI,Completed,2025-03-22 21:10:51
5166,5166,737.64,Cash,Completed,2023-10-16 09:19:10
5167,5167,517.06,Cash,Completed,2024-02-11 07:25:30
5168,5168,675.13,PayPal,Completed,2024-06-20 17:44:32
5169,5169,347.92,UPI,Completed,2025-01-15 19:19:11
5170,5170,322.39,Cash,Completed,2025-03-12 18:04:06
5171,5171,233.95,UPI,Completed,2024-12-18 01:19:31
5172,5172,141.87,Credit Card,Completed,2024-11-07 16:54:55
5173,5173,742.92,PayPal,Completed,2025-06-01 21:33:26
5174,5174,724.69,Paytm,Completed,2024-04-29 23:40:21
5175,5175,348.88,Credit Card,Completed,2024-06-25 09:06:35
5176,5176,706.42,UPI,Completed,2025-03-24 09:36:17
5177,5177,688.68,Cash,Pending,2024-04-07 20:12:30
5178,5178,486.74,Credit Card,Completed,2025-07-06 05:22:51
5179,5179,623.57,PayPal,Completed,2024-06-22 05:11:40
5180,5180,232.61,PayPal,Completed,2024-04-28 09:48:21
5181,5181,395.8,PayPal,Completed,2024-06-18 17:40:22
5182,5182,394.81,Credit Card,Completed,2024-06-08 10:23:37
5183,5183,259.86,Paytm,Pending,2024-06-07 21:33:46
5184,5184,537.7,Paytm,Completed,2024-02-07 12:18:50
5185,5185,237.17,Cash,Completed,2024-01-06 14:04:10
5186,5186,71.18,Cash,Completed,2023-09-09 15:31:18
5187,5187,288.35,UPI,Completed,2025-01-22 20:26:57
5188,5188,79.17,UPI,Pending,2024-10-07 22:10:37
5189,5189,500.51,Cash,Completed,2023-08-12 22:13:03
5190,5190,170.84,Paytm,Completed,2023-12-10 21:00:58
5191,5191,741.81,Cash,Completed,2025-07-28 08:02:58
5192,5192,52.63,Credit Card,Completed,2024-04-19 07:28:31
5193,5193,319.21,PayPal,Completed,2024-02-19 22:05:38
5194,5194,555.13,UPI,Completed,2024-01-19 07:48:51
5195,5195,347.97,Credit Card,Completed,2024-08-03 11:26:44
5196,5196,244.22,UPI,Completed,2024-01-14 00:38:33
5197,5197,716.46,Cash,Completed,2023-10-23 18:57:41
5198,5198,630.82,PayPal,Completed,2025-06-03 19:29:53
5199,5199,442.97,PayPal,Completed,2024-06-04 14:10:21
5200,5200,303.13,PayPal,Completed,2024-07-19 01:50:35
5201,5201,798.29,PayPal,Completed,2024-06-26 13:14:53
5202,5202,739.68,Credit Card,Completed,2024-11-21 11:26:06
5203,5203,373.71,Paytm,Completed,2024-08-28 21:44:22
5204,5204,129.52,Cash,Completed,2024-07-29 08:10:55
5205,5205,450.29,PayPal,Completed,2024-04-05 06:10:08
5206,5206,495.21,PayPal,Completed,2023-11-10 15:16:59
5207,5207,229.99,Credit Card,Completed,2025-03-01 20:42:16
5208,5208,474.7,Credit Card,Pending,2025-01-12 17:41:02
5209,5209,659.05,Cash,Completed,2025-02-08 05:44:32
5210,5210,513.84,Cash,Completed,2025-03-31 14:38:37
5211,5211,392.88,Credit Card,Completed,2025-03-21 00:31:55
5212,5212,650.64,UPI,Completed,2024-04-02 08:04:03
5213,5213,511.53,Paytm,Completed,2025-02-20 14:16:36
5214,5214,79.05,Paytm,Completed,2024-06-09 10:23:40
5215,5215,775.78,PayPal,Completed,2024-02-25 09:47:06
5216,5216,125.31,Paytm,Completed,2024-06-08 01:05:49
5217,5217,799.89,Paytm,Completed,2023-08-23 10:51:00
5218,5218,383.15,Cash,Completed,2025-01-29 02:55:47
5219,5219,797.91,Paytm,Completed,2025-05-27 17:37:41
5220,5220,480.1,Paytm,Completed,2024-06-07 07:04:23
5221,5221,534.17,Paytm,Completed,2023-12-27 13:42:38
5222,5222,283.52,Credit Card,Failed,2025-07-14 22:27:05
5223,5223,327.03,Cash,Pending,2024-04-06 12:01:12
5224,5224,371.47,Credit Card,Completed,2025-02-09 15:20:36
5225,5225,531.59,PayPal,Completed,2025-01-08 04:53:03
5226,5226,579.09,Credit Card,Completed,2023-09-29 23:09:08
5227,5227,398.36,Credit Card,Completed,2023-08-30 01:27:52
5228,5228,688.36,Credit Card,Completed,2024-03-01 06:09:00
5229,5229,686.25,Credit Card,Completed,2024-10-03 06:37:54
5230,5230,81.13,Credit Card,Completed,2025-08-01 19:10:27
5231,5231,785.87,Credit Card,Completed,2023-12-19 10:13:00
5232,5232,744.88,UPI,Completed,2025-03-17 14:01:19
5233,5233,344.49,Credit Card,Completed,2024-08-31 04:54:44
5234,5234,502.36,Credit Card,Failed,2023-09-15 20:16:42
5235,5235,759.43,Paytm,Completed,2023-10-02 04:50:47
5236,5236,161.24,Cash,Completed,2025-01-06 16:05:48
5237,5237,137.73,PayPal,Completed,2024-07-24 22:51:13
5238,5238,338.85,PayPal,Completed,2025-03-08 18:33:07
5239,5239,508.42,PayPal,Completed,2024-03-15 06:05:48
5240,5240,280.82,Cash,Completed,2024-05-01 15:01:43
5241,5241,566.63,PayPal,Pending,2024-03-29 01:19:22
5242,5242,119.28,Cash,Completed,2024-07-06 16:52:18
5243,5243,344.19,Cash,Pending,2024-11-15 06:48:39
5244,5244,184.16,Credit Card,Completed,2024-06-11 19:57:06
5245,5245,712.52,Cash,Failed,2024-06-13 18:47:59
5246,5246,588.68,Cash,Completed,2023-12-22 01:57:15
5247,5247,117.02,Credit Card,Completed,2024-06-30 12:57:13
5248,5248,639.06,Credit Card,Completed,2024-03-20 13:29:19
5249,5249,245.33,Credit Card,Completed,2025-07-10 14:05:03
5250,5250,626.79,Credit Card,Completed,2024-09-25 03:34:09
5251,5251,559.79,Paytm,Completed,2024-10-22 12:37:41
5252,5252,354.06,Paytm,Failed,2024-12-11 14:02:39
5253,5253,331.3,UPI,Completed,2024-08-12 03:16:57
5254,5254,494.89,Cash,Completed,2024-01-07 13:28:06
5255,5255,435.61,PayPal,Completed,2025-08-03 11:00:12
5256,5256,777.6,Cash,Completed,2024-12-18 18:18:50
5257,5257,281.18,Credit Card,Pending,2023-08-09 19:52:47
5258,5258,199.8,UPI,Completed,2023-10-25 22:53:04
5259,5259,71.31,PayPal,Pending,2023-12-27 03:30:31
5260,5260,351.28,UPI,Completed,2024-01-14 03:38:10
5261,5261,477.36,Cash,Completed,2025-03-17 21:20:49
5262,5262,252.44,Credit Card,Completed,2023-09-24 01:03:39
5263,5263,165.67,Credit Card,Pending,2025-05-09 01:05:36
5264,5264,337.45,UPI,Completed,2025-02-06 12:13:42
5265,5265,632.86,Credit Card,Completed,2024-11-26 17:00:55
5266,5266,770.06,PayPal,Pending,2025-01-12 05:44:13
5267,5267,655.93,Paytm,Pending,2025-04-10 08:59:47
5268,5268,310.59,UPI,Completed,2024-10-19 04:13:29
5269,5269,541.25,PayPal,Completed,2024-05-13 22:06:28
5270,5270,465.99,Paytm,Completed,2024-12-03 17:24:00
5271,5271,617.93,PayPal,Completed,2025-06-11 22:37:41
5272,5272,507.82,Paytm,Completed,2024-06-07 13:43:30
5273,5273,758.52,Credit Card,Completed,2024-06-02 00:57:28
5274,5274,167.06,Credit Card,Completed,2023-12-09 00:10:03
5275,5275,593.9,UPI,Completed,2024-06-09 11:08:30
5276,5276,728.42,UPI,Completed,2024-10-22 16:53:37
5277,5277,791.29,Cash,Completed,2024-08-08 19:44:37
5278,5278,355.83,Paytm,Completed,2024-11-09 15:46:07
5279,5279,536.88,PayPal,Completed,2024-04-27 19:10:37
5280,5280,567.37,Cash,Completed,2025-05-23 17:51:14
5281,5281,499.17,Paytm,Completed,2024-05-09 22:13:26
5282,5282,524.48,PayPal,Completed,2024-01-12 16:24:05
5283,5283,432.14,Cash,Completed,2025-01-27 06:23:00
5284,5284,520.25,Credit Card,Completed,2024-06-03 14:52:14
5285,5285,297.22,UPI,Completed,2025-03-23 08:42:25
5286,5286,219.82,Paytm,Completed,2023-08-21 13:35:56
5287,5287,688.73,UPI,Pending,2024-06-18 18:25:49
5288,5288,262.87,Paytm,Completed,2024-03-10 08:48:04
5289,5289,392.83,Cash,Completed,2024-10-23 10:19:36
5290,5290,485.21,Paytm,Completed,2024-06-05 22:56:58
5291,5291,131.3,UPI,Completed,2024-12-21 04:29:31
5292,5292,376.39,PayPal,Completed,2023-11-21 00:41:16
5293,5293,442.99,Cash,Completed,2025-07-02 18:14:51
5294,5294,270.2,Cash,Failed,2023-11-06 13:24:16
5295,5295,131.64,Credit Card,Completed,2025-03-30 23:42:50
5296,5296,727.73,Cash,Pending,2024-10-17 14:57:36
5297,5297,679.39,Credit Card,Completed,2024-08-14 13:37:17
5298,5298,605.93,PayPal,Completed,2024-07-04 16:29:51
5299,5299,106.84,Credit Card,Completed,2024-05-01 15:09:47
5300,5300,87.29,UPI,Completed,2025-02-20 21:42:56
5301,5301,497.47,Paytm,Completed,2025-05-28 04:54:28
5302,5302,310.45,Paytm,Completed,2024-08-31 05:53:51
5303,5303,799.61,Paytm,Completed,2024-09-17 00:04:26
5304,5304,757.59,PayPal,Completed,2024-06-10 17:36:03
5305,5305,751.53,UPI,Completed,2024-12-28 06:47:57
5306,5306,186.9,Cash,Completed,2023-08-26 06:55:55
5307,5307,544.77,Cash,Completed,2025-02-03 04:57:06
5308,5308,130.22,Cash,Completed,2024-10-04 04:14:19
5309,5309,678.16,Credit Card,Completed,2023-11-01 10:31:48
5310,5310,76.93,Credit Card,Completed,2025-02-15 14:34:23
5311,5311,349.89,PayPal,Pending,2025-05-25 08:14:14
5312,5312,488.27,UPI,Completed,2025-05-13 11:47:20
5313,5313,103.45,Cash,Completed,2023-12-14 12:44:23
5314,5314,513.49,UPI,Completed,2024-05-04 12:52:07
5315,5315,315.14,UPI,Completed,2025-06-26 07:26:29
5316,5316,579.42,Credit Card,Completed,2023-11-07 14:51:53
5317,5317,571.18,Cash,Completed,2024-12-15 00:49:47
5318,5318,654.35,Credit Card,Completed,2025-02-04 11:15:36
5319,5319,278.55,Paytm,Completed,2023-10-08 19:26:28
5320,5320,771.68,Paytm,Completed,2025-07-27 05:53:16
5321,5321,471.48,Credit Card,Completed,2024-01-22 06:04:32
5322,5322,183.54,Paytm,Completed,2024-01-29 15:12:02
5323,5323,503.61,Paytm,Completed,2024-11-28 05:25:51
5324,5324,335.67,Credit Card,Failed,2024-09-12 15:10:02
5325,5325,91.37,UPI,Completed,2024-11-03 02:59:16
5326,5326,486.2,Cash,Completed,2024-08-27 11:37:16
5327,5327,643.9,UPI,Completed,2024-08-09 15:33:08
5328,5328,360.53,Credit Card,Completed,2023-12-18 00:56:13
5329,5329,641.07,UPI,Completed,2025-03-12 19:44:51
5330,5330,56.97,Paytm,Completed,2024-08-24 07:55:16
5331,5331,490.54,Paytm,Completed,2023-09-13 17:32:47
5332,5332,792.79,PayPal,Pending,2024-10-24 08:46:21
5333,5333,555.37,Credit Card,Completed,2025-06-23 04:34:55
5334,5334,108.88,UPI,Failed,2025-07-02 09:16:10
5335,5335,187.95,Cash,Completed,2025-05-13 02:15:53
5336,5336,773.65,UPI,Pending,2024-02-27 18:24:50
5337,5337,496.52,Cash,Failed,2023-09-27 06:07:57
5338,5338,795.07,UPI,Completed,2024-05-26 17:59:16
5339,5339,285.32,UPI,Completed,2024-10-09 06:31:50
5340,5340,468.86,Credit Card,Completed,2024-04-01 01:48:21
5341,5341,186.26,Paytm,Completed,2023-09-22 16:56:57
5342,5342,604.44,Paytm,Completed,2025-06-24 14:13:02
5343,5343,727.92,UPI,Completed,2024-06-09 17:31:29
5344,5344,184.23,Credit Card,Completed,2025-01-12 17:31:15
5345,5345,108.17,Credit Card,Completed,2023-09-29 10:17:06
5346,5346,347.64,UPI,Completed,2025-06-01 08:56:52
5347,5347,346.13,Cash,Completed,2024-05-14 13:51:31
5348,5348,72.93,Credit Card,Completed,2024-08-14 23:01:01
5349,5349,609.71,Paytm,Completed,2025-01-16 18:50:15
5350,5350,750.79,Paytm,Completed,2023-12-31 22:44:35
5351,5351,415.34,Paytm,Completed,2025-05-02 02:53:38
5352,5352,296.55,Cash,Pending,2024-06-30 00:06:09
5353,5353,498.97,Credit Card,Completed,2024-02-06 07:07:46
5354,5354,407.86,Paytm,Completed,2024-05-10 09:41:07
5355,5355,363.95,PayPal,Completed,2024-06-21 07:49:34
5356,5356,115.2,Credit Card,Completed,2023-10-05 18:50:02
5357,5357,454.17,PayPal,Completed,2025-04-28 07:44:29
5358,5358,326.31,Cash,Completed,2025-06-12 17:25:59
5359,5359,236.12,Cash,Completed,2024-11-15 19:08:35
5360,5360,691.4,PayPal,Completed,2025-03-12 10:51:00
5361,5361,233.59,Cash,Completed,2025-01-15 01:59:02
5362,5362,170.4,Credit Card,Completed,2023-09-06 16:36:38
5363,5363,59.69,Credit Card,Completed,2024-07-05 07:09:56
5364,5364,438.38,PayPal,Pending,2023-11-24 20:41:31
5365,5365,659.14,Paytm,Completed,2024-12-15 18:28:49
5366,5366,171.02,Cash,Completed,2024-09-28 13:47:53
5367,5367,751.0,Credit Card,Completed,2023-12-30 16:56:10
5368,5368,745.02,Cash,Completed,2025-03-31 02:24:59
5369,5369,462.82,Cash,Completed,2024-05-31 19:24:57
5370,5370,291.45,PayPal,Failed,2023-08-16 07:39:08
5371,5371,553.0,Paytm,Completed,2023-09-01 00:48:58
5372,5372,326.58,Credit Card,Completed,2024-06-06 16:36:05
5373,5373,84.6,Credit Card,Completed,2025-04-24 19:30:03
5374,5374,162.85,Paytm,Completed,2024-04-08 07:19:24
5375,5375,342.83,UPI,Completed,2023-10-31 19:51:34
5376,5376,601.74,UPI,Completed,2023-10-29 01:19:35
5377,5377,786.32,PayPal,Completed,2024-07-02 23:12:11
5378,5378,237.78,Paytm,Completed,2024-08-31 09:15:01
5379,5379,157.52,Cash,Pending,2025-03-28 02:35:53
5380,5380,694.95,UPI,Completed,2023-08-13 23:19:01
5381,5381,536.31,PayPal,Completed,2025-02-15 19:29:39
5382,5382,633.83,Credit Card,Completed,2024-01-24 02:44:28
5383,5383,386.01,PayPal,Completed,2023-10-18 00:34:10
5384,5384,412.08,PayPal,Completed,2024-02-23 03:11:48
5385,5385,599.52,Cash,Pending,2023-10-13 05:10:40
5386,5386,603.35,Cash,Completed,2025-06-16 22:27:57
5387,5387,792.79,PayPal,Pending,2025-07-05 16:12:14
5388,5388,718.38,Credit Card,Completed,2025-05-01 02:05:03
5389,5389,590.39,Credit Card,Completed,2024-02-04 20:07:06
5390,5390,299.17,PayPal,Completed,2024-12-19 09:40:31
5391,5391,578.75,Credit Card,Completed,2025-06-10 05:12:57
5392,5392,320.04,Paytm,Completed,2024-08-02 00:51:51
5393,5393,199.3,PayPal,Completed,2024-05-17 08:13:25
5394,5394,284.98,UPI,Completed,2025-03-12 19:00:53
5395,5395,789.31,Cash,Pending,2024-12-16 17:19:07
5396,5396,254.66,PayPal,Completed,2024-11-03 01:00:49
5397,5397,482.78,Paytm,Completed,2023-11-27 23:45:20
5398,5398,389.42,PayPal,Completed,2024-07-03 10:59:48
5399,5399,409.01,UPI,Completed,2023-11-09 01:06:52
5400,5400,228.43,Credit Card,Completed,2024-12-17 13:21:04
5401,5401,551.93,Paytm,Completed,2025-02-24 13:21:25
5402,5402,387.22,Cash,Completed,2023-12-04 03:51:52
5403,5403,52.43,UPI,Completed,2024-07-01 09:09:48
5404,5404,282.9,Paytm,Completed,2024-02-25 17:36:34
5405,5405,421.15,UPI,Completed,2023-09-21 06:31:06
5406,5406,347.35,Credit Card,Completed,2024-02-26 14:44:39
5407,5407,707.55,Credit Card,Completed,2023-09-06 17:42:44
5408,5408,388.61,Paytm,Completed,2024-07-11 20:04:48
5409,5409,409.86,Credit Card,Completed,2024-10-30 21:14:32
5410,5410,201.67,Credit Card,Completed,2024-10-04 02:07:04
5411,5411,711.49,Cash,Completed,2023-12-13 21:51:48
5412,5412,106.14,Cash,Completed,2024-12-28 15:02:54
5413,5413,578.5,Credit Card,Completed,2025-05-15 16:53:17
5414,5414,234.01,PayPal,Completed,2025-07-29 14:49:51
5415,5415,649.81,Paytm,Completed,2023-08-25 00:35:32
5416,5416,454.92,Cash,Completed,2024-12-08 11:45:50
5417,5417,438.34,UPI,Completed,2024-06-30 06:34:33
5418,5418,549.93,Cash,Completed,2024-01-01 14:51:57
5419,5419,487.95,UPI,Completed,2024-02-12 20:46:54
5420,5420,682.38,PayPal,Completed,2023-10-18 14:38:09
5421,5421,697.88,PayPal,Completed,2024-04-16 17:24:15
5422,5422,406.12,Cash,Pending,2025-01-02 08:37:20
5423,5423,569.17,Paytm,Completed,2023-09-20 18:33:34
5424,5424,635.52,PayPal,Completed,2024-06-19 13:37:03
5425,5425,524.35,UPI,Completed,2024-12-12 11:59:01
5426,5426,693.6,Credit Card,Failed,2025-06-02 14:06:20
5427,5427,523.85,UPI,Completed,2024-08-14 12:36:15
5428,5428,621.84,Credit Card,Completed,2024-11-22 04:05:37
5429,5429,233.16,Paytm,Completed,2023-12-15 21:32:24
5430,5430,399.2,PayPal,Completed,2024-06-25 04:26:49
5431,5431,571.09,UPI,Completed,2024-03-03 16:25:55
5432,5432,85.13,UPI,Completed,2025-06-29 15:30:04
5433,5433,160.19,Cash,Completed,2023-12-15 01:58:56
5434,5434,79.37,Credit Card,Pending,2023-08-14 15:58:24
5435,5435,238.94,Paytm,Completed,2025-01-15 15:24:19
5436,5436,548.53,Credit Card,Completed,2024-07-18 11:23:51
5437,5437,230.42,Cash,Completed,2023-10-08 06:18:37
5438,5438,241.37,UPI,Completed,2023-12-19 08:06:28
5439,5439,577.14,PayPal,Failed,2023-10-02 08:00:59
5440,5440,664.77,PayPal,Completed,2023-10-21 08:10:02
5441,5441,571.99,UPI,Completed,2024-01-04 22:50:29
5442,5442,591.26,Cash,Completed,2025-05-02 13:09:33
5443,5443,768.17,Credit Card,Completed,2024-12-03 21:21:59
5444,5444,174.73,Cash,Completed,2025-05-29 08:00:52
5445,5445,673.74,Cash,Pending,2024-09-10 14:33:50
5446,5446,620.66,PayPal,Completed,2024-07-28 23:09:12
5447,5447,637.97,Paytm,Completed,2025-06-23 08:09:32
5448,5448,145.15,Cash,Completed,2023-11-05 16:34:26
5449,5449,121.32,Paytm,Completed,2025-03-29 23:20:49
5450,5450,786.0,Credit Card,Completed,2023-12-07 18:54:55
5451,5451,177.49,Cash,Completed,2025-05-10 09:50:11
5452,5452,204.24,UPI,Completed,2025-04-14 11:02:18
5453,5453,446.16,PayPal,Completed,2025-07-24 11:47:18
5454,5454,60.58,Credit Card,Pending,2024-07-20 11:33:10
5455,5455,789.63,PayPal,Pending,2023-08-25 10:21:10
5456,5456,628.13,Credit Card,Completed,2024-09-14 06:06:32
5457,5457,54.72,Paytm,Completed,2024-02-02 23:58:54
5458,5458,105.45,PayPal,Completed,2024-10-30 19:16:18
5459,5459,116.75,PayPal,Completed,2024-07-26 09:38:08
5460,5460,306.89,UPI,Completed,2025-02-15 00:00:06
5461,5461,469.24,Paytm,Pending,2023-10-30 14:45:13
5462,5462,448.26,Paytm,Completed,2025-02-13 15:50:26
5463,5463,546.26,Cash,Completed,2024-12-12 13:25:37
5464,5464,288.96,Credit Card,Completed,2024-04-19 18:25:27
5465,5465,612.56,PayPal,Completed,2025-06-01 13:11:52
5466,5466,552.81,Paytm,Completed,2024-01-05 05:46:00
5467,5467,606.6,Credit Card,Completed,2025-03-21 14:47:43
5468,5468,161.12,PayPal,Completed,2025-02-27 19:34:27
5469,5469,775.75,UPI,Completed,2025-05-30 02:47:03
5470,5470,233.73,Paytm,Completed,2024-03-26 07:46:46
5471,5471,721.07,PayPal,Completed,2024-08-29 09:19:15
5472,5472,193.97,UPI,Completed,2024-07-21 08:40:24
5473,5473,302.16,Paytm,Completed,2023-10-18 21:48:34
5474,5474,280.91,UPI,Completed,2024-01-08 21:41:22
5475,5475,650.5,PayPal,Completed,2024-03-31 22:21:49
5476,5476,792.82,Paytm,Completed,2025-08-02 19:14:08
5477,5477,631.34,UPI,Completed,2025-05-08 16:40:07
5478,5478,442.02,Cash,Completed,2024-12-08 05:21:05
5479,5479,509.48,Cash,Completed,2023-09-02 10:36:45
5480,5480,105.24,Paytm,Completed,2025-01-21 18:10:13
5481,5481,251.59,Credit Card,Completed,2024-09-22 08:32:14
5482,5482,197.81,Credit Card,Completed,2025-03-30 00:03:43
5483,5483,571.95,Cash,Completed,2024-01-03 18:19:48
5484,5484,196.69,UPI,Pending,2024-10-19 09:35:15
5485,5485,740.63,Cash,Completed,2024-08-02 07:19:06
5486,5486,759.29,UPI,Completed,2025-07-12 14:00:17
5487,5487,294.27,Cash,Completed,2024-05-07 12:29:27
5488,5488,173.92,UPI,Pending,2024-12-26 21:40:11
5489,5489,633.15,UPI,Pending,2024-07-25 05:22:48
5490,5490,486.91,PayPal,Completed,2024-12-07 23:47:46
5491,5491,498.58,Paytm,Completed,2023-10-11 04:26:53
5492,5492,361.18,Cash,Completed,2024-01-16 04:51:18
5493,5493,415.87,Paytm,Completed,2025-02-12 19:52:30
5494,5494,305.35,Cash,Completed,2024-03-16 01:14:07
5495,5495,386.72,Paytm,Completed,2024-12-03 00:24:32
5496,5496,524.74,UPI,Pending,2025-03-14 01:53:20
5497,5497,510.2,Credit Card,Completed,2024-05-22 03:41:00
5498,5498,761.29,Cash,Completed,2024-04-30 19:54:43
5499,5499,456.67,UPI,Completed,2023-11-23 12:25:07
5500,5500,453.3,Credit Card,Pending,2023-12-02 05:52:48
5501,5501,730.13,Credit Card,Completed,2025-03-11 16:34:10
5502,5502,124.92,Paytm,Completed,2025-07-01 10:39:33
5503,5503,288.79,UPI,Completed,2025-06-28 00:09:49
5504,5504,423.71,Cash,Completed,2024-05-20 13:46:18
5505,5505,664.77,PayPal,Completed,2025-04-18 10:18:13
5506,5506,185.47,UPI,Completed,2024-08-26 03:45:26
5507,5507,111.4,Credit Card,Completed,2024-07-07 20:24:15
5508,5508,473.94,Paytm,Completed,2025-07-31 11:05:21
5509,5509,307.99,UPI,Completed,2025-01-29 16:19:24
5510,5510,237.22,Cash,Completed,2025-05-18 10:27:36
5511,5511,642.72,Paytm,Completed,2025-02-22 00:53:22
5512,5512,677.18,UPI,Completed,2024-04-14 23:57:26
5513,5513,788.01,PayPal,Completed,2023-08-09 15:24:45
5514,5514,692.51,PayPal,Completed,2025-06-21 04:00:58
5515,5515,698.43,Paytm,Completed,2025-03-22 05:02:10
5516,5516,427.34,Credit Card,Completed,2023-09-06 10:42:53
5517,5517,688.72,PayPal,Completed,2025-05-31 03:35:10
5518,5518,694.51,Credit Card,Completed,2025-02-28 19:01:38
5519,5519,702.8,PayPal,Completed,2024-07-31 12:13:05
5520,5520,356.22,Paytm,Completed,2024-03-08 10:41:27
5521,5521,155.34,Paytm,Completed,2024-03-08 10:09:55
5522,5522,585.08,Cash,Completed,2024-11-20 16:19:27
5523,5523,605.76,UPI,Completed,2023-10-20 11:14:06
5524,5524,307.06,UPI,Completed,2024-03-14 06:02:27
5525,5525,352.49,Cash,Completed,2023-12-05 16:46:16
5526,5526,624.44,Paytm,Completed,2025-06-13 04:24:05
5527,5527,124.47,Paytm,Pending,2023-12-27 16:57:33
5528,5528,730.08,Paytm,Completed,2024-01-29 03:14:31
5529,5529,509.18,Credit Card,Failed,2024-12-04 23:33:15
5530,5530,59.69,UPI,Completed,2024-03-09 15:49:53
5531,5531,630.15,Paytm,Completed,2024-07-29 06:41:04
5532,5532,568.06,PayPal,Completed,2025-08-04 10:55:15
5533,5533,378.53,Credit Card,Completed,2023-10-10 10:51:27
5534,5534,211.48,UPI,Completed,2025-06-16 15:43:09
5535,5535,121.49,Credit Card,Completed,2024-10-31 00:39:11
5536,5536,233.25,Cash,Completed,2025-01-28 07:45:39
5537,5537,613.49,Paytm,Completed,2025-06-05 17:51:51
5538,5538,63.32,Credit Card,Completed,2023-09-17 18:33:04
5539,5539,578.78,PayPal,Completed,2024-04-26 21:27:18
5540,5540,665.6,Credit Card,Completed,2024-07-29 16:05:04
5541,5541,161.83,Credit Card,Completed,2025-05-07 10:40:39
5542,5542,583.9,Cash,Pending,2024-02-18 04:53:14
5543,5543,284.5,Cash,Completed,2023-11-06 23:03:28
5544,5544,579.87,PayPal,Completed,2025-03-29 16:57:37
5545,5545,479.73,PayPal,Completed,2024-07-16 21:19:21
5546,5546,60.74,Cash,Completed,2024-11-29 00:23:12
5547,5547,637.97,Paytm,Completed,2025-05-05 08:42:33
5548,5548,545.13,PayPal,Completed,2024-01-14 01:59:57
5549,5549,611.05,UPI,Completed,2024-12-31 00:15:37
5550,5550,558.1,Paytm,Pending,2023-12-21 10:36:07
5551,5551,519.23,PayPal,Completed,2025-07-21 11:26:26
5552,5552,745.01,Credit Card,Completed,2023-10-10 14:20:55
5553,5553,666.39,Paytm,Completed,2024-12-20 21:37:58
5554,5554,732.84,PayPal,Completed,2024-04-30 11:28:51
5555,5555,346.87,UPI,Completed,2024-03-15 00:41:58
5556,5556,469.7,PayPal,Completed,2025-06-09 04:41:17
5557,5557,585.0,Paytm,Completed,2024-03-26 07:05:13
5558,5558,326.3,PayPal,Completed,2023-09-07 00:37:50
5559,5559,246.14,UPI,Completed,2024-11-07 01:05:59
5560,5560,459.06,PayPal,Completed,2024-10-10 01:11:55
5561,5561,629.03,Paytm,Failed,2024-08-11 01:45:13
5562,5562,632.94,PayPal,Pending,2024-02-22 08:01:40
5563,5563,365.42,Cash,Completed,2025-04-02 16:07:50
5564,5564,639.32,Credit Card,Completed,2023-11-01 02:35:42
5565,5565,53.12,Credit Card,Completed,2024-09-08 12:04:30
5566,5566,426.63,Cash,Completed,2023-11-21 02:53:59
5567,5567,741.28,PayPal,Completed,2024-06-17 02:00:36
5568,5568,494.25,Paytm,Completed,2023-11-02 09:35:01
5569,5569,314.08,Paytm,Pending,2024-11-19 08:57:55
5570,5570,748.89,UPI,Completed,2024-11-20 18:16:12
5571,5571,721.7,UPI,Completed,2024-09-03 21:32:41
5572,5572,406.19,UPI,Completed,2024-11-11 01:58:53
5573,5573,64.43,UPI,Completed,2023-08-09 21:44:00
5574,5574,261.54,UPI,Completed,2025-07-13 13:27:12
5575,5575,507.37,UPI,Completed,2025-07-26 01:06:29
5576,5576,768.2,UPI,Failed,2024-04-23 06:38:26
5577,5577,166.52,Paytm,Completed,2023-11-26 05:39:05
5578,5578,85.26,PayPal,Completed,2024-06-17 06:04:01
5579,5579,702.7,PayPal,Pending,2024-10-24 04:10:25
5580,5580,611.03,PayPal,Completed,2025-05-18 12:44:16
5581,5581,186.01,Paytm,Completed,2025-06-28 12:59:55
5582,5582,213.09,Paytm,Completed,2024-10-14 23:14:19
5583,5583,411.95,PayPal,Failed,2025-02-26 08:55:29
5584,5584,82.63,Credit Card,Completed,2023-10-18 23:13:53
5585,5585,432.08,PayPal,Completed,2024-03-15 08:06:36
5586,5586,320.41,PayPal,Completed,2024-10-04 18:36:24
5587,5587,720.02,Paytm,Completed,2024-09-09 05:06:38
5588,5588,216.55,Credit Card,Completed,2024-07-28 07:24:09
5589,5589,636.64,Credit Card,Pending,2023-10-03 16:25:59
5590,5590,458.13,UPI,Completed,2023-08-14 07:12:56
5591,5591,157.71,PayPal,Completed,2024-06-20 11:35:52
5592,5592,173.71,Credit Card,Completed,2024-11-04 05:04:01
5593,5593,575.85,UPI,Completed,2024-04-25 18:34:12
5594,5594,75.7,Paytm,Completed,2025-02-06 17:40:14
5595,5595,346.11,PayPal,Completed,2025-05-11 09:25:38
5596,5596,207.35,Paytm,Completed,2024-06-03 17:10:15
5597,5597,542.46,PayPal,Completed,2023-12-28 05:58:03
5598,5598,226.19,Paytm,Completed,2024-04-13 16:49:31
5599,5599,239.95,Credit Card,Pending,2025-05-17 19:29:52
5600,5600,596.56,Paytm,Completed,2025-07-06 13:55:35
5601,5601,323.25,PayPal,Completed,2025-03-29 05:08:07
5602,5602,187.37,Credit Card,Completed,2023-10-04 03:56:39
5603,5603,255.62,Credit Card,Completed,2024-03-24 03:12:06
5604,5604,173.63,Credit Card,Completed,2024-06-07 06:21:32
5605,5605,206.24,PayPal,Completed,2024-05-01 15:02:55
5606,5606,659.46,Paytm,Completed,2025-03-21 01:59:57
5607,5607,631.12,Credit Card,Completed,2024-09-20 04:06:29
5608,5608,467.0,PayPal,Completed,2024-10-31 21:19:37
5609,5609,497.7,Paytm,Completed,2025-02-02 12:36:45
5610,5610,187.4,Credit Card,Completed,2023-12-27 12:58:59
5611,5611,747.42,PayPal,Completed,2025-01-15 11:49:05
5612,5612,596.63,Cash,Completed,2024-06-06 04:56:32
5613,5613,367.15,UPI,Completed,2025-06-11 00:33:26
5614,5614,653.13,Paytm,Pending,2025-04-20 01:34:43
5615,5615,452.04,Cash,Completed,2024-11-29 23:29:32
5616,5616,108.85,Paytm,Completed,2025-04-12 11:33:46
5617,5617,562.6,UPI,Completed,2024-06-05 16:37:09
5618,5618,237.23,PayPal,Completed,2024-02-06 05:59:42
5619,5619,659.22,Paytm,Pending,2023-10-03 01:55:39
5620,5620,298.27,PayPal,Pending,2024-07-10 18:33:06
5621,5621,473.25,Credit Card,Failed,2024-08-10 15:56:11
5622,5622,179.82,Cash,Completed,2024-08-01 04:22:40
5623,5623,424.4,PayPal,Completed,2025-01-27 15:29:46
5624,5624,531.16,Paytm,Completed,2023-11-08 10:59:25
5625,5625,220.82,PayPal,Completed,2024-09-13 22:46:13
5626,5626,515.21,Cash,Completed,2023-10-11 20:21:38
5627,5627,363.93,Credit Card,Pending,2024-02-02 08:15:08
5628,5628,209.8,Credit Card,Completed,2023-08-27 13:15:50
5629,5629,698.59,Credit Card,Completed,2025-03-06 11:28:57
5630,5630,662.5,Paytm,Completed,2024-05-23 15:03:08
5631,5631,197.11,Credit Card,Completed,2023-11-09 05:28:25
5632,5632,551.0,Paytm,Completed,2023-12-08 04:29:45
5633,5633,619.53,Cash,Completed,2023-10-14 10:05:46
5634,5634,101.32,Cash,Completed,2023-12-20 17:11:02
5635,5635,265.09,Paytm,Completed,2024-06-19 11:18:27
5636,5636,708.25,Credit Card,Completed,2024-09-01 10:22:34
5637,5637,564.69,UPI,Completed,2024-02-07 02:28:58
5638,5638,116.8,UPI,Completed,2025-06-19 20:34:44
5639,5639,650.13,UPI,Completed,2024-02-17 15:27:30
5640,5640,463.8,Credit Card,Completed,2023-12-08 07:16:43
5641,5641,297.69,PayPal,Completed,2024-01-19 18:12:43
5642,5642,717.1,PayPal,Completed,2025-01-27 19:34:57
5643,5643,251.53,UPI,Completed,2025-03-25 10:48:34
5644,5644,757.98,Credit Card,Pending,2023-10-30 02:09:25
5645,5645,595.69,Credit Card,Completed,2025-06-26 02:51:03
5646,5646,558.18,Paytm,Completed,2024-10-25 10:03:26
5647,5647,592.31,PayPal,Completed,2025-03-20 03:54:06
5648,5648,509.11,Paytm,Completed,2024-07-09 05:04:43
5649,5649,691.7,Paytm,Completed,2024-07-01 04:11:19
5650,5650,451.36,UPI,Completed,2025-06-06 15:38:51
5651,5651,148.82,PayPal,Completed,2025-01-14 06:25:29
5652,5652,758.49,PayPal,Completed,2023-09-07 22:10:34
5653,5653,153.26,Credit Card,Completed,2023-09-10 12:51:37
5654,5654,412.22,Credit Card,Completed,2024-04-29 10:49:16
5655,5655,91.87,Paytm,Completed,2025-07-19 17:08:52
5656,5656,647.1,Credit Card,Completed,2025-01-07 15:22:33
5657,5657,703.52,Paytm,Completed,2024-09-04 11:35:58
5658,5658,693.16,Cash,Completed,2024-08-16 20:03:02
5659,5659,536.05,Paytm,Completed,2025-03-12 16:26:21
5660,5660,719.22,Paytm,Completed,2025-01-08 01:27:17
5661,5661,583.42,Cash,Completed,2024-03-26 11:07:58
5662,5662,116.34,Paytm,Completed,2025-02-28 02:13:43
5663,5663,769.22,UPI,Completed,2024-11-02 04:29:56
5664,5664,65.86,Cash,Completed,2024-12-06 01:59:59
5665,5665,406.66,Paytm,Completed,2024-11-15 21:26:07
5666,5666,523.13,UPI,Completed,2024-12-20 08:49:24
5667,5667,548.22,Paytm,Completed,2024-03-31 07:29:29
5668,5668,274.05,Paytm,Completed,2025-06-07 10:15:47
5669,5669,106.88,Paytm,Completed,2024-05-08 05:59:51
5670,5670,727.33,UPI,Completed,2025-07-12 05:24:38
5671,5671,429.21,Paytm,Pending,2024-02-10 01:16:52
5672,5672,347.85,Credit Card,Pending,2023-10-20 20:49:18
5673,5673,197.32,PayPal,Completed,2023-10-27 12:05:02
5674,5674,195.21,Credit Card,Completed,2023-08-27 21:20:58
5675,5675,419.13,Cash,Pending,2023-12-03 15:44:18
5676,5676,313.23,Paytm,Completed,2025-07-05 17:16:59
5677,5677,765.74,PayPal,Completed,2025-04-10 00:37:15
5678,5678,510.21,UPI,Completed,2024-11-02 11:02:47
5679,5679,488.93,Credit Card,Completed,2023-08-09 16:06:10
5680,5680,715.09,Cash,Pending,2024-01-12 23:08:07
5681,5681,362.89,PayPal,Completed,2024-06-12 21:15:21
5682,5682,469.44,UPI,Completed,2024-06-06 10:17:06
5683,5683,244.1,Cash,Completed,2024-08-29 19:58:02
5684,5684,514.67,Cash,Completed,2025-07-03 05:38:44
5685,5685,245.45,Paytm,Completed,2024-03-06 19:57:48
5686,5686,196.9,Paytm,Completed,2023-08-10 05:32:24
5687,5687,385.22,Paytm,Completed,2025-04-20 13:03:21
5688,5688,648.31,PayPal,Completed,2025-05-09 16:16:53
5689,5689,638.51,Paytm,Completed,2024-08-12 21:45:34
5690,5690,171.24,Paytm,Completed,2024-04-02 10:44:59
5691,5691,388.37,Cash,Completed,2023-11-08 11:11:04
5692,5692,458.98,UPI,Completed,2024-11-27 01:24:13
5693,5693,720.36,Cash,Completed,2025-07-26 10:21:49
5694,5694,128.26,Cash,Completed,2025-03-02 15:51:50
5695,5695,295.47,Credit Card,Completed,2024-12-31 22:45:22
5696,5696,206.21,PayPal,Completed,2025-03-03 03:33:59
5697,5697,528.17,Cash,Completed,2024-10-14 03:01:03
5698,5698,586.8,Cash,Completed,2024-02-07 07:58:09
5699,5699,161.47,UPI,Completed,2024-09-05 02:08:58
5700,5700,788.39,UPI,Completed,2025-07-12 10:34:48
5701,5701,161.11,Credit Card,Pending,2025-04-29 13:07:35
5702,5702,78.82,Cash,Completed,2024-07-12 20:24:17
5703,5703,323.95,PayPal,Pending,2025-06-10 14:54:45
5704,5704,64.18,PayPal,Completed,2024-07-21 12:56:58
5705,5705,172.87,Paytm,Completed,2025-04-03 01:18:06
5706,5706,225.48,UPI,Completed,2024-02-11 17:12:18
5707,5707,631.93,Credit Card,Completed,2023-11-09 07:00:20
5708,5708,762.65,PayPal,Completed,2025-06-19 18:57:23
5709,5709,620.67,UPI,Completed,2024-09-20 21:57:44
5710,5710,205.46,UPI,Completed,2024-08-14 00:41:54
5711,5711,168.24,Credit Card,Completed,2024-10-15 18:57:11
5712,5712,503.82,Cash,Completed,2024-10-01 01:05:19
5713,5713,313.82,Cash,Completed,2024-07-11 11:03:07
5714,5714,410.59,PayPal,Completed,2024-09-26 05:41:20
5715,5715,376.18,Cash,Completed,2025-05-16 04:10:45
5716,5716,441.25,Paytm,Completed,2023-09-28 00:17:57
5717,5717,129.38,UPI,Completed,2023-10-03 00:41:18
5718,5718,416.2,Credit Card,Completed,2023-10-26 05:50:19
5719,5719,698.91,Credit Card,Completed,2025-05-12 18:26:34
5720,5720,584.62,Paytm,Completed,2024-01-20 12:15:59
5721,5721,671.4,Cash,Completed,2023-12-27 10:55:15
5722,5722,455.36,Paytm,Completed,2025-05-04 23:20:59
5723,5723,313.11,Paytm,Completed,2024-07-11 07:29:30
5724,5724,123.98,PayPal,Completed,2025-05-13 18:49:25
5725,5725,394.76,Cash,Completed,2024-10-07 22:14:19
5726,5726,454.06,Credit Card,Pending,2025-05-19 23:55:19
5727,5727,735.42,Cash,Pending,2025-07-08 22:15:39
5728,5728,331.99,PayPal,Pending,2024-12-28 18:58:52
5729,5729,325.21,Paytm,Completed,2024-05-05 08:55:03
5730,5730,94.49,PayPal,Completed,2024-12-05 05:58:46
5731,5731,65.89,Cash,Completed,2024-10-06 20:27:07
5732,5732,96.8,PayPal,Completed,2025-01-09 20:01:33
5733,5733,521.08,UPI,Completed,2023-12-27 20:25:47
5734,5734,709.31,Paytm,Completed,2023-10-02 12:48:33
5735,5735,636.09,PayPal,Pending,2023-08-30 22:18:05
5736,5736,634.13,Cash,Completed,2025-07-25 05:28:02
5737,5737,106.18,PayPal,Completed,2024-06-29 21:56:54
5738,5738,360.37,PayPal,Completed,2023-12-07 13:05:51
5739,5739,346.74,Paytm,Completed,2024-06-17 05:28:17
5740,5740,254.56,Cash,Completed,2023-10-08 01:30:46
5741,5741,687.27,UPI,Completed,2025-04-22 06:06:12
5742,5742,488.12,Paytm,Completed,2025-06-03 13:11:30
5743,5743,492.39,UPI,Completed,2023-11-13 02:07:13
5744,5744,245.78,UPI,Completed,2024-05-30 07:23:17
5745,5745,648.77,Paytm,Completed,2023-11-27 23:49:33
5746,5746,752.3,UPI,Completed,2024-03-11 22:34:10
5747,5747,319.76,Cash,Completed,2023-08-21 08:13:05
5748,5748,721.19,Cash,Completed,2024-08-28 09:36:50
5749,5749,603.39,PayPal,Completed,2025-01-07 22:43:33
5750,5750,532.48,Credit Card,Completed,2024-12-02 23:04:13
5751,5751,702.86,Paytm,Completed,2025-05-17 11:57:48
5752,5752,751.7,PayPal,Completed,2023-12-14 23:37:48
5753,5753,774.35,PayPal,Completed,2025-01-15 19:32:56
5754,5754,285.53,Paytm,Completed,2024-05-26 06:03:04
5755,5755,517.9,Cash,Completed,2025-05-05 16:30:40
5756,5756,623.46,UPI,Completed,2023-08-28 08:43:38
5757,5757,388.63,UPI,Completed,2023-11-28 17:18:35
5758,5758,161.12,UPI,Completed,2025-05-07 23:06:43
5759,5759,308.84,Paytm,Completed,2025-04-07 01:16:17
5760,5760,88.34,Paytm,Completed,2025-05-11 19:21:54
5761,5761,272.13,PayPal,Completed,2025-01-10 08:02:58
5762,5762,655.57,Cash,Completed,2024-06-13 01:45:37
5763,5763,664.43,Paytm,Completed,2025-01-08 13:16:19
5764,5764,353.82,UPI,Completed,2025-03-08 09:23:52
5765,5765,53.9,UPI,Completed,2023-12-09 17:31:25
5766,5766,571.32,Credit Card,Failed,2024-03-21 06:07:59
5767,5767,212.02,PayPal,Completed,2025-07-31 21:59:45
5768,5768,669.83,Paytm,Completed,2024-11-25 10:53:21
5769,5769,661.67,Credit Card,Completed,2025-06-04 02:21:46
5770,5770,519.16,Cash,Completed,2025-07-03 16:13:20
5771,5771,165.46,UPI,Completed,2024-12-17 07:38:25
5772,5772,649.03,Credit Card,Completed,2024-10-01 06:44:07
5773,5773,161.47,UPI,Pending,2025-04-14 06:03:07
5774,5774,245.08,PayPal,Completed,2025-04-06 16:37:08
5775,5775,509.71,Cash,Completed,2025-08-01 12:52:06
5776,5776,476.82,UPI,Completed,2024-08-26 10:26:30
5777,5777,681.32,UPI,Completed,2025-05-03 13:36:19
5778,5778,632.01,Credit Card,Completed,2025-07-19 02:39:59
5779,5779,158.26,Paytm,Completed,2023-11-22 13:24:35
5780,5780,774.71,Credit Card,Completed,2024-03-30 01:36:20
5781,5781,371.44,UPI,Completed,2024-11-05 03:55:19
5782,5782,86.47,UPI,Completed,2024-04-07 22:44:30
5783,5783,136.31,PayPal,Completed,2025-05-06 08:44:41
5784,5784,734.28,Cash,Completed,2024-08-30 19:52:04
5785,5785,592.52,Paytm,Pending,2023-09-17 17:23:52
5786,5786,645.21,Credit Card,Completed,2024-07-04 15:28:12
5787,5787,424.3,Credit Card,Completed,2024-11-19 19:58:19
5788,5788,566.34,Cash,Completed,2025-03-19 20:13:46
5789,5789,457.74,Cash,Completed,2024-05-12 06:30:29
5790,5790,182.21,Cash,Completed,2024-01-17 19:58:13
5791,5791,122.51,Cash,Completed,2023-08-14 06:14:17
5792,5792,486.59,PayPal,Failed,2023-11-23 07:02:21
5793,5793,534.79,Paytm,Completed,2023-09-11 10:40:15
5794,5794,526.88,UPI,Completed,2024-12-14 11:40:47
5795,5795,719.08,Paytm,Completed,2024-01-20 08:04:41
5796,5796,667.93,UPI,Completed,2024-01-14 08:24:59
5797,5797,563.82,PayPal,Completed,2023-09-24 23:14:43
5798,5798,152.28,PayPal,Completed,2025-01-12 01:06:02
5799,5799,158.38,UPI,Completed,2024-04-24 08:56:18
5800,5800,635.05,Credit Card,Completed,2024-03-27 13:20:28
5801,5801,694.4,Credit Card,Pending,2023-11-05 01:38:30
5802,5802,479.76,UPI,Completed,2024-02-01 15:02:57
5803,5803,775.81,Credit Card,Completed,2024-10-18 11:28:51
5804,5804,798.21,Paytm,Completed,2025-04-23 11:30:11
5805,5805,695.52,Paytm,Completed,2024-01-08 14:02:12
5806,5806,674.95,PayPal,Completed,2024-09-06 22:06:22
5807,5807,514.31,UPI,Completed,2024-05-07 05:08:49
5808,5808,663.51,Paytm,Completed,2023-08-29 18:38:29
5809,5809,448.09,Paytm,Failed,2025-06-05 05:37:38
5810,5810,239.92,Paytm,Completed,2024-01-18 23:21:05
5811,5811,156.86,Cash,Completed,2024-07-27 04:37:08
5812,5812,175.8,Cash,Completed,2024-10-19 18:23:55
5813,5813,499.38,Paytm,Completed,2024-08-23 14:15:42
5814,5814,665.34,Credit Card,Completed,2025-03-15 11:10:11
5815,5815,394.34,Paytm,Completed,2023-08-13 18:47:54
5816,5816,149.4,Cash,Completed,2023-12-31 15:48:05
5817,5817,630.05,Paytm,Completed,2024-04-11 13:35:30
5818,5818,266.99,Paytm,Completed,2024-03-27 07:36:54
5819,5819,290.18,PayPal,Completed,2025-05-25 14:22:05
5820,5820,238.3,UPI,Completed,2024-11-01 15:30:44
5821,5821,479.93,UPI,Completed,2025-07-17 23:14:33
5822,5822,238.84,PayPal,Completed,2023-10-27 04:16:33
5823,5823,771.9,UPI,Completed,2025-03-18 14:44:25
5824,5824,457.17,Cash,Completed,2024-05-12 11:44:30
5825,5825,529.88,Credit Card,Completed,2025-06-19 10:06:23
5826,5826,705.58,Credit Card,Completed,2025-02-12 07:00:32
5827,5827,546.14,UPI,Completed,2024-08-25 03:32:18
5828,5828,465.39,PayPal,Pending,2024-04-11 21:24:31
5829,5829,721.76,Cash,Completed,2023-11-01 04:04:04
5830,5830,66.34,Cash,Completed,2024-02-24 20:32:53
5831,5831,69.59,Credit Card,Completed,2025-02-10 01:47:17
5832,5832,736.25,UPI,Completed,2023-08-15 20:57:43
5833,5833,720.58,UPI,Completed,2025-05-24 14:56:52
5834,5834,286.28,PayPal,Completed,2024-03-04 20:57:45
5835,5835,110.08,Paytm,Pending,2024-02-18 22:35:37
5836,5836,432.23,Credit Card,Completed,2024-03-28 11:25:40
5837,5837,363.29,Credit Card,Completed,2025-03-27 04:50:59
5838,5838,731.93,Cash,Completed,2024-04-20 21:08:25
5839,5839,484.59,PayPal,Completed,2024-12-12 15:43:50
5840,5840,217.43,Cash,Completed,2024-01-12 15:48:03
5841,5841,386.66,Paytm,Completed,2024-08-21 12:19:27
5842,5842,123.04,Cash,Completed,2024-06-07 09:09:25
5843,5843,293.89,Credit Card,Completed,2023-09-21 17:30:04
5844,5844,433.6,Paytm,Completed,2025-04-06 18:00:27
5845,5845,197.1,Paytm,Completed,2025-01-01 01:48:45
5846,5846,780.69,Credit Card,Completed,2023-09-21 18:57:05
5847,5847,549.4,Paytm,Pending,2025-06-29 17:27:12
5848,5848,534.86,Paytm,Completed,2024-06-19 19:55:32
5849,5849,148.0,Paytm,Completed,2024-08-07 13:28:05
5850,5850,199.61,Paytm,Completed,2024-07-25 21:23:45
5851,5851,610.18,Credit Card,Completed,2025-07-16 06:14:47
5852,5852,61.07,PayPal,Completed,2025-05-11 15:01:15
5853,5853,188.17,Paytm,Completed,2025-04-04 08:57:33
5854,5854,326.9,UPI,Completed,2025-07-17 09:34:35
5855,5855,357.45,UPI,Completed,2024-02-07 16:39:53
5856,5856,575.26,Credit Card,Pending,2024-01-18 07:22:55
5857,5857,302.66,PayPal,Completed,2023-08-10 04:14:04
5858,5858,59.11,Paytm,Completed,2024-06-01 20:56:37
5859,5859,701.25,PayPal,Completed,2024-06-13 10:33:58
5860,5860,104.27,Credit Card,Completed,2024-05-15 09:26:10
5861,5861,735.77,UPI,Completed,2024-04-28 23:12:07
5862,5862,529.62,UPI,Pending,2024-06-27 03:49:55
5863,5863,111.74,UPI,Pending,2025-07-18 02:59:35
5864,5864,116.13,UPI,Completed,2025-05-11 10:36:08
5865,5865,452.3,UPI,Completed,2023-12-24 21:26:38
5866,5866,410.87,Cash,Completed,2023-10-16 13:38:49
5867,5867,130.25,PayPal,Completed,2023-11-23 01:09:46
5868,5868,309.66,Credit Card,Completed,2024-05-27 02:42:45
5869,5869,654.25,Cash,Completed,2023-10-19 00:17:48
5870,5870,519.23,PayPal,Completed,2023-12-29 18:57:13
5871,5871,511.29,Credit Card,Completed,2024-08-01 18:49:25
5872,5872,399.29,PayPal,Completed,2023-10-09 11:57:12
5873,5873,399.22,Paytm,Completed,2024-06-07 16:42:54
5874,5874,674.89,Cash,Completed,2024-03-27 12:27:36
5875,5875,278.11,UPI,Completed,2023-08-19 23:48:38
5876,5876,704.07,Cash,Completed,2024-02-13 18:04:03
5877,5877,489.89,Credit Card,Completed,2023-12-04 16:18:07
5878,5878,661.03,Paytm,Completed,2025-06-23 18:58:30
5879,5879,121.18,UPI,Completed,2025-04-26 11:04:44
5880,5880,104.21,UPI,Completed,2025-04-06 07:58:16
5881,5881,218.72,Paytm,Completed,2024-03-01 03:29:45
5882,5882,714.58,Credit Card,Pending,2024-10-15 08:47:23
5883,5883,334.74,Paytm,Completed,2024-07-23 08:08:24
5884,5884,414.47,Credit Card,Completed,2024-12-03 09:31:22
5885,5885,135.65,Credit Card,Completed,2025-03-03 11:16:58
5886,5886,360.47,Credit Card,Pending,2025-01-22 21:25:45
5887,5887,163.12,PayPal,Completed,2024-01-06 07:31:50
5888,5888,391.15,Paytm,Completed,2024-05-01 01:31:22
5889,5889,373.18,Credit Card,Completed,2024-07-29 01:00:28
5890,5890,206.18,Cash,Completed,2023-08-25 11:06:33
5891,5891,736.65,Cash,Completed,2023-09-06 12:21:07
5892,5892,648.35,Cash,Completed,2025-04-23 16:58:16
5893,5893,662.16,Credit Card,Completed,2025-05-27 04:20:33
5894,5894,101.45,Cash,Completed,2023-09-03 01:24:08
5895,5895,168.72,PayPal,Completed,2025-04-07 12:18:24
5896,5896,413.56,Credit Card,Completed,2024-07-31 12:41:48
5897,5897,74.16,Cash,Completed,2023-09-28 18:20:18
5898,5898,738.49,Credit Card,Completed,2023-10-17 17:43:26
5899,5899,265.85,Paytm,Completed,2025-06-16 08:08:40
5900,5900,132.75,Paytm,Completed,2025-06-06 15:45:35
5901,5901,782.58,PayPal,Completed,2024-07-04 15:24:59
5902,5902,381.17,PayPal,Completed,2025-02-28 02:21:05
5903,5903,113.83,Cash,Completed,2024-10-27 14:48:06
5904,5904,770.32,PayPal,Completed,2025-06-06 03:35:04
5905,5905,216.19,Credit Card,Completed,2023-10-09 17:59:51
5906,5906,409.03,Paytm,Completed,2024-07-21 04:32:19
5907,5907,797.33,Paytm,Completed,2025-07-03 02:13:01
5908,5908,363.31,Cash,Completed,2025-07-22 03:54:31
5909,5909,291.15,Credit Card,Completed,2024-03-09 02:23:53
5910,5910,137.85,UPI,Completed,2023-10-22 07:56:24
5911,5911,228.68,Paytm,Pending,2024-10-14 04:07:10
5912,5912,356.31,Cash,Completed,2024-07-11 09:39:15
5913,5913,131.1,Paytm,Completed,2025-04-29 23:13:46
5914,5914,211.17,Paytm,Completed,2024-09-04 09:32:30
5915,5915,393.56,UPI,Completed,2024-06-29 15:29:29
5916,5916,178.91,Cash,Completed,2025-03-30 11:22:09
5917,5917,57.21,Credit Card,Completed,2023-10-15 16:40:25
5918,5918,264.96,Credit Card,Completed,2024-12-16 09:31:22
5919,5919,638.0,PayPal,Completed,2025-02-02 03:42:09
5920,5920,598.1,Paytm,Completed,2025-04-07 23:10:42
5921,5921,53.06,PayPal,Completed,2024-03-10 02:54:44
5922,5922,727.77,Cash,Pending,2024-10-07 06:06:04
5923,5923,364.84,UPI,Completed,2024-07-10 13:31:53
5924,5924,743.61,Cash,Failed,2025-02-23 08:52:52
5925,5925,337.25,UPI,Pending,2024-01-10 11:02:14
5926,5926,723.36,Cash,Completed,2023-10-17 08:47:54
5927,5927,655.33,UPI,Completed,2024-03-12 20:59:07
5928,5928,427.99,UPI,Completed,2024-12-28 22:23:00
5929,5929,782.53,Cash,Pending,2025-05-06 07:10:49
5930,5930,799.73,PayPal,Completed,2025-05-07 15:41:58
5931,5931,457.54,Credit Card,Completed,2025-04-29 08:48:39
5932,5932,438.41,Paytm,Completed,2024-07-01 22:34:52
5933,5933,439.27,Paytm,Completed,2025-04-27 14:23:32
5934,5934,321.66,Credit Card,Completed,2023-08-09 21:54:32
5935,5935,448.18,Cash,Completed,2023-11-05 02:51:47
5936,5936,294.65,UPI,Completed,2023-09-13 01:58:27
5937,5937,774.14,Credit Card,Completed,2024-02-18 19:56:36
5938,5938,125.13,PayPal,Completed,2024-07-15 13:48:54
5939,5939,524.25,UPI,Pending,2024-05-14 19:49:23
5940,5940,175.83,UPI,Pending,2024-08-18 03:12:57
5941,5941,403.26,Credit Card,Completed,2025-05-06 00:50:02
5942,5942,297.07,UPI,Completed,2024-05-14 20:11:08
5943,5943,330.11,Cash,Completed,2024-01-03 08:17:47
5944,5944,707.24,PayPal,Completed,2023-10-02 19:02:15
5945,5945,99.27,Paytm,Completed,2025-04-16 13:32:23
5946,5946,321.07,UPI,Completed,2024-04-04 07:38:57
5947,5947,348.15,Paytm,Completed,2024-12-16 15:40:02
5948,5948,427.5,UPI,Completed,2024-02-04 23:32:32
5949,5949,109.43,PayPal,Completed,2023-08-14 00:14:06
5950,5950,210.48,Cash,Completed,2024-12-30 12:28:57
5951,5951,583.81,PayPal,Completed,2025-05-03 05:16:22
5952,5952,111.49,Credit Card,Completed,2023-10-06 00:45:57
5953,5953,461.15,Cash,Completed,2025-06-05 07:49:42
5954,5954,329.93,UPI,Completed,2025-05-13 05:06:47
5955,5955,760.9,Cash,Completed,2024-08-04 09:07:07
5956,5956,313.04,Paytm,Completed,2025-03-17 10:01:12
5957,5957,335.59,UPI,Completed,2023-09-24 04:18:08
5958,5958,187.53,Cash,Completed,2023-10-29 02:11:41
5959,5959,582.85,UPI,Completed,2023-09-05 15:36:37
5960,5960,719.74,Credit Card,Completed,2024-06-05 06:13:44
5961,5961,128.76,Credit Card,Completed,2024-04-19 18:19:34
5962,5962,543.16,Paytm,Completed,2024-08-30 15:56:25
5963,5963,585.67,Credit Card,Completed,2023-12-29 12:23:12
5964,5964,166.11,Cash,Pending,2024-09-19 07:38:06
5965,5965,607.47,Paytm,Completed,2024-05-04 01:12:20
5966,5966,248.34,UPI,Completed,2025-06-18 11:49:12
5967,5967,66.09,Credit Card,Completed,2023-11-21 17:18:25
5968,5968,612.85,Paytm,Completed,2024-07-19 00:31:12
5969,5969,653.32,Paytm,Completed,2024-07-26 02:46:51
5970,5970,638.96,Credit Card,Completed,2025-01-05 01:11:21
5971,5971,178.07,UPI,Completed,2023-11-24 15:34:06
5972,5972,93.81,UPI,Completed,2024-10-02 19:06:33
5973,5973,257.62,Cash,Completed,2023-12-26 11:45:46
5974,5974,480.49,Paytm,Completed,2025-07-21 02:40:38
5975,5975,636.58,PayPal,Completed,2024-09-09 00:31:07
5976,5976,768.55,UPI,Completed,2024-10-19 11:04:50
5977,5977,314.18,Paytm,Completed,2024-08-18 21:40:01
5978,5978,582.15,Cash,Completed,2025-04-08 19:44:14
5979,5979,641.97,PayPal,Completed,2025-03-21 13:12:15
5980,5980,192.18,Cash,Pending,2024-04-25 19:20:30
5981,5981,202.91,Paytm,Completed,2024-08-29 04:47:46
5982,5982,625.39,Paytm,Pending,2024-12-03 08:08:51
5983,5983,516.69,Paytm,Completed,2025-06-23 22:40:41
5984,5984,310.75,PayPal,Completed,2024-05-16 22:26:53
5985,5985,662.42,Paytm,Completed,2025-04-23 09:26:16
5986,5986,740.99,PayPal,Completed,2024-04-19 09:19:31
5987,5987,281.16,Paytm,Completed,2023-10-18 17:54:36
5988,5988,180.02,UPI,Completed,2025-02-21 04:01:37
5989,5989,604.95,Credit Card,Completed,2023-11-17 14:32:58
5990,5990,442.97,PayPal,Completed,2025-02-19 05:48:10
5991,5991,397.6,UPI,Completed,2025-02-22 21:49:07
5992,5992,793.99,Paytm,Completed,2023-12-10 20:29:11
5993,5993,109.63,Paytm,Completed,2025-02-14 14:24:03
5994,5994,230.16,Credit Card,Completed,2024-02-28 14:35:24
5995,5995,230.26,Credit Card,Completed,2024-03-12 02:22:03
5996,5996,673.69,Credit Card,Completed,2024-11-20 08:37:11
5997,5997,709.37,UPI,Completed,2024-03-08 15:20:38
5998,5998,423.9,PayPal,Completed,2025-08-01 00:42:39
5999,5999,716.2,Cash,Completed,2024-09-14 19:12:53
6000,6000,491.93,Paytm,Completed,2025-01-21 01:51:23
6001,6001,500.23,Paytm,Completed,2024-09-01 11:46:07
6002,6002,753.96,UPI,Completed,2024-08-20 17:15:09
6003,6003,719.52,Cash,Completed,2023-09-19 20:57:53
6004,6004,76.42,PayPal,Pending,2025-02-18 04:24:14
6005,6005,596.6,PayPal,Completed,2025-01-30 14:24:38
6006,6006,367.64,Cash,Completed,2024-11-06 06:00:20
6007,6007,752.39,PayPal,Completed,2024-01-18 12:04:22
6008,6008,389.28,UPI,Completed,2024-03-10 21:18:20
6009,6009,520.67,UPI,Completed,2024-06-14 13:05:28
6010,6010,758.52,PayPal,Completed,2024-07-22 03:49:06
6011,6011,429.18,UPI,Failed,2024-03-21 07:09:42
6012,6012,712.55,Cash,Completed,2024-12-14 16:54:16
6013,6013,675.95,PayPal,Completed,2025-02-25 02:19:42
6014,6014,633.07,PayPal,Completed,2024-03-01 19:40:51
6015,6015,205.28,PayPal,Pending,2025-05-25 07:44:06
6016,6016,165.94,Credit Card,Completed,2024-09-02 08:12:48
6017,6017,516.43,Credit Card,Completed,2024-03-12 07:31:12
6018,6018,725.11,UPI,Completed,2025-01-27 23:04:35
6019,6019,135.14,Paytm,Completed,2025-02-13 16:10:34
6020,6020,354.34,Credit Card,Pending,2024-07-09 02:04:02
6021,6021,683.01,Credit Card,Failed,2024-11-09 16:00:10
6022,6022,596.63,Credit Card,Completed,2023-08-10 20:14:25
6023,6023,416.4,Paytm,Completed,2024-11-10 04:39:55
6024,6024,142.23,Cash,Completed,2024-01-06 22:10:53
6025,6025,282.86,Credit Card,Pending,2024-12-23 07:34:25
6026,6026,570.47,UPI,Completed,2025-04-02 19:40:58
6027,6027,346.66,PayPal,Completed,2024-05-25 05:50:26
6028,6028,212.96,Credit Card,Completed,2025-01-02 23:16:29
6029,6029,799.5,UPI,Completed,2024-02-10 22:33:42
6030,6030,788.67,PayPal,Completed,2024-06-01 00:02:45
6031,6031,52.92,Credit Card,Completed,2025-07-23 06:26:24
6032,6032,599.67,PayPal,Completed,2024-06-12 20:51:48
6033,6033,470.64,Paytm,Completed,2023-12-17 15:29:15
6034,6034,98.91,Paytm,Completed,2023-09-22 18:55:41
6035,6035,411.97,Credit Card,Completed,2024-05-14 04:56:35
6036,6036,67.81,Credit Card,Completed,2024-07-20 08:56:20
6037,6037,88.3,Credit Card,Completed,2025-02-26 20:36:29
6038,6038,231.49,Cash,Completed,2025-01-23 23:16:26
6039,6039,421.73,Paytm,Pending,2023-08-18 21:23:30
6040,6040,790.56,PayPal,Completed,2025-04-29 22:12:08
6041,6041,416.77,Paytm,Completed,2024-02-28 17:09:21
6042,6042,528.3,UPI,Completed,2023-12-13 05:50:56
6043,6043,381.84,Paytm,Completed,2024-07-21 11:48:37
6044,6044,308.76,UPI,Pending,2024-10-02 18:35:31
6045,6045,467.69,UPI,Completed,2024-07-21 14:33:18
6046,6046,669.3,Cash,Completed,2025-07-02 23:33:18
6047,6047,478.84,Cash,Completed,2024-07-15 11:34:03
6048,6048,558.63,Paytm,Completed,2025-03-19 01:28:10
6049,6049,186.82,UPI,Pending,2023-11-04 21:11:47
6050,6050,610.41,PayPal,Completed,2025-02-18 01:54:03
6051,6051,647.53,Paytm,Completed,2023-09-24 08:42:42
6052,6052,366.57,Cash,Completed,2023-12-28 20:57:25
6053,6053,95.37,Cash,Completed,2025-07-08 15:23:56
6054,6054,593.58,PayPal,Completed,2024-07-29 15:38:19
6055,6055,447.48,UPI,Completed,2025-06-25 04:58:26
6056,6056,487.68,PayPal,Completed,2024-09-04 23:02:36
6057,6057,179.79,Paytm,Completed,2023-09-28 19:31:30
6058,6058,360.91,Cash,Completed,2024-05-26 20:16:59
6059,6059,175.82,UPI,Completed,2023-11-04 10:06:52
6060,6060,250.99,Paytm,Completed,2024-01-06 13:22:18
6061,6061,726.31,PayPal,Completed,2025-07-28 18:48:01
6062,6062,707.98,Credit Card,Completed,2023-10-24 10:35:06
6063,6063,425.87,PayPal,Completed,2024-05-30 23:35:27
6064,6064,82.27,Paytm,Completed,2024-08-29 17:30:36
6065,6065,249.55,PayPal,Completed,2024-09-26 11:20:19
6066,6066,268.31,Credit Card,Completed,2024-12-15 00:01:18
6067,6067,169.8,PayPal,Pending,2024-10-12 00:23:02
6068,6068,362.08,Paytm,Completed,2023-10-25 13:53:06
6069,6069,637.28,UPI,Completed,2025-05-04 03:42:33
6070,6070,461.65,Credit Card,Completed,2025-06-04 21:07:56
6071,6071,246.56,Credit Card,Completed,2024-01-19 10:41:21
6072,6072,137.33,Paytm,Completed,2024-11-10 10:56:18
6073,6073,161.54,Paytm,Completed,2025-06-17 10:02:52
6074,6074,246.75,Credit Card,Completed,2024-10-16 14:22:40
6075,6075,185.75,Cash,Completed,2023-09-10 23:30:35
6076,6076,436.26,PayPal,Completed,2025-04-17 23:10:56
6077,6077,283.29,Cash,Pending,2023-11-03 00:32:35
6078,6078,244.93,PayPal,Completed,2025-01-19 06:27:46
6079,6079,426.15,Credit Card,Completed,2024-07-14 21:31:00
6080,6080,456.62,PayPal,Completed,2024-09-05 21:03:40
6081,6081,727.69,UPI,Completed,2024-05-21 19:15:09
6082,6082,678.93,Cash,Completed,2024-04-13 20:33:21
6083,6083,166.06,Paytm,Completed,2024-06-29 12:05:00
6084,6084,610.02,PayPal,Completed,2024-05-29 12:11:48
6085,6085,456.59,Cash,Completed,2024-04-18 17:41:17
6086,6086,717.46,Paytm,Completed,2024-07-24 11:06:22
6087,6087,261.8,Paytm,Completed,2023-12-04 22:59:49
6088,6088,181.62,PayPal,Completed,2023-09-02 22:54:49
6089,6089,712.19,Paytm,Completed,2023-08-21 18:39:16
6090,6090,471.65,Paytm,Completed,2024-07-20 11:50:48
6091,6091,209.41,UPI,Completed,2025-02-04 04:56:20
6092,6092,698.33,Credit Card,Completed,2023-10-12 07:27:29
6093,6093,97.51,Paytm,Failed,2024-12-08 02:36:50
6094,6094,428.06,Paytm,Completed,2025-05-09 08:53:02
6095,6095,679.4,UPI,Completed,2025-04-09 09:25:18
6096,6096,368.7,PayPal,Completed,2025-04-06 15:42:12
6097,6097,682.73,PayPal,Completed,2023-12-06 12:08:52
6098,6098,115.07,UPI,Completed,2025-03-15 07:06:04
6099,6099,68.1,UPI,Completed,2023-09-10 11:16:03
6100,6100,184.25,Cash,Completed,2024-08-30 16:07:57
6101,6101,464.3,Cash,Completed,2025-08-01 05:13:07
6102,6102,523.57,Paytm,Completed,2023-09-29 00:05:27
6103,6103,118.34,PayPal,Completed,2024-01-30 14:35:09
6104,6104,175.83,Paytm,Completed,2024-02-12 19:28:01
6105,6105,571.08,Credit Card,Completed,2025-01-20 00:12:02
6106,6106,210.58,Credit Card,Completed,2023-12-19 02:06:06
6107,6107,662.04,Paytm,Completed,2024-03-12 16:24:08
6108,6108,124.43,Cash,Completed,2023-11-02 03:03:01
6109,6109,56.04,UPI,Completed,2025-05-01 00:19:20
6110,6110,738.93,UPI,Completed,2023-12-01 01:36:29
6111,6111,320.73,Credit Card,Completed,2024-04-10 07:13:43
6112,6112,530.77,Cash,Completed,2024-03-14 02:20:12
6113,6113,784.4,Credit Card,Completed,2024-10-18 05:14:27
6114,6114,565.84,PayPal,Completed,2024-06-30 15:38:20
6115,6115,791.86,PayPal,Pending,2023-08-09 04:52:20
6116,6116,425.03,PayPal,Completed,2023-10-18 19:05:58
6117,6117,407.02,PayPal,Completed,2025-02-17 14:46:54
6118,6118,201.03,PayPal,Completed,2024-01-13 03:56:03
6119,6119,679.55,Cash,Completed,2024-02-08 00:07:24
6120,6120,170.74,Cash,Completed,2024-03-31 22:38:07
6121,6121,281.81,PayPal,Completed,2024-09-24 23:01:35
6122,6122,151.54,Credit Card,Pending,2025-03-14 10:22:12
6123,6123,61.33,Cash,Pending,2024-05-15 19:29:17
6124,6124,437.28,Cash,Completed,2025-03-27 01:15:51
6125,6125,656.21,PayPal,Completed,2025-01-11 03:01:20
6126,6126,85.49,Paytm,Completed,2023-12-31 00:31:34
6127,6127,194.77,Cash,Pending,2024-06-04 01:00:38
6128,6128,772.9,PayPal,Completed,2024-09-16 12:19:04
6129,6129,253.46,Cash,Completed,2023-10-22 03:54:21
6130,6130,786.69,Paytm,Completed,2024-10-18 23:07:13
6131,6131,697.39,Paytm,Completed,2025-03-20 03:15:17
6132,6132,653.2,UPI,Completed,2025-04-26 00:42:04
6133,6133,66.19,PayPal,Completed,2023-09-19 06:35:53
6134,6134,442.43,Credit Card,Completed,2024-10-31 16:35:49
6135,6135,602.56,PayPal,Completed,2024-09-25 08:16:23
6136,6136,59.04,UPI,Completed,2024-08-20 14:57:32
6137,6137,497.02,Paytm,Completed,2025-04-26 13:36:26
6138,6138,313.05,Credit Card,Completed,2024-07-26 02:12:26
6139,6139,396.51,Credit Card,Completed,2025-05-05 00:39:12
6140,6140,466.44,Cash,Failed,2024-07-01 22:14:31
6141,6141,438.31,Credit Card,Completed,2024-08-07 02:17:48
6142,6142,276.48,PayPal,Completed,2024-03-16 11:48:35
6143,6143,221.02,PayPal,Completed,2024-10-19 08:27:57
6144,6144,504.76,UPI,Completed,2024-06-21 09:57:51
6145,6145,55.95,Credit Card,Completed,2024-07-21 18:21:23
6146,6146,240.94,Cash,Completed,2023-10-09 00:36:22
6147,6147,433.93,Credit Card,Completed,2025-06-08 16:15:47
6148,6148,159.26,Paytm,Completed,2024-10-19 01:47:45
6149,6149,617.65,Credit Card,Completed,2025-02-13 00:52:15
6150,6150,569.69,PayPal,Completed,2025-02-01 02:53:22
6151,6151,245.1,Credit Card,Completed,2024-02-23 14:49:51
6152,6152,144.09,Cash,Failed,2025-03-17 21:59:07
6153,6153,303.17,PayPal,Completed,2025-07-22 23:22:06
6154,6154,396.17,Credit Card,Completed,2024-08-25 10:52:02
6155,6155,563.72,UPI,Completed,2025-05-14 11:43:24
6156,6156,270.9,PayPal,Failed,2023-10-15 07:41:22
6157,6157,736.61,UPI,Completed,2023-11-26 02:10:22
6158,6158,343.48,PayPal,Completed,2024-05-15 23:32:04
6159,6159,76.54,Paytm,Failed,2025-05-27 16:39:58
6160,6160,287.58,Paytm,Completed,2025-04-21 18:32:19
6161,6161,735.16,UPI,Completed,2023-09-06 23:49:52
6162,6162,600.17,PayPal,Failed,2025-01-25 01:47:48
6163,6163,327.88,Cash,Pending,2024-10-23 09:40:27
6164,6164,136.76,PayPal,Completed,2024-02-10 10:16:00
6165,6165,679.26,Paytm,Completed,2025-07-19 05:16:04
6166,6166,506.69,PayPal,Completed,2024-08-06 09:33:19
6167,6167,512.8,Credit Card,Completed,2023-09-21 08:52:38
6168,6168,699.28,Credit Card,Completed,2025-04-17 16:29:54
6169,6169,57.28,Paytm,Pending,2023-09-04 06:40:20
6170,6170,58.53,UPI,Completed,2024-11-16 13:07:05
6171,6171,419.94,Paytm,Completed,2023-10-27 04:54:50
6172,6172,357.14,UPI,Completed,2023-10-08 06:56:20
6173,6173,773.85,UPI,Completed,2023-11-03 01:41:12
6174,6174,279.27,Credit Card,Completed,2024-06-17 01:28:49
6175,6175,354.66,UPI,Completed,2025-02-22 13:16:20
6176,6176,652.69,Cash,Completed,2024-04-06 19:08:50
6177,6177,137.75,Credit Card,Completed,2024-01-06 02:45:48
6178,6178,376.24,PayPal,Failed,2025-04-14 01:43:42
6179,6179,233.84,UPI,Completed,2025-06-20 09:18:18
6180,6180,265.87,Paytm,Completed,2024-08-09 05:57:38
6181,6181,342.46,Paytm,Completed,2024-08-11 00:02:43
6182,6182,634.78,Paytm,Completed,2025-07-05 17:10:22
6183,6183,449.53,PayPal,Completed,2024-04-17 02:55:17
6184,6184,762.3,PayPal,Failed,2024-03-12 19:56:11
6185,6185,255.11,PayPal,Completed,2024-06-26 04:12:16
6186,6186,634.93,UPI,Completed,2025-06-23 05:17:58
6187,6187,157.59,Paytm,Pending,2023-12-18 02:11:02
6188,6188,109.89,UPI,Completed,2024-10-12 04:47:31
6189,6189,792.75,Credit Card,Completed,2024-03-26 08:48:09
6190,6190,545.53,Cash,Completed,2023-09-05 07:08:11
6191,6191,88.27,UPI,Completed,2024-06-07 14:58:51
6192,6192,446.35,Credit Card,Completed,2023-10-26 12:16:26
6193,6193,576.7,Paytm,Completed,2024-05-31 03:01:09
6194,6194,158.07,Paytm,Completed,2024-12-30 16:22:14
6195,6195,651.71,Credit Card,Completed,2024-01-12 04:45:27
6196,6196,585.05,Paytm,Completed,2025-02-23 02:22:50
6197,6197,398.61,Paytm,Completed,2023-12-26 13:19:05
6198,6198,787.6,Paytm,Completed,2025-02-06 04:15:35
6199,6199,681.83,UPI,Failed,2025-04-05 08:37:30
6200,6200,542.19,Cash,Completed,2025-03-02 10:08:03
6201,6201,631.29,Cash,Completed,2024-08-30 06:30:57
6202,6202,469.98,UPI,Completed,2025-06-21 07:51:29
6203,6203,656.21,UPI,Completed,2025-06-28 07:57:26
6204,6204,578.03,UPI,Completed,2024-01-12 21:32:20
6205,6205,266.58,Credit Card,Failed,2024-10-25 04:17:51
6206,6206,589.68,PayPal,Completed,2025-06-05 10:57:13
6207,6207,157.13,Cash,Completed,2024-06-21 21:00:44
6208,6208,743.84,UPI,Completed,2024-08-20 14:49:15
6209,6209,476.18,Paytm,Completed,2024-07-16 02:47:25
6210,6210,573.71,Credit Card,Completed,2025-07-26 21:37:47
6211,6211,679.58,UPI,Completed,2024-05-17 04:27:40
6212,6212,101.58,Paytm,Completed,2025-01-19 06:03:49
6213,6213,471.76,PayPal,Completed,2025-05-03 18:25:04
6214,6214,562.79,Cash,Completed,2025-04-24 09:35:00
6215,6215,798.58,UPI,Completed,2024-08-25 09:29:21
6216,6216,323.15,Credit Card,Completed,2023-12-27 21:38:12
6217,6217,135.07,Paytm,Completed,2025-07-16 18:27:17
6218,6218,685.43,Credit Card,Completed,2024-11-19 21:54:32
6219,6219,407.51,UPI,Completed,2024-09-27 02:55:35
6220,6220,81.98,Paytm,Pending,2025-07-11 13:00:54
6221,6221,239.79,PayPal,Completed,2024-05-10 03:13:47
6222,6222,687.01,UPI,Pending,2025-06-23 12:06:07
6223,6223,197.86,Cash,Completed,2024-02-19 02:24:39
6224,6224,550.96,UPI,Completed,2023-08-17 22:26:09
6225,6225,372.36,Credit Card,Completed,2024-07-31 10:22:38
6226,6226,737.21,Cash,Pending,2024-12-30 12:53:38
6227,6227,691.64,Credit Card,Pending,2023-10-30 12:13:31
6228,6228,703.19,UPI,Completed,2024-03-24 03:48:41
6229,6229,106.27,UPI,Completed,2024-10-23 23:16:05
6230,6230,405.24,Cash,Pending,2025-02-02 12:37:11
6231,6231,545.97,PayPal,Completed,2024-11-03 21:26:26
6232,6232,593.75,UPI,Completed,2025-02-26 02:53:03
6233,6233,325.04,UPI,Completed,2023-10-06 06:53:21
6234,6234,346.61,Credit Card,Completed,2024-10-09 22:40:57
6235,6235,509.08,PayPal,Pending,2024-11-18 18:50:23
6236,6236,221.6,Credit Card,Completed,2025-01-12 07:17:49
6237,6237,421.44,Cash,Completed,2023-10-22 13:49:47
6238,6238,400.7,Cash,Completed,2024-07-07 22:28:08
6239,6239,777.78,Credit Card,Completed,2023-12-06 17:52:41
6240,6240,690.06,PayPal,Completed,2023-10-17 03:28:21
6241,6241,171.69,PayPal,Completed,2024-05-14 08:30:42
6242,6242,285.17,Credit Card,Completed,2025-07-03 05:33:26
6243,6243,541.35,Credit Card,Completed,2023-12-02 18:25:15
6244,6244,529.79,UPI,Completed,2025-07-22 18:31:01
6245,6245,508.73,Credit Card,Completed,2024-11-14 18:29:06
6246,6246,318.05,Cash,Completed,2025-04-05 16:06:24
6247,6247,251.94,Credit Card,Completed,2024-02-05 04:10:40
6248,6248,216.13,PayPal,Completed,2024-09-15 23:23:17
6249,6249,69.15,PayPal,Completed,2025-01-10 05:59:16
6250,6250,564.23,UPI,Completed,2023-11-29 00:40:44
6251,6251,198.34,PayPal,Completed,2024-01-27 10:55:49
6252,6252,189.7,Cash,Completed,2025-04-11 07:59:16
6253,6253,745.33,UPI,Completed,2025-04-14 06:31:49
6254,6254,311.24,PayPal,Completed,2025-01-05 19:27:18
6255,6255,109.23,Credit Card,Pending,2025-05-25 22:55:39
6256,6256,614.44,UPI,Completed,2025-07-23 02:50:08
6257,6257,763.28,Credit Card,Completed,2023-10-22 17:11:25
6258,6258,409.51,Credit Card,Completed,2024-04-03 14:21:42
6259,6259,456.71,PayPal,Completed,2025-08-02 13:24:17
6260,6260,293.97,Cash,Completed,2023-09-24 09:51:52
6261,6261,411.61,PayPal,Completed,2025-02-23 18:55:30
6262,6262,346.59,Credit Card,Completed,2023-08-08 19:11:54
6263,6263,201.29,Cash,Completed,2024-03-16 10:00:48
6264,6264,630.68,Credit Card,Completed,2024-12-19 02:10:11
6265,6265,218.15,Credit Card,Completed,2024-06-02 21:45:43
6266,6266,590.86,Credit Card,Completed,2024-09-29 03:26:46
6267,6267,365.91,Paytm,Completed,2024-07-18 02:03:51
6268,6268,644.92,PayPal,Completed,2023-10-28 02:14:49
6269,6269,141.22,Credit Card,Pending,2025-07-01 11:23:54
6270,6270,429.58,Credit Card,Completed,2024-05-03 14:53:07
6271,6271,229.76,PayPal,Completed,2025-03-23 00:27:51
6272,6272,366.29,Paytm,Pending,2025-08-04 05:35:56
6273,6273,443.26,UPI,Completed,2024-06-23 06:12:34
6274,6274,572.9,Credit Card,Completed,2023-10-14 13:50:15
6275,6275,710.82,UPI,Completed,2023-11-24 23:27:10
6276,6276,187.19,UPI,Completed,2023-12-28 10:46:04
6277,6277,645.15,PayPal,Completed,2023-08-10 09:07:11
6278,6278,511.54,Credit Card,Completed,2025-06-10 12:10:38
6279,6279,136.99,Cash,Pending,2025-06-21 05:45:21
6280,6280,148.66,UPI,Completed,2024-06-30 21:11:40
6281,6281,592.66,Paytm,Completed,2024-07-04 00:36:27
6282,6282,512.98,UPI,Completed,2025-02-12 23:30:24
6283,6283,642.63,PayPal,Completed,2024-07-18 23:25:59
6284,6284,392.84,PayPal,Completed,2023-10-02 08:10:54
6285,6285,135.1,Cash,Completed,2025-07-19 22:33:43
6286,6286,719.36,PayPal,Completed,2024-04-10 22:30:28
6287,6287,587.31,UPI,Completed,2024-05-16 23:51:52
6288,6288,500.26,Cash,Completed,2025-01-16 21:41:36
6289,6289,467.52,UPI,Completed,2024-05-20 05:30:35
6290,6290,144.3,PayPal,Completed,2024-06-09 08:19:14
6291,6291,381.95,PayPal,Completed,2024-04-25 17:45:39
6292,6292,692.28,PayPal,Completed,2023-08-16 16:58:31
6293,6293,479.69,UPI,Completed,2024-02-24 01:25:17
6294,6294,433.5,Credit Card,Completed,2025-01-02 18:41:08
6295,6295,58.63,Credit Card,Completed,2024-05-29 02:27:00
6296,6296,123.26,PayPal,Completed,2024-07-13 23:32:11
6297,6297,151.75,Cash,Completed,2024-05-29 16:54:25
6298,6298,294.79,Credit Card,Completed,2024-05-14 18:10:20
6299,6299,422.86,Credit Card,Completed,2025-05-02 15:29:09
6300,6300,191.38,PayPal,Completed,2024-04-25 09:25:07
6301,6301,281.07,Cash,Failed,2023-09-02 20:52:59
6302,6302,742.88,Cash,Completed,2024-04-29 11:12:22
6303,6303,73.14,UPI,Completed,2025-05-21 10:30:25
6304,6304,248.64,PayPal,Completed,2024-07-10 02:50:02
6305,6305,148.67,UPI,Completed,2023-09-15 07:52:13
6306,6306,129.76,UPI,Completed,2024-04-28 08:21:57
6307,6307,697.15,PayPal,Completed,2025-01-31 18:11:03
6308,6308,621.25,Credit Card,Completed,2024-07-29 22:12:03
6309,6309,542.16,Cash,Completed,2023-11-17 09:14:41
6310,6310,383.71,Paytm,Completed,2024-01-21 12:06:31
6311,6311,299.19,Cash,Completed,2024-05-24 21:34:20
6312,6312,799.9,Credit Card,Completed,2024-12-14 00:34:21
6313,6313,581.45,Cash,Completed,2024-03-12 16:08:18
6314,6314,316.53,UPI,Completed,2024-08-10 23:48:28
6315,6315,481.35,Cash,Pending,2024-03-30 02:15:26
6316,6316,565.37,Paytm,Completed,2024-10-09 17:34:20
6317,6317,399.79,Credit Card,Completed,2024-02-09 19:19:03
6318,6318,363.14,Credit Card,Completed,2023-08-06 17:51:01
6319,6319,210.72,Paytm,Completed,2024-11-23 15:43:11
6320,6320,590.1,Credit Card,Completed,2023-11-12 02:11:18
6321,6321,748.15,UPI,Completed,2024-10-16 16:34:48
6322,6322,76.11,Paytm,Completed,2023-08-13 23:32:51
6323,6323,80.22,PayPal,Completed,2024-08-12 20:10:12
6324,6324,484.13,Paytm,Completed,2025-05-04 19:36:55
6325,6325,428.42,UPI,Completed,2024-06-28 09:55:46
6326,6326,660.22,Credit Card,Completed,2024-08-13 04:47:05
6327,6327,665.44,Cash,Pending,2023-10-07 05:17:20
6328,6328,422.51,UPI,Completed,2025-01-30 07:48:02
6329,6329,111.5,PayPal,Completed,2024-03-25 04:49:25
6330,6330,357.57,UPI,Completed,2025-01-27 19:32:47
6331,6331,560.45,PayPal,Completed,2025-06-28 05:45:35
6332,6332,389.34,Paytm,Completed,2025-02-08 14:12:35
6333,6333,165.02,Paytm,Completed,2024-07-10 08:59:26
6334,6334,325.82,Cash,Completed,2023-12-06 10:32:25
6335,6335,104.09,Credit Card,Completed,2024-01-07 16:33:52
6336,6336,115.88,PayPal,Completed,2024-04-13 03:48:54
6337,6337,192.17,Credit Card,Completed,2023-10-27 06:01:06
6338,6338,305.82,Paytm,Completed,2023-11-02 21:40:08
6339,6339,361.97,UPI,Completed,2024-12-15 21:09:26
6340,6340,630.25,UPI,Completed,2025-07-10 03:25:02
6341,6341,667.34,Credit Card,Failed,2025-04-02 23:33:04
6342,6342,472.09,UPI,Completed,2025-02-04 17:40:06
6343,6343,121.75,Credit Card,Completed,2025-03-21 15:53:05
6344,6344,537.76,Paytm,Completed,2024-09-06 16:41:20
6345,6345,588.87,Cash,Completed,2023-12-06 07:42:43
6346,6346,725.43,PayPal,Completed,2024-12-26 22:48:49
6347,6347,752.42,Credit Card,Completed,2025-01-28 03:50:12
6348,6348,283.78,Credit Card,Completed,2023-12-14 01:03:39
6349,6349,251.51,Credit Card,Completed,2023-12-16 05:05:05
6350,6350,588.61,Paytm,Completed,2024-03-02 08:10:32
6351,6351,645.61,UPI,Completed,2025-06-09 05:18:51
6352,6352,736.44,Credit Card,Completed,2024-10-03 03:43:56
6353,6353,771.44,Cash,Pending,2024-10-06 09:37:52
6354,6354,120.75,Credit Card,Completed,2024-04-02 14:31:28
6355,6355,61.48,UPI,Completed,2025-04-10 06:22:57
6356,6356,613.33,Credit Card,Completed,2024-04-27 02:34:35
6357,6357,239.64,Cash,Completed,2024-09-23 18:55:29
6358,6358,216.14,PayPal,Completed,2023-11-05 11:57:16
6359,6359,493.83,Paytm,Completed,2024-11-09 10:40:43
6360,6360,623.03,UPI,Completed,2025-03-24 02:10:49
6361,6361,309.39,Paytm,Completed,2024-04-09 13:11:22
6362,6362,516.82,Cash,Completed,2025-01-09 22:50:23
6363,6363,203.72,Cash,Completed,2025-06-09 14:41:53
6364,6364,509.4,Paytm,Completed,2025-06-29 11:35:30
6365,6365,184.75,Cash,Completed,2023-12-23 15:20:11
6366,6366,102.63,Credit Card,Completed,2025-06-16 19:01:05
6367,6367,281.94,Cash,Completed,2024-07-15 03:46:45
6368,6368,708.08,PayPal,Completed,2024-07-27 22:24:56
6369,6369,796.15,UPI,Completed,2023-10-31 19:19:12
6370,6370,287.43,Paytm,Pending,2025-05-23 05:10:42
6371,6371,162.09,Paytm,Failed,2023-10-03 10:11:46
6372,6372,361.18,PayPal,Completed,2025-06-05 22:07:09
6373,6373,57.0,Paytm,Completed,2024-02-04 02:11:20
6374,6374,171.96,Paytm,Completed,2023-10-03 01:40:23
6375,6375,133.71,Credit Card,Completed,2024-05-01 09:55:08
6376,6376,326.56,Cash,Pending,2023-11-08 06:53:32
6377,6377,468.29,UPI,Completed,2025-02-16 07:09:17
6378,6378,531.7,PayPal,Completed,2024-07-19 09:17:09
6379,6379,588.1,Paytm,Completed,2024-07-07 17:48:11
6380,6380,124.49,Paytm,Completed,2024-08-14 05:20:07
6381,6381,317.74,Paytm,Completed,2024-08-28 12:12:45
6382,6382,152.05,PayPal,Completed,2024-10-03 10:11:48
6383,6383,64.59,UPI,Failed,2023-11-28 23:00:54
6384,6384,680.89,UPI,Completed,2024-02-06 11:09:16
6385,6385,239.47,Paytm,Pending,2025-03-29 17:11:36
6386,6386,765.74,Credit Card,Completed,2024-05-09 01:08:22
6387,6387,292.56,Credit Card,Completed,2024-05-11 07:47:10
6388,6388,275.76,Cash,Completed,2023-10-04 21:51:09
6389,6389,403.56,Paytm,Completed,2024-01-23 10:04:11
6390,6390,102.26,Credit Card,Completed,2024-05-07 21:13:39
6391,6391,537.19,Credit Card,Completed,2024-01-06 23:47:07
6392,6392,747.5,UPI,Completed,2023-12-21 07:40:45
6393,6393,631.23,UPI,Completed,2024-07-26 23:32:43
6394,6394,86.71,Credit Card,Completed,2024-05-04 23:34:05
6395,6395,322.42,Paytm,Completed,2024-11-05 23:25:09
6396,6396,432.92,Paytm,Completed,2023-11-21 18:11:33
6397,6397,382.3,Paytm,Completed,2024-01-25 04:28:19
6398,6398,665.89,PayPal,Completed,2024-05-04 03:16:07
6399,6399,211.28,Credit Card,Completed,2023-10-06 06:22:16
6400,6400,273.77,Credit Card,Completed,2025-01-03 13:42:10
6401,6401,489.04,UPI,Completed,2024-11-27 00:47:40
6402,6402,746.51,UPI,Completed,2024-11-07 20:36:51
6403,6403,754.18,PayPal,Completed,2024-03-13 13:57:57
6404,6404,278.24,UPI,Completed,2023-09-08 20:09:08
6405,6405,298.88,Paytm,Completed,2024-01-25 20:42:36
6406,6406,718.74,Credit Card,Completed,2024-08-30 22:48:35
6407,6407,374.95,Credit Card,Completed,2023-09-22 21:29:55
6408,6408,713.63,Cash,Completed,2024-11-21 22:39:22
6409,6409,788.31,PayPal,Completed,2025-03-25 07:11:04
6410,6410,638.26,Credit Card,Completed,2025-02-11 14:40:27
6411,6411,420.05,Cash,Pending,2025-02-13 22:40:17
6412,6412,429.13,PayPal,Completed,2024-08-08 02:39:39
6413,6413,514.26,Paytm,Completed,2025-04-21 10:32:32
6414,6414,651.58,Paytm,Pending,2024-10-11 15:28:00
6415,6415,150.79,Credit Card,Completed,2025-06-20 01:27:48
6416,6416,396.93,Cash,Completed,2024-07-30 04:41:30
6417,6417,628.74,PayPal,Completed,2024-09-05 01:45:45
6418,6418,256.03,Paytm,Completed,2024-04-05 06:04:39
6419,6419,559.37,UPI,Completed,2023-09-23 08:45:27
6420,6420,79.63,Paytm,Completed,2024-12-28 15:18:17
6421,6421,575.53,Paytm,Completed,2024-03-25 07:02:24
6422,6422,484.89,UPI,Pending,2024-12-31 15:05:42
6423,6423,99.49,Credit Card,Completed,2024-05-13 09:33:47
6424,6424,647.63,Paytm,Completed,2024-02-13 10:18:18
6425,6425,552.02,Cash,Completed,2025-01-07 17:58:23
6426,6426,438.63,UPI,Completed,2024-08-28 21:47:01
6427,6427,150.2,Cash,Completed,2025-04-19 12:01:10
6428,6428,728.1,Paytm,Completed,2025-08-04 14:29:18
6429,6429,413.89,UPI,Completed,2024-10-11 14:49:47
6430,6430,341.83,Credit Card,Completed,2024-04-04 11:10:17
6431,6431,442.87,Credit Card,Completed,2023-12-22 16:13:45
6432,6432,155.09,UPI,Completed,2024-09-07 22:18:38
6433,6433,777.3,Paytm,Completed,2024-01-20 03:57:12
6434,6434,444.11,Credit Card,Completed,2024-09-19 11:53:47
6435,6435,105.96,PayPal,Completed,2024-05-26 20:49:15
6436,6436,755.39,PayPal,Completed,2025-04-20 09:19:10
6437,6437,537.03,UPI,Completed,2024-05-26 00:46:03
6438,6438,438.05,Paytm,Failed,2024-02-16 10:40:39
6439,6439,359.68,UPI,Pending,2024-12-16 21:33:04
6440,6440,264.66,PayPal,Completed,2024-07-29 17:27:14
6441,6441,717.93,UPI,Completed,2023-08-21 23:51:07
6442,6442,568.71,PayPal,Completed,2024-12-12 18:47:54
6443,6443,577.6,UPI,Completed,2024-11-02 00:24:58
6444,6444,717.1,UPI,Completed,2024-09-03 12:54:15
6445,6445,331.21,Credit Card,Completed,2025-04-29 09:59:43
6446,6446,522.94,PayPal,Completed,2024-06-21 19:57:57
6447,6447,331.82,UPI,Completed,2024-02-08 10:27:19
6448,6448,335.89,Paytm,Completed,2024-06-28 01:12:21
6449,6449,688.84,Credit Card,Completed,2025-08-02 17:43:51
6450,6450,368.25,Cash,Completed,2025-06-01 16:13:49
6451,6451,511.43,Credit Card,Completed,2024-07-28 23:02:25
6452,6452,292.12,Paytm,Completed,2024-10-26 03:32:04
6453,6453,229.51,PayPal,Completed,2024-02-19 00:14:16
6454,6454,84.41,PayPal,Completed,2024-01-22 01:36:24
6455,6455,186.82,Credit Card,Completed,2023-12-29 23:42:53
6456,6456,733.34,PayPal,Completed,2024-10-16 17:36:45
6457,6457,586.64,Credit Card,Completed,2024-04-10 22:19:28
6458,6458,301.48,Cash,Completed,2024-12-25 05:22:28
6459,6459,466.53,Cash,Completed,2024-10-18 16:00:59
6460,6460,693.46,Cash,Completed,2024-04-27 11:17:20
6461,6461,282.85,Cash,Completed,2025-02-21 04:05:05
6462,6462,712.57,Cash,Completed,2024-05-27 11:00:49
6463,6463,207.85,Paytm,Failed,2024-03-06 07:20:08
6464,6464,256.83,Credit Card,Completed,2023-11-28 23:54:59
6465,6465,793.35,PayPal,Pending,2023-11-22 22:05:28
6466,6466,421.6,PayPal,Completed,2024-01-29 15:20:41
6467,6467,532.99,Cash,Completed,2023-10-02 07:15:13
6468,6468,442.36,Credit Card,Pending,2024-03-26 19:53:43
6469,6469,295.94,Cash,Completed,2024-03-19 14:39:02
6470,6470,187.7,UPI,Completed,2024-10-29 14:04:07
6471,6471,318.94,UPI,Completed,2025-06-12 14:25:50
6472,6472,298.42,Paytm,Completed,2023-09-06 19:25:52
6473,6473,261.04,Cash,Completed,2024-09-22 14:37:57
6474,6474,236.48,Cash,Completed,2025-08-01 06:33:32
6475,6475,605.97,Credit Card,Completed,2023-09-25 01:45:54
6476,6476,434.91,UPI,Completed,2024-07-30 10:11:59
6477,6477,613.87,Credit Card,Completed,2023-12-22 16:51:13
6478,6478,763.38,UPI,Completed,2023-11-20 05:21:47
6479,6479,268.79,Paytm,Completed,2025-04-26 10:52:00
6480,6480,663.1,Paytm,Completed,2024-05-12 19:59:32
6481,6481,703.27,PayPal,Completed,2024-09-09 03:00:28
6482,6482,585.88,UPI,Completed,2023-09-20 07:06:50
6483,6483,685.28,UPI,Completed,2025-05-29 18:13:23
6484,6484,51.03,PayPal,Completed,2023-12-30 18:39:55
6485,6485,603.49,Cash,Completed,2025-02-25 11:19:15
6486,6486,704.15,PayPal,Completed,2024-10-29 01:45:03
6487,6487,364.48,PayPal,Completed,2025-02-09 15:26:18
6488,6488,346.65,Cash,Completed,2024-08-20 11:42:13
6489,6489,193.56,PayPal,Completed,2023-11-16 10:37:45
6490,6490,122.13,Credit Card,Completed,2024-08-11 07:20:08
6491,6491,372.45,Paytm,Completed,2024-08-29 07:48:41
6492,6492,525.77,Credit Card,Completed,2023-10-30 06:29:21
6493,6493,317.68,Paytm,Completed,2024-11-21 10:55:43
6494,6494,627.18,UPI,Completed,2024-06-16 09:56:45
6495,6495,143.29,Paytm,Completed,2025-06-27 19:23:30
6496,6496,314.9,Paytm,Completed,2023-12-25 01:19:47
6497,6497,547.13,UPI,Completed,2024-01-18 11:41:51
6498,6498,151.2,Paytm,Completed,2025-01-16 10:48:53
6499,6499,120.37,UPI,Completed,2024-06-17 21:45:16
6500,6500,471.02,Paytm,Completed,2025-05-01 13:24:14
6501,6501,593.7,Paytm,Completed,2024-03-21 17:25:00
6502,6502,645.63,Paytm,Completed,2024-10-22 01:38:34
6503,6503,661.24,Credit Card,Pending,2024-04-23 09:08:58
6504,6504,183.22,Credit Card,Completed,2024-06-02 10:13:51
6505,6505,475.35,Paytm,Completed,2024-11-13 17:59:44
6506,6506,137.83,Cash,Completed,2025-06-09 13:06:55
6507,6507,331.43,PayPal,Completed,2025-02-19 04:51:12
6508,6508,368.11,UPI,Completed,2023-10-14 17:34:21
6509,6509,713.5,Cash,Completed,2024-08-01 20:41:02
6510,6510,639.31,PayPal,Completed,2024-04-07 13:37:05
6511,6511,233.82,UPI,Completed,2024-08-15 13:17:46
6512,6512,710.74,UPI,Completed,2025-05-22 14:23:49
6513,6513,280.84,Credit Card,Completed,2024-08-31 10:10:56
6514,6514,432.21,Paytm,Completed,2024-02-22 10:50:53
6515,6515,385.98,UPI,Completed,2025-01-29 03:35:41
6516,6516,208.01,UPI,Completed,2023-09-02 00:47:04
6517,6517,278.31,Credit Card,Completed,2023-10-08 18:44:52
6518,6518,434.81,UPI,Completed,2024-01-11 13:52:45
6519,6519,57.82,Paytm,Completed,2025-02-24 14:42:06
6520,6520,298.44,Credit Card,Completed,2024-05-31 15:08:12
6521,6521,791.53,PayPal,Completed,2024-07-03 01:51:52
6522,6522,318.56,PayPal,Pending,2023-11-17 09:26:33
6523,6523,555.24,Paytm,Completed,2023-11-29 20:58:26
6524,6524,739.43,PayPal,Completed,2023-09-18 02:02:12
6525,6525,724.0,Credit Card,Completed,2025-04-04 05:18:45
6526,6526,596.7,UPI,Completed,2024-07-01 17:44:59
6527,6527,78.8,PayPal,Completed,2025-05-01 13:37:15
6528,6528,79.65,Cash,Completed,2025-02-10 14:16:47
6529,6529,511.42,Credit Card,Completed,2025-02-15 17:06:11
6530,6530,414.92,UPI,Completed,2024-01-17 03:53:23
6531,6531,256.29,Paytm,Completed,2024-01-07 08:59:49
6532,6532,734.63,Cash,Completed,2024-06-12 23:16:41
6533,6533,696.95,Cash,Completed,2025-04-16 10:34:11
6534,6534,361.23,PayPal,Completed,2023-08-27 22:51:49
6535,6535,73.14,Credit Card,Completed,2024-06-13 05:00:26
6536,6536,374.28,Credit Card,Completed,2025-07-06 02:13:13
6537,6537,406.86,Cash,Completed,2024-06-15 09:34:09
6538,6538,564.59,Cash,Completed,2023-09-03 05:59:50
6539,6539,234.06,Credit Card,Completed,2023-12-25 21:55:23
6540,6540,583.99,PayPal,Completed,2025-07-14 11:53:49
6541,6541,781.38,Credit Card,Completed,2024-08-07 19:38:11
6542,6542,253.5,PayPal,Completed,2024-04-26 05:03:26
6543,6543,240.09,Credit Card,Completed,2024-11-14 17:09:19
6544,6544,488.94,UPI,Completed,2025-07-31 17:44:15
6545,6545,388.59,Paytm,Completed,2024-03-10 22:34:16
6546,6546,752.13,Paytm,Completed,2025-07-12 18:05:03
6547,6547,242.54,Paytm,Completed,2025-05-16 14:50:10
6548,6548,416.72,PayPal,Completed,2025-02-20 08:17:24
6549,6549,90.32,UPI,Completed,2025-07-26 01:46:03
6550,6550,341.01,UPI,Completed,2024-04-29 16:36:12
6551,6551,262.9,Cash,Completed,2024-02-27 07:32:30
6552,6552,522.31,UPI,Completed,2025-04-22 23:55:05
6553,6553,140.27,PayPal,Completed,2023-11-22 20:52:48
6554,6554,640.37,UPI,Pending,2024-05-04 06:49:43
6555,6555,262.94,Paytm,Completed,2024-02-01 18:58:52
6556,6556,190.41,PayPal,Completed,2025-02-23 10:39:57
6557,6557,431.36,Paytm,Pending,2024-02-12 23:40:59
6558,6558,406.91,UPI,Completed,2024-12-14 06:17:33
6559,6559,759.18,Paytm,Completed,2025-05-04 18:56:33
6560,6560,245.13,Cash,Completed,2025-02-19 00:23:24
6561,6561,188.5,UPI,Completed,2024-08-27 05:59:26
6562,6562,310.45,Cash,Completed,2024-10-29 04:23:39
6563,6563,635.19,Paytm,Completed,2025-05-31 20:07:49
6564,6564,128.77,PayPal,Completed,2024-10-14 03:47:27
6565,6565,142.46,PayPal,Completed,2023-08-25 11:11:57
6566,6566,311.61,PayPal,Completed,2025-03-13 09:20:34
6567,6567,784.89,Paytm,Completed,2024-04-09 18:13:17
6568,6568,149.16,Paytm,Completed,2025-04-10 23:41:11
6569,6569,59.76,Paytm,Completed,2024-02-12 23:45:49
6570,6570,545.47,UPI,Completed,2023-09-02 16:15:53
6571,6571,736.03,Cash,Completed,2025-07-23 18:11:53
6572,6572,63.58,PayPal,Completed,2025-06-22 01:09:16
6573,6573,503.52,Cash,Completed,2025-04-30 09:38:07
6574,6574,564.16,UPI,Completed,2024-12-08 13:54:24
6575,6575,460.06,Cash,Completed,2024-10-04 03:40:25
6576,6576,224.05,Cash,Completed,2024-12-28 07:42:34
6577,6577,589.42,Credit Card,Completed,2025-01-08 14:49:09
6578,6578,408.16,Paytm,Completed,2023-10-11 08:30:52
6579,6579,471.12,Cash,Completed,2024-07-08 17:14:51
6580,6580,347.98,Cash,Completed,2024-11-12 17:22:09
6581,6581,772.45,Cash,Completed,2024-04-04 18:43:46
6582,6582,349.2,Paytm,Completed,2024-08-09 21:26:08
6583,6583,449.01,Cash,Completed,2025-07-17 14:06:27
6584,6584,585.52,Paytm,Completed,2024-12-07 22:37:50
6585,6585,416.61,Cash,Pending,2024-10-03 20:31:46
6586,6586,530.35,Paytm,Completed,2024-07-18 16:33:32
6587,6587,357.3,Cash,Completed,2023-11-29 19:47:59
6588,6588,266.36,Paytm,Completed,2024-01-16 00:28:00
6589,6589,434.18,Paytm,Completed,2023-08-23 15:56:58
6590,6590,524.83,UPI,Failed,2024-07-26 14:46:18
6591,6591,473.85,Paytm,Completed,2025-07-09 00:05:41
6592,6592,72.05,Credit Card,Pending,2024-03-16 06:29:45
6593,6593,681.9,Cash,Completed,2024-04-03 08:36:10
6594,6594,712.1,Credit Card,Completed,2024-04-27 11:15:46
6595,6595,580.4,Credit Card,Completed,2024-12-27 08:37:51
6596,6596,181.9,Cash,Completed,2025-01-04 14:39:54
6597,6597,744.22,Credit Card,Completed,2024-11-19 04:07:45
6598,6598,219.9,Paytm,Completed,2024-08-29 10:48:31
6599,6599,73.49,PayPal,Completed,2024-01-07 19:54:53
6600,6600,197.97,UPI,Completed,2023-09-11 09:39:55
6601,6601,172.12,Paytm,Pending,2025-01-20 20:38:54
6602,6602,81.75,UPI,Completed,2024-05-04 03:48:13
6603,6603,412.0,Credit Card,Completed,2023-10-19 20:26:54
6604,6604,429.91,PayPal,Completed,2025-06-15 12:53:21
6605,6605,272.88,UPI,Completed,2025-01-14 23:42:14
6606,6606,526.92,Paytm,Completed,2023-11-19 04:14:40
6607,6607,258.24,UPI,Completed,2023-12-24 00:51:17
6608,6608,538.79,Cash,Completed,2023-08-28 00:31:59
6609,6609,195.79,UPI,Completed,2024-06-11 23:49:29
6610,6610,525.85,Paytm,Completed,2023-12-30 18:15:10
6611,6611,217.97,UPI,Pending,2025-07-19 00:37:47
6612,6612,56.78,Paytm,Completed,2024-09-23 05:09:38
6613,6613,796.34,UPI,Completed,2024-07-10 18:02:21
6614,6614,520.44,UPI,Pending,2023-09-20 05:18:27
6615,6615,528.83,Cash,Completed,2024-07-21 20:02:26
6616,6616,696.45,Credit Card,Completed,2024-12-30 22:08:55
6617,6617,701.34,Cash,Completed,2024-09-25 15:23:18
6618,6618,389.03,Cash,Completed,2023-10-12 13:46:16
6619,6619,743.26,Paytm,Completed,2024-04-30 23:04:45
6620,6620,598.67,Paytm,Pending,2025-06-07 05:11:07
6621,6621,77.38,PayPal,Completed,2024-11-13 10:11:29
6622,6622,115.87,PayPal,Completed,2023-12-28 18:02:47
6623,6623,315.71,PayPal,Completed,2023-10-05 06:24:25
6624,6624,497.6,Paytm,Completed,2024-09-16 21:09:33
6625,6625,334.36,Credit Card,Completed,2023-11-05 12:01:57
6626,6626,559.15,UPI,Failed,2024-05-24 01:00:19
6627,6627,517.19,UPI,Completed,2024-11-11 07:37:57
6628,6628,195.1,UPI,Completed,2025-05-23 18:50:57
6629,6629,215.88,Paytm,Completed,2025-05-12 19:02:53
6630,6630,494.76,Cash,Completed,2024-08-03 23:58:09
6631,6631,537.4,PayPal,Completed,2025-04-17 19:04:53
6632,6632,299.81,PayPal,Completed,2024-08-14 04:10:30
6633,6633,506.92,Paytm,Completed,2024-04-20 21:55:03
6634,6634,83.48,Cash,Completed,2023-11-18 01:18:36
6635,6635,183.74,Paytm,Completed,2025-06-15 14:17:53
6636,6636,624.36,Credit Card,Pending,2025-03-19 21:32:00
6637,6637,684.77,Paytm,Failed,2024-12-26 01:49:23
6638,6638,314.64,Credit Card,Completed,2025-04-12 05:58:51
6639,6639,551.04,Paytm,Completed,2024-05-22 08:24:17
6640,6640,308.47,Credit Card,Completed,2024-12-07 21:26:30
6641,6641,762.4,Credit Card,Completed,2024-07-16 12:01:45
6642,6642,578.27,Paytm,Completed,2024-03-11 02:04:40
6643,6643,499.92,Credit Card,Completed,2024-06-09 18:48:56
6644,6644,642.4,Paytm,Completed,2025-06-02 19:58:32
6645,6645,711.68,UPI,Completed,2025-07-18 15:49:50
6646,6646,335.53,Cash,Completed,2025-05-19 04:22:21
6647,6647,141.33,Credit Card,Completed,2025-04-18 11:12:58
6648,6648,81.05,PayPal,Completed,2024-02-27 20:46:58
6649,6649,480.95,Cash,Completed,2023-10-10 23:24:01
6650,6650,397.78,PayPal,Completed,2025-07-18 16:30:08
6651,6651,85.46,Credit Card,Completed,2024-05-10 08:15:09
6652,6652,485.63,UPI,Completed,2024-08-02 08:21:42
6653,6653,299.97,PayPal,Completed,2024-02-17 18:59:41
6654,6654,425.73,Cash,Completed,2025-08-04 18:03:13
6655,6655,67.77,PayPal,Completed,2025-06-27 03:39:29
6656,6656,408.41,PayPal,Completed,2024-09-27 21:51:00
6657,6657,463.46,UPI,Completed,2023-08-15 18:00:55
6658,6658,791.66,Credit Card,Completed,2024-08-28 14:54:42
6659,6659,590.41,Paytm,Completed,2024-05-29 11:09:31
6660,6660,690.81,UPI,Completed,2024-05-29 00:20:19
6661,6661,589.5,PayPal,Completed,2024-01-03 02:37:44
6662,6662,579.93,UPI,Completed,2023-10-09 04:34:33
6663,6663,510.59,Cash,Completed,2024-07-05 16:07:33
6664,6664,777.82,Cash,Completed,2025-02-12 19:36:28
6665,6665,78.85,Paytm,Completed,2024-03-14 22:07:52
6666,6666,764.23,Paytm,Completed,2024-09-19 16:43:57
6667,6667,657.3,PayPal,Completed,2025-07-08 10:17:02
6668,6668,467.53,UPI,Completed,2024-12-03 07:09:45
6669,6669,268.25,Paytm,Completed,2025-03-12 21:49:44
6670,6670,683.65,Paytm,Completed,2024-11-15 09:00:38
6671,6671,93.6,Credit Card,Completed,2025-01-04 12:46:05
6672,6672,414.98,PayPal,Completed,2024-05-15 04:28:10
6673,6673,688.93,Paytm,Completed,2024-11-22 01:11:51
6674,6674,532.41,Cash,Completed,2025-05-23 07:51:49
6675,6675,200.49,Paytm,Completed,2024-01-29 07:23:07
6676,6676,586.72,Paytm,Completed,2024-04-26 02:34:58
6677,6677,59.34,PayPal,Completed,2024-02-01 01:06:19
6678,6678,613.53,Credit Card,Completed,2024-06-17 07:23:39
6679,6679,694.58,Cash,Completed,2023-11-08 03:14:15
6680,6680,630.35,UPI,Completed,2025-04-22 02:59:50
6681,6681,320.4,Cash,Completed,2025-05-22 03:56:10
6682,6682,174.06,Paytm,Completed,2025-05-03 22:04:29
6683,6683,351.63,PayPal,Failed,2023-09-19 23:57:00
6684,6684,639.99,UPI,Completed,2024-02-12 19:07:04
6685,6685,293.61,Cash,Completed,2024-09-21 20:26:01
6686,6686,92.98,Cash,Completed,2024-07-14 00:31:48
6687,6687,662.34,Credit Card,Completed,2024-03-27 02:51:28
6688,6688,522.72,Credit Card,Pending,2024-10-06 09:52:44
6689,6689,339.74,Credit Card,Completed,2024-07-20 12:48:07
6690,6690,679.35,Paytm,Completed,2023-10-21 17:32:58
6691,6691,147.4,PayPal,Completed,2024-06-03 19:48:47
6692,6692,281.46,UPI,Completed,2024-02-21 16:07:46
6693,6693,517.98,PayPal,Completed,2024-03-24 08:53:52
6694,6694,665.05,UPI,Completed,2024-05-01 08:02:46
6695,6695,628.81,UPI,Completed,2024-06-10 22:40:53
6696,6696,173.1,PayPal,Completed,2025-01-12 19:01:07
6697,6697,263.35,Cash,Completed,2024-11-24 13:22:54
6698,6698,341.8,Credit Card,Completed,2023-08-28 00:09:34
6699,6699,595.62,PayPal,Completed,2025-05-12 03:43:59
6700,6700,235.98,PayPal,Completed,2023-11-22 23:25:30
6701,6701,789.6,Cash,Completed,2025-06-04 05:16:49
6702,6702,94.4,Paytm,Completed,2025-06-29 03:05:25
6703,6703,55.56,PayPal,Completed,2023-09-18 09:24:00
6704,6704,455.74,Cash,Completed,2023-09-05 23:09:40
6705,6705,446.38,Credit Card,Completed,2025-04-11 23:11:21
6706,6706,119.53,Cash,Completed,2024-04-17 06:46:08
6707,6707,364.11,PayPal,Completed,2024-01-13 23:36:51
6708,6708,706.88,Cash,Completed,2024-02-11 12:20:20
6709,6709,238.93,Cash,Completed,2023-11-04 13:23:31
6710,6710,442.8,Paytm,Completed,2024-06-28 11:42:58
6711,6711,479.26,Cash,Completed,2024-03-12 15:09:17
6712,6712,215.86,Cash,Completed,2023-08-14 09:49:53
6713,6713,452.56,UPI,Completed,2025-01-23 20:37:32
6714,6714,73.12,Credit Card,Completed,2023-09-14 18:13:33
6715,6715,185.71,Cash,Completed,2025-05-06 06:34:10
6716,6716,247.02,Cash,Completed,2025-04-13 07:17:48
6717,6717,153.24,Credit Card,Completed,2024-08-02 14:23:53
6718,6718,656.1,Cash,Completed,2025-05-03 14:26:01
6719,6719,616.02,Credit Card,Completed,2024-10-22 07:16:36
6720,6720,588.36,Credit Card,Completed,2025-06-29 06:29:12
6721,6721,226.36,UPI,Completed,2025-02-05 13:07:41
6722,6722,582.61,Credit Card,Completed,2024-05-31 07:24:34
6723,6723,285.8,PayPal,Completed,2024-05-19 15:14:01
6724,6724,209.42,Paytm,Completed,2024-09-07 18:08:16
6725,6725,430.87,Cash,Completed,2024-10-16 06:16:12
6726,6726,743.97,Cash,Completed,2023-09-25 13:09:07
6727,6727,51.1,Credit Card,Completed,2024-03-18 14:55:31
6728,6728,213.67,Credit Card,Pending,2024-10-16 15:08:53
6729,6729,280.2,PayPal,Completed,2024-07-18 12:08:45
6730,6730,582.94,Cash,Completed,2024-06-04 21:45:09
6731,6731,770.45,Credit Card,Completed,2024-05-14 10:51:24
6732,6732,156.75,Paytm,Completed,2025-01-19 13:39:41
6733,6733,92.67,UPI,Completed,2023-10-06 14:47:08
6734,6734,567.73,Credit Card,Completed,2024-10-16 21:50:55
6735,6735,641.21,UPI,Completed,2023-08-06 00:16:25
6736,6736,373.08,UPI,Completed,2025-02-10 09:05:07
6737,6737,477.57,Cash,Completed,2023-10-22 04:21:20
6738,6738,105.82,PayPal,Completed,2024-08-10 23:05:23
6739,6739,749.93,PayPal,Failed,2024-03-05 15:36:41
6740,6740,64.86,Paytm,Completed,2024-10-24 21:37:58
6741,6741,255.06,Paytm,Completed,2024-11-12 02:11:33
6742,6742,303.7,PayPal,Completed,2024-12-13 07:54:16
6743,6743,145.33,PayPal,Completed,2025-07-02 09:45:37
6744,6744,373.31,Cash,Completed,2024-01-23 02:50:51
6745,6745,257.5,Credit Card,Pending,2025-06-03 11:12:28
6746,6746,608.85,Credit Card,Completed,2024-09-09 03:38:55
6747,6747,150.1,UPI,Completed,2023-12-29 11:47:56
6748,6748,697.28,PayPal,Completed,2024-07-30 02:30:12
6749,6749,479.3,Paytm,Completed,2024-10-30 23:13:08
6750,6750,434.13,Cash,Completed,2024-07-18 08:57:03
6751,6751,122.99,PayPal,Completed,2024-08-30 08:06:05
6752,6752,709.93,UPI,Completed,2024-04-29 03:22:22
6753,6753,794.25,PayPal,Completed,2024-08-07 03:58:59
6754,6754,101.56,Credit Card,Failed,2025-01-17 08:17:21
6755,6755,464.57,Credit Card,Pending,2023-08-27 03:42:16
6756,6756,477.64,Credit Card,Completed,2025-05-10 20:34:29
6757,6757,466.37,UPI,Completed,2024-08-28 00:41:13
6758,6758,128.94,Credit Card,Completed,2024-02-22 21:27:45
6759,6759,698.15,Credit Card,Pending,2024-08-12 23:50:05
6760,6760,300.62,Credit Card,Failed,2023-09-17 16:05:41
6761,6761,113.68,Credit Card,Completed,2025-07-03 12:25:08
6762,6762,559.09,Cash,Completed,2024-07-10 11:20:45
6763,6763,204.56,UPI,Completed,2024-10-20 03:28:11
6764,6764,760.12,PayPal,Completed,2024-07-16 13:57:24
6765,6765,314.88,UPI,Completed,2024-07-20 02:45:13
6766,6766,340.44,Paytm,Completed,2025-02-12 12:38:21
6767,6767,57.77,Credit Card,Completed,2025-05-22 22:15:36
6768,6768,213.37,UPI,Completed,2023-09-19 05:41:24
6769,6769,601.5,Credit Card,Completed,2023-08-25 05:57:12
6770,6770,67.27,PayPal,Pending,2024-03-22 20:08:26
6771,6771,342.61,UPI,Completed,2025-06-07 09:00:04
6772,6772,208.6,Cash,Completed,2023-11-26 04:07:58
6773,6773,313.93,PayPal,Completed,2025-04-22 01:46:35
6774,6774,679.56,PayPal,Pending,2024-05-05 04:48:02
6775,6775,531.76,Cash,Completed,2025-01-08 11:03:04
6776,6776,770.12,Cash,Completed,2023-12-04 03:35:55
6777,6777,694.65,UPI,Pending,2024-07-31 00:31:50
6778,6778,522.01,Paytm,Completed,2025-02-27 00:26:22
6779,6779,344.92,Cash,Completed,2024-05-28 21:08:12
6780,6780,111.63,PayPal,Completed,2024-11-27 20:30:27
6781,6781,114.32,Paytm,Completed,2024-05-21 23:10:19
6782,6782,657.35,Credit Card,Pending,2024-10-31 04:46:05
6783,6783,745.21,PayPal,Completed,2025-01-27 12:57:29
6784,6784,159.88,Paytm,Completed,2025-07-13 05:15:46
6785,6785,113.38,Paytm,Completed,2025-03-26 10:36:01
6786,6786,143.56,UPI,Completed,2024-04-12 17:27:13
6787,6787,605.41,Credit Card,Completed,2024-02-01 18:01:37
6788,6788,315.35,Cash,Completed,2025-02-25 21:57:50
6789,6789,770.77,PayPal,Completed,2025-05-01 04:42:58
6790,6790,180.16,Paytm,Completed,2024-03-18 17:00:02
6791,6791,261.3,UPI,Completed,2024-12-24 15:17:36
6792,6792,256.83,Paytm,Completed,2025-02-02 06:37:17
6793,6793,400.37,UPI,Completed,2023-11-09 10:42:44
6794,6794,709.38,PayPal,Completed,2023-09-17 01:36:59
6795,6795,156.52,Cash,Completed,2024-08-02 11:49:36
6796,6796,170.1,Cash,Completed,2025-03-28 03:02:06
6797,6797,700.16,Cash,Pending,2024-03-11 12:35:53
6798,6798,560.08,UPI,Completed,2024-03-29 16:36:44
6799,6799,263.65,Cash,Completed,2024-01-26 23:43:49
6800,6800,163.18,PayPal,Completed,2023-09-16 09:29:00
6801,6801,293.28,Cash,Completed,2024-01-03 16:34:28
6802,6802,599.71,PayPal,Completed,2025-04-28 08:09:35
6803,6803,132.05,Paytm,Completed,2024-12-14 03:44:35
6804,6804,668.98,Paytm,Completed,2023-12-17 12:58:59
6805,6805,278.85,Cash,Completed,2023-08-21 18:48:26
6806,6806,162.59,Cash,Completed,2024-10-06 10:50:43
6807,6807,374.67,PayPal,Completed,2023-11-01 18:13:21
6808,6808,190.98,Paytm,Completed,2025-02-20 06:07:35
6809,6809,204.28,PayPal,Completed,2024-02-24 03:21:41
6810,6810,614.57,Credit Card,Completed,2023-08-29 20:19:42
6811,6811,603.6,Credit Card,Completed,2025-06-15 03:58:08
6812,6812,87.87,Paytm,Completed,2025-07-01 20:39:15
6813,6813,374.67,UPI,Completed,2023-10-10 11:26:30
6814,6814,684.15,PayPal,Failed,2024-09-09 05:45:28
6815,6815,243.57,Paytm,Completed,2024-03-10 01:03:07
6816,6816,549.61,Cash,Completed,2023-10-30 00:11:36
6817,6817,451.04,Credit Card,Completed,2024-10-10 03:54:42
6818,6818,782.59,Credit Card,Completed,2024-06-12 14:55:41
6819,6819,529.47,Cash,Completed,2025-02-04 20:15:46
6820,6820,537.41,Paytm,Completed,2025-07-03 04:45:14
6821,6821,710.73,Paytm,Failed,2024-03-27 04:52:16
6822,6822,350.47,Paytm,Completed,2023-12-28 17:37:17
6823,6823,129.17,PayPal,Completed,2023-11-24 19:54:54
6824,6824,667.87,Paytm,Completed,2024-01-07 10:12:17
6825,6825,405.28,PayPal,Completed,2025-07-23 20:03:19
6826,6826,352.07,PayPal,Completed,2024-05-17 21:09:01
6827,6827,781.54,Credit Card,Completed,2024-11-03 20:01:59
6828,6828,229.15,Credit Card,Completed,2024-07-02 09:34:56
6829,6829,133.31,UPI,Completed,2023-08-26 13:18:19
6830,6830,450.0,UPI,Completed,2024-04-29 02:10:25
6831,6831,659.08,UPI,Completed,2024-01-12 16:11:03
6832,6832,334.65,Credit Card,Completed,2025-01-25 17:15:42
6833,6833,653.13,UPI,Completed,2025-05-19 01:57:02
6834,6834,418.11,PayPal,Completed,2025-06-04 18:51:54
6835,6835,703.48,Credit Card,Completed,2025-01-07 13:34:26
6836,6836,522.28,Credit Card,Completed,2025-06-12 01:47:40
6837,6837,654.74,PayPal,Failed,2025-01-25 06:11:24
6838,6838,444.97,UPI,Completed,2024-10-16 05:02:07
6839,6839,753.8,UPI,Completed,2024-06-26 09:55:41
6840,6840,771.55,Credit Card,Completed,2025-03-27 23:15:24
6841,6841,171.85,Credit Card,Completed,2025-01-22 06:29:48
6842,6842,594.57,UPI,Completed,2025-05-02 12:31:29
6843,6843,437.81,Cash,Completed,2025-05-23 14:45:40
6844,6844,592.2,PayPal,Completed,2025-07-12 18:04:08
6845,6845,565.52,PayPal,Completed,2023-12-07 20:44:08
6846,6846,525.03,PayPal,Pending,2024-03-25 22:39:50
6847,6847,166.47,Cash,Completed,2025-04-23 18:54:36
6848,6848,309.43,Credit Card,Pending,2024-09-06 08:42:36
6849,6849,363.52,Cash,Completed,2024-12-01 22:46:20
6850,6850,269.26,Cash,Completed,2024-08-21 06:31:12
6851,6851,523.29,PayPal,Completed,2024-04-12 11:13:08
6852,6852,237.9,PayPal,Pending,2024-03-15 02:27:08
6853,6853,751.1,UPI,Pending,2025-04-17 21:20:40
6854,6854,492.65,Credit Card,Completed,2024-09-09 01:07:44
6855,6855,119.81,Cash,Failed,2023-12-12 03:16:01
6856,6856,571.4,Cash,Pending,2025-08-02 11:05:45
6857,6857,160.53,Paytm,Pending,2024-11-26 20:56:03
6858,6858,352.35,Paytm,Completed,2024-03-17 07:24:29
6859,6859,614.73,UPI,Completed,2024-09-10 22:42:50
6860,6860,215.57,Credit Card,Completed,2025-05-09 16:13:43
6861,6861,445.59,PayPal,Completed,2024-07-12 10:15:07
6862,6862,211.03,UPI,Completed,2023-11-01 12:18:05
6863,6863,165.03,PayPal,Completed,2023-12-02 09:39:04
6864,6864,754.38,PayPal,Completed,2024-06-23 12:13:53
6865,6865,751.98,PayPal,Completed,2025-03-30 04:59:51
6866,6866,705.99,UPI,Completed,2024-02-08 20:22:55
6867,6867,712.91,Credit Card,Completed,2025-04-07 01:45:38
6868,6868,231.92,PayPal,Completed,2024-03-11 19:17:02
6869,6869,306.48,PayPal,Completed,2023-12-06 04:18:00
6870,6870,498.27,PayPal,Completed,2025-03-21 20:58:08
6871,6871,439.52,UPI,Completed,2024-06-25 09:30:54
6872,6872,682.35,Paytm,Completed,2025-07-26 00:16:08
6873,6873,757.83,PayPal,Completed,2024-07-26 12:19:17
6874,6874,163.39,PayPal,Completed,2023-11-28 16:45:21
6875,6875,399.71,Credit Card,Completed,2024-02-29 08:28:04
6876,6876,641.82,UPI,Completed,2024-01-18 16:03:37
6877,6877,155.56,Credit Card,Completed,2024-08-10 08:59:58
6878,6878,150.08,Cash,Completed,2023-10-16 06:41:33
6879,6879,276.32,Paytm,Pending,2025-01-01 04:23:32
6880,6880,222.02,UPI,Completed,2024-03-18 17:34:38
6881,6881,74.98,UPI,Completed,2023-08-29 14:18:56
6882,6882,225.73,Credit Card,Completed,2024-09-04 16:07:06
6883,6883,114.56,Credit Card,Completed,2023-12-28 21:19:42
6884,6884,430.48,Credit Card,Completed,2025-05-23 11:54:58
6885,6885,53.61,UPI,Completed,2024-10-10 06:47:03
6886,6886,556.1,Cash,Completed,2025-02-05 05:23:03
6887,6887,537.09,Credit Card,Completed,2024-06-16 17:50:26
6888,6888,194.65,UPI,Completed,2024-06-11 06:50:41
6889,6889,352.11,UPI,Completed,2024-02-10 04:25:02
6890,6890,183.49,PayPal,Completed,2025-01-15 22:01:06
6891,6891,377.37,Paytm,Completed,2023-10-16 11:45:55
6892,6892,84.32,PayPal,Completed,2024-10-07 04:27:34
6893,6893,130.57,Cash,Completed,2025-05-26 14:57:05
6894,6894,423.84,Credit Card,Completed,2024-11-07 23:10:32
6895,6895,214.89,PayPal,Completed,2025-07-29 05:55:34
6896,6896,174.84,UPI,Completed,2023-12-08 23:46:03
6897,6897,732.77,Credit Card,Completed,2024-10-31 12:00:36
6898,6898,225.15,Credit Card,Completed,2023-08-09 00:59:14
6899,6899,395.5,Credit Card,Pending,2023-10-26 11:51:53
6900,6900,167.48,UPI,Completed,2024-04-12 17:16:44
6901,6901,179.38,Cash,Completed,2025-03-31 12:48:40
6902,6902,478.02,UPI,Pending,2024-02-15 23:59:19
6903,6903,594.58,Credit Card,Completed,2024-03-22 14:51:30
6904,6904,792.87,Cash,Completed,2025-05-05 01:31:01
6905,6905,275.87,PayPal,Pending,2025-04-16 21:32:30
6906,6906,641.52,Cash,Completed,2023-08-28 20:28:52
6907,6907,383.55,UPI,Completed,2023-09-28 15:10:39
6908,6908,90.28,Cash,Completed,2025-02-27 18:19:50
6909,6909,620.19,Cash,Completed,2024-03-24 21:25:47
6910,6910,476.77,Cash,Completed,2023-08-15 10:55:07
6911,6911,427.76,Paytm,Completed,2023-10-24 10:06:47
6912,6912,612.35,Credit Card,Completed,2024-04-18 20:07:44
6913,6913,286.89,Paytm,Completed,2023-11-22 10:55:42
6914,6914,637.12,PayPal,Pending,2025-01-22 01:26:27
6915,6915,154.83,Credit Card,Completed,2025-02-21 05:08:28
6916,6916,754.08,Paytm,Pending,2025-04-16 17:48:16
6917,6917,312.56,Cash,Completed,2024-04-16 05:00:41
6918,6918,153.31,Credit Card,Completed,2025-07-04 04:09:33
6919,6919,68.89,UPI,Completed,2025-01-24 20:37:24
6920,6920,374.82,PayPal,Completed,2023-09-20 03:28:53
6921,6921,653.95,Cash,Completed,2024-01-18 15:43:22
6922,6922,758.78,PayPal,Completed,2023-09-07 17:07:27
6923,6923,78.09,Paytm,Completed,2025-05-17 06:21:19
6924,6924,673.72,PayPal,Completed,2025-01-09 20:06:23
6925,6925,558.54,Credit Card,Completed,2023-09-13 07:21:01
6926,6926,86.19,Paytm,Completed,2025-02-19 14:07:18
6927,6927,492.79,Cash,Completed,2024-06-10 00:33:20
6928,6928,250.25,Cash,Completed,2024-12-06 16:26:51
6929,6929,571.33,Paytm,Completed,2024-02-27 07:02:55
6930,6930,71.72,Credit Card,Completed,2025-06-08 05:14:52
6931,6931,88.18,Credit Card,Completed,2024-06-02 17:14:22
6932,6932,295.99,Paytm,Completed,2025-05-09 15:51:16
6933,6933,161.36,Credit Card,Pending,2024-02-17 11:40:36
6934,6934,499.99,Credit Card,Completed,2025-01-28 20:22:28
6935,6935,715.38,UPI,Completed,2023-10-21 23:55:37
6936,6936,115.37,Cash,Completed,2024-08-26 04:28:05
6937,6937,262.51,Cash,Completed,2025-05-26 02:43:41
6938,6938,509.51,Paytm,Completed,2024-02-14 10:20:06
6939,6939,192.47,Paytm,Completed,2025-04-12 16:02:17
6940,6940,88.17,PayPal,Completed,2023-10-18 10:39:02
6941,6941,203.41,Cash,Completed,2025-01-08 07:06:30
6942,6942,453.45,Cash,Failed,2024-01-08 03:37:32
6943,6943,431.45,Paytm,Completed,2024-04-27 16:53:22
6944,6944,366.13,PayPal,Completed,2024-09-28 05:36:23
6945,6945,536.78,Cash,Completed,2023-08-30 07:26:50
6946,6946,265.36,Credit Card,Completed,2024-11-12 02:35:43
6947,6947,697.89,PayPal,Failed,2024-11-22 10:10:56
6948,6948,524.48,PayPal,Completed,2024-03-15 08:46:16
6949,6949,780.0,Credit Card,Completed,2025-02-04 17:24:28
6950,6950,705.24,Paytm,Pending,2025-01-22 19:38:54
6951,6951,282.27,Cash,Completed,2024-04-28 12:35:25
6952,6952,789.46,Credit Card,Completed,2025-03-26 08:57:02
6953,6953,123.96,Cash,Completed,2025-01-29 15:57:23
6954,6954,268.43,Credit Card,Completed,2025-06-20 14:05:40
6955,6955,451.7,Credit Card,Completed,2024-06-01 23:42:08
6956,6956,794.85,PayPal,Completed,2024-08-05 23:27:41
6957,6957,327.72,Paytm,Completed,2024-12-11 11:44:13
6958,6958,677.07,Credit Card,Completed,2023-12-11 00:19:49
6959,6959,277.12,Paytm,Completed,2025-06-04 02:05:12
6960,6960,701.46,PayPal,Completed,2025-07-31 18:54:56
6961,6961,86.16,Paytm,Completed,2025-02-19 15:17:07
6962,6962,466.22,Cash,Pending,2024-05-27 00:20:24
6963,6963,182.46,PayPal,Completed,2024-09-19 03:46:49
6964,6964,185.19,Cash,Completed,2023-10-09 01:19:51
6965,6965,642.26,Credit Card,Completed,2023-09-26 02:42:05
6966,6966,632.53,Paytm,Completed,2025-01-22 21:36:29
6967,6967,101.08,Credit Card,Completed,2023-10-21 07:55:20
6968,6968,351.85,Credit Card,Completed,2025-07-06 17:38:01
6969,6969,470.96,Paytm,Completed,2023-08-25 15:15:39
6970,6970,438.93,UPI,Completed,2024-03-17 11:19:29
6971,6971,337.58,Credit Card,Completed,2023-09-30 16:39:16
6972,6972,394.99,Credit Card,Completed,2024-02-18 03:44:13
6973,6973,55.02,UPI,Completed,2024-04-26 20:56:23
6974,6974,86.4,UPI,Completed,2025-01-29 17:17:34
6975,6975,473.42,Cash,Completed,2023-10-04 23:27:38
6976,6976,436.85,UPI,Completed,2024-07-21 08:13:27
6977,6977,584.14,PayPal,Completed,2025-07-03 14:21:00
6978,6978,118.87,Credit Card,Completed,2024-03-29 15:04:17
6979,6979,464.87,UPI,Completed,2024-11-02 20:52:57
6980,6980,293.23,Paytm,Completed,2023-09-20 17:05:39
6981,6981,750.92,PayPal,Completed,2024-06-20 21:23:40
6982,6982,223.5,Credit Card,Completed,2024-02-25 10:11:13
6983,6983,179.81,Cash,Completed,2025-04-02 19:27:40
6984,6984,109.83,Paytm,Completed,2024-12-30 17:24:22
6985,6985,554.07,Paytm,Pending,2024-07-08 06:29:19
6986,6986,783.86,Paytm,Completed,2024-01-08 07:53:30
6987,6987,734.06,Cash,Completed,2024-05-05 11:24:52
6988,6988,388.59,Paytm,Completed,2025-02-26 00:00:15
6989,6989,644.28,Paytm,Completed,2025-05-16 04:03:33
6990,6990,337.59,PayPal,Completed,2025-02-24 02:54:35
6991,6991,201.63,Paytm,Completed,2023-10-10 10:37:28
6992,6992,363.74,Credit Card,Completed,2023-10-09 14:53:15
6993,6993,543.5,UPI,Completed,2024-03-14 18:56:34
6994,6994,419.59,Credit Card,Pending,2025-02-18 12:36:33
6995,6995,236.21,Credit Card,Completed,2025-01-24 14:36:13
6996,6996,396.15,Cash,Completed,2023-08-13 08:51:21
6997,6997,709.97,UPI,Completed,2023-10-18 20:19:35
6998,6998,373.78,Paytm,Completed,2024-11-13 08:32:16
6999,6999,214.73,Paytm,Completed,2023-09-14 10:19:06
7000,7000,336.82,Cash,Completed,2024-09-12 13:33:31
7001,7001,54.8,PayPal,Completed,2025-05-12 22:54:08
7002,7002,780.23,Cash,Completed,2024-03-28 12:33:54
7003,7003,331.07,Credit Card,Completed,2025-06-15 15:36:26
7004,7004,731.24,Cash,Completed,2024-10-14 22:48:12
7005,7005,276.76,PayPal,Completed,2025-07-13 19:04:35
7006,7006,187.67,PayPal,Completed,2024-05-06 20:24:37
7007,7007,473.25,Paytm,Completed,2024-01-19 00:29:08
7008,7008,321.13,Cash,Completed,2024-11-30 06:05:37
7009,7009,382.82,UPI,Completed,2025-07-04 16:20:00
7010,7010,656.53,Cash,Completed,2024-02-10 13:11:37
7011,7011,82.85,Credit Card,Pending,2023-09-24 15:28:49
7012,7012,94.74,UPI,Completed,2024-01-20 22:17:21
7013,7013,228.72,PayPal,Completed,2024-12-18 16:13:16
7014,7014,78.11,Cash,Completed,2024-10-13 07:55:40
7015,7015,170.65,PayPal,Completed,2024-10-29 01:50:23
7016,7016,521.7,Cash,Completed,2024-04-06 14:25:43
7017,7017,503.52,UPI,Completed,2024-05-21 07:07:03
7018,7018,530.62,Paytm,Pending,2025-07-25 11:16:42
7019,7019,356.89,Credit Card,Completed,2024-07-11 23:13:15
7020,7020,521.94,Cash,Pending,2023-10-06 19:26:13
7021,7021,188.45,Credit Card,Completed,2025-01-14 15:17:56
7022,7022,397.38,UPI,Completed,2024-08-02 04:41:24
7023,7023,597.16,Cash,Completed,2024-12-24 05:51:06
7024,7024,139.25,Cash,Completed,2024-11-11 18:51:48
7025,7025,596.24,Credit Card,Completed,2025-01-26 20:14:41
7026,7026,697.29,PayPal,Completed,2024-03-29 06:04:41
7027,7027,151.93,Credit Card,Failed,2024-02-05 13:41:03
7028,7028,384.65,PayPal,Completed,2024-06-20 07:45:26
7029,7029,329.37,PayPal,Completed,2024-04-24 08:03:00
7030,7030,631.96,Cash,Completed,2024-04-15 09:17:19
7031,7031,752.97,Cash,Failed,2024-01-24 06:29:13
7032,7032,156.01,Cash,Completed,2023-11-19 23:51:40
7033,7033,370.68,Paytm,Completed,2024-02-11 06:31:46
7034,7034,174.88,Cash,Completed,2023-11-29 14:54:47
7035,7035,683.45,UPI,Completed,2024-07-15 07:47:19
7036,7036,496.75,UPI,Completed,2024-01-30 10:53:27
7037,7037,526.85,Cash,Completed,2024-01-03 22:38:39
7038,7038,398.21,Credit Card,Completed,2024-07-25 20:57:36
7039,7039,583.81,Cash,Completed,2024-11-13 09:44:24
7040,7040,725.24,Credit Card,Completed,2023-11-07 10:10:12
7041,7041,502.62,UPI,Completed,2024-09-20 20:28:45
7042,7042,177.04,Cash,Completed,2023-08-14 03:43:16
7043,7043,385.03,UPI,Completed,2023-12-24 22:54:43
7044,7044,343.92,PayPal,Completed,2024-04-27 18:54:01
7045,7045,692.73,Credit Card,Pending,2025-05-08 12:40:12
7046,7046,785.46,PayPal,Completed,2023-09-09 05:18:05
7047,7047,390.1,Cash,Completed,2024-12-06 09:32:24
7048,7048,214.09,Paytm,Completed,2025-06-06 19:41:57
7049,7049,515.85,Paytm,Completed,2023-11-15 10:03:49
7050,7050,186.13,PayPal,Completed,2025-02-23 17:27:57
7051,7051,298.91,Cash,Pending,2025-01-04 07:30:44
7052,7052,553.75,PayPal,Completed,2023-12-02 16:51:43
7053,7053,764.89,UPI,Completed,2024-07-02 22:21:13
7054,7054,175.34,UPI,Completed,2024-06-07 21:54:40
7055,7055,147.37,PayPal,Completed,2024-05-14 22:12:15
7056,7056,157.41,Paytm,Completed,2023-11-23 07:26:28
7057,7057,592.08,UPI,Completed,2024-09-27 21:50:53
7058,7058,380.36,PayPal,Completed,2024-12-22 20:20:04
7059,7059,677.31,PayPal,Completed,2025-05-22 21:33:01
7060,7060,282.54,Cash,Completed,2025-04-02 21:40:05
7061,7061,195.7,Credit Card,Completed,2023-12-15 14:44:41
7062,7062,361.46,Cash,Pending,2025-04-20 21:27:45
7063,7063,562.34,Cash,Pending,2024-06-13 05:34:48
7064,7064,52.7,PayPal,Completed,2024-03-14 09:42:46
7065,7065,560.82,Credit Card,Completed,2025-06-06 13:29:48
7066,7066,149.52,UPI,Completed,2024-10-03 04:57:03
7067,7067,358.97,PayPal,Completed,2023-10-24 09:14:05
7068,7068,89.12,Paytm,Completed,2024-02-15 02:01:34
7069,7069,538.88,Cash,Completed,2024-12-29 05:01:47
7070,7070,500.77,UPI,Completed,2023-11-05 13:58:09
7071,7071,520.97,UPI,Completed,2023-12-03 12:42:26
7072,7072,138.47,Paytm,Completed,2025-05-14 09:04:49
7073,7073,496.76,PayPal,Completed,2023-11-28 09:14:52
7074,7074,342.83,UPI,Completed,2024-02-20 04:11:32
7075,7075,393.54,Cash,Completed,2024-01-21 17:26:39
7076,7076,758.15,Paytm,Failed,2023-08-17 03:33:50
7077,7077,358.07,UPI,Completed,2025-03-12 06:19:54
7078,7078,333.22,PayPal,Completed,2024-12-07 07:54:53
7079,7079,99.37,Cash,Completed,2024-02-25 18:59:58
7080,7080,237.69,Cash,Completed,2024-10-27 10:49:59
7081,7081,450.71,Paytm,Completed,2025-01-30 14:04:36
7082,7082,307.5,Cash,Completed,2024-12-14 18:27:00
7083,7083,513.26,Cash,Completed,2024-05-28 08:10:39
7084,7084,176.88,PayPal,Completed,2024-09-02 04:47:09
7085,7085,115.51,Credit Card,Completed,2024-04-04 13:53:48
7086,7086,248.87,PayPal,Pending,2024-07-06 09:26:58
7087,7087,568.64,UPI,Completed,2025-08-03 17:46:40
7088,7088,415.21,UPI,Completed,2025-01-12 13:39:40
7089,7089,208.76,Cash,Completed,2024-03-23 12:41:22
7090,7090,756.33,PayPal,Completed,2024-12-06 08:43:33
7091,7091,67.06,UPI,Completed,2024-03-11 10:25:03
7092,7092,474.42,Credit Card,Completed,2025-01-07 04:10:07
7093,7093,141.06,Paytm,Completed,2025-02-07 04:25:58
7094,7094,578.62,Cash,Completed,2023-10-10 14:59:28
7095,7095,142.96,Paytm,Completed,2025-02-04 05:27:38
7096,7096,463.76,Cash,Completed,2023-12-29 11:13:53
7097,7097,731.29,Cash,Completed,2023-11-15 05:38:51
7098,7098,246.09,Cash,Completed,2025-04-30 19:00:55
7099,7099,706.62,Cash,Failed,2023-12-18 15:10:45
7100,7100,482.4,Paytm,Failed,2025-02-19 13:08:41
7101,7101,222.68,PayPal,Completed,2023-09-18 22:28:44
7102,7102,638.68,PayPal,Completed,2025-06-23 22:23:04
7103,7103,148.93,Paytm,Completed,2025-05-08 17:15:58
7104,7104,182.77,PayPal,Completed,2025-06-15 16:14:56
7105,7105,605.69,UPI,Completed,2024-08-14 11:55:36
7106,7106,364.61,Cash,Completed,2023-09-29 22:20:07
7107,7107,645.63,Cash,Completed,2023-09-05 00:09:55
7108,7108,492.65,PayPal,Pending,2024-09-29 17:11:40
7109,7109,502.9,PayPal,Completed,2025-03-23 15:45:44
7110,7110,364.46,Cash,Completed,2024-02-18 07:02:35
7111,7111,339.72,Credit Card,Completed,2023-11-28 10:15:16
7112,7112,501.42,Paytm,Completed,2024-05-05 06:04:25
7113,7113,770.57,UPI,Completed,2024-05-26 17:02:59
7114,7114,569.4,Cash,Completed,2024-05-09 06:51:12
7115,7115,450.8,Credit Card,Completed,2024-10-13 13:58:26
7116,7116,697.45,PayPal,Completed,2024-10-31 08:52:52
7117,7117,293.56,Paytm,Completed,2025-08-02 09:50:17
7118,7118,68.04,UPI,Failed,2023-12-03 16:27:01
7119,7119,132.26,PayPal,Completed,2024-09-30 19:41:21
7120,7120,514.05,Paytm,Completed,2024-03-11 20:08:28
7121,7121,721.35,Cash,Completed,2025-04-01 02:03:58
7122,7122,229.48,Cash,Completed,2024-08-30 03:24:09
7123,7123,733.88,UPI,Completed,2025-06-04 09:48:29
7124,7124,163.12,Cash,Completed,2024-09-11 22:30:50
7125,7125,360.67,PayPal,Completed,2025-02-02 23:25:23
7126,7126,225.21,Paytm,Completed,2023-11-03 11:30:42
7127,7127,403.2,Credit Card,Completed,2025-05-22 10:51:59
7128,7128,610.44,PayPal,Pending,2024-05-05 19:21:21
7129,7129,458.92,UPI,Completed,2024-11-18 08:13:31
7130,7130,66.98,Cash,Completed,2023-09-22 04:13:30
7131,7131,659.95,Credit Card,Completed,2025-05-11 04:05:05
7132,7132,742.44,Paytm,Completed,2024-07-09 01:41:56
7133,7133,720.91,UPI,Completed,2025-02-14 05:50:33
7134,7134,563.72,Credit Card,Completed,2023-09-23 10:47:56
7135,7135,161.28,Paytm,Completed,2024-10-28 03:00:27
7136,7136,357.77,UPI,Completed,2023-11-14 12:45:52
7137,7137,570.5,PayPal,Completed,2024-10-31 23:18:59
7138,7138,66.54,Cash,Pending,2025-02-16 13:41:42
7139,7139,124.44,Cash,Completed,2023-12-04 00:45:15
7140,7140,341.63,Paytm,Completed,2025-03-13 19:28:19
7141,7141,211.44,Paytm,Completed,2023-12-17 18:13:43
7142,7142,256.0,Cash,Completed,2023-10-02 03:00:22
7143,7143,233.04,UPI,Completed,2024-02-22 14:46:33
7144,7144,799.34,Paytm,Completed,2023-12-11 13:46:08
7145,7145,664.17,Credit Card,Completed,2024-06-09 03:44:43
7146,7146,316.69,Paytm,Completed,2024-03-31 04:49:19
7147,7147,486.95,Cash,Completed,2024-09-11 09:49:24
7148,7148,96.41,Paytm,Completed,2024-03-07 00:02:07
7149,7149,499.55,Cash,Completed,2025-01-24 01:47:11
7150,7150,767.95,UPI,Completed,2024-07-28 21:02:04
7151,7151,490.74,Cash,Pending,2025-01-20 15:45:39
7152,7152,385.71,UPI,Completed,2025-03-20 16:23:24
7153,7153,291.67,PayPal,Completed,2024-06-25 14:58:32
7154,7154,260.94,PayPal,Completed,2024-02-24 14:39:25
7155,7155,612.68,Credit Card,Pending,2023-09-26 09:30:56
7156,7156,580.96,Paytm,Completed,2024-08-01 06:00:20
7157,7157,528.23,UPI,Completed,2025-06-03 15:55:45
7158,7158,697.43,Paytm,Completed,2024-02-04 11:53:41
7159,7159,83.57,UPI,Completed,2023-10-06 15:50:51
7160,7160,205.85,UPI,Completed,2024-03-03 06:25:24
7161,7161,773.49,Cash,Completed,2023-10-20 10:39:15
7162,7162,458.27,PayPal,Completed,2025-05-12 07:48:07
7163,7163,179.6,Credit Card,Completed,2023-09-21 01:34:38
7164,7164,632.98,PayPal,Completed,2024-09-02 15:38:35
7165,7165,303.26,UPI,Pending,2024-12-03 03:10:45
7166,7166,66.24,UPI,Completed,2024-09-17 14:49:15
7167,7167,78.09,Credit Card,Completed,2024-12-20 16:12:10
7168,7168,459.08,Paytm,Completed,2024-08-16 04:58:29
7169,7169,672.46,Cash,Completed,2024-09-27 05:05:56
7170,7170,367.9,UPI,Completed,2024-01-25 10:36:56
7171,7171,284.56,Credit Card,Completed,2025-07-30 12:44:01
7172,7172,537.35,PayPal,Completed,2024-03-30 18:33:45
7173,7173,585.9,Credit Card,Completed,2024-06-14 19:45:22
7174,7174,760.16,PayPal,Completed,2025-07-10 15:13:53
7175,7175,770.32,PayPal,Completed,2023-10-20 17:11:58
7176,7176,235.84,Paytm,Completed,2024-10-08 13:22:49
7177,7177,280.31,PayPal,Completed,2024-09-03 16:46:40
7178,7178,780.76,PayPal,Pending,2024-04-02 21:38:24
7179,7179,562.5,PayPal,Completed,2024-05-03 21:46:37
7180,7180,392.7,UPI,Completed,2023-12-25 18:21:30
7181,7181,451.42,Cash,Completed,2024-02-16 20:14:06
7182,7182,360.54,Credit Card,Completed,2024-02-10 09:14:45
7183,7183,324.88,Credit Card,Completed,2024-03-17 02:08:43
7184,7184,191.95,PayPal,Completed,2025-01-17 04:05:01
7185,7185,635.22,Cash,Completed,2025-01-12 01:54:24
7186,7186,183.02,Credit Card,Completed,2024-04-06 12:55:49
7187,7187,105.42,UPI,Completed,2025-04-14 01:18:54
7188,7188,205.91,Credit Card,Completed,2023-11-25 09:30:49
7189,7189,599.07,Paytm,Completed,2024-03-23 13:16:25
7190,7190,714.6,PayPal,Completed,2024-01-29 21:19:02
7191,7191,543.17,Paytm,Completed,2025-05-11 14:56:06
7192,7192,516.18,Cash,Completed,2024-06-11 23:40:01
7193,7193,769.05,Paytm,Completed,2024-09-04 22:06:02
7194,7194,239.57,UPI,Completed,2023-08-09 10:00:12
7195,7195,758.39,UPI,Completed,2023-10-06 22:16:17
7196,7196,577.82,Paytm,Completed,2024-08-18 21:28:19
7197,7197,507.67,UPI,Completed,2025-07-06 07:36:23
7198,7198,616.19,UPI,Completed,2023-09-17 08:49:04
7199,7199,278.88,Cash,Completed,2024-10-07 02:18:16
7200,7200,501.87,PayPal,Completed,2024-01-12 15:08:06
7201,7201,205.31,Cash,Completed,2024-09-27 19:36:35
7202,7202,238.82,Credit Card,Completed,2024-07-29 17:32:07
7203,7203,433.26,UPI,Completed,2025-06-23 10:18:24
7204,7204,145.65,PayPal,Pending,2025-07-18 21:54:26
7205,7205,700.08,Paytm,Completed,2024-10-28 16:58:15
7206,7206,701.51,PayPal,Completed,2024-08-04 11:45:51
7207,7207,95.3,Credit Card,Completed,2025-03-12 13:04:55
7208,7208,752.21,UPI,Pending,2023-08-12 08:40:58
7209,7209,517.82,Paytm,Completed,2023-09-04 07:47:55
7210,7210,319.81,Cash,Completed,2025-04-15 23:01:40
7211,7211,116.85,Cash,Failed,2024-03-04 12:43:47
7212,7212,567.0,UPI,Completed,2025-01-21 08:16:49
7213,7213,381.57,UPI,Completed,2023-08-12 12:57:12
7214,7214,559.6,Paytm,Completed,2024-09-30 16:27:40
7215,7215,296.9,UPI,Completed,2024-04-20 08:02:12
7216,7216,664.22,UPI,Completed,2024-01-04 04:10:22
7217,7217,174.01,PayPal,Completed,2023-12-23 12:45:24
7218,7218,552.67,Credit Card,Completed,2023-11-02 09:27:55
7219,7219,90.92,Paytm,Failed,2025-03-02 05:46:03
7220,7220,297.95,UPI,Completed,2024-08-09 09:54:36
7221,7221,203.15,Credit Card,Completed,2024-05-07 15:11:57
7222,7222,56.65,Credit Card,Completed,2024-07-29 21:31:26
7223,7223,359.2,Paytm,Completed,2024-05-09 07:31:53
7224,7224,102.83,UPI,Completed,2023-09-28 17:28:25
7225,7225,307.72,UPI,Failed,2024-03-15 08:32:00
7226,7226,611.58,Cash,Completed,2025-05-04 03:39:25
7227,7227,750.12,Credit Card,Completed,2025-01-18 20:30:54
7228,7228,744.8,Cash,Completed,2024-06-14 13:02:33
7229,7229,455.68,PayPal,Completed,2024-11-25 11:31:08
7230,7230,614.41,PayPal,Completed,2024-05-18 15:55:54
7231,7231,360.77,PayPal,Completed,2024-03-07 14:08:40
7232,7232,579.13,Paytm,Completed,2024-05-27 12:35:41
7233,7233,145.02,Credit Card,Completed,2023-08-16 04:39:28
7234,7234,125.43,Cash,Completed,2024-08-24 21:17:52
7235,7235,726.53,PayPal,Completed,2024-06-14 01:12:21
7236,7236,696.57,Paytm,Completed,2024-12-24 01:21:58
7237,7237,309.85,UPI,Pending,2025-03-06 17:38:27
7238,7238,101.63,UPI,Completed,2024-09-21 23:40:46
7239,7239,465.95,Cash,Completed,2023-11-25 02:38:48
7240,7240,445.03,Credit Card,Failed,2024-01-05 00:26:00
7241,7241,286.17,Credit Card,Completed,2023-10-26 06:39:42
7242,7242,585.16,Cash,Completed,2024-12-12 19:36:53
7243,7243,104.45,Cash,Completed,2025-06-23 05:20:33
7244,7244,517.36,Credit Card,Completed,2024-03-18 21:19:04
7245,7245,469.81,PayPal,Completed,2025-03-28 16:09:07
7246,7246,428.42,Paytm,Completed,2024-05-16 08:32:39
7247,7247,136.13,PayPal,Completed,2024-07-16 22:40:32
7248,7248,88.15,Cash,Completed,2024-07-08 17:53:01
7249,7249,199.94,PayPal,Pending,2023-11-05 06:50:46
7250,7250,795.05,Paytm,Completed,2023-10-31 20:35:11
7251,7251,561.63,Paytm,Completed,2023-09-16 01:26:43
7252,7252,337.06,Credit Card,Completed,2023-12-01 07:25:53
7253,7253,466.56,Paytm,Pending,2023-12-28 07:55:30
7254,7254,555.28,Credit Card,Completed,2024-05-07 06:30:54
7255,7255,159.78,UPI,Completed,2023-10-10 10:03:20
7256,7256,264.75,Cash,Completed,2024-03-21 16:00:45
7257,7257,761.59,PayPal,Completed,2024-03-23 02:51:08
7258,7258,456.17,Cash,Completed,2024-06-14 17:06:11
7259,7259,756.59,Paytm,Pending,2024-03-09 10:19:07
7260,7260,657.01,PayPal,Completed,2024-09-29 03:27:28
7261,7261,280.64,UPI,Pending,2024-03-23 06:33:37
7262,7262,714.42,PayPal,Completed,2025-06-03 00:10:15
7263,7263,550.62,PayPal,Completed,2025-07-20 03:25:55
7264,7264,497.85,UPI,Completed,2023-10-12 02:23:45
7265,7265,629.92,PayPal,Completed,2024-01-27 11:40:44
7266,7266,789.74,Paytm,Completed,2025-05-23 13:03:11
7267,7267,143.83,Paytm,Pending,2025-03-06 10:05:54
7268,7268,313.62,Paytm,Completed,2023-12-13 18:22:14
7269,7269,362.66,PayPal,Completed,2024-07-01 00:35:11
7270,7270,773.53,UPI,Completed,2024-11-16 10:40:31
7271,7271,613.35,Credit Card,Pending,2024-07-22 02:36:39
7272,7272,768.16,Cash,Completed,2024-12-17 08:00:26
7273,7273,524.0,Credit Card,Pending,2023-09-23 04:52:46
7274,7274,192.17,Cash,Completed,2024-08-15 07:53:59
7275,7275,708.36,UPI,Completed,2025-05-11 22:48:32
7276,7276,179.53,UPI,Completed,2024-12-28 17:19:47
7277,7277,216.41,Paytm,Completed,2025-01-05 09:15:13
7278,7278,289.83,Credit Card,Completed,2024-12-01 04:48:47
7279,7279,206.08,Paytm,Completed,2025-06-05 04:57:07
7280,7280,510.19,Cash,Completed,2025-05-03 08:03:59
7281,7281,659.11,UPI,Pending,2024-02-04 00:22:56
7282,7282,228.46,PayPal,Completed,2023-12-17 12:39:49
7283,7283,571.05,Credit Card,Completed,2025-07-18 09:17:15
7284,7284,507.34,Paytm,Completed,2024-09-26 21:08:58
7285,7285,669.74,Cash,Completed,2025-03-24 02:08:49
7286,7286,644.88,Credit Card,Completed,2024-05-17 21:03:11
7287,7287,479.04,PayPal,Completed,2024-09-07 13:18:44
7288,7288,721.07,Credit Card,Completed,2024-06-15 18:01:29
7289,7289,451.23,Credit Card,Completed,2024-03-04 22:09:02
7290,7290,515.14,UPI,Completed,2023-12-23 07:18:46
7291,7291,488.63,Cash,Pending,2024-08-18 01:20:39
7292,7292,767.52,UPI,Completed,2025-06-05 18:03:16
7293,7293,215.63,UPI,Completed,2023-09-26 14:38:48
7294,7294,51.78,UPI,Completed,2024-12-21 09:54:57
7295,7295,767.76,PayPal,Completed,2024-04-16 04:31:01
7296,7296,642.98,Paytm,Pending,2025-05-09 14:27:34
7297,7297,142.65,Paytm,Completed,2025-05-25 15:01:14
7298,7298,625.58,Paytm,Completed,2024-07-18 00:21:00
7299,7299,660.95,Paytm,Completed,2025-05-22 17:30:58
7300,7300,353.69,UPI,Completed,2023-09-02 17:59:45
7301,7301,795.36,UPI,Completed,2023-10-30 11:37:40
7302,7302,491.88,Paytm,Completed,2024-05-26 08:07:42
7303,7303,453.28,Paytm,Completed,2024-12-24 05:39:56
7304,7304,405.0,Paytm,Pending,2024-02-09 02:23:33
7305,7305,221.4,Paytm,Completed,2024-11-17 09:59:33
7306,7306,534.06,Credit Card,Completed,2025-06-23 17:55:42
7307,7307,66.99,PayPal,Completed,2024-03-20 22:26:05
7308,7308,299.79,Credit Card,Completed,2024-01-23 08:56:08
7309,7309,321.49,UPI,Completed,2025-05-04 11:40:43
7310,7310,581.95,UPI,Completed,2024-06-05 15:15:47
7311,7311,588.0,Credit Card,Completed,2024-06-15 20:30:17
7312,7312,788.9,Cash,Completed,2025-07-10 14:17:30
7313,7313,317.77,Credit Card,Completed,2024-04-08 02:44:21
7314,7314,684.2,Cash,Completed,2023-10-23 20:01:23
7315,7315,361.8,Credit Card,Completed,2023-10-06 11:39:43
7316,7316,314.37,Cash,Completed,2025-07-15 12:57:53
7317,7317,713.95,Cash,Pending,2023-11-12 01:58:34
7318,7318,725.54,PayPal,Completed,2025-01-02 20:55:32
7319,7319,434.31,UPI,Completed,2023-11-11 00:16:36
7320,7320,490.2,UPI,Completed,2024-08-05 21:52:23
7321,7321,732.51,PayPal,Completed,2024-03-29 22:36:50
7322,7322,151.47,Cash,Completed,2024-07-18 21:36:48
7323,7323,775.36,Cash,Completed,2024-01-12 06:41:45
7324,7324,164.69,Cash,Completed,2023-09-28 02:42:43
7325,7325,600.61,Credit Card,Completed,2024-11-16 12:53:37
7326,7326,777.49,Paytm,Completed,2024-09-18 13:44:07
7327,7327,547.93,Cash,Completed,2024-08-14 13:34:59
7328,7328,692.38,UPI,Completed,2024-03-16 03:07:45
7329,7329,627.76,Cash,Completed,2023-08-23 20:18:09
7330,7330,170.44,PayPal,Completed,2024-06-11 02:36:40
7331,7331,397.03,Cash,Completed,2023-11-21 01:47:13
7332,7332,347.66,PayPal,Completed,2023-10-24 21:47:24
7333,7333,592.02,PayPal,Completed,2024-05-02 20:24:39
7334,7334,100.48,PayPal,Completed,2023-11-16 22:42:58
7335,7335,397.77,PayPal,Completed,2025-01-16 12:27:31
7336,7336,411.75,UPI,Completed,2024-08-26 07:58:07
7337,7337,591.12,Credit Card,Completed,2025-06-20 16:23:32
7338,7338,348.65,PayPal,Pending,2024-02-11 11:10:30
7339,7339,564.37,UPI,Completed,2025-03-10 13:26:48
7340,7340,149.21,Credit Card,Completed,2025-02-12 12:27:43
7341,7341,733.07,Cash,Completed,2025-06-24 01:21:06
7342,7342,378.79,Credit Card,Completed,2024-09-29 00:34:31
7343,7343,675.84,Cash,Completed,2023-10-11 14:44:38
7344,7344,673.82,PayPal,Completed,2024-09-29 04:36:44
7345,7345,247.96,Paytm,Completed,2025-06-01 16:18:04
7346,7346,201.97,Credit Card,Completed,2024-05-12 19:01:45
7347,7347,223.82,Paytm,Completed,2024-04-22 21:17:18
7348,7348,203.02,Paytm,Pending,2024-06-13 16:45:01
7349,7349,208.26,UPI,Completed,2024-10-16 08:30:56
7350,7350,248.58,Paytm,Completed,2024-04-21 03:40:51
7351,7351,553.99,Paytm,Completed,2025-03-17 08:20:18
7352,7352,109.83,PayPal,Completed,2024-04-02 02:08:44
7353,7353,334.47,PayPal,Completed,2024-05-19 19:52:04
7354,7354,637.21,Credit Card,Completed,2024-07-19 14:55:23
7355,7355,492.77,Cash,Completed,2025-02-16 20:29:30
7356,7356,454.08,Paytm,Completed,2023-10-21 07:12:51
7357,7357,769.31,Cash,Pending,2025-03-25 10:23:14
7358,7358,661.11,Paytm,Completed,2024-08-26 10:50:15
7359,7359,708.12,Credit Card,Completed,2024-05-11 10:42:59
7360,7360,442.97,Cash,Completed,2023-12-15 11:38:20
7361,7361,192.91,Cash,Completed,2024-06-10 07:00:10
7362,7362,522.41,Credit Card,Completed,2023-10-16 23:50:17
7363,7363,612.98,Cash,Pending,2025-05-31 03:17:11
7364,7364,606.24,UPI,Completed,2024-03-03 20:49:23
7365,7365,438.49,Credit Card,Completed,2025-06-07 05:11:01
7366,7366,750.09,PayPal,Completed,2023-12-05 15:52:36
7367,7367,349.94,PayPal,Completed,2023-12-25 01:36:55
7368,7368,292.49,Cash,Completed,2023-09-05 20:38:06
7369,7369,428.26,Credit Card,Failed,2024-07-12 04:09:12
7370,7370,178.08,Cash,Completed,2024-11-12 21:14:32
7371,7371,663.13,Cash,Completed,2024-08-29 12:44:39
7372,7372,574.46,PayPal,Completed,2025-05-28 00:21:11
7373,7373,71.83,Paytm,Failed,2023-12-17 18:53:51
7374,7374,364.61,Paytm,Failed,2025-06-17 02:39:26
7375,7375,216.34,Paytm,Completed,2025-07-31 11:06:33
7376,7376,604.24,PayPal,Completed,2024-08-20 13:49:29
7377,7377,641.83,Credit Card,Completed,2025-05-05 19:22:05
7378,7378,654.77,UPI,Completed,2024-01-25 01:00:26
7379,7379,719.96,Credit Card,Completed,2023-08-31 09:24:48
7380,7380,630.96,PayPal,Completed,2024-07-28 22:46:03
7381,7381,588.59,Paytm,Completed,2025-06-08 08:01:23
7382,7382,72.22,Credit Card,Completed,2023-12-01 13:25:13
7383,7383,705.93,Paytm,Completed,2023-11-27 14:11:21
7384,7384,80.71,UPI,Completed,2025-02-11 17:39:32
7385,7385,338.69,Cash,Completed,2023-09-03 10:48:15
7386,7386,344.93,PayPal,Completed,2024-07-25 01:46:45
7387,7387,594.77,Paytm,Completed,2023-08-20 13:38:03
7388,7388,643.48,Cash,Completed,2024-05-08 19:18:30
7389,7389,245.13,Credit Card,Completed,2024-01-07 23:48:20
7390,7390,630.79,Paytm,Completed,2024-02-17 17:26:01
7391,7391,380.66,UPI,Completed,2025-04-12 21:00:59
7392,7392,416.1,UPI,Pending,2023-12-18 17:14:13
7393,7393,61.48,Paytm,Completed,2023-08-10 01:05:15
7394,7394,637.55,Cash,Pending,2025-04-06 07:12:43
7395,7395,700.28,Credit Card,Completed,2025-01-25 21:44:24
7396,7396,514.95,PayPal,Completed,2023-12-03 14:40:29
7397,7397,238.83,Credit Card,Completed,2024-07-03 14:04:38
7398,7398,62.72,PayPal,Completed,2025-04-15 08:50:42
7399,7399,151.59,Cash,Completed,2024-01-29 15:06:32
7400,7400,136.2,Credit Card,Completed,2024-03-11 19:22:46
7401,7401,687.47,PayPal,Completed,2024-12-08 10:52:51
7402,7402,271.02,Credit Card,Completed,2024-11-26 04:51:33
7403,7403,246.92,Cash,Completed,2025-05-31 11:01:00
7404,7404,500.61,PayPal,Completed,2024-05-25 17:46:00
7405,7405,348.48,Cash,Completed,2025-05-01 01:07:43
7406,7406,226.01,PayPal,Completed,2023-09-07 04:15:13
7407,7407,748.02,Credit Card,Completed,2024-08-19 13:33:48
7408,7408,311.42,PayPal,Completed,2023-08-23 02:12:27
7409,7409,118.24,Cash,Completed,2025-05-12 11:09:23
7410,7410,182.95,UPI,Completed,2025-01-18 23:56:43
7411,7411,295.28,Paytm,Completed,2024-09-11 08:46:10
7412,7412,481.18,UPI,Completed,2025-04-13 17:17:20
7413,7413,555.5,UPI,Completed,2024-12-19 17:38:33
7414,7414,401.53,Paytm,Completed,2024-04-17 04:41:52
7415,7415,516.32,Cash,Completed,2023-10-21 10:38:54
7416,7416,66.47,Paytm,Completed,2024-11-04 17:58:11
7417,7417,704.53,Credit Card,Completed,2024-03-23 18:16:16
7418,7418,787.79,PayPal,Completed,2024-12-13 19:12:26
7419,7419,774.6,Cash,Completed,2023-10-07 00:03:08
7420,7420,645.27,Credit Card,Completed,2023-12-13 08:26:30
7421,7421,466.13,PayPal,Pending,2023-10-12 01:50:04
7422,7422,195.91,Cash,Completed,2025-03-19 11:37:55
7423,7423,173.41,Paytm,Completed,2023-09-04 11:09:58
7424,7424,304.82,UPI,Completed,2025-03-30 05:02:18
7425,7425,408.79,UPI,Completed,2025-05-15 15:58:45
7426,7426,359.72,Paytm,Completed,2025-04-21 00:18:24
7427,7427,718.21,Credit Card,Completed,2024-01-27 02:49:37
7428,7428,90.85,Credit Card,Completed,2023-11-08 13:33:17
7429,7429,85.63,UPI,Completed,2024-04-05 22:51:27
7430,7430,417.61,PayPal,Completed,2024-04-11 10:57:09
7431,7431,601.5,Credit Card,Completed,2024-01-14 11:08:48
7432,7432,750.49,PayPal,Completed,2024-10-08 06:07:19
7433,7433,386.48,UPI,Completed,2023-12-30 22:45:09
7434,7434,524.53,Cash,Completed,2023-10-30 07:47:33
7435,7435,118.85,UPI,Completed,2024-05-24 17:19:24
7436,7436,541.44,Paytm,Completed,2023-11-05 04:32:32
7437,7437,402.96,Paytm,Completed,2024-05-06 15:59:12
7438,7438,227.47,Credit Card,Completed,2024-02-08 18:41:19
7439,7439,245.44,Credit Card,Completed,2025-03-24 02:34:21
7440,7440,373.8,Cash,Completed,2024-10-19 20:26:31
7441,7441,382.31,Paytm,Pending,2025-05-12 06:21:16
7442,7442,587.27,Credit Card,Completed,2023-09-06 04:10:41
7443,7443,654.91,Cash,Completed,2024-09-11 13:03:17
7444,7444,532.23,Cash,Completed,2024-01-09 12:33:41
7445,7445,544.99,UPI,Completed,2023-09-11 05:06:51
7446,7446,565.5,Paytm,Completed,2025-07-17 17:22:22
7447,7447,331.73,Paytm,Completed,2023-12-09 19:04:37
7448,7448,522.54,UPI,Completed,2025-04-24 14:55:11
7449,7449,141.11,Paytm,Completed,2023-12-08 13:43:07
7450,7450,193.52,PayPal,Completed,2024-01-13 15:18:51
7451,7451,273.49,Cash,Pending,2024-07-12 14:24:49
7452,7452,521.0,PayPal,Completed,2025-03-30 01:42:31
7453,7453,511.79,UPI,Completed,2025-01-20 16:49:26
7454,7454,754.12,Paytm,Pending,2024-08-11 14:04:57
7455,7455,286.43,UPI,Completed,2024-11-16 16:45:34
7456,7456,70.23,Cash,Completed,2024-06-18 18:31:44
7457,7457,139.82,Paytm,Failed,2024-03-29 09:44:56
7458,7458,226.01,Cash,Completed,2024-02-28 06:27:59
7459,7459,716.86,Cash,Completed,2025-04-07 23:36:37
7460,7460,172.68,UPI,Completed,2025-07-08 12:52:31
7461,7461,676.47,Paytm,Completed,2024-01-09 22:20:14
7462,7462,798.03,PayPal,Pending,2024-12-01 07:00:45
7463,7463,247.6,Cash,Completed,2025-01-15 03:16:26
7464,7464,51.84,UPI,Completed,2024-12-07 06:15:08
7465,7465,476.92,Credit Card,Completed,2025-04-11 13:08:01
7466,7466,775.47,UPI,Completed,2023-10-16 09:43:20
7467,7467,196.17,Credit Card,Completed,2023-12-18 23:21:41
7468,7468,739.67,Paytm,Completed,2023-08-10 05:23:19
7469,7469,581.13,Paytm,Completed,2025-02-16 21:14:58
7470,7470,112.71,Cash,Failed,2024-11-03 07:33:29
7471,7471,646.53,Paytm,Completed,2025-02-14 09:05:35
7472,7472,359.55,Credit Card,Completed,2024-12-18 20:03:52
7473,7473,741.67,Credit Card,Completed,2025-05-28 03:26:54
7474,7474,62.86,Paytm,Completed,2023-11-11 19:43:40
7475,7475,139.05,UPI,Completed,2024-01-28 20:21:37
7476,7476,89.59,Cash,Completed,2025-01-08 18:06:31
7477,7477,704.64,Cash,Completed,2024-07-19 21:15:00
7478,7478,572.99,PayPal,Completed,2025-04-05 04:58:23
7479,7479,451.71,Credit Card,Completed,2025-06-17 10:08:33
7480,7480,633.31,UPI,Completed,2023-10-31 18:30:04
7481,7481,447.3,Cash,Completed,2024-08-17 01:34:49
7482,7482,411.75,Paytm,Completed,2025-05-14 00:01:34
7483,7483,733.97,PayPal,Completed,2023-09-11 03:16:51
7484,7484,505.47,Credit Card,Completed,2024-01-22 14:57:48
7485,7485,599.81,Credit Card,Pending,2024-05-14 17:21:12
7486,7486,783.17,Paytm,Completed,2024-03-11 17:17:42
7487,7487,349.81,PayPal,Completed,2024-09-08 11:51:54
7488,7488,607.35,PayPal,Completed,2023-08-10 19:27:44
7489,7489,453.48,Paytm,Completed,2024-08-14 09:37:31
7490,7490,659.18,Cash,Completed,2023-09-29 21:51:54
7491,7491,725.81,Cash,Completed,2024-10-29 12:16:16
7492,7492,785.98,UPI,Pending,2024-12-02 17:47:36
7493,7493,327.14,UPI,Pending,2024-11-08 05:32:51
7494,7494,292.62,Cash,Completed,2024-02-03 16:57:29
7495,7495,467.42,Credit Card,Completed,2023-11-08 02:22:23
7496,7496,471.36,Cash,Completed,2024-11-29 13:27:03
7497,7497,744.44,Paytm,Completed,2024-06-09 03:19:38
7498,7498,734.34,UPI,Completed,2025-04-15 21:24:32
7499,7499,358.39,Credit Card,Pending,2024-02-21 00:55:11
7500,7500,470.41,PayPal,Completed,2023-09-20 16:52:23
7501,7501,330.57,UPI,Completed,2024-08-11 15:53:28
7502,7502,719.7,Credit Card,Completed,2024-05-29 04:55:22
7503,7503,195.48,PayPal,Completed,2023-08-28 01:55:26
7504,7504,399.05,PayPal,Completed,2023-10-02 21:42:57
7505,7505,360.23,Credit Card,Completed,2024-04-09 13:06:57
7506,7506,660.47,Credit Card,Completed,2025-01-13 12:59:27
7507,7507,191.66,UPI,Completed,2023-09-05 15:50:15
7508,7508,326.26,Credit Card,Completed,2023-08-23 05:25:50
7509,7509,236.94,Paytm,Completed,2024-03-30 08:58:51
7510,7510,563.85,PayPal,Completed,2025-03-16 08:25:01
7511,7511,309.88,Cash,Completed,2025-02-21 06:54:23
7512,7512,631.18,Credit Card,Completed,2024-12-26 01:27:46
7513,7513,427.47,PayPal,Completed,2025-07-31 08:35:08
7514,7514,180.49,PayPal,Pending,2024-01-22 20:10:49
7515,7515,659.18,Cash,Completed,2024-09-15 13:53:34
7516,7516,328.36,Credit Card,Completed,2024-05-13 16:54:52
7517,7517,507.14,PayPal,Completed,2025-02-06 13:25:52
7518,7518,629.54,UPI,Completed,2023-12-24 10:36:27
7519,7519,638.29,UPI,Completed,2024-09-12 00:15:40
7520,7520,521.23,Cash,Completed,2024-06-26 11:26:10
7521,7521,632.08,Cash,Completed,2024-11-02 13:59:43
7522,7522,796.26,Credit Card,Completed,2023-10-12 09:58:26
7523,7523,252.78,PayPal,Completed,2024-02-27 18:23:44
7524,7524,634.26,Credit Card,Completed,2023-10-31 00:06:48
7525,7525,398.57,UPI,Completed,2024-01-14 06:13:37
7526,7526,104.16,Cash,Completed,2025-07-06 11:13:59
7527,7527,280.53,Credit Card,Completed,2023-11-18 09:20:44
7528,7528,699.41,Paytm,Completed,2025-01-21 13:15:36
7529,7529,775.07,Paytm,Completed,2025-01-14 18:47:55
7530,7530,187.19,UPI,Completed,2025-06-07 12:34:24
7531,7531,322.64,UPI,Completed,2024-08-15 19:00:11
7532,7532,559.33,Paytm,Completed,2023-08-25 06:35:39
7533,7533,657.38,Cash,Completed,2024-03-28 18:11:41
7534,7534,650.44,Cash,Completed,2024-02-12 02:36:06
7535,7535,310.99,Paytm,Completed,2025-03-18 15:05:03
7536,7536,110.8,Paytm,Completed,2025-03-26 12:19:01
7537,7537,64.69,Paytm,Completed,2024-11-12 11:36:28
7538,7538,314.58,Cash,Completed,2023-10-25 03:38:48
7539,7539,137.24,PayPal,Completed,2024-07-11 00:17:13
7540,7540,755.16,Paytm,Completed,2024-11-01 12:38:46
7541,7541,343.73,Paytm,Completed,2024-10-08 22:10:39
7542,7542,538.16,Credit Card,Completed,2025-06-25 16:10:49
7543,7543,661.16,Paytm,Completed,2023-12-29 06:33:32
7544,7544,489.06,Cash,Completed,2023-09-04 18:06:30
7545,7545,373.75,UPI,Completed,2025-06-30 16:14:16
7546,7546,741.46,UPI,Completed,2023-12-29 20:13:57
7547,7547,360.96,PayPal,Completed,2023-11-14 08:48:23
7548,7548,232.2,Cash,Completed,2024-01-13 09:46:04
7549,7549,101.13,UPI,Completed,2025-03-14 12:03:49
7550,7550,635.54,UPI,Completed,2025-04-29 16:11:51
7551,7551,695.59,Credit Card,Completed,2023-10-24 22:33:09
7552,7552,357.42,Paytm,Completed,2023-11-08 17:41:22
7553,7553,569.49,Paytm,Completed,2023-09-11 21:26:25
7554,7554,188.1,Cash,Completed,2024-12-02 18:47:56
7555,7555,568.4,UPI,Completed,2024-01-12 05:04:39
7556,7556,777.51,Paytm,Completed,2024-09-04 07:00:33
7557,7557,454.13,UPI,Completed,2025-05-16 21:39:30
7558,7558,98.77,PayPal,Pending,2024-08-05 17:01:40
7559,7559,559.42,Credit Card,Completed,2024-09-22 22:28:50
7560,7560,520.69,PayPal,Completed,2024-10-11 00:39:08
7561,7561,700.9,Credit Card,Completed,2025-07-14 07:20:06
7562,7562,213.29,Cash,Completed,2023-10-13 21:52:06
7563,7563,739.1,Credit Card,Completed,2025-07-19 18:20:30
7564,7564,658.76,UPI,Completed,2025-04-05 10:56:44
7565,7565,411.6,UPI,Completed,2023-12-24 02:09:59
7566,7566,223.3,Credit Card,Completed,2025-02-03 14:10:21
7567,7567,226.16,Credit Card,Completed,2024-10-22 23:53:15
7568,7568,104.96,Paytm,Completed,2025-07-31 11:31:32
7569,7569,50.3,Cash,Pending,2024-05-13 11:13:49
7570,7570,645.26,Cash,Completed,2024-06-03 04:01:26
7571,7571,481.88,PayPal,Completed,2025-07-23 04:53:11
7572,7572,114.93,Paytm,Completed,2024-04-05 22:04:40
7573,7573,181.59,Cash,Completed,2025-01-20 21:30:19
7574,7574,126.24,PayPal,Completed,2024-06-03 23:50:29
7575,7575,667.45,Paytm,Completed,2024-01-10 04:30:30
7576,7576,603.78,PayPal,Completed,2024-05-15 04:37:30
7577,7577,485.04,Paytm,Completed,2024-10-30 21:29:01
7578,7578,117.48,Cash,Completed,2024-08-18 08:42:56
7579,7579,726.73,Cash,Pending,2023-12-01 12:18:00
7580,7580,329.55,Cash,Completed,2024-10-28 23:34:02
7581,7581,237.26,UPI,Completed,2024-01-17 19:00:19
7582,7582,518.75,Cash,Completed,2025-01-18 03:44:41
7583,7583,678.37,Credit Card,Completed,2023-09-29 20:02:53
7584,7584,425.28,PayPal,Completed,2025-05-08 16:39:25
7585,7585,428.6,Credit Card,Completed,2023-12-25 21:17:59
7586,7586,601.58,Credit Card,Completed,2025-07-16 10:09:27
7587,7587,200.64,PayPal,Completed,2024-12-28 08:18:39
7588,7588,155.66,UPI,Completed,2023-12-31 07:18:13
7589,7589,50.35,Credit Card,Completed,2025-07-04 08:00:08
7590,7590,776.63,Paytm,Completed,2024-06-28 23:27:16
7591,7591,445.93,Credit Card,Completed,2025-06-23 16:02:06
7592,7592,266.04,Paytm,Failed,2024-09-02 12:15:23
7593,7593,551.11,Cash,Completed,2024-11-06 18:38:28
7594,7594,479.88,Paytm,Completed,2025-06-01 06:51:20
7595,7595,379.24,Cash,Completed,2023-12-25 15:05:18
7596,7596,493.35,Credit Card,Pending,2024-12-01 03:23:18
7597,7597,653.9,Credit Card,Completed,2024-08-14 17:53:19
7598,7598,247.93,Credit Card,Completed,2024-12-21 23:44:34
7599,7599,422.54,Credit Card,Completed,2024-04-21 13:31:46
7600,7600,166.1,Paytm,Completed,2024-07-05 04:14:31
7601,7601,744.31,Paytm,Completed,2024-11-01 05:51:54
7602,7602,314.05,UPI,Completed,2025-05-06 17:58:18
7603,7603,227.17,Cash,Completed,2025-03-10 03:52:42
7604,7604,730.04,Credit Card,Failed,2024-09-10 03:06:34
7605,7605,393.29,PayPal,Completed,2024-10-02 20:02:12
7606,7606,74.46,Credit Card,Completed,2024-06-10 03:20:46
7607,7607,97.02,Paytm,Completed,2024-03-13 11:13:30
7608,7608,90.28,PayPal,Completed,2024-08-17 22:40:19
7609,7609,519.72,PayPal,Completed,2025-03-09 17:24:04
7610,7610,179.88,UPI,Completed,2023-09-30 19:05:31
7611,7611,683.42,Paytm,Completed,2024-12-11 23:38:00
7612,7612,68.62,UPI,Completed,2024-03-11 16:36:14
7613,7613,340.94,UPI,Completed,2024-12-19 15:47:07
7614,7614,409.09,UPI,Completed,2024-11-11 06:39:53
7615,7615,757.77,Credit Card,Completed,2024-02-19 09:40:06
7616,7616,755.05,PayPal,Completed,2024-11-17 15:30:44
7617,7617,80.95,UPI,Completed,2024-07-10 10:16:07
7618,7618,117.97,Paytm,Completed,2024-03-10 04:54:28
7619,7619,315.46,UPI,Completed,2025-03-14 10:24:02
7620,7620,335.16,Credit Card,Completed,2024-06-04 00:00:27
7621,7621,369.83,PayPal,Completed,2025-06-15 09:37:47
7622,7622,623.84,Credit Card,Completed,2024-10-20 16:51:59
7623,7623,284.94,Paytm,Completed,2025-03-05 11:20:05
7624,7624,87.58,Paytm,Completed,2023-12-11 11:25:38
7625,7625,687.6,Paytm,Completed,2024-02-15 03:51:17
7626,7626,132.2,Paytm,Completed,2025-05-07 14:31:35
7627,7627,75.35,PayPal,Completed,2024-07-26 06:58:20
7628,7628,151.22,Credit Card,Completed,2025-03-27 23:15:08
7629,7629,332.58,Cash,Completed,2025-05-19 13:07:17
7630,7630,62.17,Cash,Completed,2024-06-09 02:54:39
7631,7631,121.42,UPI,Completed,2025-03-26 12:04:38
7632,7632,270.83,UPI,Completed,2025-08-04 08:21:27
7633,7633,159.33,Credit Card,Completed,2023-08-24 10:58:58
7634,7634,412.3,PayPal,Completed,2023-10-15 14:33:26
7635,7635,498.49,PayPal,Completed,2024-08-26 00:40:46
7636,7636,432.57,PayPal,Completed,2024-11-24 14:11:43
7637,7637,321.29,Paytm,Completed,2025-05-28 00:43:13
7638,7638,256.8,Credit Card,Completed,2024-03-30 02:41:17
7639,7639,524.55,PayPal,Completed,2024-02-10 20:26:53
7640,7640,68.67,Paytm,Completed,2024-02-25 22:18:17
7641,7641,425.44,Paytm,Completed,2025-04-30 09:12:33
7642,7642,323.76,Paytm,Completed,2024-01-27 11:18:28
7643,7643,716.72,Credit Card,Completed,2025-03-27 05:26:48
7644,7644,353.49,Credit Card,Completed,2024-01-16 06:45:08
7645,7645,360.45,PayPal,Completed,2024-08-23 15:14:15
7646,7646,191.59,Cash,Completed,2024-09-25 20:44:46
7647,7647,350.3,PayPal,Pending,2025-06-28 17:59:36
7648,7648,486.06,Paytm,Completed,2025-02-11 15:06:10
7649,7649,674.56,UPI,Pending,2023-08-17 06:30:14
7650,7650,371.72,Credit Card,Completed,2024-02-29 13:41:31
7651,7651,552.76,Paytm,Completed,2024-09-24 03:39:23
7652,7652,65.63,UPI,Completed,2024-10-30 22:01:41
7653,7653,332.16,Credit Card,Completed,2023-08-06 19:45:39
7654,7654,677.9,Credit Card,Completed,2024-07-18 00:43:11
7655,7655,775.04,Credit Card,Completed,2025-01-19 08:57:59
7656,7656,478.95,PayPal,Completed,2025-04-13 02:59:59
7657,7657,723.22,Cash,Completed,2023-11-25 03:08:06
7658,7658,156.45,Paytm,Completed,2024-11-09 20:50:06
7659,7659,128.01,Paytm,Completed,2025-03-24 02:08:27
7660,7660,578.63,Paytm,Completed,2025-04-30 17:40:51
7661,7661,741.39,Cash,Completed,2025-02-16 13:04:07
7662,7662,759.11,Paytm,Completed,2024-01-14 22:30:36
7663,7663,166.26,Cash,Completed,2023-10-28 07:21:42
7664,7664,123.26,PayPal,Completed,2025-02-22 16:38:41
7665,7665,155.73,Credit Card,Completed,2023-11-27 21:56:43
7666,7666,567.49,Paytm,Completed,2025-07-17 14:04:02
7667,7667,93.42,UPI,Completed,2023-12-02 09:05:44
7668,7668,244.85,UPI,Completed,2024-08-29 03:56:00
7669,7669,632.14,UPI,Completed,2025-03-21 14:20:54
7670,7670,447.67,Paytm,Failed,2024-05-29 15:40:59
7671,7671,742.15,Credit Card,Completed,2024-10-11 19:43:45
7672,7672,715.59,Cash,Completed,2024-01-17 20:09:31
7673,7673,186.04,Paytm,Completed,2024-04-05 23:58:26
7674,7674,166.66,Cash,Completed,2023-10-14 14:09:21
7675,7675,690.31,Credit Card,Completed,2025-04-14 01:54:33
7676,7676,217.99,Credit Card,Completed,2023-11-23 00:34:23
7677,7677,251.1,UPI,Completed,2025-04-28 16:40:39
7678,7678,598.38,Credit Card,Completed,2023-08-09 20:20:07
7679,7679,181.32,PayPal,Completed,2024-12-18 11:41:21
7680,7680,254.54,Credit Card,Completed,2024-02-18 20:56:55
7681,7681,771.84,Paytm,Completed,2025-06-14 08:20:32
7682,7682,149.7,Cash,Completed,2025-03-02 06:51:14
7683,7683,502.34,Cash,Completed,2025-04-09 13:20:13
7684,7684,680.22,UPI,Pending,2025-01-13 07:43:48
7685,7685,390.74,UPI,Completed,2023-12-07 03:34:47
7686,7686,56.6,UPI,Completed,2024-05-18 13:20:50
7687,7687,104.64,PayPal,Completed,2024-06-28 03:28:01
7688,7688,267.42,PayPal,Completed,2024-02-10 17:03:45
7689,7689,373.1,Cash,Completed,2024-03-27 02:39:13
7690,7690,360.5,UPI,Completed,2024-03-27 02:21:23
7691,7691,511.56,Cash,Completed,2024-01-01 08:20:58
7692,7692,676.15,UPI,Completed,2025-04-02 12:15:15
7693,7693,536.11,PayPal,Completed,2023-09-24 10:52:10
7694,7694,563.76,Paytm,Completed,2023-12-26 11:35:07
7695,7695,459.81,Paytm,Completed,2023-11-06 13:39:26
7696,7696,235.74,Cash,Completed,2025-02-02 05:12:36
7697,7697,664.53,Cash,Completed,2025-05-18 10:44:02
7698,7698,442.78,UPI,Completed,2024-06-29 06:47:30
7699,7699,441.47,Paytm,Completed,2025-07-17 08:50:55
7700,7700,184.61,Cash,Completed,2025-02-02 13:23:16
7701,7701,217.48,UPI,Completed,2024-11-01 23:35:37
7702,7702,93.9,UPI,Completed,2023-08-26 02:27:26
7703,7703,139.5,Paytm,Completed,2024-11-03 10:50:07
7704,7704,338.22,Paytm,Completed,2023-09-21 07:58:40
7705,7705,131.3,Paytm,Completed,2024-07-28 17:32:07
7706,7706,577.88,UPI,Completed,2024-11-01 12:46:52
7707,7707,349.41,Cash,Completed,2024-01-05 06:00:16
7708,7708,435.0,PayPal,Completed,2024-10-29 21:58:26
7709,7709,320.06,PayPal,Completed,2025-01-04 19:17:29
7710,7710,218.33,PayPal,Completed,2025-04-11 08:48:54
7711,7711,129.07,UPI,Completed,2024-06-03 17:29:34
7712,7712,214.43,Cash,Completed,2024-10-15 19:46:42
7713,7713,780.08,UPI,Completed,2025-07-30 09:33:33
7714,7714,726.48,PayPal,Completed,2025-06-16 19:51:14
7715,7715,308.11,Cash,Completed,2024-12-21 00:21:34
7716,7716,517.07,Credit Card,Completed,2023-08-28 13:08:02
7717,7717,654.1,Credit Card,Pending,2025-06-23 00:27:17
7718,7718,737.31,PayPal,Completed,2024-06-07 12:43:27
7719,7719,74.18,Cash,Completed,2025-01-24 18:06:48
7720,7720,402.27,Cash,Completed,2024-12-09 19:22:15
7721,7721,273.3,Cash,Pending,2024-10-01 15:37:10
7722,7722,318.68,UPI,Completed,2025-01-01 12:52:29
7723,7723,682.71,PayPal,Pending,2025-07-31 11:51:43
7724,7724,61.61,PayPal,Completed,2023-12-02 19:06:13
7725,7725,529.18,Paytm,Completed,2024-10-04 11:58:02
7726,7726,102.52,PayPal,Completed,2024-07-27 16:50:39
7727,7727,762.58,Cash,Completed,2025-05-13 12:03:59
7728,7728,585.87,UPI,Pending,2023-08-21 12:30:11
7729,7729,282.47,PayPal,Completed,2023-08-18 15:21:41
7730,7730,266.11,Cash,Completed,2025-06-11 14:35:31
7731,7731,681.92,Credit Card,Completed,2025-01-25 13:50:21
7732,7732,704.84,UPI,Completed,2024-08-13 05:53:41
7733,7733,99.38,Paytm,Completed,2024-06-06 06:25:59
7734,7734,152.41,PayPal,Completed,2023-12-18 02:57:27
7735,7735,462.21,Credit Card,Completed,2024-04-19 17:44:05
7736,7736,195.98,Cash,Completed,2024-10-26 20:21:20
7737,7737,659.79,Cash,Pending,2024-11-22 09:10:37
7738,7738,440.88,PayPal,Completed,2025-07-21 02:33:04
7739,7739,530.69,Paytm,Pending,2025-03-25 16:39:30
7740,7740,760.43,PayPal,Completed,2024-06-17 02:37:26
7741,7741,314.98,Credit Card,Completed,2023-12-22 20:28:12
7742,7742,538.31,PayPal,Completed,2025-07-05 16:49:15
7743,7743,409.7,Paytm,Completed,2023-10-28 14:12:13
7744,7744,223.12,PayPal,Completed,2024-03-09 22:32:51
7745,7745,220.46,Credit Card,Completed,2024-11-13 18:52:12
7746,7746,630.31,UPI,Completed,2023-12-23 18:40:25
7747,7747,363.02,Credit Card,Completed,2024-05-31 04:28:07
7748,7748,190.87,UPI,Completed,2025-07-22 12:53:06
7749,7749,544.56,Paytm,Completed,2023-10-06 13:35:26
7750,7750,695.76,Paytm,Completed,2025-06-04 00:31:59
7751,7751,419.8,Credit Card,Completed,2025-01-24 19:38:28
7752,7752,631.62,Credit Card,Completed,2024-03-12 21:10:43
7753,7753,630.55,UPI,Completed,2023-12-10 23:58:13
7754,7754,292.22,Credit Card,Completed,2024-05-08 21:43:00
7755,7755,669.57,Paytm,Completed,2023-09-24 14:17:05
7756,7756,661.66,PayPal,Completed,2024-11-16 02:21:33
7757,7757,457.65,Paytm,Completed,2024-03-16 23:48:17
7758,7758,724.34,Cash,Completed,2024-12-22 16:33:36
7759,7759,411.75,Paytm,Completed,2024-09-05 22:09:28
7760,7760,494.4,PayPal,Pending,2024-06-20 13:59:14
7761,7761,767.2,Paytm,Completed,2025-01-21 06:58:09
7762,7762,426.38,Paytm,Completed,2024-08-22 19:38:15
7763,7763,315.66,Paytm,Completed,2024-04-24 08:29:07
7764,7764,675.6,Credit Card,Completed,2025-06-19 08:49:10
7765,7765,409.8,UPI,Completed,2024-05-28 16:55:53
7766,7766,795.91,PayPal,Completed,2025-02-16 07:18:15
7767,7767,90.46,Paytm,Completed,2025-01-13 16:34:05
7768,7768,774.78,UPI,Completed,2024-09-27 20:25:23
7769,7769,658.95,UPI,Completed,2024-01-18 10:16:48
7770,7770,604.0,Paytm,Completed,2024-06-09 03:32:35
7771,7771,233.76,PayPal,Completed,2024-01-12 00:07:28
7772,7772,740.8,Credit Card,Completed,2025-06-02 18:34:35
7773,7773,615.55,Paytm,Completed,2025-06-24 04:23:37
7774,7774,163.02,Credit Card,Completed,2024-01-10 07:14:35
7775,7775,338.39,Cash,Completed,2024-02-15 10:39:46
7776,7776,522.91,Cash,Completed,2023-10-10 17:21:32
7777,7777,216.31,Paytm,Completed,2024-11-10 06:07:14
7778,7778,463.89,Paytm,Completed,2025-01-29 10:29:38
7779,7779,334.34,Cash,Completed,2025-01-18 07:43:09
7780,7780,64.55,PayPal,Completed,2024-02-15 01:26:27
7781,7781,717.96,Credit Card,Completed,2024-01-08 23:08:02
7782,7782,79.03,UPI,Completed,2024-02-07 22:20:36
7783,7783,568.54,Paytm,Pending,2025-04-13 21:17:57
7784,7784,193.07,Credit Card,Completed,2024-09-28 19:58:37
7785,7785,218.65,Cash,Completed,2023-12-19 06:05:56
7786,7786,656.03,PayPal,Completed,2025-04-06 03:54:17
7787,7787,136.26,PayPal,Completed,2025-07-17 05:08:24
7788,7788,765.57,Paytm,Pending,2025-01-04 19:01:01
7789,7789,200.35,PayPal,Completed,2024-03-25 00:14:05
7790,7790,345.98,UPI,Completed,2024-05-26 18:34:35
7791,7791,249.0,Cash,Completed,2024-05-30 18:23:43
7792,7792,789.71,Credit Card,Completed,2023-08-27 12:39:15
7793,7793,598.98,Paytm,Completed,2025-06-23 09:34:23
7794,7794,122.88,PayPal,Completed,2024-11-20 05:35:06
7795,7795,792.62,PayPal,Completed,2025-02-15 16:00:52
7796,7796,278.78,Cash,Completed,2024-01-01 23:29:27
7797,7797,188.05,UPI,Completed,2024-08-17 05:11:50
7798,7798,330.4,Cash,Completed,2025-07-08 16:45:20
7799,7799,621.9,PayPal,Completed,2024-02-10 15:49:54
7800,7800,144.5,PayPal,Completed,2025-04-03 04:28:11
7801,7801,409.72,PayPal,Completed,2023-11-17 22:46:28
7802,7802,491.99,Paytm,Completed,2025-06-03 22:32:22
7803,7803,531.09,Paytm,Completed,2025-05-25 21:07:10
7804,7804,503.87,Paytm,Completed,2024-10-07 17:13:54
7805,7805,128.38,Cash,Completed,2023-12-10 03:23:34
7806,7806,66.84,UPI,Completed,2025-06-02 23:26:26
7807,7807,417.95,UPI,Completed,2023-09-20 19:47:07
7808,7808,234.05,Paytm,Completed,2024-12-30 13:18:51
7809,7809,552.84,Paytm,Completed,2025-07-06 15:24:59
7810,7810,333.38,UPI,Completed,2025-06-27 03:37:16
7811,7811,692.71,PayPal,Completed,2023-11-02 09:46:56
7812,7812,652.59,Credit Card,Completed,2024-04-08 10:17:40
7813,7813,557.64,Cash,Completed,2024-05-03 18:24:01
7814,7814,318.23,PayPal,Completed,2025-01-22 17:34:13
7815,7815,759.96,Credit Card,Completed,2023-09-12 15:49:03
7816,7816,215.46,Cash,Completed,2024-07-09 23:42:14
7817,7817,212.54,PayPal,Completed,2024-08-27 00:58:00
7818,7818,701.82,UPI,Completed,2024-05-06 08:24:39
7819,7819,411.41,PayPal,Completed,2024-12-22 11:34:42
7820,7820,680.94,Cash,Completed,2023-12-13 09:16:30
7821,7821,662.55,Paytm,Completed,2023-08-20 14:30:52
7822,7822,666.68,PayPal,Completed,2025-05-21 19:32:42
7823,7823,465.33,UPI,Completed,2023-11-06 10:21:09
7824,7824,522.97,PayPal,Completed,2025-02-13 12:40:17
7825,7825,380.25,Paytm,Completed,2025-04-08 15:40:28
7826,7826,675.17,Cash,Completed,2024-09-18 02:42:29
7827,7827,138.49,Paytm,Completed,2024-06-24 08:49:20
7828,7828,403.43,PayPal,Completed,2023-09-04 19:40:37
7829,7829,507.74,Credit Card,Completed,2024-02-07 00:38:52
7830,7830,198.68,PayPal,Completed,2024-12-27 00:27:24
7831,7831,81.79,Cash,Completed,2023-11-25 06:22:44
7832,7832,125.85,PayPal,Pending,2023-11-01 21:41:24
7833,7833,361.46,Credit Card,Completed,2024-03-29 09:05:45
7834,7834,732.45,Credit Card,Pending,2024-03-31 14:57:35
7835,7835,85.21,UPI,Completed,2025-02-27 18:31:30
7836,7836,563.35,Credit Card,Completed,2024-06-12 08:53:27
7837,7837,397.75,UPI,Completed,2024-04-09 07:08:58
7838,7838,52.87,Paytm,Completed,2024-02-20 18:36:47
7839,7839,499.71,Credit Card,Completed,2024-03-11 23:32:26
7840,7840,792.49,Cash,Completed,2024-11-18 13:06:29
7841,7841,554.71,UPI,Pending,2024-11-14 04:13:25
7842,7842,149.06,Cash,Completed,2024-09-20 16:36:20
7843,7843,796.37,Cash,Completed,2025-02-06 09:36:34
7844,7844,775.59,UPI,Completed,2025-06-07 20:08:45
7845,7845,697.22,Paytm,Completed,2024-06-06 04:57:08
7846,7846,570.93,Credit Card,Completed,2024-11-08 13:50:24
7847,7847,724.09,Cash,Completed,2023-08-31 14:39:00
7848,7848,68.04,PayPal,Completed,2025-01-22 06:16:39
7849,7849,717.52,PayPal,Completed,2024-06-04 13:16:12
7850,7850,337.87,Cash,Completed,2024-04-26 17:26:48
7851,7851,671.14,Credit Card,Completed,2023-12-12 13:22:25
7852,7852,357.53,PayPal,Completed,2023-12-13 20:22:49
7853,7853,782.65,PayPal,Completed,2024-08-06 19:04:46
7854,7854,295.11,UPI,Completed,2023-12-08 18:07:14
7855,7855,672.44,PayPal,Completed,2023-09-18 20:13:08
7856,7856,687.32,Cash,Completed,2024-03-28 09:24:06
7857,7857,442.3,Cash,Completed,2024-02-12 21:49:35
7858,7858,581.5,PayPal,Pending,2024-09-16 15:15:15
7859,7859,102.87,UPI,Completed,2025-01-03 05:12:37
7860,7860,149.36,UPI,Completed,2023-10-03 23:03:41
7861,7861,212.33,PayPal,Completed,2024-03-20 03:16:58
7862,7862,469.46,PayPal,Completed,2023-10-13 15:03:53
7863,7863,452.82,PayPal,Completed,2023-11-30 23:30:07
7864,7864,461.99,PayPal,Completed,2023-09-26 01:55:10
7865,7865,390.27,Credit Card,Completed,2024-03-08 04:11:01
7866,7866,644.69,Cash,Completed,2025-07-22 01:37:57
7867,7867,664.5,UPI,Completed,2024-05-14 03:42:49
7868,7868,294.96,Paytm,Completed,2024-04-21 03:35:34
7869,7869,59.47,PayPal,Completed,2024-06-27 07:37:43
7870,7870,545.97,Paytm,Completed,2024-06-24 08:38:11
7871,7871,60.81,UPI,Completed,2024-03-18 05:00:33
7872,7872,180.48,PayPal,Pending,2024-03-07 10:06:15
7873,7873,631.61,Cash,Completed,2025-05-17 14:43:39
7874,7874,784.12,Cash,Completed,2025-02-18 16:09:49
7875,7875,641.83,Paytm,Completed,2024-05-13 14:13:17
7876,7876,596.67,PayPal,Completed,2024-08-09 01:01:52
7877,7877,438.54,UPI,Completed,2025-01-07 07:55:06
7878,7878,295.2,UPI,Completed,2024-07-26 16:55:41
7879,7879,309.89,UPI,Completed,2023-11-29 18:52:16
7880,7880,307.66,PayPal,Completed,2023-09-12 11:37:28
7881,7881,301.89,UPI,Completed,2023-08-08 07:41:10
7882,7882,162.22,UPI,Completed,2024-10-09 14:49:25
7883,7883,235.57,Cash,Completed,2023-08-22 09:03:33
7884,7884,664.37,Credit Card,Completed,2025-05-19 10:25:45
7885,7885,69.71,Cash,Completed,2024-05-21 18:35:40
7886,7886,502.98,Cash,Completed,2023-08-19 10:21:35
7887,7887,598.05,UPI,Completed,2025-01-02 17:40:03
7888,7888,105.93,UPI,Pending,2024-09-08 22:27:51
7889,7889,624.85,Cash,Pending,2023-09-09 01:59:33
7890,7890,321.75,PayPal,Completed,2024-02-23 20:58:52
7891,7891,65.61,Paytm,Completed,2024-05-07 21:59:13
7892,7892,640.31,PayPal,Completed,2024-09-24 20:01:13
7893,7893,768.34,Credit Card,Completed,2024-12-02 17:37:04
7894,7894,583.94,Credit Card,Failed,2024-05-10 09:34:44
7895,7895,56.36,UPI,Completed,2024-03-07 15:18:24
7896,7896,696.24,Cash,Completed,2023-12-02 09:14:03
7897,7897,594.31,Cash,Completed,2024-08-29 06:13:30
7898,7898,339.25,Credit Card,Completed,2024-04-22 07:05:24
7899,7899,117.8,UPI,Completed,2023-12-25 04:27:55
7900,7900,71.58,UPI,Completed,2024-01-18 04:53:26
7901,7901,269.04,UPI,Completed,2023-10-16 15:53:29
7902,7902,186.31,PayPal,Completed,2024-04-14 07:10:28
7903,7903,636.8,PayPal,Completed,2024-09-27 03:44:44
7904,7904,300.58,UPI,Completed,2024-11-06 13:02:46
7905,7905,285.02,Paytm,Completed,2024-11-19 15:37:42
7906,7906,484.93,Paytm,Completed,2024-09-13 01:16:44
7907,7907,596.83,UPI,Completed,2024-01-03 03:31:51
7908,7908,776.3,Paytm,Completed,2025-01-09 17:21:39
7909,7909,72.83,UPI,Completed,2023-11-16 17:07:18
7910,7910,53.9,Paytm,Completed,2023-11-25 07:07:50
7911,7911,303.35,Credit Card,Completed,2024-03-25 20:57:18
7912,7912,435.73,PayPal,Completed,2025-06-08 04:55:15
7913,7913,77.65,Credit Card,Completed,2023-12-10 10:36:16
7914,7914,744.39,Credit Card,Completed,2024-10-06 06:39:30
7915,7915,386.29,PayPal,Completed,2024-02-22 03:25:11
7916,7916,55.48,Paytm,Completed,2024-11-08 16:43:29
7917,7917,409.74,PayPal,Completed,2024-07-12 21:17:11
7918,7918,789.09,UPI,Completed,2024-01-15 23:06:37
7919,7919,533.48,UPI,Completed,2024-09-25 12:16:23
7920,7920,576.32,Cash,Completed,2024-06-03 18:06:52
7921,7921,128.49,PayPal,Completed,2024-06-26 00:28:45
7922,7922,618.35,Credit Card,Pending,2024-06-09 04:36:42
7923,7923,233.92,Credit Card,Pending,2023-09-24 11:51:01
7924,7924,437.15,Credit Card,Completed,2024-06-22 18:36:52
7925,7925,77.58,UPI,Completed,2025-03-24 05:15:38
7926,7926,400.8,UPI,Completed,2023-08-29 10:56:14
7927,7927,557.91,Credit Card,Completed,2023-10-03 12:47:14
7928,7928,315.38,PayPal,Completed,2025-06-01 04:31:48
7929,7929,130.03,PayPal,Completed,2023-08-30 05:53:59
7930,7930,761.91,Cash,Completed,2024-08-03 08:23:20
7931,7931,202.73,Cash,Completed,2024-11-29 08:14:31
7932,7932,466.9,UPI,Completed,2024-04-02 20:47:05
7933,7933,310.13,Credit Card,Completed,2025-01-12 07:49:20
7934,7934,751.61,Paytm,Completed,2025-02-19 01:33:14
7935,7935,350.07,PayPal,Completed,2024-04-28 23:20:10
7936,7936,167.51,UPI,Completed,2023-08-12 19:49:42
7937,7937,634.96,UPI,Completed,2024-11-25 13:31:42
7938,7938,54.74,PayPal,Completed,2024-12-20 06:15:34
7939,7939,742.52,Credit Card,Completed,2024-10-01 22:26:06
7940,7940,687.63,Credit Card,Completed,2025-05-15 16:55:56
7941,7941,376.54,Credit Card,Completed,2024-05-06 01:00:08
7942,7942,537.04,PayPal,Completed,2024-02-22 17:58:24
7943,7943,759.23,Paytm,Pending,2025-07-18 19:23:17
7944,7944,790.38,PayPal,Completed,2024-12-01 19:08:48
7945,7945,597.48,UPI,Pending,2024-11-03 02:17:16
7946,7946,495.53,Paytm,Completed,2023-10-13 16:25:18
7947,7947,315.09,PayPal,Completed,2024-05-10 21:00:39
7948,7948,652.26,Paytm,Completed,2025-07-06 20:16:48
7949,7949,214.85,Credit Card,Completed,2024-08-05 23:13:04
7950,7950,164.97,Cash,Completed,2024-11-25 07:37:01
7951,7951,377.5,Cash,Pending,2025-02-24 12:06:22
7952,7952,477.48,PayPal,Pending,2024-05-09 16:45:08
7953,7953,686.46,Paytm,Completed,2024-06-15 12:51:49
7954,7954,655.07,Cash,Pending,2025-04-15 21:15:35
7955,7955,191.59,Credit Card,Completed,2025-06-14 20:17:07
7956,7956,658.37,Cash,Pending,2023-09-24 08:51:02
7957,7957,485.38,Credit Card,Completed,2024-10-20 14:18:49
7958,7958,268.83,PayPal,Pending,2025-06-03 14:53:08
7959,7959,187.75,Credit Card,Completed,2024-04-12 19:16:06
7960,7960,540.63,Paytm,Completed,2025-06-25 19:02:38
7961,7961,743.08,Paytm,Completed,2024-08-04 21:51:27
7962,7962,256.17,Cash,Completed,2023-12-27 03:18:19
7963,7963,648.9,Credit Card,Completed,2023-10-28 00:15:34
7964,7964,545.36,UPI,Failed,2025-03-20 11:14:45
7965,7965,263.11,PayPal,Completed,2025-01-26 18:29:11
7966,7966,769.68,Credit Card,Completed,2025-06-19 01:22:39
7967,7967,710.39,UPI,Completed,2025-03-26 19:56:05
7968,7968,662.96,UPI,Completed,2025-04-16 03:51:15
7969,7969,395.8,Cash,Completed,2024-08-14 05:24:57
7970,7970,786.98,Cash,Completed,2025-05-23 23:20:42
7971,7971,487.53,PayPal,Completed,2024-09-11 22:10:39
7972,7972,124.26,Cash,Completed,2025-03-17 06:56:06
7973,7973,725.03,Cash,Completed,2024-11-18 12:39:12
7974,7974,700.09,PayPal,Completed,2024-02-28 17:35:41
7975,7975,179.24,Cash,Completed,2025-07-30 23:19:11
7976,7976,395.66,Credit Card,Completed,2023-08-09 18:07:31
7977,7977,712.46,Cash,Completed,2025-03-29 02:23:12
7978,7978,295.06,UPI,Completed,2023-12-04 12:43:18
7979,7979,387.34,Credit Card,Completed,2025-02-03 20:18:18
7980,7980,499.44,PayPal,Completed,2024-05-23 07:13:56
7981,7981,228.11,Cash,Completed,2025-01-24 05:58:24
7982,7982,55.26,UPI,Completed,2024-06-11 03:53:18
7983,7983,75.22,Credit Card,Completed,2025-01-01 11:49:10
7984,7984,302.09,PayPal,Completed,2025-03-31 21:54:32
7985,7985,196.13,Cash,Completed,2025-06-16 23:16:47
7986,7986,470.88,Credit Card,Completed,2024-08-19 19:56:52
7987,7987,138.03,PayPal,Completed,2025-01-18 06:02:11
7988,7988,145.92,Paytm,Completed,2024-06-14 15:47:00
7989,7989,483.96,PayPal,Completed,2024-04-04 15:23:07
7990,7990,366.1,Cash,Completed,2024-03-08 15:55:34
7991,7991,109.06,Paytm,Completed,2024-01-27 22:30:25
7992,7992,792.93,Credit Card,Completed,2024-09-15 14:06:11
7993,7993,506.99,UPI,Completed,2024-09-01 10:57:13
7994,7994,729.41,Cash,Pending,2024-04-16 00:15:39
7995,7995,318.86,UPI,Completed,2023-12-30 23:51:35
7996,7996,742.47,PayPal,Completed,2025-05-29 18:51:01
7997,7997,387.92,UPI,Completed,2024-09-02 20:42:51
7998,7998,511.67,Credit Card,Completed,2023-09-04 09:57:43
7999,7999,467.4,Paytm,Completed,2024-04-12 01:54:13
8000,8000,349.84,Paytm,Completed,2024-01-08 16:19:41
8001,8001,165.07,PayPal,Completed,2025-05-23 14:22:25
8002,8002,559.65,Cash,Completed,2024-01-09 22:34:20
8003,8003,184.0,Credit Card,Pending,2024-02-25 11:25:40
8004,8004,113.55,Paytm,Completed,2024-01-18 04:40:54
8005,8005,761.37,Credit Card,Completed,2023-12-03 00:35:13
8006,8006,718.14,Credit Card,Completed,2024-05-23 14:23:28
8007,8007,110.34,Credit Card,Completed,2024-04-23 17:57:27
8008,8008,247.51,Paytm,Completed,2024-12-20 12:11:05
8009,8009,134.24,PayPal,Completed,2025-05-26 19:07:21
8010,8010,548.4,Cash,Completed,2024-08-31 18:00:26
8011,8011,487.38,PayPal,Completed,2024-10-09 03:10:41
8012,8012,586.74,Cash,Completed,2023-12-28 17:51:56
8013,8013,799.94,PayPal,Completed,2024-08-07 22:36:20
8014,8014,724.27,UPI,Pending,2024-06-17 19:17:29
8015,8015,51.73,Paytm,Completed,2024-09-01 17:54:59
8016,8016,738.73,Cash,Completed,2024-09-23 10:18:14
8017,8017,304.87,PayPal,Completed,2023-11-09 17:45:36
8018,8018,352.48,Paytm,Completed,2025-07-25 22:58:37
8019,8019,700.5,Paytm,Completed,2025-05-01 15:12:20
8020,8020,557.49,Cash,Completed,2024-05-04 06:33:16
8021,8021,549.88,Paytm,Completed,2023-08-15 13:19:04
8022,8022,477.65,Cash,Completed,2025-03-30 07:33:35
8023,8023,534.49,Credit Card,Completed,2024-12-09 00:15:30
8024,8024,79.54,UPI,Completed,2024-09-22 12:10:00
8025,8025,140.05,PayPal,Completed,2024-08-28 20:16:43
8026,8026,666.33,Credit Card,Failed,2024-05-07 14:19:44
8027,8027,732.3,PayPal,Completed,2023-09-13 15:42:46
8028,8028,579.33,Credit Card,Completed,2025-05-30 19:00:18
8029,8029,707.73,Credit Card,Completed,2023-09-11 03:00:19
8030,8030,568.17,Credit Card,Completed,2023-12-12 23:15:09
8031,8031,98.94,Cash,Completed,2025-04-26 19:51:52
8032,8032,125.51,Paytm,Completed,2024-11-13 13:21:58
8033,8033,575.94,PayPal,Completed,2024-11-29 09:35:25
8034,8034,748.28,PayPal,Completed,2024-11-28 07:03:49
8035,8035,706.75,UPI,Completed,2023-09-15 15:09:13
8036,8036,135.99,PayPal,Completed,2025-06-27 00:41:44
8037,8037,334.73,UPI,Completed,2024-08-16 11:28:45
8038,8038,150.42,Credit Card,Completed,2024-07-17 14:57:11
8039,8039,394.84,Credit Card,Failed,2024-06-23 20:14:08
8040,8040,87.11,Paytm,Completed,2024-05-06 13:49:07
8041,8041,729.18,Cash,Completed,2025-07-19 20:28:11
8042,8042,723.09,Credit Card,Completed,2024-09-28 12:21:02
8043,8043,476.71,Paytm,Completed,2023-11-21 15:29:13
8044,8044,87.45,Credit Card,Completed,2025-07-13 23:15:46
8045,8045,271.72,Paytm,Completed,2024-09-23 02:26:02
8046,8046,69.51,Cash,Pending,2023-09-15 11:45:20
8047,8047,139.26,PayPal,Completed,2024-12-15 05:05:59
8048,8048,612.8,Paytm,Completed,2024-07-27 18:54:28
8049,8049,702.43,Paytm,Completed,2025-03-09 01:45:33
8050,8050,739.49,Cash,Pending,2023-11-26 16:52:42
8051,8051,410.91,PayPal,Completed,2024-08-27 19:06:40
8052,8052,571.37,Paytm,Completed,2024-02-09 02:48:44
8053,8053,792.47,Cash,Completed,2024-05-20 17:19:46
8054,8054,236.08,Credit Card,Completed,2024-10-01 03:20:09
8055,8055,680.57,Credit Card,Completed,2024-07-05 20:13:06
8056,8056,127.87,Credit Card,Completed,2024-07-14 00:29:59
8057,8057,97.81,UPI,Completed,2024-03-24 08:34:37
8058,8058,53.54,Cash,Completed,2023-11-23 11:36:19
8059,8059,526.64,PayPal,Completed,2024-09-09 22:08:00
8060,8060,484.8,UPI,Completed,2025-07-30 06:47:53
8061,8061,545.02,Credit Card,Completed,2023-09-01 23:57:57
8062,8062,493.05,Paytm,Completed,2025-02-14 17:54:19
8063,8063,778.63,Cash,Completed,2025-07-11 09:47:51
8064,8064,709.13,Credit Card,Completed,2024-04-25 07:09:54
8065,8065,534.63,Cash,Completed,2025-05-19 05:18:28
8066,8066,419.28,Credit Card,Completed,2024-09-14 09:17:23
8067,8067,87.38,Cash,Completed,2024-09-17 13:03:29
8068,8068,54.33,Cash,Completed,2024-07-08 07:36:27
8069,8069,238.41,UPI,Completed,2024-10-18 22:01:43
8070,8070,687.37,PayPal,Completed,2023-10-26 23:07:34
8071,8071,102.56,Cash,Completed,2024-04-19 17:44:32
8072,8072,182.6,Cash,Completed,2023-08-30 11:56:21
8073,8073,598.65,Paytm,Completed,2025-05-23 03:08:58
8074,8074,309.16,PayPal,Completed,2025-04-23 20:40:58
8075,8075,477.1,PayPal,Completed,2024-01-02 02:57:43
8076,8076,145.24,PayPal,Completed,2023-08-08 12:29:09
8077,8077,379.89,PayPal,Completed,2024-10-19 22:26:07
8078,8078,92.31,Cash,Completed,2025-04-04 01:11:00
8079,8079,362.73,Cash,Completed,2023-10-12 13:51:07
8080,8080,198.06,Credit Card,Completed,2024-12-04 05:29:12
8081,8081,403.34,PayPal,Failed,2024-02-04 16:00:48
8082,8082,595.18,Credit Card,Completed,2024-08-04 11:53:56
8083,8083,140.99,UPI,Completed,2023-10-08 19:47:22
8084,8084,239.26,Paytm,Completed,2025-02-25 18:26:23
8085,8085,363.66,Credit Card,Completed,2025-05-26 14:32:28
8086,8086,343.74,PayPal,Completed,2023-12-13 22:52:00
8087,8087,383.05,Credit Card,Completed,2024-09-23 03:44:32
8088,8088,563.65,UPI,Completed,2024-02-07 00:00:04
8089,8089,129.29,PayPal,Completed,2024-08-22 10:18:07
8090,8090,406.29,Paytm,Failed,2024-11-19 20:33:05
8091,8091,611.39,Credit Card,Completed,2023-09-04 05:47:56
8092,8092,590.55,PayPal,Completed,2023-09-09 10:07:22
8093,8093,268.5,PayPal,Completed,2023-08-21 03:15:46
8094,8094,748.46,PayPal,Completed,2023-11-30 07:45:20
8095,8095,235.49,Paytm,Completed,2024-08-19 21:18:12
8096,8096,110.34,PayPal,Completed,2023-12-30 00:47:12
8097,8097,59.75,Cash,Completed,2025-02-18 00:19:02
8098,8098,754.74,UPI,Completed,2025-06-22 03:51:44
8099,8099,305.62,Credit Card,Completed,2024-07-03 15:58:36
8100,8100,127.11,Credit Card,Completed,2025-05-11 02:45:14
8101,8101,143.83,Paytm,Completed,2024-01-26 04:21:10
8102,8102,139.93,PayPal,Completed,2025-04-06 04:43:06
8103,8103,106.93,PayPal,Completed,2024-07-28 14:44:47
8104,8104,432.3,UPI,Completed,2024-12-11 00:55:56
8105,8105,328.12,PayPal,Completed,2024-11-08 16:14:09
8106,8106,225.28,Credit Card,Completed,2025-07-29 08:14:22
8107,8107,569.82,Paytm,Completed,2024-01-25 07:16:29
8108,8108,746.21,Paytm,Completed,2024-04-27 08:36:36
8109,8109,234.91,UPI,Completed,2025-01-20 16:34:04
8110,8110,195.48,Cash,Completed,2024-10-03 01:07:02
8111,8111,626.13,Cash,Failed,2025-03-21 06:37:31
8112,8112,697.5,UPI,Completed,2024-10-28 13:57:59
8113,8113,234.62,Cash,Completed,2024-03-14 00:30:24
8114,8114,707.22,Cash,Completed,2025-07-04 02:24:00
8115,8115,270.48,Cash,Completed,2024-02-15 21:31:59
8116,8116,191.7,Paytm,Completed,2025-01-13 23:24:25
8117,8117,106.03,Credit Card,Completed,2023-10-15 08:56:32
8118,8118,301.77,Paytm,Completed,2024-02-23 05:55:14
8119,8119,50.64,Paytm,Completed,2024-02-08 00:14:36
8120,8120,244.65,Paytm,Completed,2024-07-30 01:44:30
8121,8121,688.04,PayPal,Completed,2023-12-03 06:52:28
8122,8122,317.9,UPI,Completed,2024-04-22 20:20:54
8123,8123,732.93,Cash,Completed,2024-11-10 21:39:41
8124,8124,268.17,UPI,Completed,2024-09-01 12:23:44
8125,8125,411.16,UPI,Completed,2024-02-16 23:42:04
8126,8126,557.75,Paytm,Completed,2024-10-30 07:30:38
8127,8127,420.88,Cash,Completed,2024-03-07 20:32:40
8128,8128,428.93,Paytm,Completed,2025-03-29 21:29:35
8129,8129,326.99,Cash,Completed,2025-01-26 01:35:10
8130,8130,553.13,PayPal,Completed,2023-10-29 13:14:33
8131,8131,321.52,Cash,Completed,2024-11-08 03:07:28
8132,8132,290.24,Paytm,Completed,2023-11-22 06:46:56
8133,8133,87.54,PayPal,Completed,2023-11-17 17:57:47
8134,8134,192.25,PayPal,Completed,2025-05-07 03:43:42
8135,8135,431.69,UPI,Completed,2024-09-04 11:59:53
8136,8136,501.78,PayPal,Completed,2024-10-18 10:06:24
8137,8137,139.88,Credit Card,Completed,2023-11-24 05:17:01
8138,8138,614.08,PayPal,Completed,2025-03-22 19:21:53
8139,8139,74.55,PayPal,Completed,2024-10-02 08:54:55
8140,8140,385.01,Paytm,Completed,2025-01-05 10:25:16
8141,8141,456.16,Credit Card,Completed,2025-07-05 19:39:07
8142,8142,391.45,Credit Card,Completed,2024-04-20 21:10:58
8143,8143,191.46,UPI,Completed,2025-02-28 17:14:40
8144,8144,745.83,Credit Card,Completed,2025-05-29 06:21:03
8145,8145,597.87,UPI,Completed,2023-08-30 03:48:00
8146,8146,230.55,PayPal,Completed,2025-07-09 17:07:58
8147,8147,288.93,PayPal,Completed,2023-12-19 10:58:10
8148,8148,469.1,Credit Card,Completed,2024-08-12 10:34:58
8149,8149,643.12,Credit Card,Completed,2025-07-22 13:01:34
8150,8150,386.87,PayPal,Completed,2024-03-06 11:09:00
8151,8151,273.25,UPI,Completed,2025-02-24 01:03:09
8152,8152,104.53,UPI,Completed,2025-01-22 05:12:01
8153,8153,782.24,Credit Card,Completed,2024-11-10 06:07:46
8154,8154,138.72,UPI,Completed,2025-04-27 08:16:06
8155,8155,200.74,Paytm,Completed,2024-02-25 11:30:27
8156,8156,729.41,PayPal,Completed,2023-09-14 15:16:04
8157,8157,510.36,Cash,Completed,2024-06-21 04:25:59
8158,8158,411.34,PayPal,Completed,2025-02-02 03:36:35
8159,8159,273.29,UPI,Completed,2025-03-03 01:58:44
8160,8160,265.08,PayPal,Completed,2023-08-30 10:19:10
8161,8161,543.68,PayPal,Completed,2024-06-05 07:46:09
8162,8162,489.05,PayPal,Pending,2024-07-19 00:44:21
8163,8163,718.87,Paytm,Completed,2025-05-20 01:24:31
8164,8164,92.24,Credit Card,Completed,2025-03-30 23:22:44
8165,8165,290.11,Credit Card,Completed,2024-09-14 22:11:34
8166,8166,713.45,PayPal,Completed,2024-02-05 12:24:02
8167,8167,768.85,Paytm,Completed,2024-07-30 09:15:50
8168,8168,375.23,Cash,Completed,2025-04-29 03:05:30
8169,8169,680.27,Paytm,Completed,2025-06-08 05:18:02
8170,8170,219.1,Credit Card,Completed,2023-09-08 20:47:37
8171,8171,363.99,UPI,Completed,2024-01-28 21:35:43
8172,8172,732.4,UPI,Completed,2024-11-27 23:09:59
8173,8173,264.43,Credit Card,Completed,2024-01-06 10:42:39
8174,8174,468.92,Paytm,Completed,2025-04-09 13:39:53
8175,8175,201.77,Cash,Completed,2024-11-19 14:42:29
8176,8176,405.12,PayPal,Completed,2024-05-31 01:56:34
8177,8177,290.39,Credit Card,Completed,2025-02-10 19:35:14
8178,8178,459.98,Credit Card,Completed,2024-10-10 08:48:51
8179,8179,155.0,PayPal,Completed,2024-08-22 13:31:31
8180,8180,659.96,PayPal,Completed,2025-02-18 02:51:50
8181,8181,184.27,UPI,Completed,2024-06-23 09:53:09
8182,8182,337.79,UPI,Completed,2025-08-02 15:54:28
8183,8183,771.36,Credit Card,Completed,2025-07-02 19:31:16
8184,8184,324.57,PayPal,Completed,2025-08-03 18:34:35
8185,8185,113.71,Credit Card,Completed,2024-07-26 12:03:09
8186,8186,430.06,UPI,Completed,2023-10-20 15:54:45
8187,8187,393.17,PayPal,Completed,2023-12-19 00:32:54
8188,8188,323.94,PayPal,Completed,2023-11-27 07:30:33
8189,8189,506.15,UPI,Completed,2024-01-03 01:12:16
8190,8190,150.29,PayPal,Completed,2024-07-25 16:40:15
8191,8191,299.98,Paytm,Completed,2024-01-28 06:19:00
8192,8192,697.25,UPI,Completed,2024-10-23 20:08:35
8193,8193,693.1,Paytm,Completed,2023-11-21 09:00:38
8194,8194,759.54,UPI,Completed,2025-07-16 08:57:33
8195,8195,609.3,Credit Card,Completed,2023-12-06 10:18:58
8196,8196,299.58,Credit Card,Completed,2023-09-02 19:54:03
8197,8197,238.91,Cash,Completed,2024-01-15 02:00:50
8198,8198,303.94,Credit Card,Completed,2024-12-12 17:10:57
8199,8199,156.92,Cash,Completed,2023-09-17 11:52:10
8200,8200,65.52,Cash,Completed,2024-08-02 03:22:06
8201,8201,502.73,Cash,Completed,2025-07-21 03:14:17
8202,8202,304.87,UPI,Completed,2024-05-21 07:23:15
8203,8203,410.3,UPI,Completed,2023-08-23 17:06:58
8204,8204,592.43,Cash,Completed,2025-02-19 18:08:42
8205,8205,396.95,Cash,Completed,2024-12-16 05:44:32
8206,8206,646.27,Credit Card,Completed,2024-05-13 18:34:55
8207,8207,315.81,Credit Card,Completed,2025-04-18 15:08:36
8208,8208,738.97,Cash,Completed,2025-02-16 12:32:54
8209,8209,261.63,Paytm,Completed,2024-08-09 15:29:34
8210,8210,732.11,PayPal,Completed,2023-09-18 13:46:36
8211,8211,415.64,UPI,Completed,2023-11-17 20:55:47
8212,8212,434.67,PayPal,Completed,2025-06-28 16:30:49
8213,8213,121.34,UPI,Pending,2024-06-29 03:38:18
8214,8214,290.29,PayPal,Completed,2025-05-21 02:44:18
8215,8215,526.43,Paytm,Completed,2024-07-01 17:29:30
8216,8216,102.26,Cash,Completed,2023-09-06 03:06:08
8217,8217,505.37,PayPal,Completed,2024-08-06 05:03:52
8218,8218,285.95,UPI,Completed,2025-06-22 13:29:27
8219,8219,481.75,Cash,Completed,2025-05-26 15:10:03
8220,8220,207.08,UPI,Failed,2024-10-17 03:53:23
8221,8221,268.51,Cash,Completed,2023-09-03 09:21:04
8222,8222,275.39,Cash,Pending,2023-12-17 07:42:08
8223,8223,267.5,Paytm,Pending,2024-11-25 13:50:22
8224,8224,483.43,UPI,Completed,2024-09-14 17:19:54
8225,8225,159.04,Cash,Completed,2023-09-06 07:50:54
8226,8226,307.45,Paytm,Completed,2024-07-28 13:50:49
8227,8227,65.61,PayPal,Completed,2024-10-08 23:40:43
8228,8228,294.43,UPI,Completed,2025-06-26 16:09:55
8229,8229,767.53,PayPal,Completed,2023-10-11 05:20:07
8230,8230,396.79,Credit Card,Pending,2023-12-08 13:02:01
8231,8231,129.13,PayPal,Completed,2025-02-26 18:33:53
8232,8232,279.34,PayPal,Completed,2025-06-14 07:20:50
8233,8233,658.37,Paytm,Completed,2025-01-04 02:17:22
8234,8234,93.17,UPI,Completed,2023-10-06 15:07:25
8235,8235,100.12,PayPal,Completed,2024-06-10 17:33:41
8236,8236,580.31,Cash,Completed,2023-08-25 03:30:16
8237,8237,281.51,Credit Card,Pending,2025-06-02 00:10:12
8238,8238,549.69,Credit Card,Completed,2024-03-31 08:37:52
8239,8239,511.09,Cash,Completed,2025-04-10 19:41:44
8240,8240,222.96,Cash,Completed,2025-02-10 17:51:10
8241,8241,732.55,Credit Card,Completed,2024-10-31 18:45:33
8242,8242,281.96,Paytm,Completed,2023-09-04 16:34:03
8243,8243,206.67,PayPal,Completed,2023-11-10 03:25:57
8244,8244,354.34,PayPal,Completed,2025-04-12 07:30:32
8245,8245,371.65,Cash,Completed,2024-10-14 23:44:19
8246,8246,561.33,UPI,Completed,2024-12-21 06:43:19
8247,8247,672.47,Paytm,Completed,2025-03-20 18:33:37
8248,8248,749.19,PayPal,Pending,2024-11-02 18:06:31
8249,8249,334.95,Cash,Completed,2025-06-21 05:09:41
8250,8250,342.89,UPI,Completed,2023-12-10 21:26:26
8251,8251,147.71,Credit Card,Completed,2025-03-22 10:43:45
8252,8252,736.58,PayPal,Completed,2024-06-25 12:20:37
8253,8253,463.88,Credit Card,Completed,2025-05-22 17:57:02
8254,8254,201.91,UPI,Completed,2024-04-22 21:38:07
8255,8255,289.83,Credit Card,Completed,2023-09-15 08:34:18
8256,8256,398.22,Credit Card,Completed,2023-09-02 17:58:47
8257,8257,267.49,Cash,Completed,2024-01-31 14:30:14
8258,8258,337.44,UPI,Completed,2024-12-02 19:03:33
8259,8259,559.12,Paytm,Completed,2024-10-16 03:11:22
8260,8260,473.29,Paytm,Completed,2025-05-24 03:40:12
8261,8261,195.38,Credit Card,Completed,2023-09-25 18:06:15
8262,8262,239.36,UPI,Completed,2024-05-12 22:25:07
8263,8263,57.29,Paytm,Completed,2024-05-26 15:15:53
8264,8264,510.64,UPI,Completed,2024-10-03 02:16:54
8265,8265,605.76,Cash,Completed,2025-06-22 13:46:51
8266,8266,540.17,Paytm,Failed,2024-01-06 18:03:03
8267,8267,645.79,Credit Card,Completed,2025-06-04 01:20:27
8268,8268,686.31,Credit Card,Completed,2024-04-01 15:00:24
8269,8269,694.63,Paytm,Completed,2024-01-12 09:44:05
8270,8270,762.88,PayPal,Completed,2024-03-09 04:28:37
8271,8271,658.9,UPI,Completed,2025-07-28 05:31:15
8272,8272,573.26,UPI,Completed,2024-07-20 12:31:56
8273,8273,384.28,UPI,Completed,2023-10-22 13:59:40
8274,8274,790.04,UPI,Completed,2025-04-26 03:00:29
8275,8275,791.12,Cash,Completed,2025-01-02 02:33:00
8276,8276,597.39,Paytm,Completed,2023-11-05 12:09:39
8277,8277,545.66,UPI,Completed,2024-01-13 23:37:20
8278,8278,443.92,Paytm,Completed,2024-04-06 10:21:25
8279,8279,357.88,Cash,Completed,2024-12-24 18:29:43
8280,8280,790.14,Credit Card,Completed,2023-10-28 19:41:39
8281,8281,755.84,UPI,Completed,2024-01-03 01:21:16
8282,8282,524.59,Credit Card,Completed,2024-11-05 17:42:52
8283,8283,496.53,Cash,Completed,2024-05-05 22:42:14
8284,8284,605.42,PayPal,Completed,2025-06-08 17:29:15
8285,8285,720.37,Credit Card,Completed,2025-02-02 11:07:42
8286,8286,501.38,Cash,Completed,2024-11-18 23:31:44
8287,8287,450.57,Credit Card,Completed,2023-11-27 22:24:29
8288,8288,432.56,UPI,Completed,2025-05-10 10:52:16
8289,8289,232.13,Paytm,Pending,2024-08-22 01:23:17
8290,8290,767.55,Cash,Completed,2025-03-08 22:15:18
8291,8291,589.7,Credit Card,Completed,2025-04-08 14:51:53
8292,8292,167.92,UPI,Completed,2024-02-23 09:53:32
8293,8293,270.77,Paytm,Completed,2024-05-29 05:45:50
8294,8294,474.42,Cash,Completed,2024-10-04 05:35:27
8295,8295,790.94,Paytm,Completed,2023-10-20 06:23:17
8296,8296,560.67,Credit Card,Completed,2024-06-28 20:50:15
8297,8297,294.41,Cash,Pending,2023-12-01 14:14:38
8298,8298,178.84,Credit Card,Completed,2023-08-09 01:35:56
8299,8299,279.83,Paytm,Completed,2023-12-03 19:58:59
8300,8300,437.23,PayPal,Completed,2024-07-08 02:44:38
8301,8301,150.2,UPI,Completed,2024-09-11 14:48:08
8302,8302,255.37,Cash,Completed,2024-08-30 17:03:25
8303,8303,333.58,Credit Card,Completed,2025-06-19 17:13:50
8304,8304,206.54,Cash,Completed,2025-06-08 13:47:42
8305,8305,727.4,Credit Card,Completed,2025-07-21 16:46:11
8306,8306,616.33,Credit Card,Completed,2025-02-04 02:08:43
8307,8307,487.95,Paytm,Completed,2024-01-20 04:11:14
8308,8308,336.87,Cash,Completed,2024-07-15 15:01:35
8309,8309,165.48,Credit Card,Completed,2025-05-19 17:53:58
8310,8310,507.78,Credit Card,Completed,2023-10-16 17:37:28
8311,8311,623.26,UPI,Completed,2024-05-03 15:32:22
8312,8312,368.97,Credit Card,Completed,2024-08-13 16:33:21
8313,8313,214.96,Paytm,Completed,2025-04-08 08:05:33
8314,8314,402.32,Paytm,Completed,2023-10-16 03:07:23
8315,8315,123.63,Paytm,Pending,2025-04-28 19:24:46
8316,8316,589.37,UPI,Completed,2024-02-29 17:26:26
8317,8317,61.43,UPI,Completed,2023-08-22 05:07:06
8318,8318,321.98,Paytm,Completed,2024-06-14 19:23:54
8319,8319,682.12,Cash,Completed,2024-11-17 13:28:51
8320,8320,762.65,PayPal,Completed,2023-12-15 03:23:45
8321,8321,713.22,UPI,Completed,2025-03-18 23:33:57
8322,8322,621.27,Paytm,Completed,2024-03-24 00:08:34
8323,8323,83.54,Credit Card,Completed,2025-05-16 02:42:47
8324,8324,329.03,UPI,Completed,2024-08-24 10:56:11
8325,8325,466.53,PayPal,Completed,2023-11-06 23:30:33
8326,8326,665.47,UPI,Completed,2023-10-30 13:29:57
8327,8327,399.67,Credit Card,Completed,2023-11-24 19:13:40
8328,8328,356.44,Paytm,Completed,2024-02-13 20:09:59
8329,8329,262.49,Credit Card,Completed,2024-04-24 05:43:36
8330,8330,761.11,Paytm,Completed,2023-10-19 20:28:45
8331,8331,157.82,Credit Card,Completed,2024-07-31 03:46:47
8332,8332,580.25,UPI,Completed,2024-01-30 07:55:54
8333,8333,569.67,Cash,Completed,2024-04-24 14:30:33
8334,8334,167.87,Cash,Completed,2024-10-24 00:31:36
8335,8335,684.87,PayPal,Completed,2024-04-17 10:37:38
8336,8336,359.77,PayPal,Completed,2024-08-21 10:49:35
8337,8337,294.62,PayPal,Completed,2025-04-17 19:14:10
8338,8338,434.3,Paytm,Completed,2023-12-03 14:53:00
8339,8339,500.17,UPI,Completed,2024-04-02 19:03:23
8340,8340,155.8,Paytm,Completed,2025-03-16 17:26:23
8341,8341,635.33,Credit Card,Completed,2025-08-02 04:24:53
8342,8342,505.01,Paytm,Completed,2025-04-20 15:25:05
8343,8343,132.34,UPI,Completed,2024-03-16 07:56:20
8344,8344,450.11,Cash,Completed,2025-03-15 19:15:28
8345,8345,121.53,PayPal,Pending,2024-11-15 23:07:45
8346,8346,93.44,Cash,Completed,2024-01-02 03:58:10
8347,8347,489.83,UPI,Completed,2025-04-15 09:23:01
8348,8348,316.24,UPI,Completed,2024-07-25 03:55:26
8349,8349,138.59,Credit Card,Completed,2024-06-02 04:49:17
8350,8350,572.89,Paytm,Completed,2024-12-19 00:24:33
8351,8351,735.94,Credit Card,Completed,2025-06-28 08:05:04
8352,8352,784.39,UPI,Completed,2023-12-31 09:12:09
8353,8353,760.64,Credit Card,Completed,2025-07-27 03:49:50
8354,8354,727.8,UPI,Completed,2023-09-26 08:41:22
8355,8355,193.48,PayPal,Completed,2025-02-16 07:33:37
8356,8356,305.48,PayPal,Pending,2024-01-09 18:01:16
8357,8357,77.34,Cash,Completed,2023-10-05 05:07:12
8358,8358,260.57,UPI,Completed,2023-09-18 04:31:32
8359,8359,110.45,Credit Card,Completed,2024-09-29 16:30:02
8360,8360,392.84,Cash,Completed,2024-05-18 15:58:58
8361,8361,381.2,PayPal,Completed,2024-12-13 11:22:45
8362,8362,482.47,Cash,Completed,2024-05-03 14:40:25
8363,8363,283.15,Paytm,Completed,2024-07-05 12:48:02
8364,8364,430.63,Cash,Completed,2023-09-10 21:24:01
8365,8365,368.2,Paytm,Pending,2024-04-03 10:26:00
8366,8366,580.2,Credit Card,Completed,2024-10-30 20:36:18
8367,8367,706.06,Paytm,Completed,2024-11-01 21:13:07
8368,8368,182.18,Cash,Completed,2023-10-10 17:20:20
8369,8369,512.51,Credit Card,Completed,2024-08-22 22:32:28
8370,8370,269.94,Paytm,Completed,2024-06-07 23:10:12
8371,8371,611.76,Credit Card,Completed,2024-04-30 16:13:02
8372,8372,644.2,PayPal,Completed,2024-03-22 21:50:38
8373,8373,613.64,PayPal,Pending,2024-12-30 09:23:39
8374,8374,471.3,Cash,Completed,2024-12-21 00:28:09
8375,8375,687.64,UPI,Completed,2024-11-30 09:05:11
8376,8376,182.87,UPI,Completed,2024-03-27 03:23:13
8377,8377,320.48,UPI,Completed,2023-09-27 22:59:08
8378,8378,111.67,Paytm,Completed,2024-07-19 17:00:16
8379,8379,653.35,PayPal,Completed,2024-08-05 11:55:59
8380,8380,753.75,UPI,Completed,2024-07-12 01:40:13
8381,8381,506.09,Cash,Completed,2024-05-18 12:15:14
8382,8382,378.38,Credit Card,Completed,2024-09-26 08:06:48
8383,8383,298.93,Cash,Completed,2023-11-21 19:35:29
8384,8384,386.92,Paytm,Pending,2024-02-01 13:35:23
8385,8385,500.75,Paytm,Completed,2023-10-23 09:11:59
8386,8386,364.9,Paytm,Completed,2024-07-02 07:17:37
8387,8387,283.21,Cash,Failed,2024-04-19 23:44:48
8388,8388,489.95,PayPal,Failed,2024-09-23 21:18:41
8389,8389,67.9,Paytm,Completed,2024-06-26 03:22:21
8390,8390,728.39,UPI,Completed,2024-03-02 03:01:56
8391,8391,266.67,Paytm,Failed,2024-07-27 17:39:08
8392,8392,301.07,Credit Card,Completed,2025-07-29 01:29:17
8393,8393,797.54,Credit Card,Completed,2023-09-09 22:39:45
8394,8394,258.55,Cash,Pending,2025-05-02 00:18:23
8395,8395,489.06,Paytm,Completed,2023-12-22 23:02:07
8396,8396,663.2,Cash,Completed,2024-07-03 12:54:41
8397,8397,344.91,Paytm,Completed,2023-08-27 01:41:42
8398,8398,638.9,Credit Card,Completed,2023-10-10 05:06:25
8399,8399,285.81,Credit Card,Completed,2025-04-03 05:35:43
8400,8400,251.71,PayPal,Completed,2024-07-05 11:34:50
8401,8401,651.65,Paytm,Completed,2024-10-03 19:40:49
8402,8402,770.37,Credit Card,Completed,2023-09-09 01:54:48
8403,8403,289.79,Credit Card,Completed,2024-02-17 04:39:45
8404,8404,632.17,PayPal,Completed,2024-08-08 23:12:23
8405,8405,317.01,Paytm,Completed,2025-04-16 17:52:24
8406,8406,559.06,Credit Card,Completed,2024-02-28 03:36:24
8407,8407,699.37,Cash,Completed,2024-01-07 04:01:51
8408,8408,476.24,Credit Card,Completed,2024-06-20 01:21:29
8409,8409,386.17,UPI,Completed,2024-10-31 04:58:06
8410,8410,271.76,Cash,Completed,2024-12-16 08:16:38
8411,8411,141.64,Credit Card,Completed,2025-07-06 00:10:53
8412,8412,198.22,Cash,Completed,2024-03-16 07:58:18
8413,8413,708.37,UPI,Completed,2025-05-25 09:01:17
8414,8414,615.7,Paytm,Completed,2025-01-26 07:30:40
8415,8415,385.36,Credit Card,Completed,2024-05-28 05:08:11
8416,8416,762.46,UPI,Completed,2025-08-03 10:09:12
8417,8417,468.42,UPI,Completed,2024-10-13 19:45:23
8418,8418,629.01,Credit Card,Completed,2023-09-21 11:03:57
8419,8419,753.02,Cash,Completed,2024-05-12 19:27:07
8420,8420,690.98,Cash,Completed,2024-03-15 19:33:40
8421,8421,173.89,Paytm,Completed,2025-03-11 09:49:36
8422,8422,149.89,Cash,Completed,2024-12-21 01:19:45
8423,8423,100.17,Credit Card,Pending,2025-01-09 19:06:03
8424,8424,388.92,Paytm,Completed,2024-06-10 16:27:27
8425,8425,599.89,UPI,Completed,2024-01-30 19:14:59
8426,8426,585.33,Cash,Completed,2024-04-23 06:40:14
8427,8427,297.83,Credit Card,Completed,2025-02-03 13:21:37
8428,8428,654.8,PayPal,Completed,2024-03-05 04:27:55
8429,8429,588.29,PayPal,Completed,2025-04-04 17:18:15
8430,8430,535.69,UPI,Completed,2023-10-11 00:43:25
8431,8431,377.37,Credit Card,Completed,2024-04-14 09:50:07
8432,8432,798.04,UPI,Completed,2024-02-11 19:12:05
8433,8433,74.45,Credit Card,Pending,2023-09-09 20:18:35
8434,8434,638.21,PayPal,Completed,2024-04-04 14:49:44
8435,8435,290.71,Cash,Completed,2023-12-31 14:45:57
8436,8436,294.03,PayPal,Completed,2024-12-27 14:40:35
8437,8437,294.63,Paytm,Completed,2024-09-18 11:02:40
8438,8438,463.42,PayPal,Completed,2024-07-04 21:00:12
8439,8439,56.36,Paytm,Completed,2024-02-09 14:56:18
8440,8440,420.52,PayPal,Completed,2024-08-12 09:35:14
8441,8441,341.32,PayPal,Pending,2024-07-31 08:37:01
8442,8442,240.23,Credit Card,Pending,2023-12-11 21:02:50
8443,8443,229.41,Paytm,Completed,2024-05-22 13:04:10
8444,8444,183.44,Credit Card,Completed,2024-01-21 01:21:29
8445,8445,705.78,UPI,Pending,2025-03-06 18:28:29
8446,8446,81.86,UPI,Completed,2024-11-09 04:30:57
8447,8447,420.97,UPI,Completed,2024-12-17 03:57:08
8448,8448,235.21,Cash,Completed,2025-05-21 10:53:41
8449,8449,267.44,Credit Card,Completed,2023-12-09 06:15:23
8450,8450,771.27,Credit Card,Completed,2025-02-11 02:47:55
8451,8451,436.01,UPI,Completed,2025-05-03 07:08:39
8452,8452,195.31,UPI,Completed,2024-10-17 04:57:33
8453,8453,695.73,Paytm,Completed,2023-09-25 05:02:22
8454,8454,614.06,UPI,Completed,2025-01-07 15:40:48
8455,8455,146.73,Credit Card,Completed,2024-03-29 05:03:40
8456,8456,702.1,Cash,Completed,2024-07-08 11:05:46
8457,8457,405.69,UPI,Completed,2025-05-27 16:39:30
8458,8458,619.58,Cash,Completed,2024-11-21 14:34:24
8459,8459,514.13,Credit Card,Completed,2024-07-01 01:39:24
8460,8460,478.96,Cash,Completed,2024-09-16 17:14:15
8461,8461,719.86,PayPal,Completed,2024-05-01 10:03:30
8462,8462,685.78,Cash,Completed,2023-10-04 19:03:09
8463,8463,259.75,Cash,Failed,2023-11-22 21:21:09
8464,8464,287.27,Cash,Completed,2025-05-21 03:22:20
8465,8465,397.12,Cash,Completed,2024-06-13 07:57:18
8466,8466,215.42,PayPal,Completed,2025-03-28 12:25:53
8467,8467,71.76,Credit Card,Pending,2024-08-17 01:37:24
8468,8468,58.3,Cash,Completed,2024-01-28 08:11:00
8469,8469,601.45,UPI,Completed,2024-11-04 23:33:22
8470,8470,397.73,Credit Card,Completed,2023-08-17 22:32:28
8471,8471,101.53,Credit Card,Completed,2025-02-22 22:36:28
8472,8472,731.13,Cash,Completed,2024-09-17 03:19:46
8473,8473,203.25,Credit Card,Completed,2025-05-25 12:11:03
8474,8474,104.76,UPI,Completed,2024-12-06 16:45:03
8475,8475,685.86,Credit Card,Completed,2024-07-04 23:35:48
8476,8476,245.51,PayPal,Completed,2024-11-04 18:41:46
8477,8477,464.58,UPI,Completed,2025-05-24 07:11:09
8478,8478,281.49,Cash,Completed,2024-12-24 01:17:11
8479,8479,319.32,PayPal,Completed,2025-07-06 01:30:00
8480,8480,401.42,PayPal,Completed,2025-04-12 12:54:28
8481,8481,731.44,UPI,Completed,2024-02-20 21:50:21
8482,8482,662.93,Cash,Completed,2025-01-04 01:55:51
8483,8483,173.88,Cash,Completed,2024-01-31 02:59:25
8484,8484,760.84,Credit Card,Completed,2024-12-22 13:56:09
8485,8485,435.74,Paytm,Completed,2024-09-18 18:23:23
8486,8486,620.95,UPI,Pending,2024-01-02 11:15:49
8487,8487,311.76,Cash,Completed,2024-08-18 02:32:21
8488,8488,651.1,PayPal,Completed,2024-02-17 01:55:02
8489,8489,428.25,Credit Card,Completed,2023-09-06 19:51:54
8490,8490,219.44,Cash,Completed,2025-02-09 19:28:19
8491,8491,144.79,Credit Card,Completed,2023-12-05 05:04:18
8492,8492,513.29,UPI,Completed,2024-05-14 13:26:04
8493,8493,360.32,PayPal,Pending,2025-01-21 00:57:48
8494,8494,85.74,PayPal,Completed,2024-04-16 03:53:13
8495,8495,473.9,Cash,Completed,2023-12-17 13:55:06
8496,8496,510.2,Paytm,Completed,2025-05-03 01:11:05
8497,8497,514.83,Paytm,Completed,2025-03-18 00:02:53
8498,8498,430.46,Cash,Completed,2025-04-08 04:23:52
8499,8499,717.79,UPI,Completed,2024-09-22 01:41:19
8500,8500,365.51,UPI,Completed,2025-05-24 08:20:50
8501,8501,240.22,Cash,Completed,2024-03-03 07:33:28
8502,8502,212.7,Cash,Completed,2025-02-03 05:03:44
8503,8503,483.73,Paytm,Pending,2023-08-30 05:27:21
8504,8504,696.61,UPI,Failed,2025-01-01 16:39:15
8505,8505,704.07,Paytm,Completed,2025-06-19 14:43:23
8506,8506,104.1,UPI,Completed,2023-09-19 23:23:36
8507,8507,742.61,Paytm,Failed,2025-04-29 04:01:53
8508,8508,654.5,Credit Card,Completed,2024-01-24 13:31:15
8509,8509,393.34,Cash,Completed,2024-12-08 07:19:31
8510,8510,118.78,Credit Card,Completed,2024-05-11 01:05:21
8511,8511,443.42,Credit Card,Completed,2024-01-21 13:24:35
8512,8512,658.8,Cash,Completed,2023-11-23 14:59:59
8513,8513,401.38,Cash,Pending,2024-02-28 10:19:42
8514,8514,300.92,Credit Card,Completed,2025-06-05 05:00:26
8515,8515,277.54,PayPal,Completed,2024-03-13 15:37:38
8516,8516,502.66,PayPal,Completed,2024-04-10 05:52:32
8517,8517,202.42,Paytm,Pending,2024-07-11 08:26:48
8518,8518,774.33,PayPal,Completed,2024-06-18 17:15:28
8519,8519,264.09,Cash,Completed,2024-08-28 11:28:11
8520,8520,571.31,Paytm,Failed,2024-09-22 14:48:03
8521,8521,498.22,Paytm,Completed,2025-07-25 05:29:01
8522,8522,758.69,Credit Card,Completed,2025-03-06 01:31:52
8523,8523,77.13,Credit Card,Completed,2025-05-07 22:28:31
8524,8524,638.21,Credit Card,Completed,2025-05-22 00:08:25
8525,8525,234.05,Paytm,Completed,2024-02-13 21:33:51
8526,8526,719.82,Cash,Completed,2024-01-15 11:59:50
8527,8527,54.31,UPI,Completed,2024-04-10 21:37:40
8528,8528,59.81,PayPal,Completed,2023-10-17 04:16:27
8529,8529,301.28,Cash,Completed,2024-06-04 06:37:54
8530,8530,119.99,PayPal,Completed,2024-06-08 20:27:38
8531,8531,540.47,PayPal,Completed,2023-09-04 12:30:56
8532,8532,788.4,UPI,Completed,2024-08-27 06:43:24
8533,8533,579.83,Credit Card,Completed,2024-08-11 22:39:44
8534,8534,636.08,PayPal,Completed,2023-12-29 13:18:06
8535,8535,523.85,Credit Card,Completed,2024-09-13 16:41:56
8536,8536,465.96,Paytm,Completed,2024-07-03 00:03:31
8537,8537,516.89,Cash,Completed,2024-06-05 14:13:44
8538,8538,541.13,PayPal,Completed,2025-07-04 14:24:07
8539,8539,743.52,Paytm,Completed,2025-07-20 09:48:13
8540,8540,442.72,PayPal,Completed,2024-07-23 14:37:23
8541,8541,594.88,Cash,Completed,2024-01-01 06:51:52
8542,8542,53.5,Cash,Completed,2025-04-14 22:06:41
8543,8543,569.14,UPI,Completed,2024-07-31 02:53:31
8544,8544,55.18,Credit Card,Completed,2024-09-06 13:01:09
8545,8545,313.42,UPI,Completed,2024-09-22 21:22:22
8546,8546,492.54,Credit Card,Completed,2025-07-17 05:01:30
8547,8547,365.33,Credit Card,Completed,2025-06-10 06:05:38
8548,8548,505.58,PayPal,Pending,2024-06-19 00:16:16
8549,8549,236.7,PayPal,Completed,2025-02-12 07:55:39
8550,8550,521.42,Credit Card,Completed,2025-02-02 23:34:23
8551,8551,661.13,Credit Card,Completed,2024-10-01 11:56:16
8552,8552,789.31,Cash,Pending,2025-02-03 04:07:54
8553,8553,775.67,PayPal,Completed,2025-07-06 19:04:31
8554,8554,433.72,Cash,Completed,2024-05-31 11:29:43
8555,8555,454.76,Credit Card,Completed,2024-07-21 02:40:32
8556,8556,622.13,PayPal,Completed,2023-10-26 16:36:51
8557,8557,64.72,UPI,Completed,2024-11-16 01:36:44
8558,8558,490.27,Cash,Completed,2025-07-15 20:27:44
8559,8559,211.44,PayPal,Completed,2025-02-12 03:25:19
8560,8560,241.62,Credit Card,Completed,2024-07-25 00:11:50
8561,8561,478.3,UPI,Completed,2023-10-26 08:53:07
8562,8562,160.0,Cash,Completed,2025-02-16 13:26:54
8563,8563,176.31,PayPal,Completed,2024-01-02 14:06:40
8564,8564,105.29,PayPal,Completed,2023-12-27 10:42:39
8565,8565,312.28,Credit Card,Completed,2023-08-14 19:09:47
8566,8566,529.62,Credit Card,Completed,2024-11-18 23:29:32
8567,8567,107.52,Credit Card,Completed,2024-12-24 16:57:04
8568,8568,379.66,Cash,Completed,2023-11-26 10:51:31
8569,8569,339.85,Paytm,Completed,2024-02-01 18:01:13
8570,8570,331.69,UPI,Completed,2025-03-27 12:05:30
8571,8571,758.38,Paytm,Completed,2025-03-27 13:30:17
8572,8572,414.17,Paytm,Completed,2025-04-06 19:12:42
8573,8573,614.27,Paytm,Completed,2023-12-27 16:08:22
8574,8574,464.74,Credit Card,Failed,2025-02-13 10:29:08
8575,8575,532.81,UPI,Completed,2024-06-20 10:04:42
8576,8576,477.79,PayPal,Completed,2024-08-19 01:28:27
8577,8577,212.55,UPI,Failed,2025-05-14 20:08:16
8578,8578,260.77,Credit Card,Completed,2024-08-07 11:05:40
8579,8579,329.3,Paytm,Completed,2025-07-18 04:00:14
8580,8580,321.17,UPI,Completed,2023-12-18 11:45:20
8581,8581,705.29,UPI,Completed,2023-12-09 04:00:43
8582,8582,583.73,Paytm,Completed,2024-08-12 12:35:12
8583,8583,775.44,Credit Card,Completed,2025-01-13 12:26:34
8584,8584,471.7,UPI,Completed,2024-06-12 19:16:36
8585,8585,754.9,Credit Card,Completed,2025-06-09 11:41:15
8586,8586,179.17,PayPal,Completed,2024-08-25 22:30:44
8587,8587,230.4,PayPal,Completed,2023-11-28 18:55:34
8588,8588,691.44,UPI,Completed,2024-01-25 17:10:30
8589,8589,330.28,UPI,Completed,2023-12-07 14:48:16
8590,8590,329.87,PayPal,Completed,2024-01-19 04:01:33
8591,8591,86.97,UPI,Completed,2025-05-26 01:51:14
8592,8592,706.31,UPI,Completed,2023-12-13 16:21:40
8593,8593,411.97,UPI,Completed,2025-05-25 11:14:04
8594,8594,516.25,Cash,Completed,2024-10-23 15:54:27
8595,8595,620.57,Paytm,Completed,2025-05-25 22:11:11
8596,8596,203.6,PayPal,Completed,2024-12-10 19:10:45
8597,8597,404.65,Cash,Completed,2025-06-23 02:01:59
8598,8598,451.18,Credit Card,Completed,2023-08-10 17:20:26
8599,8599,726.75,UPI,Completed,2024-07-28 17:36:17
8600,8600,213.4,Cash,Completed,2024-04-23 14:18:13
8601,8601,192.05,Credit Card,Completed,2025-01-09 23:47:29
8602,8602,235.69,Cash,Completed,2025-02-25 03:27:45
8603,8603,745.58,Credit Card,Completed,2024-07-06 09:51:08
8604,8604,103.3,UPI,Completed,2024-09-19 13:49:33
8605,8605,364.0,PayPal,Completed,2023-11-04 10:38:22
8606,8606,337.52,UPI,Completed,2024-10-10 03:13:12
8607,8607,616.15,Paytm,Completed,2025-04-28 05:07:23
8608,8608,434.87,PayPal,Pending,2024-10-15 11:48:59
8609,8609,253.78,Credit Card,Completed,2025-03-21 13:39:19
8610,8610,204.09,Paytm,Completed,2023-09-30 07:29:31
8611,8611,337.55,UPI,Completed,2024-10-20 16:39:18
8612,8612,273.88,UPI,Completed,2024-05-06 22:00:43
8613,8613,371.61,Credit Card,Completed,2024-04-11 22:08:35
8614,8614,579.0,UPI,Completed,2025-06-13 01:47:23
8615,8615,684.33,UPI,Completed,2024-08-05 17:48:43
8616,8616,186.13,Cash,Completed,2024-07-16 17:11:31
8617,8617,469.02,Credit Card,Completed,2024-03-11 17:42:46
8618,8618,287.4,UPI,Completed,2025-06-11 16:03:20
8619,8619,204.84,UPI,Completed,2024-02-27 19:56:09
8620,8620,481.15,Cash,Completed,2024-07-14 04:10:58
8621,8621,615.43,Paytm,Completed,2024-05-30 18:06:36
8622,8622,164.69,Cash,Completed,2025-01-28 06:04:00
8623,8623,309.03,Cash,Completed,2024-11-16 17:51:51
8624,8624,266.27,Credit Card,Completed,2024-06-21 12:39:30
8625,8625,630.8,PayPal,Pending,2023-10-22 20:59:42
8626,8626,153.63,Paytm,Completed,2025-03-04 14:50:31
8627,8627,157.7,Credit Card,Completed,2024-12-01 20:48:43
8628,8628,718.2,Paytm,Completed,2023-09-04 03:03:10
8629,8629,529.93,Cash,Completed,2023-10-24 18:31:15
8630,8630,523.17,UPI,Completed,2024-06-24 01:37:22
8631,8631,661.71,Credit Card,Completed,2024-11-20 00:18:48
8632,8632,609.73,Cash,Completed,2023-12-18 15:41:00
8633,8633,269.3,Cash,Completed,2025-06-07 00:43:31
8634,8634,130.0,Paytm,Completed,2023-10-03 18:17:11
8635,8635,550.92,Cash,Completed,2023-08-24 14:30:20
8636,8636,686.65,PayPal,Completed,2024-11-22 08:46:30
8637,8637,571.49,Paytm,Completed,2024-12-19 07:58:37
8638,8638,735.13,UPI,Completed,2024-09-26 03:10:30
8639,8639,325.7,Credit Card,Completed,2024-02-08 06:30:00
8640,8640,552.25,Credit Card,Completed,2025-02-17 18:29:01
8641,8641,532.98,Credit Card,Completed,2023-09-21 02:38:15
8642,8642,485.6,Cash,Completed,2024-11-11 05:58:20
8643,8643,652.36,UPI,Completed,2025-06-26 08:36:31
8644,8644,780.55,PayPal,Failed,2023-11-24 20:22:54
8645,8645,518.77,UPI,Completed,2024-03-17 14:15:14
8646,8646,199.39,UPI,Completed,2025-06-02 13:25:40
8647,8647,110.87,Credit Card,Completed,2025-08-03 22:15:20
8648,8648,98.33,Credit Card,Failed,2024-05-08 16:51:14
8649,8649,337.54,PayPal,Completed,2023-09-10 21:21:19
8650,8650,573.39,Credit Card,Completed,2025-07-21 18:32:52
8651,8651,76.3,Credit Card,Completed,2023-08-08 20:49:37
8652,8652,287.46,Credit Card,Completed,2024-03-31 15:37:30
8653,8653,345.39,Cash,Completed,2024-11-30 21:04:34
8654,8654,250.07,UPI,Completed,2024-06-12 23:20:20
8655,8655,560.14,UPI,Completed,2024-09-21 20:32:44
8656,8656,530.3,PayPal,Pending,2024-08-16 16:27:10
8657,8657,775.53,Paytm,Failed,2025-06-03 06:23:16
8658,8658,651.05,Credit Card,Completed,2025-06-22 12:26:31
8659,8659,507.03,Credit Card,Completed,2024-12-16 21:35:36
8660,8660,734.08,Credit Card,Completed,2025-02-27 05:40:38
8661,8661,166.74,Paytm,Completed,2023-09-14 14:39:26
8662,8662,682.31,PayPal,Completed,2024-09-14 03:02:29
8663,8663,145.43,UPI,Completed,2024-10-24 05:29:45
8664,8664,284.35,Paytm,Completed,2024-01-30 14:32:36
8665,8665,604.54,Paytm,Completed,2024-07-08 11:04:12
8666,8666,187.64,Credit Card,Completed,2025-01-21 15:11:01
8667,8667,383.64,Paytm,Completed,2023-10-21 16:35:37
8668,8668,410.01,Cash,Completed,2024-06-06 08:58:41
8669,8669,84.68,Paytm,Completed,2025-04-21 21:17:10
8670,8670,710.34,Cash,Completed,2025-06-28 10:46:56
8671,8671,148.75,Cash,Completed,2025-03-19 16:23:19
8672,8672,366.36,Credit Card,Completed,2023-11-10 22:19:33
8673,8673,543.12,UPI,Completed,2023-12-09 23:35:52
8674,8674,395.06,Cash,Completed,2023-12-11 10:08:26
8675,8675,313.27,UPI,Completed,2024-07-19 06:05:36
8676,8676,232.32,Credit Card,Completed,2025-06-11 05:39:05
8677,8677,142.38,Cash,Completed,2024-12-14 11:37:50
8678,8678,138.89,PayPal,Completed,2023-09-16 06:46:28
8679,8679,537.87,Cash,Completed,2023-09-09 19:39:46
8680,8680,721.7,PayPal,Failed,2025-03-02 08:50:57
8681,8681,433.49,UPI,Completed,2023-12-21 13:30:10
8682,8682,111.59,PayPal,Completed,2024-06-14 06:40:36
8683,8683,362.0,Cash,Completed,2023-10-16 08:19:26
8684,8684,587.94,Credit Card,Completed,2024-07-06 17:45:54
8685,8685,605.62,Credit Card,Completed,2024-07-10 02:13:58
8686,8686,554.2,Cash,Completed,2024-10-22 04:39:42
8687,8687,738.08,PayPal,Completed,2024-05-04 04:51:20
8688,8688,53.7,UPI,Completed,2024-01-19 11:16:43
8689,8689,748.83,Cash,Completed,2025-03-19 14:05:29
8690,8690,718.42,Paytm,Completed,2024-03-23 07:24:36
8691,8691,786.54,Paytm,Completed,2024-01-24 01:39:53
8692,8692,288.84,Cash,Completed,2023-12-23 17:40:59
8693,8693,617.46,PayPal,Completed,2024-11-30 22:41:51
8694,8694,97.76,Credit Card,Completed,2024-04-25 13:16:31
8695,8695,135.42,Paytm,Completed,2023-09-22 02:12:47
8696,8696,533.58,Credit Card,Completed,2025-02-12 14:44:07
8697,8697,190.82,Paytm,Completed,2024-06-03 00:38:02
8698,8698,314.1,Cash,Completed,2024-12-28 19:49:31
8699,8699,56.88,Paytm,Completed,2024-02-23 00:57:11
8700,8700,310.73,UPI,Completed,2024-06-05 06:27:10
8701,8701,379.52,Credit Card,Completed,2023-08-24 00:59:45
8702,8702,62.82,UPI,Completed,2023-08-28 05:02:37
8703,8703,505.45,Cash,Failed,2025-04-27 08:36:18
8704,8704,623.25,Credit Card,Completed,2023-10-15 05:44:29
8705,8705,186.36,Cash,Completed,2025-06-12 19:59:56
8706,8706,485.24,Cash,Completed,2024-05-18 17:05:40
8707,8707,514.93,PayPal,Completed,2025-04-21 10:29:46
8708,8708,210.11,Paytm,Completed,2024-05-06 21:18:56
8709,8709,138.65,UPI,Completed,2023-11-05 00:31:01
8710,8710,223.94,PayPal,Completed,2024-06-10 00:42:50
8711,8711,471.33,Credit Card,Completed,2024-07-09 04:49:43
8712,8712,566.3,Paytm,Completed,2023-08-11 01:45:07
8713,8713,321.39,UPI,Completed,2024-08-07 22:02:59
8714,8714,121.48,Cash,Completed,2023-12-22 12:47:48
8715,8715,568.9,Credit Card,Pending,2024-09-26 22:59:42
8716,8716,727.47,Credit Card,Completed,2025-07-15 06:48:11
8717,8717,411.56,Credit Card,Completed,2024-10-19 19:16:46
8718,8718,131.78,Cash,Completed,2024-12-30 04:27:31
8719,8719,566.58,Credit Card,Completed,2024-09-25 08:58:43
8720,8720,557.89,PayPal,Completed,2025-06-14 17:42:17
8721,8721,439.69,Paytm,Completed,2024-12-19 12:30:46
8722,8722,288.78,PayPal,Completed,2024-06-01 15:06:25
8723,8723,157.89,Cash,Failed,2024-04-14 07:37:48
8724,8724,425.44,UPI,Completed,2024-09-07 13:22:24
8725,8725,136.73,UPI,Completed,2025-05-03 22:26:48
8726,8726,339.02,Credit Card,Completed,2024-01-30 01:51:13
8727,8727,733.46,UPI,Completed,2023-09-11 07:32:46
8728,8728,455.73,Cash,Completed,2024-11-05 09:16:55
8729,8729,484.98,Cash,Completed,2024-09-08 10:22:17
8730,8730,465.88,Credit Card,Completed,2025-06-21 17:16:03
8731,8731,445.65,UPI,Completed,2024-01-26 14:35:54
8732,8732,406.51,UPI,Completed,2025-07-26 05:06:43
8733,8733,364.22,Paytm,Pending,2024-07-09 07:13:49
8734,8734,663.95,Paytm,Completed,2024-06-27 01:31:30
8735,8735,766.33,Paytm,Completed,2024-12-25 20:05:21
8736,8736,570.49,Paytm,Failed,2024-03-28 17:07:58
8737,8737,172.14,UPI,Completed,2025-06-21 10:30:53
8738,8738,330.84,Credit Card,Completed,2025-06-09 23:40:56
8739,8739,566.68,Credit Card,Completed,2025-02-28 20:39:15
8740,8740,510.41,Cash,Completed,2023-10-16 19:10:29
8741,8741,289.83,UPI,Completed,2025-05-22 16:58:47
8742,8742,630.23,UPI,Completed,2024-06-23 00:31:08
8743,8743,156.21,PayPal,Completed,2024-05-22 09:02:16
8744,8744,551.93,Paytm,Completed,2023-08-18 05:32:15
8745,8745,466.98,Cash,Pending,2025-04-23 06:37:04
8746,8746,238.57,Cash,Completed,2024-08-07 00:40:15
8747,8747,208.0,PayPal,Completed,2025-02-13 11:10:45
8748,8748,717.61,Cash,Completed,2025-08-02 13:48:18
8749,8749,561.79,UPI,Completed,2024-06-03 08:02:36
8750,8750,125.92,Paytm,Completed,2024-05-15 13:54:55
8751,8751,603.21,Paytm,Completed,2024-06-05 01:37:45
8752,8752,592.55,PayPal,Completed,2024-08-13 00:41:11
8753,8753,688.94,UPI,Completed,2025-06-12 21:19:00
8754,8754,688.37,Cash,Completed,2024-02-07 02:39:31
8755,8755,653.02,Cash,Completed,2024-09-26 03:21:28
8756,8756,321.09,PayPal,Completed,2025-03-30 07:05:10
8757,8757,701.78,Credit Card,Completed,2024-05-04 05:46:32
8758,8758,532.86,UPI,Completed,2024-07-26 10:19:43
8759,8759,740.83,Credit Card,Completed,2024-05-17 13:22:40
8760,8760,204.65,Paytm,Completed,2023-09-25 06:40:12
8761,8761,501.08,Cash,Completed,2025-07-16 19:28:12
8762,8762,133.69,PayPal,Completed,2024-07-17 10:49:50
8763,8763,509.91,Paytm,Completed,2023-10-13 23:52:04
8764,8764,783.64,Paytm,Completed,2024-03-13 12:01:14
8765,8765,614.42,PayPal,Completed,2024-05-09 16:55:47
8766,8766,53.12,PayPal,Completed,2023-12-16 04:25:03
8767,8767,548.68,Cash,Completed,2023-12-13 21:14:28
8768,8768,486.63,Credit Card,Completed,2024-04-02 07:56:06
8769,8769,593.76,Paytm,Completed,2023-09-28 20:30:58
8770,8770,550.57,Cash,Completed,2025-04-30 05:41:29
8771,8771,123.57,Cash,Completed,2024-03-01 05:38:17
8772,8772,216.1,Paytm,Completed,2025-03-08 04:50:04
8773,8773,524.78,UPI,Completed,2025-01-04 13:53:26
8774,8774,469.94,UPI,Completed,2024-11-05 14:13:37
8775,8775,389.16,Cash,Completed,2023-11-03 12:46:07
8776,8776,766.38,UPI,Completed,2024-12-18 11:03:16
8777,8777,512.5,UPI,Pending,2025-02-15 23:58:20
8778,8778,224.03,Paytm,Completed,2023-09-17 21:21:55
8779,8779,456.62,Cash,Completed,2025-07-11 09:53:12
8780,8780,56.31,Credit Card,Completed,2024-10-21 23:42:00
8781,8781,654.15,UPI,Completed,2025-04-06 16:02:03
8782,8782,540.24,Cash,Failed,2023-08-22 07:21:24
8783,8783,528.37,Credit Card,Completed,2024-12-05 23:20:31
8784,8784,251.23,Paytm,Completed,2024-04-12 20:16:51
8785,8785,783.64,Credit Card,Completed,2025-06-14 04:49:16
8786,8786,706.99,Cash,Completed,2024-01-17 14:50:11
8787,8787,238.89,Credit Card,Completed,2024-10-23 21:34:18
8788,8788,88.72,Paytm,Completed,2025-05-09 23:11:21
8789,8789,62.4,PayPal,Failed,2023-08-23 00:46:29
8790,8790,636.24,Credit Card,Completed,2024-03-12 20:20:17
8791,8791,237.52,PayPal,Completed,2023-09-07 07:45:09
8792,8792,423.13,PayPal,Completed,2023-09-18 11:05:55
8793,8793,103.1,Cash,Completed,2025-07-03 11:33:39
8794,8794,529.1,UPI,Completed,2024-03-01 02:04:50
8795,8795,187.01,UPI,Completed,2025-02-22 22:48:26
8796,8796,101.13,UPI,Completed,2024-03-17 23:55:46
8797,8797,629.45,PayPal,Completed,2024-02-23 21:25:26
8798,8798,244.17,Cash,Completed,2023-10-26 12:21:00
8799,8799,297.8,UPI,Completed,2025-06-12 02:33:23
8800,8800,527.6,PayPal,Completed,2024-10-09 03:20:19
8801,8801,188.55,PayPal,Completed,2023-11-01 19:47:32
8802,8802,221.16,UPI,Completed,2025-04-05 12:33:58
8803,8803,638.26,Paytm,Completed,2025-07-26 19:24:19
8804,8804,178.51,Credit Card,Completed,2024-07-29 08:06:07
8805,8805,524.98,Cash,Completed,2024-06-29 03:33:39
8806,8806,683.37,Cash,Completed,2024-10-16 23:19:20
8807,8807,75.26,Paytm,Completed,2024-01-31 09:46:23
8808,8808,773.4,UPI,Pending,2024-04-28 08:46:24
8809,8809,759.92,PayPal,Completed,2023-09-19 08:07:20
8810,8810,727.61,Paytm,Pending,2024-10-09 03:12:21
8811,8811,506.29,Cash,Completed,2025-03-24 22:38:03
8812,8812,181.26,UPI,Completed,2024-01-22 05:18:58
8813,8813,66.42,UPI,Completed,2025-02-02 20:38:31
8814,8814,560.28,PayPal,Completed,2024-08-05 00:26:43
8815,8815,752.87,Paytm,Completed,2025-07-26 18:18:22
8816,8816,495.66,UPI,Completed,2024-12-10 12:15:02
8817,8817,380.29,Credit Card,Completed,2023-08-30 03:12:49
8818,8818,133.41,UPI,Completed,2023-09-12 11:44:18
8819,8819,543.58,Paytm,Completed,2025-04-06 11:05:59
8820,8820,195.64,Paytm,Completed,2024-06-04 02:44:25
8821,8821,255.7,Paytm,Completed,2024-04-05 04:29:58
8822,8822,543.29,Paytm,Completed,2024-09-06 21:30:57
8823,8823,767.0,Cash,Completed,2024-06-29 13:07:14
8824,8824,256.61,Credit Card,Completed,2025-01-22 11:12:55
8825,8825,793.45,PayPal,Completed,2024-09-03 07:03:01
8826,8826,189.99,UPI,Completed,2025-01-14 13:00:37
8827,8827,138.03,PayPal,Completed,2024-12-18 05:34:07
8828,8828,59.21,UPI,Completed,2025-05-11 07:07:48
8829,8829,243.59,Cash,Completed,2024-11-03 01:16:44
8830,8830,290.65,Cash,Completed,2023-12-23 21:54:55
8831,8831,386.04,Credit Card,Completed,2024-01-16 09:19:40
8832,8832,87.07,Paytm,Completed,2025-06-23 15:55:07
8833,8833,422.93,Cash,Pending,2025-02-25 16:18:11
8834,8834,794.57,Paytm,Completed,2025-05-05 17:28:33
8835,8835,753.26,Cash,Completed,2025-05-28 11:58:46
8836,8836,629.13,Cash,Pending,2025-06-13 01:39:40
8837,8837,120.78,PayPal,Completed,2025-04-06 23:22:28
8838,8838,767.53,Cash,Pending,2024-01-27 11:54:39
8839,8839,693.82,Cash,Completed,2025-07-24 05:51:18
8840,8840,589.18,Credit Card,Completed,2025-05-28 02:11:20
8841,8841,579.59,PayPal,Completed,2024-08-17 03:11:41
8842,8842,100.31,UPI,Completed,2024-11-16 08:21:11
8843,8843,155.3,Cash,Completed,2023-11-23 19:08:18
8844,8844,88.24,PayPal,Completed,2023-08-18 20:12:43
8845,8845,159.47,Credit Card,Completed,2024-06-15 11:34:19
8846,8846,796.85,Paytm,Pending,2024-01-08 06:04:08
8847,8847,125.41,Cash,Completed,2024-09-26 08:34:23
8848,8848,773.26,UPI,Completed,2023-08-25 19:19:35
8849,8849,505.39,PayPal,Completed,2024-08-09 23:20:15
8850,8850,768.47,Paytm,Completed,2025-04-25 19:01:59
8851,8851,559.14,PayPal,Completed,2024-06-06 11:05:32
8852,8852,384.48,UPI,Completed,2024-11-01 23:56:10
8853,8853,624.18,Credit Card,Completed,2024-06-18 11:01:28
8854,8854,215.14,Paytm,Completed,2024-12-02 14:27:24
8855,8855,186.59,UPI,Completed,2025-07-26 16:48:17
8856,8856,680.77,Paytm,Completed,2024-08-25 23:24:06
8857,8857,683.01,Cash,Completed,2023-12-04 11:36:07
8858,8858,504.01,Paytm,Completed,2024-11-11 19:34:25
8859,8859,667.69,Cash,Completed,2023-08-30 02:42:56
8860,8860,714.87,UPI,Completed,2025-06-21 12:18:57
8861,8861,357.1,Cash,Completed,2023-09-18 15:11:29
8862,8862,563.96,Cash,Completed,2024-05-22 22:21:10
8863,8863,180.7,Credit Card,Completed,2024-03-02 13:44:44
8864,8864,412.32,PayPal,Completed,2024-02-07 13:35:37
8865,8865,529.86,Paytm,Completed,2025-01-10 10:20:49
8866,8866,180.98,Cash,Completed,2024-12-13 20:05:54
8867,8867,500.69,UPI,Pending,2025-03-30 03:54:25
8868,8868,781.05,Credit Card,Completed,2024-10-13 09:59:53
8869,8869,785.71,UPI,Completed,2025-05-06 11:08:23
8870,8870,760.95,Cash,Completed,2025-01-03 18:18:59
8871,8871,145.5,PayPal,Completed,2025-06-27 14:08:25
8872,8872,720.99,Paytm,Completed,2024-04-02 19:26:06
8873,8873,622.93,Cash,Completed,2023-12-04 02:48:15
8874,8874,83.61,Credit Card,Completed,2024-09-12 00:24:07
8875,8875,165.41,PayPal,Completed,2023-11-29 19:08:50
8876,8876,716.23,Cash,Completed,2024-02-14 21:47:08
8877,8877,51.38,Paytm,Completed,2024-11-08 07:55:39
8878,8878,262.69,Cash,Completed,2025-04-19 00:30:39
8879,8879,647.77,PayPal,Completed,2024-07-01 14:15:06
8880,8880,500.42,Credit Card,Completed,2024-02-01 22:09:23
8881,8881,532.5,UPI,Completed,2024-11-02 20:43:16
8882,8882,90.56,PayPal,Completed,2023-11-10 08:39:57
8883,8883,216.51,Credit Card,Completed,2024-06-14 06:59:26
8884,8884,56.39,Paytm,Completed,2025-06-09 09:57:43
8885,8885,699.83,Paytm,Completed,2025-02-13 08:21:53
8886,8886,128.78,UPI,Pending,2025-06-21 08:20:08
8887,8887,178.85,Paytm,Completed,2024-02-06 15:12:21
8888,8888,164.18,PayPal,Completed,2025-06-25 14:02:24
8889,8889,781.05,UPI,Completed,2025-03-23 07:51:08
8890,8890,330.16,PayPal,Pending,2024-09-28 18:07:11
8891,8891,189.24,PayPal,Completed,2024-09-03 16:41:44
8892,8892,65.91,Paytm,Completed,2025-05-28 08:44:46
8893,8893,629.48,Cash,Completed,2025-03-09 05:25:19
8894,8894,521.83,Credit Card,Pending,2024-08-31 09:21:00
8895,8895,360.3,UPI,Completed,2024-12-13 18:24:56
8896,8896,109.89,PayPal,Completed,2024-09-07 23:01:51
8897,8897,747.25,PayPal,Completed,2024-07-14 04:51:50
8898,8898,385.17,Credit Card,Completed,2023-08-20 09:50:29
8899,8899,374.99,Credit Card,Pending,2024-04-08 21:32:05
8900,8900,639.53,PayPal,Pending,2023-11-16 10:25:55
8901,8901,468.9,Paytm,Completed,2024-08-10 22:11:00
8902,8902,680.25,UPI,Completed,2024-06-09 21:02:37
8903,8903,227.5,Cash,Completed,2024-08-30 01:31:41
8904,8904,613.19,Credit Card,Completed,2024-01-07 06:29:18
8905,8905,463.65,PayPal,Completed,2024-07-22 01:21:00
8906,8906,784.52,Cash,Completed,2024-12-04 05:35:52
8907,8907,72.35,PayPal,Pending,2024-02-12 04:49:26
8908,8908,432.19,Cash,Completed,2025-06-25 12:22:06
8909,8909,790.04,UPI,Completed,2024-04-18 16:40:22
8910,8910,346.78,Paytm,Failed,2024-02-27 05:36:57
8911,8911,323.69,PayPal,Completed,2025-05-08 06:53:30
8912,8912,734.32,PayPal,Completed,2024-09-10 09:53:16
8913,8913,261.81,Cash,Completed,2025-04-30 20:54:25
8914,8914,682.16,PayPal,Completed,2024-12-20 23:49:10
8915,8915,453.26,UPI,Completed,2025-04-22 02:24:42
8916,8916,511.7,Cash,Completed,2024-06-03 00:21:33
8917,8917,245.48,Credit Card,Completed,2024-06-13 18:51:54
8918,8918,652.98,PayPal,Completed,2025-05-27 19:29:19
8919,8919,457.82,Credit Card,Completed,2024-10-22 08:00:42
8920,8920,410.49,Cash,Completed,2023-10-18 02:05:19
8921,8921,185.74,PayPal,Completed,2024-03-12 19:28:00
8922,8922,318.19,Paytm,Completed,2025-04-04 07:58:37
8923,8923,627.2,Paytm,Completed,2023-11-17 02:40:34
8924,8924,311.03,Paytm,Completed,2024-04-05 03:36:49
8925,8925,442.98,Cash,Completed,2025-04-13 23:17:08
8926,8926,507.73,Paytm,Completed,2025-07-18 16:40:18
8927,8927,705.03,Credit Card,Completed,2024-04-17 04:51:09
8928,8928,737.98,Paytm,Pending,2024-04-01 00:04:17
8929,8929,465.51,UPI,Completed,2023-11-24 08:04:20
8930,8930,545.16,Paytm,Pending,2024-04-13 14:50:17
8931,8931,551.84,Paytm,Completed,2024-12-26 22:17:15
8932,8932,525.22,UPI,Completed,2025-04-08 15:13:32
8933,8933,539.62,UPI,Pending,2024-04-10 20:09:23
8934,8934,780.97,PayPal,Completed,2024-04-30 00:10:15
8935,8935,692.46,PayPal,Failed,2025-01-12 09:11:14
8936,8936,323.8,UPI,Completed,2024-11-12 18:16:40
8937,8937,141.05,PayPal,Completed,2024-11-02 11:38:31
8938,8938,518.77,PayPal,Completed,2023-12-03 02:47:45
8939,8939,628.81,Credit Card,Completed,2025-04-11 17:56:03
8940,8940,58.19,PayPal,Completed,2025-01-23 06:48:52
8941,8941,219.71,Paytm,Completed,2025-05-11 09:49:36
8942,8942,233.08,UPI,Completed,2025-07-07 11:22:56
8943,8943,140.96,PayPal,Completed,2024-09-12 21:47:04
8944,8944,143.33,Cash,Completed,2025-07-30 13:23:04
8945,8945,180.15,Credit Card,Completed,2025-04-20 02:54:53
8946,8946,615.91,Credit Card,Completed,2024-04-27 08:54:42
8947,8947,414.3,Paytm,Completed,2025-01-10 20:05:55
8948,8948,391.42,PayPal,Completed,2024-02-05 15:49:16
8949,8949,655.01,Paytm,Completed,2024-01-07 18:03:52
8950,8950,580.11,Credit Card,Completed,2025-05-27 21:49:49
8951,8951,580.5,Paytm,Completed,2025-01-10 23:55:37
8952,8952,331.84,PayPal,Failed,2024-10-12 00:58:45
8953,8953,155.8,Credit Card,Failed,2025-06-29 15:21:59
8954,8954,79.66,Credit Card,Completed,2024-08-24 23:44:25
8955,8955,619.63,PayPal,Completed,2024-06-12 03:58:41
8956,8956,422.64,Cash,Completed,2024-04-12 04:49:40
8957,8957,658.3,Paytm,Completed,2024-12-10 18:24:48
8958,8958,788.37,Paytm,Completed,2025-06-26 11:52:20
8959,8959,525.36,Cash,Completed,2024-08-11 16:57:06
8960,8960,212.06,UPI,Completed,2024-05-21 13:48:28
8961,8961,571.65,PayPal,Completed,2024-10-10 05:40:38
8962,8962,745.91,Cash,Completed,2023-11-24 05:29:56
8963,8963,272.94,Cash,Completed,2024-02-21 20:26:19
8964,8964,715.0,Cash,Completed,2023-08-27 16:01:03
8965,8965,780.4,Paytm,Completed,2024-10-08 22:01:18
8966,8966,324.7,PayPal,Completed,2024-01-29 12:47:53
8967,8967,325.09,Paytm,Completed,2024-02-26 10:25:40
8968,8968,320.79,Credit Card,Pending,2023-10-20 01:04:51
8969,8969,630.39,Paytm,Completed,2024-05-07 15:04:21
8970,8970,51.89,Paytm,Completed,2024-09-06 01:14:53
8971,8971,352.1,Credit Card,Completed,2025-01-24 14:30:34
8972,8972,222.92,UPI,Completed,2024-04-27 15:21:56
8973,8973,151.43,UPI,Completed,2024-10-15 09:15:03
8974,8974,571.53,PayPal,Completed,2024-01-15 14:08:55
8975,8975,398.8,Paytm,Completed,2024-11-02 08:46:41
8976,8976,639.69,UPI,Completed,2023-12-31 18:11:34
8977,8977,329.28,Credit Card,Completed,2024-06-03 23:09:21
8978,8978,583.67,Paytm,Completed,2024-06-12 14:29:47
8979,8979,383.88,PayPal,Completed,2023-09-13 00:05:59
8980,8980,329.62,Cash,Completed,2024-04-19 03:07:19
8981,8981,402.17,Paytm,Completed,2024-05-18 06:31:41
8982,8982,792.24,Cash,Completed,2025-01-02 08:54:49
8983,8983,533.43,Paytm,Completed,2024-12-09 12:37:10
8984,8984,582.77,Credit Card,Completed,2024-01-01 17:39:17
8985,8985,182.41,Credit Card,Pending,2024-07-13 02:57:01
8986,8986,695.28,PayPal,Completed,2025-02-20 08:17:55
8987,8987,749.33,UPI,Completed,2024-09-06 06:07:39
8988,8988,556.37,Cash,Completed,2023-12-07 20:39:28
8989,8989,337.92,Credit Card,Completed,2025-07-17 11:09:41
8990,8990,411.09,Cash,Completed,2025-04-25 08:59:06
8991,8991,340.98,Paytm,Completed,2024-10-24 05:28:04
8992,8992,668.9,UPI,Completed,2023-10-23 13:16:20
8993,8993,319.24,Credit Card,Completed,2025-07-06 06:54:18
8994,8994,652.53,PayPal,Completed,2024-04-15 12:29:21
8995,8995,727.6,Credit Card,Completed,2024-10-21 04:23:07
8996,8996,340.2,PayPal,Completed,2024-05-08 18:45:28
8997,8997,382.81,PayPal,Failed,2023-08-18 10:17:52
8998,8998,180.78,Cash,Completed,2025-06-02 02:32:21
8999,8999,414.85,Credit Card,Completed,2024-08-01 00:35:14
9000,9000,455.87,Cash,Completed,2025-03-04 11:34:55
9001,9001,230.03,Cash,Completed,2023-10-22 19:48:01
9002,9002,133.21,Credit Card,Completed,2024-06-30 16:33:59
9003,9003,436.45,Credit Card,Completed,2023-11-10 23:39:16
9004,9004,390.46,Cash,Completed,2024-07-24 13:14:22
9005,9005,252.83,Cash,Completed,2024-08-30 20:52:49
9006,9006,639.28,Paytm,Completed,2025-04-02 01:41:51
9007,9007,124.78,Cash,Completed,2025-05-17 23:31:04
9008,9008,196.09,Cash,Completed,2024-05-20 15:42:12
9009,9009,478.16,Paytm,Completed,2024-03-17 09:10:25
9010,9010,526.82,Credit Card,Completed,2024-08-17 17:14:24
9011,9011,724.05,Cash,Completed,2024-03-02 06:20:02
9012,9012,705.73,PayPal,Completed,2023-11-28 10:15:02
9013,9013,563.46,UPI,Completed,2024-10-22 12:41:37
9014,9014,786.22,PayPal,Pending,2023-09-07 15:54:29
9015,9015,628.65,UPI,Completed,2024-05-20 10:13:28
9016,9016,406.83,Cash,Completed,2024-08-09 21:45:33
9017,9017,664.87,Paytm,Completed,2025-05-16 21:22:02
9018,9018,52.44,Cash,Completed,2025-07-14 02:03:58
9019,9019,356.17,PayPal,Completed,2024-09-16 01:46:47
9020,9020,210.24,Cash,Completed,2024-10-29 19:07:32
9021,9021,668.81,Cash,Completed,2024-05-09 00:42:15
9022,9022,546.89,UPI,Completed,2024-12-22 06:49:33
9023,9023,263.75,PayPal,Completed,2024-09-09 14:52:23
9024,9024,790.45,UPI,Pending,2025-07-16 22:20:31
9025,9025,631.38,PayPal,Completed,2024-12-22 03:06:49
9026,9026,795.11,Cash,Completed,2025-02-23 05:56:20
9027,9027,656.55,PayPal,Completed,2025-05-01 18:45:46
9028,9028,170.74,Paytm,Completed,2024-02-26 19:43:53
9029,9029,490.27,Cash,Completed,2023-12-03 09:22:48
9030,9030,297.21,Paytm,Pending,2025-03-16 12:57:58
9031,9031,361.83,Credit Card,Completed,2024-11-27 01:01:13
9032,9032,633.46,Cash,Completed,2025-05-25 11:57:33
9033,9033,277.09,PayPal,Completed,2024-04-17 16:28:51
9034,9034,748.3,Credit Card,Completed,2025-07-10 16:03:38
9035,9035,352.97,UPI,Completed,2023-12-22 06:43:31
9036,9036,319.18,Paytm,Completed,2024-03-13 04:02:37
9037,9037,454.9,Paytm,Completed,2024-11-24 21:46:45
9038,9038,453.45,UPI,Failed,2024-06-21 10:08:26
9039,9039,718.95,Credit Card,Failed,2025-04-24 18:29:15
9040,9040,384.46,Paytm,Completed,2024-07-26 00:10:13
9041,9041,571.29,Cash,Completed,2023-12-09 00:08:57
9042,9042,587.82,PayPal,Completed,2024-05-23 13:26:28
9043,9043,329.8,UPI,Completed,2024-11-02 16:24:29
9044,9044,53.29,UPI,Completed,2024-05-29 06:52:29
9045,9045,797.01,Cash,Completed,2023-10-13 20:34:55
9046,9046,161.03,UPI,Completed,2024-11-12 21:02:03
9047,9047,711.71,PayPal,Pending,2024-12-07 10:35:01
9048,9048,326.25,Cash,Completed,2023-10-22 19:04:55
9049,9049,411.11,UPI,Completed,2025-05-09 22:55:00
9050,9050,78.6,Paytm,Completed,2023-12-20 10:34:17
9051,9051,654.9,Credit Card,Completed,2024-01-03 00:00:40
9052,9052,722.85,Cash,Completed,2025-04-20 03:46:28
9053,9053,618.4,Paytm,Completed,2025-03-24 01:52:43
9054,9054,139.43,Paytm,Completed,2024-10-01 20:55:10
9055,9055,397.46,Paytm,Completed,2023-08-16 01:53:54
9056,9056,441.99,Cash,Completed,2024-04-20 05:41:27
9057,9057,319.87,Credit Card,Pending,2023-09-10 02:27:18
9058,9058,529.35,UPI,Completed,2024-09-10 13:30:43
9059,9059,590.35,Cash,Completed,2025-03-31 05:19:05
9060,9060,606.46,Credit Card,Completed,2025-01-10 00:10:44
9061,9061,591.52,Credit Card,Completed,2025-07-20 13:19:58
9062,9062,720.96,PayPal,Completed,2025-02-02 19:26:51
9063,9063,252.89,UPI,Completed,2024-02-15 06:51:32
9064,9064,492.66,Cash,Pending,2024-01-25 18:14:56
9065,9065,390.78,Paytm,Completed,2024-04-05 19:05:00
9066,9066,593.27,UPI,Completed,2023-08-18 18:54:02
9067,9067,106.13,Paytm,Completed,2024-04-04 03:30:04
9068,9068,385.94,Cash,Completed,2023-12-12 19:07:55
9069,9069,260.04,Paytm,Completed,2024-05-02 06:44:26
9070,9070,452.07,Paytm,Completed,2024-09-15 07:41:36
9071,9071,501.01,Paytm,Completed,2025-03-21 15:11:47
9072,9072,242.14,PayPal,Completed,2025-01-17 16:38:24
9073,9073,461.72,Credit Card,Completed,2025-04-08 17:03:37
9074,9074,753.33,PayPal,Completed,2024-05-08 21:39:03
9075,9075,369.89,PayPal,Completed,2025-01-28 10:47:07
9076,9076,335.43,Paytm,Completed,2025-03-13 06:03:02
9077,9077,691.06,PayPal,Completed,2024-01-13 22:48:26
9078,9078,623.28,UPI,Completed,2024-12-06 03:43:07
9079,9079,314.42,Credit Card,Completed,2024-12-31 04:28:59
9080,9080,189.21,Credit Card,Completed,2024-10-08 01:28:47
9081,9081,326.79,Credit Card,Completed,2025-02-21 22:58:08
9082,9082,631.53,UPI,Completed,2024-06-08 09:54:10
9083,9083,398.41,UPI,Completed,2024-08-31 06:49:54
9084,9084,474.82,UPI,Pending,2024-01-01 21:46:07
9085,9085,707.28,Paytm,Completed,2024-04-25 13:41:35
9086,9086,515.63,Cash,Failed,2023-11-07 18:34:36
9087,9087,557.67,Credit Card,Completed,2023-09-27 15:12:45
9088,9088,620.49,UPI,Completed,2024-11-28 01:33:28
9089,9089,312.9,Paytm,Completed,2023-09-19 13:29:31
9090,9090,322.95,Paytm,Completed,2025-02-22 19:58:48
9091,9091,599.91,UPI,Completed,2024-01-10 10:49:08
9092,9092,767.68,PayPal,Completed,2025-05-23 19:20:44
9093,9093,261.18,UPI,Pending,2024-12-26 23:39:30
9094,9094,78.79,UPI,Completed,2024-05-06 10:32:00
9095,9095,90.96,UPI,Completed,2025-04-24 02:44:31
9096,9096,581.44,UPI,Completed,2025-06-02 23:39:58
9097,9097,704.65,Credit Card,Completed,2025-05-27 10:22:27
9098,9098,438.01,PayPal,Completed,2024-10-16 09:53:13
9099,9099,575.42,Credit Card,Completed,2024-01-04 13:52:44
9100,9100,63.42,PayPal,Completed,2024-07-17 05:06:04
9101,9101,621.17,PayPal,Completed,2025-04-18 12:09:12
9102,9102,405.59,PayPal,Completed,2025-05-09 09:58:24
9103,9103,474.28,Cash,Completed,2025-02-01 22:16:13
9104,9104,310.75,Paytm,Completed,2024-05-13 00:00:05
9105,9105,248.83,PayPal,Completed,2024-06-12 10:01:44
9106,9106,736.6,PayPal,Completed,2024-02-05 17:04:43
9107,9107,102.94,Cash,Completed,2024-09-07 02:17:07
9108,9108,320.25,UPI,Completed,2024-10-08 08:39:44
9109,9109,64.03,UPI,Failed,2024-05-01 11:17:44
9110,9110,542.26,Credit Card,Completed,2024-06-02 21:21:01
9111,9111,287.58,Cash,Completed,2024-09-27 19:02:39
9112,9112,472.9,PayPal,Completed,2024-05-03 18:52:28
9113,9113,543.71,Credit Card,Completed,2024-02-08 05:46:04
9114,9114,329.55,Cash,Completed,2025-01-14 04:27:41
9115,9115,188.35,PayPal,Pending,2023-10-12 18:06:01
9116,9116,92.73,Cash,Completed,2025-04-29 04:27:01
9117,9117,77.72,PayPal,Completed,2025-03-03 04:08:10
9118,9118,371.0,Paytm,Completed,2024-11-16 14:06:42
9119,9119,767.76,Credit Card,Failed,2025-01-22 11:56:44
9120,9120,683.19,UPI,Completed,2025-08-03 03:23:21
9121,9121,339.4,Cash,Completed,2024-02-05 18:33:43
9122,9122,523.29,UPI,Completed,2025-04-22 15:59:29
9123,9123,655.6,PayPal,Completed,2024-05-01 02:49:19
9124,9124,766.46,Cash,Completed,2025-07-20 12:22:02
9125,9125,234.27,UPI,Completed,2024-05-07 02:07:37
9126,9126,79.29,UPI,Completed,2024-12-23 12:41:57
9127,9127,195.72,PayPal,Completed,2024-07-01 07:36:29
9128,9128,216.64,Cash,Completed,2024-12-26 08:31:42
9129,9129,203.27,UPI,Completed,2024-03-27 00:33:04
9130,9130,515.65,Credit Card,Completed,2025-03-01 18:22:31
9131,9131,67.04,Credit Card,Completed,2025-04-26 22:55:55
9132,9132,608.81,UPI,Completed,2023-12-15 02:43:42
9133,9133,762.49,Credit Card,Failed,2024-11-29 02:00:39
9134,9134,138.6,Credit Card,Completed,2023-11-18 05:23:17
9135,9135,159.36,Credit Card,Completed,2024-08-06 19:38:46
9136,9136,305.1,UPI,Completed,2025-04-05 07:40:44
9137,9137,682.99,PayPal,Completed,2025-07-14 22:25:23
9138,9138,530.16,Credit Card,Completed,2024-12-28 10:05:50
9139,9139,119.28,UPI,Completed,2024-07-22 22:19:26
9140,9140,430.83,Paytm,Completed,2024-09-23 07:43:50
9141,9141,114.24,Paytm,Completed,2023-12-22 14:04:47
9142,9142,330.25,UPI,Completed,2024-01-06 19:12:27
9143,9143,220.12,Cash,Failed,2025-07-17 18:58:37
9144,9144,298.95,PayPal,Failed,2024-06-12 06:24:26
9145,9145,187.42,Paytm,Completed,2024-10-09 10:07:11
9146,9146,761.59,Cash,Completed,2023-09-28 20:18:49
9147,9147,352.62,Paytm,Completed,2025-07-02 22:30:43
9148,9148,199.07,Paytm,Failed,2025-07-26 08:44:11
9149,9149,687.7,Paytm,Completed,2024-02-07 06:38:45
9150,9150,781.48,Credit Card,Completed,2025-04-20 22:43:09
9151,9151,359.76,Paytm,Completed,2023-10-05 21:47:24
9152,9152,480.85,Credit Card,Completed,2024-03-03 11:36:12
9153,9153,493.17,UPI,Completed,2024-02-10 05:22:02
9154,9154,483.03,Credit Card,Completed,2024-04-03 17:49:19
9155,9155,551.76,UPI,Completed,2023-11-15 11:48:29
9156,9156,538.5,Cash,Completed,2023-08-07 17:35:01
9157,9157,208.3,Cash,Completed,2024-02-15 21:21:16
9158,9158,287.97,Cash,Completed,2023-12-15 16:02:47
9159,9159,352.41,PayPal,Completed,2025-04-16 11:06:53
9160,9160,211.73,Cash,Completed,2024-04-03 16:58:31
9161,9161,573.28,Cash,Completed,2024-11-26 12:54:33
9162,9162,380.35,UPI,Completed,2025-03-15 18:18:30
9163,9163,432.01,Cash,Completed,2025-07-06 21:42:50
9164,9164,454.61,Paytm,Pending,2025-05-30 17:08:13
9165,9165,412.48,Credit Card,Completed,2024-01-27 09:25:58
9166,9166,334.4,Cash,Completed,2025-02-23 21:01:21
9167,9167,241.7,PayPal,Completed,2024-11-19 22:06:01
9168,9168,466.72,Cash,Completed,2024-07-23 10:50:57
9169,9169,213.41,UPI,Completed,2025-06-02 23:39:48
9170,9170,588.25,PayPal,Completed,2025-04-09 21:53:16
9171,9171,53.36,PayPal,Completed,2024-07-04 08:52:44
9172,9172,105.49,Paytm,Pending,2024-09-18 01:01:54
9173,9173,528.1,Paytm,Completed,2024-02-23 22:20:20
9174,9174,535.16,Paytm,Completed,2025-07-11 04:59:12
9175,9175,411.34,UPI,Completed,2025-01-07 04:22:14
9176,9176,527.65,UPI,Completed,2025-06-26 04:11:07
9177,9177,75.19,Cash,Completed,2024-12-30 08:55:13
9178,9178,380.28,Cash,Pending,2025-05-04 09:14:23
9179,9179,322.44,PayPal,Completed,2024-09-09 10:49:48
9180,9180,679.8,UPI,Completed,2024-02-16 13:57:18
9181,9181,518.88,Credit Card,Pending,2024-11-21 17:34:07
9182,9182,414.15,UPI,Pending,2023-08-26 02:17:59
9183,9183,799.2,UPI,Completed,2023-09-07 11:27:45
9184,9184,145.79,Cash,Completed,2025-06-18 11:13:20
9185,9185,668.58,Cash,Completed,2025-06-29 00:39:26
9186,9186,52.51,Paytm,Completed,2023-08-16 08:34:06
9187,9187,283.28,Cash,Completed,2024-05-23 12:09:49
9188,9188,250.09,PayPal,Completed,2025-01-09 04:27:53
9189,9189,216.76,Cash,Completed,2025-06-23 17:45:51
9190,9190,723.73,Cash,Completed,2023-09-07 06:45:54
9191,9191,695.92,Credit Card,Completed,2024-12-08 07:47:34
9192,9192,632.16,UPI,Completed,2025-05-24 07:12:19
9193,9193,714.07,UPI,Completed,2024-01-03 10:18:29
9194,9194,455.26,UPI,Completed,2023-11-28 10:57:54
9195,9195,344.2,UPI,Failed,2025-02-23 23:21:38
9196,9196,382.41,UPI,Completed,2023-12-27 08:03:51
9197,9197,667.0,PayPal,Completed,2024-11-20 23:08:47
9198,9198,490.15,PayPal,Pending,2025-07-25 15:42:24
9199,9199,90.23,Credit Card,Completed,2025-06-12 11:43:37
9200,9200,105.29,PayPal,Completed,2024-05-25 08:16:26
9201,9201,637.46,Paytm,Completed,2024-10-29 14:39:11
9202,9202,366.77,UPI,Completed,2024-10-12 15:23:49
9203,9203,154.06,Cash,Completed,2024-11-25 02:37:39
9204,9204,679.99,Paytm,Completed,2024-01-15 00:59:10
9205,9205,411.9,PayPal,Completed,2025-03-28 11:19:33
9206,9206,394.37,Cash,Completed,2025-06-11 12:07:36
9207,9207,419.8,PayPal,Pending,2025-04-11 22:51:28
9208,9208,548.79,Credit Card,Completed,2025-04-10 07:07:35
9209,9209,398.03,Cash,Completed,2023-11-02 18:06:33
9210,9210,570.75,UPI,Completed,2025-01-24 12:07:37
9211,9211,414.18,PayPal,Completed,2025-05-10 00:36:38
9212,9212,789.67,UPI,Completed,2025-03-24 20:46:41
9213,9213,596.5,Cash,Completed,2025-05-26 20:37:36
9214,9214,521.78,Cash,Completed,2025-03-01 10:48:21
9215,9215,154.51,UPI,Completed,2024-04-01 04:14:05
9216,9216,608.47,UPI,Completed,2024-04-13 06:52:00
9217,9217,215.85,PayPal,Completed,2024-05-27 05:23:06
9218,9218,574.41,PayPal,Completed,2025-01-28 03:47:20
9219,9219,166.04,PayPal,Completed,2024-07-03 13:34:39
9220,9220,66.25,UPI,Completed,2023-12-04 19:52:29
9221,9221,435.68,PayPal,Completed,2024-04-11 15:24:36
9222,9222,429.31,Paytm,Completed,2023-12-27 01:40:42
9223,9223,372.41,Credit Card,Completed,2025-05-13 06:34:34
9224,9224,709.33,Cash,Completed,2024-09-20 15:36:34
9225,9225,413.93,PayPal,Pending,2023-12-18 04:38:08
9226,9226,239.5,Paytm,Completed,2024-12-09 10:55:41
9227,9227,587.4,Paytm,Completed,2025-06-24 11:15:55
9228,9228,127.04,Credit Card,Completed,2024-05-10 10:18:20
9229,9229,564.66,UPI,Completed,2023-10-24 02:53:47
9230,9230,355.17,Credit Card,Completed,2024-12-08 18:08:46
9231,9231,283.35,Cash,Completed,2024-05-27 21:29:20
9232,9232,793.16,PayPal,Completed,2024-03-27 17:15:59
9233,9233,144.71,PayPal,Completed,2025-03-07 08:09:58
9234,9234,789.85,Cash,Completed,2024-05-27 23:28:24
9235,9235,429.58,Credit Card,Completed,2025-02-18 21:01:22
9236,9236,467.34,Paytm,Completed,2025-05-29 12:18:36
9237,9237,579.01,PayPal,Completed,2025-07-02 05:31:27
9238,9238,462.61,UPI,Completed,2025-05-06 01:06:55
9239,9239,59.44,PayPal,Completed,2025-04-29 14:58:38
9240,9240,205.7,PayPal,Completed,2025-06-28 02:07:29
9241,9241,235.56,Paytm,Completed,2025-05-18 02:24:37
9242,9242,652.7,Cash,Completed,2024-04-19 04:59:52
9243,9243,346.89,Credit Card,Completed,2024-01-26 21:27:53
9244,9244,767.33,Paytm,Completed,2024-12-21 01:08:15
9245,9245,597.12,UPI,Completed,2023-08-06 01:16:05
9246,9246,59.43,Cash,Completed,2023-10-11 11:18:05
9247,9247,120.61,Credit Card,Failed,2024-11-24 15:35:30
9248,9248,401.87,Cash,Completed,2025-07-16 20:55:17
9249,9249,708.34,PayPal,Completed,2023-12-30 02:03:33
9250,9250,661.01,PayPal,Completed,2024-09-27 03:56:22
9251,9251,725.75,UPI,Completed,2024-03-24 03:15:04
9252,9252,781.8,UPI,Completed,2025-01-10 14:14:32
9253,9253,725.31,Cash,Completed,2024-02-20 23:59:12
9254,9254,197.2,Cash,Completed,2023-08-26 10:35:04
9255,9255,215.89,Credit Card,Completed,2025-07-08 04:56:40
9256,9256,120.2,Credit Card,Completed,2025-07-27 17:29:03
9257,9257,335.52,PayPal,Completed,2024-03-29 21:41:07
9258,9258,417.96,Credit Card,Completed,2024-07-16 15:28:05
9259,9259,134.52,UPI,Completed,2025-02-06 03:55:14
9260,9260,600.64,Paytm,Completed,2025-02-17 19:15:26
9261,9261,577.58,UPI,Completed,2024-07-21 12:15:02
9262,9262,431.37,Credit Card,Completed,2025-02-06 17:36:27
9263,9263,241.2,Paytm,Completed,2024-05-07 21:39:40
9264,9264,551.22,Cash,Completed,2023-10-13 22:46:09
9265,9265,213.35,Credit Card,Completed,2024-05-11 09:19:14
9266,9266,206.88,Paytm,Completed,2023-12-14 22:52:06
9267,9267,261.19,Paytm,Completed,2025-02-10 17:46:13
9268,9268,741.1,PayPal,Completed,2024-04-04 10:04:50
9269,9269,124.57,Credit Card,Completed,2024-06-21 02:40:50
9270,9270,795.3,Paytm,Completed,2024-05-29 17:51:19
9271,9271,724.68,PayPal,Completed,2023-12-23 21:34:51
9272,9272,156.51,Cash,Completed,2024-10-03 22:16:33
9273,9273,744.68,UPI,Completed,2024-09-09 21:11:48
9274,9274,275.49,PayPal,Failed,2024-04-06 09:13:59
9275,9275,662.81,Credit Card,Completed,2025-06-11 19:43:43
9276,9276,378.63,Cash,Completed,2023-12-02 08:10:04
9277,9277,124.55,Credit Card,Completed,2024-05-10 12:15:24
9278,9278,264.38,UPI,Completed,2024-01-23 03:11:12
9279,9279,661.54,PayPal,Completed,2025-03-25 02:17:31
9280,9280,586.67,Paytm,Completed,2023-09-10 12:25:09
9281,9281,505.18,Credit Card,Completed,2023-12-21 08:14:30
9282,9282,221.26,Cash,Completed,2025-06-19 00:13:29
9283,9283,723.97,PayPal,Completed,2023-10-14 09:02:38
9284,9284,288.83,Cash,Completed,2024-06-17 07:37:09
9285,9285,681.27,Credit Card,Completed,2024-08-13 12:48:31
9286,9286,488.27,Credit Card,Pending,2024-01-03 20:27:10
9287,9287,787.76,Credit Card,Completed,2024-09-22 05:43:13
9288,9288,450.41,Paytm,Completed,2025-06-07 13:12:59
9289,9289,151.41,Credit Card,Completed,2023-08-07 22:35:23
9290,9290,681.49,Paytm,Failed,2024-03-28 22:52:28
9291,9291,614.49,Credit Card,Completed,2025-06-24 16:40:28
9292,9292,148.1,Paytm,Completed,2024-07-19 17:55:47
9293,9293,569.17,Paytm,Completed,2024-06-19 04:06:06
9294,9294,188.78,Credit Card,Completed,2024-07-22 07:05:33
9295,9295,247.83,PayPal,Completed,2025-05-19 16:28:27
9296,9296,702.43,Credit Card,Completed,2025-02-28 19:35:27
9297,9297,387.03,UPI,Completed,2024-08-07 05:27:37
9298,9298,449.58,PayPal,Completed,2025-04-16 14:41:45
9299,9299,730.43,Credit Card,Completed,2024-09-28 23:42:38
9300,9300,416.07,Cash,Completed,2024-12-21 19:54:40
9301,9301,171.99,Cash,Completed,2024-02-12 14:51:49
9302,9302,452.98,Credit Card,Completed,2024-11-20 04:33:58
9303,9303,92.18,UPI,Completed,2023-09-17 02:05:47
9304,9304,193.51,Credit Card,Completed,2023-10-10 14:12:10
9305,9305,167.8,PayPal,Failed,2024-08-30 10:30:25
9306,9306,501.6,Cash,Completed,2024-01-14 20:26:49
9307,9307,706.22,PayPal,Completed,2025-01-31 00:57:09
9308,9308,208.8,Cash,Pending,2025-04-12 23:50:59
9309,9309,511.47,Cash,Completed,2024-09-18 13:15:10
9310,9310,743.71,Paytm,Completed,2024-03-11 03:28:20
9311,9311,554.38,Paytm,Pending,2025-03-05 07:46:15
9312,9312,233.22,Paytm,Completed,2024-03-10 04:53:49
9313,9313,772.8,PayPal,Completed,2023-09-19 09:21:51
9314,9314,591.91,PayPal,Completed,2024-01-28 23:30:05
9315,9315,503.89,UPI,Completed,2025-01-22 09:35:28
9316,9316,586.92,Paytm,Completed,2025-04-05 16:56:13
9317,9317,726.67,Paytm,Completed,2024-12-01 21:06:08
9318,9318,767.17,UPI,Completed,2023-09-17 16:22:07
9319,9319,196.18,PayPal,Completed,2023-10-19 07:25:38
9320,9320,332.31,UPI,Pending,2023-09-14 02:16:18
9321,9321,70.66,Cash,Completed,2024-01-07 13:58:54
9322,9322,396.2,Cash,Completed,2024-12-03 05:49:45
9323,9323,309.33,Paytm,Completed,2024-03-23 02:27:35
9324,9324,658.65,Paytm,Completed,2024-11-24 18:41:17
9325,9325,698.03,UPI,Completed,2023-09-14 20:35:37
9326,9326,78.38,Credit Card,Completed,2023-12-29 01:59:27
9327,9327,586.41,Cash,Pending,2023-12-22 23:33:28
9328,9328,693.62,Cash,Completed,2025-04-10 08:38:45
9329,9329,368.3,PayPal,Completed,2024-04-17 02:23:49
9330,9330,514.71,UPI,Completed,2024-04-20 19:40:18
9331,9331,214.95,Credit Card,Completed,2024-11-12 18:51:16
9332,9332,73.83,Cash,Completed,2023-09-17 11:16:35
9333,9333,680.94,Credit Card,Completed,2025-03-08 23:01:06
9334,9334,547.76,PayPal,Pending,2024-06-16 00:04:47
9335,9335,295.09,Credit Card,Pending,2023-09-26 20:08:41
9336,9336,232.26,Cash,Completed,2025-05-24 04:50:42
9337,9337,273.85,PayPal,Pending,2024-09-16 22:50:24
9338,9338,285.61,Cash,Completed,2024-10-10 22:07:40
9339,9339,566.65,Credit Card,Completed,2025-02-02 06:13:28
9340,9340,343.75,UPI,Completed,2025-07-27 12:21:49
9341,9341,293.26,Credit Card,Completed,2024-08-06 22:28:48
9342,9342,145.69,UPI,Completed,2025-05-31 10:34:56
9343,9343,717.22,Credit Card,Completed,2023-11-21 22:58:22
9344,9344,773.48,Cash,Completed,2023-11-11 10:38:58
9345,9345,499.75,Cash,Completed,2024-01-19 00:40:00
9346,9346,140.8,Paytm,Completed,2024-12-14 06:51:28
9347,9347,217.15,Cash,Completed,2024-12-08 23:41:44
9348,9348,323.14,PayPal,Pending,2024-05-07 16:30:11
9349,9349,356.49,Paytm,Completed,2024-12-25 12:15:49
9350,9350,194.91,PayPal,Completed,2024-02-03 06:26:25
9351,9351,182.0,UPI,Completed,2025-03-03 06:27:51
9352,9352,456.16,PayPal,Completed,2023-09-12 07:44:35
9353,9353,81.5,PayPal,Completed,2024-01-26 14:51:40
9354,9354,681.08,UPI,Completed,2024-01-24 03:58:50
9355,9355,779.78,PayPal,Failed,2024-06-19 17:48:20
9356,9356,94.71,UPI,Pending,2024-08-12 19:01:16
9357,9357,708.43,UPI,Completed,2024-10-28 19:07:25
9358,9358,709.24,PayPal,Completed,2024-10-04 00:25:26
9359,9359,752.45,UPI,Completed,2024-02-11 07:17:43
9360,9360,633.2,Paytm,Pending,2023-12-16 21:13:44
9361,9361,482.58,Cash,Completed,2024-09-04 08:26:20
9362,9362,576.62,Cash,Completed,2025-01-08 20:12:55
9363,9363,796.49,UPI,Completed,2024-10-19 15:48:37
9364,9364,447.28,UPI,Completed,2023-10-21 18:36:42
9365,9365,356.44,PayPal,Completed,2024-06-01 19:21:53
9366,9366,310.24,UPI,Completed,2024-06-25 04:51:50
9367,9367,528.82,PayPal,Completed,2025-03-13 08:40:10
9368,9368,184.97,Paytm,Completed,2023-10-07 23:29:26
9369,9369,54.74,UPI,Completed,2023-11-15 04:28:05
9370,9370,577.07,Cash,Completed,2024-05-30 03:11:19
9371,9371,145.3,UPI,Completed,2025-05-01 09:04:21
9372,9372,338.4,Credit Card,Completed,2024-12-20 23:19:46
9373,9373,180.28,Credit Card,Completed,2024-09-15 02:54:57
9374,9374,793.7,PayPal,Completed,2025-04-25 13:03:20
9375,9375,73.64,Credit Card,Completed,2023-10-28 07:59:10
9376,9376,113.27,UPI,Completed,2023-10-29 15:40:59
9377,9377,192.47,UPI,Completed,2024-12-04 14:47:25
9378,9378,336.08,Cash,Completed,2025-03-08 01:39:47
9379,9379,775.75,PayPal,Completed,2024-09-21 23:39:14
9380,9380,718.21,PayPal,Completed,2023-12-25 23:46:50
9381,9381,511.55,Credit Card,Completed,2024-12-25 04:35:49
9382,9382,490.38,Credit Card,Completed,2024-03-31 02:05:57
9383,9383,577.17,PayPal,Completed,2024-10-24 16:01:45
9384,9384,548.79,PayPal,Pending,2025-01-27 14:22:35
9385,9385,118.32,Cash,Completed,2025-02-17 16:38:07
9386,9386,713.14,Cash,Completed,2024-01-02 02:36:36
9387,9387,126.18,PayPal,Completed,2025-02-17 17:28:39
9388,9388,698.9,Credit Card,Completed,2023-12-01 16:40:30
9389,9389,621.63,Paytm,Completed,2024-10-05 16:52:16
9390,9390,319.46,Cash,Completed,2025-03-06 08:11:25
9391,9391,380.01,Credit Card,Completed,2025-06-18 02:30:47
9392,9392,665.34,PayPal,Completed,2025-01-13 02:27:42
9393,9393,735.95,Credit Card,Completed,2024-01-16 15:14:49
9394,9394,367.29,Credit Card,Completed,2023-12-07 15:38:29
9395,9395,555.56,Credit Card,Completed,2024-04-17 15:15:57
9396,9396,682.1,UPI,Completed,2024-04-11 08:27:05
9397,9397,90.14,Credit Card,Completed,2024-07-24 08:47:56
9398,9398,691.99,Credit Card,Completed,2024-12-23 18:27:27
9399,9399,291.06,PayPal,Completed,2025-07-12 03:50:25
9400,9400,254.73,Paytm,Completed,2024-03-18 21:21:17
9401,9401,145.82,PayPal,Failed,2024-03-21 06:41:23
9402,9402,534.84,Credit Card,Completed,2024-03-31 08:02:17
9403,9403,726.89,UPI,Completed,2024-04-22 02:01:04
9404,9404,393.62,UPI,Completed,2024-12-06 02:58:42
9405,9405,659.44,Cash,Completed,2024-06-25 17:18:11
9406,9406,498.13,Credit Card,Completed,2024-10-29 06:16:26
9407,9407,631.69,Cash,Completed,2024-02-06 01:45:58
9408,9408,647.24,PayPal,Failed,2024-05-19 16:48:52
9409,9409,706.72,Cash,Completed,2024-09-24 08:35:11
9410,9410,91.0,PayPal,Completed,2024-01-28 11:36:18
9411,9411,319.92,Credit Card,Completed,2024-05-21 20:42:11
9412,9412,726.74,PayPal,Completed,2024-02-16 03:51:43
9413,9413,192.21,Credit Card,Completed,2023-10-04 23:28:02
9414,9414,278.48,UPI,Completed,2023-09-21 13:51:30
9415,9415,673.2,UPI,Completed,2025-02-07 05:29:55
9416,9416,619.27,UPI,Completed,2024-01-06 04:23:01
9417,9417,384.15,UPI,Completed,2023-12-12 04:24:50
9418,9418,715.22,Paytm,Completed,2025-02-25 20:21:28
9419,9419,153.96,UPI,Completed,2024-07-09 08:35:09
9420,9420,301.87,Paytm,Completed,2024-07-29 15:41:28
9421,9421,70.73,Paytm,Completed,2024-10-08 06:23:36
9422,9422,369.24,Cash,Completed,2024-10-05 03:11:52
9423,9423,241.2,Paytm,Completed,2025-05-19 14:56:24
9424,9424,453.83,UPI,Completed,2024-07-23 08:31:04
9425,9425,412.65,Paytm,Completed,2025-05-28 02:02:15
9426,9426,318.97,Paytm,Completed,2025-07-17 13:10:41
9427,9427,389.54,Paytm,Completed,2024-11-13 10:20:43
9428,9428,82.53,PayPal,Completed,2024-06-29 06:17:10
9429,9429,586.82,UPI,Completed,2025-05-28 06:43:13
9430,9430,767.55,Paytm,Completed,2025-02-02 01:48:36
9431,9431,50.92,Paytm,Completed,2024-06-27 05:56:59
9432,9432,654.45,PayPal,Completed,2023-11-04 19:59:39
9433,9433,496.64,Cash,Completed,2023-11-10 07:31:28
9434,9434,674.45,Paytm,Completed,2024-02-05 15:53:11
9435,9435,68.9,Cash,Failed,2023-08-07 02:54:52
9436,9436,511.62,Cash,Completed,2023-10-21 01:15:31
9437,9437,732.25,PayPal,Completed,2025-04-24 11:14:06
9438,9438,185.74,Paytm,Completed,2024-02-17 03:02:39
9439,9439,208.5,Credit Card,Completed,2024-03-13 01:26:15
9440,9440,137.69,Credit Card,Completed,2024-03-25 05:49:45
9441,9441,68.43,PayPal,Completed,2024-03-17 07:40:48
9442,9442,568.84,Cash,Completed,2023-11-02 19:36:20
9443,9443,663.71,Credit Card,Failed,2025-06-15 08:11:07
9444,9444,268.35,Credit Card,Completed,2023-09-12 03:48:47
9445,9445,514.34,UPI,Completed,2024-03-30 18:43:43
9446,9446,628.86,Credit Card,Completed,2025-07-31 11:13:52
9447,9447,270.13,Credit Card,Completed,2024-10-15 02:23:50
9448,9448,517.18,UPI,Completed,2025-06-18 08:55:05
9449,9449,589.57,PayPal,Completed,2025-03-04 05:34:46
9450,9450,751.26,PayPal,Completed,2024-06-24 10:37:03
9451,9451,320.4,PayPal,Completed,2024-09-21 02:49:08
9452,9452,181.96,UPI,Completed,2024-11-29 02:07:31
9453,9453,428.24,Cash,Completed,2025-07-28 10:22:42
9454,9454,583.16,Paytm,Completed,2023-08-21 13:39:43
9455,9455,505.43,Credit Card,Completed,2024-07-01 16:28:37
9456,9456,102.63,PayPal,Completed,2024-01-24 23:40:56
9457,9457,210.71,UPI,Completed,2024-07-25 15:40:40
9458,9458,778.73,Cash,Completed,2025-05-23 10:36:14
9459,9459,717.41,Paytm,Completed,2024-06-08 14:50:53
9460,9460,285.91,Cash,Completed,2024-06-07 21:49:27
9461,9461,181.04,Paytm,Failed,2023-09-28 14:51:16
9462,9462,115.98,Credit Card,Completed,2025-02-22 11:51:35
9463,9463,481.32,Cash,Completed,2024-02-27 06:30:03
9464,9464,87.63,Paytm,Completed,2024-02-19 10:01:13
9465,9465,729.32,PayPal,Completed,2025-07-15 02:53:43
9466,9466,620.1,UPI,Completed,2025-01-29 12:06:27
9467,9467,237.85,UPI,Completed,2025-06-04 16:30:37
9468,9468,629.46,PayPal,Completed,2024-09-20 19:07:04
9469,9469,122.77,Credit Card,Completed,2024-11-08 10:11:23
9470,9470,758.57,UPI,Completed,2023-09-16 12:27:20
9471,9471,58.38,PayPal,Completed,2024-06-03 08:31:39
9472,9472,172.87,Credit Card,Completed,2024-04-07 03:34:11
9473,9473,80.25,Paytm,Completed,2024-10-29 07:50:17
9474,9474,564.03,Cash,Completed,2024-01-30 17:23:46
9475,9475,101.83,Credit Card,Completed,2024-07-23 07:53:13
9476,9476,746.13,PayPal,Completed,2025-07-15 22:36:34
9477,9477,492.84,Cash,Completed,2024-11-30 22:22:12
9478,9478,497.88,Credit Card,Failed,2024-01-28 03:15:18
9479,9479,601.14,Cash,Completed,2025-05-16 09:57:32
9480,9480,582.27,Paytm,Completed,2023-08-06 21:31:30
9481,9481,680.93,Paytm,Completed,2023-09-23 15:55:13
9482,9482,746.85,Paytm,Completed,2024-01-17 18:54:35
9483,9483,109.52,UPI,Completed,2025-06-23 13:53:45
9484,9484,368.82,Cash,Completed,2025-07-07 03:24:26
9485,9485,267.07,Cash,Completed,2025-04-15 13:57:22
9486,9486,199.62,PayPal,Completed,2025-01-17 21:24:16
9487,9487,278.56,Credit Card,Completed,2025-07-18 00:30:35
9488,9488,614.89,Credit Card,Completed,2025-01-13 22:36:49
9489,9489,244.45,Credit Card,Completed,2023-10-23 07:45:18
9490,9490,389.6,Cash,Completed,2023-09-21 06:47:46
9491,9491,632.95,Paytm,Completed,2024-04-20 21:18:11
9492,9492,447.04,Credit Card,Completed,2025-02-12 22:59:00
9493,9493,146.38,Cash,Completed,2025-04-04 00:17:37
9494,9494,215.61,UPI,Completed,2024-07-27 13:35:03
9495,9495,484.0,Paytm,Pending,2023-10-28 19:07:18
9496,9496,311.86,Paytm,Completed,2024-07-05 05:25:22
9497,9497,740.66,Credit Card,Completed,2025-03-20 22:25:43
9498,9498,650.62,Cash,Completed,2024-10-19 17:34:25
9499,9499,596.84,PayPal,Completed,2025-02-21 01:26:58
9500,9500,410.07,Cash,Completed,2024-11-17 23:47:47
9501,9501,525.56,UPI,Completed,2024-03-27 22:04:07
9502,9502,406.23,Cash,Completed,2024-01-27 11:26:50
9503,9503,264.59,Paytm,Completed,2024-10-16 20:10:38
9504,9504,516.51,PayPal,Completed,2025-06-24 02:00:52
9505,9505,755.84,UPI,Failed,2023-10-12 01:41:04
9506,9506,755.06,UPI,Completed,2025-02-06 08:43:39
9507,9507,670.1,Paytm,Completed,2024-09-17 04:13:06
9508,9508,202.94,PayPal,Completed,2025-04-05 08:06:07
9509,9509,773.47,Credit Card,Completed,2025-02-24 06:05:13
9510,9510,495.67,Credit Card,Failed,2024-04-15 23:11:38
9511,9511,335.16,UPI,Completed,2025-06-24 01:44:40
9512,9512,177.06,Cash,Pending,2025-03-23 04:54:03
9513,9513,544.58,PayPal,Pending,2025-03-13 04:28:12
9514,9514,612.75,Cash,Completed,2024-06-03 02:21:54
9515,9515,640.85,Paytm,Completed,2024-10-14 07:24:39
9516,9516,506.39,Credit Card,Completed,2024-07-08 14:55:45
9517,9517,354.72,Paytm,Completed,2025-03-16 01:25:22
9518,9518,518.9,PayPal,Completed,2024-08-06 16:07:47
9519,9519,416.56,Paytm,Completed,2024-03-25 00:14:03
9520,9520,89.63,Cash,Completed,2024-12-23 12:56:43
9521,9521,101.51,Credit Card,Completed,2024-10-03 06:22:47
9522,9522,301.43,Credit Card,Completed,2024-12-25 16:55:28
9523,9523,242.13,UPI,Completed,2024-03-11 20:17:54
9524,9524,225.95,PayPal,Completed,2024-07-19 03:19:07
9525,9525,482.48,UPI,Completed,2025-06-20 05:42:08
9526,9526,510.21,Credit Card,Completed,2024-04-18 20:52:21
9527,9527,201.3,Cash,Completed,2024-09-11 22:22:18
9528,9528,628.55,PayPal,Completed,2024-06-04 06:20:24
9529,9529,62.48,Cash,Completed,2025-02-23 05:40:25
9530,9530,188.5,PayPal,Completed,2023-11-26 11:52:39
9531,9531,276.11,Credit Card,Completed,2025-05-13 08:28:18
9532,9532,702.3,Paytm,Completed,2025-03-10 17:32:40
9533,9533,707.31,Credit Card,Completed,2023-10-17 05:41:59
9534,9534,346.73,UPI,Completed,2024-09-15 13:58:25
9535,9535,358.5,PayPal,Completed,2024-08-21 07:25:48
9536,9536,201.68,Credit Card,Pending,2024-04-18 08:35:05
9537,9537,53.61,PayPal,Pending,2024-03-12 15:15:10
9538,9538,767.23,PayPal,Completed,2025-01-19 03:10:45
9539,9539,185.17,Cash,Completed,2025-04-08 04:36:58
9540,9540,744.28,Credit Card,Completed,2023-08-22 07:06:07
9541,9541,349.41,Cash,Completed,2024-12-14 21:05:59
9542,9542,595.51,Paytm,Completed,2024-07-04 10:52:27
9543,9543,700.1,UPI,Completed,2025-03-12 09:38:17
9544,9544,441.93,Paytm,Failed,2024-04-07 10:49:28
9545,9545,311.88,PayPal,Completed,2024-08-16 17:17:10
9546,9546,601.56,UPI,Completed,2023-08-10 21:03:32
9547,9547,266.24,UPI,Completed,2025-02-07 10:08:43
9548,9548,71.02,PayPal,Pending,2023-11-30 21:14:37
9549,9549,668.14,PayPal,Completed,2025-05-24 07:43:04
9550,9550,80.25,Paytm,Pending,2023-12-03 07:37:56
9551,9551,189.37,Credit Card,Completed,2024-03-20 15:16:59
9552,9552,126.74,Cash,Completed,2024-04-22 08:10:50
9553,9553,707.01,Cash,Completed,2024-10-09 22:17:22
9554,9554,743.02,Cash,Completed,2024-04-29 22:38:46
9555,9555,267.49,PayPal,Completed,2023-12-02 22:05:34
9556,9556,308.89,Credit Card,Completed,2024-07-24 04:36:43
9557,9557,770.93,PayPal,Completed,2024-08-24 11:57:09
9558,9558,659.37,UPI,Completed,2025-04-01 00:25:09
9559,9559,280.92,Cash,Completed,2023-11-09 04:29:23
9560,9560,346.93,Credit Card,Completed,2025-04-29 12:15:07
9561,9561,660.29,UPI,Completed,2024-02-04 19:48:59
9562,9562,560.22,PayPal,Completed,2023-08-15 23:51:04
9563,9563,162.24,PayPal,Completed,2024-12-21 23:38:22
9564,9564,660.62,Credit Card,Completed,2024-05-04 00:18:15
9565,9565,314.03,Paytm,Completed,2025-07-18 18:39:54
9566,9566,400.28,Cash,Completed,2024-11-22 15:09:09
9567,9567,387.2,PayPal,Completed,2025-03-10 23:51:15
9568,9568,590.36,PayPal,Completed,2024-08-04 18:19:57
9569,9569,475.77,UPI,Completed,2024-07-02 09:09:51
9570,9570,512.91,Paytm,Pending,2023-10-29 03:50:18
9571,9571,709.55,Credit Card,Completed,2025-05-18 12:16:42
9572,9572,196.01,Cash,Completed,2024-09-29 10:54:50
9573,9573,754.05,Paytm,Pending,2024-12-26 22:43:29
9574,9574,373.29,Credit Card,Completed,2025-03-08 08:01:13
9575,9575,134.95,Cash,Completed,2023-09-03 17:00:45
9576,9576,108.6,Credit Card,Completed,2023-11-02 20:30:03
9577,9577,345.97,Paytm,Pending,2024-05-16 04:47:33
9578,9578,220.54,Credit Card,Completed,2025-01-02 03:22:07
9579,9579,106.01,PayPal,Completed,2024-05-21 10:36:43
9580,9580,750.62,PayPal,Completed,2023-11-10 00:31:02
9581,9581,329.36,PayPal,Completed,2025-07-10 17:08:36
9582,9582,642.37,Credit Card,Completed,2024-01-15 04:51:14
9583,9583,655.37,Cash,Pending,2023-12-31 04:39:20
9584,9584,458.91,Paytm,Completed,2024-03-20 04:07:30
9585,9585,487.73,UPI,Completed,2025-07-07 11:24:03
9586,9586,226.58,UPI,Completed,2025-07-26 16:55:05
9587,9587,768.45,Paytm,Completed,2023-10-20 19:21:32
9588,9588,518.04,PayPal,Completed,2023-12-15 08:41:15
9589,9589,184.87,Cash,Failed,2024-01-05 13:47:51
9590,9590,667.38,Credit Card,Completed,2025-02-16 04:12:04
9591,9591,391.92,PayPal,Pending,2025-01-26 00:07:23
9592,9592,342.28,PayPal,Completed,2023-09-23 23:41:14
9593,9593,300.15,UPI,Completed,2024-05-10 11:56:32
9594,9594,102.04,PayPal,Failed,2023-09-13 18:17:11
9595,9595,275.38,UPI,Completed,2025-01-12 00:02:19
9596,9596,387.33,Credit Card,Completed,2025-05-13 19:51:39
9597,9597,360.92,PayPal,Completed,2024-01-13 21:20:41
9598,9598,341.0,Paytm,Completed,2024-02-14 02:29:19
9599,9599,663.19,PayPal,Completed,2024-08-07 14:36:37
9600,9600,160.38,Credit Card,Completed,2025-05-18 09:51:51
9601,9601,570.32,Paytm,Completed,2024-12-15 06:00:03
9602,9602,538.55,Credit Card,Completed,2024-08-16 12:03:36
9603,9603,574.25,PayPal,Completed,2024-08-15 07:03:07
9604,9604,145.34,Paytm,Completed,2025-01-02 12:13:27
9605,9605,657.55,Paytm,Completed,2025-01-18 03:04:11
9606,9606,592.72,PayPal,Completed,2025-05-16 08:56:33
9607,9607,495.29,Credit Card,Completed,2025-04-14 20:06:59
9608,9608,159.72,Paytm,Pending,2024-02-20 04:24:05
9609,9609,192.68,UPI,Completed,2025-06-26 04:17:56
9610,9610,246.62,Cash,Completed,2025-02-23 23:48:30
9611,9611,406.03,Credit Card,Failed,2025-04-13 06:09:27
9612,9612,649.67,PayPal,Completed,2024-08-03 21:51:25
9613,9613,401.66,Cash,Completed,2025-06-21 18:54:30
9614,9614,410.2,UPI,Failed,2025-05-30 22:54:10
9615,9615,82.33,Credit Card,Completed,2024-03-23 11:52:35
9616,9616,285.69,PayPal,Completed,2025-07-15 15:18:59
9617,9617,469.38,Cash,Completed,2025-04-21 04:16:36
9618,9618,470.59,PayPal,Completed,2024-07-08 13:32:15
9619,9619,99.26,UPI,Completed,2024-08-07 06:28:32
9620,9620,497.18,Cash,Completed,2024-02-05 19:19:41
9621,9621,424.54,Paytm,Completed,2025-03-03 08:14:11
9622,9622,207.46,Cash,Completed,2024-09-11 02:49:25
9623,9623,411.21,Credit Card,Completed,2024-11-18 20:29:16
9624,9624,177.78,Credit Card,Completed,2024-06-22 06:32:33
9625,9625,63.12,PayPal,Completed,2025-02-17 21:58:48
9626,9626,333.48,Cash,Completed,2023-08-21 14:52:19
9627,9627,658.55,Paytm,Completed,2023-08-12 00:27:37
9628,9628,417.69,Credit Card,Completed,2023-09-11 18:11:23
9629,9629,699.68,Paytm,Completed,2024-01-03 19:25:28
9630,9630,249.07,Paytm,Completed,2025-03-31 20:34:23
9631,9631,345.57,UPI,Completed,2023-11-11 07:29:39
9632,9632,588.46,UPI,Completed,2023-08-30 01:11:25
9633,9633,249.8,Paytm,Pending,2024-05-23 06:00:33
9634,9634,415.13,UPI,Pending,2024-06-08 04:05:45
9635,9635,68.17,Credit Card,Completed,2025-06-30 10:43:06
9636,9636,515.83,Credit Card,Completed,2024-01-31 02:36:35
9637,9637,720.73,Credit Card,Completed,2023-10-03 11:18:28
9638,9638,66.59,Paytm,Completed,2025-04-24 15:28:12
9639,9639,156.81,Cash,Completed,2025-04-25 15:39:57
9640,9640,362.14,Credit Card,Completed,2024-12-06 03:03:10
9641,9641,408.2,UPI,Completed,2025-05-18 17:36:15
9642,9642,600.37,Paytm,Completed,2025-04-23 14:35:21
9643,9643,540.0,Cash,Completed,2025-02-01 02:42:09
9644,9644,150.06,UPI,Completed,2024-08-08 21:42:51
9645,9645,292.39,Paytm,Completed,2025-04-19 07:52:29
9646,9646,647.66,Cash,Completed,2025-01-18 04:08:17
9647,9647,707.02,Credit Card,Completed,2024-08-02 00:10:34
9648,9648,208.55,Credit Card,Completed,2025-07-16 05:06:04
9649,9649,614.94,Paytm,Completed,2023-11-01 15:38:10
9650,9650,183.03,PayPal,Completed,2025-01-20 07:13:04
9651,9651,186.03,Cash,Completed,2023-11-16 14:38:36
9652,9652,302.4,PayPal,Completed,2025-04-07 23:25:24
9653,9653,413.46,UPI,Completed,2023-12-01 23:09:27
9654,9654,575.35,Cash,Completed,2025-06-14 15:29:54
9655,9655,613.04,UPI,Pending,2025-04-04 01:46:46
9656,9656,537.99,Credit Card,Completed,2024-10-07 18:23:04
9657,9657,483.61,Paytm,Failed,2023-09-13 05:14:53
9658,9658,531.14,Cash,Completed,2024-03-23 07:49:09
9659,9659,54.4,Credit Card,Completed,2025-02-07 06:08:04
9660,9660,223.79,UPI,Completed,2024-03-13 09:07:57
9661,9661,398.18,PayPal,Completed,2023-11-11 06:36:27
9662,9662,262.88,PayPal,Failed,2024-03-09 21:16:47
9663,9663,655.66,Cash,Completed,2025-05-21 12:58:45
9664,9664,513.42,UPI,Completed,2025-06-23 09:13:19
9665,9665,62.89,Cash,Completed,2023-11-05 11:01:08
9666,9666,399.35,Paytm,Completed,2024-05-27 18:24:46
9667,9667,334.36,Cash,Completed,2024-06-28 02:08:45
9668,9668,276.5,UPI,Completed,2025-05-29 00:54:27
9669,9669,669.24,Credit Card,Completed,2025-06-05 11:18:02
9670,9670,572.43,Credit Card,Completed,2025-04-10 17:47:05
9671,9671,508.39,Cash,Completed,2025-07-28 20:23:28
9672,9672,317.66,Cash,Completed,2023-09-08 10:35:11
9673,9673,465.6,Cash,Completed,2025-03-11 08:28:35
9674,9674,54.15,Paytm,Completed,2025-08-02 17:47:46
9675,9675,191.14,Cash,Completed,2025-04-22 18:50:14
9676,9676,715.87,PayPal,Completed,2024-08-18 00:11:36
9677,9677,158.7,Cash,Completed,2023-12-16 16:34:44
9678,9678,172.49,Credit Card,Completed,2024-11-11 00:23:29
9679,9679,148.48,Credit Card,Completed,2025-05-13 00:34:00
9680,9680,157.15,Cash,Completed,2025-02-13 20:45:00
9681,9681,757.79,Cash,Completed,2024-11-29 22:17:09
9682,9682,592.59,UPI,Completed,2025-05-15 00:40:56
9683,9683,164.81,Credit Card,Completed,2024-09-08 09:10:27
9684,9684,228.03,Paytm,Completed,2025-04-03 23:14:58
9685,9685,362.79,UPI,Completed,2024-11-05 08:23:37
9686,9686,686.23,UPI,Completed,2024-05-05 21:38:01
9687,9687,79.08,Credit Card,Completed,2024-04-25 11:06:29
9688,9688,367.75,UPI,Completed,2024-01-02 02:54:51
9689,9689,100.56,UPI,Completed,2025-03-19 16:05:05
9690,9690,413.88,PayPal,Completed,2024-03-14 15:24:34
9691,9691,360.35,UPI,Completed,2024-04-16 19:10:36
9692,9692,370.18,Credit Card,Completed,2024-08-19 04:06:01
9693,9693,362.49,Cash,Pending,2024-05-01 08:01:59
9694,9694,605.6,Credit Card,Completed,2024-06-09 08:31:56
9695,9695,744.23,Credit Card,Completed,2024-09-19 23:37:04
9696,9696,69.64,Credit Card,Completed,2025-05-07 10:11:43
9697,9697,723.64,Paytm,Completed,2025-04-13 18:43:24
9698,9698,145.81,PayPal,Completed,2024-01-28 01:22:33
9699,9699,320.84,PayPal,Failed,2024-03-22 07:25:46
9700,9700,167.64,PayPal,Completed,2025-05-06 18:25:56
9701,9701,772.26,Paytm,Completed,2024-09-18 11:23:50
9702,9702,50.72,Credit Card,Completed,2023-12-23 10:06:31
9703,9703,618.89,Paytm,Completed,2024-12-20 18:29:21
9704,9704,190.75,Credit Card,Completed,2023-11-24 09:11:53
9705,9705,778.92,Cash,Completed,2024-07-17 17:23:03
9706,9706,153.43,Paytm,Completed,2024-08-10 10:46:49
9707,9707,690.57,UPI,Completed,2025-06-10 12:42:57
9708,9708,166.26,Cash,Completed,2024-09-17 22:43:04
9709,9709,593.83,Credit Card,Completed,2024-11-12 17:17:59
9710,9710,771.57,PayPal,Completed,2024-01-08 05:41:58
9711,9711,373.86,Cash,Pending,2024-02-22 07:16:18
9712,9712,285.57,Cash,Completed,2025-06-18 23:50:40
9713,9713,795.63,UPI,Completed,2024-09-16 07:42:23
9714,9714,89.28,UPI,Completed,2024-02-16 20:12:07
9715,9715,723.72,PayPal,Pending,2024-12-13 11:56:46
9716,9716,572.27,Paytm,Completed,2024-01-30 05:33:29
9717,9717,516.2,Paytm,Completed,2024-01-07 22:11:14
9718,9718,259.14,Credit Card,Completed,2025-06-22 10:37:23
9719,9719,796.05,UPI,Completed,2024-01-21 04:08:36
9720,9720,431.89,UPI,Completed,2024-01-03 14:42:12
9721,9721,129.56,PayPal,Completed,2024-06-13 05:23:16
9722,9722,221.32,Cash,Completed,2023-11-26 12:24:35
9723,9723,160.59,Paytm,Completed,2024-02-29 05:38:38
9724,9724,127.65,Cash,Completed,2025-08-04 00:37:56
9725,9725,799.97,Credit Card,Completed,2025-03-26 10:47:00
9726,9726,391.95,Cash,Completed,2024-09-03 11:13:14
9727,9727,549.08,PayPal,Completed,2024-10-23 05:49:50
9728,9728,279.73,Cash,Completed,2023-09-14 05:42:28
9729,9729,321.46,Paytm,Completed,2025-04-13 16:24:38
9730,9730,791.29,Cash,Completed,2023-08-09 05:13:42
9731,9731,479.16,Cash,Completed,2023-08-21 02:24:16
9732,9732,50.94,Paytm,Completed,2025-05-06 03:12:58
9733,9733,549.38,UPI,Completed,2023-10-21 05:30:23
9734,9734,244.38,Paytm,Completed,2024-11-09 20:31:44
9735,9735,168.65,Credit Card,Completed,2023-08-28 00:12:18
9736,9736,271.01,Paytm,Pending,2024-10-26 11:16:50
9737,9737,174.58,Credit Card,Completed,2025-08-01 03:29:40
9738,9738,635.84,Paytm,Completed,2024-01-12 05:22:25
9739,9739,85.14,PayPal,Completed,2024-10-11 14:46:38
9740,9740,477.21,Credit Card,Completed,2024-08-08 01:53:35
9741,9741,440.56,Paytm,Completed,2025-04-24 13:45:35
9742,9742,184.81,Credit Card,Completed,2024-12-22 06:33:36
9743,9743,241.35,PayPal,Completed,2024-06-16 19:42:15
9744,9744,653.03,Cash,Completed,2025-01-10 23:55:00
9745,9745,591.02,PayPal,Completed,2024-12-30 07:31:50
9746,9746,445.34,Cash,Completed,2024-12-22 18:47:58
9747,9747,647.57,Cash,Failed,2023-10-09 16:51:28
9748,9748,783.6,Credit Card,Completed,2024-12-05 09:24:41
9749,9749,240.42,Cash,Completed,2024-12-31 19:43:55
9750,9750,196.06,UPI,Completed,2025-03-13 14:37:15
9751,9751,624.05,PayPal,Completed,2024-04-02 06:54:17
9752,9752,576.39,UPI,Pending,2024-07-31 09:14:22
9753,9753,203.94,PayPal,Completed,2024-01-01 00:32:24
9754,9754,562.99,PayPal,Completed,2024-01-14 15:47:14
9755,9755,538.25,Cash,Completed,2023-12-25 08:54:48
9756,9756,441.39,Paytm,Completed,2025-06-08 09:28:42
9757,9757,350.77,Credit Card,Completed,2025-01-30 20:22:40
9758,9758,734.27,UPI,Completed,2023-11-11 02:28:59
9759,9759,603.21,Paytm,Completed,2023-09-22 01:54:54
9760,9760,719.03,Paytm,Completed,2025-01-06 10:07:36
9761,9761,638.37,UPI,Completed,2024-06-11 04:21:34
9762,9762,411.35,Credit Card,Completed,2025-03-04 09:42:23
9763,9763,622.1,Paytm,Pending,2025-01-07 12:28:17
9764,9764,476.74,UPI,Pending,2024-01-07 22:23:20
9765,9765,160.22,Cash,Completed,2024-12-12 08:04:52
9766,9766,279.39,Paytm,Completed,2024-01-26 18:02:52
9767,9767,409.48,PayPal,Completed,2025-07-23 04:03:06
9768,9768,334.26,PayPal,Completed,2024-10-23 06:03:22
9769,9769,634.87,PayPal,Completed,2024-11-21 10:57:31
9770,9770,747.69,Paytm,Completed,2024-05-22 02:24:16
9771,9771,258.77,Cash,Completed,2024-12-29 23:44:19
9772,9772,165.68,PayPal,Completed,2024-01-28 08:56:17
9773,9773,518.57,PayPal,Completed,2024-03-10 17:35:18
9774,9774,673.94,Credit Card,Failed,2023-10-26 06:06:13
9775,9775,259.32,Credit Card,Completed,2023-08-11 00:48:21
9776,9776,670.96,UPI,Completed,2024-02-04 14:54:06
9777,9777,227.2,Paytm,Completed,2025-04-12 04:33:27
9778,9778,73.87,Credit Card,Failed,2025-05-15 19:46:29
9779,9779,387.11,Cash,Completed,2025-04-01 16:29:18
9780,9780,450.61,Credit Card,Completed,2025-03-09 01:44:54
9781,9781,732.06,UPI,Completed,2025-03-07 07:53:02
9782,9782,711.36,PayPal,Completed,2024-02-22 14:23:27
9783,9783,777.25,Paytm,Completed,2025-02-14 00:25:36
9784,9784,667.08,Paytm,Completed,2025-06-14 21:42:17
9785,9785,643.51,UPI,Completed,2024-05-08 05:19:46
9786,9786,143.27,PayPal,Pending,2024-05-03 00:26:55
9787,9787,164.35,Credit Card,Completed,2025-01-24 12:32:27
9788,9788,290.49,Credit Card,Completed,2025-02-15 18:26:23
9789,9789,464.44,PayPal,Completed,2025-07-22 23:50:49
9790,9790,68.06,Paytm,Completed,2024-04-29 17:24:50
9791,9791,319.1,UPI,Completed,2023-09-17 22:03:18
9792,9792,290.81,Cash,Completed,2023-10-27 16:20:51
9793,9793,652.32,Paytm,Completed,2024-02-26 02:17:10
9794,9794,172.62,PayPal,Completed,2025-07-26 23:36:44
9795,9795,738.44,Credit Card,Completed,2024-04-23 09:59:37
9796,9796,99.48,Paytm,Completed,2024-01-11 09:24:22
9797,9797,710.1,Cash,Completed,2023-09-18 11:06:17
9798,9798,289.93,PayPal,Completed,2025-01-12 11:33:45
9799,9799,387.4,UPI,Completed,2025-04-16 04:52:35
9800,9800,778.9,PayPal,Failed,2024-08-16 19:50:26
9801,9801,547.2,Paytm,Completed,2025-01-01 17:26:48
9802,9802,608.1,Cash,Completed,2025-03-10 15:52:37
9803,9803,560.45,UPI,Completed,2024-12-23 17:16:10
9804,9804,691.7,PayPal,Completed,2024-12-08 19:10:43
9805,9805,743.75,UPI,Completed,2024-01-22 04:18:31
9806,9806,530.64,Paytm,Completed,2025-03-12 18:42:56
9807,9807,732.98,PayPal,Failed,2023-09-14 14:52:22
9808,9808,541.14,Credit Card,Completed,2023-08-28 17:33:11
9809,9809,303.39,Cash,Completed,2023-12-19 00:49:36
9810,9810,301.4,Cash,Completed,2023-11-17 22:36:27
9811,9811,512.6,Paytm,Completed,2025-05-17 03:11:25
9812,9812,610.44,Credit Card,Completed,2025-04-21 09:26:59
9813,9813,537.93,Paytm,Completed,2024-11-07 10:25:54
9814,9814,212.23,UPI,Completed,2023-08-08 07:00:14
9815,9815,627.1,Paytm,Completed,2023-09-17 00:36:36
9816,9816,307.21,Cash,Failed,2025-01-08 05:48:13
9817,9817,569.14,PayPal,Completed,2024-07-12 21:19:23
9818,9818,150.76,Cash,Completed,2024-07-13 00:20:54
9819,9819,624.96,Cash,Completed,2024-02-09 22:12:11
9820,9820,710.94,PayPal,Completed,2024-08-12 00:54:31
9821,9821,622.73,Cash,Completed,2024-12-29 20:25:53
9822,9822,223.6,UPI,Completed,2024-12-29 20:32:09
9823,9823,483.36,Paytm,Completed,2025-04-16 07:49:42
9824,9824,367.24,Paytm,Pending,2024-07-07 09:11:20
9825,9825,231.85,Cash,Completed,2024-04-16 05:39:06
9826,9826,146.98,Credit Card,Completed,2024-05-21 12:02:37
9827,9827,352.06,Cash,Completed,2024-05-18 04:59:14
9828,9828,271.57,PayPal,Completed,2023-09-02 11:31:10
9829,9829,692.44,Paytm,Completed,2025-03-17 14:03:50
9830,9830,554.05,Credit Card,Failed,2024-03-16 09:45:45
9831,9831,726.89,PayPal,Completed,2025-06-24 21:16:52
9832,9832,153.4,PayPal,Completed,2024-03-30 05:31:12
9833,9833,68.45,PayPal,Completed,2025-02-23 13:23:58
9834,9834,453.97,Credit Card,Failed,2025-05-29 18:35:18
9835,9835,122.61,PayPal,Completed,2025-04-23 12:53:22
9836,9836,111.45,PayPal,Completed,2025-08-02 12:44:49
9837,9837,153.65,UPI,Completed,2024-06-06 03:12:02
9838,9838,254.98,UPI,Completed,2025-03-21 01:30:36
9839,9839,635.92,Credit Card,Completed,2023-12-27 08:01:44
9840,9840,379.37,Cash,Completed,2023-12-17 19:47:14
9841,9841,133.06,PayPal,Completed,2025-07-01 12:53:50
9842,9842,106.16,Paytm,Completed,2025-05-04 10:32:51
9843,9843,86.84,Paytm,Failed,2023-08-15 04:02:14
9844,9844,523.01,PayPal,Pending,2025-03-18 08:39:15
9845,9845,233.38,Paytm,Completed,2025-01-13 13:47:32
9846,9846,298.94,Credit Card,Completed,2024-01-02 15:29:20
9847,9847,307.57,UPI,Completed,2024-06-11 04:05:16
9848,9848,80.56,UPI,Completed,2024-11-15 08:45:25
9849,9849,401.2,UPI,Completed,2024-11-14 09:22:30
9850,9850,73.45,Paytm,Completed,2024-11-07 05:13:19
9851,9851,243.59,UPI,Completed,2024-04-21 17:07:48
9852,9852,587.66,Cash,Completed,2024-08-07 16:56:07
9853,9853,223.08,Credit Card,Completed,2025-02-12 06:24:44
9854,9854,533.89,Credit Card,Completed,2024-04-30 21:57:50
9855,9855,88.74,UPI,Completed,2024-02-12 05:03:31
9856,9856,194.58,Credit Card,Completed,2025-05-15 13:38:54
9857,9857,390.53,UPI,Completed,2024-09-09 14:35:04
9858,9858,790.69,PayPal,Completed,2023-09-08 18:03:56
9859,9859,185.08,UPI,Completed,2025-07-25 02:56:57
9860,9860,337.03,UPI,Completed,2024-12-15 12:21:18
9861,9861,412.62,Cash,Completed,2023-12-22 13:51:26
9862,9862,568.09,Paytm,Completed,2024-11-20 03:15:09
9863,9863,730.44,UPI,Pending,2024-11-01 11:57:05
9864,9864,484.36,Credit Card,Completed,2025-06-06 12:08:10
9865,9865,595.31,Credit Card,Completed,2024-11-08 07:27:17
9866,9866,567.12,PayPal,Pending,2023-10-25 12:27:00
9867,9867,669.26,Cash,Completed,2025-02-15 10:32:43
9868,9868,345.06,Credit Card,Completed,2025-04-08 16:32:53
9869,9869,622.18,UPI,Completed,2025-06-04 12:18:33
9870,9870,342.33,Cash,Completed,2025-02-05 22:20:57
9871,9871,173.62,Paytm,Completed,2023-12-27 22:58:43
9872,9872,640.18,Paytm,Completed,2024-12-10 02:06:46
9873,9873,737.01,Cash,Failed,2023-08-22 07:29:03
9874,9874,691.2,Cash,Completed,2023-11-14 18:49:48
9875,9875,271.9,Paytm,Completed,2024-09-13 22:16:25
9876,9876,299.75,Paytm,Completed,2025-06-02 14:34:29
9877,9877,769.48,UPI,Completed,2023-09-14 17:49:39
9878,9878,341.68,Paytm,Completed,2023-12-08 14:10:24
9879,9879,133.36,Paytm,Completed,2023-09-29 22:58:06
9880,9880,254.7,Paytm,Completed,2024-01-30 16:56:36
9881,9881,269.95,UPI,Completed,2023-12-17 06:36:42
9882,9882,616.96,Paytm,Completed,2025-01-18 06:16:56
9883,9883,331.42,Paytm,Completed,2024-06-14 12:16:28
9884,9884,360.5,Paytm,Completed,2024-03-05 13:03:31
9885,9885,281.09,Paytm,Completed,2025-02-02 05:38:24
9886,9886,511.99,Paytm,Completed,2023-08-10 23:21:14
9887,9887,639.86,Paytm,Completed,2023-10-06 19:13:43
9888,9888,247.71,Credit Card,Completed,2025-02-19 03:00:38
9889,9889,216.37,Credit Card,Completed,2023-10-27 07:57:22
9890,9890,291.54,UPI,Completed,2024-06-06 06:17:10
9891,9891,688.63,Cash,Completed,2025-07-29 20:39:31
9892,9892,256.43,Credit Card,Failed,2024-06-24 14:58:46
9893,9893,614.69,Credit Card,Completed,2023-11-21 23:51:39
9894,9894,489.97,Paytm,Completed,2024-09-07 15:57:16
9895,9895,613.5,Cash,Completed,2024-11-27 14:16:59
9896,9896,218.18,Paytm,Completed,2025-03-29 05:46:11
9897,9897,107.88,Cash,Completed,2023-11-30 14:00:55
9898,9898,686.57,Credit Card,Completed,2024-07-14 04:48:01
9899,9899,302.77,UPI,Completed,2024-10-23 05:07:18
9900,9900,110.66,Cash,Failed,2024-12-19 18:26:19
9901,9901,207.54,Credit Card,Completed,2025-01-18 14:02:37
9902,9902,128.06,UPI,Completed,2024-02-09 10:34:27
9903,9903,551.36,Cash,Completed,2025-02-06 19:23:25
9904,9904,685.54,Paytm,Completed,2023-09-23 02:49:17
9905,9905,661.28,PayPal,Completed,2024-09-27 10:17:41
9906,9906,622.23,Paytm,Completed,2023-10-17 02:18:04
9907,9907,571.11,Cash,Completed,2025-04-15 10:39:53
9908,9908,351.72,Cash,Completed,2025-04-19 09:20:59
9909,9909,757.59,UPI,Completed,2025-01-12 22:58:51
9910,9910,573.76,Cash,Completed,2024-05-09 05:58:05
9911,9911,417.95,Paytm,Completed,2024-04-16 06:25:55
9912,9912,499.52,Cash,Completed,2024-05-06 04:13:15
9913,9913,662.65,PayPal,Completed,2023-08-29 23:12:46
9914,9914,311.12,PayPal,Completed,2024-08-03 09:44:50
9915,9915,146.78,Paytm,Completed,2024-10-09 12:21:53
9916,9916,587.78,Paytm,Completed,2025-08-03 07:01:56
9917,9917,511.91,Paytm,Completed,2025-03-26 14:38:38
9918,9918,193.51,Credit Card,Completed,2024-06-30 15:52:24
9919,9919,668.62,Paytm,Completed,2023-10-19 06:05:25
9920,9920,338.76,PayPal,Completed,2025-04-08 15:48:48
9921,9921,225.08,Paytm,Completed,2025-02-12 13:47:51
9922,9922,623.17,UPI,Completed,2024-02-14 16:23:55
9923,9923,503.71,PayPal,Completed,2025-01-14 02:40:19
9924,9924,358.36,PayPal,Completed,2023-09-12 04:39:37
9925,9925,219.97,Credit Card,Completed,2024-09-20 09:07:13
9926,9926,567.86,Credit Card,Completed,2024-04-15 11:52:11
9927,9927,147.61,UPI,Completed,2024-09-07 13:05:55
9928,9928,178.88,UPI,Completed,2025-02-03 21:22:43
9929,9929,770.09,UPI,Completed,2025-03-09 14:40:33
9930,9930,305.78,UPI,Completed,2025-03-03 22:29:45
9931,9931,239.8,Cash,Completed,2024-05-11 21:34:59
9932,9932,61.2,Credit Card,Completed,2023-08-21 12:19:09
9933,9933,605.68,UPI,Completed,2025-01-08 12:27:57
9934,9934,493.6,Cash,Completed,2023-09-16 08:21:35
9935,9935,742.19,Credit Card,Completed,2023-11-03 04:17:25
9936,9936,403.34,PayPal,Completed,2025-01-19 13:04:28
9937,9937,241.36,Cash,Completed,2025-06-20 08:52:51
9938,9938,347.25,UPI,Completed,2024-07-17 19:08:36
9939,9939,174.71,Paytm,Completed,2024-07-01 10:21:08
9940,9940,592.85,UPI,Completed,2025-07-29 11:02:06
9941,9941,545.72,Credit Card,Completed,2025-02-16 07:12:29
9942,9942,563.4,Cash,Completed,2024-10-25 12:55:22
9943,9943,267.02,UPI,Pending,2023-12-15 19:16:04
9944,9944,648.91,PayPal,Completed,2025-07-27 13:11:32
9945,9945,329.11,Credit Card,Completed,2023-08-31 00:48:10
9946,9946,440.24,PayPal,Failed,2025-01-26 08:38:33
9947,9947,177.02,Paytm,Completed,2025-06-09 02:07:34
9948,9948,375.84,Cash,Completed,2024-10-31 18:39:36
9949,9949,112.36,Credit Card,Completed,2024-11-28 22:38:08
9950,9950,674.53,PayPal,Pending,2025-04-26 19:57:20
9951,9951,376.73,UPI,Completed,2025-03-09 20:58:06
9952,9952,262.89,UPI,Completed,2023-09-09 06:27:26
9953,9953,535.45,UPI,Completed,2024-07-30 03:37:16
9954,9954,650.35,Paytm,Completed,2023-12-06 04:16:05
9955,9955,178.69,UPI,Completed,2025-07-03 12:11:22
9956,9956,311.72,Credit Card,Completed,2025-03-11 23:04:14
9957,9957,465.58,Cash,Failed,2024-07-27 04:33:26
9958,9958,137.14,Paytm,Completed,2025-07-12 16:56:28
9959,9959,658.29,Cash,Completed,2025-07-03 21:53:40
9960,9960,367.27,Cash,Pending,2024-10-02 06:19:06
9961,9961,64.28,UPI,Completed,2025-07-21 14:25:31
9962,9962,571.33,Credit Card,Completed,2023-08-07 02:14:38
9963,9963,580.52,Paytm,Pending,2025-07-06 18:24:53
9964,9964,460.75,UPI,Completed,2024-12-02 22:57:18
9965,9965,475.25,Cash,Completed,2025-02-25 01:35:41
9966,9966,210.03,UPI,Completed,2023-08-15 11:27:02
9967,9967,724.18,Credit Card,Completed,2025-05-01 06:57:00
9968,9968,466.27,Credit Card,Pending,2024-12-18 13:13:26
9969,9969,757.19,PayPal,Completed,2024-09-03 01:32:37
9970,9970,521.65,Cash,Completed,2025-04-22 11:27:51
9971,9971,550.85,UPI,Completed,2024-05-13 03:10:50
9972,9972,626.91,PayPal,Completed,2025-06-15 02:34:42
9973,9973,253.94,Credit Card,Completed,2023-11-23 20:16:03
9974,9974,763.92,UPI,Completed,2024-04-27 00:56:18
9975,9975,748.69,PayPal,Completed,2025-06-11 04:45:44
9976,9976,518.4,Paytm,Completed,2025-03-29 03:00:50
9977,9977,776.2,Credit Card,Completed,2024-10-17 05:57:59
9978,9978,243.81,Credit Card,Completed,2024-03-16 20:41:16
9979,9979,661.06,Paytm,Pending,2024-06-19 13:28:18
9980,9980,685.78,UPI,Completed,2024-01-06 03:38:54
9981,9981,516.12,UPI,Completed,2023-09-02 18:44:42
9982,9982,258.66,UPI,Completed,2025-02-22 20:41:38
9983,9983,555.13,UPI,Completed,2024-09-19 23:23:02
9984,9984,519.0,UPI,Completed,2025-06-26 08:05:04
9985,9985,557.31,UPI,Completed,2024-10-24 00:52:21
9986,9986,69.82,Paytm,Completed,2024-07-03 04:49:24
9987,9987,102.75,Credit Card,Completed,2024-03-29 06:46:34
9988,9988,278.59,Paytm,Completed,2024-07-09 04:45:07
9989,9989,781.98,PayPal,Pending,2024-10-23 15:42:05
9990,9990,767.51,Paytm,Pending,2024-05-24 11:10:50
9991,9991,163.63,Cash,Completed,2023-12-26 16:51:11
9992,9992,508.2,Cash,Completed,2025-05-28 18:33:06
9993,9993,288.95,Cash,Completed,2024-03-16 23:50:45
9994,9994,684.39,Cash,Completed,2025-05-25 04:51:25
9995,9995,234.37,Credit Card,Completed,2023-12-29 18:47:08
9996,9996,465.72,Cash,Completed,2025-03-21 14:32:13
9997,9997,698.32,PayPal,Completed,2024-03-07 20:49:09
9998,9998,755.67,Paytm,Completed,2023-10-30 10:27:34
9999,9999,467.36,UPI,Completed,2024-02-06 12:29:02
10000,10000,634.83,UPI,Completed,2024-02-27 01:18:37
