trip_id,user_id,driver_id,start_location_id,end_location_id,start_time,end_time,trip_type,fare,distance_km,rating,status
1,6334,4204,1836,4609,2025-07-18 14:15:07,2025-07-18 14:32:07,UberX,429.66,16.84,4.59,Cancelled
2,6855,995,8147,4923,2025-04-18 00:52:24,2025-04-18 01:05:24,UberBlack,567.9,12.31,3.97,Completed
3,5869,821,8722,4660,2024-06-14 02:44:15,2024-06-14 03:19:15,UberBlack,244.67,16.02,3.94,Cancelled
4,8369,2139,9658,7936,2024-12-25 14:01:17,2024-12-25 14:16:17,UberPool,538.77,16.52,4.19,Completed
5,8940,9653,2925,3067,2024-09-10 07:17:35,2024-09-10 07:40:35,UberBlack,304.9,6.61,4.59,Cancelled
6,2061,2455,350,155,2024-06-27 20:11:38,2024-06-27 20:23:38,UberBlack,275.16,12.61,3.68,Completed
7,7392,7666,8631,5272,2024-02-21 12:06:11,2024-02-21 12:28:11,UberBlack,328.82,15.04,4.47,Completed
8,9005,7126,6231,6297,2025-04-29 04:11:56,2025-04-29 04:24:56,UberPool,782.35,12.3,4.77,Completed
9,5565,9247,3953,138,2024-12-13 00:42:48,2024-12-13 00:49:48,UberBlack,609.54,18.0,4.48,Completed
10,9762,3222,5484,3004,2023-12-31 12:17:30,2023-12-31 13:02:30,UberBlack,326.92,4.92,4.76,Completed
11,1790,3586,2879,5879,2024-06-20 18:05:34,2024-06-20 18:20:34,UberBlack,283.59,14.67,4.23,Completed
12,1602,3626,1917,1025,2024-10-13 18:54:42,2024-10-13 19:27:42,UberPool,313.29,5.51,3.81,Completed
13,2356,6635,4817,9227,2023-11-01 23:01:52,2023-11-01 23:46:52,UberPool,182.27,2.64,4.14,Completed
14,9104,3614,8118,8973,2023-11-27 22:47:33,2023-11-27 23:22:33,UberX,102.44,5.39,4.93,Cancelled
15,5745,3542,8414,9577,2024-09-09 03:49:27,2024-09-09 03:59:27,UberPool,734.74,15.89,3.92,Cancelled
16,5450,2867,7098,2606,2023-09-26 19:11:33,2023-09-26 19:46:33,UberPool,209.69,15.93,3.8,Completed
17,7134,1984,1351,2527,2025-03-02 15:37:31,2025-03-02 15:42:31,UberBlack,533.09,3.68,4.32,Completed
18,9193,7704,4805,2510,2023-10-07 18:22:23,2023-10-07 18:57:23,UberX,411.06,6.98,4.1,Completed
19,779,2200,9666,7203,2024-08-14 21:32:48,2024-08-14 21:59:48,UberPool,77.1,8.13,4.39,Completed
20,9006,2049,5141,6485,2024-01-21 04:26:42,2024-01-21 05:04:42,UberPool,297.22,6.53,4.13,Completed
21,3341,3857,1628,1373,2025-01-07 17:18:21,2025-01-07 17:28:21,UberBlack,289.88,14.44,3.98,No Show
22,6431,2801,2051,1629,2023-10-03 16:39:14,2023-10-03 17:17:14,UberBlack,80.97,14.17,4.68,Completed
23,4113,6599,2782,3783,2025-06-29 20:47:26,2025-06-29 21:15:26,UberBlack,604.78,7.18,3.76,Completed
24,7098,1397,5802,6537,2023-08-07 15:26:06,2023-08-07 15:36:06,UberX,199.45,16.89,4.6,Completed
25,7260,8399,1287,4768,2024-04-08 14:39:37,2024-04-08 15:16:37,UberPool,266.85,19.11,3.96,Cancelled
26,68,489,7606,4789,2023-12-11 00:01:17,2023-12-11 00:27:17,UberPool,661.16,15.02,4.2,Completed
27,6969,4795,5675,1643,2025-01-16 00:14:41,2025-01-16 00:51:41,UberPool,207.48,5.65,4.64,Cancelled
28,3995,3640,7104,3226,2025-03-08 11:31:59,2025-03-08 11:38:59,UberBlack,299.39,7.71,4.53,Completed
29,943,6515,7426,957,2025-03-11 15:50:24,2025-03-11 16:06:24,UberPool,670.47,1.44,4.58,Completed
30,744,6901,6334,9431,2023-10-06 18:08:37,2023-10-06 18:35:37,UberPool,64.46,14.52,4.14,Cancelled
31,8464,6801,6714,6103,2024-04-17 09:18:06,2024-04-17 09:45:06,UberBlack,694.64,4.97,4.08,No Show
32,4453,8073,1758,4255,2024-06-21 18:46:16,2024-06-21 18:55:16,UberPool,185.48,1.27,4.63,Completed
33,7219,9280,8527,4646,2023-12-25 08:26:35,2023-12-25 09:03:35,UberPool,682.84,12.08,4.66,Completed
34,1148,86,9047,2546,2024-08-26 13:05:53,2024-08-26 13:10:53,UberPool,726.26,3.01,4.45,Completed
35,2052,8985,9707,3532,2025-07-20 19:37:34,2025-07-20 20:19:34,UberX,523.55,10.06,4.35,Completed
36,3607,9413,9160,1734,2024-10-11 17:53:20,2024-10-11 18:37:20,UberBlack,450.71,3.44,4.12,Completed
37,1260,8535,7625,5932,2025-03-01 20:20:54,2025-03-01 20:54:54,UberX,365.74,2.95,3.55,Completed
38,5244,7113,2051,2067,2024-01-13 21:38:28,2024-01-13 22:09:28,UberBlack,148.38,15.87,4.0,Completed
39,2738,3690,8362,1759,2023-09-29 13:08:21,2023-09-29 13:38:21,UberPool,704.23,16.08,3.62,Cancelled
40,1321,3308,3379,1368,2025-04-11 20:32:23,2025-04-11 21:16:23,UberPool,625.81,18.12,4.35,Completed
41,2287,5322,8011,6992,2023-11-11 03:30:02,2023-11-11 03:46:02,UberPool,637.56,7.51,3.87,Completed
42,1072,6027,1521,8498,2024-01-28 20:02:33,2024-01-28 20:15:33,UberPool,290.37,12.89,4.01,Completed
43,1852,9752,7468,2778,2025-04-27 12:05:15,2025-04-27 12:40:15,UberPool,121.73,5.78,4.54,Completed
44,1567,8741,3199,4708,2024-03-06 16:38:09,2024-03-06 16:50:09,UberPool,225.71,1.45,3.8,Completed
45,5102,7668,9712,6813,2023-11-27 08:38:08,2023-11-27 09:23:08,UberPool,770.9,7.19,3.95,Completed
46,5175,6922,4991,4145,2024-11-24 16:17:00,2024-11-24 16:56:00,UberBlack,156.81,17.1,4.78,Completed
47,2893,9087,1733,2083,2025-01-16 20:52:15,2025-01-16 21:18:15,UberBlack,729.12,11.32,4.23,Completed
48,5794,641,952,3571,2025-05-03 10:32:44,2025-05-03 10:41:44,UberX,305.33,6.9,4.5,Completed
49,6907,8906,5296,6851,2024-12-12 00:19:25,2024-12-12 01:03:25,UberPool,471.99,14.1,3.83,Completed
50,4817,4368,7854,8061,2024-11-20 06:04:10,2024-11-20 06:14:10,UberX,221.35,4.14,4.62,Completed
51,4096,8441,4320,1430,2023-12-11 14:08:32,2023-12-11 14:14:32,UberPool,367.95,16.71,3.7,Completed
52,6984,7223,6266,6008,2024-05-29 18:41:49,2024-05-29 19:12:49,UberBlack,623.33,15.69,4.82,Completed
53,3893,801,9944,3820,2024-02-19 08:55:12,2024-02-19 09:13:12,UberPool,784.22,17.24,4.23,Completed
54,556,1504,9154,4128,2025-06-12 00:48:15,2025-06-12 01:05:15,UberX,489.06,15.24,4.64,Completed
55,184,886,3570,4512,2024-08-11 10:50:55,2024-08-11 10:57:55,UberX,516.7,7.37,4.63,Completed
56,8021,1794,3246,2216,2024-05-30 01:28:49,2024-05-30 01:36:49,UberBlack,208.37,1.2,4.1,Completed
57,5933,7047,1581,8218,2024-12-21 08:59:21,2024-12-21 09:21:21,UberBlack,406.17,10.47,4.86,Completed
58,9049,8564,8389,4990,2024-11-19 02:06:35,2024-11-19 02:33:35,UberBlack,690.16,14.39,4.24,Completed
59,7712,5788,9519,7817,2024-06-22 11:14:15,2024-06-22 11:24:15,UberBlack,124.22,2.65,4.88,Completed
60,6918,4802,1099,888,2024-04-10 11:37:18,2024-04-10 12:06:18,UberX,491.68,16.2,4.46,Completed
61,1622,5765,340,8830,2025-05-02 17:34:09,2025-05-02 17:52:09,UberPool,761.19,13.74,4.94,Completed
62,8916,6879,9936,9361,2023-09-14 07:00:28,2023-09-14 07:38:28,UberX,276.25,1.4,3.78,Completed
63,1037,5398,3741,815,2024-02-12 02:15:29,2024-02-12 02:40:29,UberPool,736.9,2.78,3.91,Completed
64,6766,7181,6127,1560,2023-08-15 08:33:57,2023-08-15 08:52:57,UberX,212.0,16.94,3.92,Completed
65,885,7067,4075,9335,2023-09-24 17:36:23,2023-09-24 18:07:23,UberX,697.16,19.88,4.31,Completed
66,2688,9259,9677,7830,2025-04-14 18:50:03,2025-04-14 18:58:03,UberPool,275.77,4.91,4.94,Completed
67,1188,6433,2351,9303,2024-09-17 04:30:26,2024-09-17 05:03:26,UberPool,358.38,3.89,4.92,Cancelled
68,5518,3238,4916,5258,2024-04-23 11:32:28,2024-04-23 12:02:28,UberPool,612.96,14.7,4.98,Completed
69,8449,3253,3133,4984,2023-08-19 18:59:24,2023-08-19 19:39:24,UberBlack,667.33,11.95,4.38,Cancelled
70,1126,3988,2921,828,2024-07-20 11:19:56,2024-07-20 11:26:56,UberPool,439.85,11.96,3.56,Completed
71,2856,488,4583,1704,2024-12-12 14:08:06,2024-12-12 14:41:06,UberPool,74.01,14.61,3.77,Completed
72,4084,7952,3568,1272,2024-08-16 21:15:03,2024-08-16 21:33:03,UberBlack,274.21,3.83,3.59,Cancelled
73,2086,7123,8399,9378,2023-12-29 23:54:14,2023-12-30 00:29:14,UberPool,703.34,4.09,3.61,Completed
74,9943,7593,4823,2312,2023-08-29 04:39:00,2023-08-29 05:23:00,UberX,183.24,16.5,4.24,Completed
75,8914,4382,2186,1326,2024-11-29 08:32:48,2024-11-29 08:58:48,UberPool,720.04,15.57,4.98,Completed
76,9330,7943,6912,3866,2024-05-21 12:30:45,2024-05-21 12:40:45,UberPool,218.68,14.06,4.49,Completed
77,9624,4486,6382,1316,2024-04-26 08:33:29,2024-04-26 09:17:29,UberBlack,725.25,13.23,4.45,Completed
78,6528,6400,2814,7888,2025-01-05 08:31:31,2025-01-05 08:41:31,UberPool,257.26,1.98,4.14,Cancelled
79,7179,8671,8314,7142,2024-11-21 12:11:12,2024-11-21 12:26:12,UberX,676.92,9.39,4.06,Completed
80,1624,7479,7588,2015,2025-02-23 07:26:12,2025-02-23 07:42:12,UberBlack,99.38,11.84,3.79,Completed
81,1465,9890,8072,6221,2024-08-22 03:00:47,2024-08-22 03:35:47,UberPool,50.78,13.1,3.5,Completed
82,9471,7093,6946,2635,2024-07-19 04:30:57,2024-07-19 04:52:57,UberX,279.56,9.41,4.99,Completed
83,1,3236,175,3595,2024-12-05 02:23:47,2024-12-05 03:06:47,UberBlack,458.82,13.11,3.56,No Show
84,7026,4689,5579,9242,2023-11-02 13:58:39,2023-11-02 14:22:39,UberX,603.34,13.52,4.78,Completed
85,9874,4979,8376,7972,2024-02-27 02:16:13,2024-02-27 02:38:13,UberX,501.66,14.28,3.51,Completed
86,2716,2281,6195,9059,2024-01-18 02:15:40,2024-01-18 02:45:40,UberX,425.91,13.32,3.81,Completed
87,8729,7959,6030,4702,2024-12-05 20:08:27,2024-12-05 20:33:27,UberBlack,413.08,18.04,4.83,Completed
88,2386,9496,4271,6858,2025-07-27 22:42:14,2025-07-27 23:05:14,UberBlack,203.84,3.12,3.69,Completed
89,6123,7444,313,4239,2025-04-16 08:52:42,2025-04-16 09:01:42,UberPool,153.59,8.47,4.63,Completed
90,48,6076,9372,4608,2024-12-18 11:39:11,2024-12-18 12:04:11,UberBlack,327.4,13.29,4.17,Completed
91,2489,9306,6946,6913,2025-07-08 04:34:57,2025-07-08 04:50:57,UberBlack,159.12,5.81,4.16,Completed
92,2515,9050,8230,974,2025-01-24 20:49:21,2025-01-24 21:24:21,UberX,771.35,1.93,3.88,Completed
93,7111,8609,4471,1855,2024-07-06 22:13:05,2024-07-06 22:58:05,UberBlack,394.87,5.55,4.4,Completed
94,9902,7752,4008,3668,2024-10-17 00:21:45,2024-10-17 01:05:45,UberX,624.35,10.6,4.59,Completed
95,9113,6948,8395,3445,2025-03-03 17:32:25,2025-03-03 18:12:25,UberPool,589.79,10.92,4.69,Completed
96,2067,8361,7331,3448,2023-10-18 23:46:47,2023-10-19 00:26:47,UberPool,702.91,19.37,3.65,No Show
97,2964,5679,2328,4088,2025-07-21 19:12:16,2025-07-21 19:38:16,UberBlack,77.86,12.46,4.57,Completed
98,8942,7775,8037,3815,2024-07-15 23:33:45,2024-07-16 00:18:45,UberX,319.93,12.02,4.28,Completed
99,4202,8410,9779,6618,2023-09-26 15:56:30,2023-09-26 16:02:30,UberX,550.17,18.65,3.76,Cancelled
100,989,5716,8867,6466,2024-04-11 00:22:17,2024-04-11 00:56:17,UberBlack,165.48,3.93,4.49,Completed
101,1494,8733,927,7365,2024-11-20 05:14:50,2024-11-20 05:44:50,UberBlack,380.28,19.64,4.71,Completed
102,7352,6671,3751,9860,2025-01-07 21:47:46,2025-01-07 22:22:46,UberX,106.43,19.68,3.57,Completed
103,4328,7081,7049,8215,2023-10-11 01:41:09,2023-10-11 02:22:09,UberX,721.02,5.13,4.04,Completed
104,717,4594,6955,2586,2025-04-16 02:30:42,2025-04-16 02:51:42,UberX,155.21,2.05,3.85,Completed
105,7827,9064,8161,3078,2023-11-14 16:49:17,2023-11-14 17:18:17,UberBlack,312.64,11.19,4.67,Completed
106,6794,8764,6447,1329,2023-09-18 15:26:57,2023-09-18 15:44:57,UberPool,155.92,1.41,3.86,Completed
107,2992,7652,4333,7654,2024-03-11 17:53:34,2024-03-11 18:23:34,UberBlack,686.36,11.46,4.21,Completed
108,8621,6406,5289,566,2024-05-25 23:28:34,2024-05-25 23:33:34,UberBlack,398.81,18.65,4.56,Completed
109,5854,8271,8597,136,2024-03-30 16:19:03,2024-03-30 16:25:03,UberBlack,484.21,18.35,4.14,Cancelled
110,2637,9277,4387,5129,2024-03-21 15:07:35,2024-03-21 15:13:35,UberX,747.33,17.55,4.42,Completed
111,3654,7568,5649,9951,2024-03-21 05:12:16,2024-03-21 05:48:16,UberX,331.03,16.89,4.93,Completed
112,4827,6189,9263,6419,2024-06-15 04:43:59,2024-06-15 04:54:59,UberPool,586.86,10.49,4.88,Completed
113,7567,7211,2334,2450,2023-11-13 16:08:38,2023-11-13 16:23:38,UberPool,156.04,6.84,4.86,Completed
114,5327,1338,3965,3883,2024-08-04 12:13:05,2024-08-04 12:20:05,UberPool,57.86,1.21,4.19,Completed
115,7887,948,6873,7707,2024-02-26 03:13:43,2024-02-26 03:45:43,UberX,570.35,17.27,4.54,Cancelled
116,4152,1719,5872,3938,2023-09-27 06:56:07,2023-09-27 07:36:07,UberBlack,333.0,13.87,3.68,Completed
117,2554,1104,615,8159,2024-01-17 10:10:50,2024-01-17 10:36:50,UberX,704.27,1.48,4.42,Completed
118,5734,1279,5996,8680,2025-07-28 03:05:17,2025-07-28 03:32:17,UberX,745.96,17.47,4.84,Completed
119,4247,2322,4197,5224,2025-01-10 21:16:27,2025-01-10 21:43:27,UberPool,757.89,4.47,3.77,Completed
120,5075,8756,4582,1375,2024-11-18 14:16:31,2024-11-18 14:33:31,UberBlack,516.43,11.92,4.48,Cancelled
121,9284,6492,9826,3262,2024-08-16 18:59:07,2024-08-16 19:17:07,UberX,753.32,11.48,3.98,Completed
122,697,9609,7891,218,2025-06-16 22:56:11,2025-06-16 23:23:11,UberBlack,603.51,15.51,4.4,Completed
123,7144,226,3419,6738,2024-03-28 23:57:54,2024-03-29 00:09:54,UberX,538.09,16.35,4.28,Completed
124,8284,657,1853,1047,2024-06-25 09:01:23,2024-06-25 09:35:23,UberX,670.58,14.05,4.37,Completed
125,2416,8647,1135,4513,2024-06-15 18:01:40,2024-06-15 18:26:40,UberPool,149.25,17.89,4.71,Completed
126,9298,9499,6497,2212,2024-11-24 11:17:20,2024-11-24 11:54:20,UberX,482.21,1.14,4.46,Completed
127,5946,904,2368,1225,2024-10-19 07:09:39,2024-10-19 07:46:39,UberPool,319.38,8.28,3.58,Cancelled
128,9382,1703,1573,2454,2025-04-06 23:12:36,2025-04-06 23:43:36,UberBlack,90.03,14.86,4.03,No Show
129,6979,9259,5341,4317,2024-01-31 18:15:49,2024-01-31 18:59:49,UberX,751.81,11.41,3.91,No Show
130,3989,9721,8907,7011,2024-03-28 15:00:03,2024-03-28 15:27:03,UberPool,792.54,2.32,4.66,Cancelled
131,6162,824,4154,8362,2025-02-10 03:27:09,2025-02-10 04:01:09,UberPool,279.54,1.7,4.1,Completed
132,780,456,6088,6431,2024-07-07 07:07:01,2024-07-07 07:12:01,UberPool,488.31,6.17,4.09,Completed
133,1634,192,2270,3624,2025-03-31 08:31:22,2025-03-31 08:57:22,UberPool,89.48,12.94,4.79,Completed
134,5937,888,477,5717,2024-03-25 20:58:38,2024-03-25 21:42:38,UberBlack,65.62,17.2,4.47,Completed
135,5436,6928,7942,8812,2024-11-10 10:39:06,2024-11-10 11:20:06,UberPool,209.57,11.89,4.95,Completed
136,5061,9833,7988,4368,2023-09-20 06:40:06,2023-09-20 06:59:06,UberBlack,396.25,17.02,3.56,Completed
137,1412,2470,9282,6351,2025-04-15 03:40:34,2025-04-15 03:46:34,UberX,494.37,3.62,4.13,Completed
138,1207,8088,5055,3069,2024-05-07 23:19:30,2024-05-07 23:40:30,UberX,556.68,4.2,3.65,Completed
139,825,9506,2143,7158,2025-01-20 14:58:33,2025-01-20 15:29:33,UberX,621.44,5.46,4.18,No Show
140,1843,8998,3592,4085,2024-07-29 06:11:00,2024-07-29 06:16:00,UberBlack,509.05,5.62,5.0,Completed
141,4118,2668,8041,8750,2024-04-05 16:05:07,2024-04-05 16:10:07,UberPool,205.46,5.12,3.79,Cancelled
142,7349,8393,4330,2514,2023-12-10 02:42:15,2023-12-10 03:10:15,UberPool,362.63,19.32,4.86,Completed
143,563,8673,5467,9074,2023-08-07 14:59:27,2023-08-07 15:06:27,UberBlack,73.53,7.85,4.33,Completed
144,8970,3532,1898,5368,2024-07-22 23:11:35,2024-07-22 23:46:35,UberX,674.13,18.34,4.78,Completed
145,5482,8869,7440,8855,2025-06-29 04:18:10,2025-06-29 04:29:10,UberX,469.86,19.27,4.18,No Show
146,1810,4477,4622,8692,2023-12-17 10:39:55,2023-12-17 11:17:55,UberX,703.49,7.6,4.64,Completed
147,4853,1809,4442,7008,2025-03-16 16:39:52,2025-03-16 17:10:52,UberBlack,119.49,13.5,4.01,Completed
148,586,1477,62,6663,2024-04-02 05:34:48,2024-04-02 06:02:48,UberX,361.27,18.3,4.09,Completed
149,4779,5898,5140,5449,2024-10-09 16:47:44,2024-10-09 17:07:44,UberBlack,632.96,14.01,3.83,Cancelled
150,7069,8069,7104,5908,2024-12-22 03:25:59,2024-12-22 04:08:59,UberPool,515.54,12.75,3.57,Completed
151,4617,4506,2176,3818,2024-06-23 07:35:16,2024-06-23 08:15:16,UberPool,126.71,4.44,4.07,No Show
152,5082,8320,1765,8627,2024-01-07 19:48:42,2024-01-07 20:18:42,UberPool,122.52,17.84,4.32,Completed
153,5516,3583,8807,980,2023-10-27 13:11:08,2023-10-27 13:39:08,UberX,613.9,2.65,4.04,Completed
154,3205,1221,5661,7062,2024-12-31 22:19:21,2024-12-31 22:31:21,UberPool,661.42,18.04,3.75,Completed
155,3060,7695,4868,5026,2025-07-11 01:15:07,2025-07-11 01:49:07,UberBlack,783.52,15.99,4.17,Completed
156,1858,3720,7907,6231,2023-09-27 08:04:39,2023-09-27 08:13:39,UberPool,507.61,11.59,4.82,Completed
157,5612,8919,8564,4479,2024-02-06 23:16:27,2024-02-06 23:33:27,UberBlack,140.09,14.4,3.97,Completed
158,4993,8058,248,8647,2024-03-04 22:28:46,2024-03-04 23:01:46,UberPool,280.58,1.52,4.18,Completed
159,9437,2455,6880,1710,2024-01-09 11:53:02,2024-01-09 12:29:02,UberPool,310.41,9.35,4.38,Completed
160,6401,891,2044,8304,2024-01-24 17:35:25,2024-01-24 17:55:25,UberPool,605.58,3.84,3.69,Completed
161,5193,9768,4272,5469,2025-05-17 23:24:03,2025-05-17 23:49:03,UberBlack,108.45,3.39,3.66,Cancelled
162,7152,8377,3882,5100,2024-12-13 14:41:30,2024-12-13 15:21:30,UberX,238.33,19.29,4.77,Completed
163,795,7311,6237,4128,2024-10-14 07:29:10,2024-10-14 08:12:10,UberPool,732.59,6.81,3.82,Completed
164,2937,5692,329,1579,2023-10-17 03:14:55,2023-10-17 03:42:55,UberX,335.88,6.25,4.91,Completed
165,1303,4884,5746,7767,2023-12-30 01:48:51,2023-12-30 02:07:51,UberPool,190.84,18.02,4.28,Completed
166,3289,1391,4377,1175,2023-12-02 04:56:24,2023-12-02 05:41:24,UberX,418.55,1.3,3.51,Completed
167,7977,6087,1674,4901,2023-08-14 05:17:54,2023-08-14 05:44:54,UberBlack,126.25,7.81,3.92,Cancelled
168,5385,5848,8720,3104,2024-12-21 19:06:50,2024-12-21 19:45:50,UberX,414.75,8.29,3.55,Cancelled
169,9762,2876,6457,6986,2023-10-27 07:02:58,2023-10-27 07:11:58,UberBlack,683.68,1.94,3.89,Cancelled
170,1167,8441,6269,8862,2024-07-04 18:29:43,2024-07-04 18:53:43,UberPool,447.1,14.56,4.97,Completed
171,9759,397,9899,516,2023-08-23 05:55:01,2023-08-23 06:29:01,UberPool,746.04,14.75,4.08,Completed
172,3892,53,359,113,2024-08-09 10:03:44,2024-08-09 10:32:44,UberPool,553.68,7.79,4.59,Completed
173,8438,773,1371,8410,2024-05-28 15:55:25,2024-05-28 16:30:25,UberX,223.08,1.54,4.24,Completed
174,2305,3896,7488,3004,2023-11-27 11:47:49,2023-11-27 12:02:49,UberPool,205.05,5.22,4.14,Cancelled
175,4286,942,3401,2395,2024-05-30 11:09:37,2024-05-30 11:38:37,UberPool,717.95,12.12,3.89,Completed
176,5389,3468,2308,2692,2024-04-25 05:32:37,2024-04-25 06:03:37,UberBlack,618.22,18.31,3.89,Completed
177,3402,5613,9230,7672,2023-08-28 21:22:04,2023-08-28 21:39:04,UberPool,626.65,2.83,4.52,Completed
178,7192,9612,4850,2377,2024-07-02 00:34:37,2024-07-02 01:05:37,UberPool,94.43,16.66,4.57,Completed
179,2573,7413,7653,4183,2024-04-04 06:12:55,2024-04-04 06:17:55,UberX,575.49,5.91,4.55,Completed
180,4783,6264,1494,1129,2025-05-31 19:16:33,2025-05-31 19:59:33,UberX,511.2,14.32,4.15,Completed
181,2574,802,5910,4728,2025-04-16 23:46:17,2025-04-17 00:02:17,UberX,371.01,8.84,4.31,Completed
182,2726,3001,3103,8531,2025-06-06 04:54:31,2025-06-06 05:15:31,UberPool,202.73,12.58,4.42,Completed
183,5239,9763,9391,4926,2025-07-31 20:55:01,2025-07-31 21:23:01,UberBlack,707.01,11.74,3.73,Completed
184,4567,7814,7965,5277,2025-03-13 01:29:34,2025-03-13 01:45:34,UberBlack,497.37,9.46,4.03,Completed
185,2653,1635,8437,8407,2025-02-23 23:37:58,2025-02-24 00:21:58,UberPool,553.46,4.84,3.78,Completed
186,5720,6851,7440,955,2023-08-27 12:46:48,2023-08-27 13:04:48,UberX,110.21,2.49,3.69,Completed
187,8512,3686,8078,5840,2024-01-19 04:11:32,2024-01-19 04:29:32,UberBlack,530.75,15.92,3.77,Completed
188,3502,8336,5502,4728,2025-06-27 18:28:02,2025-06-27 18:54:02,UberPool,615.89,6.48,4.26,Completed
189,7056,3787,8526,3281,2024-06-16 16:39:12,2024-06-16 17:19:12,UberPool,569.85,3.86,4.8,Completed
190,5623,3175,4078,5565,2024-09-28 15:08:47,2024-09-28 15:24:47,UberPool,773.35,2.2,3.79,No Show
191,6968,6167,349,7087,2024-03-23 22:15:14,2024-03-23 22:54:14,UberBlack,592.82,11.74,4.57,No Show
192,7799,4173,1672,5865,2023-08-05 14:08:04,2023-08-05 14:43:04,UberPool,634.64,17.94,3.53,Completed
193,651,1216,3496,332,2025-02-22 06:34:09,2025-02-22 06:49:09,UberX,184.63,14.6,3.81,Completed
194,1810,5914,2931,1582,2024-06-14 23:10:36,2024-06-14 23:41:36,UberX,497.23,3.59,3.73,Completed
195,1660,4235,4289,2074,2025-04-15 17:07:49,2025-04-15 17:22:49,UberX,356.96,12.93,4.12,No Show
196,1914,2025,4833,4327,2024-11-05 17:19:38,2024-11-05 17:44:38,UberPool,202.18,3.02,4.47,Completed
197,6534,1984,8004,8906,2024-07-20 02:23:39,2024-07-20 02:56:39,UberBlack,420.31,16.39,4.65,No Show
198,5820,1984,9921,1646,2023-12-08 09:25:47,2023-12-08 09:43:47,UberBlack,183.96,6.67,3.79,Completed
199,3090,6356,5533,5822,2023-12-05 23:21:28,2023-12-05 23:43:28,UberBlack,360.89,1.77,3.79,Completed
200,3070,9176,1419,576,2024-05-08 05:39:23,2024-05-08 06:05:23,UberBlack,383.32,9.64,3.76,Completed
201,5842,1595,4806,5583,2025-01-13 18:01:14,2025-01-13 18:27:14,UberBlack,153.23,14.86,4.16,Completed
202,102,6178,2985,3527,2024-07-29 19:43:31,2024-07-29 20:09:31,UberX,372.13,19.76,4.37,Completed
203,8781,9998,7104,8337,2023-12-28 18:44:09,2023-12-28 19:27:09,UberBlack,783.66,14.76,3.52,Completed
204,8179,7059,9323,6423,2024-02-12 05:02:29,2024-02-12 05:43:29,UberBlack,478.57,5.13,4.29,Completed
205,2074,9294,9309,4758,2024-12-15 04:43:16,2024-12-15 05:23:16,UberBlack,777.52,9.74,4.08,Completed
206,9839,1319,144,592,2023-09-27 04:00:53,2023-09-27 04:14:53,UberPool,266.8,7.4,4.24,Cancelled
207,6596,8455,3568,7424,2023-11-11 12:18:33,2023-11-11 12:36:33,UberX,299.93,4.15,4.21,Completed
208,9931,9703,6584,6692,2023-10-28 17:15:45,2023-10-28 17:47:45,UberBlack,426.22,8.01,4.31,Completed
209,1184,3498,1457,6312,2023-09-03 07:19:34,2023-09-03 07:34:34,UberX,735.33,14.54,4.54,Completed
210,4997,1335,4147,7564,2024-07-20 12:59:38,2024-07-20 13:17:38,UberPool,640.3,14.95,4.53,Completed
211,1329,3309,299,5570,2023-12-26 06:52:53,2023-12-26 07:19:53,UberX,379.21,13.6,4.9,Completed
212,7646,2328,5416,9393,2025-03-13 07:16:03,2025-03-13 07:47:03,UberBlack,81.12,11.37,4.37,Completed
213,7500,6212,9960,3098,2024-05-25 03:24:45,2024-05-25 03:50:45,UberPool,700.74,4.87,4.85,Completed
214,9328,4293,4531,5463,2025-03-25 00:15:47,2025-03-25 00:30:47,UberX,606.34,7.57,4.8,Cancelled
215,752,7015,6952,2277,2025-04-23 05:38:49,2025-04-23 05:43:49,UberBlack,617.45,3.04,3.57,Completed
216,9592,9384,1892,5194,2025-05-08 07:06:03,2025-05-08 07:18:03,UberPool,648.63,15.16,3.94,Completed
217,9193,946,5713,234,2024-03-30 07:29:46,2024-03-30 07:39:46,UberBlack,578.03,6.06,4.44,Completed
218,6680,9828,3591,6794,2023-11-30 16:01:55,2023-11-30 16:22:55,UberX,104.12,4.26,4.12,Completed
219,4371,5235,3592,9420,2024-08-20 00:09:43,2024-08-20 00:25:43,UberX,264.04,12.39,4.59,Completed
220,2124,4725,4154,429,2023-12-28 09:51:30,2023-12-28 10:30:30,UberPool,765.77,6.38,4.44,Completed
221,9386,3867,6557,8650,2024-04-12 09:04:38,2024-04-12 09:30:38,UberX,613.6,9.59,4.72,No Show
222,2893,8187,314,9313,2023-09-24 00:04:13,2023-09-24 00:15:13,UberBlack,461.06,2.94,3.73,Completed
223,6486,6231,2015,4255,2024-06-10 11:09:18,2024-06-10 11:24:18,UberBlack,634.51,1.74,4.71,Completed
224,9987,143,7669,9617,2023-09-04 06:31:55,2023-09-04 06:36:55,UberBlack,505.55,5.69,4.8,Completed
225,1318,5202,1226,7688,2025-03-26 06:40:14,2025-03-26 07:06:14,UberX,537.04,3.23,3.58,Completed
226,3322,5704,3920,8174,2025-01-15 00:04:20,2025-01-15 00:47:20,UberBlack,405.47,8.4,3.96,Completed
227,7932,7573,5663,9017,2024-11-09 16:41:25,2024-11-09 17:15:25,UberPool,185.05,4.77,3.63,Completed
228,5316,1824,3776,3935,2025-04-28 13:34:29,2025-04-28 13:53:29,UberX,68.61,18.57,3.78,No Show
229,6906,9403,4451,7292,2024-06-27 06:12:00,2024-06-27 06:33:00,UberX,737.15,4.63,4.86,Completed
230,5883,1600,1499,9746,2024-02-24 13:34:48,2024-02-24 14:05:48,UberBlack,427.36,6.52,4.31,Completed
231,2594,4936,2311,6755,2024-07-28 14:58:12,2024-07-28 15:30:12,UberPool,198.12,6.75,3.82,Completed
232,3351,486,5099,9313,2024-08-18 22:51:10,2024-08-18 23:03:10,UberPool,235.07,16.6,4.46,Completed
233,7156,6159,8129,1442,2023-10-09 23:30:41,2023-10-09 23:48:41,UberPool,350.7,17.75,4.56,Completed
234,5340,4940,2766,3011,2024-06-14 05:19:37,2024-06-14 05:56:37,UberX,616.15,5.04,4.82,Completed
235,8437,5055,5260,3064,2025-07-26 13:24:20,2025-07-26 14:07:20,UberBlack,385.14,11.79,4.57,Completed
236,5863,6561,7179,7473,2024-04-15 22:24:58,2024-04-15 22:49:58,UberBlack,462.34,5.2,3.76,Completed
237,3,8068,6350,4821,2024-01-15 01:39:28,2024-01-15 01:44:28,UberPool,765.95,2.68,3.79,Completed
238,5320,1211,4603,671,2024-05-02 14:03:18,2024-05-02 14:17:18,UberPool,281.13,10.56,3.51,Cancelled
239,227,5441,1754,6552,2024-03-07 18:02:38,2024-03-07 18:19:38,UberBlack,156.3,1.4,3.78,Completed
240,4162,1828,1675,271,2024-02-07 12:50:10,2024-02-07 13:17:10,UberBlack,144.03,12.94,3.8,Cancelled
241,2725,4860,7610,2504,2025-04-17 17:55:00,2025-04-17 18:04:00,UberPool,190.62,19.0,3.89,Completed
242,3306,4655,6350,7970,2024-02-16 18:11:04,2024-02-16 18:42:04,UberPool,432.25,12.61,4.15,Completed
243,7944,6307,3047,6331,2024-07-10 05:19:35,2024-07-10 06:02:35,UberBlack,435.37,4.7,4.84,Completed
244,3349,3804,3615,2173,2024-11-10 03:46:15,2024-11-10 04:22:15,UberBlack,511.29,15.0,4.92,Completed
245,1597,2170,7409,20,2024-11-17 17:09:14,2024-11-17 17:24:14,UberPool,530.74,13.66,4.23,Completed
246,1194,6239,4860,9879,2025-01-09 17:22:21,2025-01-09 17:45:21,UberBlack,517.32,7.68,3.96,Completed
247,2073,6829,6813,682,2024-03-30 19:37:45,2024-03-30 19:55:45,UberBlack,458.54,19.02,4.96,Completed
248,6957,485,8445,3014,2025-02-11 05:58:12,2025-02-11 06:13:12,UberPool,778.02,11.76,4.57,Completed
249,165,1339,9267,6232,2024-09-14 12:41:04,2024-09-14 13:10:04,UberPool,102.45,12.69,4.43,Completed
250,7505,5504,8648,9816,2023-08-17 14:00:57,2023-08-17 14:07:57,UberBlack,733.33,7.36,4.83,Completed
251,3107,253,899,3647,2024-04-14 18:42:22,2024-04-14 19:05:22,UberPool,601.94,15.0,4.73,No Show
252,1330,1129,3015,808,2025-07-19 18:54:46,2025-07-19 19:07:46,UberX,401.56,16.8,4.47,Cancelled
253,5982,8609,9393,5416,2024-08-17 01:38:50,2024-08-17 01:49:50,UberX,570.67,12.26,3.73,No Show
254,2519,7519,2412,3228,2023-09-23 06:45:02,2023-09-23 06:52:02,UberX,642.05,8.06,4.33,Completed
255,8897,9422,5888,1108,2025-06-22 15:43:35,2025-06-22 15:54:35,UberX,574.05,12.9,4.99,Completed
256,4016,7601,8865,7500,2024-09-08 04:21:20,2024-09-08 05:04:20,UberBlack,168.0,19.83,4.09,Completed
257,2574,8717,4029,6415,2023-10-12 00:32:18,2023-10-12 00:37:18,UberBlack,526.11,6.57,3.7,Completed
258,5423,6584,1705,4991,2025-07-26 12:07:59,2025-07-26 12:28:59,UberBlack,564.72,8.16,4.19,Completed
259,2557,6505,381,6261,2024-10-12 08:23:41,2024-10-12 09:01:41,UberBlack,98.44,13.85,4.77,Completed
260,2074,9241,9628,8287,2024-08-26 23:03:24,2024-08-26 23:36:24,UberX,155.92,17.02,4.27,Completed
261,77,183,8483,4452,2024-09-14 08:26:04,2024-09-14 08:46:04,UberX,741.57,12.12,5.0,Cancelled
262,9055,9486,1904,1237,2025-07-24 08:03:12,2025-07-24 08:48:12,UberPool,378.51,5.73,3.79,Completed
263,7533,25,4581,9363,2023-10-07 17:43:43,2023-10-07 18:09:43,UberPool,89.6,6.37,4.77,Completed
264,9694,1538,2722,9346,2025-05-16 10:08:17,2025-05-16 10:48:17,UberX,715.13,3.7,4.28,No Show
265,1877,4331,6707,1417,2024-08-15 09:52:27,2024-08-15 10:21:27,UberBlack,493.93,19.27,4.71,Completed
266,8567,929,8622,5415,2024-07-26 20:16:21,2024-07-26 20:28:21,UberBlack,758.33,13.38,3.85,Completed
267,3187,1659,8029,229,2023-09-01 19:50:01,2023-09-01 20:15:01,UberBlack,412.08,6.59,3.56,Completed
268,2855,2595,6790,5483,2024-11-17 04:34:32,2024-11-17 05:17:32,UberBlack,250.81,7.2,4.04,Cancelled
269,3425,8728,8625,5734,2024-08-14 23:33:53,2024-08-14 23:43:53,UberX,651.86,6.98,4.28,No Show
270,6831,1892,4635,4556,2024-06-05 15:52:46,2024-06-05 16:24:46,UberBlack,357.91,6.22,4.22,Completed
271,1002,2811,1647,965,2024-01-02 03:09:58,2024-01-02 03:25:58,UberBlack,674.04,2.92,4.01,Completed
272,2039,5566,1613,9027,2023-12-28 07:57:08,2023-12-28 08:25:08,UberX,444.24,16.71,3.58,Completed
273,2193,739,3135,6074,2024-11-22 22:06:18,2024-11-22 22:26:18,UberBlack,717.5,15.92,4.96,Completed
274,9717,8314,242,1596,2025-02-16 20:46:23,2025-02-16 21:08:23,UberBlack,771.38,3.16,3.71,Completed
275,3730,6936,1337,6540,2023-11-29 03:30:16,2023-11-29 04:06:16,UberPool,662.71,1.93,4.18,Completed
276,2958,9542,7589,8662,2024-01-14 19:51:48,2024-01-14 20:36:48,UberPool,466.06,17.55,4.27,Completed
277,1520,7429,8934,1257,2024-07-16 07:58:18,2024-07-16 08:42:18,UberBlack,199.07,5.36,4.25,Cancelled
278,5735,740,1454,207,2024-01-01 12:42:44,2024-01-01 13:03:44,UberX,405.74,19.81,4.33,Completed
279,2688,8422,1547,3532,2023-11-17 02:07:30,2023-11-17 02:19:30,UberBlack,578.23,6.66,4.27,Completed
280,4930,1460,3835,343,2025-04-17 08:52:47,2025-04-17 09:14:47,UberPool,620.18,8.25,4.2,Completed
281,2433,4846,5369,9218,2024-01-12 02:31:24,2024-01-12 03:02:24,UberBlack,215.8,18.71,4.63,Completed
282,9695,1444,7399,6878,2024-05-02 23:59:30,2024-05-03 00:37:30,UberBlack,590.07,5.3,3.92,Completed
283,1766,4220,5965,1463,2023-11-03 10:25:39,2023-11-03 10:35:39,UberX,198.58,5.08,4.16,Completed
284,1194,6315,7811,69,2025-06-18 10:32:01,2025-06-18 11:01:01,UberX,577.13,8.37,4.59,Completed
285,6871,4383,5093,8823,2024-03-16 01:51:34,2024-03-16 02:04:34,UberX,646.94,18.69,4.28,Completed
286,8619,5064,1161,8387,2025-04-01 09:20:43,2025-04-01 09:31:43,UberBlack,450.92,8.47,3.71,Completed
287,4212,4146,914,5351,2023-12-04 14:06:29,2023-12-04 14:34:29,UberPool,379.95,10.47,4.19,Completed
288,9378,3651,6717,3212,2025-02-28 23:50:57,2025-03-01 00:20:57,UberBlack,164.54,19.47,3.61,Completed
289,9580,4459,4826,1795,2024-01-30 06:01:21,2024-01-30 06:36:21,UberX,601.71,17.42,3.6,Completed
290,7271,983,916,6396,2025-03-07 20:59:55,2025-03-07 21:31:55,UberBlack,791.49,18.51,3.86,Completed
291,8992,1587,5948,9090,2025-02-05 01:34:25,2025-02-05 02:15:25,UberPool,211.6,10.76,3.88,Completed
292,4997,820,7888,646,2025-02-13 16:27:48,2025-02-13 16:55:48,UberX,570.38,16.71,4.71,Completed
293,6457,5194,5677,6294,2024-04-10 22:31:11,2024-04-10 22:53:11,UberPool,125.63,7.0,4.08,Completed
294,7603,5465,1838,1363,2025-04-10 07:18:19,2025-04-10 07:30:19,UberPool,155.26,1.34,4.28,Completed
295,8661,5506,9286,3142,2025-03-31 15:10:04,2025-03-31 15:38:04,UberPool,477.26,12.99,4.71,Completed
296,2992,6605,5924,5556,2025-07-17 13:01:26,2025-07-17 13:14:26,UberPool,308.9,2.49,3.54,Completed
297,3059,3870,5689,9952,2024-03-25 00:24:29,2024-03-25 01:09:29,UberPool,434.95,11.17,4.76,Completed
298,7142,8203,8463,3133,2024-03-21 13:43:22,2024-03-21 13:48:22,UberX,664.34,6.32,3.72,Completed
299,8890,8064,6122,3554,2025-01-24 06:33:42,2025-01-24 06:46:42,UberX,669.64,14.13,3.51,Completed
300,9565,3598,8916,9261,2024-02-11 07:00:39,2024-02-11 07:18:39,UberX,57.2,6.33,3.57,Completed
301,5680,6791,9080,5068,2023-12-26 02:12:28,2023-12-26 02:53:28,UberX,546.04,3.01,3.96,Cancelled
302,5479,7008,7,2426,2024-03-15 15:16:44,2024-03-15 15:43:44,UberPool,387.58,1.71,4.61,Completed
303,5341,754,923,2344,2023-08-14 03:55:04,2023-08-14 04:29:04,UberBlack,601.59,1.13,4.09,Completed
304,9765,1068,9427,1826,2024-09-13 18:19:22,2024-09-13 18:57:22,UberBlack,623.78,8.98,3.9,Completed
305,6313,3103,2181,6694,2025-01-21 13:53:27,2025-01-21 14:35:27,UberPool,732.04,2.51,4.55,Completed
306,7869,7217,1090,7462,2024-06-10 01:23:52,2024-06-10 01:57:52,UberBlack,288.71,8.81,4.88,Completed
307,2955,4891,6304,1627,2024-02-10 20:44:24,2024-02-10 21:11:24,UberBlack,690.96,11.26,4.42,Cancelled
308,1487,8880,4339,1578,2023-11-20 01:55:31,2023-11-20 02:08:31,UberX,243.37,16.1,4.63,Completed
309,638,5894,8737,7742,2024-09-09 14:38:18,2024-09-09 15:04:18,UberX,749.01,7.12,3.74,Completed
310,1372,8730,8905,8793,2024-01-08 05:39:44,2024-01-08 06:18:44,UberPool,544.45,9.4,4.94,Completed
311,1714,424,3699,9405,2023-10-21 17:23:14,2023-10-21 17:35:14,UberX,740.11,10.99,3.59,Cancelled
312,4908,1277,2757,360,2024-07-08 01:19:44,2024-07-08 01:30:44,UberBlack,230.57,16.5,4.68,Cancelled
313,9093,3484,2859,8943,2024-10-03 10:46:32,2024-10-03 10:55:32,UberPool,751.71,1.32,4.09,Completed
314,7251,8706,3212,5861,2025-03-10 23:13:58,2025-03-10 23:46:58,UberX,745.24,5.1,4.49,Completed
315,3823,3727,777,8218,2023-12-04 12:19:42,2023-12-04 13:00:42,UberPool,58.63,7.05,3.95,Completed
316,4654,8134,4080,2927,2025-01-12 14:32:18,2025-01-12 14:41:18,UberX,782.4,17.44,4.39,Completed
317,6438,9827,9210,6859,2024-05-28 20:29:31,2024-05-28 20:40:31,UberBlack,415.38,13.64,3.59,Cancelled
318,48,9244,9387,1245,2024-10-04 11:56:44,2024-10-04 12:37:44,UberBlack,508.13,13.39,4.77,Completed
319,6602,4571,7306,6871,2024-09-20 13:29:29,2024-09-20 13:38:29,UberBlack,399.03,11.91,3.68,Completed
320,5790,3536,6619,2671,2025-03-02 22:15:40,2025-03-02 22:40:40,UberPool,411.83,3.53,3.59,No Show
321,558,9733,2335,8630,2023-12-19 22:20:58,2023-12-19 22:26:58,UberBlack,309.84,19.5,4.02,Completed
322,4221,879,4880,4493,2024-08-07 10:26:58,2024-08-07 10:35:58,UberPool,308.29,13.92,3.56,Cancelled
323,2574,7273,8141,6111,2025-03-27 01:19:03,2025-03-27 01:51:03,UberX,166.07,1.41,3.67,Completed
324,2933,9275,9198,3476,2023-08-07 03:08:05,2023-08-07 03:49:05,UberPool,575.4,4.68,3.54,Completed
325,6530,7748,474,7478,2025-04-18 10:47:09,2025-04-18 11:03:09,UberX,53.61,3.9,4.6,Completed
326,3140,9936,2307,3727,2024-09-07 07:38:06,2024-09-07 08:12:06,UberPool,718.38,18.41,4.13,Completed
327,6221,4434,6357,8935,2024-06-18 02:35:31,2024-06-18 03:00:31,UberX,203.38,6.27,4.95,Completed
328,2572,4629,6858,9201,2025-07-11 23:05:23,2025-07-11 23:48:23,UberBlack,431.22,14.84,4.83,Completed
329,4692,7715,7164,5645,2025-01-03 13:17:29,2025-01-03 13:55:29,UberBlack,304.07,9.34,4.06,Completed
330,1484,5971,9532,2941,2025-05-01 05:37:02,2025-05-01 05:59:02,UberBlack,153.16,5.6,4.08,Completed
331,5989,9129,1495,6530,2024-12-21 21:37:22,2024-12-21 22:04:22,UberBlack,158.29,10.91,4.96,Completed
332,1466,1715,9024,7651,2024-05-15 13:39:47,2024-05-15 14:14:47,UberX,447.72,5.93,4.44,Completed
333,7929,9131,7950,7231,2025-07-23 19:48:39,2025-07-23 20:12:39,UberPool,383.71,15.77,4.38,Completed
334,289,1223,3167,1103,2023-09-06 20:31:52,2023-09-06 21:09:52,UberX,452.66,10.45,4.81,Cancelled
335,6810,879,8837,8283,2025-02-22 12:56:49,2025-02-22 13:34:49,UberPool,552.41,13.68,4.67,Completed
336,140,2874,5416,499,2023-12-09 21:57:17,2023-12-09 22:22:17,UberPool,403.0,8.67,3.72,Completed
337,4290,3445,6668,5415,2023-09-27 00:40:35,2023-09-27 00:50:35,UberPool,448.45,17.29,4.66,Completed
338,2216,1356,1044,4802,2025-02-24 03:33:05,2025-02-24 03:42:05,UberX,557.49,14.53,3.69,Completed
339,776,7845,8711,7048,2025-02-16 14:57:42,2025-02-16 15:34:42,UberX,370.41,18.49,3.88,Completed
340,1739,853,8097,231,2024-01-22 21:54:13,2024-01-22 22:21:13,UberBlack,475.0,8.88,3.56,No Show
341,6106,5459,2703,3015,2024-06-28 06:32:31,2024-06-28 07:01:31,UberBlack,281.18,3.54,4.99,No Show
342,5514,6084,2527,9849,2023-09-12 05:37:15,2023-09-12 06:05:15,UberBlack,588.7,9.59,4.69,Cancelled
343,1934,5186,6216,8897,2024-08-29 05:59:25,2024-08-29 06:19:25,UberX,154.68,4.02,4.83,Completed
344,3497,1306,1323,8200,2023-09-06 12:54:46,2023-09-06 13:02:46,UberX,94.9,15.19,4.4,Completed
345,4181,8718,7256,5162,2024-06-01 17:47:36,2024-06-01 18:13:36,UberBlack,319.93,10.23,3.94,Completed
346,9218,2422,2957,3751,2023-09-09 16:24:52,2023-09-09 17:07:52,UberX,101.22,19.89,4.56,Completed
347,6907,3926,6394,9506,2024-10-14 17:57:09,2024-10-14 18:18:09,UberX,517.76,7.81,4.27,Completed
348,6488,4442,9838,8454,2025-06-19 23:22:24,2025-06-19 23:58:24,UberBlack,204.74,19.63,4.18,Completed
349,5514,4466,6996,2322,2024-01-25 13:26:38,2024-01-25 14:01:38,UberBlack,130.27,4.6,3.58,Completed
350,6530,4889,9997,8606,2025-04-29 15:27:17,2025-04-29 15:49:17,UberBlack,310.77,19.57,4.59,Completed
351,6642,6165,461,9399,2024-12-10 15:12:32,2024-12-10 15:36:32,UberX,400.53,19.5,4.72,Completed
352,4783,6880,6644,5433,2023-10-05 06:47:34,2023-10-05 07:24:34,UberBlack,721.78,12.21,4.25,No Show
353,4925,4393,6371,3974,2025-02-24 15:39:14,2025-02-24 15:49:14,UberBlack,156.73,14.0,4.7,Completed
354,9500,686,2831,7513,2025-02-03 04:11:09,2025-02-03 04:35:09,UberBlack,489.43,11.78,3.57,Completed
355,2384,1267,2268,624,2024-08-08 19:05:11,2024-08-08 19:21:11,UberX,768.17,7.48,3.64,Completed
356,5839,8266,1283,3445,2024-03-03 02:42:20,2024-03-03 03:11:20,UberX,432.22,7.17,4.76,Completed
357,2696,5412,3768,8005,2024-12-12 00:32:45,2024-12-12 00:37:45,UberBlack,50.92,17.33,4.18,Completed
358,905,1223,758,3370,2025-01-12 23:00:24,2025-01-12 23:16:24,UberBlack,168.82,9.19,4.21,Completed
359,8389,7506,4702,3930,2023-11-19 19:54:23,2023-11-19 20:09:23,UberPool,369.62,17.73,3.96,Completed
360,1320,3600,1014,3422,2025-04-19 09:47:56,2025-04-19 10:00:56,UberX,213.7,11.35,4.5,Completed
361,4001,4206,7317,7122,2024-08-16 00:40:34,2024-08-16 01:15:34,UberBlack,227.09,7.75,4.01,Completed
362,4550,6836,5592,9872,2024-02-22 19:44:37,2024-02-22 20:28:37,UberX,364.67,3.63,3.81,Cancelled
363,2472,1263,5829,5992,2024-03-13 22:40:31,2024-03-13 23:17:31,UberBlack,426.37,4.71,4.43,Completed
364,7908,356,8904,1958,2024-09-20 09:02:39,2024-09-20 09:24:39,UberPool,133.3,9.88,4.49,Completed
365,7581,932,8163,3055,2025-06-08 06:21:28,2025-06-08 06:45:28,UberBlack,240.24,16.54,3.95,Completed
366,5365,7592,9872,7178,2024-11-08 17:09:41,2024-11-08 17:18:41,UberX,127.33,8.1,4.63,No Show
367,8030,8578,3456,1919,2024-11-09 09:50:10,2024-11-09 09:57:10,UberX,147.89,8.36,3.94,Completed
368,3777,6941,9370,4584,2024-10-05 22:16:12,2024-10-05 22:48:12,UberPool,446.24,10.76,4.56,Completed
369,227,9350,3152,5673,2024-09-28 02:06:24,2024-09-28 02:46:24,UberBlack,559.47,14.53,3.7,Completed
370,7849,3100,5734,565,2023-11-05 23:13:02,2023-11-05 23:29:02,UberX,418.16,12.51,4.08,Completed
371,2821,118,3856,9008,2024-05-27 17:37:29,2024-05-27 18:10:29,UberBlack,660.57,19.13,4.32,Completed
372,6881,7036,5040,9325,2025-03-05 03:26:15,2025-03-05 04:02:15,UberBlack,81.39,12.87,3.97,Completed
373,1978,46,9228,6631,2025-02-03 23:06:35,2025-02-03 23:51:35,UberX,663.01,15.16,4.99,Completed
374,2387,6683,3096,9522,2024-10-12 22:42:56,2024-10-12 23:08:56,UberX,641.16,2.39,3.62,Completed
375,7820,8286,88,724,2025-01-23 23:07:51,2025-01-23 23:12:51,UberX,80.07,4.4,4.98,Completed
376,2716,2093,697,8877,2024-10-06 22:56:21,2024-10-06 23:38:21,UberBlack,226.28,7.83,4.98,Completed
377,8692,9325,497,4776,2024-02-04 15:04:53,2024-02-04 15:36:53,UberPool,337.23,3.21,4.77,Cancelled
378,7798,4676,8791,2972,2024-12-23 19:43:54,2024-12-23 20:04:54,UberPool,656.64,18.04,4.42,Completed
379,8042,1939,3137,9302,2024-03-29 14:22:11,2024-03-29 14:29:11,UberPool,642.91,7.16,4.6,Completed
380,6019,8176,7571,7039,2024-08-28 16:52:56,2024-08-28 16:59:56,UberX,187.11,3.3,3.53,Completed
381,893,5677,2519,5004,2025-05-30 01:48:34,2025-05-30 02:14:34,UberX,61.71,3.41,4.19,Completed
382,5766,963,2532,4512,2025-02-08 23:33:05,2025-02-08 23:43:05,UberPool,545.78,12.56,3.89,Completed
383,7143,5138,4912,6252,2024-03-20 01:40:03,2024-03-20 02:19:03,UberPool,361.76,8.53,4.45,Completed
384,6837,4145,1968,4556,2023-12-14 18:34:49,2023-12-14 18:49:49,UberPool,585.71,1.16,3.51,Cancelled
385,1852,237,3469,7268,2024-06-24 11:17:57,2024-06-24 11:38:57,UberBlack,193.52,6.15,4.6,Completed
386,3965,7693,8318,2922,2023-12-24 21:18:25,2023-12-24 21:35:25,UberX,769.12,7.18,4.59,Completed
387,3647,8852,3657,7879,2025-02-26 04:50:11,2025-02-26 05:22:11,UberX,635.3,13.2,3.71,No Show
388,4402,3840,5399,728,2024-05-20 21:48:26,2024-05-20 22:00:26,UberX,306.73,9.94,4.11,Completed
389,7248,6815,1287,694,2025-02-13 21:41:54,2025-02-13 21:49:54,UberPool,76.8,12.37,4.78,Completed
390,2658,6183,4394,8186,2023-08-21 08:42:28,2023-08-21 09:25:28,UberBlack,614.12,5.09,4.93,No Show
391,9476,8273,1397,4673,2024-03-19 19:29:35,2024-03-19 19:37:35,UberBlack,146.3,13.2,4.08,Cancelled
392,1464,3696,5244,5696,2023-10-04 07:04:05,2023-10-04 07:49:05,UberBlack,313.24,1.91,3.53,Completed
393,5565,8099,7552,5383,2023-11-10 08:04:34,2023-11-10 08:15:34,UberX,760.2,3.08,4.89,Completed
394,2263,8988,3156,8048,2024-10-13 21:01:57,2024-10-13 21:09:57,UberBlack,548.97,6.34,3.88,Completed
395,265,5224,1727,3245,2024-04-13 08:19:29,2024-04-13 09:04:29,UberX,456.26,10.62,4.57,Cancelled
396,1844,4878,8998,5058,2025-04-23 19:33:47,2025-04-23 19:49:47,UberX,512.1,19.07,4.61,No Show
397,761,7341,1077,7700,2025-04-30 03:29:45,2025-04-30 04:02:45,UberPool,237.2,13.56,3.6,Completed
398,6681,3178,725,5669,2025-06-05 08:20:56,2025-06-05 08:43:56,UberBlack,642.45,10.24,3.78,Completed
399,633,1249,8750,2553,2024-05-13 02:15:40,2024-05-13 02:44:40,UberBlack,173.77,10.13,3.97,Completed
400,9943,9774,5,7116,2024-06-11 17:16:34,2024-06-11 17:22:34,UberBlack,275.51,9.24,4.73,Completed
401,6388,5852,6602,1644,2024-05-01 23:17:55,2024-05-01 23:27:55,UberBlack,664.89,4.55,4.37,Cancelled
402,7967,300,5132,8236,2024-08-10 14:47:06,2024-08-10 15:19:06,UberPool,278.17,11.68,3.86,Completed
403,3652,5254,3248,6184,2024-07-02 22:48:20,2024-07-02 23:05:20,UberPool,134.66,11.99,4.97,Completed
404,6778,9681,9485,1548,2023-10-23 02:38:20,2023-10-23 03:16:20,UberX,564.53,13.53,3.98,Completed
405,3563,7000,4102,5197,2023-08-23 10:09:10,2023-08-23 10:31:10,UberPool,648.94,18.79,4.5,Completed
406,6909,474,9303,9395,2024-10-07 22:12:34,2024-10-07 22:26:34,UberPool,303.75,11.05,3.86,Completed
407,8788,5693,968,9041,2025-06-29 21:20:28,2025-06-29 21:54:28,UberBlack,326.18,19.73,3.87,Completed
408,665,1538,8306,8483,2023-12-09 21:01:05,2023-12-09 21:28:05,UberPool,682.11,19.64,4.87,Completed
409,9987,1347,3055,7220,2024-09-12 22:21:11,2024-09-12 22:36:11,UberPool,751.84,10.62,3.81,Completed
410,3063,9541,2256,8224,2025-05-01 06:29:51,2025-05-01 06:39:51,UberX,754.15,8.34,4.21,Cancelled
411,7507,7957,1537,1954,2024-09-10 07:47:10,2024-09-10 07:52:10,UberX,219.43,4.32,4.95,Completed
412,7242,3596,1083,8161,2024-02-04 09:31:25,2024-02-04 09:55:25,UberPool,289.51,3.0,4.44,Completed
413,8693,4449,95,295,2024-02-22 20:00:15,2024-02-22 20:08:15,UberX,71.2,17.65,3.64,Completed
414,1987,2772,4527,8972,2024-07-03 10:32:48,2024-07-03 11:14:48,UberX,63.82,2.51,4.59,Cancelled
415,2644,9315,1785,5821,2024-10-20 16:29:44,2024-10-20 17:14:44,UberBlack,468.93,17.72,4.37,Completed
416,2439,7982,4368,4729,2023-09-13 12:41:43,2023-09-13 13:01:43,UberBlack,533.83,8.99,3.93,Completed
417,5091,8430,6985,9190,2024-11-17 08:50:36,2024-11-17 09:31:36,UberPool,717.12,18.17,4.45,Completed
418,3351,3238,6508,5379,2023-08-06 01:38:08,2023-08-06 02:22:08,UberPool,620.14,10.26,3.57,No Show
419,1774,9667,4776,8444,2024-05-23 23:42:03,2024-05-24 00:16:03,UberBlack,606.6,3.26,3.78,Completed
420,8425,253,3674,3651,2025-06-16 02:19:40,2025-06-16 02:57:40,UberBlack,716.0,8.14,4.13,Completed
421,9522,8737,6203,8904,2024-11-17 08:57:01,2024-11-17 09:06:01,UberPool,151.71,8.82,4.43,Completed
422,9319,9380,2586,7497,2024-04-29 14:52:47,2024-04-29 15:25:47,UberBlack,555.54,16.93,4.72,Completed
423,5856,6125,7471,4857,2024-04-14 22:20:34,2024-04-14 22:59:34,UberPool,600.0,16.96,4.17,Completed
424,9865,5225,7602,8036,2024-02-16 13:15:59,2024-02-16 13:47:59,UberBlack,411.8,13.64,4.71,Completed
425,7664,634,5212,557,2024-05-08 03:41:40,2024-05-08 04:12:40,UberX,443.36,13.46,3.87,Completed
426,9310,3677,3913,4572,2024-12-27 10:06:47,2024-12-27 10:40:47,UberBlack,629.25,2.77,4.5,Completed
427,9251,8108,8194,6625,2024-05-30 09:39:34,2024-05-30 10:05:34,UberPool,386.6,5.67,4.73,Cancelled
428,4283,5995,6597,50,2025-03-08 06:02:12,2025-03-08 06:30:12,UberPool,166.56,19.9,4.91,Completed
429,3560,4054,50,5444,2025-03-26 19:41:41,2025-03-26 20:18:41,UberBlack,648.62,11.65,3.75,Completed
430,233,8553,2694,2563,2024-01-07 21:13:32,2024-01-07 21:55:32,UberPool,542.42,7.34,4.63,Completed
431,3563,6433,904,8390,2025-05-01 18:16:03,2025-05-01 18:54:03,UberPool,453.11,16.47,3.55,Completed
432,1166,9531,9851,167,2024-01-03 06:06:55,2024-01-03 06:37:55,UberBlack,145.55,13.58,3.62,Completed
433,5023,3690,4811,1291,2024-04-10 03:56:36,2024-04-10 04:37:36,UberPool,669.98,17.97,4.18,Completed
434,8900,4663,6505,7996,2023-12-02 08:37:40,2023-12-02 08:49:40,UberPool,133.85,15.34,3.74,Completed
435,9611,5172,6179,3926,2024-04-14 16:51:10,2024-04-14 17:12:10,UberPool,201.53,16.78,4.96,Cancelled
436,1774,4093,6842,2315,2025-07-15 11:09:35,2025-07-15 11:54:35,UberBlack,571.95,15.68,4.95,Completed
437,8322,194,9943,6217,2023-12-25 04:28:26,2023-12-25 04:43:26,UberPool,469.73,2.08,4.84,Completed
438,6152,1614,6524,6945,2024-06-27 12:04:41,2024-06-27 12:37:41,UberBlack,96.4,17.45,3.61,Completed
439,1872,7530,119,4388,2023-10-03 02:17:46,2023-10-03 02:43:46,UberBlack,586.86,16.24,3.74,Cancelled
440,1333,7717,8450,9966,2024-04-07 21:08:14,2024-04-07 21:48:14,UberX,750.3,3.85,3.62,Completed
441,9561,9046,6515,531,2024-10-26 21:55:47,2024-10-26 22:20:47,UberPool,76.21,8.31,4.8,Completed
442,3924,7672,4840,1473,2024-10-04 07:57:36,2024-10-04 08:32:36,UberPool,724.35,18.31,3.92,Completed
443,6008,5632,4916,5369,2025-03-04 12:08:49,2025-03-04 12:18:49,UberX,654.93,19.21,4.79,Cancelled
444,6008,5554,9618,1229,2023-12-28 09:48:24,2023-12-28 10:19:24,UberPool,645.36,15.17,3.63,Completed
445,3141,6556,386,3218,2024-05-27 12:15:24,2024-05-27 12:44:24,UberBlack,199.86,8.83,3.96,Completed
446,917,325,7315,4827,2024-09-07 18:05:27,2024-09-07 18:26:27,UberX,206.59,18.09,3.98,Completed
447,9321,1012,1436,6771,2025-07-21 23:19:18,2025-07-21 23:47:18,UberPool,223.25,9.76,4.71,Completed
448,7954,6904,7954,8312,2023-10-19 00:44:00,2023-10-19 01:29:00,UberX,124.31,6.03,3.96,Completed
449,4520,4481,8972,7098,2025-01-22 22:06:16,2025-01-22 22:28:16,UberX,628.16,14.02,3.97,Completed
450,9378,415,284,4350,2023-09-15 08:02:15,2023-09-15 08:19:15,UberBlack,772.6,15.38,4.75,Completed
451,3390,6149,9808,2514,2025-07-30 20:27:39,2025-07-30 21:10:39,UberBlack,583.34,14.9,4.05,Completed
452,2409,3379,7468,1406,2024-04-07 22:06:13,2024-04-07 22:14:13,UberBlack,75.9,13.45,3.66,Completed
453,3884,4587,8462,4347,2024-12-16 11:20:29,2024-12-16 11:55:29,UberBlack,583.49,12.59,3.65,Completed
454,5978,295,798,9924,2025-06-17 23:33:52,2025-06-17 23:44:52,UberX,795.36,5.54,4.51,Cancelled
455,6504,3968,2083,5208,2025-07-10 01:00:47,2025-07-10 01:42:47,UberX,797.56,17.55,4.14,Completed
456,1872,1913,9954,2767,2024-07-01 13:25:54,2024-07-01 13:48:54,UberBlack,783.96,3.05,4.27,Completed
457,40,3484,436,7006,2023-11-17 14:12:55,2023-11-17 14:28:55,UberBlack,703.22,3.14,3.82,Cancelled
458,4392,2800,5965,1900,2024-04-26 07:17:24,2024-04-26 07:48:24,UberX,420.4,10.38,4.1,Completed
459,7242,9356,129,8052,2023-09-09 09:57:23,2023-09-09 10:41:23,UberX,657.3,9.97,4.42,Cancelled
460,3906,2413,3743,5346,2024-07-03 09:10:51,2024-07-03 09:51:51,UberBlack,142.15,4.98,3.81,Cancelled
461,5812,4028,7075,2746,2024-05-23 15:44:30,2024-05-23 16:23:30,UberBlack,693.69,3.61,3.97,Completed
462,4474,372,460,9413,2024-10-04 04:02:07,2024-10-04 04:23:07,UberPool,127.65,13.64,3.64,Completed
463,2705,8972,8714,9993,2023-09-06 13:13:47,2023-09-06 13:52:47,UberBlack,179.9,13.36,3.94,Completed
464,1627,2648,6557,3189,2024-01-03 07:40:13,2024-01-03 08:09:13,UberPool,147.63,1.07,4.28,Cancelled
465,7280,4655,3780,2319,2024-12-07 15:36:58,2024-12-07 15:51:58,UberX,213.28,19.2,3.88,Cancelled
466,7517,3294,9113,3520,2024-05-31 19:09:51,2024-05-31 19:39:51,UberX,434.33,4.01,3.88,Completed
467,8591,2197,7949,8872,2025-07-12 15:01:35,2025-07-12 15:23:35,UberBlack,407.61,1.14,3.89,Completed
468,7345,1425,6952,5115,2023-09-14 18:05:51,2023-09-14 18:23:51,UberX,254.82,1.07,4.19,Completed
469,6430,548,5272,2991,2023-12-14 07:40:40,2023-12-14 08:07:40,UberBlack,212.7,5.69,3.69,Completed
470,8839,4401,3801,4551,2024-06-18 09:41:55,2024-06-18 10:09:55,UberBlack,139.03,8.01,4.88,Completed
471,7459,9862,7911,5213,2024-04-07 13:56:12,2024-04-07 14:17:12,UberBlack,420.57,11.33,3.68,Completed
472,440,7297,7012,6939,2023-11-10 06:30:39,2023-11-10 06:46:39,UberBlack,309.71,1.01,4.56,Cancelled
473,418,3097,4928,3198,2025-06-16 05:52:56,2025-06-16 06:25:56,UberX,382.66,5.92,4.8,Completed
474,2693,7709,4617,8487,2025-03-05 22:11:23,2025-03-05 22:32:23,UberX,488.35,9.16,4.02,Cancelled
475,92,3872,5288,6963,2025-07-08 22:18:49,2025-07-08 22:58:49,UberX,150.13,17.34,4.34,Completed
476,344,2887,7765,8229,2024-05-28 10:34:11,2024-05-28 10:39:11,UberBlack,495.48,18.05,3.76,Completed
477,5880,2059,2899,1885,2024-01-30 07:33:07,2024-01-30 07:38:07,UberBlack,535.06,6.2,3.72,Completed
478,8111,4234,9256,1344,2024-04-07 23:45:15,2024-04-08 00:03:15,UberX,87.23,10.31,4.67,Completed
479,173,9498,2745,5164,2024-12-17 23:09:16,2024-12-17 23:19:16,UberBlack,67.06,18.36,3.75,Completed
480,5957,2195,7596,9375,2024-01-13 03:52:25,2024-01-13 04:33:25,UberBlack,671.19,5.71,4.68,Completed
481,3453,4093,2767,7065,2024-08-11 17:41:42,2024-08-11 17:48:42,UberX,224.02,6.69,4.33,Cancelled
482,7849,7574,527,206,2024-01-01 23:01:38,2024-01-01 23:20:38,UberBlack,410.88,2.98,3.66,Completed
483,8916,6167,5371,2432,2025-01-02 03:57:56,2025-01-02 04:20:56,UberBlack,335.92,10.69,5.0,Completed
484,9450,6009,2649,819,2025-07-13 04:14:05,2025-07-13 04:53:05,UberPool,294.92,2.6,3.78,Completed
485,6918,8314,6279,745,2023-11-16 04:31:07,2023-11-16 04:37:07,UberBlack,772.79,12.84,4.19,Completed
486,4605,9454,1796,1685,2024-01-16 01:12:33,2024-01-16 01:45:33,UberBlack,132.49,18.06,3.85,Completed
487,8065,8149,4065,7721,2025-04-24 09:42:05,2025-04-24 09:55:05,UberBlack,572.67,13.79,4.49,Completed
488,2424,1683,5179,9867,2024-03-19 23:23:50,2024-03-20 00:04:50,UberPool,369.55,10.9,3.81,Completed
489,9288,2179,7235,8864,2023-12-24 19:08:45,2023-12-24 19:40:45,UberX,521.53,7.37,4.97,No Show
490,9324,3014,5567,9748,2025-05-12 07:38:03,2025-05-12 08:03:03,UberX,652.4,15.97,3.95,Completed
491,859,8078,729,7664,2024-11-19 11:50:06,2024-11-19 12:00:06,UberX,500.14,15.09,4.56,Cancelled
492,6046,3801,3091,3588,2023-09-17 12:56:20,2023-09-17 13:26:20,UberPool,661.08,12.86,3.67,Cancelled
493,3292,2942,4354,181,2023-08-19 11:44:19,2023-08-19 12:10:19,UberX,614.97,8.08,4.3,Completed
494,7184,8867,6889,4057,2023-08-07 13:13:01,2023-08-07 13:25:01,UberBlack,787.57,6.17,3.83,Completed
495,1854,6101,1054,5618,2025-01-23 13:46:04,2025-01-23 14:10:04,UberX,159.33,3.14,4.85,Completed
496,5557,8138,4208,9788,2024-02-19 09:15:59,2024-02-19 09:27:59,UberBlack,517.97,14.49,3.99,Completed
497,7880,1879,3364,3814,2024-08-22 15:10:47,2024-08-22 15:40:47,UberPool,540.64,6.8,3.68,Completed
498,7483,3583,4324,381,2024-06-26 17:29:33,2024-06-26 17:34:33,UberBlack,574.96,11.39,4.84,Completed
499,6810,80,4064,9097,2025-03-11 01:25:42,2025-03-11 01:40:42,UberPool,185.88,5.47,4.08,Completed
500,5158,9278,1316,8419,2024-06-11 00:12:54,2024-06-11 00:55:54,UberBlack,519.03,3.29,4.37,Completed
501,5364,5384,1066,7375,2024-11-25 09:16:41,2024-11-25 09:59:41,UberPool,134.59,17.58,4.1,Completed
502,3487,655,4420,6016,2024-12-25 13:56:52,2024-12-25 14:39:52,UberBlack,585.28,19.15,3.81,No Show
503,4479,4637,810,8594,2024-02-19 15:13:52,2024-02-19 15:20:52,UberX,506.22,1.64,3.51,Completed
504,8897,6470,1531,9878,2024-04-07 02:47:48,2024-04-07 03:26:48,UberX,576.14,18.75,4.99,Completed
505,7804,6421,9652,2760,2024-11-15 05:58:01,2024-11-15 06:27:01,UberPool,649.42,1.33,4.87,Completed
506,7430,785,5686,48,2025-04-13 07:33:45,2025-04-13 07:59:45,UberBlack,472.94,11.77,4.48,Completed
507,8513,342,1890,987,2023-12-05 07:38:44,2023-12-05 08:07:44,UberX,385.56,11.93,4.16,Completed
508,281,1563,5342,9918,2025-06-29 16:52:26,2025-06-29 17:07:26,UberX,672.24,11.27,3.99,Completed
509,9500,4725,4449,5798,2024-07-07 01:09:32,2024-07-07 01:36:32,UberX,584.6,12.29,3.63,Completed
510,6408,7035,5444,4196,2024-08-30 17:44:52,2024-08-30 18:25:52,UberPool,773.43,18.45,4.93,Completed
511,6817,2385,8474,8984,2023-08-25 23:05:25,2023-08-25 23:42:25,UberX,599.06,9.91,4.88,Completed
512,6221,9095,3905,2881,2024-09-30 15:28:03,2024-09-30 15:36:03,UberPool,110.69,1.76,4.72,Completed
513,2038,8550,7607,6944,2025-03-14 04:10:04,2025-03-14 04:23:04,UberBlack,237.19,4.28,4.0,Completed
514,1446,1806,1906,2711,2025-04-27 07:22:20,2025-04-27 07:55:20,UberX,397.52,17.77,4.78,Completed
515,8289,7290,4360,5097,2024-07-31 08:39:20,2024-07-31 08:52:20,UberPool,247.44,9.26,4.55,No Show
516,4181,967,2277,5656,2025-05-19 08:48:28,2025-05-19 09:31:28,UberPool,382.82,7.0,3.64,Completed
517,5773,4878,8931,4937,2025-07-16 15:03:39,2025-07-16 15:36:39,UberPool,476.13,2.67,4.09,Completed
518,1137,309,4336,460,2025-04-22 14:50:31,2025-04-22 15:32:31,UberPool,767.63,6.77,4.47,Completed
519,7011,9333,2785,6130,2024-01-30 17:37:31,2024-01-30 17:51:31,UberPool,671.19,7.64,4.33,Completed
520,3550,7391,9537,789,2023-09-06 12:38:02,2023-09-06 13:12:02,UberPool,725.51,15.12,4.23,Completed
521,4886,4191,2978,232,2025-07-31 12:32:42,2025-07-31 12:52:42,UberPool,127.84,10.14,4.39,Completed
522,9180,5657,1077,1679,2025-02-14 10:42:31,2025-02-14 10:55:31,UberX,258.09,16.12,4.16,Completed
523,5389,3671,699,6907,2024-10-21 19:45:09,2024-10-21 20:22:09,UberX,86.61,11.81,4.99,Completed
524,6895,6756,2807,3381,2023-09-10 23:26:58,2023-09-11 00:09:58,UberPool,534.6,4.42,4.13,Completed
525,2827,7246,6827,5625,2024-10-23 21:38:37,2024-10-23 22:04:37,UberX,428.7,3.42,4.95,Completed
526,4263,5470,2238,7413,2024-12-04 21:14:11,2024-12-04 21:19:11,UberBlack,111.67,3.43,3.8,Completed
527,986,2123,845,2721,2024-04-14 23:05:05,2024-04-14 23:30:05,UberBlack,696.68,5.23,3.91,No Show
528,7808,6442,5061,280,2023-12-11 10:10:45,2023-12-11 10:44:45,UberBlack,120.42,16.13,3.83,Completed
529,5600,1227,6613,4834,2024-01-19 23:26:43,2024-01-20 00:03:43,UberPool,214.94,4.38,4.76,Completed
530,5593,7451,3168,1745,2025-06-09 19:36:30,2025-06-09 20:13:30,UberX,243.98,5.52,3.93,Completed
531,2482,5622,9617,6799,2024-01-23 05:53:59,2024-01-23 06:14:59,UberBlack,322.88,9.87,3.59,Completed
532,3405,9994,773,3400,2024-05-28 06:45:50,2024-05-28 06:58:50,UberPool,170.74,15.41,4.33,Completed
533,7730,751,52,1568,2023-12-30 16:55:32,2023-12-30 17:32:32,UberX,166.96,16.8,4.74,Cancelled
534,5528,5448,8018,4307,2025-04-12 07:25:13,2025-04-12 07:35:13,UberPool,723.27,2.91,3.66,Completed
535,4774,3217,250,1278,2023-11-03 07:58:51,2023-11-03 08:33:51,UberX,481.28,12.26,3.96,No Show
536,6026,5577,7758,7160,2024-02-19 12:21:57,2024-02-19 12:50:57,UberBlack,745.95,8.16,4.02,Completed
537,1739,1652,7955,2013,2024-04-22 07:20:42,2024-04-22 07:33:42,UberPool,82.4,19.53,4.53,Completed
538,2061,4398,7281,5584,2024-03-02 17:56:14,2024-03-02 18:25:14,UberBlack,308.38,14.7,3.76,No Show
539,2176,770,3030,4794,2024-12-08 18:41:10,2024-12-08 18:57:10,UberPool,146.8,2.74,4.99,Completed
540,3130,3567,5827,1385,2024-06-21 04:10:39,2024-06-21 04:53:39,UberPool,516.92,12.91,3.74,Completed
541,5200,1078,2188,2650,2025-07-20 00:18:13,2025-07-20 00:51:13,UberX,613.97,16.93,4.96,Cancelled
542,3467,9466,911,6909,2023-10-10 22:19:07,2023-10-10 22:54:07,UberPool,371.72,3.39,4.45,Completed
543,1578,1861,8171,4024,2024-05-13 02:23:21,2024-05-13 02:32:21,UberX,80.08,12.64,3.67,No Show
544,6530,4303,588,788,2023-12-23 18:23:06,2023-12-23 18:49:06,UberX,189.45,6.92,4.01,Completed
545,8790,6749,6562,5676,2023-12-24 20:34:24,2023-12-24 20:44:24,UberBlack,65.65,17.0,4.04,Completed
546,2259,2976,7527,8673,2025-02-05 07:55:40,2025-02-05 08:14:40,UberX,669.52,15.02,3.51,Completed
547,2973,3523,5039,4389,2024-04-30 17:29:18,2024-04-30 18:07:18,UberX,457.85,10.34,5.0,Completed
548,5886,7050,7581,7752,2024-05-22 01:07:47,2024-05-22 01:37:47,UberX,285.84,11.86,4.94,No Show
549,9323,9029,1639,4200,2025-05-27 09:17:16,2025-05-27 09:49:16,UberX,227.02,4.16,4.48,Completed
550,4256,3856,7432,4287,2024-04-12 03:22:17,2024-04-12 04:04:17,UberX,577.55,19.03,4.11,Completed
551,7716,4349,8916,1975,2023-10-23 21:33:52,2023-10-23 22:13:52,UberX,168.6,5.06,4.57,Completed
552,4767,9355,4562,7440,2025-05-24 01:54:23,2025-05-24 02:18:23,UberBlack,451.9,7.75,4.5,Completed
553,4934,5076,5384,1317,2024-10-30 08:26:39,2024-10-30 08:47:39,UberBlack,182.84,7.99,3.71,Completed
554,4221,1476,2171,6217,2024-12-24 12:33:20,2024-12-24 12:41:20,UberX,409.74,4.86,4.37,Completed
555,2166,8744,7221,6607,2024-06-04 23:24:52,2024-06-04 23:47:52,UberX,547.34,18.89,3.7,Completed
556,5303,5728,4325,6012,2024-08-25 16:44:58,2024-08-25 17:29:58,UberPool,740.4,14.76,4.67,Completed
557,2816,7157,172,6771,2024-04-05 20:43:47,2024-04-05 21:17:47,UberBlack,381.05,5.14,4.92,No Show
558,9233,7455,433,3952,2024-08-20 02:50:58,2024-08-20 03:34:58,UberX,508.9,5.85,4.34,Completed
559,5661,7757,3476,9227,2024-08-22 21:54:27,2024-08-22 22:06:27,UberX,662.55,15.45,4.67,Completed
560,9047,3145,2592,8471,2024-07-04 04:25:50,2024-07-04 05:06:50,UberBlack,667.35,16.97,3.82,Cancelled
561,200,5241,7249,3871,2023-10-07 19:28:59,2023-10-07 20:12:59,UberBlack,425.27,13.13,3.98,Completed
562,6508,596,8347,1950,2024-07-09 17:13:31,2024-07-09 17:40:31,UberX,120.44,6.04,3.7,No Show
563,6577,5433,6668,2639,2024-02-28 20:06:12,2024-02-28 20:15:12,UberBlack,402.11,15.32,4.89,Completed
564,5082,2907,3770,8281,2025-02-17 17:46:06,2025-02-17 17:58:06,UberPool,768.78,6.11,4.04,Cancelled
565,1421,5716,4400,9712,2025-03-20 13:25:22,2025-03-20 14:08:22,UberX,389.29,13.35,3.6,Completed
566,4022,3495,8915,4287,2025-03-12 23:41:49,2025-03-13 00:06:49,UberPool,293.25,16.19,3.63,Completed
567,1250,2251,8540,8238,2025-06-27 08:09:34,2025-06-27 08:33:34,UberX,469.88,2.5,4.96,No Show
568,4038,9913,917,9072,2024-08-28 03:53:53,2024-08-28 04:34:53,UberBlack,440.3,5.45,5.0,Completed
569,2507,3048,649,2703,2023-09-20 17:04:29,2023-09-20 17:28:29,UberPool,707.73,9.11,4.87,Completed
570,6713,739,8692,3299,2025-03-29 17:58:20,2025-03-29 18:38:20,UberX,169.18,8.18,4.11,Completed
571,109,316,9804,7879,2024-03-06 03:15:43,2024-03-06 03:51:43,UberBlack,216.04,17.19,4.37,Completed
572,9822,5948,5736,9687,2023-12-10 05:52:58,2023-12-10 05:58:58,UberX,598.04,2.72,4.05,Cancelled
573,1999,832,2651,5540,2025-03-23 18:59:27,2025-03-23 19:18:27,UberX,239.36,9.2,3.89,Completed
574,7708,3655,1009,6983,2025-06-29 21:16:23,2025-06-29 21:51:23,UberPool,526.01,6.67,3.53,Completed
575,8495,4393,2876,3007,2024-12-13 15:22:58,2024-12-13 15:34:58,UberBlack,105.53,5.95,4.7,No Show
576,2967,8034,309,5686,2025-05-18 17:03:17,2025-05-18 17:31:17,UberX,290.2,4.09,4.09,No Show
577,5335,8988,5764,5198,2023-11-03 18:10:40,2023-11-03 18:15:40,UberBlack,165.6,6.42,4.05,Completed
578,3387,8506,6420,882,2025-04-02 13:20:56,2025-04-02 13:54:56,UberBlack,169.23,10.55,4.67,Completed
579,2477,9496,8718,9160,2023-08-13 21:15:00,2023-08-13 21:46:00,UberBlack,707.37,11.99,3.52,Completed
580,2957,5561,8688,5645,2023-08-20 00:31:22,2023-08-20 00:54:22,UberBlack,766.29,4.72,3.97,Completed
581,1751,6876,4172,1567,2024-12-04 06:57:54,2024-12-04 07:29:54,UberX,671.72,13.4,3.53,Completed
582,4272,8078,2283,480,2025-03-23 06:01:32,2025-03-23 06:08:32,UberBlack,706.21,17.84,4.46,Completed
583,4830,3001,77,7251,2023-08-12 06:23:03,2023-08-12 07:04:03,UberX,510.32,12.44,4.16,Completed
584,1421,8360,773,4303,2025-07-09 01:00:25,2025-07-09 01:37:25,UberX,327.08,18.83,4.66,Completed
585,4337,5840,2797,4849,2024-07-03 02:22:29,2024-07-03 03:02:29,UberBlack,617.84,6.37,3.57,Completed
586,8235,5033,1712,4265,2025-06-04 19:25:53,2025-06-04 19:30:53,UberBlack,559.91,9.8,4.72,Completed
587,5316,1227,6564,9993,2023-11-10 21:26:19,2023-11-10 22:08:19,UberX,672.57,12.24,4.9,Completed
588,560,9534,1034,6521,2023-11-09 15:25:40,2023-11-09 16:05:40,UberBlack,442.62,1.26,4.55,Completed
589,3763,3843,188,9533,2025-01-26 20:59:20,2025-01-26 21:23:20,UberBlack,403.21,12.33,3.96,Cancelled
590,3041,9424,8214,4948,2025-07-05 14:10:20,2025-07-05 14:23:20,UberPool,400.45,10.32,4.76,Completed
591,5526,7016,3966,7285,2024-10-04 19:15:32,2024-10-04 19:37:32,UberBlack,738.23,8.13,4.94,Completed
592,3348,6774,7263,1661,2023-12-17 08:34:56,2023-12-17 09:03:56,UberPool,272.41,2.29,4.97,Completed
593,8543,6539,6047,9629,2024-01-16 02:32:47,2024-01-16 03:00:47,UberX,792.93,6.9,4.86,Completed
594,8152,8499,4929,8040,2025-03-29 12:23:08,2025-03-29 13:03:08,UberPool,172.95,13.12,3.91,Completed
595,5339,2858,1439,165,2024-05-18 01:09:58,2024-05-18 01:21:58,UberX,689.03,4.15,4.89,Cancelled
596,3314,8520,1921,4390,2024-09-17 22:43:19,2024-09-17 23:24:19,UberX,550.21,6.13,3.58,Completed
597,753,2058,1339,7428,2024-07-01 07:03:30,2024-07-01 07:27:30,UberBlack,400.56,11.64,4.99,Completed
598,7226,9279,1581,9635,2024-01-11 01:11:41,2024-01-11 01:33:41,UberX,714.59,15.8,3.58,Completed
599,4233,2847,5278,8832,2024-06-07 22:33:24,2024-06-07 22:47:24,UberPool,246.99,15.24,4.26,Completed
600,720,8098,9580,2957,2024-02-07 05:17:14,2024-02-07 05:51:14,UberPool,438.05,9.52,4.6,Completed
601,2676,4707,5408,4498,2025-02-24 21:14:55,2025-02-24 21:30:55,UberBlack,557.64,9.77,4.92,Completed
602,5231,1717,4788,6529,2025-08-01 01:12:43,2025-08-01 01:42:43,UberBlack,377.28,3.5,4.79,Completed
603,9394,2869,7523,2444,2024-10-01 16:44:56,2024-10-01 16:57:56,UberX,637.77,14.32,4.58,Completed
604,403,7079,8336,6722,2024-07-15 20:53:00,2024-07-15 21:13:00,UberPool,206.06,15.34,3.91,Completed
605,5936,7113,767,8994,2024-10-07 17:24:02,2024-10-07 17:40:02,UberBlack,477.18,1.39,3.8,Completed
606,6474,5266,9752,8219,2024-10-24 05:38:37,2024-10-24 05:45:37,UberBlack,767.28,6.76,3.5,Cancelled
607,8540,7301,3280,6880,2024-01-10 17:53:13,2024-01-10 18:06:13,UberBlack,544.27,19.42,4.58,Completed
608,1841,4835,4806,7501,2023-10-11 16:48:53,2023-10-11 17:31:53,UberPool,91.42,9.66,3.62,Completed
609,9945,7949,2732,6567,2024-12-17 13:16:05,2024-12-17 14:01:05,UberPool,63.42,1.4,4.31,Completed
610,4097,2058,8480,2402,2024-02-29 16:23:51,2024-02-29 16:28:51,UberX,768.5,1.26,4.45,Completed
611,132,8758,6902,7893,2025-02-03 07:12:01,2025-02-03 07:52:01,UberPool,154.19,9.02,4.45,Completed
612,2440,9966,2446,2966,2024-09-13 02:02:38,2024-09-13 02:17:38,UberBlack,140.71,11.4,4.1,Completed
613,8821,5235,3557,2860,2025-04-24 20:01:59,2025-04-24 20:15:59,UberPool,220.73,3.73,3.96,Completed
614,6526,1130,949,8451,2025-06-27 00:16:31,2025-06-27 00:34:31,UberBlack,467.15,13.68,3.88,Completed
615,4450,9731,8880,2733,2024-11-14 10:01:10,2024-11-14 10:16:10,UberX,210.96,3.41,4.25,Completed
616,6575,6874,1958,9859,2023-09-21 12:32:50,2023-09-21 13:14:50,UberX,475.3,1.86,4.56,Completed
617,3204,6460,2404,1818,2024-03-27 07:38:08,2024-03-27 07:58:08,UberPool,532.38,18.8,4.54,Completed
618,1377,2925,4260,5649,2024-03-09 12:28:13,2024-03-09 12:55:13,UberPool,669.06,9.49,3.73,Completed
619,4319,823,8453,8068,2024-10-18 13:36:23,2024-10-18 13:57:23,UberX,629.2,18.26,4.49,Completed
620,3271,7326,522,3578,2025-03-25 12:22:14,2025-03-25 12:58:14,UberPool,239.8,13.31,4.29,Completed
621,4405,7082,3643,2377,2024-04-25 11:49:07,2024-04-25 11:57:07,UberX,613.82,8.6,3.51,Completed
622,4062,8976,33,7449,2023-12-24 21:04:02,2023-12-24 21:40:02,UberPool,232.37,15.19,4.07,Completed
623,5869,8266,9529,8501,2024-06-19 17:00:39,2024-06-19 17:33:39,UberX,728.61,14.82,4.87,Completed
624,3703,3829,3812,5446,2024-05-25 18:45:01,2024-05-25 19:04:01,UberPool,426.15,15.55,4.38,Completed
625,8781,4018,9702,4769,2024-06-03 12:03:30,2024-06-03 12:11:30,UberBlack,294.89,14.9,4.52,Completed
626,2752,1673,7592,8594,2025-05-25 16:38:19,2025-05-25 16:50:19,UberBlack,165.04,18.13,4.19,Completed
627,4591,2511,8864,590,2024-03-07 08:17:29,2024-03-07 08:58:29,UberPool,648.18,4.01,3.89,Completed
628,5394,7358,6991,1898,2024-05-16 13:31:23,2024-05-16 14:04:23,UberPool,587.47,3.87,3.62,Cancelled
629,1088,386,1841,7311,2024-08-02 13:54:24,2024-08-02 14:19:24,UberPool,528.55,14.18,4.18,Cancelled
630,4080,7775,6036,1834,2023-09-19 07:42:41,2023-09-19 07:49:41,UberPool,717.44,14.59,4.8,Completed
631,9943,9887,8325,9235,2024-12-31 08:12:09,2024-12-31 08:19:09,UberPool,639.12,19.03,4.55,Completed
632,8563,7965,8442,858,2025-07-30 23:13:48,2025-07-30 23:33:48,UberX,63.61,19.56,4.98,Completed
633,3577,2181,32,160,2025-05-26 14:56:37,2025-05-26 15:36:37,UberPool,210.8,3.29,4.3,Completed
634,5261,1921,5128,300,2025-06-23 10:38:31,2025-06-23 10:55:31,UberX,512.77,2.04,4.76,Completed
635,3092,175,6049,4416,2023-12-01 05:18:31,2023-12-01 05:36:31,UberX,129.07,9.38,3.83,Completed
636,6099,9325,473,4433,2025-06-26 01:33:26,2025-06-26 02:13:26,UberBlack,724.47,17.3,4.86,Completed
637,8224,8835,5980,9260,2025-01-26 02:10:29,2025-01-26 02:51:29,UberX,396.85,14.19,4.46,Completed
638,8648,7789,639,9674,2025-04-11 19:57:03,2025-04-11 20:11:03,UberX,730.4,17.77,4.55,Completed
639,6593,8807,3452,9470,2024-06-18 01:21:49,2024-06-18 01:32:49,UberPool,521.81,4.39,3.91,Completed
640,9235,7435,6796,3220,2025-06-25 18:16:51,2025-06-25 18:23:51,UberBlack,626.28,2.21,4.08,Completed
641,4231,9333,8935,6438,2024-12-29 00:24:38,2024-12-29 00:59:38,UberBlack,79.3,8.22,4.42,Completed
642,4216,6569,4466,4491,2025-05-25 13:47:35,2025-05-25 14:29:35,UberBlack,98.19,7.67,3.56,Completed
643,7300,2743,2872,5291,2024-11-15 21:03:39,2024-11-15 21:29:39,UberX,715.9,1.28,3.65,Completed
644,8650,754,8100,2222,2023-11-06 06:23:20,2023-11-06 06:49:20,UberX,427.37,17.23,3.52,Completed
645,2951,7701,7943,6101,2025-06-30 01:21:08,2025-06-30 01:36:08,UberPool,135.98,17.01,3.75,Completed
646,3978,2377,1132,1976,2024-04-03 02:08:32,2024-04-03 02:30:32,UberX,216.2,14.84,4.08,Cancelled
647,2606,8852,6848,7570,2025-07-01 03:10:37,2025-07-01 03:43:37,UberBlack,617.82,9.34,4.2,Completed
648,8380,9340,4508,6675,2024-09-04 11:20:11,2024-09-04 11:26:11,UberBlack,314.4,18.57,4.93,Cancelled
649,7300,5406,4693,999,2025-01-16 00:18:48,2025-01-16 01:02:48,UberBlack,335.74,5.41,4.54,Completed
650,9778,7060,8257,8024,2023-08-13 19:55:49,2023-08-13 20:06:49,UberPool,370.32,15.38,4.1,Completed
651,9293,2000,1530,8152,2024-02-21 10:42:08,2024-02-21 11:17:08,UberPool,613.91,15.6,3.99,Completed
652,29,9764,8909,1055,2023-09-08 11:21:25,2023-09-08 11:31:25,UberX,636.57,1.61,4.77,Completed
653,1976,3856,8494,2564,2024-05-20 11:06:52,2024-05-20 11:37:52,UberBlack,202.52,5.75,4.38,Completed
654,3372,775,3006,3047,2024-02-25 21:54:17,2024-02-25 22:19:17,UberBlack,92.41,2.68,3.8,Completed
655,2636,2430,7779,4231,2023-10-23 23:41:27,2023-10-24 00:04:27,UberPool,705.23,13.54,4.03,No Show
656,7981,4632,2627,7270,2023-12-01 16:19:19,2023-12-01 16:57:19,UberBlack,735.23,12.39,3.76,Completed
657,7626,7082,1243,7465,2024-08-16 01:34:50,2024-08-16 01:58:50,UberPool,67.8,11.6,4.17,Completed
658,2113,4273,95,6160,2024-01-25 06:28:58,2024-01-25 06:40:58,UberPool,214.02,12.58,4.3,Completed
659,6220,7329,1400,9189,2024-01-13 19:02:33,2024-01-13 19:15:33,UberBlack,287.86,12.5,4.85,No Show
660,8973,491,8067,8484,2024-03-15 10:19:22,2024-03-15 10:55:22,UberBlack,472.79,2.33,4.25,Completed
661,2639,1304,6650,3560,2024-05-16 10:27:16,2024-05-16 10:52:16,UberBlack,648.52,15.97,3.67,Completed
662,558,1187,2835,6370,2023-09-11 05:12:35,2023-09-11 05:27:35,UberPool,177.85,15.36,4.6,Completed
663,5206,3169,6870,2139,2025-02-09 22:25:08,2025-02-09 23:02:08,UberPool,698.93,5.37,4.51,Completed
664,8245,3009,4164,460,2025-03-26 14:26:28,2025-03-26 14:37:28,UberPool,700.23,17.83,3.7,Completed
665,3043,4000,763,9217,2025-01-24 16:21:34,2025-01-24 16:30:34,UberBlack,455.64,15.48,3.68,Completed
666,6958,6414,7063,7643,2024-05-13 03:31:52,2024-05-13 04:08:52,UberX,204.67,19.46,4.24,Completed
667,841,4368,9985,3540,2025-07-06 12:12:37,2025-07-06 12:47:37,UberX,312.74,10.25,4.83,Completed
668,8715,4210,1841,4966,2024-05-28 21:03:08,2024-05-28 21:14:08,UberBlack,584.74,8.24,4.35,Cancelled
669,9167,1585,4761,5347,2025-01-31 07:38:49,2025-01-31 07:47:49,UberX,517.74,10.67,4.97,No Show
670,5777,6899,4092,8403,2023-12-29 20:22:29,2023-12-29 20:48:29,UberBlack,118.39,5.99,4.06,Completed
671,5719,4733,9535,3508,2024-05-11 16:58:23,2024-05-11 17:19:23,UberX,90.88,1.89,4.19,Cancelled
672,7516,8951,9968,7764,2024-01-21 06:40:01,2024-01-21 06:55:01,UberPool,154.39,9.98,4.59,Completed
673,2152,770,2863,5511,2025-07-19 14:23:23,2025-07-19 15:07:23,UberBlack,236.37,16.42,4.49,Cancelled
674,7868,3026,2765,6109,2025-03-29 00:39:22,2025-03-29 01:01:22,UberBlack,710.19,15.8,4.71,Cancelled
675,4074,212,219,7421,2024-12-20 00:52:04,2024-12-20 01:33:04,UberX,287.9,7.28,4.67,Completed
676,2461,7138,3895,6147,2024-09-20 06:34:53,2024-09-20 07:07:53,UberBlack,550.23,4.63,3.52,Completed
677,6767,1271,3303,8905,2024-03-22 03:26:47,2024-03-22 03:31:47,UberX,350.5,8.68,4.22,Cancelled
678,9481,226,631,7521,2025-05-23 12:11:50,2025-05-23 12:29:50,UberX,400.06,4.23,4.94,Completed
679,4502,6315,8730,247,2024-08-10 02:25:06,2024-08-10 02:43:06,UberPool,349.97,13.05,4.65,Completed
680,2990,431,9751,1309,2025-06-16 22:43:40,2025-06-16 23:27:40,UberPool,321.55,1.37,4.74,Completed
681,9218,4596,4928,1163,2025-04-30 05:37:37,2025-04-30 06:22:37,UberX,253.47,16.35,4.31,Completed
682,561,6482,2192,2210,2024-06-23 05:36:06,2024-06-23 06:18:06,UberPool,225.58,18.15,3.62,Completed
683,8426,4903,6655,3103,2023-12-17 11:36:44,2023-12-17 12:07:44,UberBlack,516.24,14.97,4.03,Completed
684,7865,541,98,4307,2024-01-18 01:27:25,2024-01-18 01:46:25,UberBlack,302.96,2.99,4.06,Completed
685,2629,7073,6916,1073,2024-06-04 17:32:19,2024-06-04 17:39:19,UberPool,455.84,7.21,3.8,Completed
686,7427,4095,9694,6506,2023-11-23 06:51:38,2023-11-23 07:02:38,UberPool,624.84,7.38,4.29,Completed
687,8029,9899,5901,5489,2023-12-02 17:08:14,2023-12-02 17:45:14,UberX,660.75,17.87,4.39,Completed
688,8437,8799,1333,6978,2024-09-13 06:47:38,2024-09-13 07:18:38,UberX,436.23,12.85,4.0,Completed
689,8354,8956,9072,7298,2024-09-06 23:37:18,2024-09-07 00:00:18,UberBlack,532.95,10.02,4.69,Completed
690,8379,7327,5292,4807,2023-12-01 05:37:34,2023-12-01 06:02:34,UberPool,396.03,18.55,4.19,Completed
691,5627,8477,5559,9046,2025-07-11 02:36:27,2025-07-11 03:13:27,UberPool,552.38,11.27,4.06,Completed
692,2714,3794,7642,5983,2025-01-18 15:44:35,2025-01-18 16:08:35,UberX,111.73,14.79,3.98,Completed
693,7526,7657,840,1384,2024-11-27 10:28:01,2024-11-27 10:55:01,UberPool,662.5,4.08,4.1,Completed
694,8840,9211,1332,8845,2024-05-23 23:51:58,2024-05-23 23:59:58,UberX,666.67,9.56,4.71,Completed
695,9192,731,5337,4176,2024-12-24 23:02:44,2024-12-24 23:32:44,UberX,228.62,9.02,4.64,Completed
696,664,6604,6550,6584,2023-09-19 01:13:35,2023-09-19 01:58:35,UberX,281.8,17.38,3.86,Completed
697,3432,8798,8442,8532,2024-07-31 05:12:47,2024-07-31 05:29:47,UberX,594.26,5.31,3.63,Completed
698,5892,2511,4680,8376,2023-11-08 19:21:07,2023-11-08 19:46:07,UberBlack,748.29,4.13,4.7,No Show
699,126,2865,6453,7040,2024-01-31 16:03:00,2024-01-31 16:35:00,UberPool,291.4,10.5,4.17,Completed
700,576,1380,9297,349,2024-04-08 17:38:13,2024-04-08 17:44:13,UberBlack,163.74,18.72,3.5,Completed
701,6943,2761,6541,6707,2025-05-08 18:05:35,2025-05-08 18:15:35,UberX,399.87,10.65,4.27,Completed
702,5061,4191,9509,1139,2024-08-06 00:19:07,2024-08-06 00:49:07,UberX,779.66,19.11,4.54,Completed
703,57,5634,2421,9977,2024-11-12 00:09:37,2024-11-12 00:32:37,UberX,750.37,7.73,4.64,Completed
704,1971,9374,5924,3299,2024-12-28 19:22:00,2024-12-28 19:50:00,UberPool,202.07,19.75,4.97,Completed
705,1241,7790,9705,7603,2025-05-25 23:42:15,2025-05-26 00:12:15,UberX,608.98,8.14,3.93,Completed
706,3474,3139,8693,408,2024-05-28 17:15:04,2024-05-28 17:27:04,UberX,665.13,15.51,4.21,Completed
707,7268,1834,7553,4812,2024-06-18 03:28:34,2024-06-18 03:52:34,UberBlack,347.18,5.2,4.99,Cancelled
708,9436,4349,1919,7986,2024-11-14 00:50:31,2024-11-14 01:15:31,UberBlack,57.15,15.42,4.88,Completed
709,3335,2108,3648,1889,2025-03-02 05:14:26,2025-03-02 05:39:26,UberX,690.33,6.18,4.25,Completed
710,4713,7936,1172,489,2024-11-22 14:25:26,2024-11-22 15:10:26,UberPool,215.96,2.99,3.66,Completed
711,6391,6589,8655,9465,2024-03-23 03:36:30,2024-03-23 04:16:30,UberX,190.26,12.58,4.18,Cancelled
712,2182,3182,7296,8670,2024-02-12 16:42:25,2024-02-12 17:12:25,UberBlack,74.1,6.51,4.44,Completed
713,3521,6670,5896,6003,2024-04-14 03:39:33,2024-04-14 04:06:33,UberX,541.64,2.29,3.6,Completed
714,1390,9249,4302,9701,2024-06-05 09:08:54,2024-06-05 09:50:54,UberPool,311.01,4.64,4.85,Completed
715,116,3857,1376,9378,2024-11-17 06:46:49,2024-11-17 07:15:49,UberBlack,323.6,14.88,3.59,Completed
716,4214,4733,5912,9625,2025-04-03 10:44:03,2025-04-03 11:25:03,UberPool,125.17,3.81,4.89,Completed
717,3334,607,8264,8934,2024-05-09 08:29:14,2024-05-09 09:04:14,UberPool,51.23,2.38,4.76,Completed
718,4740,373,2154,1093,2025-06-29 14:38:51,2025-06-29 14:52:51,UberX,767.16,16.29,3.51,Completed
719,8017,8841,9974,7726,2025-06-22 11:11:52,2025-06-22 11:38:52,UberX,158.2,18.06,4.29,Completed
720,4915,5135,2873,5687,2025-01-22 08:16:46,2025-01-22 08:42:46,UberBlack,580.71,10.83,4.72,Completed
721,5289,887,4363,4641,2025-07-09 10:34:46,2025-07-09 10:45:46,UberX,394.99,7.6,4.79,Completed
722,2388,9813,3548,6742,2024-12-28 09:30:34,2024-12-28 10:11:34,UberPool,676.58,19.8,4.75,Completed
723,8130,8409,2322,3938,2023-10-23 10:29:03,2023-10-23 10:55:03,UberBlack,619.06,4.57,4.34,Cancelled
724,1411,5437,7572,5970,2025-04-14 04:21:25,2025-04-14 05:06:25,UberPool,154.06,9.83,3.53,Completed
725,113,3222,7319,6402,2024-01-30 12:46:24,2024-01-30 12:59:24,UberX,396.61,17.68,4.04,Completed
726,7632,2571,5030,3539,2024-11-02 00:35:49,2024-11-02 01:15:49,UberBlack,225.67,16.56,4.64,Completed
727,5546,2024,957,6974,2024-03-24 00:56:27,2024-03-24 01:14:27,UberX,278.06,9.65,4.85,Completed
728,3808,2201,47,1169,2024-08-01 09:00:21,2024-08-01 09:21:21,UberPool,721.83,5.88,4.22,Cancelled
729,4096,493,8688,921,2025-07-23 00:16:29,2025-07-23 00:59:29,UberBlack,783.39,6.61,4.84,Completed
730,1059,2728,3475,9582,2024-04-11 03:42:30,2024-04-11 04:18:30,UberX,128.84,16.47,3.68,Cancelled
731,4440,4522,3546,3569,2024-11-09 06:35:20,2024-11-09 06:42:20,UberX,322.68,12.09,3.58,Completed
732,4184,3931,673,9502,2024-03-29 19:46:33,2024-03-29 20:17:33,UberX,572.66,14.85,4.88,Cancelled
733,8304,6518,4780,8630,2024-01-31 09:05:57,2024-01-31 09:35:57,UberBlack,330.15,13.74,3.73,Completed
734,7289,7508,6393,8562,2024-03-03 16:11:37,2024-03-03 16:38:37,UberPool,400.67,14.17,4.76,Cancelled
735,2348,5105,9525,2874,2024-11-22 15:47:30,2024-11-22 16:23:30,UberX,420.27,2.64,3.82,Completed
736,6775,2084,7230,5115,2024-05-31 22:26:19,2024-05-31 23:10:19,UberX,259.49,15.5,3.76,Completed
737,5863,925,2863,3128,2024-07-21 00:55:26,2024-07-21 01:32:26,UberPool,644.02,12.57,4.18,Completed
738,350,2976,3644,5213,2024-07-27 15:40:59,2024-07-27 16:14:59,UberPool,710.89,12.83,3.68,Completed
739,9673,4732,4021,8477,2025-04-05 10:09:32,2025-04-05 10:38:32,UberX,583.4,8.13,4.63,No Show
740,5557,7945,5755,3344,2024-10-14 18:21:35,2024-10-14 18:39:35,UberX,598.49,13.0,4.87,No Show
741,3559,6995,1023,7118,2024-08-06 15:33:29,2024-08-06 15:58:29,UberPool,782.36,10.68,4.18,Completed
742,4919,5800,6364,9614,2024-12-16 17:11:52,2024-12-16 17:20:52,UberBlack,308.97,17.73,4.35,Completed
743,4033,470,8055,8360,2024-01-29 02:16:34,2024-01-29 02:41:34,UberX,799.6,18.47,4.5,Completed
744,2131,5110,9285,8586,2024-07-25 03:52:47,2024-07-25 04:09:47,UberPool,356.18,8.79,4.44,Completed
745,5204,402,6486,1288,2023-09-26 18:45:41,2023-09-26 18:56:41,UberPool,747.27,19.01,4.03,Completed
746,8147,696,4900,9752,2025-01-03 14:12:12,2025-01-03 14:57:12,UberBlack,458.76,10.9,4.69,Completed
747,1775,6183,1416,6099,2024-05-14 07:12:38,2024-05-14 07:52:38,UberX,445.82,2.22,3.61,Completed
748,9726,2005,7475,129,2023-12-26 00:41:23,2023-12-26 00:51:23,UberPool,596.92,10.63,4.46,Completed
749,2749,6553,4274,3050,2025-02-05 01:57:49,2025-02-05 02:05:49,UberPool,342.76,13.14,4.97,Completed
750,7973,6514,6840,9996,2024-08-27 19:04:14,2024-08-27 19:09:14,UberX,307.47,7.34,3.73,Completed
751,2111,8989,1101,9907,2024-01-05 14:59:05,2024-01-05 15:23:05,UberX,582.74,12.06,3.5,Completed
752,2822,4028,8137,1727,2024-01-25 12:08:04,2024-01-25 12:15:04,UberBlack,755.53,10.0,3.87,Completed
753,6023,7316,2296,1974,2023-09-18 12:54:51,2023-09-18 13:10:51,UberX,230.07,16.33,3.8,Completed
754,1055,9191,5319,6713,2024-12-23 19:02:04,2024-12-23 19:23:04,UberX,766.36,19.89,4.81,Completed
755,986,1245,4585,6474,2025-03-03 01:03:46,2025-03-03 01:21:46,UberX,628.15,16.02,4.29,Completed
756,257,7367,1092,9280,2023-09-14 13:34:45,2023-09-14 14:13:45,UberX,421.2,7.65,4.52,Completed
757,5961,4823,3106,1790,2025-04-20 04:01:38,2025-04-20 04:41:38,UberX,129.95,3.82,3.94,Completed
758,9514,9442,8186,3164,2025-07-11 05:16:43,2025-07-11 05:37:43,UberX,667.31,7.8,4.77,Completed
759,4559,5579,104,7366,2024-07-03 02:29:08,2024-07-03 03:00:08,UberPool,240.61,3.08,4.33,Completed
760,9632,2077,4424,3144,2023-11-21 05:56:36,2023-11-21 06:27:36,UberX,461.25,4.6,3.94,Completed
761,4615,3822,9058,137,2025-06-11 21:42:23,2025-06-11 22:16:23,UberX,672.99,16.55,4.16,Completed
762,5715,4078,8488,4539,2025-05-13 23:36:24,2025-05-14 00:02:24,UberX,451.77,4.36,3.74,Completed
763,92,6153,2124,1570,2024-08-10 18:26:18,2024-08-10 19:06:18,UberPool,787.65,15.39,4.81,Completed
764,7450,2902,9677,3145,2024-07-12 10:20:34,2024-07-12 10:43:34,UberPool,240.83,7.67,4.91,Completed
765,643,9637,6646,7210,2023-11-24 06:52:42,2023-11-24 07:28:42,UberX,272.85,2.24,4.75,Cancelled
766,3128,9072,244,6814,2024-12-10 07:30:09,2024-12-10 07:48:09,UberPool,592.84,4.8,4.59,Completed
767,4214,8444,2738,5435,2024-07-28 12:13:44,2024-07-28 12:46:44,UberPool,706.53,19.95,3.78,Completed
768,5553,3879,3453,4229,2023-10-12 19:29:46,2023-10-12 20:10:46,UberX,689.92,19.58,4.98,Completed
769,3150,8302,2718,2643,2023-09-23 21:32:20,2023-09-23 21:58:20,UberX,686.53,7.4,3.78,No Show
770,7404,7243,4286,6481,2024-12-07 09:08:13,2024-12-07 09:53:13,UberX,484.34,5.37,3.88,Cancelled
771,7900,3605,156,5563,2024-02-12 15:14:59,2024-02-12 15:52:59,UberBlack,711.3,14.53,4.59,Completed
772,1409,2988,2625,740,2024-04-14 09:08:28,2024-04-14 09:15:28,UberX,600.45,13.04,3.82,No Show
773,779,2126,3076,3705,2024-12-12 00:43:34,2024-12-12 01:22:34,UberX,408.93,11.51,4.06,Completed
774,5921,3457,539,891,2024-06-11 03:23:16,2024-06-11 03:36:16,UberBlack,122.73,14.82,3.86,Completed
775,6898,6135,9271,4585,2024-11-08 00:17:06,2024-11-08 01:02:06,UberPool,616.6,17.56,4.26,Completed
776,1200,4981,9925,9454,2025-04-12 08:36:05,2025-04-12 09:11:05,UberPool,456.51,17.19,3.67,Completed
777,4830,5066,5165,5256,2024-03-07 18:32:44,2024-03-07 18:52:44,UberBlack,572.19,8.41,4.25,Completed
778,9539,5157,5106,2559,2025-05-12 04:59:35,2025-05-12 05:38:35,UberBlack,206.74,13.3,4.29,Completed
779,6957,6421,6555,3762,2024-08-17 01:45:31,2024-08-17 02:05:31,UberX,660.15,16.07,4.72,Completed
780,5586,1548,4254,1842,2025-01-30 05:38:50,2025-01-30 06:07:50,UberPool,432.99,12.51,4.2,Completed
781,4254,5801,9403,1865,2025-02-22 04:35:41,2025-02-22 04:44:41,UberBlack,743.24,5.95,3.55,Cancelled
782,4439,6044,8095,6501,2023-09-26 20:14:48,2023-09-26 20:41:48,UberX,121.73,18.64,4.14,Completed
783,9809,4475,288,7505,2023-12-14 17:09:41,2023-12-14 17:36:41,UberPool,652.56,2.93,4.27,Completed
784,6860,5953,2692,9262,2024-07-07 01:43:41,2024-07-07 02:01:41,UberBlack,215.77,12.41,4.13,Completed
785,8739,5452,2516,2538,2024-08-16 12:26:50,2024-08-16 12:44:50,UberBlack,684.41,16.63,3.95,Completed
786,9331,5580,6995,7332,2024-01-26 10:09:20,2024-01-26 10:40:20,UberPool,785.35,13.73,4.15,Completed
787,9034,9211,3580,3771,2024-06-27 20:51:34,2024-06-27 21:15:34,UberPool,243.68,8.26,4.7,Completed
788,3331,9519,8344,9619,2024-04-21 00:48:54,2024-04-21 01:02:54,UberX,328.72,17.11,3.65,Completed
789,3661,9744,7757,3494,2023-09-17 07:07:28,2023-09-17 07:33:28,UberBlack,529.38,4.03,3.57,Cancelled
790,1371,1332,6403,8433,2024-08-04 21:09:13,2024-08-04 21:40:13,UberPool,385.76,17.83,3.9,Completed
791,7244,8530,8614,7380,2025-03-03 17:34:51,2025-03-03 17:51:51,UberPool,148.37,2.2,3.63,Completed
792,4136,4126,1879,8988,2024-01-14 00:21:40,2024-01-14 00:35:40,UberBlack,345.42,10.46,4.93,Completed
793,965,7562,1867,5617,2025-06-20 04:18:51,2025-06-20 04:37:51,UberBlack,590.06,13.79,3.9,Completed
794,4461,5710,1266,9465,2024-02-09 23:25:53,2024-02-09 23:34:53,UberBlack,487.22,12.08,4.58,Completed
795,5231,8730,1989,2002,2023-11-05 21:33:22,2023-11-05 22:08:22,UberPool,266.49,2.52,3.7,Cancelled
796,464,5071,4861,5864,2025-01-12 08:08:04,2025-01-12 08:18:04,UberX,789.07,10.95,3.99,Completed
797,9305,8157,3583,7540,2024-02-17 22:34:05,2024-02-17 22:40:05,UberX,469.69,15.12,4.02,Completed
798,1481,3675,9119,9282,2025-06-20 07:05:28,2025-06-20 07:17:28,UberPool,77.78,13.27,4.37,Completed
799,610,6492,1975,2470,2023-08-27 03:43:30,2023-08-27 04:22:30,UberPool,520.02,13.68,4.35,Completed
800,2928,7401,6560,3736,2024-08-08 23:09:20,2024-08-08 23:20:20,UberX,539.25,10.73,3.51,Completed
801,882,7170,4400,2119,2024-02-21 03:48:25,2024-02-21 04:30:25,UberBlack,319.28,9.53,3.53,Completed
802,762,4569,6347,4438,2024-11-17 19:04:17,2024-11-17 19:18:17,UberBlack,609.2,4.02,4.78,Completed
803,4591,8149,8730,8237,2025-03-23 00:33:28,2025-03-23 01:09:28,UberBlack,348.8,13.59,4.31,Completed
804,8549,4625,4628,1243,2023-08-11 17:27:58,2023-08-11 17:43:58,UberX,110.36,6.35,4.07,Completed
805,8240,3378,694,6421,2023-08-10 12:38:04,2023-08-10 12:52:04,UberX,397.89,7.35,4.09,Completed
806,6335,3454,1461,1817,2024-07-01 15:02:20,2024-07-01 15:22:20,UberBlack,684.58,16.11,4.3,Completed
807,7778,5240,1682,7086,2024-08-31 21:47:57,2024-08-31 22:02:57,UberBlack,678.06,6.32,4.6,Cancelled
808,8135,8198,733,864,2024-02-15 11:36:40,2024-02-15 12:17:40,UberPool,372.97,3.24,4.06,Completed
809,4033,8388,8398,5775,2025-01-07 13:43:10,2025-01-07 14:13:10,UberX,591.84,9.26,4.13,Completed
810,7533,6678,7201,8630,2023-12-09 19:50:35,2023-12-09 20:33:35,UberBlack,299.7,3.61,4.43,Completed
811,3402,3536,676,3719,2024-07-09 09:35:21,2024-07-09 10:05:21,UberBlack,749.11,11.84,3.81,Completed
812,4081,363,8877,6506,2023-11-26 00:43:38,2023-11-26 00:55:38,UberBlack,524.29,9.33,4.46,No Show
813,3079,2122,6439,8767,2023-09-08 11:13:05,2023-09-08 11:30:05,UberBlack,387.06,1.16,3.83,Completed
814,9056,1147,7100,5275,2025-07-17 23:14:53,2025-07-17 23:53:53,UberX,710.23,9.67,4.93,Completed
815,668,2369,4118,6780,2023-12-20 21:16:24,2023-12-20 21:42:24,UberPool,276.86,7.03,4.08,Completed
816,6500,3454,3196,9043,2025-01-01 13:07:40,2025-01-01 13:19:40,UberBlack,206.64,3.72,4.49,Completed
817,3433,2890,953,4656,2023-10-28 18:22:10,2023-10-28 18:38:10,UberX,122.63,10.35,4.62,No Show
818,3041,8955,503,4952,2025-02-17 06:14:41,2025-02-17 06:53:41,UberBlack,384.48,15.01,4.25,Completed
819,2839,1468,3797,3292,2025-07-27 23:45:06,2025-07-28 00:11:06,UberBlack,629.06,11.81,4.9,Completed
820,7809,8040,5686,9783,2023-12-13 19:35:11,2023-12-13 19:40:11,UberBlack,110.61,3.47,4.75,Completed
821,381,2511,1113,3840,2024-01-24 06:31:56,2024-01-24 06:49:56,UberBlack,382.96,6.43,4.83,Cancelled
822,9097,123,5274,809,2023-08-23 01:09:46,2023-08-23 01:44:46,UberBlack,579.43,13.13,4.89,Completed
823,9922,3708,2547,8824,2024-10-30 22:58:14,2024-10-30 23:11:14,UberPool,197.23,12.02,4.62,Completed
824,2447,8913,7089,9191,2023-08-15 06:01:59,2023-08-15 06:20:59,UberBlack,115.66,1.26,3.53,Completed
825,9243,4069,3240,3854,2025-06-15 19:38:19,2025-06-15 20:10:19,UberBlack,612.17,15.57,4.96,Cancelled
826,1191,6525,4902,1024,2024-09-19 10:21:25,2024-09-19 10:44:25,UberPool,424.21,2.45,3.93,Completed
827,1480,6799,5236,8781,2024-07-01 16:25:27,2024-07-01 16:36:27,UberBlack,428.84,2.42,4.1,No Show
828,4748,9838,2477,9479,2023-10-30 13:04:22,2023-10-30 13:20:22,UberX,173.1,2.21,4.43,Completed
829,5651,9488,8563,9518,2023-12-06 12:55:11,2023-12-06 13:13:11,UberX,533.19,1.8,4.86,Completed
830,9846,9129,8485,1230,2023-08-18 11:18:46,2023-08-18 11:23:46,UberX,410.58,3.81,4.7,Completed
831,4919,8095,7206,8501,2024-08-30 21:45:58,2024-08-30 22:05:58,UberX,650.69,12.87,4.64,Completed
832,8380,104,8782,3334,2024-10-01 20:40:30,2024-10-01 21:04:30,UberPool,621.24,5.76,4.01,Completed
833,4369,2232,9800,4917,2024-04-28 13:44:56,2024-04-28 13:54:56,UberBlack,655.53,7.3,3.89,Completed
834,2558,693,3525,9565,2024-10-14 12:07:16,2024-10-14 12:20:16,UberBlack,430.17,4.61,3.58,Completed
835,1167,7106,9785,1536,2024-01-16 16:48:58,2024-01-16 16:53:58,UberX,269.12,15.04,4.17,Completed
836,3956,2878,5084,1487,2023-09-22 09:46:43,2023-09-22 09:52:43,UberX,552.13,19.68,3.95,Completed
837,9964,5264,6391,3332,2024-05-29 01:50:41,2024-05-29 02:01:41,UberPool,91.99,15.49,4.14,Completed
838,1125,4609,8982,7677,2025-03-14 16:36:21,2025-03-14 17:10:21,UberBlack,640.67,18.5,4.42,Completed
839,7100,7593,8737,7175,2025-06-06 01:27:14,2025-06-06 01:43:14,UberPool,472.26,3.38,4.8,Completed
840,8129,9601,6013,8947,2024-04-17 08:49:03,2024-04-17 09:34:03,UberX,116.08,14.08,4.84,Completed
841,8672,482,2459,5638,2024-06-06 11:21:00,2024-06-06 12:03:00,UberX,526.6,1.9,4.02,Completed
842,9183,6675,2639,5325,2025-01-07 16:21:40,2025-01-07 16:33:40,UberX,289.99,17.95,4.75,Completed
843,5086,667,9976,6825,2025-05-27 17:26:31,2025-05-27 17:32:31,UberPool,668.15,8.96,3.54,Completed
844,4927,8238,9616,5476,2024-02-05 13:23:37,2024-02-05 13:33:37,UberX,406.04,18.37,3.69,Completed
845,7944,4628,3452,359,2024-01-31 10:05:05,2024-01-31 10:43:05,UberBlack,671.58,11.32,4.16,Cancelled
846,3670,6260,2639,2710,2025-01-26 16:25:31,2025-01-26 17:03:31,UberPool,704.49,3.2,3.85,Completed
847,917,8991,2868,1211,2025-05-25 02:51:38,2025-05-25 02:59:38,UberBlack,211.85,10.06,3.54,Completed
848,5218,3524,8892,2284,2024-05-15 20:47:23,2024-05-15 21:04:23,UberX,297.98,9.3,4.2,Completed
849,7846,6028,874,8325,2024-01-08 15:57:15,2024-01-08 16:35:15,UberBlack,201.26,19.91,4.78,Completed
850,1686,6174,5106,3683,2025-07-10 21:48:03,2025-07-10 22:14:03,UberX,679.42,16.36,3.96,Cancelled
851,9402,8185,2478,5037,2024-05-27 18:05:33,2024-05-27 18:32:33,UberPool,548.24,14.85,4.48,Completed
852,3187,3805,3778,925,2024-09-18 16:46:54,2024-09-18 17:08:54,UberX,662.49,18.11,3.57,Completed
853,9023,5534,1333,8207,2025-06-07 12:15:14,2025-06-07 12:27:14,UberBlack,320.24,19.73,3.85,Completed
854,2111,6950,9869,2491,2024-05-15 15:34:06,2024-05-15 16:02:06,UberBlack,763.28,13.61,4.6,Completed
855,4527,9764,1033,9330,2025-02-01 11:46:23,2025-02-01 12:07:23,UberPool,630.22,18.76,3.86,Completed
856,8711,3382,6243,5782,2024-01-07 03:57:06,2024-01-07 04:23:06,UberBlack,352.23,7.48,4.49,Cancelled
857,147,2200,8707,296,2023-09-07 07:33:20,2023-09-07 08:01:20,UberBlack,192.49,6.65,4.24,Completed
858,2528,9425,7372,9733,2024-12-18 17:10:52,2024-12-18 17:38:52,UberX,98.99,19.16,4.61,Completed
859,9000,1206,3095,6058,2023-11-19 01:38:29,2023-11-19 02:21:29,UberPool,124.56,3.15,3.75,Completed
860,683,4349,7429,9661,2025-01-03 01:41:15,2025-01-03 02:18:15,UberPool,746.76,1.35,4.17,Completed
861,6981,1198,982,1639,2024-02-23 04:02:48,2024-02-23 04:08:48,UberBlack,471.21,5.19,3.66,Cancelled
862,5074,3934,9943,9255,2023-10-04 04:08:31,2023-10-04 04:40:31,UberX,202.18,7.99,3.83,Completed
863,5265,7503,3311,1667,2025-01-29 20:08:29,2025-01-29 20:44:29,UberX,786.54,16.53,4.9,Completed
864,3029,1592,2598,4185,2025-01-29 09:21:47,2025-01-29 09:27:47,UberBlack,723.22,13.74,3.55,Completed
865,8152,3253,5475,8843,2024-09-27 01:05:48,2024-09-27 01:15:48,UberPool,449.78,1.73,3.57,Completed
866,4385,7658,210,8693,2024-07-06 05:05:05,2024-07-06 05:47:05,UberBlack,418.27,10.28,4.55,Completed
867,3750,2197,5676,1329,2025-04-09 03:28:46,2025-04-09 04:13:46,UberBlack,470.92,1.72,4.75,Completed
868,2972,5087,1812,4942,2024-04-06 13:53:48,2024-04-06 14:35:48,UberBlack,154.61,14.47,3.95,Completed
869,4561,3804,4677,8048,2024-08-21 15:29:21,2024-08-21 16:03:21,UberX,537.47,10.21,4.43,Completed
870,2489,3274,94,5668,2023-11-21 09:39:49,2023-11-21 10:07:49,UberPool,671.52,15.08,4.2,Completed
871,3075,5780,3786,182,2024-01-22 13:06:53,2024-01-22 13:29:53,UberBlack,214.34,6.18,3.67,Cancelled
872,8437,9164,2343,6376,2024-07-05 19:34:35,2024-07-05 20:12:35,UberPool,402.84,5.19,4.51,Cancelled
873,1876,3404,4312,186,2024-03-20 06:56:59,2024-03-20 07:10:59,UberX,507.0,19.63,3.58,Completed
874,3635,130,9949,1488,2025-05-13 16:21:54,2025-05-13 16:30:54,UberPool,137.12,1.24,4.02,No Show
875,8838,7582,7159,2757,2023-08-08 05:30:55,2023-08-08 05:39:55,UberX,688.91,5.79,3.96,Completed
876,3859,4703,973,5466,2024-01-06 13:21:35,2024-01-06 13:39:35,UberPool,275.86,18.69,4.45,Completed
877,5847,5489,345,8435,2023-08-23 23:38:43,2023-08-23 23:52:43,UberBlack,721.58,3.76,4.45,Completed
878,1368,6369,3818,7491,2025-02-18 08:21:04,2025-02-18 08:31:04,UberPool,485.91,14.0,4.3,Completed
879,3694,7949,2352,7939,2024-05-29 16:43:57,2024-05-29 16:55:57,UberX,280.68,7.63,3.94,Completed
880,8568,7036,6785,3518,2024-08-21 13:04:53,2024-08-21 13:49:53,UberBlack,585.68,9.43,3.58,No Show
881,3247,2747,8607,3653,2024-04-11 02:28:07,2024-04-11 02:42:07,UberPool,614.07,2.15,4.41,Completed
882,7900,2266,4793,466,2023-09-21 03:11:16,2023-09-21 03:26:16,UberPool,334.82,11.44,4.43,Completed
883,844,9131,2712,3861,2024-11-28 10:50:55,2024-11-28 11:10:55,UberBlack,140.51,2.89,4.03,Completed
884,379,8758,5338,1523,2025-03-07 21:28:23,2025-03-07 21:49:23,UberBlack,226.73,10.92,3.76,Completed
885,9478,4368,756,9606,2025-07-21 02:39:33,2025-07-21 03:20:33,UberPool,244.41,10.45,3.64,Cancelled
886,3291,1035,2364,4853,2024-11-12 20:58:45,2024-11-12 21:05:45,UberX,354.83,14.72,4.95,Completed
887,5790,3557,4271,7174,2025-03-08 16:09:51,2025-03-08 16:26:51,UberX,647.26,9.97,3.75,Completed
888,5720,5264,6402,3130,2023-10-18 23:04:31,2023-10-18 23:27:31,UberX,522.77,18.13,3.67,Cancelled
889,7683,5755,7446,1815,2025-07-11 20:04:45,2025-07-11 20:44:45,UberPool,92.39,18.39,4.35,Completed
890,7114,3116,6785,5909,2024-10-16 03:41:31,2024-10-16 03:54:31,UberPool,449.34,14.35,4.46,Completed
891,8459,2,2958,7337,2025-01-29 05:14:14,2025-01-29 05:36:14,UberPool,287.83,6.23,4.12,Cancelled
892,9923,9519,2461,6086,2024-07-21 20:16:44,2024-07-21 20:22:44,UberX,415.88,19.68,4.21,Completed
893,6898,3781,4727,3297,2024-04-19 10:18:34,2024-04-19 10:46:34,UberX,616.79,10.41,3.77,Completed
894,885,3969,8177,984,2025-05-08 05:49:31,2025-05-08 05:57:31,UberPool,505.82,11.08,4.71,Completed
895,6531,8804,3555,2445,2024-04-08 22:12:26,2024-04-08 22:32:26,UberX,99.68,8.67,4.53,Cancelled
896,4614,8088,7817,4329,2024-04-08 04:58:12,2024-04-08 05:21:12,UberPool,502.39,8.48,3.84,Cancelled
897,6652,1581,264,8525,2024-12-25 06:36:13,2024-12-25 06:56:13,UberX,273.41,18.32,4.26,Completed
898,63,4577,3471,9587,2024-04-02 03:02:56,2024-04-02 03:20:56,UberBlack,249.89,14.13,4.53,Completed
899,3196,9797,5962,3588,2025-01-24 21:39:40,2025-01-24 22:23:40,UberPool,583.04,17.49,3.75,Completed
900,4787,5302,2451,6829,2025-01-05 07:23:21,2025-01-05 07:36:21,UberPool,673.33,17.06,4.93,Completed
901,6805,2582,7826,1008,2025-03-14 10:47:28,2025-03-14 10:57:28,UberX,206.39,12.08,4.12,Completed
902,2363,3068,1972,7498,2024-12-02 11:51:37,2024-12-02 12:24:37,UberBlack,790.99,6.26,3.6,Completed
903,2922,7762,396,4589,2025-05-01 18:26:50,2025-05-01 18:52:50,UberX,219.18,19.51,4.16,Completed
904,7566,9637,9801,1659,2025-05-24 23:39:58,2025-05-25 00:11:58,UberPool,153.23,3.86,4.72,Completed
905,837,6607,6569,3618,2023-08-17 03:07:01,2023-08-17 03:14:01,UberPool,78.96,12.2,4.92,Completed
906,9148,3549,9533,1249,2024-03-20 00:21:27,2024-03-20 00:56:27,UberX,425.09,13.62,4.05,Completed
907,1264,3037,1777,8252,2024-08-19 07:54:42,2024-08-19 08:28:42,UberX,465.59,15.09,3.71,Completed
908,8655,9363,7821,7173,2024-05-29 14:56:34,2024-05-29 15:15:34,UberBlack,296.27,3.23,3.57,Completed
909,3465,7476,4897,4917,2025-03-27 20:11:21,2025-03-27 20:42:21,UberX,442.49,1.7,3.94,Completed
910,7569,4280,9706,2682,2024-12-10 19:26:05,2024-12-10 20:08:05,UberBlack,225.57,8.57,4.99,Completed
911,6454,1579,6744,2527,2024-07-06 01:45:56,2024-07-06 02:29:56,UberBlack,758.81,9.45,4.83,Completed
912,8881,6365,6280,3807,2024-01-22 13:51:23,2024-01-22 14:23:23,UberPool,599.27,9.61,4.14,Completed
913,3768,6250,6098,2099,2024-11-06 04:57:54,2024-11-06 05:32:54,UberX,229.01,1.35,4.7,Completed
914,4221,199,149,9157,2023-09-08 10:49:53,2023-09-08 11:11:53,UberX,135.68,19.12,3.85,Completed
915,1645,819,1087,7528,2024-05-10 16:42:38,2024-05-10 17:07:38,UberBlack,737.05,13.27,3.51,No Show
916,9810,7596,197,8148,2025-01-22 11:19:37,2025-01-22 11:54:37,UberBlack,689.38,13.48,4.59,Completed
917,2078,6492,8463,2854,2024-07-08 10:01:40,2024-07-08 10:29:40,UberX,360.69,8.87,3.89,Cancelled
918,63,8999,2149,9192,2024-05-02 20:29:56,2024-05-02 20:35:56,UberX,158.56,13.91,3.94,Completed
919,6860,1319,5338,1516,2023-11-22 07:52:02,2023-11-22 08:27:02,UberPool,574.19,11.67,4.1,No Show
920,5854,6510,8158,860,2024-10-29 11:48:14,2024-10-29 12:12:14,UberBlack,730.2,16.44,3.8,Completed
921,3218,2887,8554,4343,2024-04-20 05:14:35,2024-04-20 05:20:35,UberBlack,516.97,3.25,4.66,Cancelled
922,7547,1232,6640,4176,2025-06-30 05:15:34,2025-06-30 05:56:34,UberPool,468.36,9.44,4.82,Completed
923,5174,3451,9305,9058,2023-12-21 16:37:21,2023-12-21 16:58:21,UberBlack,763.39,13.96,4.83,Completed
924,4919,5260,7676,2529,2024-06-05 21:59:04,2024-06-05 22:07:04,UberX,614.54,9.23,4.77,Completed
925,2350,5346,9621,6765,2024-01-04 06:44:50,2024-01-04 07:18:50,UberPool,587.63,18.14,3.67,Completed
926,7120,1232,6714,8858,2024-05-19 11:31:54,2024-05-19 11:38:54,UberBlack,417.59,3.18,4.92,Completed
927,7439,1251,9324,7718,2024-11-09 08:24:45,2024-11-09 08:59:45,UberBlack,351.29,1.88,3.77,Completed
928,7131,4073,5046,2143,2023-09-14 16:28:16,2023-09-14 16:46:16,UberX,433.72,5.72,3.98,Completed
929,5099,9841,1662,2707,2024-03-08 10:16:35,2024-03-08 10:37:35,UberBlack,778.84,14.38,3.78,Completed
930,369,2389,2775,5916,2024-01-08 13:02:52,2024-01-08 13:23:52,UberBlack,799.92,16.59,4.37,Completed
931,9360,3123,6599,5461,2025-07-17 20:05:21,2025-07-17 20:26:21,UberPool,311.11,14.2,3.65,Completed
932,6906,5223,9184,3610,2024-03-05 07:07:34,2024-03-05 07:38:34,UberBlack,277.39,18.86,3.54,Completed
933,6773,2900,2417,8377,2023-11-16 12:28:17,2023-11-16 13:12:17,UberPool,656.69,13.85,4.24,Completed
934,1668,3165,4699,3220,2023-08-28 02:26:35,2023-08-28 02:31:35,UberPool,354.0,5.49,3.77,Completed
935,8693,5964,9462,4752,2024-07-31 03:40:36,2024-07-31 04:13:36,UberBlack,79.32,12.08,5.0,Completed
936,9014,9401,1863,9044,2024-05-02 16:45:28,2024-05-02 17:26:28,UberPool,146.45,2.36,3.89,Completed
937,1619,8051,1713,3663,2024-07-16 10:03:10,2024-07-16 10:35:10,UberBlack,240.43,19.17,3.58,No Show
938,8681,8690,7652,8434,2024-08-05 18:58:11,2024-08-05 19:23:11,UberX,454.19,4.6,3.65,Completed
939,8004,7446,610,5511,2025-06-18 01:42:55,2025-06-18 01:59:55,UberBlack,771.23,15.12,4.0,Completed
940,5608,8257,3478,4124,2024-06-06 10:31:03,2024-06-06 10:47:03,UberBlack,792.41,9.58,4.93,Completed
941,8145,7480,3328,3802,2024-06-02 23:27:03,2024-06-03 00:04:03,UberX,52.41,5.8,3.64,Completed
942,2693,3193,6846,5119,2023-10-01 06:02:19,2023-10-01 06:47:19,UberX,275.6,16.63,4.65,Cancelled
943,214,2279,550,9038,2024-02-12 14:46:41,2024-02-12 15:15:41,UberPool,323.2,4.31,4.86,Completed
944,4260,3662,9205,7961,2023-08-06 21:39:09,2023-08-06 22:17:09,UberX,100.23,6.67,3.75,Completed
945,7261,4653,4632,6501,2024-01-27 11:08:03,2024-01-27 11:42:03,UberPool,286.13,5.17,4.55,Completed
946,1842,4086,5462,6878,2023-08-18 21:40:01,2023-08-18 21:49:01,UberX,392.3,17.43,3.77,Completed
947,9530,1840,7507,9379,2025-06-01 00:56:06,2025-06-01 01:10:06,UberPool,239.52,16.4,4.55,No Show
948,4498,7479,795,3743,2024-06-16 15:25:11,2024-06-16 15:50:11,UberX,527.49,14.45,3.56,Completed
949,8579,6224,4439,2029,2024-12-23 17:00:54,2024-12-23 17:33:54,UberX,167.04,6.15,4.09,Completed
950,5436,7945,4305,1916,2023-08-10 03:03:26,2023-08-10 03:22:26,UberX,791.86,8.29,4.58,Completed
951,5258,1642,899,9036,2023-10-27 00:04:33,2023-10-27 00:46:33,UberBlack,148.87,10.58,3.57,Completed
952,3673,1198,3390,7613,2024-11-07 09:03:40,2024-11-07 09:09:40,UberPool,239.78,15.97,3.56,Completed
953,6807,8384,264,8131,2024-04-08 19:00:18,2024-04-08 19:15:18,UberX,514.56,1.66,3.71,Completed
954,5515,4485,2024,2265,2024-05-30 18:42:06,2024-05-30 19:23:06,UberX,326.86,12.68,4.51,No Show
955,5523,8767,5459,8893,2024-07-12 00:53:03,2024-07-12 01:22:03,UberBlack,424.42,5.6,4.07,Cancelled
956,7838,2509,8407,6966,2024-08-21 17:53:27,2024-08-21 18:10:27,UberBlack,777.2,6.62,4.89,Completed
957,6527,5894,1567,2184,2024-01-02 21:26:04,2024-01-02 22:04:04,UberPool,680.21,12.52,4.84,Cancelled
958,2100,2581,1728,584,2023-10-16 00:53:09,2023-10-16 01:36:09,UberX,619.75,2.5,4.78,Completed
959,7825,6324,9070,5529,2025-04-13 19:24:41,2025-04-13 20:08:41,UberX,382.73,5.01,3.61,No Show
960,9982,2084,2416,8789,2024-09-22 11:58:17,2024-09-22 12:36:17,UberPool,100.33,4.2,3.82,Completed
961,2970,5300,4154,7389,2024-10-06 07:41:25,2024-10-06 08:25:25,UberBlack,350.27,16.85,3.94,Completed
962,5324,8155,5294,4280,2024-03-09 02:50:52,2024-03-09 03:29:52,UberPool,438.25,12.41,4.78,No Show
963,6438,704,9401,825,2023-11-25 06:27:59,2023-11-25 06:51:59,UberBlack,230.23,10.03,4.29,No Show
964,9476,9467,4729,8925,2025-04-02 11:08:42,2025-04-02 11:32:42,UberX,625.57,8.52,3.72,Completed
965,9383,572,5994,9767,2023-11-24 16:01:59,2023-11-24 16:25:59,UberBlack,86.35,13.23,3.66,Completed
966,291,9370,3070,15,2024-02-28 09:26:12,2024-02-28 10:02:12,UberX,398.71,1.97,4.93,Completed
967,5436,1428,3766,328,2024-08-23 01:49:02,2024-08-23 02:04:02,UberX,777.29,4.93,4.93,Completed
968,7452,7531,994,5664,2024-09-26 07:51:03,2024-09-26 08:05:03,UberBlack,473.27,3.6,3.85,Completed
969,7453,2333,9633,1704,2024-11-13 07:01:37,2024-11-13 07:20:37,UberX,157.58,18.5,3.71,Completed
970,8386,9142,4261,285,2024-01-06 00:24:42,2024-01-06 00:48:42,UberPool,618.43,4.28,3.91,Completed
971,1888,2053,1447,5343,2023-09-22 19:48:11,2023-09-22 20:12:11,UberPool,538.53,13.29,4.27,Completed
972,4906,2360,6679,1200,2024-05-29 18:00:55,2024-05-29 18:06:55,UberX,559.02,8.39,4.3,Cancelled
973,1737,8050,4044,7898,2024-10-15 14:22:26,2024-10-15 14:58:26,UberBlack,558.76,10.3,3.52,Completed
974,1606,5462,4974,6452,2025-01-10 18:08:21,2025-01-10 18:13:21,UberPool,385.14,4.27,3.96,Completed
975,4904,2916,149,4650,2023-11-25 20:30:16,2023-11-25 20:54:16,UberX,743.25,4.01,4.17,Completed
976,3338,6869,5086,3277,2025-06-25 11:48:35,2025-06-25 12:18:35,UberPool,102.01,7.93,3.55,Completed
977,4139,266,3913,1359,2024-11-25 20:43:54,2024-11-25 20:58:54,UberPool,446.67,11.19,4.14,Completed
978,6370,5631,4809,6544,2023-08-23 15:42:11,2023-08-23 16:26:11,UberBlack,775.28,15.66,3.8,Completed
979,571,2445,9317,4625,2025-02-13 03:33:55,2025-02-13 04:11:55,UberPool,608.04,10.64,4.03,Completed
980,9485,9534,9774,28,2024-04-27 23:35:27,2024-04-28 00:13:27,UberX,404.1,2.28,3.96,Completed
981,7787,8396,932,2681,2025-07-01 06:08:08,2025-07-01 06:43:08,UberX,573.09,17.91,3.69,Completed
982,8847,7468,3789,1461,2025-03-08 00:30:55,2025-03-08 00:54:55,UberPool,776.76,6.32,4.0,Completed
983,2864,8423,3896,2317,2024-05-22 13:54:04,2024-05-22 14:15:04,UberBlack,524.29,8.81,4.36,Cancelled
984,7438,4995,8039,3490,2024-03-20 19:04:29,2024-03-20 19:18:29,UberX,236.84,5.86,4.83,Completed
985,9930,2717,2715,1422,2025-01-02 12:09:24,2025-01-02 12:29:24,UberPool,222.88,19.02,4.89,Completed
986,4751,6505,6623,330,2024-01-09 15:07:11,2024-01-09 15:34:11,UberX,347.12,18.32,3.88,Completed
987,6762,5968,5875,8583,2024-09-10 03:21:16,2024-09-10 03:36:16,UberPool,336.77,15.0,3.64,Completed
988,8604,3651,1157,2559,2023-09-29 13:01:52,2023-09-29 13:27:52,UberX,470.29,4.52,4.8,Completed
989,7338,9798,4427,7788,2023-12-05 08:09:52,2023-12-05 08:41:52,UberBlack,85.64,6.64,3.95,Completed
990,2429,4716,6824,5163,2024-10-14 06:55:10,2024-10-14 07:24:10,UberX,166.23,17.55,3.58,Completed
991,423,4010,444,7188,2025-02-22 23:02:32,2025-02-22 23:17:32,UberPool,279.18,17.97,4.96,Completed
992,3563,5810,1176,3569,2024-05-09 03:07:54,2024-05-09 03:51:54,UberBlack,577.35,4.99,3.93,Completed
993,3670,9854,8077,7740,2025-01-27 02:02:22,2025-01-27 02:37:22,UberX,733.25,6.8,4.62,Cancelled
994,7986,2783,8356,5111,2024-09-29 13:44:48,2024-09-29 13:53:48,UberBlack,182.12,13.68,4.46,Completed
995,2228,1688,8269,2370,2023-12-27 11:11:42,2023-12-27 11:43:42,UberX,781.39,6.31,4.57,Completed
996,7654,9021,7345,9983,2024-11-07 21:07:57,2024-11-07 21:48:57,UberPool,500.23,13.52,4.75,Completed
997,5108,9538,610,6670,2024-03-01 23:02:38,2024-03-01 23:42:38,UberPool,141.33,7.59,4.95,Completed
998,613,4807,9160,6970,2024-01-16 17:53:59,2024-01-16 18:28:59,UberX,674.94,3.72,4.69,Cancelled
999,4361,8189,8531,1176,2025-06-03 15:03:34,2025-06-03 15:09:34,UberX,333.82,6.24,3.61,Cancelled
1000,6521,5663,3183,8774,2024-09-27 10:15:51,2024-09-27 10:46:51,UberX,719.43,18.67,3.54,Completed
1001,2152,5775,8231,432,2023-09-03 19:00:54,2023-09-03 19:35:54,UberPool,425.88,9.83,4.23,Completed
1002,6214,9515,2270,271,2025-06-26 20:21:54,2025-06-26 20:35:54,UberX,547.56,8.23,4.24,Completed
1003,4022,6041,9172,1183,2023-08-16 06:06:47,2023-08-16 06:24:47,UberBlack,659.31,12.27,4.92,Completed
1004,5397,3326,4828,3701,2023-12-26 04:52:30,2023-12-26 05:20:30,UberX,537.33,4.09,4.97,Completed
1005,9308,8896,6810,3590,2025-06-08 04:33:03,2025-06-08 05:13:03,UberBlack,315.51,18.64,3.71,Completed
1006,5593,783,641,937,2024-04-02 05:38:37,2024-04-02 06:00:37,UberX,670.74,15.19,4.92,Completed
1007,6770,6185,208,6118,2023-10-19 00:34:26,2023-10-19 01:14:26,UberBlack,435.13,7.0,3.73,Completed
1008,8304,9486,1397,5520,2025-02-06 12:34:46,2025-02-06 13:12:46,UberX,519.5,4.1,4.92,Completed
1009,2748,898,1815,1759,2023-12-15 07:47:14,2023-12-15 08:18:14,UberPool,457.17,8.65,4.5,Completed
1010,2985,8800,8597,1536,2024-06-14 22:40:17,2024-06-14 23:01:17,UberBlack,510.92,8.48,4.02,Completed
1011,1596,9646,7901,9043,2025-07-18 07:41:40,2025-07-18 07:53:40,UberPool,766.01,19.83,4.51,Completed
1012,6386,3109,1421,1130,2025-03-04 15:59:09,2025-03-04 16:24:09,UberX,230.98,5.23,4.07,Completed
1013,4678,5006,9672,3224,2025-05-07 06:22:57,2025-05-07 06:45:57,UberPool,399.75,5.35,3.85,Completed
1014,7719,6953,8967,4395,2023-08-31 08:40:55,2023-08-31 09:06:55,UberPool,650.98,14.91,4.8,Completed
1015,5776,5367,6537,9213,2024-01-14 19:53:41,2024-01-14 20:02:41,UberX,720.49,12.33,4.07,Completed
1016,7270,6028,8379,8084,2024-04-20 07:45:17,2024-04-20 08:17:17,UberBlack,363.14,19.47,4.21,Completed
1017,1613,6178,4658,7719,2025-06-30 09:29:13,2025-06-30 09:48:13,UberPool,62.79,18.5,4.58,Completed
1018,8209,9784,2193,8131,2025-07-26 01:20:18,2025-07-26 01:37:18,UberBlack,59.4,18.06,4.14,Completed
1019,4997,9570,6477,6111,2024-04-01 01:23:00,2024-04-01 01:37:00,UberPool,129.27,17.62,4.48,Completed
1020,8997,9525,8776,4365,2023-12-24 03:22:14,2023-12-24 03:39:14,UberPool,652.28,11.68,4.74,Completed
1021,358,9083,6419,8561,2024-04-11 18:09:23,2024-04-11 18:31:23,UberPool,129.76,8.1,4.84,Completed
1022,7533,5659,3228,9060,2024-12-13 22:12:40,2024-12-13 22:21:40,UberPool,306.74,14.62,4.37,Completed
1023,2187,7589,8674,1318,2024-12-06 17:35:08,2024-12-06 18:02:08,UberX,747.33,4.57,3.53,No Show
1024,2638,3720,7882,6598,2025-07-10 14:46:37,2025-07-10 15:04:37,UberX,496.12,8.49,4.45,Completed
1025,8234,9837,3378,9468,2025-05-03 09:03:19,2025-05-03 09:36:19,UberPool,344.95,13.92,4.08,Completed
1026,4858,6591,8185,1792,2025-01-28 04:48:44,2025-01-28 05:27:44,UberX,642.7,13.81,4.22,No Show
1027,652,4363,9519,7083,2024-10-12 17:57:41,2024-10-12 18:08:41,UberBlack,789.13,18.19,4.43,Completed
1028,1908,5615,1427,7954,2024-05-10 06:36:19,2024-05-10 07:01:19,UberX,364.38,16.61,3.92,Completed
1029,834,6658,2497,1932,2025-05-31 03:12:33,2025-05-31 03:19:33,UberPool,491.24,16.46,4.8,Completed
1030,6965,6708,7872,2664,2025-01-18 08:08:27,2025-01-18 08:42:27,UberBlack,641.12,14.24,4.75,Completed
1031,2914,2879,6215,3408,2025-06-12 01:35:18,2025-06-12 02:11:18,UberBlack,199.59,8.85,4.27,Completed
1032,9540,6797,8195,1169,2024-12-02 19:29:07,2024-12-02 19:42:07,UberX,715.68,9.18,4.33,Completed
1033,6989,2581,7515,1976,2024-04-05 03:09:37,2024-04-05 03:37:37,UberBlack,773.81,2.64,3.95,Completed
1034,1238,250,2584,8897,2024-09-05 20:50:31,2024-09-05 21:08:31,UberBlack,764.03,15.22,3.88,Completed
1035,6341,1244,4517,6335,2025-04-13 05:21:30,2025-04-13 05:27:30,UberX,415.6,7.67,3.5,Completed
1036,5722,6357,2718,8990,2023-09-04 18:06:20,2023-09-04 18:32:20,UberX,728.5,1.6,3.99,Completed
1037,6652,8293,8749,5499,2025-05-07 11:24:45,2025-05-07 12:08:45,UberX,186.76,17.38,4.8,No Show
1038,6401,317,5677,7837,2023-09-29 15:19:58,2023-09-29 15:52:58,UberX,279.34,6.64,3.7,Completed
1039,39,8265,3456,4674,2023-12-30 01:54:26,2023-12-30 02:08:26,UberPool,50.96,19.99,4.9,Completed
1040,1154,2852,8186,450,2023-11-11 04:25:54,2023-11-11 04:47:54,UberPool,675.95,8.94,4.99,Completed
1041,9189,457,1981,8011,2024-06-03 09:28:27,2024-06-03 10:12:27,UberX,340.84,2.53,4.15,Completed
1042,684,3839,4346,6383,2024-03-04 10:14:23,2024-03-04 10:40:23,UberPool,430.58,16.32,4.41,Completed
1043,6759,1526,6802,5865,2024-03-24 08:32:32,2024-03-24 09:11:32,UberX,662.28,16.8,4.13,Completed
1044,2722,2690,2509,632,2024-08-16 12:41:26,2024-08-16 13:20:26,UberX,332.12,14.01,3.71,Completed
1045,5993,356,402,9354,2024-01-20 01:40:48,2024-01-20 02:09:48,UberBlack,672.76,11.9,4.23,Completed
1046,8705,4813,8964,1177,2025-04-27 04:25:45,2025-04-27 04:47:45,UberBlack,347.39,19.7,4.34,Completed
1047,4946,7199,254,7675,2024-11-02 06:20:32,2024-11-02 07:01:32,UberPool,567.87,18.58,3.97,Completed
1048,7740,1785,6046,6171,2024-10-05 07:17:20,2024-10-05 07:49:20,UberX,685.84,16.79,4.4,Completed
1049,2776,3651,3864,9564,2024-02-20 18:55:23,2024-02-20 19:11:23,UberX,515.41,3.18,4.51,Cancelled
1050,6394,7830,1346,654,2024-08-13 00:51:19,2024-08-13 01:08:19,UberX,150.96,8.45,4.78,Completed
1051,9163,74,7530,2459,2023-08-29 16:35:28,2023-08-29 17:04:28,UberBlack,551.69,1.64,4.54,Completed
1052,3672,1815,8588,8769,2024-12-02 21:50:55,2024-12-02 22:08:55,UberX,747.45,12.45,3.91,Completed
1053,6565,1378,7703,3058,2025-06-29 14:50:55,2025-06-29 15:33:55,UberBlack,694.92,18.9,3.51,Completed
1054,1483,538,9198,5991,2024-08-04 18:07:02,2024-08-04 18:49:02,UberPool,96.06,4.04,3.84,Completed
1055,7268,8964,6449,5753,2024-12-26 04:40:02,2024-12-26 05:11:02,UberX,418.46,4.53,3.66,Completed
1056,377,5468,4070,8460,2024-03-14 05:21:14,2024-03-14 05:45:14,UberX,143.64,18.85,4.35,Completed
1057,9930,9507,3060,2616,2024-09-19 10:24:33,2024-09-19 10:40:33,UberX,248.44,14.12,3.91,Completed
1058,434,4329,6554,7080,2025-03-18 12:47:37,2025-03-18 12:57:37,UberBlack,689.05,12.96,4.54,Completed
1059,8104,9670,6308,4546,2025-01-31 04:11:34,2025-01-31 04:50:34,UberBlack,339.99,4.57,4.91,Completed
1060,9645,5505,1947,4828,2025-07-11 00:35:40,2025-07-11 00:54:40,UberX,182.4,16.11,4.56,Completed
1061,6258,5702,994,5638,2024-06-19 14:48:01,2024-06-19 14:57:01,UberX,433.81,11.02,3.56,Completed
1062,8472,7317,35,8623,2024-12-06 18:24:54,2024-12-06 19:00:54,UberX,738.85,7.46,4.94,Completed
1063,3195,7170,2451,4345,2025-01-31 18:47:32,2025-01-31 19:01:32,UberBlack,729.66,19.85,4.2,Completed
1064,5999,6980,9318,6129,2024-05-10 19:02:15,2024-05-10 19:44:15,UberPool,190.1,1.49,4.59,Completed
1065,9444,7770,2575,9853,2024-01-17 00:24:06,2024-01-17 00:29:06,UberBlack,574.79,9.18,4.36,Completed
1066,1224,8789,1139,7169,2025-06-28 02:26:11,2025-06-28 02:40:11,UberBlack,735.63,19.78,4.22,Completed
1067,1210,6990,6274,8015,2025-08-03 18:13:59,2025-08-03 18:23:59,UberBlack,339.68,10.03,4.73,Completed
1068,4803,2340,1299,621,2023-10-19 09:10:48,2023-10-19 09:25:48,UberX,363.37,1.31,3.81,Completed
1069,294,3082,9482,1420,2023-12-18 23:27:29,2023-12-18 23:51:29,UberBlack,582.07,3.32,4.37,Completed
1070,1127,4158,5399,4062,2025-01-26 00:04:49,2025-01-26 00:14:49,UberBlack,557.99,17.74,4.39,Completed
1071,3790,7802,1306,3775,2024-12-30 01:25:29,2024-12-30 02:07:29,UberBlack,396.99,11.28,4.21,Completed
1072,7651,7296,1194,3447,2024-10-07 07:49:58,2024-10-07 07:56:58,UberX,276.99,10.64,4.51,Completed
1073,9636,383,113,231,2024-12-21 00:00:13,2024-12-21 00:35:13,UberBlack,660.04,9.72,4.14,Completed
1074,7576,7446,565,9934,2024-05-18 02:55:54,2024-05-18 03:29:54,UberPool,447.4,3.83,3.87,No Show
1075,1119,9604,3084,8577,2024-05-21 22:00:42,2024-05-21 22:25:42,UberX,688.68,5.29,4.79,Completed
1076,4124,4281,8801,5491,2025-07-14 21:58:01,2025-07-14 22:10:01,UberPool,646.36,5.8,4.92,Completed
1077,4265,3391,4187,680,2023-12-16 14:15:23,2023-12-16 14:31:23,UberBlack,329.75,13.4,4.93,Completed
1078,141,1000,8611,8602,2024-07-19 16:37:11,2024-07-19 17:20:11,UberX,164.17,9.43,4.99,Cancelled
1079,4494,7333,8773,5327,2024-11-13 11:38:43,2024-11-13 11:58:43,UberBlack,110.15,16.87,4.68,Cancelled
1080,7176,9744,4710,6503,2025-07-30 22:23:45,2025-07-30 22:28:45,UberPool,469.34,13.93,4.74,Completed
1081,8183,8123,8167,5417,2025-05-08 19:23:25,2025-05-08 19:43:25,UberBlack,759.48,3.25,4.17,Completed
1082,6085,3687,3111,2120,2025-06-02 20:15:50,2025-06-02 20:37:50,UberX,403.68,16.35,4.57,Completed
1083,7090,1890,2477,1871,2024-11-15 00:58:03,2024-11-15 01:41:03,UberPool,440.16,5.85,5.0,Completed
1084,1523,3318,6866,9172,2025-03-20 10:36:32,2025-03-20 10:46:32,UberBlack,654.87,7.55,4.51,Completed
1085,296,1826,8086,773,2024-01-07 03:51:40,2024-01-07 04:36:40,UberPool,253.18,7.48,4.4,Completed
1086,2969,9416,3912,410,2024-05-28 12:53:13,2024-05-28 13:22:13,UberPool,571.04,2.24,4.7,Completed
1087,7938,1816,4452,8481,2024-06-07 00:31:52,2024-06-07 00:54:52,UberPool,172.96,4.07,4.79,Completed
1088,2019,7497,9823,3572,2023-12-24 01:43:08,2023-12-24 01:51:08,UberBlack,337.04,16.22,4.74,Completed
1089,9513,3274,401,8668,2024-04-29 09:19:28,2024-04-29 09:54:28,UberPool,314.52,11.14,4.35,Completed
1090,3385,4471,5398,9871,2024-03-27 09:26:42,2024-03-27 09:54:42,UberX,736.78,5.48,3.84,Cancelled
1091,9818,6591,6107,4398,2024-08-30 22:53:26,2024-08-30 23:10:26,UberX,150.04,6.24,4.35,Completed
1092,6945,1961,8132,9038,2024-12-20 12:21:18,2024-12-20 12:59:18,UberBlack,644.04,18.65,4.72,Completed
1093,901,2581,5047,3769,2025-01-02 11:20:17,2025-01-02 12:01:17,UberX,797.86,10.54,4.32,Completed
1094,1872,7540,6160,6971,2025-06-26 06:50:51,2025-06-26 07:15:51,UberPool,362.19,7.83,3.83,Completed
1095,8581,2665,4274,304,2024-12-18 21:43:13,2024-12-18 22:01:13,UberPool,758.27,9.22,4.4,Completed
1096,4366,6038,5018,8,2023-08-09 12:43:37,2023-08-09 13:14:37,UberBlack,344.79,12.24,3.95,Completed
1097,8498,2655,3094,6503,2023-11-03 10:30:33,2023-11-03 11:12:33,UberBlack,224.16,19.03,3.55,Completed
1098,8077,8833,2865,1858,2024-12-06 23:33:31,2024-12-06 23:50:31,UberBlack,475.79,4.59,3.53,Completed
1099,5837,485,7014,5595,2025-01-21 05:31:20,2025-01-21 06:04:20,UberX,714.63,13.65,4.31,Completed
1100,790,6583,1249,8931,2023-09-17 04:11:17,2023-09-17 04:43:17,UberX,102.4,17.8,3.87,Completed
1101,4443,6991,971,6769,2024-01-29 05:53:13,2024-01-29 06:35:13,UberBlack,299.47,1.61,4.95,Completed
1102,8446,1196,5086,761,2025-03-04 22:41:06,2025-03-04 23:04:06,UberPool,533.06,5.58,3.55,Completed
1103,8696,8360,4948,9621,2023-10-10 02:43:09,2023-10-10 03:17:09,UberX,673.58,8.37,3.77,No Show
1104,5850,5126,6659,3663,2024-07-25 05:10:40,2024-07-25 05:29:40,UberBlack,366.78,1.09,4.72,Completed
1105,2434,5473,1520,8157,2025-01-18 17:46:14,2025-01-18 18:31:14,UberX,480.3,19.99,3.66,Cancelled
1106,8787,2870,9404,1138,2024-02-16 23:36:36,2024-02-16 23:56:36,UberBlack,70.51,7.13,3.53,Completed
1107,281,9975,5762,8536,2024-12-26 06:55:52,2024-12-26 07:05:52,UberBlack,248.94,11.92,4.5,Completed
1108,2334,6127,3985,3555,2024-08-30 02:27:56,2024-08-30 02:34:56,UberPool,493.06,11.96,4.87,No Show
1109,8498,6516,8629,5518,2025-07-11 18:36:23,2025-07-11 18:58:23,UberBlack,198.11,8.32,4.79,Completed
1110,2561,8238,5312,4239,2024-08-20 01:16:47,2024-08-20 01:46:47,UberPool,679.63,4.95,3.83,Completed
1111,106,3656,4464,7477,2023-08-28 03:26:13,2023-08-28 03:37:13,UberPool,335.86,16.43,3.73,Completed
1112,6036,2898,4055,766,2024-03-13 10:54:32,2024-03-13 11:06:32,UberBlack,731.62,11.0,4.44,Completed
1113,180,4707,64,1780,2023-10-17 08:05:17,2023-10-17 08:15:17,UberPool,152.04,3.55,4.23,Completed
1114,8802,1635,8111,4785,2025-04-08 06:35:09,2025-04-08 06:46:09,UberPool,277.52,8.91,4.13,Completed
1115,8145,711,610,4272,2024-09-17 22:13:23,2024-09-17 22:33:23,UberPool,530.18,4.71,4.89,Completed
1116,4196,1282,3867,6124,2025-01-11 03:13:06,2025-01-11 03:33:06,UberPool,695.03,15.1,4.14,Completed
1117,8806,2470,4924,7508,2024-07-31 12:59:26,2024-07-31 13:29:26,UberX,340.25,12.62,3.96,Cancelled
1118,19,9434,9430,1495,2025-07-15 17:33:38,2025-07-15 17:47:38,UberBlack,335.45,5.3,4.33,Completed
1119,1626,4860,8915,6076,2025-02-25 03:55:03,2025-02-25 04:39:03,UberPool,668.73,2.08,3.97,Completed
1120,6681,9899,5492,7123,2024-07-11 23:03:36,2024-07-11 23:08:36,UberPool,464.06,11.7,3.91,Completed
1121,6266,5138,9275,7649,2024-10-02 02:36:59,2024-10-02 03:10:59,UberPool,320.42,18.37,4.64,Completed
1122,275,4761,744,1342,2025-05-30 01:47:23,2025-05-30 02:12:23,UberBlack,150.13,1.5,3.94,Completed
1123,404,5819,7909,7053,2024-05-27 16:01:37,2024-05-27 16:16:37,UberPool,495.18,4.24,3.65,Completed
1124,2273,7421,3039,691,2024-02-12 15:37:14,2024-02-12 16:19:14,UberPool,275.42,4.31,3.54,Cancelled
1125,1441,4850,9813,8972,2025-04-09 05:50:45,2025-04-09 06:18:45,UberBlack,397.42,10.73,3.82,Completed
1126,7403,3901,2443,3407,2023-08-19 18:26:37,2023-08-19 18:33:37,UberPool,588.13,5.29,4.24,Completed
1127,1168,6315,8211,7285,2024-07-24 08:40:01,2024-07-24 09:14:01,UberPool,240.54,10.77,4.77,Completed
1128,2667,5916,5259,8742,2024-08-27 22:56:06,2024-08-27 23:21:06,UberPool,701.19,7.15,4.61,Completed
1129,5167,1916,4428,1727,2023-09-25 00:09:26,2023-09-25 00:32:26,UberX,236.11,6.49,4.32,Completed
1130,3882,4693,38,8857,2024-09-15 10:48:58,2024-09-15 11:25:58,UberPool,270.63,14.88,4.14,Completed
1131,4904,1895,4920,2527,2023-08-26 12:40:58,2023-08-26 13:08:58,UberBlack,609.85,1.95,4.8,Completed
1132,4084,3171,8141,5439,2024-05-28 15:53:17,2024-05-28 16:29:17,UberX,480.48,2.92,4.93,No Show
1133,8994,8625,17,7013,2024-04-28 12:12:54,2024-04-28 12:29:54,UberBlack,479.61,6.48,3.91,Completed
1134,2969,5243,9881,6373,2024-11-03 00:38:15,2024-11-03 01:05:15,UberX,229.2,17.08,4.88,Completed
1135,1057,8174,9966,9057,2024-07-24 15:26:49,2024-07-24 15:53:49,UberPool,760.38,11.42,4.86,Completed
1136,8654,1556,3886,4530,2024-01-31 06:49:05,2024-01-31 07:13:05,UberX,799.27,9.7,4.04,Completed
1137,2096,852,4521,2907,2024-01-22 00:45:21,2024-01-22 01:27:21,UberX,304.67,12.96,4.14,Completed
1138,3679,8873,4902,582,2024-12-05 15:02:45,2024-12-05 15:16:45,UberX,707.24,1.55,4.02,Completed
1139,692,8454,4714,6373,2024-09-19 21:45:58,2024-09-19 21:51:58,UberX,345.96,18.23,4.45,Completed
1140,6824,6847,7161,3234,2025-03-22 08:14:04,2025-03-22 08:38:04,UberPool,502.57,8.14,3.58,Completed
1141,7462,8001,3116,9421,2023-10-15 06:56:34,2023-10-15 07:03:34,UberPool,245.71,13.12,3.79,No Show
1142,3136,3643,1321,9840,2024-03-26 13:58:18,2024-03-26 14:43:18,UberX,791.67,2.4,3.73,Completed
1143,9146,759,2038,1926,2024-12-30 13:15:06,2024-12-30 13:22:06,UberPool,212.67,9.95,4.89,No Show
1144,413,8943,551,7310,2025-04-23 18:19:05,2025-04-23 18:55:05,UberBlack,636.88,12.43,4.73,Completed
1145,6699,9329,9044,7421,2024-02-07 03:39:59,2024-02-07 03:44:59,UberPool,570.19,17.38,4.91,Completed
1146,4904,8257,3276,3216,2024-04-07 15:23:35,2024-04-07 15:33:35,UberX,375.16,12.35,3.82,Cancelled
1147,2955,1035,8035,2299,2025-07-08 15:10:53,2025-07-08 15:33:53,UberX,504.77,3.05,4.87,Completed
1148,3244,4991,9764,3772,2024-12-28 14:14:36,2024-12-28 14:36:36,UberBlack,332.45,10.82,4.28,Completed
1149,8498,3991,4619,4066,2025-02-19 09:55:10,2025-02-19 10:37:10,UberX,287.42,17.29,3.77,Completed
1150,190,8423,1481,5510,2024-11-10 00:52:24,2024-11-10 01:11:24,UberPool,549.61,10.9,4.36,Completed
1151,579,308,3351,2990,2024-07-20 19:18:48,2024-07-20 19:37:48,UberX,76.47,3.12,4.58,Completed
1152,6636,8755,992,1811,2024-01-08 17:58:20,2024-01-08 18:34:20,UberPool,221.84,7.14,4.05,Completed
1153,1603,5634,8912,1507,2025-01-27 17:52:48,2025-01-27 18:26:48,UberPool,686.24,18.78,3.64,Completed
1154,2304,6776,4848,5009,2025-02-09 09:47:29,2025-02-09 10:06:29,UberPool,358.92,15.48,3.5,Completed
1155,1474,1417,261,8213,2024-01-11 07:12:43,2024-01-11 07:19:43,UberX,90.02,13.24,4.09,Completed
1156,3313,1647,5270,9651,2024-04-30 07:38:00,2024-04-30 08:13:00,UberBlack,243.99,12.26,4.92,Completed
1157,2482,6053,8056,5551,2025-07-23 12:54:35,2025-07-23 13:12:35,UberPool,117.67,15.33,4.9,Completed
1158,7328,3786,2866,5868,2025-02-25 12:46:05,2025-02-25 13:17:05,UberX,308.05,17.99,4.24,No Show
1159,5043,3164,8957,9066,2023-10-08 02:21:45,2023-10-08 03:04:45,UberX,105.64,1.48,4.75,Completed
1160,2748,415,4109,2900,2023-10-06 20:21:15,2023-10-06 20:27:15,UberX,735.29,16.27,4.17,Completed
1161,6471,466,6519,2177,2024-04-27 06:54:34,2024-04-27 07:22:34,UberPool,552.35,19.55,4.21,Completed
1162,1872,4878,1592,2119,2024-05-15 20:58:15,2024-05-15 21:35:15,UberPool,282.98,4.32,4.23,Completed
1163,4172,7883,2434,1275,2025-04-18 17:44:16,2025-04-18 18:28:16,UberBlack,242.16,15.09,3.93,Cancelled
1164,9263,9076,1414,3320,2023-11-28 12:14:56,2023-11-28 12:46:56,UberPool,409.91,2.33,4.13,No Show
1165,8303,9626,9285,9819,2024-02-18 19:39:27,2024-02-18 19:48:27,UberPool,524.62,17.59,4.53,Completed
1166,7501,2016,9740,5056,2023-10-13 04:42:45,2023-10-13 04:52:45,UberBlack,279.86,18.39,4.02,Completed
1167,3437,3896,3207,754,2024-05-02 00:31:01,2024-05-02 01:14:01,UberPool,741.74,1.88,4.78,Completed
1168,2774,4481,9707,8957,2025-02-22 03:04:36,2025-02-22 03:32:36,UberPool,612.09,2.13,4.42,Completed
1169,4550,3792,5016,5011,2024-08-14 04:40:22,2024-08-14 05:09:22,UberBlack,709.23,6.6,3.89,Completed
1170,5559,7017,9301,1987,2024-07-16 12:10:33,2024-07-16 12:30:33,UberX,123.95,2.34,4.67,Completed
1171,1260,2728,8703,1529,2024-11-11 09:10:42,2024-11-11 09:37:42,UberBlack,712.41,7.75,4.31,Completed
1172,7069,3222,9190,8631,2023-12-14 15:05:27,2023-12-14 15:36:27,UberBlack,338.15,13.49,4.97,Completed
1173,6140,3865,1657,1172,2024-12-13 17:33:28,2024-12-13 17:53:28,UberPool,542.45,14.5,3.76,Completed
1174,4704,9403,5925,7367,2024-04-16 20:16:03,2024-04-16 20:22:03,UberPool,206.77,8.64,4.49,Completed
1175,3502,1366,2595,4558,2024-09-29 15:54:19,2024-09-29 16:29:19,UberPool,90.39,4.57,4.27,Completed
1176,2964,4544,3651,7192,2024-12-05 14:46:31,2024-12-05 15:13:31,UberPool,378.67,14.46,4.52,No Show
1177,2065,6084,7236,3798,2025-02-04 09:45:30,2025-02-04 10:02:30,UberPool,53.8,7.44,4.98,Completed
1178,6528,7374,6044,7352,2024-04-07 09:50:58,2024-04-07 10:28:58,UberPool,117.78,15.0,3.61,Completed
1179,5522,5752,1524,7186,2024-01-20 10:28:50,2024-01-20 10:42:50,UberPool,637.35,5.76,3.61,Completed
1180,1912,853,7868,1525,2025-07-26 16:55:32,2025-07-26 17:19:32,UberX,753.72,17.72,3.76,Completed
1181,4664,9925,5418,3284,2025-05-06 18:58:10,2025-05-06 19:09:10,UberBlack,473.18,16.31,3.62,Completed
1182,1655,4741,8966,256,2023-08-25 06:08:10,2023-08-25 06:34:10,UberX,251.06,1.53,3.99,Completed
1183,9942,239,4477,2614,2025-07-14 07:18:21,2025-07-14 07:24:21,UberPool,635.9,15.46,4.1,Completed
1184,622,9675,7587,9684,2024-10-24 02:27:09,2024-10-24 03:06:09,UberPool,645.2,7.25,4.36,Completed
1185,1788,1605,9110,8186,2025-05-05 14:47:32,2025-05-05 14:53:32,UberBlack,782.36,18.54,4.19,Completed
1186,7437,5431,4275,9578,2025-07-22 01:35:35,2025-07-22 01:47:35,UberPool,366.7,2.28,4.82,Completed
1187,9444,800,8618,7048,2025-04-25 15:11:44,2025-04-25 15:43:44,UberBlack,419.2,11.16,3.68,Completed
1188,369,2915,3299,9121,2025-04-28 03:07:10,2025-04-28 03:35:10,UberBlack,159.47,7.95,4.42,Completed
1189,5544,1035,4726,1367,2023-11-23 23:57:08,2023-11-24 00:25:08,UberPool,755.13,10.77,4.38,Completed
1190,8941,1683,9063,1494,2023-12-10 02:01:29,2023-12-10 02:11:29,UberPool,335.39,19.7,4.3,Completed
1191,940,8336,9167,5250,2024-07-09 07:24:17,2024-07-09 07:36:17,UberBlack,573.26,18.01,4.8,Completed
1192,1692,7408,6237,9361,2025-08-04 22:14:59,2025-08-04 22:39:59,UberX,267.82,4.65,4.98,No Show
1193,3022,4696,6308,9179,2025-06-19 16:07:32,2025-06-19 16:24:32,UberBlack,509.77,8.27,4.43,Completed
1194,5823,3610,7602,359,2024-05-26 05:26:36,2024-05-26 05:33:36,UberBlack,129.74,19.6,4.02,Completed
1195,4447,2770,1017,2854,2024-05-14 22:19:20,2024-05-14 22:38:20,UberPool,439.38,16.36,4.3,Completed
1196,733,3123,3327,8803,2024-12-15 12:10:25,2024-12-15 12:22:25,UberBlack,726.65,9.84,4.92,Completed
1197,9423,46,6491,3015,2024-09-11 01:00:35,2024-09-11 01:32:35,UberBlack,158.16,19.26,3.73,Completed
1198,5887,9270,3327,7245,2023-11-14 17:05:51,2023-11-14 17:37:51,UberX,176.11,14.76,4.32,Completed
1199,7379,2963,2121,7200,2025-03-09 11:21:52,2025-03-09 11:34:52,UberX,648.01,9.22,4.19,No Show
1200,230,9525,5961,9460,2025-08-04 22:11:21,2025-08-04 22:47:21,UberX,210.42,5.57,3.99,Completed
1201,6201,4165,996,8301,2024-12-08 23:35:01,2024-12-09 00:13:01,UberBlack,202.81,8.61,4.73,Completed
1202,2070,8409,7244,846,2024-12-22 08:58:19,2024-12-22 09:20:19,UberBlack,757.36,8.98,3.72,Completed
1203,1437,7229,9574,1152,2024-02-04 18:18:08,2024-02-04 18:50:08,UberX,730.77,9.59,4.42,Completed
1204,590,485,4414,7331,2025-07-02 23:53:30,2025-07-03 00:07:30,UberBlack,51.15,14.86,4.91,Completed
1205,3487,2779,9475,7254,2024-12-28 10:19:30,2024-12-28 11:00:30,UberPool,739.23,1.05,4.34,Cancelled
1206,652,7713,1133,5178,2025-07-11 11:46:44,2025-07-11 12:01:44,UberPool,720.04,14.04,4.98,Completed
1207,734,1375,2070,9397,2025-05-25 14:48:19,2025-05-25 15:06:19,UberX,658.44,1.41,3.82,Completed
1208,579,4333,583,9645,2024-08-30 14:37:02,2024-08-30 14:53:02,UberPool,799.24,16.64,4.5,Completed
1209,380,8084,9654,8437,2023-11-01 13:22:32,2023-11-01 13:40:32,UberBlack,130.9,17.23,4.92,Completed
1210,3066,4563,481,7487,2025-06-23 00:47:34,2025-06-23 00:58:34,UberBlack,276.33,15.87,4.46,Cancelled
1211,5038,5392,5657,409,2025-03-15 05:29:47,2025-03-15 06:09:47,UberPool,149.01,13.1,4.53,Completed
1212,8551,6402,6042,9083,2024-02-29 23:33:31,2024-02-29 23:44:31,UberPool,496.19,6.32,4.33,Completed
1213,6913,4889,7199,4232,2024-03-14 01:01:34,2024-03-14 01:40:34,UberX,710.05,4.61,4.69,Completed
1214,2694,4141,5484,137,2025-03-24 07:19:03,2025-03-24 07:43:03,UberPool,355.67,2.78,4.54,Completed
1215,4810,7863,2273,6339,2024-11-10 08:08:40,2024-11-10 08:36:40,UberBlack,661.22,11.35,4.7,Cancelled
1216,7209,6574,1391,2460,2023-12-31 17:08:12,2023-12-31 17:30:12,UberX,308.72,2.33,4.5,Completed
1217,4440,2560,1880,9086,2023-12-26 18:45:00,2023-12-26 18:56:00,UberPool,125.92,2.0,4.1,Completed
1218,9585,394,6551,2671,2024-10-08 00:06:18,2024-10-08 00:37:18,UberX,600.35,8.16,3.91,Completed
1219,2574,319,773,6221,2024-11-16 12:54:14,2024-11-16 13:11:14,UberPool,102.07,2.29,3.55,Completed
1220,4222,4600,3513,2983,2025-04-03 07:30:14,2025-04-03 08:12:14,UberPool,317.97,1.08,4.02,Completed
1221,6499,8667,4676,2426,2024-04-30 23:26:46,2024-05-01 00:07:46,UberBlack,656.35,3.34,4.89,Completed
1222,7595,4539,2253,8063,2024-04-25 01:57:41,2024-04-25 02:15:41,UberBlack,101.22,11.82,3.56,Cancelled
1223,4381,5054,6379,2329,2024-07-20 10:17:28,2024-07-20 10:23:28,UberPool,208.08,18.69,4.6,Completed
1224,1299,9427,7150,7814,2024-11-15 09:39:36,2024-11-15 09:56:36,UberX,261.18,17.21,3.61,Completed
1225,1668,1444,4562,406,2023-11-02 00:45:25,2023-11-02 01:19:25,UberX,542.08,17.41,4.95,Completed
1226,9817,5120,2161,9716,2024-09-09 09:38:10,2024-09-09 09:43:10,UberX,420.96,10.83,3.83,Completed
1227,7664,2850,1877,3608,2025-01-10 03:12:24,2025-01-10 03:33:24,UberPool,157.23,2.08,4.5,Completed
1228,2229,9281,2101,2095,2023-09-18 11:53:54,2023-09-18 12:18:54,UberX,571.42,9.0,4.83,Completed
1229,4597,467,8209,9362,2024-04-17 18:51:24,2024-04-17 19:19:24,UberPool,666.83,3.23,3.83,Completed
1230,7115,5920,5043,6689,2023-12-30 10:58:37,2023-12-30 11:28:37,UberPool,213.65,2.51,4.25,Completed
1231,744,2248,6319,3398,2025-03-08 16:26:01,2025-03-08 16:46:01,UberPool,315.4,7.78,4.37,Completed
1232,9818,4470,7661,5169,2024-01-11 15:27:18,2024-01-11 15:57:18,UberPool,395.44,6.33,4.49,Completed
1233,7315,6406,4188,9422,2024-08-06 08:16:55,2024-08-06 08:26:55,UberBlack,214.81,10.7,4.09,Completed
1234,182,4562,3482,2721,2025-02-22 11:11:59,2025-02-22 11:35:59,UberX,634.07,3.1,4.99,Completed
1235,3250,5751,2225,4649,2025-04-15 11:58:07,2025-04-15 12:21:07,UberX,568.39,3.28,4.1,Completed
1236,9399,4642,8417,3140,2025-03-20 07:26:22,2025-03-20 07:51:22,UberX,758.26,16.9,4.0,Completed
1237,3119,9142,6922,5993,2024-10-14 10:58:43,2024-10-14 11:07:43,UberPool,622.7,12.04,3.98,Completed
1238,3711,8767,7886,6763,2025-03-17 15:12:21,2025-03-17 15:39:21,UberPool,203.38,11.96,3.55,Completed
1239,3543,8799,4187,1495,2024-04-06 00:16:04,2024-04-06 00:22:04,UberPool,457.19,7.8,4.95,Completed
1240,3452,936,5300,4463,2024-12-20 22:17:54,2024-12-20 22:45:54,UberPool,134.2,19.57,3.56,Completed
1241,4902,9928,2872,2446,2023-11-02 17:30:06,2023-11-02 17:37:06,UberBlack,548.95,7.32,3.98,Cancelled
1242,2410,1585,1586,5897,2025-05-24 13:41:03,2025-05-24 14:07:03,UberPool,732.82,11.92,4.77,Completed
1243,2817,9313,4391,1149,2025-04-27 23:33:15,2025-04-28 00:16:15,UberX,570.88,9.23,4.01,Cancelled
1244,6283,3561,755,1935,2023-12-13 21:25:26,2023-12-13 22:04:26,UberBlack,114.7,9.94,3.5,Completed
1245,4092,710,2477,5819,2023-12-02 06:07:14,2023-12-02 06:24:14,UberPool,452.97,2.35,3.93,No Show
1246,7791,1932,9496,2557,2023-12-17 07:44:55,2023-12-17 07:53:55,UberPool,540.74,2.39,4.75,No Show
1247,1084,1925,1631,4822,2025-02-21 13:52:09,2025-02-21 14:23:09,UberX,464.78,8.21,3.68,Completed
1248,2821,247,2001,6143,2024-10-22 22:47:28,2024-10-22 23:05:28,UberPool,458.8,7.65,4.8,Completed
1249,9842,9555,6509,7560,2024-05-15 09:50:05,2024-05-15 10:09:05,UberBlack,116.01,3.04,3.68,Completed
1250,3024,1177,5085,3242,2024-12-10 22:25:56,2024-12-10 22:46:56,UberPool,581.32,8.21,4.08,Completed
1251,3284,1763,6180,2922,2024-11-28 08:18:21,2024-11-28 08:28:21,UberBlack,300.96,6.24,4.79,Completed
1252,35,6227,1260,4775,2024-01-21 01:56:57,2024-01-21 02:27:57,UberBlack,595.88,3.49,4.01,No Show
1253,9791,4500,9141,4611,2025-04-10 05:19:56,2025-04-10 05:40:56,UberPool,750.5,5.18,3.8,Cancelled
1254,7947,462,4854,8450,2024-04-21 17:21:03,2024-04-21 17:32:03,UberBlack,741.07,4.59,3.85,No Show
1255,7112,3983,4511,1033,2024-12-21 10:34:01,2024-12-21 11:07:01,UberBlack,312.61,1.56,3.5,Completed
1256,6062,6260,8771,2326,2024-07-05 09:35:53,2024-07-05 10:01:53,UberPool,768.95,10.7,3.86,Completed
1257,1494,6105,2309,3256,2024-03-03 15:22:15,2024-03-03 15:48:15,UberPool,625.46,12.59,4.88,Completed
1258,703,3398,9772,1014,2024-06-21 08:35:08,2024-06-21 09:10:08,UberBlack,699.3,5.75,4.52,Completed
1259,4085,6259,6337,6981,2023-09-22 02:46:11,2023-09-22 03:16:11,UberX,381.49,18.34,3.82,Completed
1260,2927,6523,8505,6497,2023-08-15 20:52:12,2023-08-15 21:12:12,UberBlack,203.19,9.72,3.96,Completed
1261,2975,1253,1369,4708,2025-05-12 18:48:08,2025-05-12 19:05:08,UberPool,685.78,12.55,4.7,Completed
1262,9371,3729,4253,2641,2024-05-10 18:31:05,2024-05-10 19:04:05,UberBlack,789.23,16.71,4.66,Cancelled
1263,8428,8697,1973,5755,2024-07-06 21:59:26,2024-07-06 22:30:26,UberBlack,325.96,15.43,4.07,Completed
1264,9140,2887,7613,4614,2025-05-23 03:03:19,2025-05-23 03:27:19,UberX,395.23,8.31,4.31,Completed
1265,8239,5501,8561,2597,2023-11-01 14:21:59,2023-11-01 15:05:59,UberX,684.99,6.09,4.62,Cancelled
1266,5345,3795,728,6651,2024-03-19 13:50:30,2024-03-19 14:29:30,UberX,437.78,15.4,3.87,Completed
1267,421,6302,6423,2376,2023-10-13 13:19:55,2023-10-13 13:51:55,UberBlack,197.25,3.8,4.43,Completed
1268,4861,9581,7705,8230,2025-04-13 23:44:16,2025-04-14 00:19:16,UberPool,258.96,16.29,4.13,Completed
1269,3125,250,1996,8889,2025-06-21 01:33:01,2025-06-21 02:04:01,UberPool,428.29,7.85,3.77,Completed
1270,5095,9766,8458,1868,2025-03-31 13:18:42,2025-03-31 14:03:42,UberBlack,182.44,8.83,3.98,Cancelled
1271,2169,8455,7547,8118,2025-03-14 10:18:01,2025-03-14 10:30:01,UberBlack,474.47,7.6,3.62,Completed
1272,4309,9610,1813,3725,2023-09-10 21:23:12,2023-09-10 21:53:12,UberBlack,273.12,9.46,3.74,Completed
1273,8284,8854,4643,5088,2025-04-22 07:59:18,2025-04-22 08:06:18,UberX,600.41,16.15,4.17,Completed
1274,2892,9069,3262,1443,2024-02-28 21:49:39,2024-02-28 22:31:39,UberX,639.37,9.96,3.71,Completed
1275,2227,8913,8457,4235,2025-05-17 03:11:29,2025-05-17 03:32:29,UberX,736.35,19.1,4.96,Completed
1276,473,8257,4336,5917,2024-10-12 12:22:43,2024-10-12 12:47:43,UberX,508.87,19.55,4.89,Cancelled
1277,9301,9936,6105,1899,2024-08-31 05:40:06,2024-08-31 05:55:06,UberBlack,131.89,19.84,4.85,Completed
1278,7357,5046,6132,6943,2024-05-27 03:51:12,2024-05-27 04:10:12,UberX,343.65,17.19,3.83,Completed
1279,4966,402,7516,692,2024-09-01 23:10:13,2024-09-01 23:25:13,UberPool,194.63,15.51,4.48,Completed
1280,6241,385,8349,3035,2024-10-28 18:57:44,2024-10-28 19:09:44,UberX,599.54,1.14,4.89,No Show
1281,8485,5995,1964,3937,2024-06-10 22:04:30,2024-06-10 22:48:30,UberPool,522.22,19.74,4.43,Completed
1282,2986,7007,4325,6133,2024-04-28 02:17:30,2024-04-28 02:31:30,UberPool,248.48,7.88,4.35,Completed
1283,9777,5911,1039,9312,2024-07-10 15:08:42,2024-07-10 15:52:42,UberBlack,434.62,19.38,4.66,Completed
1284,9864,2791,2554,7191,2023-09-24 10:41:28,2023-09-24 11:16:28,UberX,640.03,7.93,4.38,Completed
1285,9218,5781,5238,5151,2025-01-18 09:07:17,2025-01-18 09:30:17,UberX,152.04,7.11,4.59,Completed
1286,2914,7321,9468,1813,2024-02-26 07:23:20,2024-02-26 07:39:20,UberBlack,500.3,14.09,4.52,Completed
1287,4088,3879,5998,3862,2024-06-26 07:03:13,2024-06-26 07:37:13,UberBlack,71.45,9.14,3.82,Completed
1288,1264,58,7217,1402,2025-07-01 23:37:48,2025-07-02 00:20:48,UberBlack,781.31,7.72,4.99,Cancelled
1289,7131,7727,3096,2173,2024-08-30 17:19:15,2024-08-30 18:02:15,UberBlack,712.91,16.78,4.09,Completed
1290,5734,1110,6933,7746,2024-03-06 06:21:56,2024-03-06 06:43:56,UberBlack,646.93,8.15,4.25,Completed
1291,3902,820,268,3484,2025-02-14 04:03:43,2025-02-14 04:34:43,UberBlack,344.88,9.12,4.56,Completed
1292,7546,8337,1910,7478,2025-01-03 12:09:20,2025-01-03 12:35:20,UberPool,751.21,18.25,3.53,Completed
1293,8734,1049,9039,6662,2024-08-21 11:21:37,2024-08-21 11:47:37,UberX,459.65,4.54,4.27,Completed
1294,7407,1959,2571,7572,2023-12-24 14:05:28,2023-12-24 14:27:28,UberX,714.98,1.2,4.82,Completed
1295,9224,6079,9126,2828,2024-08-30 23:28:11,2024-08-31 00:06:11,UberX,388.23,8.09,4.22,Completed
1296,9305,4410,7290,4228,2024-11-07 08:55:40,2024-11-07 09:21:40,UberX,61.32,12.47,3.57,Completed
1297,844,4210,7746,1177,2024-06-08 10:48:21,2024-06-08 11:33:21,UberPool,180.22,5.35,3.93,Completed
1298,5341,1542,5384,5479,2024-01-25 22:11:07,2024-01-25 22:27:07,UberPool,675.87,12.96,4.69,Cancelled
1299,3023,9136,882,1861,2023-08-06 09:56:34,2023-08-06 10:24:34,UberX,464.35,5.35,3.55,Completed
1300,9759,3742,5747,3123,2024-10-01 13:17:05,2024-10-01 13:29:05,UberPool,105.92,13.12,3.98,Completed
1301,5813,1961,2088,2407,2023-11-10 06:51:23,2023-11-10 07:09:23,UberX,247.17,16.8,4.33,Completed
1302,1275,7781,3553,8000,2023-11-13 10:25:36,2023-11-13 10:54:36,UberPool,337.35,1.23,4.81,Cancelled
1303,154,6228,7013,869,2025-03-06 23:34:52,2025-03-07 00:00:52,UberX,587.68,14.52,3.93,Completed
1304,8891,1385,3754,2917,2025-01-17 10:24:01,2025-01-17 11:04:01,UberX,597.52,16.73,4.62,Completed
1305,684,4589,7444,333,2025-01-12 19:58:58,2025-01-12 20:20:58,UberBlack,201.61,19.86,4.83,Completed
1306,3682,5250,1659,7447,2023-10-08 03:45:37,2023-10-08 04:02:37,UberPool,604.01,9.23,4.03,Completed
1307,2555,2546,4757,1315,2024-11-05 03:14:14,2024-11-05 03:23:14,UberPool,236.12,2.5,4.82,Completed
1308,2298,1661,6797,8998,2024-07-06 22:36:53,2024-07-06 23:17:53,UberPool,149.93,8.03,4.54,Completed
1309,7821,2872,3930,8795,2024-07-20 07:40:34,2024-07-20 07:58:34,UberBlack,687.16,13.35,4.42,Completed
1310,5328,8915,6683,441,2024-12-09 11:58:30,2024-12-09 12:29:30,UberBlack,776.95,6.1,4.63,Completed
1311,7277,4478,847,9947,2024-02-10 02:43:36,2024-02-10 03:01:36,UberBlack,708.62,8.12,4.35,Completed
1312,9299,5384,1700,2957,2024-12-06 20:09:14,2024-12-06 20:54:14,UberBlack,233.09,5.81,3.89,Completed
1313,4193,9936,3567,82,2024-11-18 19:11:14,2024-11-18 19:45:14,UberBlack,539.13,6.87,4.18,Completed
1314,4131,4301,9767,1016,2024-08-14 14:59:52,2024-08-14 15:14:52,UberX,656.81,2.11,4.72,Completed
1315,6420,5066,5405,519,2023-11-08 15:35:37,2023-11-08 15:49:37,UberX,467.12,16.95,5.0,Completed
1316,6792,7210,1104,518,2025-04-17 21:18:13,2025-04-17 21:55:13,UberBlack,104.53,14.53,4.31,Completed
1317,7837,3598,8652,902,2023-11-26 07:44:36,2023-11-26 07:56:36,UberPool,133.11,9.72,4.26,Completed
1318,4167,4542,4183,5177,2025-04-23 14:01:35,2025-04-23 14:20:35,UberBlack,631.01,3.55,4.11,Completed
1319,9255,1012,5437,1243,2024-12-05 15:55:52,2024-12-05 16:05:52,UberPool,55.68,7.88,4.53,Completed
1320,5828,6492,8608,2176,2024-05-26 15:43:52,2024-05-26 15:52:52,UberPool,354.95,2.68,4.71,Completed
1321,3,195,113,8735,2024-01-16 20:23:38,2024-01-16 21:00:38,UberBlack,456.62,13.4,4.88,Completed
1322,1812,4881,5052,3932,2024-08-12 16:12:22,2024-08-12 16:46:22,UberX,722.42,4.04,4.26,Completed
1323,9505,6948,3112,1281,2025-07-01 01:38:00,2025-07-01 02:00:00,UberPool,472.77,6.46,4.34,Completed
1324,3279,7990,2345,7593,2025-01-10 20:10:33,2025-01-10 20:41:33,UberBlack,696.26,17.17,4.39,No Show
1325,3904,655,7333,7728,2024-07-11 05:51:56,2024-07-11 06:24:56,UberX,235.3,1.18,3.76,Completed
1326,7534,3189,5217,9512,2023-12-26 11:23:46,2023-12-26 11:42:46,UberBlack,206.32,6.96,4.54,Completed
1327,4859,1068,9415,4491,2024-08-12 13:04:26,2024-08-12 13:11:26,UberPool,548.24,6.03,4.73,Cancelled
1328,2241,7658,3725,9628,2024-01-09 03:25:34,2024-01-09 03:59:34,UberBlack,629.44,11.19,3.62,Completed
1329,2400,8220,1578,770,2023-08-14 13:57:39,2023-08-14 14:30:39,UberBlack,333.34,1.61,4.5,Completed
1330,5228,5916,8772,7589,2025-04-27 10:20:40,2025-04-27 10:27:40,UberPool,238.81,5.24,4.16,Completed
1331,6760,9705,7840,4090,2024-12-19 03:16:18,2024-12-19 03:29:18,UberPool,680.05,12.16,4.07,Cancelled
1332,117,7879,2884,8976,2023-10-24 09:43:08,2023-10-24 10:28:08,UberPool,402.16,16.94,3.81,Completed
1333,1975,7377,2554,1899,2024-03-19 18:08:53,2024-03-19 18:38:53,UberBlack,689.28,19.44,4.85,Completed
1334,6391,9849,6326,8560,2023-08-29 16:04:16,2023-08-29 16:49:16,UberX,626.24,10.07,3.9,Completed
1335,4351,935,2788,6505,2024-09-13 00:01:53,2024-09-13 00:40:53,UberBlack,293.45,6.53,4.09,Completed
1336,8335,6509,8636,9411,2024-05-14 07:48:53,2024-05-14 08:14:53,UberBlack,753.07,12.56,4.81,No Show
1337,1310,1104,3760,3091,2023-08-27 17:23:36,2023-08-27 17:30:36,UberPool,740.87,3.4,4.22,Completed
1338,4915,3458,8717,5675,2024-12-20 23:27:27,2024-12-20 23:58:27,UberPool,238.82,15.21,3.92,Completed
1339,392,4218,5067,4771,2024-08-24 23:39:07,2024-08-24 23:50:07,UberX,353.54,2.74,4.59,Completed
1340,4735,6260,1561,7978,2023-09-05 19:47:46,2023-09-05 19:55:46,UberX,89.86,5.16,4.38,Completed
1341,4354,7147,2049,1914,2024-09-07 12:18:17,2024-09-07 12:31:17,UberX,611.41,9.09,4.81,Completed
1342,8252,6092,429,8772,2024-04-27 20:09:45,2024-04-27 20:34:45,UberX,364.09,15.3,4.59,Completed
1343,8208,1537,855,8206,2025-04-11 17:19:17,2025-04-11 17:56:17,UberPool,426.55,16.39,3.91,No Show
1344,5434,7734,3850,293,2023-10-08 20:07:33,2023-10-08 20:47:33,UberPool,755.36,17.55,3.72,Completed
1345,7026,9784,6415,7291,2024-07-24 16:43:48,2024-07-24 17:02:48,UberPool,259.16,17.91,4.28,No Show
1346,1063,7057,1464,5321,2024-06-14 12:55:11,2024-06-14 13:02:11,UberPool,83.61,15.98,3.98,Completed
1347,4788,1058,6372,5737,2024-07-15 06:31:49,2024-07-15 06:40:49,UberPool,377.51,15.97,4.38,No Show
1348,7313,2313,1068,9877,2024-04-25 15:47:50,2024-04-25 16:12:50,UberX,156.32,10.18,4.27,Completed
1349,7133,9574,8277,3938,2025-01-29 22:13:02,2025-01-29 22:48:02,UberX,155.24,19.97,4.66,Completed
1350,4260,5155,7580,1282,2023-10-06 07:01:40,2023-10-06 07:21:40,UberBlack,214.07,7.2,3.64,Completed
1351,3392,6583,4156,9083,2024-12-27 11:22:35,2024-12-27 11:32:35,UberX,221.09,6.77,4.95,Completed
1352,2388,6227,6095,6406,2025-01-04 20:53:26,2025-01-04 21:34:26,UberPool,136.31,5.67,4.62,Completed
1353,117,3903,5630,9120,2025-07-07 19:00:29,2025-07-07 19:10:29,UberPool,751.72,14.16,3.75,Completed
1354,7111,4595,6193,1514,2024-06-10 20:03:18,2024-06-10 20:09:18,UberX,679.5,9.26,4.53,Cancelled
1355,9406,1023,5695,8313,2023-10-04 22:09:30,2023-10-04 22:18:30,UberX,644.72,11.05,3.8,Completed
1356,7140,8849,5313,3162,2023-08-29 13:16:23,2023-08-29 13:48:23,UberX,793.17,6.68,3.53,Completed
1357,9232,1134,7858,9161,2023-11-12 15:37:20,2023-11-12 16:05:20,UberX,706.13,16.48,3.95,Completed
1358,1273,6239,2897,5561,2024-08-15 21:26:27,2024-08-15 21:35:27,UberBlack,263.68,13.54,4.58,Cancelled
1359,9900,8557,1304,2138,2024-12-13 03:20:09,2024-12-13 03:44:09,UberBlack,97.53,4.04,3.73,Completed
1360,3467,3914,8951,7450,2025-06-23 23:28:41,2025-06-23 23:46:41,UberBlack,62.89,8.34,4.69,Completed
1361,9666,8233,7273,9865,2024-07-13 02:25:53,2024-07-13 02:52:53,UberX,760.42,9.89,4.95,Completed
1362,1748,4847,355,9013,2024-10-28 06:00:56,2024-10-28 06:42:56,UberPool,693.02,3.62,4.22,No Show
1363,4472,5505,102,3163,2025-06-30 17:29:31,2025-06-30 18:05:31,UberBlack,338.95,6.68,3.62,No Show
1364,9735,398,8398,4169,2024-10-13 06:33:27,2024-10-13 06:58:27,UberBlack,320.76,18.43,4.73,Completed
1365,2109,4170,2771,8348,2025-05-22 18:16:53,2025-05-22 18:42:53,UberX,798.56,5.93,4.84,Completed
1366,2449,3352,5753,5166,2024-09-03 00:50:37,2024-09-03 01:28:37,UberX,630.65,5.47,4.6,Cancelled
1367,165,3511,5699,7006,2025-04-14 22:28:16,2025-04-14 22:39:16,UberBlack,655.34,18.12,3.66,Completed
1368,8131,3973,2289,3386,2024-04-26 02:35:36,2024-04-26 03:06:36,UberBlack,402.03,12.79,4.27,Completed
1369,3447,1984,6070,2883,2024-02-09 10:14:07,2024-02-09 10:28:07,UberX,107.3,2.46,4.27,Completed
1370,9051,9349,3540,801,2024-01-23 07:16:47,2024-01-23 07:53:47,UberBlack,411.55,5.05,3.83,Completed
1371,3070,994,8459,9908,2024-12-03 00:52:46,2024-12-03 01:02:46,UberBlack,522.71,11.68,4.99,Completed
1372,2644,357,293,8359,2024-11-06 11:07:33,2024-11-06 11:21:33,UberPool,471.42,13.49,4.5,Completed
1373,8992,1886,1954,4358,2024-07-06 23:19:19,2024-07-06 23:39:19,UberPool,202.95,18.53,4.47,No Show
1374,6986,8452,2937,8886,2023-10-15 00:57:58,2023-10-15 01:17:58,UberPool,712.33,10.6,4.34,Completed
1375,8641,8859,7405,7963,2024-11-21 23:25:43,2024-11-22 00:07:43,UberX,376.73,9.69,4.33,Completed
1376,4585,2924,4649,6861,2024-01-08 05:00:36,2024-01-08 05:21:36,UberX,255.03,13.47,4.9,Completed
1377,4460,6187,8426,4479,2025-01-18 15:57:42,2025-01-18 16:03:42,UberBlack,567.92,4.53,4.66,Completed
1378,9463,2351,663,7940,2025-04-17 00:25:46,2025-04-17 00:53:46,UberX,241.74,16.13,4.89,Cancelled
1379,9121,4329,9550,9052,2024-09-07 20:33:46,2024-09-07 20:40:46,UberPool,117.98,8.35,4.36,Completed
1380,6681,3417,3117,9942,2023-10-10 16:17:00,2023-10-10 16:28:00,UberBlack,301.9,8.44,4.65,Completed
1381,1810,8537,4476,886,2025-03-30 14:41:17,2025-03-30 15:01:17,UberBlack,676.17,17.16,4.83,No Show
1382,3986,5299,6904,7450,2023-09-08 10:08:26,2023-09-08 10:49:26,UberX,662.64,13.39,3.76,Completed
1383,4270,3580,5646,7290,2024-08-12 18:39:00,2024-08-12 18:47:00,UberX,430.1,2.36,4.21,No Show
1384,6262,9703,6685,1424,2024-10-05 09:32:43,2024-10-05 09:55:43,UberPool,279.43,8.39,4.28,Completed
1385,1002,9581,8596,9939,2025-02-23 12:51:57,2025-02-23 13:18:57,UberX,402.95,10.18,4.08,Completed
1386,2868,245,2733,3508,2023-11-24 14:38:13,2023-11-24 15:23:13,UberBlack,304.55,8.94,4.07,Completed
1387,5802,5459,2845,2913,2025-04-01 12:15:35,2025-04-01 12:57:35,UberPool,636.23,1.43,4.51,Completed
1388,292,7037,4446,8751,2024-09-06 11:17:48,2024-09-06 11:54:48,UberPool,658.83,11.14,4.55,Completed
1389,8763,1043,1792,8123,2024-02-10 06:25:28,2024-02-10 06:48:28,UberBlack,292.35,7.01,4.1,No Show
1390,3487,7004,7105,9805,2024-06-21 03:29:01,2024-06-21 03:34:01,UberBlack,526.49,12.04,4.21,Cancelled
1391,780,3824,3617,6947,2024-07-23 07:55:29,2024-07-23 08:22:29,UberBlack,774.62,17.35,3.55,Completed
1392,7253,6857,4109,3524,2024-11-17 08:07:20,2024-11-17 08:24:20,UberX,273.08,11.77,4.52,Completed
1393,5544,5511,487,1806,2024-06-24 21:17:00,2024-06-24 21:34:00,UberPool,204.95,17.42,5.0,Completed
1394,2235,7609,7977,4731,2025-01-30 11:26:34,2025-01-30 12:10:34,UberBlack,756.22,5.26,4.25,Completed
1395,4231,3831,332,2381,2025-02-01 09:54:30,2025-02-01 10:24:30,UberBlack,720.76,1.92,4.0,Completed
1396,2515,5226,6245,3401,2023-10-31 09:22:33,2023-10-31 09:37:33,UberX,206.02,1.87,4.55,Completed
1397,7787,5487,7762,8427,2025-06-04 20:09:42,2025-06-04 20:49:42,UberX,260.99,19.36,4.06,Completed
1398,1484,317,1480,8495,2023-11-21 13:53:00,2023-11-21 14:24:00,UberBlack,344.42,4.29,3.75,Completed
1399,763,4972,1304,8345,2025-02-23 03:18:22,2025-02-23 03:57:22,UberBlack,118.9,9.33,4.58,Completed
1400,9055,1717,1222,8243,2023-08-12 11:18:04,2023-08-12 11:31:04,UberBlack,397.38,7.76,4.85,Completed
1401,3144,1652,1803,9666,2025-04-16 17:19:53,2025-04-16 17:41:53,UberBlack,444.28,11.23,4.65,Completed
1402,4432,3597,3440,9768,2025-05-21 09:52:26,2025-05-21 10:13:26,UberPool,374.12,9.49,3.66,Completed
1403,6687,8616,8805,3227,2025-01-02 23:42:05,2025-01-03 00:07:05,UberPool,793.1,19.34,4.76,Completed
1404,1868,7455,5100,7327,2024-08-21 06:52:50,2024-08-21 07:08:50,UberBlack,386.23,15.14,4.39,Completed
1405,8884,9804,424,7245,2024-10-24 06:58:07,2024-10-24 07:07:07,UberX,146.04,9.06,4.27,Completed
1406,5460,1711,5810,4430,2024-05-12 09:04:45,2024-05-12 09:19:45,UberPool,673.06,5.66,4.53,Completed
1407,4450,339,1688,4104,2024-10-20 15:40:50,2024-10-20 16:06:50,UberBlack,737.99,11.13,4.12,Completed
1408,3163,4419,2472,3991,2024-08-21 05:08:47,2024-08-21 05:36:47,UberX,472.61,8.57,3.69,Completed
1409,5267,7316,5559,4261,2023-08-18 08:38:11,2023-08-18 09:15:11,UberX,264.5,6.37,3.6,Completed
1410,9463,9763,7968,9678,2024-12-01 13:14:02,2024-12-01 13:52:02,UberPool,438.55,8.74,3.51,Completed
1411,6935,6553,6397,7246,2025-06-24 20:23:50,2025-06-24 21:04:50,UberBlack,203.48,11.76,3.78,Cancelled
1412,6461,3212,526,8093,2024-01-02 18:29:54,2024-01-02 19:11:54,UberX,439.29,14.58,4.35,Completed
1413,9846,8717,2998,269,2023-12-06 23:17:37,2023-12-06 23:53:37,UberBlack,544.18,11.95,4.98,Cancelled
1414,8575,3961,1153,216,2023-10-25 23:30:00,2023-10-25 23:41:00,UberX,728.85,8.67,3.7,Completed
1415,1399,3154,9987,5478,2024-03-02 16:16:09,2024-03-02 16:30:09,UberBlack,586.59,8.19,4.66,Completed
1416,5281,4114,6737,3167,2023-11-01 07:51:23,2023-11-01 08:07:23,UberBlack,158.41,18.39,3.99,Completed
1417,7724,6192,8559,8530,2024-10-05 18:36:03,2024-10-05 18:59:03,UberBlack,425.64,17.01,4.74,Completed
1418,9477,6087,5427,4294,2025-04-04 17:30:20,2025-04-04 18:05:20,UberX,265.13,1.54,4.3,Completed
1419,3672,2412,4978,3619,2023-10-09 21:22:36,2023-10-09 21:55:36,UberX,699.19,19.4,4.8,Cancelled
1420,3130,4648,8247,8418,2025-01-10 19:54:55,2025-01-10 20:02:55,UberX,641.71,18.3,4.19,Cancelled
1421,9979,4459,2571,8773,2024-09-29 08:19:26,2024-09-29 08:59:26,UberX,699.89,15.87,4.69,Completed
1422,5196,6776,8056,3652,2024-03-21 22:17:41,2024-03-21 22:55:41,UberPool,565.33,5.44,4.2,Completed
1423,2868,1727,2475,196,2024-01-30 08:12:12,2024-01-30 08:48:12,UberPool,152.86,16.14,4.52,Completed
1424,5440,775,6296,91,2025-04-04 02:49:47,2025-04-04 03:05:47,UberX,735.89,6.11,4.48,Completed
1425,3902,1332,3126,7602,2025-03-16 19:58:26,2025-03-16 20:37:26,UberX,707.17,2.13,4.31,Completed
1426,4551,6601,2432,9378,2024-11-16 15:52:33,2024-11-16 16:11:33,UberPool,470.27,7.21,3.56,Completed
1427,2855,3121,121,622,2024-08-04 21:41:03,2024-08-04 22:19:03,UberX,150.04,16.22,3.95,Completed
1428,2045,9692,3604,648,2025-01-22 06:39:28,2025-01-22 07:24:28,UberX,337.62,1.0,4.06,Completed
1429,922,7879,4578,1986,2024-11-30 16:37:03,2024-11-30 17:19:03,UberPool,191.3,1.03,4.63,Completed
1430,6202,1571,1788,2030,2023-09-14 03:33:06,2023-09-14 04:10:06,UberX,152.37,6.46,3.84,Completed
1431,9468,2721,6107,1012,2023-10-17 11:33:47,2023-10-17 11:42:47,UberX,69.13,4.4,4.82,Completed
1432,3552,1929,9324,9465,2024-08-23 02:52:28,2024-08-23 03:37:28,UberBlack,561.37,11.26,4.89,Completed
1433,4651,1921,3058,8109,2025-02-10 22:25:17,2025-02-10 22:44:17,UberX,287.71,3.61,4.57,Completed
1434,6531,1340,1526,859,2024-03-13 01:18:14,2024-03-13 01:28:14,UberBlack,499.79,7.45,4.52,No Show
1435,5419,2,7855,8232,2025-05-01 11:04:25,2025-05-01 11:28:25,UberX,799.98,16.45,4.78,Completed
1436,4821,1396,4044,5304,2023-08-22 23:23:06,2023-08-22 23:35:06,UberBlack,583.77,13.31,4.53,Completed
1437,7763,9320,9936,8804,2024-02-11 06:58:16,2024-02-11 07:08:16,UberX,414.13,1.41,3.66,Completed
1438,1827,1640,5699,4528,2024-12-02 04:10:40,2024-12-02 04:28:40,UberPool,598.71,14.13,5.0,Completed
1439,1852,4775,21,4943,2025-06-07 16:56:57,2025-06-07 17:36:57,UberX,441.36,8.72,4.5,Completed
1440,483,2360,420,8964,2024-07-14 18:44:37,2024-07-14 19:01:37,UberBlack,523.91,10.4,4.15,Completed
1441,3329,9181,9993,7465,2023-12-26 13:57:09,2023-12-26 14:10:09,UberBlack,329.94,14.86,3.69,Completed
1442,6279,5159,5748,6751,2025-02-28 15:27:50,2025-02-28 16:01:50,UberX,514.14,17.73,4.14,Cancelled
1443,2363,1134,7601,5091,2023-12-28 01:39:43,2023-12-28 02:01:43,UberX,578.83,5.34,4.02,Completed
1444,5277,2085,3312,4065,2024-02-12 22:58:53,2024-02-12 23:13:53,UberBlack,282.12,12.08,4.71,Completed
1445,261,3260,6489,9112,2024-03-08 11:31:39,2024-03-08 12:03:39,UberBlack,699.97,9.98,4.33,Completed
1446,9435,1840,2998,996,2023-12-17 22:50:31,2023-12-17 23:03:31,UberX,664.42,11.32,4.02,Completed
1447,2348,243,6609,1513,2025-01-02 12:16:36,2025-01-02 12:48:36,UberBlack,698.0,13.48,3.98,Completed
1448,7151,5219,2130,2720,2024-12-26 02:47:25,2024-12-26 03:13:25,UberPool,647.98,10.85,4.43,Completed
1449,4779,231,5445,9992,2023-10-15 13:58:27,2023-10-15 14:37:27,UberPool,189.37,11.44,3.92,Completed
1450,5620,581,7120,4934,2025-07-23 04:09:29,2025-07-23 04:53:29,UberBlack,631.88,2.83,4.23,Completed
1451,6653,2805,9231,8409,2025-04-23 09:52:17,2025-04-23 10:03:17,UberX,285.21,5.23,4.93,Completed
1452,8965,3169,4879,3415,2024-04-09 14:22:31,2024-04-09 14:28:31,UberX,508.59,8.93,4.18,Completed
1453,3407,3252,1932,826,2024-03-26 13:05:53,2024-03-26 13:21:53,UberX,732.21,10.56,4.53,Completed
1454,6652,5911,4240,5539,2024-01-21 03:10:13,2024-01-21 03:54:13,UberX,442.7,5.91,3.58,Completed
1455,7248,5833,5841,5974,2024-09-30 05:40:58,2024-09-30 05:50:58,UberPool,487.95,15.19,4.55,Completed
1456,571,5634,4114,4861,2023-08-31 09:58:32,2023-08-31 10:43:32,UberBlack,548.11,19.65,4.34,Cancelled
1457,279,2257,9715,6096,2023-08-19 19:18:12,2023-08-19 19:40:12,UberPool,290.13,18.87,3.63,Completed
1458,1229,3466,1604,7418,2025-05-01 17:01:04,2025-05-01 17:42:04,UberBlack,690.06,6.58,3.9,Completed
1459,3900,8375,2305,9394,2024-07-25 00:19:36,2024-07-25 00:45:36,UberPool,550.4,19.81,3.94,Completed
1460,6817,9801,3598,58,2023-11-13 21:29:32,2023-11-13 21:51:32,UberPool,511.35,16.65,4.01,Completed
1461,7322,4981,8708,6224,2025-04-11 08:09:22,2025-04-11 08:32:22,UberPool,100.36,4.75,4.33,Completed
1462,204,1000,5512,9236,2025-06-26 11:47:24,2025-06-26 12:02:24,UberX,310.8,2.99,4.81,Completed
1463,6323,4623,2609,4009,2025-01-06 00:37:18,2025-01-06 00:48:18,UberPool,771.22,19.59,4.06,Completed
1464,6489,6004,3650,6980,2025-04-28 21:09:13,2025-04-28 21:28:13,UberBlack,50.34,6.61,4.52,Completed
1465,9528,5225,665,1292,2025-05-04 23:30:36,2025-05-04 23:57:36,UberPool,347.33,1.24,4.5,Completed
1466,6706,5371,9289,4682,2024-10-20 12:08:51,2024-10-20 12:18:51,UberPool,248.48,19.54,4.86,No Show
1467,2419,5552,8265,3198,2023-11-22 16:26:44,2023-11-22 17:10:44,UberX,337.32,8.0,4.21,Completed
1468,6536,1620,2008,6937,2024-01-15 07:44:41,2024-01-15 08:12:41,UberPool,362.13,15.27,4.85,Completed
1469,6618,239,3484,3992,2024-06-27 20:28:13,2024-06-27 20:57:13,UberBlack,318.17,8.45,4.17,Completed
1470,9375,6829,6698,7530,2024-05-03 04:31:09,2024-05-03 05:12:09,UberX,342.61,12.7,4.95,Completed
1471,6762,9570,2529,3713,2025-01-27 07:54:06,2025-01-27 08:18:06,UberPool,262.54,12.41,3.76,Cancelled
1472,5680,1322,6809,3042,2025-07-04 20:38:23,2025-07-04 21:16:23,UberPool,204.65,12.37,3.93,Completed
1473,1179,4731,8188,3536,2024-07-15 17:33:39,2024-07-15 17:52:39,UberPool,574.61,15.05,3.58,Completed
1474,8840,7607,6964,7830,2025-03-28 07:43:03,2025-03-28 08:12:03,UberX,629.38,7.99,3.92,No Show
1475,3335,594,5378,8973,2024-11-15 09:15:48,2024-11-15 09:26:48,UberBlack,371.15,16.34,4.5,Cancelled
1476,8889,9985,908,6436,2024-09-17 06:46:06,2024-09-17 06:57:06,UberPool,433.44,8.26,4.33,Cancelled
1477,95,6118,8570,6078,2024-11-04 17:25:08,2024-11-04 17:58:08,UberPool,726.26,9.15,4.76,Completed
1478,3306,6109,2769,4639,2023-10-25 03:34:37,2023-10-25 03:47:37,UberPool,453.02,8.69,3.72,Completed
1479,1480,2295,7484,3666,2024-03-12 15:03:58,2024-03-12 15:34:58,UberPool,340.46,19.62,4.13,Completed
1480,949,9925,6191,726,2024-07-06 17:43:24,2024-07-06 18:19:24,UberPool,727.4,13.93,4.64,Cancelled
1481,6863,3220,6119,7312,2024-10-13 11:19:28,2024-10-13 11:50:28,UberPool,106.38,9.73,4.15,Completed
1482,1999,7601,6827,4181,2024-04-23 20:00:01,2024-04-23 20:06:01,UberX,723.43,8.5,4.92,Completed
1483,3183,2021,4185,9538,2024-07-06 22:46:38,2024-07-06 23:07:38,UberPool,660.85,14.81,3.76,Completed
1484,1481,9729,7462,7054,2025-02-19 19:42:31,2025-02-19 20:04:31,UberX,453.51,9.03,3.95,Completed
1485,408,1153,9475,9756,2024-02-20 08:19:35,2024-02-20 08:45:35,UberPool,738.72,10.74,3.61,Completed
1486,8563,3368,278,8047,2024-11-14 07:35:05,2024-11-14 07:40:05,UberX,215.82,15.23,4.03,Completed
1487,145,7830,5574,3167,2023-12-27 04:32:24,2023-12-27 04:52:24,UberBlack,535.53,1.77,4.67,Completed
1488,3244,8750,8898,6316,2023-12-03 10:06:43,2023-12-03 10:14:43,UberPool,347.99,14.1,3.96,Completed
1489,6007,9888,6828,9372,2024-07-02 03:10:23,2024-07-02 03:20:23,UberX,97.64,1.26,4.31,Cancelled
1490,5913,7148,8650,6307,2025-05-16 01:16:43,2025-05-16 01:34:43,UberBlack,466.48,15.52,4.9,Completed
1491,4389,4845,1601,6369,2023-09-22 04:36:37,2023-09-22 04:45:37,UberBlack,347.01,13.2,4.51,Completed
1492,6618,59,3293,5372,2024-02-17 00:20:16,2024-02-17 00:43:16,UberX,444.63,11.89,4.13,Completed
1493,4781,224,8437,326,2023-12-18 20:47:55,2023-12-18 21:24:55,UberX,471.43,6.98,4.48,Cancelled
1494,8610,9537,7943,5902,2023-10-29 05:43:39,2023-10-29 06:21:39,UberPool,581.31,15.86,4.77,Completed
1495,4019,9655,8220,7534,2024-08-14 01:52:42,2024-08-14 02:01:42,UberBlack,670.11,12.4,4.64,Completed
1496,5562,3772,4609,4312,2023-12-02 05:06:52,2023-12-02 05:28:52,UberBlack,302.49,18.2,4.82,Completed
1497,7258,5579,3314,1019,2024-05-12 08:11:52,2024-05-12 08:23:52,UberBlack,493.59,7.13,4.09,Completed
1498,7382,5744,8481,2793,2025-02-21 11:55:01,2025-02-21 12:18:01,UberBlack,325.82,8.64,3.84,Completed
1499,1863,5838,2266,8469,2024-03-07 08:38:59,2024-03-07 08:48:59,UberPool,358.41,12.73,4.15,Cancelled
1500,3996,7446,3225,3255,2025-02-27 17:09:42,2025-02-27 17:49:42,UberPool,675.91,11.47,3.87,Completed
1501,7434,5431,650,983,2025-04-25 07:35:08,2025-04-25 07:47:08,UberX,296.94,16.99,3.86,Completed
1502,2537,6931,9985,2904,2023-09-02 18:44:11,2023-09-02 19:01:11,UberPool,595.2,4.5,4.78,Completed
1503,3949,3208,6057,7321,2023-10-17 23:39:46,2023-10-17 23:49:46,UberX,630.81,1.32,4.98,Completed
1504,1173,2053,3592,8763,2024-02-19 09:18:14,2024-02-19 09:50:14,UberBlack,51.95,4.55,4.42,Completed
1505,7454,8334,545,2327,2024-10-12 17:49:32,2024-10-12 18:10:32,UberPool,327.54,16.17,3.99,Completed
1506,840,1903,7708,6526,2025-05-10 06:18:28,2025-05-10 07:03:28,UberX,488.41,10.07,3.52,No Show
1507,6415,9434,667,8998,2025-05-11 03:02:23,2025-05-11 03:43:23,UberPool,377.12,6.01,4.47,Completed
1508,3700,9593,4551,5964,2024-07-07 00:51:58,2024-07-07 01:27:58,UberPool,740.05,14.32,3.67,Cancelled
1509,3358,6880,4029,6379,2023-10-21 20:29:31,2023-10-21 20:35:31,UberX,355.85,1.33,4.54,Completed
1510,2676,3948,3491,1140,2023-11-28 16:25:04,2023-11-28 16:41:04,UberX,192.45,17.92,4.25,Completed
1511,7315,4632,3749,644,2024-07-12 00:04:24,2024-07-12 00:43:24,UberBlack,114.77,19.59,3.8,Completed
1512,2146,4446,719,6560,2023-10-17 14:47:28,2023-10-17 15:01:28,UberBlack,430.71,7.53,4.29,Completed
1513,4796,2199,9085,5409,2025-07-18 10:35:03,2025-07-18 10:46:03,UberBlack,521.36,9.19,4.58,Completed
1514,2624,9572,1196,1069,2024-02-04 00:58:11,2024-02-04 01:22:11,UberBlack,642.25,8.17,4.33,Completed
1515,3155,3819,4332,6336,2025-02-27 18:27:01,2025-02-27 18:56:01,UberPool,752.48,9.14,4.6,Completed
1516,917,3426,432,8000,2025-02-12 12:50:28,2025-02-12 13:08:28,UberX,403.88,18.11,4.94,Completed
1517,7165,4741,4404,3805,2025-04-05 20:04:32,2025-04-05 20:41:32,UberX,547.76,10.97,4.78,Completed
1518,504,7304,4629,4353,2024-11-10 05:30:28,2024-11-10 05:56:28,UberPool,635.57,4.11,3.87,Completed
1519,7946,8805,4162,2818,2023-08-25 02:38:58,2023-08-25 02:49:58,UberPool,85.24,5.43,4.32,Completed
1520,7549,4609,9675,4326,2024-04-19 06:52:58,2024-04-19 07:29:58,UberX,492.55,1.13,3.68,Completed
1521,830,6879,8777,470,2024-01-03 10:13:15,2024-01-03 10:47:15,UberBlack,325.71,18.85,5.0,Completed
1522,9098,9655,5910,6158,2024-06-21 08:56:20,2024-06-21 09:29:20,UberPool,621.97,15.89,4.94,Cancelled
1523,2973,4111,7850,653,2023-11-14 00:29:40,2023-11-14 01:11:40,UberBlack,436.08,19.63,4.63,Completed
1524,9592,8557,4913,3229,2024-07-05 05:23:28,2024-07-05 05:41:28,UberBlack,636.67,13.26,3.51,Completed
1525,6827,3566,3790,4126,2023-09-29 10:49:47,2023-09-29 11:22:47,UberBlack,642.57,2.51,5.0,Completed
1526,684,8177,4222,7276,2024-07-10 19:39:26,2024-07-10 20:19:26,UberBlack,96.37,14.02,4.55,Completed
1527,9611,2092,2811,6073,2024-08-26 12:26:04,2024-08-26 13:03:04,UberPool,189.79,12.03,3.93,Completed
1528,4251,7257,5347,9369,2025-04-04 14:17:43,2025-04-04 14:33:43,UberBlack,122.54,11.89,3.65,Completed
1529,8589,5648,7873,6371,2023-10-08 13:41:14,2023-10-08 14:19:14,UberBlack,349.85,14.86,4.7,Completed
1530,1413,4580,6295,5281,2025-01-11 02:37:25,2025-01-11 03:13:25,UberX,96.9,13.58,4.85,Completed
1531,2002,5113,491,5356,2024-02-01 12:05:57,2024-02-01 12:35:57,UberX,358.53,8.82,3.77,Completed
1532,527,3584,2953,5573,2024-04-15 19:22:35,2024-04-15 20:07:35,UberBlack,756.06,15.0,4.01,Completed
1533,9089,7783,6285,6867,2024-01-12 13:34:48,2024-01-12 14:04:48,UberX,395.17,9.1,4.67,Completed
1534,1624,2351,1823,2727,2024-09-12 01:00:54,2024-09-12 01:22:54,UberPool,291.16,2.56,4.82,Completed
1535,8348,9460,4890,4350,2024-12-27 06:52:29,2024-12-27 07:03:29,UberPool,458.61,2.26,4.39,Completed
1536,7968,2592,6865,2313,2024-10-30 23:21:43,2024-10-31 00:00:43,UberX,491.43,10.71,4.87,Completed
1537,6188,458,9703,6862,2024-11-18 05:30:54,2024-11-18 05:35:54,UberX,780.92,5.29,4.41,Completed
1538,4047,7225,2496,8041,2023-09-18 06:36:49,2023-09-18 06:52:49,UberX,146.67,14.28,4.63,Cancelled
1539,1646,8824,1682,6980,2024-10-19 12:20:17,2024-10-19 12:33:17,UberPool,307.95,18.46,4.42,Completed
1540,1108,7232,8250,6035,2024-06-02 15:59:29,2024-06-02 16:08:29,UberBlack,139.26,18.24,4.16,Completed
1541,6385,1903,3319,1906,2025-03-27 23:16:09,2025-03-27 23:41:09,UberX,511.6,10.95,4.39,Completed
1542,8435,7519,6463,1824,2024-12-08 05:55:13,2024-12-08 06:05:13,UberBlack,438.85,2.24,3.75,Completed
1543,4400,4589,601,2140,2024-11-03 07:01:54,2024-11-03 07:33:54,UberX,530.84,13.69,4.83,Completed
1544,8917,9046,9283,7612,2024-05-04 16:31:40,2024-05-04 16:54:40,UberX,525.63,8.12,3.96,Cancelled
1545,5170,8291,8989,4755,2024-10-23 22:38:33,2024-10-23 22:53:33,UberPool,685.41,12.61,4.04,Completed
1546,8303,2936,8117,6368,2024-03-18 20:01:53,2024-03-18 20:35:53,UberPool,552.3,9.57,3.84,Completed
1547,9219,6601,8471,1249,2024-12-17 17:33:38,2024-12-17 17:57:38,UberBlack,777.07,5.04,4.39,Completed
1548,1479,5025,3276,3323,2025-05-30 02:34:24,2025-05-30 03:10:24,UberX,202.79,19.31,4.49,Completed
1549,1626,8468,9842,4903,2024-06-04 01:55:32,2024-06-04 02:19:32,UberBlack,264.91,19.28,4.65,Completed
1550,4874,8477,2302,7661,2024-11-12 05:59:21,2024-11-12 06:18:21,UberBlack,317.4,3.07,4.93,Completed
1551,8345,7718,7013,4214,2024-06-03 09:37:42,2024-06-03 09:59:42,UberX,583.64,11.71,4.15,Completed
1552,5137,221,2429,8365,2023-11-30 21:05:14,2023-11-30 21:38:14,UberX,70.52,11.92,4.07,No Show
1553,6160,6901,2494,1077,2024-10-19 12:19:11,2024-10-19 13:04:11,UberX,548.16,17.56,4.03,Completed
1554,3576,4739,7555,6797,2023-12-04 10:28:29,2023-12-04 10:42:29,UberX,678.77,14.74,4.88,Completed
1555,4269,5704,6015,6793,2025-06-12 23:52:08,2025-06-13 00:37:08,UberPool,365.41,2.02,3.78,No Show
1556,777,7123,1100,837,2024-03-26 11:12:32,2024-03-26 11:53:32,UberPool,729.43,19.46,4.82,Completed
1557,3845,5754,8318,8659,2023-08-11 18:05:01,2023-08-11 18:18:01,UberBlack,787.5,9.61,3.88,Completed
1558,1748,1473,7792,1176,2024-04-13 02:45:42,2024-04-13 03:25:42,UberBlack,312.84,13.21,4.43,Completed
1559,9005,7648,1326,8213,2024-10-12 13:01:41,2024-10-12 13:41:41,UberPool,415.77,18.4,4.26,Completed
1560,9673,8964,1960,8659,2025-01-01 01:34:58,2025-01-01 02:19:58,UberX,727.3,5.48,3.81,Completed
1561,8300,913,7585,1109,2025-06-27 05:53:56,2025-06-27 06:34:56,UberX,323.04,7.55,4.1,Completed
1562,1800,2902,157,801,2023-09-14 03:41:16,2023-09-14 03:47:16,UberPool,243.77,14.43,3.6,Completed
1563,744,4757,7115,5383,2025-07-25 21:10:28,2025-07-25 21:42:28,UberBlack,436.93,1.73,3.58,Cancelled
1564,8914,65,6832,1037,2025-02-26 09:51:52,2025-02-26 10:15:52,UberX,367.27,12.19,3.58,Completed
1565,4822,7429,2841,3560,2024-07-14 18:12:49,2024-07-14 18:47:49,UberBlack,647.1,4.69,4.98,Completed
1566,1864,3863,4507,7729,2024-02-08 17:39:49,2024-02-08 17:44:49,UberX,799.64,8.48,3.53,Completed
1567,2579,6569,2111,6602,2025-06-18 08:19:14,2025-06-18 08:48:14,UberX,491.0,8.37,3.58,Completed
1568,4756,3800,2318,1667,2024-06-28 11:37:48,2024-06-28 11:58:48,UberPool,586.52,9.31,3.55,Completed
1569,6555,8141,2147,8230,2025-07-18 09:59:35,2025-07-18 10:11:35,UberX,110.8,4.84,4.38,Completed
1570,5436,8867,3148,5976,2025-05-29 16:44:25,2025-05-29 17:26:25,UberBlack,101.75,7.63,4.26,Completed
1571,8208,4066,4619,7318,2024-05-07 07:07:28,2024-05-07 07:45:28,UberBlack,738.88,11.06,3.71,Completed
1572,9986,1983,8532,8166,2024-06-05 15:29:54,2024-06-05 16:08:54,UberX,134.61,5.05,3.68,Completed
1573,2171,3260,9071,8500,2023-10-06 11:55:00,2023-10-06 12:10:00,UberX,532.32,12.76,4.56,Completed
1574,5019,5224,1519,3333,2023-10-08 21:14:08,2023-10-08 21:52:08,UberPool,404.21,18.53,3.93,Completed
1575,4880,5470,7968,5292,2024-09-07 16:13:04,2024-09-07 16:40:04,UberPool,194.12,19.62,4.88,Completed
1576,7900,653,561,2592,2024-12-17 12:53:42,2024-12-17 13:17:42,UberX,487.9,6.27,3.66,Completed
1577,7825,1564,9028,7523,2025-05-27 12:46:46,2025-05-27 13:23:46,UberPool,473.72,15.27,4.61,Completed
1578,7,187,4522,5135,2024-07-22 00:39:28,2024-07-22 01:03:28,UberBlack,306.38,6.36,4.24,Completed
1579,3505,7545,7451,3402,2025-03-01 11:04:03,2025-03-01 11:19:03,UberBlack,727.07,11.93,4.02,Completed
1580,5117,4170,4489,9330,2025-03-14 20:06:14,2025-03-14 20:41:14,UberX,592.72,4.11,3.74,Cancelled
1581,1241,5148,4754,3968,2024-02-22 09:07:24,2024-02-22 09:38:24,UberX,498.1,2.14,3.64,Completed
1582,8425,5637,6124,3863,2023-09-13 23:14:09,2023-09-13 23:38:09,UberX,608.35,3.55,4.23,Completed
1583,5850,9416,3868,8317,2025-02-10 03:33:55,2025-02-10 04:16:55,UberPool,404.13,13.61,3.55,Completed
1584,4423,8036,9084,9417,2024-08-11 12:51:00,2024-08-11 13:21:00,UberBlack,674.98,16.4,4.14,Completed
1585,6309,7943,9972,2071,2025-01-23 16:42:57,2025-01-23 17:03:57,UberX,348.27,7.29,4.87,Completed
1586,1878,3966,8942,377,2024-02-23 07:17:47,2024-02-23 07:40:47,UberPool,550.41,12.57,4.98,Completed
1587,1753,5354,5464,9592,2024-11-22 17:52:29,2024-11-22 18:14:29,UberPool,503.8,15.47,3.86,Completed
1588,7650,2651,175,6312,2024-11-03 10:50:44,2024-11-03 10:59:44,UberPool,63.3,1.75,4.98,Completed
1589,1783,7863,5953,4009,2025-01-16 10:30:13,2025-01-16 11:03:13,UberX,161.97,9.76,4.99,Completed
1590,9185,9096,8593,5104,2023-09-30 20:18:00,2023-09-30 20:53:00,UberPool,483.08,13.48,3.61,Completed
1591,5980,1875,4759,5282,2025-03-18 11:48:28,2025-03-18 11:57:28,UberX,365.79,15.16,4.53,Completed
1592,8567,2084,8759,3849,2025-05-28 12:09:52,2025-05-28 12:38:52,UberPool,683.2,19.37,3.56,Completed
1593,9094,1675,8982,6802,2023-11-06 01:14:01,2023-11-06 01:54:01,UberBlack,638.78,14.06,4.57,Cancelled
1594,8081,5744,1573,9628,2025-05-26 04:32:27,2025-05-26 05:11:27,UberX,460.13,13.04,4.53,Completed
1595,5610,7106,5686,7756,2024-05-12 09:32:06,2024-05-12 10:12:06,UberBlack,355.14,2.79,3.97,Completed
1596,3201,1599,108,607,2025-05-11 11:20:58,2025-05-11 12:04:58,UberX,203.25,4.12,4.11,Completed
1597,6969,363,7016,7998,2024-05-10 08:03:09,2024-05-10 08:19:09,UberBlack,512.07,5.57,4.67,Completed
1598,1408,4998,475,2975,2024-01-06 09:22:44,2024-01-06 09:59:44,UberBlack,576.09,18.55,4.4,Completed
1599,76,8330,2895,7137,2024-11-30 21:46:16,2024-11-30 22:10:16,UberBlack,618.19,15.0,4.75,Completed
1600,3780,877,1222,5677,2023-08-27 22:54:29,2023-08-27 23:05:29,UberX,521.18,4.23,4.15,Completed
1601,1449,8570,7237,7582,2023-11-10 04:34:31,2023-11-10 04:50:31,UberBlack,486.17,13.27,4.02,Completed
1602,3854,6865,6806,8704,2024-05-07 03:27:10,2024-05-07 03:38:10,UberX,145.58,7.18,3.83,Completed
1603,7069,2230,797,668,2024-10-26 19:36:14,2024-10-26 19:45:14,UberBlack,526.32,13.14,4.83,Cancelled
1604,265,3982,7867,3481,2024-12-02 09:40:14,2024-12-02 10:18:14,UberBlack,444.71,13.49,4.9,Completed
1605,2711,2295,1431,2232,2025-06-03 16:30:16,2025-06-03 16:51:16,UberBlack,519.16,15.72,4.52,Completed
1606,2141,5703,1559,987,2025-06-06 19:37:03,2025-06-06 19:46:03,UberBlack,73.8,6.18,3.77,Cancelled
1607,856,5671,565,9652,2024-07-11 19:23:59,2024-07-11 20:04:59,UberBlack,109.98,12.94,4.19,Completed
1608,8418,466,6087,2022,2024-01-01 10:55:14,2024-01-01 11:05:14,UberX,778.75,16.9,4.78,Cancelled
1609,4963,397,1758,2713,2024-06-11 06:29:07,2024-06-11 06:44:07,UberPool,594.05,2.13,3.61,No Show
1610,7556,8198,5432,983,2025-06-03 03:53:50,2025-06-03 04:31:50,UberPool,186.28,16.24,3.79,Completed
1611,4058,7859,9138,136,2024-03-18 05:51:02,2024-03-18 06:24:02,UberX,512.35,6.4,4.93,Completed
1612,9864,1711,1528,517,2025-07-01 12:32:23,2025-07-01 12:54:23,UberPool,327.41,3.32,4.07,Completed
1613,8165,1928,5212,6710,2024-01-29 17:30:30,2024-01-29 17:39:30,UberPool,81.6,11.56,4.69,Completed
1614,5587,3901,9768,1072,2025-04-10 19:55:48,2025-04-10 20:10:48,UberX,400.68,19.25,4.62,Completed
1615,954,7658,5800,3002,2024-04-15 06:54:16,2024-04-15 07:13:16,UberBlack,562.09,13.55,3.96,Completed
1616,1190,9434,7931,9022,2025-03-09 11:41:55,2025-03-09 11:58:55,UberPool,317.04,4.64,4.47,Cancelled
1617,577,4420,6048,8642,2023-08-27 06:03:50,2023-08-27 06:29:50,UberX,429.5,2.91,4.06,Completed
1618,7807,1343,384,7251,2024-12-19 12:45:37,2024-12-19 13:18:37,UberPool,320.63,19.94,4.15,Completed
1619,1210,7470,956,6389,2024-08-04 03:50:18,2024-08-04 04:01:18,UberPool,759.13,4.28,4.64,Completed
1620,3358,7655,5717,3835,2023-09-10 21:04:35,2023-09-10 21:44:35,UberX,342.89,17.33,3.6,Completed
1621,8819,7561,347,154,2025-02-26 18:01:00,2025-02-26 18:35:00,UberBlack,748.29,17.19,4.08,Completed
1622,9935,6938,12,1018,2023-11-01 19:02:42,2023-11-01 19:40:42,UberPool,288.21,14.57,3.99,Completed
1623,4886,7097,8600,1630,2024-12-05 20:43:50,2024-12-05 21:04:50,UberPool,274.36,5.5,4.39,Completed
1624,2741,9836,6552,6535,2025-04-24 13:37:22,2025-04-24 13:53:22,UberX,360.55,12.34,4.02,Completed
1625,1821,8500,3740,8754,2024-11-29 08:44:33,2024-11-29 09:03:33,UberBlack,191.46,17.59,4.47,Cancelled
1626,5544,5213,2954,9402,2023-12-06 07:30:48,2023-12-06 08:14:48,UberPool,169.39,9.95,4.52,Completed
1627,8769,6018,9909,6744,2025-03-13 08:08:41,2025-03-13 08:20:41,UberPool,738.0,1.44,3.62,Completed
1628,8131,3946,8218,7289,2025-07-31 10:35:44,2025-07-31 10:44:44,UberBlack,650.61,9.96,4.41,Completed
1629,9491,8532,2715,9366,2024-10-30 04:41:03,2024-10-30 05:01:03,UberX,93.83,18.53,4.18,Completed
1630,9119,5223,4896,797,2024-05-22 12:07:13,2024-05-22 12:15:13,UberX,504.58,17.27,4.92,Completed
1631,9608,439,4455,6690,2023-08-07 18:22:06,2023-08-07 18:51:06,UberX,549.99,7.35,4.87,Completed
1632,9326,8420,431,2992,2024-12-14 13:19:44,2024-12-14 13:47:44,UberBlack,605.72,3.97,4.26,Completed
1633,7547,9766,3238,7538,2024-05-06 12:19:46,2024-05-06 13:04:46,UberX,469.02,9.4,3.52,Cancelled
1634,426,9519,2841,4395,2025-05-28 11:56:36,2025-05-28 12:08:36,UberBlack,357.73,15.75,3.66,Completed
1635,3098,2199,8166,9341,2023-09-06 05:17:52,2023-09-06 06:02:52,UberX,380.32,1.61,4.77,Completed
1636,3163,3684,919,1899,2025-04-30 05:00:53,2025-04-30 05:42:53,UberX,170.15,17.11,4.29,Completed
1637,305,7256,4234,8655,2024-09-11 16:50:15,2024-09-11 17:18:15,UberPool,605.64,1.87,3.81,Completed
1638,4830,7286,4436,8004,2024-06-27 19:02:02,2024-06-27 19:14:02,UberPool,691.29,7.81,3.83,Completed
1639,510,5291,175,7934,2025-07-26 11:08:49,2025-07-26 11:29:49,UberX,466.06,17.93,3.72,Completed
1640,1400,888,2345,565,2025-04-09 23:52:50,2025-04-10 00:06:50,UberX,588.11,18.3,4.71,Completed
1641,796,2861,7926,6973,2024-06-03 13:08:33,2024-06-03 13:43:33,UberBlack,479.42,16.4,3.97,Completed
1642,7175,8232,9827,7349,2023-10-05 18:07:59,2023-10-05 18:21:59,UberX,325.54,9.29,4.39,Completed
1643,8490,5589,7345,9549,2023-08-11 02:23:54,2023-08-11 02:44:54,UberX,492.08,17.18,4.49,Completed
1644,1835,5648,1804,131,2025-06-26 03:18:03,2025-06-26 04:03:03,UberPool,468.31,10.74,3.62,Completed
1645,1203,7414,964,9684,2024-11-19 16:11:18,2024-11-19 16:28:18,UberPool,569.34,9.08,3.67,No Show
1646,8348,5868,8311,1406,2023-10-27 13:33:50,2023-10-27 14:11:50,UberX,636.92,16.27,4.75,No Show
1647,1154,6802,7384,1268,2025-02-24 22:29:23,2025-02-24 22:42:23,UberPool,764.05,14.09,4.84,Completed
1648,9421,4353,3207,9985,2025-01-22 05:12:08,2025-01-22 05:24:08,UberPool,652.09,19.18,3.74,Completed
1649,4360,6771,956,8961,2024-07-06 08:01:04,2024-07-06 08:18:04,UberBlack,252.29,6.19,3.81,Completed
1650,8599,8427,5487,5125,2024-05-12 03:30:12,2024-05-12 04:12:12,UberX,495.77,2.07,4.19,Completed
1651,7242,5136,6192,4047,2023-09-04 01:36:49,2023-09-04 02:01:49,UberX,417.38,17.01,4.74,Completed
1652,7039,8800,8517,3308,2024-03-13 06:58:45,2024-03-13 07:13:45,UberPool,95.75,19.27,3.81,Completed
1653,5422,6350,4750,3823,2024-12-07 21:31:19,2024-12-07 22:04:19,UberX,52.51,3.51,4.09,Completed
1654,8645,2930,9982,7521,2024-12-13 03:11:22,2024-12-13 03:24:22,UberBlack,150.06,18.48,4.11,No Show
1655,5091,3598,8765,8101,2025-04-22 04:52:36,2025-04-22 05:27:36,UberPool,532.7,1.83,3.83,Completed
1656,7102,8714,2157,4278,2024-11-29 13:59:16,2024-11-29 14:27:16,UberX,197.99,18.37,4.63,Completed
1657,6499,2247,5499,2203,2024-01-04 17:37:19,2024-01-04 17:53:19,UberX,699.74,14.14,4.1,Completed
1658,7226,6848,5855,6840,2024-10-23 23:21:17,2024-10-23 23:49:17,UberX,456.3,6.39,4.45,Completed
1659,1430,9487,1019,3523,2025-01-13 02:26:15,2025-01-13 02:59:15,UberPool,250.27,4.68,3.95,Completed
1660,2620,1164,1290,2651,2025-01-30 07:10:19,2025-01-30 07:34:19,UberBlack,506.13,17.16,4.15,Cancelled
1661,5281,1181,5764,7770,2024-09-17 00:47:03,2024-09-17 01:00:03,UberX,140.91,19.2,4.96,Completed
1662,4076,1315,9547,6202,2023-09-14 14:54:50,2023-09-14 15:32:50,UberBlack,738.15,17.55,4.83,Completed
1663,2623,8160,9450,7393,2025-04-07 06:31:20,2025-04-07 07:03:20,UberX,414.3,4.4,3.52,Completed
1664,1305,1335,3529,5996,2024-05-01 09:17:59,2024-05-01 09:23:59,UberBlack,660.13,5.32,4.11,Completed
1665,4724,9658,9967,4719,2023-08-10 16:07:05,2023-08-10 16:50:05,UberBlack,155.57,4.91,4.21,Completed
1666,3059,7943,2773,4750,2024-03-27 10:47:32,2024-03-27 11:13:32,UberBlack,388.66,18.25,4.93,Completed
1667,7204,9237,8849,4146,2025-04-12 09:47:49,2025-04-12 10:22:49,UberPool,167.99,14.05,3.56,Completed
1668,8942,2866,1520,7835,2024-03-31 09:07:17,2024-03-31 09:43:17,UberX,132.78,8.32,4.38,No Show
1669,4457,4688,5079,3036,2023-12-13 03:23:20,2023-12-13 04:03:20,UberPool,191.12,5.05,4.75,Completed
1670,171,642,5084,2746,2023-10-12 07:55:00,2023-10-12 08:37:00,UberPool,561.23,19.4,4.91,Completed
1671,7780,4436,1891,2708,2025-08-04 01:18:55,2025-08-04 01:26:55,UberX,77.31,19.61,3.63,Completed
1672,728,8766,6237,9186,2024-09-15 19:19:09,2024-09-15 19:35:09,UberX,252.47,12.75,4.4,Completed
1673,7977,6336,5242,3245,2024-04-10 05:47:14,2024-04-10 06:00:14,UberBlack,755.18,11.76,3.83,Completed
1674,5604,7782,9949,9399,2023-11-04 05:26:03,2023-11-04 05:34:03,UberBlack,321.91,6.71,3.68,Completed
1675,8461,5068,3005,4517,2023-11-11 05:24:54,2023-11-11 05:55:54,UberBlack,669.48,18.38,4.66,Completed
1676,8599,8623,66,3807,2023-09-16 22:40:39,2023-09-16 23:02:39,UberX,351.01,14.34,4.13,Completed
1677,3509,9835,8846,4347,2024-02-15 02:48:33,2024-02-15 03:24:33,UberX,228.9,1.56,4.54,Completed
1678,7281,72,2754,1155,2024-12-15 19:20:51,2024-12-15 20:00:51,UberBlack,329.08,3.43,4.09,Completed
1679,761,5025,5631,4619,2024-05-31 22:32:16,2024-05-31 23:01:16,UberBlack,264.25,19.49,4.99,Completed
1680,7884,1771,5689,2794,2025-05-10 03:08:54,2025-05-10 03:32:54,UberX,95.92,2.37,4.05,Completed
1681,3925,9689,5335,7372,2023-11-26 20:45:14,2023-11-26 21:25:14,UberX,136.34,3.87,4.21,Completed
1682,5949,1202,3928,3172,2024-07-01 01:24:26,2024-07-01 02:02:26,UberX,421.17,13.58,3.86,Completed
1683,2095,9721,2525,3946,2024-04-21 21:20:16,2024-04-21 21:57:16,UberBlack,554.08,18.12,4.48,No Show
1684,750,4557,907,8123,2025-03-11 07:47:41,2025-03-11 08:08:41,UberX,217.59,8.35,4.3,Completed
1685,3460,4116,2740,3665,2025-07-20 11:06:23,2025-07-20 11:42:23,UberBlack,338.34,12.99,3.82,Completed
1686,9728,2232,4576,4481,2024-01-23 04:27:16,2024-01-23 04:41:16,UberPool,264.29,4.27,3.71,Cancelled
1687,7938,4684,2446,8218,2024-01-13 03:51:22,2024-01-13 04:11:22,UberX,531.25,6.79,3.85,Completed
1688,3546,705,2953,2231,2024-05-24 03:17:26,2024-05-24 03:31:26,UberPool,543.89,8.13,4.25,Cancelled
1689,8678,5762,3509,5001,2024-04-19 18:08:27,2024-04-19 18:30:27,UberX,553.6,16.58,3.83,Completed
1690,1426,8260,8447,1367,2024-06-29 13:52:00,2024-06-29 14:33:00,UberX,582.25,6.49,4.87,Completed
1691,1848,4583,2795,9824,2024-03-18 18:06:48,2024-03-18 18:38:48,UberPool,785.88,16.4,4.24,Completed
1692,8369,8361,3734,2441,2024-02-10 10:53:24,2024-02-10 10:59:24,UberX,620.59,12.18,4.65,Completed
1693,421,588,9931,2887,2024-07-05 06:40:45,2024-07-05 07:24:45,UberPool,222.88,9.34,4.05,Completed
1694,5660,5692,4418,9734,2024-10-18 13:12:41,2024-10-18 13:36:41,UberBlack,263.08,6.81,4.68,Completed
1695,3639,7487,8016,2406,2024-02-16 11:13:11,2024-02-16 11:45:11,UberX,471.62,16.05,3.81,Completed
1696,3482,8712,3323,7950,2024-12-17 03:31:28,2024-12-17 03:58:28,UberBlack,328.94,9.5,4.45,Completed
1697,8131,3597,8870,5576,2023-12-22 02:23:21,2023-12-22 02:33:21,UberBlack,223.9,4.72,4.85,Completed
1698,5439,6302,3533,1866,2023-08-07 18:56:46,2023-08-07 19:10:46,UberPool,695.01,5.79,4.91,Completed
1699,7378,6143,5768,7262,2024-07-17 20:54:16,2024-07-17 21:01:16,UberX,315.75,16.6,4.22,Completed
1700,8882,1369,3656,3769,2024-05-19 01:28:27,2024-05-19 01:47:27,UberPool,224.23,4.17,4.45,Completed
1701,274,5495,2006,3373,2024-03-11 06:39:01,2024-03-11 07:05:01,UberPool,621.67,3.15,4.66,Completed
1702,4269,3950,1363,1279,2023-11-25 19:12:04,2023-11-25 19:31:04,UberBlack,380.84,3.64,4.9,Completed
1703,2210,2042,526,1361,2025-05-27 09:07:15,2025-05-27 09:41:15,UberBlack,221.38,19.97,4.78,Completed
1704,6602,635,8831,6454,2024-04-11 13:25:29,2024-04-11 14:10:29,UberBlack,784.31,14.22,4.46,Completed
1705,7966,17,271,6770,2024-04-30 23:48:02,2024-05-01 00:11:02,UberBlack,457.95,8.74,3.84,Completed
1706,8395,9977,7423,5125,2023-12-12 10:30:55,2023-12-12 11:02:55,UberX,470.53,11.95,4.44,Completed
1707,1384,9381,1416,295,2024-02-11 11:54:08,2024-02-11 12:07:08,UberBlack,513.74,6.8,4.47,Completed
1708,5258,3142,233,9316,2024-03-23 15:23:19,2024-03-23 15:43:19,UberPool,159.79,8.01,3.69,Completed
1709,4769,9913,8203,6494,2025-02-20 07:18:28,2025-02-20 07:35:28,UberBlack,704.43,3.38,4.55,Completed
1710,200,3946,6494,5291,2025-01-25 15:14:03,2025-01-25 15:31:03,UberX,201.17,12.41,4.93,Cancelled
1711,1199,9959,1602,9144,2024-10-18 16:18:17,2024-10-18 16:47:17,UberBlack,335.12,15.53,4.97,Completed
1712,4822,6245,4131,6765,2025-06-03 19:13:31,2025-06-03 19:39:31,UberX,503.8,4.65,4.12,Completed
1713,7829,9731,9199,2480,2024-02-10 22:28:01,2024-02-10 23:00:01,UberX,488.52,11.01,3.51,Completed
1714,3057,3277,2626,6820,2025-02-06 18:02:20,2025-02-06 18:09:20,UberBlack,607.15,10.58,4.79,Completed
1715,9262,3135,1325,3297,2025-03-01 12:31:14,2025-03-01 12:53:14,UberX,514.72,3.24,4.83,Completed
1716,3475,5947,9211,8483,2023-11-16 16:12:06,2023-11-16 16:50:06,UberBlack,534.02,5.21,4.64,Completed
1717,5100,144,4463,2643,2025-03-31 22:09:05,2025-03-31 22:46:05,UberX,707.91,5.53,4.13,Completed
1718,330,1347,8062,2430,2025-05-27 06:01:00,2025-05-27 06:41:00,UberX,517.84,14.54,3.76,Completed
1719,665,1501,1596,5930,2024-03-10 08:16:56,2024-03-10 08:27:56,UberPool,54.26,19.48,4.78,Completed
1720,4953,8391,9231,7900,2023-10-08 09:06:32,2023-10-08 09:12:32,UberBlack,261.13,13.16,4.55,Completed
1721,6733,7405,6992,3950,2024-04-13 13:04:07,2024-04-13 13:15:07,UberX,778.78,12.47,3.96,Completed
1722,4564,9763,2288,2204,2025-01-10 14:15:20,2025-01-10 14:33:20,UberBlack,337.74,16.36,3.75,Completed
1723,2928,7797,5671,213,2024-06-04 14:41:47,2024-06-04 15:16:47,UberX,757.8,4.72,4.73,No Show
1724,6158,7411,648,9529,2024-08-30 22:55:31,2024-08-30 23:17:31,UberPool,730.49,10.78,3.62,Cancelled
1725,9529,4683,3509,6803,2024-10-06 22:59:01,2024-10-06 23:04:01,UberX,648.92,8.57,4.15,Completed
1726,3654,6223,508,7945,2023-09-05 16:19:56,2023-09-05 16:36:56,UberX,398.86,16.97,4.49,Completed
1727,4279,8902,8695,3949,2025-03-16 04:16:02,2025-03-16 04:46:02,UberX,206.41,9.43,3.55,Completed
1728,9175,8372,8934,1670,2025-06-08 03:01:11,2025-06-08 03:06:11,UberPool,157.7,16.65,4.33,Completed
1729,3812,3439,5517,8680,2024-12-30 03:51:55,2024-12-30 04:23:55,UberPool,152.21,19.65,3.71,Completed
1730,2188,4761,2363,6846,2025-02-14 07:08:08,2025-02-14 07:32:08,UberX,107.1,5.91,3.91,Completed
1731,89,3175,5952,6243,2024-07-22 13:01:53,2024-07-22 13:30:53,UberPool,638.07,9.59,3.52,Completed
1732,2495,1716,5852,2036,2023-11-25 03:07:56,2023-11-25 03:43:56,UberPool,243.56,4.28,3.54,Completed
1733,8445,8764,9224,3276,2024-10-07 10:59:39,2024-10-07 11:40:39,UberBlack,70.01,2.91,4.41,Completed
1734,8534,7000,171,2458,2024-04-20 14:56:31,2024-04-20 15:26:31,UberBlack,548.67,11.54,3.94,Completed
1735,1743,1760,7298,6950,2024-07-07 03:01:56,2024-07-07 03:33:56,UberPool,135.9,10.34,4.7,Completed
1736,5366,8989,9597,7474,2023-08-11 09:34:03,2023-08-11 10:03:03,UberPool,369.33,11.71,4.88,Completed
1737,2998,642,9014,2623,2023-08-27 15:51:39,2023-08-27 16:26:39,UberPool,681.26,14.27,4.12,No Show
1738,8974,4553,3003,5441,2024-08-18 13:51:37,2024-08-18 14:14:37,UberPool,652.56,8.2,3.94,Completed
1739,2795,9114,670,784,2024-01-22 18:25:39,2024-01-22 18:36:39,UberBlack,193.68,8.34,3.87,Cancelled
1740,8604,2604,1268,3843,2024-10-02 02:30:56,2024-10-02 03:06:56,UberPool,146.81,4.28,4.63,Cancelled
1741,6048,6780,3725,5130,2024-09-21 12:33:02,2024-09-21 12:48:02,UberPool,99.88,13.09,4.97,Completed
1742,2242,7699,6193,8110,2024-11-26 23:34:15,2024-11-27 00:08:15,UberX,479.25,17.86,4.71,Completed
1743,3128,794,631,4399,2025-04-25 16:34:59,2025-04-25 16:51:59,UberPool,200.58,9.81,4.76,Completed
1744,2173,1453,1458,5905,2024-04-12 20:51:28,2024-04-12 21:08:28,UberBlack,185.37,11.32,3.59,Completed
1745,6120,5533,5547,161,2023-08-18 21:14:12,2023-08-18 21:46:12,UberPool,675.32,3.33,3.69,Completed
1746,9786,1117,8758,6001,2024-12-20 02:20:26,2024-12-20 02:43:26,UberBlack,256.78,2.02,4.08,Cancelled
1747,4447,6186,7093,2297,2024-12-20 16:28:18,2024-12-20 17:13:18,UberBlack,509.04,19.3,4.5,No Show
1748,5303,6819,1029,6538,2023-11-05 09:26:54,2023-11-05 09:53:54,UberPool,114.04,7.07,4.8,Cancelled
1749,7984,3248,610,4466,2025-06-23 11:38:12,2025-06-23 11:53:12,UberX,638.62,15.93,3.68,Completed
1750,7467,9038,7185,8661,2024-10-03 23:27:15,2024-10-04 00:03:15,UberX,648.23,1.12,4.29,Completed
1751,954,5637,6666,9786,2025-06-26 16:20:10,2025-06-26 16:38:10,UberBlack,654.25,10.02,3.86,Completed
1752,3043,1870,3182,5308,2023-08-10 03:37:07,2023-08-10 04:01:07,UberX,759.4,19.42,4.48,Completed
1753,2549,6350,94,3385,2025-07-21 01:22:27,2025-07-21 01:58:27,UberX,782.89,3.46,4.7,Completed
1754,7395,524,4039,7698,2025-01-07 23:16:28,2025-01-07 23:36:28,UberPool,725.29,16.72,3.57,Completed
1755,7336,9958,7134,267,2025-04-15 22:01:46,2025-04-15 22:34:46,UberX,585.98,6.1,4.08,Completed
1756,5536,711,5493,9695,2024-04-19 09:52:51,2024-04-19 10:12:51,UberBlack,604.58,12.01,4.36,Completed
1757,4392,4477,9957,1107,2023-10-06 02:37:06,2023-10-06 03:06:06,UberBlack,114.07,1.83,4.69,Completed
1758,2515,9153,6825,2833,2023-08-12 16:50:30,2023-08-12 17:03:30,UberPool,758.31,18.46,4.17,Completed
1759,4275,1710,5650,713,2025-03-16 19:46:26,2025-03-16 20:24:26,UberBlack,525.22,1.73,4.08,Completed
1760,4352,3809,217,9538,2025-04-02 00:26:49,2025-04-02 00:36:49,UberPool,582.15,17.67,3.62,Completed
1761,2074,3586,4021,3239,2024-05-19 07:56:05,2024-05-19 08:16:05,UberPool,333.27,7.13,4.69,Completed
1762,3589,4403,3095,2915,2023-11-04 09:49:10,2023-11-04 10:18:10,UberPool,243.31,16.48,4.68,Completed
1763,9599,4949,4479,6813,2025-01-26 16:57:01,2025-01-26 17:08:01,UberX,643.0,13.07,4.12,Completed
1764,5961,1730,6762,7641,2025-05-02 13:58:08,2025-05-02 14:22:08,UberX,538.67,12.97,4.54,Completed
1765,1608,9322,7191,479,2025-02-15 00:07:56,2025-02-15 00:39:56,UberBlack,62.31,19.86,4.97,Completed
1766,7287,5613,1017,6438,2023-10-06 15:46:07,2023-10-06 15:52:07,UberBlack,166.48,11.09,3.75,Completed
1767,9588,8966,7175,1097,2024-10-22 00:20:43,2024-10-22 00:44:43,UberPool,406.97,10.28,4.41,Completed
1768,289,534,310,2992,2025-04-28 10:23:46,2025-04-28 10:35:46,UberBlack,559.57,9.57,4.17,Completed
1769,4971,6814,7290,115,2024-01-10 22:51:08,2024-01-10 23:15:08,UberPool,567.19,13.59,3.62,Completed
1770,2350,1093,5086,7151,2023-10-10 09:12:39,2023-10-10 09:43:39,UberPool,150.88,19.95,4.02,Completed
1771,1127,6049,6914,2220,2025-03-11 11:01:58,2025-03-11 11:38:58,UberX,593.65,4.33,4.86,Completed
1772,2934,4490,2493,8616,2025-02-04 21:42:33,2025-02-04 22:05:33,UberPool,424.35,12.14,4.28,Cancelled
1773,6996,3462,8644,1208,2024-03-13 09:57:55,2024-03-13 10:40:55,UberBlack,255.58,1.42,3.91,Completed
1774,5536,3799,9015,640,2024-04-07 12:00:20,2024-04-07 12:07:20,UberBlack,608.86,3.55,4.68,No Show
1775,1583,2202,7318,1668,2023-08-17 01:04:10,2023-08-17 01:26:10,UberX,143.29,3.08,3.77,Completed
1776,8600,5648,8228,8247,2024-04-03 11:38:37,2024-04-03 12:01:37,UberX,100.62,19.17,4.45,Completed
1777,6208,2770,3448,1488,2023-11-01 06:34:37,2023-11-01 06:53:37,UberPool,793.02,12.12,4.14,Completed
1778,8419,1081,2624,5532,2023-10-16 13:55:54,2023-10-16 14:08:54,UberBlack,131.36,13.58,4.32,Completed
1779,2707,2155,3576,1993,2024-12-06 08:27:58,2024-12-06 08:36:58,UberX,283.33,17.12,3.62,Completed
1780,7991,5087,9536,7408,2024-05-15 17:55:16,2024-05-15 18:40:16,UberX,596.79,5.89,4.44,Completed
1781,8769,9333,8359,3731,2024-08-31 19:09:14,2024-08-31 19:19:14,UberBlack,642.88,18.72,3.53,Completed
1782,3766,5143,9545,5605,2025-02-02 06:12:29,2025-02-02 06:36:29,UberBlack,233.37,4.17,4.27,Completed
1783,2171,1213,9788,9236,2023-11-12 15:59:03,2023-11-12 16:17:03,UberBlack,451.81,10.92,4.27,Completed
1784,7265,56,4795,9371,2023-11-20 09:46:15,2023-11-20 09:56:15,UberBlack,247.07,9.57,4.75,Completed
1785,76,3562,101,9584,2024-09-17 22:21:36,2024-09-17 22:36:36,UberX,89.12,11.13,4.82,Completed
1786,9834,6755,8915,3230,2023-11-27 18:56:08,2023-11-27 19:10:08,UberX,613.06,16.46,3.58,Completed
1787,8404,2847,335,1439,2024-04-04 19:00:58,2024-04-04 19:31:58,UberX,455.51,18.81,4.2,No Show
1788,1781,8441,9409,7598,2024-08-31 08:54:27,2024-08-31 09:22:27,UberBlack,519.43,14.7,4.18,Completed
1789,9167,8196,304,7060,2024-05-10 01:57:12,2024-05-10 02:28:12,UberPool,729.91,13.22,4.5,Completed
1790,3834,6031,4581,377,2024-08-01 16:52:12,2024-08-01 17:00:12,UberPool,648.53,13.97,4.24,Completed
1791,2246,7362,7494,7291,2025-02-04 12:03:58,2025-02-04 12:28:58,UberBlack,225.52,17.25,4.89,Completed
1792,1583,3456,7009,1540,2024-07-18 10:28:14,2024-07-18 10:37:14,UberBlack,454.91,10.83,4.83,Completed
1793,1951,2840,8308,6064,2025-05-21 20:43:50,2025-05-21 21:24:50,UberX,185.19,1.98,3.54,Completed
1794,9955,4486,2373,2569,2023-08-12 08:14:56,2023-08-12 08:56:56,UberBlack,249.9,12.87,4.1,Completed
1795,2098,6630,1909,8774,2023-12-13 21:48:23,2023-12-13 22:16:23,UberBlack,397.53,1.94,4.75,Completed
1796,1026,2560,7786,3784,2024-10-15 13:04:18,2024-10-15 13:37:18,UberBlack,463.67,9.3,3.98,Completed
1797,1947,7667,9969,5505,2024-10-11 06:51:43,2024-10-11 07:17:43,UberBlack,411.9,1.81,3.9,Completed
1798,6944,8921,5138,1177,2024-12-12 03:32:13,2024-12-12 04:06:13,UberPool,338.56,19.56,4.86,Completed
1799,7911,3774,2436,7948,2023-09-04 21:32:43,2023-09-04 21:47:43,UberBlack,308.4,16.17,3.54,Cancelled
1800,3577,5617,1983,2564,2024-07-21 01:23:52,2024-07-21 01:35:52,UberX,573.39,13.59,3.57,Completed
1801,1833,9862,2862,9663,2025-02-05 01:08:13,2025-02-05 01:46:13,UberBlack,186.3,16.48,4.28,No Show
1802,3563,1492,1366,1589,2025-05-08 02:09:52,2025-05-08 02:14:52,UberPool,192.55,18.26,3.54,Completed
1803,964,1350,9666,1512,2023-11-04 08:12:16,2023-11-04 08:27:16,UberBlack,93.4,5.82,4.01,Completed
1804,8435,3764,7795,9959,2024-11-20 14:59:13,2024-11-20 15:27:13,UberPool,507.0,5.29,4.49,Completed
1805,4521,5318,6406,8960,2025-03-23 00:37:57,2025-03-23 00:49:57,UberPool,514.91,4.29,3.79,Completed
1806,137,770,3121,7270,2024-12-14 17:58:53,2024-12-14 18:17:53,UberPool,343.21,15.82,4.52,Completed
1807,591,7753,8490,1143,2024-05-17 13:00:20,2024-05-17 13:26:20,UberBlack,97.81,16.75,4.56,Cancelled
1808,8167,7372,8862,3709,2024-06-27 13:17:15,2024-06-27 13:35:15,UberBlack,628.19,4.52,3.6,Completed
1809,6598,4961,4330,5823,2023-08-27 10:17:22,2023-08-27 10:45:22,UberX,386.17,2.26,4.84,Cancelled
1810,7103,6616,9154,9980,2024-04-28 14:41:01,2024-04-28 15:14:01,UberX,282.36,10.01,4.17,Completed
1811,9777,8520,1029,2883,2025-07-26 23:56:13,2025-07-27 00:24:13,UberBlack,312.27,2.86,4.11,Completed
1812,8180,9958,9298,4099,2023-11-16 06:34:52,2023-11-16 06:56:52,UberX,388.6,2.25,4.88,Cancelled
1813,6853,8983,6834,8624,2024-09-04 18:41:16,2024-09-04 19:04:16,UberX,744.19,9.45,3.74,Completed
1814,8705,2789,3102,2442,2025-05-19 11:47:26,2025-05-19 12:09:26,UberX,71.91,4.58,4.96,Completed
1815,2270,1153,2656,9512,2024-05-11 21:25:56,2024-05-11 21:48:56,UberPool,195.92,3.0,4.62,Completed
1816,1814,589,782,2434,2025-07-29 13:32:33,2025-07-29 13:52:33,UberX,478.69,6.86,3.7,Completed
1817,1059,898,9314,4959,2024-12-18 00:21:04,2024-12-18 00:28:04,UberPool,141.16,16.69,3.89,Completed
1818,9328,1555,2867,8347,2025-02-03 05:53:28,2025-02-03 06:10:28,UberBlack,155.37,8.03,3.65,Completed
1819,7501,6901,506,2903,2025-05-10 07:29:31,2025-05-10 07:52:31,UberX,517.18,15.3,4.37,Completed
1820,7581,4882,9131,7422,2025-01-15 17:22:08,2025-01-15 17:56:08,UberBlack,360.66,19.16,3.91,Cancelled
1821,9961,7149,3424,33,2024-05-23 15:32:58,2024-05-23 16:06:58,UberBlack,160.18,18.03,4.76,Completed
1822,2269,9589,7926,9892,2023-11-27 21:11:23,2023-11-27 21:17:23,UberX,585.6,8.68,4.27,Completed
1823,4780,6359,2912,8732,2024-04-26 03:20:26,2024-04-26 03:56:26,UberPool,762.19,7.95,4.16,Completed
1824,8464,5948,7521,3161,2024-04-14 16:47:32,2024-04-14 16:58:32,UberX,115.47,7.95,4.59,Completed
1825,6358,9156,7697,4492,2024-12-16 01:07:52,2024-12-16 01:32:52,UberPool,355.83,6.93,3.84,Completed
1826,1860,8759,6121,6328,2024-09-10 21:10:37,2024-09-10 21:19:37,UberBlack,202.19,4.53,4.82,No Show
1827,564,2353,4782,7055,2023-10-05 01:51:13,2023-10-05 01:56:13,UberPool,691.15,8.34,4.88,Completed
1828,556,4855,7704,2184,2025-01-28 15:14:28,2025-01-28 15:37:28,UberBlack,659.94,18.67,4.73,Completed
1829,8476,1723,7827,9912,2025-03-10 22:02:31,2025-03-10 22:37:31,UberPool,126.76,18.64,4.88,Completed
1830,9171,4142,1333,5222,2024-02-09 19:16:31,2024-02-09 19:31:31,UberBlack,417.67,3.01,4.04,Cancelled
1831,5282,8016,231,7632,2025-03-07 06:13:29,2025-03-07 06:58:29,UberX,599.67,19.4,4.14,Cancelled
1832,3057,3891,582,4978,2024-06-24 07:27:07,2024-06-24 07:35:07,UberPool,650.23,16.98,4.66,Completed
1833,6445,3199,2817,8297,2025-07-25 11:37:17,2025-07-25 11:48:17,UberBlack,531.65,14.99,4.37,Completed
1834,1353,9179,1711,1345,2024-05-26 08:30:56,2024-05-26 08:48:56,UberX,69.76,19.82,4.08,Completed
1835,6727,9798,7497,1797,2024-06-17 22:21:16,2024-06-17 23:03:16,UberPool,379.72,15.95,4.39,Completed
1836,2822,6177,6573,6221,2025-07-22 04:19:43,2025-07-22 04:55:43,UberPool,120.94,2.22,4.69,Completed
1837,9522,5918,8078,673,2023-10-10 00:40:36,2023-10-10 00:48:36,UberX,383.89,19.8,4.87,No Show
1838,7509,2220,1200,2304,2025-03-28 23:54:19,2025-03-29 00:04:19,UberX,658.69,15.69,4.7,Cancelled
1839,9961,324,6605,2519,2024-09-22 12:22:09,2024-09-22 12:56:09,UberPool,214.22,10.02,4.75,No Show
1840,9118,2422,4242,2368,2025-08-01 22:02:35,2025-08-01 22:34:35,UberPool,416.16,14.96,4.74,Completed
1841,141,4581,5310,4920,2024-10-09 12:37:48,2024-10-09 13:16:48,UberBlack,311.44,3.15,3.53,Completed
1842,8458,6134,7803,4079,2023-08-31 08:47:20,2023-08-31 09:22:20,UberPool,59.47,6.06,4.52,No Show
1843,7565,8173,7931,1659,2023-09-14 17:06:35,2023-09-14 17:34:35,UberBlack,444.77,15.16,3.69,Cancelled
1844,9128,7996,1608,2381,2024-11-26 10:53:35,2024-11-26 11:20:35,UberX,496.94,5.08,4.98,Completed
1845,9696,1214,8053,9473,2024-12-26 09:24:37,2024-12-26 09:42:37,UberPool,364.82,18.21,3.9,Completed
1846,1377,1064,2190,6404,2025-04-05 05:42:22,2025-04-05 05:51:22,UberBlack,795.92,14.91,4.59,Completed
1847,7942,2448,7982,5166,2025-01-20 08:11:06,2025-01-20 08:40:06,UberPool,543.75,4.63,4.35,Completed
1848,8106,3500,7011,7654,2024-07-26 03:05:17,2024-07-26 03:24:17,UberX,753.37,9.01,4.77,Completed
1849,7212,2661,6802,7376,2023-12-04 03:47:52,2023-12-04 04:20:52,UberX,208.79,5.98,3.7,Completed
1850,8024,2200,4387,3922,2024-03-06 04:59:46,2024-03-06 05:22:46,UberPool,78.06,2.38,4.61,Completed
1851,8018,2295,6568,7144,2025-07-20 12:36:52,2025-07-20 12:57:52,UberBlack,410.62,17.38,3.96,Completed
1852,6385,5159,4112,1929,2024-05-18 06:36:09,2024-05-18 06:55:09,UberX,109.72,8.62,4.09,Completed
1853,8184,2498,2352,4976,2025-05-31 21:42:52,2025-05-31 22:08:52,UberBlack,138.25,7.74,4.12,Completed
1854,1298,836,4268,8526,2025-04-13 07:46:59,2025-04-13 07:51:59,UberX,351.69,2.11,4.14,Completed
1855,6012,9711,21,3343,2025-05-17 05:04:09,2025-05-17 05:34:09,UberBlack,678.35,15.85,4.14,No Show
1856,5290,7695,355,5495,2024-11-16 08:38:09,2024-11-16 09:23:09,UberX,270.43,19.14,4.58,Completed
1857,7976,2588,9177,4491,2024-05-20 22:54:13,2024-05-20 23:23:13,UberX,758.11,6.38,3.58,Cancelled
1858,3331,8413,7405,5503,2025-07-01 20:50:21,2025-07-01 21:33:21,UberPool,611.87,14.62,4.29,Completed
1859,2398,876,3501,299,2024-04-13 21:21:05,2024-04-13 21:56:05,UberX,528.72,1.82,3.99,Completed
1860,6846,382,7376,5006,2023-11-26 11:38:37,2023-11-26 11:49:37,UberPool,329.56,10.41,3.98,Completed
1861,8825,385,8118,4477,2023-10-17 19:32:48,2023-10-17 19:43:48,UberBlack,287.05,19.43,4.46,No Show
1862,7525,284,5440,8059,2025-07-13 22:21:06,2025-07-13 22:52:06,UberBlack,244.03,8.15,3.87,Completed
1863,1613,2991,4984,9092,2023-11-20 09:33:01,2023-11-20 09:45:01,UberPool,477.58,4.16,3.91,Cancelled
1864,3180,4626,6563,5994,2025-05-25 11:09:57,2025-05-25 11:32:57,UberX,608.31,12.23,3.61,Cancelled
1865,844,6890,827,2902,2025-06-03 21:58:39,2025-06-03 22:11:39,UberBlack,163.84,19.59,4.0,Completed
1866,9796,8001,2570,6881,2023-11-18 18:57:00,2023-11-18 19:26:00,UberX,150.81,17.27,4.85,Completed
1867,7685,1546,8900,1066,2023-10-25 19:00:54,2023-10-25 19:24:54,UberBlack,442.16,1.81,4.42,Cancelled
1868,9193,5868,6259,1694,2025-06-02 18:14:51,2025-06-02 18:38:51,UberX,355.53,13.48,4.95,Cancelled
1869,9561,1217,3643,6250,2024-04-17 00:34:20,2024-04-17 01:13:20,UberPool,398.25,10.1,4.98,Completed
1870,8369,2862,7757,7024,2024-05-18 16:17:59,2024-05-18 16:53:59,UberPool,58.88,6.07,4.89,Completed
1871,6438,8798,9253,4860,2024-06-15 07:35:57,2024-06-15 07:44:57,UberBlack,220.6,1.98,3.56,Completed
1872,2334,6580,8531,3793,2025-01-16 05:38:43,2025-01-16 06:03:43,UberPool,595.98,13.05,3.65,Completed
1873,9624,517,3571,1374,2024-01-01 14:55:05,2024-01-01 15:38:05,UberX,112.41,18.66,3.6,Completed
1874,5515,9538,3755,5490,2023-10-27 10:34:34,2023-10-27 10:52:34,UberBlack,521.63,19.66,3.68,Cancelled
1875,6702,6696,2914,743,2025-01-08 03:35:11,2025-01-08 04:07:11,UberPool,471.23,8.45,4.67,Cancelled
1876,57,696,2495,8439,2024-03-08 01:48:45,2024-03-08 02:28:45,UberPool,298.42,2.3,4.75,Completed
1877,471,2104,1473,5878,2024-12-29 13:36:39,2024-12-29 13:43:39,UberPool,166.03,17.67,4.79,Completed
1878,2495,4145,7598,7308,2024-02-24 13:34:15,2024-02-24 13:44:15,UberX,534.21,17.97,3.97,Completed
1879,8817,8486,7729,6657,2025-01-03 15:11:34,2025-01-03 15:34:34,UberBlack,598.34,18.88,3.53,Cancelled
1880,4157,431,5249,2560,2023-08-27 12:46:21,2023-08-27 13:15:21,UberBlack,70.76,17.66,4.95,Completed
1881,4821,6005,6300,4531,2024-03-01 00:33:43,2024-03-01 00:44:43,UberPool,700.06,3.76,4.65,Completed
1882,2727,2025,3423,1273,2024-04-12 23:21:55,2024-04-12 23:45:55,UberBlack,246.6,8.71,3.84,Completed
1883,2855,538,9967,5204,2025-01-16 07:29:40,2025-01-16 07:57:40,UberBlack,250.95,7.53,4.98,Completed
1884,7432,9754,5395,3019,2024-07-09 12:13:50,2024-07-09 12:44:50,UberPool,310.01,1.72,3.59,Completed
1885,4768,8526,4650,3160,2024-08-29 17:47:44,2024-08-29 18:01:44,UberX,516.29,14.5,4.85,Completed
1886,7076,1477,711,9755,2025-04-20 23:23:10,2025-04-20 23:54:10,UberBlack,183.5,5.68,4.59,Completed
1887,1547,7019,3191,6261,2025-06-26 14:50:56,2025-06-26 15:00:56,UberX,293.19,1.16,4.65,Completed
1888,9395,4210,2431,2033,2024-02-25 10:21:53,2024-02-25 10:35:53,UberBlack,796.31,8.97,4.42,Completed
1889,604,6257,806,8129,2025-07-11 04:01:06,2025-07-11 04:35:06,UberPool,683.03,9.5,3.64,Completed
1890,6415,5392,2266,3088,2025-05-21 02:18:09,2025-05-21 02:59:09,UberPool,562.84,8.9,4.84,Completed
1891,4627,987,5525,7481,2024-08-16 07:59:34,2024-08-16 08:36:34,UberBlack,646.47,16.76,4.8,Completed
1892,9508,120,5510,1968,2025-06-20 15:19:37,2025-06-20 16:02:37,UberX,594.83,12.14,4.39,Completed
1893,5909,967,6163,290,2025-06-27 07:54:53,2025-06-27 08:12:53,UberPool,666.07,16.96,4.76,Completed
1894,5600,2155,1593,897,2024-07-24 11:32:21,2024-07-24 11:51:21,UberX,122.75,1.48,4.2,Completed
1895,9,3722,2658,4528,2024-04-14 05:07:17,2024-04-14 05:38:17,UberPool,413.04,8.96,4.44,Completed
1896,7397,9039,87,6962,2025-05-12 21:37:43,2025-05-12 22:00:43,UberBlack,117.33,2.02,4.98,Completed
1897,117,1043,7698,2557,2024-07-10 01:28:20,2024-07-10 02:09:20,UberPool,510.55,10.41,3.76,Completed
1898,5571,8590,5756,1892,2023-12-09 01:37:33,2023-12-09 02:03:33,UberPool,683.15,1.68,3.8,Completed
1899,9415,4632,1520,7194,2024-05-27 07:44:46,2024-05-27 07:53:46,UberX,547.99,5.43,4.44,Completed
1900,687,7992,5482,8749,2024-11-30 00:06:15,2024-11-30 00:25:15,UberBlack,539.37,16.12,4.76,No Show
1901,8049,3981,4660,8040,2023-11-04 14:06:54,2023-11-04 14:34:54,UberX,94.17,8.64,4.34,Completed
1902,3017,9196,8312,6537,2024-03-16 06:39:52,2024-03-16 06:57:52,UberBlack,331.87,13.39,4.87,Completed
1903,1090,1267,5962,2244,2023-12-19 09:49:48,2023-12-19 10:16:48,UberX,363.92,13.35,4.03,Completed
1904,3450,4847,3727,423,2025-02-18 08:52:36,2025-02-18 09:19:36,UberBlack,271.22,8.68,4.14,Completed
1905,2342,8336,6311,9143,2023-12-09 09:10:18,2023-12-09 09:26:18,UberPool,392.07,8.72,4.97,Completed
1906,616,4037,1024,9524,2024-12-18 21:51:36,2024-12-18 22:36:36,UberBlack,160.92,3.95,4.79,Completed
1907,7850,7679,1937,6024,2024-10-30 12:00:35,2024-10-30 12:27:35,UberPool,577.69,18.85,3.86,Completed
1908,2578,4744,1082,1708,2023-11-26 11:06:05,2023-11-26 11:32:05,UberBlack,149.15,16.06,4.37,Completed
1909,9879,7016,3891,6879,2024-07-25 03:44:24,2024-07-25 03:49:24,UberPool,483.34,1.75,3.79,Completed
1910,6000,6038,1642,3812,2023-10-26 23:41:05,2023-10-26 23:51:05,UberX,67.64,12.97,4.35,Completed
1911,8575,8836,7040,3187,2023-08-08 20:49:34,2023-08-08 21:15:34,UberX,496.3,3.67,3.51,Completed
1912,6280,5792,7362,4944,2024-05-30 09:05:40,2024-05-30 09:30:40,UberBlack,236.93,10.3,4.41,Completed
1913,2273,2529,6016,6777,2025-04-19 07:31:53,2025-04-19 07:49:53,UberPool,431.2,2.29,3.54,Completed
1914,1088,2506,1331,4914,2024-11-08 07:12:51,2024-11-08 07:33:51,UberX,149.26,11.28,3.62,Completed
1915,964,4510,4012,2262,2024-08-14 00:03:02,2024-08-14 00:38:02,UberX,585.91,7.51,4.15,Completed
1916,6108,5923,9309,2282,2024-06-15 21:25:41,2024-06-15 21:38:41,UberBlack,424.53,4.48,4.45,Completed
1917,1329,4490,1730,4811,2025-04-19 23:37:18,2025-04-20 00:15:18,UberBlack,338.66,16.67,4.57,Completed
1918,2188,3123,8260,4681,2024-07-17 12:07:49,2024-07-17 12:32:49,UberX,194.33,15.4,4.65,Completed
1919,7184,7027,938,4416,2024-04-07 06:17:10,2024-04-07 06:22:10,UberX,722.97,15.02,4.34,Cancelled
1920,8916,6838,7358,687,2025-02-24 02:45:47,2025-02-24 02:54:47,UberX,402.55,19.07,4.54,Completed
1921,7725,4338,4638,4244,2025-05-02 19:10:47,2025-05-02 19:17:47,UberPool,96.57,5.82,4.97,Completed
1922,2135,2659,2677,6840,2024-04-22 20:09:21,2024-04-22 20:33:21,UberX,487.33,5.21,4.16,Completed
1923,5921,5045,561,3634,2024-12-04 17:19:34,2024-12-04 17:56:34,UberX,483.5,6.79,4.14,Completed
1924,5267,9570,3004,3074,2024-09-11 03:39:37,2024-09-11 03:53:37,UberX,686.36,14.83,4.21,Completed
1925,2591,2953,6738,7244,2024-02-14 00:10:15,2024-02-14 00:19:15,UberBlack,335.26,5.86,4.64,Completed
1926,4710,5849,6629,2202,2025-04-28 06:55:29,2025-04-28 07:24:29,UberPool,79.97,5.35,4.93,Cancelled
1927,8903,5695,8195,5541,2023-10-19 09:21:46,2023-10-19 10:02:46,UberBlack,492.17,18.13,4.45,Completed
1928,3591,982,4388,7729,2023-10-06 15:33:06,2023-10-06 16:07:06,UberPool,563.04,6.2,4.43,Completed
1929,5503,9038,3467,9957,2023-09-18 06:41:00,2023-09-18 06:52:00,UberX,142.76,5.24,3.58,Completed
1930,2409,3426,1344,3054,2024-09-22 03:56:50,2024-09-22 04:07:50,UberPool,691.32,2.92,4.88,Completed
1931,6964,7326,2284,5841,2025-05-14 00:42:41,2025-05-14 00:52:41,UberBlack,619.81,9.66,4.76,Completed
1932,2450,495,9849,8476,2023-10-26 01:46:53,2023-10-26 02:31:53,UberX,661.32,19.69,3.72,Completed
1933,8251,2284,1565,28,2023-12-12 09:26:23,2023-12-12 09:34:23,UberPool,727.16,16.23,4.64,Completed
1934,8856,8950,7851,1238,2024-01-01 22:15:14,2024-01-01 22:20:14,UberBlack,317.19,6.54,3.91,Completed
1935,885,9064,939,8877,2024-02-29 16:29:32,2024-02-29 16:58:32,UberPool,356.82,10.86,4.48,Completed
1936,4083,3440,6194,2551,2025-07-20 23:06:46,2025-07-20 23:20:46,UberX,707.04,15.64,4.9,No Show
1937,4529,6240,7036,9389,2024-09-25 07:37:58,2024-09-25 08:04:58,UberBlack,250.63,6.91,4.89,Completed
1938,2387,9179,248,5943,2024-11-15 07:35:10,2024-11-15 07:59:10,UberBlack,442.26,7.88,4.2,Completed
1939,7683,5996,9850,1436,2024-02-13 22:14:48,2024-02-13 22:45:48,UberBlack,188.55,12.77,3.59,Completed
1940,2702,7722,6804,9929,2025-05-04 04:42:54,2025-05-04 04:55:54,UberX,323.34,18.52,3.56,Completed
1941,6937,6539,2398,7408,2023-12-28 02:00:27,2023-12-28 02:13:27,UberX,305.04,10.25,3.6,Completed
1942,9056,220,4658,750,2024-01-19 10:46:26,2024-01-19 11:21:26,UberBlack,324.01,10.72,3.7,Completed
1943,8460,5120,5257,9712,2024-06-03 07:22:25,2024-06-03 08:06:25,UberX,217.87,10.4,4.82,Completed
1944,7998,8222,3363,4475,2024-03-18 21:06:25,2024-03-18 21:14:25,UberX,798.74,11.26,4.87,No Show
1945,7281,6518,7465,200,2024-12-13 04:51:31,2024-12-13 05:08:31,UberBlack,706.24,16.54,4.16,Completed
1946,2348,7703,9101,642,2024-04-21 07:28:16,2024-04-21 07:45:16,UberX,356.57,14.48,4.36,Completed
1947,6715,4095,6049,542,2023-10-15 09:20:40,2023-10-15 09:30:40,UberPool,189.73,10.18,3.72,Completed
1948,7646,4446,600,8883,2025-01-09 04:36:11,2025-01-09 04:55:11,UberPool,279.56,3.88,3.71,Completed
1949,6596,3794,5119,5062,2023-11-04 07:41:39,2023-11-04 07:50:39,UberPool,253.39,16.1,4.16,Completed
1950,9372,5533,9277,4516,2024-10-02 03:17:14,2024-10-02 03:29:14,UberX,425.93,8.2,4.64,Completed
1951,8654,9497,8586,1014,2024-07-06 10:18:01,2024-07-06 11:00:01,UberX,620.31,1.37,4.4,Completed
1952,1112,8586,7796,5822,2024-04-14 10:25:47,2024-04-14 10:52:47,UberPool,770.47,16.86,3.85,No Show
1953,5793,2988,5269,2271,2024-11-23 10:07:06,2024-11-23 10:32:06,UberX,71.14,15.42,3.79,Completed
1954,3266,7545,7793,6712,2024-09-14 23:57:36,2024-09-15 00:05:36,UberPool,546.61,19.3,4.21,No Show
1955,2225,4073,1862,5550,2024-12-10 07:22:24,2024-12-10 07:59:24,UberBlack,629.83,8.68,3.56,Completed
1956,8425,1997,5651,8598,2023-10-11 10:49:39,2023-10-11 11:21:39,UberPool,399.07,5.25,4.44,Completed
1957,8725,8202,8531,3846,2024-08-02 07:12:31,2024-08-02 07:32:31,UberBlack,344.13,11.42,4.47,Cancelled
1958,5198,7097,106,7101,2025-03-03 02:07:03,2025-03-03 02:14:03,UberPool,565.74,14.57,4.2,No Show
1959,8426,8731,8472,209,2025-07-01 11:21:06,2025-07-01 11:50:06,UberBlack,555.14,14.1,3.61,No Show
1960,9605,1335,1996,4514,2025-03-16 08:30:56,2025-03-16 08:45:56,UberPool,473.7,19.95,4.67,Completed
1961,9035,6328,6375,3348,2024-07-05 08:11:45,2024-07-05 08:50:45,UberPool,781.01,8.39,3.61,Cancelled
1962,9041,7377,1621,2815,2025-07-21 17:04:14,2025-07-21 17:37:14,UberBlack,392.67,5.88,3.68,Completed
1963,8458,5226,9055,8337,2023-08-09 11:02:25,2023-08-09 11:15:25,UberBlack,215.16,2.24,4.58,Completed
1964,1698,4802,4665,1950,2024-10-08 08:52:07,2024-10-08 09:30:07,UberPool,750.83,8.91,3.69,Completed
1965,8739,3406,3878,1801,2025-02-20 17:08:06,2025-02-20 17:38:06,UberBlack,424.07,1.89,3.85,Completed
1966,8112,5028,968,9579,2025-01-02 13:44:14,2025-01-02 14:05:14,UberBlack,139.33,19.67,4.96,Completed
1967,4886,7914,5361,6016,2023-09-11 12:12:50,2023-09-11 12:26:50,UberX,753.59,13.06,3.8,Completed
1968,318,2785,6007,7835,2024-08-07 12:41:18,2024-08-07 12:48:18,UberX,690.13,12.05,3.7,Completed
1969,3994,6716,36,3372,2024-11-14 13:33:26,2024-11-14 13:41:26,UberX,422.51,12.9,3.6,Completed
1970,2441,4255,9937,4513,2024-03-12 18:32:59,2024-03-12 19:02:59,UberBlack,125.74,18.37,4.47,Completed
1971,2068,8749,2719,3094,2025-05-15 11:50:46,2025-05-15 12:07:46,UberX,636.3,14.01,4.97,Completed
1972,8875,824,9841,3031,2025-05-12 13:49:35,2025-05-12 14:17:35,UberBlack,352.01,2.52,3.63,Cancelled
1973,1593,2801,5730,3439,2024-06-14 05:43:19,2024-06-14 05:51:19,UberX,794.99,16.36,3.58,Completed
1974,1226,6664,7648,8009,2024-06-19 14:20:07,2024-06-19 14:59:07,UberX,757.07,16.7,4.91,Completed
1975,2207,3997,3592,4517,2025-08-03 17:53:37,2025-08-03 18:21:37,UberBlack,242.43,3.77,4.6,Completed
1976,7911,1346,8182,8469,2025-02-08 17:34:47,2025-02-08 17:46:47,UberX,744.32,16.19,4.59,No Show
1977,6895,7698,5949,7075,2023-10-29 16:33:47,2023-10-29 16:59:47,UberX,378.48,10.08,3.73,Completed
1978,6792,1925,3582,5130,2024-01-27 22:40:33,2024-01-27 22:48:33,UberX,558.78,6.39,3.62,Completed
1979,2060,1919,4318,1135,2023-09-21 14:56:24,2023-09-21 15:03:24,UberPool,610.7,19.21,3.98,Cancelled
1980,101,3067,407,9384,2024-01-09 00:51:05,2024-01-09 01:12:05,UberBlack,617.39,3.41,3.91,Completed
1981,1628,6100,9773,5035,2023-08-23 19:15:46,2023-08-23 19:46:46,UberPool,299.47,1.05,3.73,Completed
1982,9989,7622,8491,3843,2025-02-21 04:06:57,2025-02-21 04:22:57,UberX,518.91,15.3,4.76,Completed
1983,7285,7153,402,9791,2024-02-05 15:25:32,2024-02-05 16:05:32,UberPool,476.21,4.87,3.95,Completed
1984,8190,1043,984,1996,2025-04-27 10:01:14,2025-04-27 10:18:14,UberPool,657.6,10.51,4.78,Completed
1985,6180,1927,6130,5737,2024-05-01 03:57:14,2024-05-01 04:10:14,UberBlack,248.07,12.76,4.79,Cancelled
1986,7834,8222,2019,3344,2024-05-29 01:05:20,2024-05-29 01:10:20,UberPool,619.63,2.74,4.33,No Show
1987,1171,5054,1698,2972,2023-11-26 19:17:59,2023-11-26 19:26:59,UberPool,545.43,3.33,4.39,Completed
1988,7062,74,1940,796,2024-12-06 16:50:43,2024-12-06 17:03:43,UberPool,594.13,9.96,4.91,Cancelled
1989,7787,9721,7192,8377,2023-12-20 18:53:19,2023-12-20 18:59:19,UberBlack,195.32,15.87,3.66,Completed
1990,3514,9718,4980,8910,2023-10-11 06:06:39,2023-10-11 06:26:39,UberPool,324.83,6.93,3.54,Completed
1991,8048,4898,1367,8046,2023-12-30 21:48:50,2023-12-30 22:21:50,UberPool,130.41,8.79,4.28,Completed
1992,3885,4119,2500,2475,2025-07-06 17:21:33,2025-07-06 17:42:33,UberBlack,634.44,8.34,3.66,Completed
1993,5349,1605,8733,9754,2024-04-25 02:19:50,2024-04-25 03:03:50,UberBlack,365.35,12.71,4.55,Completed
1994,6454,2607,3313,4121,2023-08-16 01:46:17,2023-08-16 02:03:17,UberX,89.02,9.18,3.53,Completed
1995,4148,2175,328,1826,2024-06-11 00:47:53,2024-06-11 01:14:53,UberPool,158.98,15.58,4.31,Completed
1996,7376,8494,3907,3371,2024-02-26 05:18:55,2024-02-26 06:03:55,UberPool,187.07,2.87,4.49,Completed
1997,9976,9582,6530,7792,2024-08-05 03:42:11,2024-08-05 04:01:11,UberX,510.93,2.96,4.08,Completed
1998,8573,2895,1675,8839,2023-11-17 02:25:06,2023-11-17 03:02:06,UberBlack,327.27,5.76,4.19,Completed
1999,3746,4723,1359,9366,2025-01-10 03:08:43,2025-01-10 03:14:43,UberBlack,733.33,11.43,4.44,Completed
2000,6560,4519,8449,7133,2023-08-24 14:20:02,2023-08-24 14:54:02,UberBlack,304.78,16.5,4.21,Completed
2001,4714,5373,2489,2183,2024-12-29 20:36:21,2024-12-29 21:21:21,UberBlack,419.83,19.24,4.58,Completed
2002,7549,7704,2567,570,2024-12-08 00:10:39,2024-12-08 00:18:39,UberBlack,590.22,5.45,4.67,Completed
2003,871,9750,9078,9442,2025-08-04 00:49:05,2025-08-04 01:21:05,UberPool,255.05,18.35,4.63,Completed
2004,2877,8887,522,1677,2024-11-07 18:50:12,2024-11-07 19:29:12,UberPool,401.71,9.58,3.62,Cancelled
2005,4405,9335,4134,1263,2024-05-22 03:44:18,2024-05-22 03:53:18,UberBlack,327.68,1.04,4.42,Completed
2006,959,8032,7285,3169,2024-09-22 14:02:44,2024-09-22 14:31:44,UberX,350.09,19.48,4.11,Completed
2007,8194,2453,2049,4236,2024-08-03 20:30:12,2024-08-03 20:52:12,UberX,390.69,16.68,4.37,Completed
2008,7801,6938,4260,5975,2024-06-14 13:13:03,2024-06-14 13:18:03,UberPool,390.13,3.76,4.39,Cancelled
2009,2223,5806,7128,5690,2023-08-14 22:41:40,2023-08-14 23:09:40,UberBlack,299.39,9.44,4.01,Completed
2010,2066,8377,1817,2666,2025-01-12 15:15:44,2025-01-12 15:20:44,UberPool,77.19,8.97,3.98,Completed
2011,805,3968,4130,335,2023-09-28 05:19:07,2023-09-28 05:54:07,UberPool,648.65,4.78,4.83,Completed
2012,2594,7415,7363,159,2025-01-29 12:05:22,2025-01-29 12:40:22,UberPool,540.09,12.51,3.82,Completed
2013,4697,2891,2740,3195,2024-12-11 06:38:11,2024-12-11 07:18:11,UberBlack,274.75,18.14,3.69,Completed
2014,9674,8887,207,1589,2025-07-14 13:09:02,2025-07-14 13:44:02,UberPool,96.88,4.83,4.29,Completed
2015,8987,1942,7065,8556,2023-12-08 01:36:50,2023-12-08 02:18:50,UberBlack,657.28,5.01,4.53,Completed
2016,4269,5606,3129,4540,2025-03-04 15:51:50,2025-03-04 16:36:50,UberPool,299.9,14.21,3.62,Completed
2017,937,4655,3574,8311,2025-03-02 03:40:19,2025-03-02 04:01:19,UberPool,615.64,11.5,4.29,Completed
2018,1561,4107,9297,3253,2023-10-15 02:50:25,2023-10-15 03:02:25,UberPool,460.25,5.16,3.85,Completed
2019,9324,1629,5385,850,2024-02-05 12:23:00,2024-02-05 13:07:00,UberX,360.72,4.59,3.87,Completed
2020,9318,5922,4004,9060,2025-01-21 07:12:38,2025-01-21 07:56:38,UberX,458.01,19.37,3.82,Completed
2021,3329,7889,3765,5349,2024-01-25 12:13:00,2024-01-25 12:51:00,UberBlack,94.25,4.07,4.44,Completed
2022,9891,8665,5564,9315,2023-09-13 13:27:08,2023-09-13 14:04:08,UberBlack,100.86,11.19,3.99,Completed
2023,5773,1051,5607,6727,2025-03-08 22:33:52,2025-03-08 23:09:52,UberPool,255.64,3.53,4.99,Completed
2024,872,3275,610,6801,2024-04-24 20:06:24,2024-04-24 20:26:24,UberPool,343.61,1.72,4.71,Completed
2025,2334,4802,8691,735,2024-08-02 09:07:46,2024-08-02 09:29:46,UberBlack,745.18,18.06,4.41,Completed
2026,4432,4758,7257,6915,2025-01-02 14:22:26,2025-01-02 14:40:26,UberBlack,196.7,9.65,4.66,Completed
2027,8414,3903,311,4165,2023-10-12 04:47:50,2023-10-12 05:20:50,UberX,638.25,5.63,3.51,No Show
2028,170,6950,4430,9702,2025-04-23 18:01:07,2025-04-23 18:12:07,UberX,489.7,15.01,4.39,Completed
2029,7549,5409,9496,7337,2025-07-27 17:30:35,2025-07-27 17:48:35,UberBlack,124.77,1.99,3.76,Completed
2030,6996,3740,2722,2983,2024-05-11 08:42:04,2024-05-11 09:07:04,UberBlack,325.61,6.36,5.0,Completed
2031,2149,2402,2193,1215,2023-10-27 07:36:03,2023-10-27 07:48:03,UberBlack,215.33,10.63,4.14,Completed
2032,9132,1068,6633,7101,2024-11-13 11:38:39,2024-11-13 11:44:39,UberX,710.48,12.7,3.96,Completed
2033,5285,9523,8126,2613,2025-06-21 00:16:29,2025-06-21 00:37:29,UberPool,116.54,11.59,4.61,No Show
2034,5777,4174,3419,6390,2024-05-12 08:27:07,2024-05-12 09:08:07,UberBlack,774.06,2.41,3.56,Cancelled
2035,5075,3286,154,5959,2024-11-21 15:04:36,2024-11-21 15:23:36,UberPool,270.43,11.83,4.85,Completed
2036,697,3488,8843,1082,2024-01-25 07:21:40,2024-01-25 07:29:40,UberBlack,403.34,12.08,4.68,Completed
2037,6747,5763,5860,1172,2024-01-08 06:10:43,2024-01-08 06:29:43,UberX,492.32,16.92,4.95,Completed
2038,4925,7365,5282,4081,2024-08-11 20:27:31,2024-08-11 20:46:31,UberX,511.13,7.02,4.36,Completed
2039,9061,7147,481,2987,2025-07-02 00:16:52,2025-07-02 00:51:52,UberX,123.82,17.57,4.18,Completed
2040,2315,2652,6777,3270,2023-11-22 16:16:24,2023-11-22 16:54:24,UberX,763.28,18.76,4.2,Completed
2041,3134,995,8987,3105,2024-05-17 10:19:08,2024-05-17 10:45:08,UberPool,444.14,10.63,3.54,Completed
2042,5268,4869,204,3080,2023-10-07 10:29:58,2023-10-07 10:54:58,UberBlack,390.23,11.17,4.05,Completed
2043,3259,1859,5540,7757,2024-01-14 05:24:07,2024-01-14 06:08:07,UberX,644.13,6.89,3.89,Completed
2044,7591,5362,9574,9323,2025-05-15 19:20:01,2025-05-15 19:56:01,UberPool,503.41,5.19,4.82,Completed
2045,1437,7862,1806,213,2024-01-28 05:59:10,2024-01-28 06:33:10,UberPool,278.75,7.48,3.56,Completed
2046,147,3857,2941,111,2024-09-23 05:02:37,2024-09-23 05:08:37,UberBlack,367.65,8.7,4.02,Completed
2047,846,2547,4969,2228,2024-07-07 07:11:00,2024-07-07 07:17:00,UberX,531.34,3.81,3.92,Cancelled
2048,4285,168,2565,8552,2025-03-16 03:08:32,2025-03-16 03:31:32,UberPool,425.8,1.92,3.61,Completed
2049,4861,2214,5509,328,2024-01-18 20:30:07,2024-01-18 21:10:07,UberX,511.54,14.72,4.77,Completed
2050,7344,8967,5293,2373,2024-10-25 20:05:57,2024-10-25 20:14:57,UberX,710.4,4.04,4.41,Completed
2051,5021,6093,3600,1623,2024-11-22 10:17:44,2024-11-22 10:23:44,UberX,144.44,15.04,4.89,Completed
2052,7213,7928,5596,8514,2024-07-20 18:58:22,2024-07-20 19:16:22,UberPool,522.75,3.17,4.55,No Show
2053,8582,7612,6938,2229,2024-05-02 00:14:21,2024-05-02 00:19:21,UberBlack,440.67,4.27,4.37,Completed
2054,4134,3169,9115,3492,2024-03-17 01:14:36,2024-03-17 01:30:36,UberBlack,477.71,1.31,3.9,Completed
2055,2019,155,7330,5771,2024-07-07 20:28:51,2024-07-07 20:36:51,UberPool,121.49,7.61,4.18,Completed
2056,1298,3615,6852,8440,2024-10-03 02:45:55,2024-10-03 02:57:55,UberX,318.26,9.12,3.97,Completed
2057,6925,9959,9177,110,2023-12-02 08:19:46,2023-12-02 08:31:46,UberX,181.69,5.0,3.53,Cancelled
2058,9781,1941,7547,944,2025-01-29 16:29:44,2025-01-29 16:53:44,UberPool,382.29,19.28,4.0,Cancelled
2059,631,4718,9153,8853,2024-01-01 19:49:18,2024-01-01 20:29:18,UberX,425.49,4.75,4.24,Completed
2060,3336,9359,444,5031,2024-09-02 01:20:29,2024-09-02 01:30:29,UberX,466.48,10.88,3.95,Completed
2061,274,6580,4670,6880,2024-04-24 22:55:01,2024-04-24 23:10:01,UberBlack,91.81,10.49,4.78,Completed
2062,2736,2237,1634,6001,2024-08-07 17:12:11,2024-08-07 17:42:11,UberPool,222.97,17.98,4.97,Cancelled
2063,6975,7882,8255,2337,2024-01-06 02:35:13,2024-01-06 03:20:13,UberX,312.89,10.63,4.01,Completed
2064,3411,5031,2802,9941,2023-11-07 14:13:19,2023-11-07 14:56:19,UberPool,317.22,16.34,4.03,Completed
2065,3754,8625,5937,512,2023-11-13 20:44:59,2023-11-13 21:16:59,UberBlack,732.64,18.67,3.61,Completed
2066,7819,496,4492,4118,2024-05-18 03:30:36,2024-05-18 03:50:36,UberPool,145.63,11.81,4.54,Completed
2067,3038,2200,2023,2368,2024-07-18 04:29:49,2024-07-18 04:49:49,UberPool,558.7,17.96,3.51,Completed
2068,8649,2220,8218,8745,2024-01-19 13:54:40,2024-01-19 14:37:40,UberX,593.92,13.88,4.99,Completed
2069,992,497,5770,2277,2024-01-25 19:47:01,2024-01-25 19:55:01,UberX,367.6,1.58,4.76,Completed
2070,6416,412,9558,8122,2025-06-15 06:22:49,2025-06-15 06:57:49,UberPool,565.24,7.41,4.84,Completed
2071,3113,6352,7936,7710,2024-03-03 14:47:06,2024-03-03 15:05:06,UberBlack,743.13,6.62,3.67,Completed
2072,2629,7628,2774,8435,2023-09-03 16:17:47,2023-09-03 16:23:47,UberPool,660.04,14.38,3.84,Completed
2073,4844,7101,3068,3473,2025-07-02 01:31:26,2025-07-02 02:11:26,UberBlack,731.29,11.17,4.4,Completed
2074,8607,1306,878,9395,2025-06-03 04:04:52,2025-06-03 04:43:52,UberPool,127.97,6.69,3.99,Completed
2075,5259,7282,3260,8124,2024-04-05 05:34:53,2024-04-05 05:39:53,UberPool,716.83,18.66,4.88,Completed
2076,3581,3299,6335,2624,2024-01-01 20:50:29,2024-01-01 21:30:29,UberX,333.66,2.31,4.82,Completed
2077,830,7630,3998,9042,2024-02-15 05:32:35,2024-02-15 06:15:35,UberBlack,224.65,2.35,3.84,Completed
2078,4241,6911,9535,339,2024-10-16 05:39:08,2024-10-16 05:59:08,UberPool,373.87,9.56,4.14,Completed
2079,2443,7930,9665,3630,2025-04-17 20:40:58,2025-04-17 20:49:58,UberX,500.61,1.74,3.62,Completed
2080,4456,5744,185,6142,2024-10-28 07:49:45,2024-10-28 08:25:45,UberPool,615.22,10.8,4.81,Cancelled
2081,1461,9046,8144,1598,2025-07-14 19:06:00,2025-07-14 19:41:00,UberPool,662.08,6.53,4.82,Completed
2082,2994,7679,3994,2336,2024-12-18 09:31:14,2024-12-18 10:09:14,UberX,327.53,17.92,3.87,Completed
2083,5450,419,7286,6575,2023-08-12 00:03:12,2023-08-12 00:17:12,UberBlack,744.97,1.95,4.77,Completed
2084,9905,6561,3974,2002,2025-03-29 02:22:08,2025-03-29 03:01:08,UberBlack,587.7,15.7,3.76,Completed
2085,8582,1617,7134,2327,2025-01-01 03:02:05,2025-01-01 03:30:05,UberPool,216.28,18.63,3.82,Completed
2086,8120,8776,4620,3046,2023-12-16 07:31:40,2023-12-16 07:44:40,UberBlack,240.72,6.55,3.59,Completed
2087,4181,3308,2336,6327,2024-06-27 13:09:03,2024-06-27 13:51:03,UberPool,631.32,5.21,4.87,Completed
2088,3424,9145,105,4115,2024-04-25 05:20:45,2024-04-25 05:32:45,UberPool,730.26,19.93,4.01,Cancelled
2089,6486,8638,179,1150,2024-11-18 18:51:46,2024-11-18 19:34:46,UberPool,219.09,10.32,4.81,Completed
2090,5206,8121,7111,6622,2023-11-30 14:14:45,2023-11-30 14:53:45,UberPool,799.87,4.7,4.01,Completed
2091,2095,7423,382,7605,2024-07-08 07:39:29,2024-07-08 07:50:29,UberX,393.51,8.76,4.03,Completed
2092,7096,2836,4971,7805,2024-06-12 16:56:50,2024-06-12 17:09:50,UberX,150.14,5.97,4.12,Completed
2093,762,2505,2486,209,2024-04-19 08:44:01,2024-04-19 09:17:01,UberPool,345.9,11.9,4.94,Completed
2094,8601,5685,1322,3386,2023-08-22 05:51:37,2023-08-22 06:15:37,UberPool,221.05,14.17,4.2,Cancelled
2095,2746,6170,3800,6501,2025-05-13 03:00:49,2025-05-13 03:41:49,UberBlack,338.6,5.71,4.32,No Show
2096,2980,1913,86,4276,2024-10-18 05:43:37,2024-10-18 06:10:37,UberPool,788.66,10.44,4.12,Completed
2097,972,4117,4138,5712,2024-02-04 20:33:55,2024-02-04 20:39:55,UberBlack,346.92,12.37,4.02,Completed
2098,2095,9867,1423,5685,2025-05-11 12:35:27,2025-05-11 13:03:27,UberX,371.61,12.71,3.71,Completed
2099,3081,1981,6640,2356,2024-08-14 14:41:31,2024-08-14 15:02:31,UberX,560.92,15.67,3.9,Completed
2100,3574,9950,3262,9112,2024-01-08 12:23:32,2024-01-08 12:43:32,UberBlack,487.31,2.02,4.44,Completed
2101,2578,6259,6313,3306,2025-04-24 00:36:44,2025-04-24 00:47:44,UberX,248.17,5.34,4.62,Completed
2102,7492,9904,8584,5135,2023-09-09 08:51:32,2023-09-09 09:01:32,UberX,274.83,4.36,4.76,Completed
2103,387,9524,6306,8089,2023-09-18 13:31:17,2023-09-18 14:07:17,UberPool,222.59,11.35,3.76,Completed
2104,7690,5070,6811,2000,2023-10-21 10:07:59,2023-10-21 10:19:59,UberBlack,300.67,14.95,4.38,Completed
2105,3098,7743,8311,4972,2024-06-21 04:02:03,2024-06-21 04:07:03,UberX,52.41,2.42,3.59,Completed
2106,2736,1438,4334,342,2024-01-05 04:24:56,2024-01-05 04:59:56,UberPool,367.33,10.16,4.07,Completed
2107,6467,8679,6248,4746,2024-10-07 13:46:33,2024-10-07 14:13:33,UberBlack,201.22,4.79,3.84,Completed
2108,4941,7099,7176,6553,2024-10-01 01:02:53,2024-10-01 01:08:53,UberX,789.15,1.76,4.17,Completed
2109,4062,5981,3864,9469,2023-09-29 06:37:26,2023-09-29 07:08:26,UberPool,247.81,18.17,3.64,Completed
2110,7954,6010,9320,8781,2024-08-08 00:20:30,2024-08-08 01:00:30,UberPool,60.39,15.32,3.59,Completed
2111,5455,3252,2687,5969,2024-08-19 09:20:27,2024-08-19 09:29:27,UberBlack,165.86,11.08,4.98,Completed
2112,6653,5113,8169,923,2023-11-15 05:30:20,2023-11-15 05:35:20,UberPool,264.65,13.99,4.19,Completed
2113,2217,1579,8501,317,2025-01-08 02:23:07,2025-01-08 03:03:07,UberX,394.13,6.21,4.89,Cancelled
2114,3194,6337,8829,6862,2023-12-01 18:10:00,2023-12-01 18:19:00,UberX,76.39,11.07,3.58,Completed
2115,2291,5592,7356,9119,2023-08-16 21:50:52,2023-08-16 21:56:52,UberBlack,83.97,7.21,4.84,Completed
2116,3132,6582,9140,4727,2025-04-23 04:40:05,2025-04-23 04:50:05,UberPool,500.85,3.67,4.32,Completed
2117,4283,9787,4307,7186,2025-07-15 03:56:42,2025-07-15 04:19:42,UberX,341.8,14.73,4.24,Completed
2118,1082,2764,8886,3241,2023-10-12 10:55:19,2023-10-12 11:36:19,UberPool,291.93,14.38,4.83,Completed
2119,9951,8620,3801,3107,2023-08-13 18:56:46,2023-08-13 19:21:46,UberBlack,331.38,6.08,4.41,Completed
2120,6681,9039,3847,1625,2024-12-06 20:54:32,2024-12-06 21:33:32,UberX,537.76,9.8,4.07,Completed
2121,6844,5956,8398,7682,2025-02-15 12:33:32,2025-02-15 13:14:32,UberBlack,338.26,9.63,3.8,Completed
2122,6363,5904,8757,8531,2025-07-23 09:39:32,2025-07-23 09:46:32,UberBlack,597.99,7.12,4.53,Completed
2123,7230,6583,5716,2344,2025-06-08 18:11:42,2025-06-08 18:23:42,UberX,752.96,19.74,4.46,Completed
2124,9098,7710,6204,4407,2023-12-29 23:58:48,2023-12-30 00:36:48,UberX,67.86,7.27,3.67,Completed
2125,2305,4650,6147,4988,2025-06-07 22:41:09,2025-06-07 22:53:09,UberX,605.71,3.78,4.83,Completed
2126,5287,3897,9473,5294,2023-12-18 05:06:22,2023-12-18 05:51:22,UberBlack,407.39,10.94,4.54,Completed
2127,6232,2158,2836,7333,2024-09-08 23:47:53,2024-09-09 00:07:53,UberBlack,765.04,18.38,3.77,Completed
2128,7228,272,7470,591,2025-07-05 02:35:21,2025-07-05 03:05:21,UberX,158.93,18.67,3.62,Completed
2129,6706,2761,1613,1543,2024-01-23 16:01:59,2024-01-23 16:45:59,UberBlack,764.23,14.46,3.59,Completed
2130,1031,7067,6165,9388,2023-10-11 04:11:49,2023-10-11 04:55:49,UberX,228.13,5.66,4.6,Completed
2131,6646,3914,5573,4188,2023-10-08 14:16:40,2023-10-08 14:24:40,UberBlack,111.47,19.84,4.21,Completed
2132,2775,1417,371,2322,2023-09-26 02:30:02,2023-09-26 03:04:02,UberX,176.86,8.49,4.93,Completed
2133,9749,1514,3649,8974,2023-08-09 20:57:20,2023-08-09 21:38:20,UberPool,146.16,5.61,4.98,Cancelled
2134,9953,264,5497,8832,2025-06-12 22:00:57,2025-06-12 22:30:57,UberPool,233.31,9.29,3.78,Completed
2135,7120,6218,2279,4224,2023-12-29 10:16:43,2023-12-29 10:30:43,UberBlack,486.11,19.82,4.61,No Show
2136,3647,6118,9682,282,2024-11-22 06:37:02,2024-11-22 07:10:02,UberBlack,257.92,8.32,3.81,Completed
2137,2839,1334,2427,8647,2025-05-30 09:57:26,2025-05-30 10:03:26,UberX,56.97,13.21,3.58,Completed
2138,344,6615,3203,1169,2024-07-29 10:54:13,2024-07-29 11:17:13,UberBlack,99.77,5.66,4.8,Completed
2139,3858,2617,9646,3565,2024-03-19 23:33:50,2024-03-19 23:50:50,UberBlack,460.56,12.23,4.01,Completed
2140,7324,9542,5756,1331,2024-08-08 03:29:21,2024-08-08 03:55:21,UberBlack,168.33,13.94,4.34,Completed
2141,334,5672,6268,7488,2023-12-02 18:22:17,2023-12-02 18:31:17,UberX,218.49,17.47,4.64,Completed
2142,9505,270,265,3903,2025-05-01 08:57:56,2025-05-01 09:08:56,UberPool,229.87,6.93,4.87,Completed
2143,5423,1322,3717,3631,2025-04-19 20:40:17,2025-04-19 21:21:17,UberBlack,719.72,5.26,4.96,Completed
2144,7026,2139,5912,642,2025-02-08 08:45:47,2025-02-08 09:29:47,UberX,59.79,19.99,3.61,Completed
2145,3632,8714,6349,4910,2025-04-14 18:26:50,2025-04-14 18:52:50,UberX,500.56,5.69,4.78,Completed
2146,6449,915,7631,9427,2025-03-13 17:12:25,2025-03-13 17:54:25,UberX,100.96,6.4,4.34,Completed
2147,6386,457,5682,6481,2024-11-11 23:00:33,2024-11-11 23:09:33,UberBlack,158.55,18.3,4.76,Completed
2148,8015,6660,2947,3471,2025-07-11 02:34:40,2025-07-11 02:58:40,UberPool,686.79,11.25,4.88,Completed
2149,7972,2408,5546,3252,2024-05-20 18:58:47,2024-05-20 19:38:47,UberBlack,363.26,12.31,4.23,Completed
2150,3383,7211,4908,2051,2024-07-08 16:06:33,2024-07-08 16:17:33,UberX,453.06,14.82,4.27,Completed
2151,1838,3378,6512,9914,2025-01-31 06:35:18,2025-01-31 07:12:18,UberX,151.09,14.69,4.36,Completed
2152,4030,6051,4939,2192,2025-03-13 14:46:21,2025-03-13 15:31:21,UberPool,741.3,8.8,4.25,No Show
2153,5913,3681,2816,6489,2024-03-16 21:10:57,2024-03-16 21:43:57,UberPool,287.88,7.7,3.76,Cancelled
2154,116,8803,6132,3979,2025-07-31 07:27:16,2025-07-31 07:34:16,UberPool,649.19,3.25,4.72,Cancelled
2155,318,7037,5445,1787,2024-06-29 12:20:28,2024-06-29 12:25:28,UberX,755.46,18.08,4.58,Completed
2156,9184,754,7690,2779,2024-12-26 08:24:05,2024-12-26 08:54:05,UberPool,253.59,3.72,3.65,Cancelled
2157,2169,5717,156,5920,2024-10-24 07:18:01,2024-10-24 07:59:01,UberBlack,233.47,16.92,4.0,Completed
2158,8204,6009,2581,3850,2024-12-11 05:40:07,2024-12-11 06:22:07,UberX,421.93,5.78,4.2,Completed
2159,8895,5314,9638,1572,2024-03-22 17:27:54,2024-03-22 18:11:54,UberBlack,693.25,7.0,4.84,Completed
2160,7111,5063,5342,1469,2024-08-19 17:56:54,2024-08-19 18:37:54,UberPool,449.53,13.94,4.06,Completed
2161,6590,1745,485,3338,2025-01-30 18:52:00,2025-01-30 19:08:00,UberBlack,532.21,11.52,4.38,Completed
2162,9402,8740,7922,9144,2025-06-27 03:56:55,2025-06-27 04:40:55,UberBlack,277.21,17.59,4.24,Completed
2163,5879,3718,2189,8505,2023-10-01 14:57:55,2023-10-01 15:37:55,UberBlack,153.15,1.2,4.53,Completed
2164,1634,3525,5113,3156,2024-02-13 05:29:51,2024-02-13 05:36:51,UberX,547.19,7.64,3.56,Completed
2165,8521,9400,497,4750,2025-01-28 19:06:47,2025-01-28 19:21:47,UberBlack,552.68,14.21,3.57,Completed
2166,5191,2858,3875,4284,2023-09-07 21:30:39,2023-09-07 21:59:39,UberX,421.35,12.14,4.93,Cancelled
2167,5425,8214,606,7135,2025-04-22 06:02:50,2025-04-22 06:11:50,UberX,337.35,3.24,3.73,Completed
2168,8777,8596,8763,8525,2024-07-25 00:04:12,2024-07-25 00:49:12,UberBlack,114.79,4.49,4.13,Completed
2169,7893,8269,4400,2294,2025-04-16 02:23:17,2025-04-16 02:38:17,UberX,709.63,18.48,4.3,Completed
2170,4994,4698,5106,6550,2025-04-03 21:10:31,2025-04-03 21:19:31,UberBlack,118.37,14.87,4.94,Completed
2171,7602,5991,1104,1365,2023-11-25 01:27:44,2023-11-25 02:00:44,UberPool,634.84,12.71,3.88,Completed
2172,5993,1128,3153,6327,2025-07-18 08:23:04,2025-07-18 08:35:04,UberX,243.26,14.06,4.46,Cancelled
2173,3570,8846,1214,3756,2023-08-20 08:40:01,2023-08-20 08:54:01,UberBlack,121.02,11.01,4.55,Completed
2174,4942,639,9556,1703,2024-06-27 12:39:33,2024-06-27 13:07:33,UberX,344.88,1.21,3.59,Completed
2175,1062,6997,7641,6238,2023-10-27 02:29:38,2023-10-27 03:06:38,UberPool,561.7,2.35,4.82,Completed
2176,7054,909,4718,546,2023-08-10 19:58:44,2023-08-10 20:06:44,UberBlack,302.39,19.45,3.93,Completed
2177,2241,1647,8235,2808,2023-12-24 10:11:54,2023-12-24 10:46:54,UberX,636.08,12.82,4.69,Cancelled
2178,1283,8880,1805,6927,2024-08-31 13:41:55,2024-08-31 14:13:55,UberPool,655.65,16.41,4.4,Completed
2179,8643,4416,4037,2538,2025-04-13 19:06:13,2025-04-13 19:31:13,UberPool,647.22,10.41,4.55,Completed
2180,3576,1722,3378,8181,2024-02-09 05:49:22,2024-02-09 06:16:22,UberX,485.75,5.25,4.05,Completed
2181,9035,3419,8735,1449,2024-03-06 16:29:55,2024-03-06 17:06:55,UberPool,416.53,12.23,4.07,Completed
2182,7164,5621,9207,2228,2024-10-23 04:06:39,2024-10-23 04:49:39,UberX,521.21,6.89,4.7,Completed
2183,7834,524,2232,5404,2024-07-03 19:56:28,2024-07-03 20:31:28,UberPool,546.9,7.77,4.45,Completed
2184,4564,5294,6854,3075,2024-12-13 14:26:13,2024-12-13 14:58:13,UberPool,424.01,19.15,3.66,Completed
2185,7175,217,2418,4672,2023-08-06 17:30:11,2023-08-06 18:12:11,UberPool,256.71,9.84,4.93,Completed
2186,5103,2177,5810,5284,2025-04-12 13:23:13,2025-04-12 13:59:13,UberBlack,342.35,12.1,4.66,Completed
2187,1781,1056,4673,8660,2024-06-14 11:21:01,2024-06-14 12:03:01,UberBlack,694.37,4.84,3.83,Completed
2188,9311,3449,7072,494,2024-12-03 14:19:06,2024-12-03 14:28:06,UberPool,283.92,10.36,4.05,Completed
2189,9418,9454,7511,8122,2025-06-19 09:43:28,2025-06-19 09:52:28,UberBlack,481.54,6.19,4.43,No Show
2190,1333,6349,4316,634,2024-12-27 08:39:41,2024-12-27 09:23:41,UberPool,719.79,9.62,3.96,Cancelled
2191,1750,4609,2334,6234,2023-10-28 05:47:47,2023-10-28 06:08:47,UberPool,666.86,17.14,3.87,Completed
2192,3619,9776,2856,2210,2024-06-02 03:52:37,2024-06-02 04:26:37,UberBlack,354.27,10.23,4.54,Completed
2193,2967,7367,1954,8358,2025-03-09 11:10:06,2025-03-09 11:42:06,UberBlack,259.26,5.2,4.49,Completed
2194,1302,6492,7680,4222,2024-03-07 10:36:29,2024-03-07 11:17:29,UberBlack,473.67,14.46,3.92,Completed
2195,7430,2737,9726,1640,2025-01-29 17:27:23,2025-01-29 18:05:23,UberPool,650.86,6.97,3.9,Completed
2196,6908,891,9155,8671,2024-10-08 15:53:21,2024-10-08 16:29:21,UberBlack,771.63,1.09,3.71,Completed
2197,392,2058,5658,6693,2024-01-18 10:47:50,2024-01-18 11:07:50,UberPool,224.42,17.28,3.57,Completed
2198,2433,6584,8908,2638,2023-11-02 23:52:04,2023-11-03 00:25:04,UberBlack,113.87,4.03,4.69,Completed
2199,4032,6616,2012,322,2023-12-28 03:51:19,2023-12-28 04:32:19,UberBlack,354.45,9.66,3.76,No Show
2200,768,4898,7209,8076,2024-01-08 20:29:55,2024-01-08 20:50:55,UberBlack,454.24,14.73,4.77,No Show
2201,8358,6710,2486,173,2023-08-29 23:37:53,2023-08-29 23:59:53,UberBlack,211.94,2.74,5.0,Completed
2202,7549,1792,7600,4851,2024-06-09 02:42:16,2024-06-09 02:57:16,UberBlack,558.34,12.49,4.46,Completed
2203,8973,7750,9150,7708,2024-09-03 03:49:41,2024-09-03 04:04:41,UberPool,252.5,7.64,4.67,Completed
2204,5394,6197,940,5432,2023-10-02 05:59:46,2023-10-02 06:38:46,UberBlack,56.04,18.66,4.46,Completed
2205,4888,6917,7229,778,2023-12-18 00:04:18,2023-12-18 00:32:18,UberBlack,508.18,6.01,4.69,Cancelled
2206,5562,7550,3129,4431,2024-04-09 11:07:04,2024-04-09 11:14:04,UberBlack,412.21,12.88,3.82,Completed
2207,5686,4839,6162,8897,2025-02-24 08:37:45,2025-02-24 09:14:45,UberX,555.52,3.73,4.76,Completed
2208,1479,7774,580,8989,2024-09-02 14:56:51,2024-09-02 15:12:51,UberBlack,157.27,3.27,3.9,Completed
2209,9348,4195,7865,7496,2025-06-28 17:58:05,2025-06-28 18:25:05,UberBlack,789.91,12.7,4.82,Completed
2210,8929,7178,3794,5852,2024-08-07 18:42:47,2024-08-07 19:19:47,UberPool,463.19,7.48,4.37,Completed
2211,8060,6615,8601,1546,2024-09-18 03:20:34,2024-09-18 03:38:34,UberX,427.61,15.26,4.54,Completed
2212,6770,1576,8187,6512,2025-05-27 07:30:53,2025-05-27 07:52:53,UberBlack,389.0,10.9,4.79,Completed
2213,5874,3964,6191,6215,2023-11-01 05:22:23,2023-11-01 05:42:23,UberBlack,438.85,18.09,4.65,Cancelled
2214,2970,2728,7317,145,2024-12-17 16:08:43,2024-12-17 16:38:43,UberBlack,749.07,12.03,4.21,Completed
2215,547,3851,8725,5117,2024-12-07 05:19:24,2024-12-07 05:35:24,UberBlack,484.27,6.95,3.59,Completed
2216,2324,629,3478,7086,2025-07-02 04:51:02,2025-07-02 05:30:02,UberX,116.96,14.68,3.89,Completed
2217,6439,3792,4005,2318,2023-10-10 07:11:09,2023-10-10 07:17:09,UberPool,115.84,16.46,4.06,Completed
2218,9619,4174,1491,2880,2025-01-09 22:10:14,2025-01-09 22:55:14,UberBlack,186.45,13.07,4.52,Completed
2219,4265,9655,1978,9453,2023-09-21 23:42:16,2023-09-22 00:03:16,UberX,660.93,13.25,4.88,Completed
2220,1996,1656,8710,5426,2025-04-15 09:51:11,2025-04-15 10:28:11,UberX,91.66,1.12,4.47,Completed
2221,1718,2743,8945,215,2023-11-15 02:56:20,2023-11-15 03:37:20,UberX,752.1,3.97,4.89,Completed
2222,9052,1776,4875,3792,2024-04-28 08:15:48,2024-04-28 08:40:48,UberBlack,600.74,10.02,3.84,Completed
2223,906,8471,6715,5233,2023-12-21 00:37:10,2023-12-21 01:12:10,UberX,159.34,10.87,3.66,Completed
2224,5026,9004,5922,6857,2024-08-19 07:47:03,2024-08-19 08:04:03,UberPool,186.75,16.84,3.93,Completed
2225,3703,5852,7080,13,2023-09-06 12:04:11,2023-09-06 12:34:11,UberBlack,295.4,2.9,3.98,Completed
2226,8577,9828,5973,2583,2025-06-25 06:14:24,2025-06-25 06:25:24,UberPool,387.68,4.46,4.77,Completed
2227,9481,2407,3044,3717,2024-07-02 00:43:03,2024-07-02 01:06:03,UberPool,610.27,10.13,4.31,Completed
2228,7292,1174,3107,2300,2025-05-08 02:19:03,2025-05-08 02:52:03,UberX,273.22,13.52,4.09,Completed
2229,7407,6227,4131,87,2025-07-26 12:41:55,2025-07-26 12:46:55,UberBlack,124.65,14.68,4.57,Completed
2230,6415,6899,9599,9802,2024-12-13 13:37:13,2024-12-13 14:05:13,UberBlack,193.3,8.14,4.17,Completed
2231,897,4476,9012,4118,2023-10-21 03:01:17,2023-10-21 03:36:17,UberBlack,336.96,3.94,3.54,Completed
2232,2835,6187,3022,4880,2023-11-22 02:36:27,2023-11-22 03:10:27,UberX,143.74,4.56,4.46,Completed
2233,1193,8603,4767,3921,2023-11-22 18:28:09,2023-11-22 19:02:09,UberPool,127.44,14.62,3.98,Completed
2234,1029,6167,9696,6589,2024-06-03 22:17:35,2024-06-03 22:24:35,UberX,706.46,14.83,3.97,Completed
2235,7527,9460,5507,2375,2025-05-14 06:42:41,2025-05-14 06:57:41,UberPool,659.85,10.62,4.12,Completed
2236,8259,4982,1152,8382,2023-09-02 13:32:05,2023-09-02 14:14:05,UberX,784.69,14.43,3.6,Completed
2237,8282,6980,4450,2055,2025-01-14 01:04:23,2025-01-14 01:36:23,UberX,709.51,18.62,4.16,Completed
2238,1597,9595,3901,5189,2024-06-25 17:51:15,2024-06-25 18:17:15,UberBlack,722.37,9.28,4.19,Completed
2239,8130,8966,9047,1842,2025-01-24 11:18:31,2025-01-24 11:55:31,UberPool,642.03,13.81,4.59,Cancelled
2240,3029,6169,3887,8345,2023-10-18 09:08:56,2023-10-18 09:15:56,UberPool,168.36,2.1,4.78,Completed
2241,9173,1095,6977,7574,2024-03-15 23:06:00,2024-03-15 23:41:00,UberBlack,115.76,8.73,4.65,Completed
2242,4302,1967,6881,852,2025-02-24 05:42:12,2025-02-24 06:03:12,UberBlack,712.95,11.94,3.63,Completed
2243,7119,3648,3279,2379,2023-12-18 03:45:47,2023-12-18 03:59:47,UberBlack,439.02,13.57,4.41,Completed
2244,76,8325,1198,3482,2024-02-16 00:31:59,2024-02-16 00:55:59,UberBlack,414.33,16.71,4.91,Completed
2245,8851,3982,6914,6346,2024-04-04 07:53:37,2024-04-04 08:28:37,UberBlack,308.64,9.19,3.81,Completed
2246,399,7399,3971,2836,2024-10-06 03:03:23,2024-10-06 03:38:23,UberBlack,276.27,2.63,3.85,Completed
2247,5242,7172,15,5617,2024-07-06 23:44:49,2024-07-07 00:03:49,UberBlack,60.43,4.65,4.74,Completed
2248,1748,597,4801,7036,2024-03-04 02:58:59,2024-03-04 03:34:59,UberPool,738.8,2.44,4.94,Completed
2249,8516,9145,9117,3015,2023-10-08 06:33:21,2023-10-08 07:09:21,UberX,89.33,15.09,3.75,Completed
2250,1105,9999,3878,6171,2024-03-22 19:17:26,2024-03-22 19:24:26,UberX,279.28,9.53,4.02,Completed
2251,7228,6381,4052,9335,2024-04-22 23:10:28,2024-04-22 23:34:28,UberX,63.36,11.85,3.7,Completed
2252,4501,8256,8536,2574,2025-03-05 00:34:58,2025-03-05 01:10:58,UberBlack,380.53,6.76,4.74,Completed
2253,7692,2814,855,1362,2025-05-23 15:20:14,2025-05-23 16:02:14,UberBlack,163.13,8.13,4.03,Completed
2254,3341,6210,4032,7775,2024-09-05 17:49:27,2024-09-05 18:01:27,UberBlack,783.71,2.36,3.8,Completed
2255,506,7493,9049,7468,2023-12-25 21:19:52,2023-12-25 21:31:52,UberX,362.23,11.04,4.96,Completed
2256,7283,3373,6479,1119,2024-01-28 11:49:14,2024-01-28 12:07:14,UberPool,295.36,3.9,4.95,Completed
2257,5434,4500,3938,8911,2023-09-23 05:01:39,2023-09-23 05:22:39,UberPool,285.99,4.08,4.45,Completed
2258,4561,2134,4459,7175,2024-01-08 07:12:06,2024-01-08 07:39:06,UberBlack,619.8,16.89,4.33,Completed
2259,2218,9536,553,1472,2025-06-15 07:24:06,2025-06-15 07:47:06,UberBlack,716.49,3.82,4.84,Completed
2260,2957,7828,6016,9384,2025-01-27 15:22:05,2025-01-27 16:05:05,UberPool,335.86,19.46,3.98,Completed
2261,2038,435,1404,6587,2024-09-25 19:57:40,2024-09-25 20:24:40,UberPool,302.56,7.72,3.62,No Show
2262,3922,482,5308,5967,2025-04-04 01:00:59,2025-04-04 01:28:59,UberBlack,464.37,13.87,4.51,Completed
2263,6908,822,6552,488,2024-03-26 15:21:08,2024-03-26 15:48:08,UberBlack,367.55,19.97,4.23,Completed
2264,1783,3055,3077,7149,2023-12-11 16:56:56,2023-12-11 17:02:56,UberPool,80.11,14.93,4.79,Completed
2265,7062,414,4025,9977,2024-10-13 14:34:26,2024-10-13 15:17:26,UberPool,721.55,11.06,4.67,Cancelled
2266,9599,6821,1869,220,2024-08-01 16:08:18,2024-08-01 16:51:18,UberBlack,559.46,17.93,4.49,Completed
2267,9457,1020,1631,6282,2025-05-09 02:02:35,2025-05-09 02:19:35,UberBlack,552.37,13.54,4.42,Completed
2268,1545,5392,6865,8906,2025-06-22 10:30:18,2025-06-22 10:37:18,UberPool,73.4,4.5,3.99,Completed
2269,322,520,3404,5413,2024-01-06 21:15:03,2024-01-06 21:52:03,UberX,387.46,10.21,3.59,Completed
2270,5794,843,5368,5978,2024-01-30 21:47:40,2024-01-30 21:52:40,UberX,539.48,15.24,4.18,Completed
2271,968,211,5323,3068,2024-01-08 05:51:46,2024-01-08 06:33:46,UberPool,504.29,3.75,3.7,Completed
2272,3292,4343,3225,4222,2023-08-22 06:58:55,2023-08-22 07:41:55,UberX,178.34,4.31,4.67,Cancelled
2273,3241,4955,120,2311,2024-07-12 15:52:31,2024-07-12 16:18:31,UberBlack,436.52,18.35,3.87,Completed
2274,1241,6456,3914,2214,2024-07-16 15:56:10,2024-07-16 16:09:10,UberPool,786.47,14.95,3.52,Completed
2275,4315,7832,4885,8135,2024-01-10 12:05:02,2024-01-10 12:24:02,UberBlack,58.97,14.7,3.65,Completed
2276,9165,7215,219,9150,2024-08-01 19:43:31,2024-08-01 20:19:31,UberPool,364.41,10.13,3.96,Completed
2277,4773,3263,3133,3972,2025-05-29 13:04:22,2025-05-29 13:31:22,UberPool,558.64,10.73,3.83,Completed
2278,1254,1097,8314,752,2024-05-18 09:27:50,2024-05-18 09:44:50,UberPool,198.34,17.48,3.81,Completed
2279,380,5323,6908,360,2024-01-18 03:23:25,2024-01-18 03:48:25,UberX,95.12,19.19,4.89,Completed
2280,6573,1780,3872,7842,2024-04-02 07:31:20,2024-04-02 08:11:20,UberPool,615.97,19.63,4.03,Cancelled
2281,6845,3837,2753,5754,2024-08-27 12:26:50,2024-08-27 12:46:50,UberPool,59.62,13.58,3.69,Completed
2282,2752,60,7218,3872,2024-03-03 09:33:03,2024-03-03 09:49:03,UberPool,743.58,17.89,4.41,Cancelled
2283,2253,7295,8480,7602,2024-08-01 07:13:14,2024-08-01 07:19:14,UberBlack,147.54,6.75,3.52,Completed
2284,5443,7927,1332,1143,2024-03-08 05:58:47,2024-03-08 06:03:47,UberBlack,634.2,5.5,4.45,Completed
2285,9438,201,9427,6765,2025-04-17 12:44:18,2025-04-17 13:11:18,UberBlack,363.49,11.8,4.04,Completed
2286,9956,5779,8585,1499,2024-05-26 06:11:18,2024-05-26 06:44:18,UberX,98.04,5.22,4.84,Completed
2287,4796,9144,4886,2847,2024-03-23 10:47:46,2024-03-23 11:02:46,UberBlack,130.5,6.56,3.81,Completed
2288,3768,3952,612,1005,2023-08-14 12:48:57,2023-08-14 12:56:57,UberX,266.99,12.8,4.06,Completed
2289,9793,2057,3257,29,2023-11-30 09:48:42,2023-11-30 10:30:42,UberBlack,303.6,10.32,3.77,Completed
2290,5866,7333,2510,823,2024-01-02 12:22:48,2024-01-02 12:28:48,UberX,678.84,7.19,4.09,Completed
2291,7160,8337,116,7130,2023-08-17 04:34:07,2023-08-17 04:49:07,UberBlack,217.11,15.97,3.9,Completed
2292,4942,4608,3785,8085,2024-05-06 15:13:59,2024-05-06 15:33:59,UberX,55.25,19.53,4.42,Completed
2293,6864,7905,3871,235,2025-05-08 01:55:34,2025-05-08 02:02:34,UberPool,601.79,8.26,3.84,Completed
2294,5349,3073,2248,7503,2024-05-07 02:58:02,2024-05-07 03:18:02,UberPool,505.41,10.23,4.66,Completed
2295,3796,1391,9473,1551,2024-12-20 09:00:11,2024-12-20 09:22:11,UberX,159.7,5.39,4.25,Completed
2296,1072,5070,5068,4067,2024-03-31 05:09:12,2024-03-31 05:18:12,UberX,677.01,2.93,4.38,Completed
2297,5065,9145,2651,6029,2025-01-25 18:42:59,2025-01-25 19:02:59,UberX,582.74,14.69,4.19,Completed
2298,4201,9593,3071,8777,2023-10-07 11:24:31,2023-10-07 11:47:31,UberBlack,58.92,14.26,4.3,Completed
2299,6052,8248,6744,3634,2023-11-13 01:32:50,2023-11-13 02:09:50,UberBlack,56.08,11.36,4.0,Completed
2300,815,821,4700,1486,2023-11-02 12:01:01,2023-11-02 12:31:01,UberBlack,250.21,17.9,4.55,Completed
2301,5804,5990,9297,6641,2023-12-05 08:42:17,2023-12-05 09:03:17,UberPool,455.29,16.72,3.78,Completed
2302,8542,1929,7590,245,2024-04-01 05:24:36,2024-04-01 05:44:36,UberBlack,510.17,1.78,4.5,Completed
2303,9023,8976,8467,4579,2023-11-26 10:24:41,2023-11-26 10:39:41,UberBlack,642.31,17.18,4.43,Completed
2304,6839,1089,9425,8859,2024-09-12 17:03:51,2024-09-12 17:10:51,UberBlack,729.05,2.32,4.01,Completed
2305,2428,6228,2341,4429,2025-07-05 03:28:29,2025-07-05 03:51:29,UberX,374.55,19.17,4.0,Completed
2306,8110,5941,7384,2103,2024-01-17 05:22:52,2024-01-17 05:41:52,UberPool,303.51,17.17,4.96,Completed
2307,9053,4594,4859,7461,2024-04-20 08:20:00,2024-04-20 09:03:00,UberPool,561.59,1.81,4.03,Completed
2308,6266,4560,1616,7370,2025-03-16 14:36:33,2025-03-16 14:55:33,UberPool,286.52,2.07,4.56,Completed
2309,8217,4742,45,6918,2024-12-13 11:39:20,2024-12-13 12:15:20,UberBlack,280.49,15.07,4.53,Completed
2310,8349,2498,7459,895,2024-11-11 08:47:36,2024-11-11 08:53:36,UberPool,594.33,15.38,3.66,Completed
2311,8378,4841,869,2373,2024-12-05 15:30:00,2024-12-05 15:47:00,UberPool,158.7,13.79,4.26,Completed
2312,255,8311,1016,8887,2024-02-19 04:14:17,2024-02-19 04:53:17,UberX,751.26,6.41,3.95,Completed
2313,6447,5087,5390,4295,2024-06-06 08:11:05,2024-06-06 08:20:05,UberX,574.73,6.27,4.57,No Show
2314,6830,9784,969,6955,2025-07-23 15:54:34,2025-07-23 16:38:34,UberBlack,111.76,4.44,4.6,Completed
2315,5124,2590,2364,1269,2023-09-26 20:39:55,2023-09-26 21:19:55,UberPool,358.89,10.83,3.72,Completed
2316,6761,9501,7914,5294,2023-09-20 18:47:57,2023-09-20 19:19:57,UberPool,589.57,14.45,4.38,Completed
2317,6613,9069,3673,7372,2024-12-28 20:27:43,2024-12-28 21:07:43,UberBlack,404.25,13.54,4.02,Completed
2318,1854,7211,1320,8548,2024-06-20 18:56:24,2024-06-20 19:40:24,UberBlack,729.24,3.49,4.57,Cancelled
2319,7359,8646,297,7102,2023-08-15 14:00:05,2023-08-15 14:17:05,UberBlack,213.24,11.21,4.18,No Show
2320,6839,2480,7256,3469,2025-07-05 05:28:28,2025-07-05 05:43:28,UberBlack,675.72,10.86,3.85,Completed
2321,6640,3648,5055,777,2025-04-18 09:01:11,2025-04-18 09:36:11,UberX,569.01,1.87,4.96,Completed
2322,2549,8797,474,7891,2024-12-03 07:54:41,2024-12-03 08:18:41,UberBlack,521.87,19.77,3.98,Completed
2323,4565,2976,1460,4030,2023-11-05 19:47:27,2023-11-05 20:01:27,UberBlack,259.77,18.49,3.66,Completed
2324,4690,1149,1376,4417,2025-06-30 02:02:44,2025-06-30 02:17:44,UberPool,111.36,10.89,4.01,Cancelled
2325,1980,5577,4113,3590,2024-03-10 19:35:22,2024-03-10 19:59:22,UberX,213.34,7.56,3.58,Cancelled
2326,9927,6197,9635,2080,2023-09-13 01:23:00,2023-09-13 01:30:00,UberX,311.49,4.67,4.54,Completed
2327,4971,9690,2244,8904,2024-02-09 11:27:19,2024-02-09 11:44:19,UberPool,262.01,3.89,3.87,Completed
2328,7342,2180,995,6870,2024-02-01 03:57:32,2024-02-01 04:02:32,UberBlack,384.56,14.82,3.61,Completed
2329,6593,7754,4776,2340,2024-05-30 19:47:35,2024-05-30 20:06:35,UberBlack,346.75,3.03,4.83,Completed
2330,2193,3833,5120,2838,2024-08-24 14:35:17,2024-08-24 14:51:17,UberX,220.02,19.8,4.93,Completed
2331,1361,2462,1725,7503,2024-07-02 06:51:23,2024-07-02 06:59:23,UberX,77.02,6.47,4.79,Completed
2332,1596,409,2610,7732,2024-11-07 15:21:31,2024-11-07 15:33:31,UberX,411.05,11.7,4.31,Cancelled
2333,7378,2547,567,9421,2025-02-07 23:41:41,2025-02-08 00:03:41,UberX,197.22,7.68,3.68,Completed
2334,8083,9936,2011,7737,2023-10-31 11:55:20,2023-10-31 12:33:20,UberBlack,660.95,4.48,4.84,No Show
2335,6075,1429,6678,3945,2023-11-19 11:41:46,2023-11-19 12:13:46,UberPool,466.53,6.18,4.5,Completed
2336,285,5513,4660,5309,2024-01-24 22:48:07,2024-01-24 23:17:07,UberX,481.15,15.55,4.12,No Show
2337,5777,8430,3733,6327,2024-05-03 23:21:09,2024-05-04 00:06:09,UberPool,544.8,16.58,4.41,Completed
2338,8694,1054,7703,1251,2025-01-11 10:47:12,2025-01-11 10:56:12,UberX,661.49,18.39,4.12,Completed
2339,3104,4718,1921,3809,2025-04-22 08:34:34,2025-04-22 08:54:34,UberX,762.21,14.2,4.53,Completed
2340,7244,836,4685,5244,2024-07-17 22:35:06,2024-07-17 22:59:06,UberBlack,410.09,16.0,3.81,Completed
2341,305,9249,4573,9481,2024-10-23 21:52:31,2024-10-23 22:27:31,UberX,505.31,1.34,3.56,Completed
2342,9643,7693,9983,1895,2023-10-26 08:03:26,2023-10-26 08:33:26,UberBlack,103.24,7.36,3.5,Completed
2343,7277,6437,858,7024,2025-04-19 17:52:43,2025-04-19 18:13:43,UberX,261.94,12.35,4.64,Completed
2344,7970,5235,7211,6975,2023-08-27 19:48:01,2023-08-27 19:58:01,UberX,268.24,8.28,4.61,Completed
2345,5669,699,4657,2534,2023-08-13 09:29:09,2023-08-13 10:09:09,UberPool,360.64,19.79,3.92,Completed
2346,5546,8196,1752,7262,2024-12-11 00:44:55,2024-12-11 01:08:55,UberPool,249.15,19.26,3.87,Completed
2347,2168,8910,5178,8864,2023-12-29 09:39:41,2023-12-29 09:55:41,UberBlack,589.07,7.68,3.72,Completed
2348,4040,3397,8772,968,2024-01-04 22:56:26,2024-01-04 23:25:26,UberPool,623.17,10.1,4.4,Completed
2349,3392,4624,8754,1417,2023-10-20 05:33:09,2023-10-20 05:41:09,UberX,57.74,3.04,3.97,Completed
2350,442,5733,7563,6601,2024-06-09 06:13:33,2024-06-09 06:25:33,UberBlack,241.43,5.99,4.14,Completed
2351,9792,7019,973,7885,2025-07-04 00:36:39,2025-07-04 00:56:39,UberX,795.73,11.57,4.7,Completed
2352,896,2978,756,1763,2024-07-22 03:16:53,2024-07-22 03:28:53,UberBlack,259.13,10.99,3.71,Completed
2353,5756,9037,372,9404,2025-02-07 19:40:32,2025-02-07 20:17:32,UberPool,680.02,9.79,3.79,Completed
2354,6403,3606,4212,6405,2025-03-29 23:12:24,2025-03-29 23:55:24,UberPool,58.38,13.05,3.52,Completed
2355,3852,3626,8517,2544,2024-05-19 21:32:30,2024-05-19 21:46:30,UberX,562.6,11.5,4.56,Completed
2356,3459,6082,7510,5191,2025-07-01 02:45:38,2025-07-01 03:10:38,UberX,559.35,9.84,3.56,Completed
2357,454,5183,1060,8907,2025-02-06 18:16:03,2025-02-06 19:01:03,UberPool,678.73,3.88,4.11,Completed
2358,8190,7155,6655,7978,2025-03-18 05:45:11,2025-03-18 06:19:11,UberBlack,460.08,9.96,3.78,Completed
2359,8285,4144,3456,9879,2025-03-04 17:48:52,2025-03-04 18:24:52,UberX,148.3,8.44,4.14,Completed
2360,7094,5452,8326,9231,2024-11-21 06:53:30,2024-11-21 07:32:30,UberPool,796.72,9.35,4.25,Completed
2361,6666,3945,7625,300,2023-08-12 11:16:33,2023-08-12 11:48:33,UberBlack,611.97,14.32,4.62,Cancelled
2362,36,148,3567,8585,2024-06-07 09:10:59,2024-06-07 09:19:59,UberPool,658.86,13.31,3.89,Cancelled
2363,39,8830,1447,5793,2023-12-21 18:21:11,2023-12-21 18:39:11,UberX,102.59,1.2,4.04,Completed
2364,3091,6038,4956,8878,2023-08-31 20:20:46,2023-08-31 20:45:46,UberBlack,539.49,6.57,3.78,Completed
2365,4520,1080,1037,7234,2024-08-21 02:14:10,2024-08-21 02:52:10,UberPool,276.21,8.41,3.65,Completed
2366,3051,3264,5882,7829,2025-06-19 05:28:31,2025-06-19 06:09:31,UberX,433.62,19.34,4.08,Completed
2367,6040,3789,2449,4277,2023-08-11 17:57:15,2023-08-11 18:28:15,UberBlack,620.35,4.61,4.53,Completed
2368,5400,3010,9384,9531,2024-10-22 02:40:45,2024-10-22 02:46:45,UberBlack,243.6,13.83,3.51,Completed
2369,9414,3935,5125,9177,2025-02-27 01:01:12,2025-02-27 01:42:12,UberBlack,432.23,15.17,4.59,Completed
2370,4585,3073,5039,5932,2024-09-16 06:18:18,2024-09-16 06:54:18,UberX,583.81,6.93,3.77,Completed
2371,2591,1198,2556,9126,2024-06-03 16:59:36,2024-06-03 17:29:36,UberPool,619.0,3.71,4.65,Completed
2372,2629,8155,1689,807,2024-07-19 19:19:54,2024-07-19 19:51:54,UberPool,165.64,11.5,4.02,Completed
2373,671,686,7490,3671,2025-04-20 13:13:35,2025-04-20 13:39:35,UberX,497.42,4.84,4.6,Completed
2374,364,7466,4985,4703,2025-01-15 21:59:00,2025-01-15 22:09:00,UberBlack,646.22,3.72,3.92,Completed
2375,3005,315,5560,5313,2024-10-25 04:07:57,2024-10-25 04:44:57,UberPool,441.63,17.72,4.74,Cancelled
2376,9748,3441,3607,9922,2024-04-19 15:53:30,2024-04-19 16:29:30,UberBlack,250.68,19.71,3.51,Completed
2377,2260,715,6444,2580,2023-10-11 06:15:51,2023-10-11 06:43:51,UberBlack,644.32,12.62,3.9,Completed
2378,5204,3870,3568,9365,2024-03-23 01:26:56,2024-03-23 01:54:56,UberPool,760.32,8.74,4.76,Completed
2379,227,2656,7721,1009,2024-01-09 00:58:40,2024-01-09 01:18:40,UberPool,376.53,12.75,4.73,Completed
2380,7858,3362,3175,6372,2025-02-08 21:40:50,2025-02-08 21:59:50,UberX,723.91,2.83,4.84,Completed
2381,3279,7830,7670,4636,2023-09-23 06:31:11,2023-09-23 07:10:11,UberX,644.36,3.34,3.95,Completed
2382,9510,8722,277,5856,2024-06-13 01:45:16,2024-06-13 01:59:16,UberBlack,480.84,17.14,3.93,Completed
2383,2736,967,5605,5268,2024-05-21 15:30:45,2024-05-21 16:08:45,UberX,392.69,7.16,4.2,No Show
2384,354,3480,2937,2565,2025-01-28 16:54:25,2025-01-28 17:00:25,UberPool,767.4,15.43,3.87,Completed
2385,708,4940,5988,3814,2024-08-30 09:58:26,2024-08-30 10:15:26,UberPool,564.73,15.78,3.5,No Show
2386,4552,6749,7540,8899,2024-05-12 03:38:14,2024-05-12 04:06:14,UberBlack,548.23,8.91,3.55,Cancelled
2387,3223,3752,8184,1132,2024-04-07 14:25:22,2024-04-07 15:09:22,UberPool,452.12,10.61,3.98,Completed
2388,4754,1095,6566,5286,2025-02-27 16:03:35,2025-02-27 16:24:35,UberX,453.24,11.71,4.65,Completed
2389,353,2747,6413,1099,2025-07-20 15:33:05,2025-07-20 16:00:05,UberPool,177.95,17.34,3.62,Completed
2390,7983,7079,9863,8360,2025-03-20 14:35:25,2025-03-20 15:08:25,UberX,473.07,17.09,3.95,Completed
2391,174,518,6560,3006,2025-06-01 12:31:58,2025-06-01 12:44:58,UberX,291.84,2.44,4.18,Completed
2392,1321,9990,7617,4619,2025-06-23 00:25:24,2025-06-23 01:04:24,UberX,533.73,19.58,4.89,Completed
2393,3619,9178,6698,281,2025-04-04 04:25:24,2025-04-04 04:49:24,UberPool,530.94,1.34,4.96,Completed
2394,6963,324,7098,839,2025-04-28 19:44:31,2025-04-28 20:11:31,UberPool,419.77,18.02,3.69,Completed
2395,4058,9083,1157,1565,2024-08-22 19:13:11,2024-08-22 19:28:11,UberPool,598.67,12.26,4.79,Completed
2396,8508,1350,9795,8781,2025-05-04 22:36:21,2025-05-04 23:09:21,UberX,642.96,9.2,3.73,Completed
2397,4402,4153,5634,1156,2025-01-17 18:48:17,2025-01-17 19:18:17,UberPool,506.22,2.57,4.23,Completed
2398,8900,489,4614,9924,2024-07-14 15:27:15,2024-07-14 16:02:15,UberX,440.66,3.32,4.57,Completed
2399,7554,2237,4774,3966,2024-05-04 01:36:16,2024-05-04 02:17:16,UberBlack,232.87,14.56,3.67,Completed
2400,5813,6169,4546,5162,2024-03-29 04:58:04,2024-03-29 05:40:04,UberBlack,260.78,1.45,3.7,Completed
2401,2188,5172,8105,5479,2025-07-12 18:15:25,2025-07-12 18:52:25,UberPool,753.25,2.13,3.74,Completed
2402,3089,9733,3115,3598,2025-04-13 23:06:12,2025-04-13 23:12:12,UberPool,161.33,15.64,3.78,Completed
2403,3505,5250,8360,4630,2024-03-06 09:13:26,2024-03-06 09:39:26,UberBlack,642.15,3.12,3.88,Completed
2404,7430,5182,5223,2454,2024-10-15 05:55:29,2024-10-15 06:14:29,UberPool,158.61,2.63,3.55,Completed
2405,2010,1791,8593,6765,2023-11-08 03:25:18,2023-11-08 03:41:18,UberPool,55.59,16.09,3.56,Completed
2406,1121,5215,3969,769,2024-12-08 09:03:04,2024-12-08 09:44:04,UberBlack,616.89,12.8,4.73,Completed
2407,6770,2948,4764,8163,2025-03-04 02:48:09,2025-03-04 03:24:09,UberX,62.41,5.16,4.01,Completed
2408,5929,5799,5416,2240,2024-05-24 05:39:54,2024-05-24 06:15:54,UberX,722.56,19.17,3.67,Completed
2409,9580,1644,5845,7947,2023-09-07 06:57:11,2023-09-07 07:24:11,UberPool,663.2,3.18,4.35,Completed
2410,4321,5274,9412,805,2025-01-07 02:36:31,2025-01-07 03:08:31,UberBlack,291.64,17.42,4.29,Completed
2411,2434,9958,4928,919,2024-07-10 13:35:59,2024-07-10 14:19:59,UberPool,426.34,16.19,4.1,Cancelled
2412,8689,1716,7276,942,2023-10-12 04:48:53,2023-10-12 04:53:53,UberBlack,378.73,15.69,4.33,Completed
2413,6900,234,1498,9018,2024-08-21 01:27:22,2024-08-21 01:34:22,UberX,164.67,18.36,3.67,Completed
2414,7659,7519,5194,3042,2023-12-12 00:38:06,2023-12-12 00:50:06,UberPool,788.06,4.71,4.43,Cancelled
2415,4597,4189,4935,5823,2025-03-07 12:45:11,2025-03-07 12:51:11,UberPool,387.94,6.82,4.29,Cancelled
2416,1636,9443,5188,6086,2023-10-06 14:29:02,2023-10-06 15:13:02,UberBlack,230.86,12.11,4.24,Completed
2417,5043,1875,2185,5229,2024-05-07 02:00:05,2024-05-07 02:37:05,UberBlack,65.79,6.62,3.74,Completed
2418,7771,3169,3498,6776,2024-06-17 10:43:20,2024-06-17 10:48:20,UberPool,58.3,7.12,4.9,Completed
2419,1844,2091,4722,2192,2024-06-18 05:13:39,2024-06-18 05:58:39,UberPool,728.94,15.3,4.23,Completed
2420,5400,9352,3599,8373,2024-01-02 17:31:02,2024-01-02 17:54:02,UberPool,194.15,2.34,4.27,Completed
2421,9960,209,418,3994,2024-11-04 15:47:28,2024-11-04 16:13:28,UberPool,132.57,12.35,4.48,Completed
2422,1632,3805,4049,9326,2025-07-30 03:03:01,2025-07-30 03:20:01,UberBlack,714.56,1.68,4.7,Completed
2423,881,2394,7384,3302,2024-07-02 22:29:12,2024-07-02 22:39:12,UberBlack,103.32,15.48,4.12,Cancelled
2424,2854,6659,3900,8239,2023-12-22 18:23:53,2023-12-22 18:55:53,UberX,319.17,8.7,4.92,Completed
2425,1320,6122,8256,928,2024-07-24 10:11:05,2024-07-24 10:28:05,UberBlack,75.81,5.09,4.16,Completed
2426,2591,4486,6519,3460,2024-11-09 14:59:08,2024-11-09 15:22:08,UberPool,55.74,6.6,4.24,Completed
2427,6688,5418,8522,3686,2025-07-14 00:52:36,2025-07-14 01:07:36,UberBlack,190.55,2.37,4.71,Cancelled
2428,8345,2674,113,9971,2024-05-11 20:37:56,2024-05-11 20:46:56,UberBlack,656.5,19.99,4.2,Completed
2429,9445,1268,8619,3063,2024-03-03 08:51:09,2024-03-03 09:27:09,UberX,397.29,9.67,4.0,Completed
2430,9225,5371,7171,6501,2024-12-27 01:26:06,2024-12-27 01:58:06,UberX,142.16,14.51,4.23,Completed
2431,4244,4629,5089,1776,2024-12-02 11:08:28,2024-12-02 11:35:28,UberPool,678.61,9.54,3.82,Cancelled
2432,5523,7794,9831,8650,2024-01-07 08:25:08,2024-01-07 08:41:08,UberBlack,269.75,2.42,3.72,Completed
2433,8328,1856,232,1554,2023-09-19 20:11:42,2023-09-19 20:27:42,UberPool,511.95,7.68,3.91,Completed
2434,3079,7246,5321,2721,2024-03-20 03:53:33,2024-03-20 04:22:33,UberPool,247.71,3.05,4.58,Completed
2435,1427,9320,3239,1764,2023-09-16 09:39:29,2023-09-16 09:46:29,UberBlack,248.52,8.06,4.25,Completed
2436,5869,4301,7075,4119,2025-01-06 23:48:54,2025-01-07 00:13:54,UberX,259.87,2.28,3.77,Completed
2437,2882,8609,6919,5229,2024-07-03 22:29:50,2024-07-03 22:40:50,UberBlack,164.82,5.85,3.78,Completed
2438,3667,6543,3197,7365,2025-03-02 14:18:32,2025-03-02 14:25:32,UberX,727.02,12.38,3.68,Completed
2439,1416,9913,3023,2385,2025-04-25 13:18:21,2025-04-25 13:32:21,UberPool,380.06,2.88,4.33,Completed
2440,1439,5657,1427,8870,2024-03-14 17:35:46,2024-03-14 18:10:46,UberX,569.74,3.99,3.68,Completed
2441,1483,3545,3556,2807,2024-10-12 23:34:19,2024-10-13 00:18:19,UberPool,411.93,1.5,3.94,Cancelled
2442,1980,7172,8773,1532,2025-04-09 02:02:17,2025-04-09 02:24:17,UberPool,670.02,6.86,4.92,Completed
2443,4369,7116,8529,1739,2024-07-18 01:14:33,2024-07-18 01:54:33,UberX,398.45,10.1,4.33,Completed
2444,9722,2170,7850,7080,2023-10-04 02:23:40,2023-10-04 02:46:40,UberBlack,171.71,5.81,4.79,Completed
2445,2094,5186,9679,2508,2023-08-14 03:59:01,2023-08-14 04:29:01,UberBlack,99.33,18.65,4.65,Completed
2446,9864,6437,2436,7382,2023-11-24 15:15:08,2023-11-24 15:38:08,UberBlack,170.56,1.95,4.47,Completed
2447,6529,1911,1991,680,2024-08-06 06:28:25,2024-08-06 06:41:25,UberX,433.91,18.1,4.92,Completed
2448,322,4901,4747,8134,2025-03-02 08:44:09,2025-03-02 09:23:09,UberPool,541.88,5.37,3.95,Completed
2449,1995,2184,7585,62,2023-08-05 14:07:49,2023-08-05 14:20:49,UberX,84.87,11.74,4.22,Cancelled
2450,6912,1263,3728,2042,2024-03-01 14:01:16,2024-03-01 14:33:16,UberPool,147.27,10.77,3.6,Completed
2451,7937,7311,1833,9533,2024-11-23 10:02:50,2024-11-23 10:32:50,UberPool,542.42,9.25,4.8,Cancelled
2452,6692,1043,6304,833,2024-01-13 10:17:17,2024-01-13 10:47:17,UberPool,249.86,17.6,4.97,Completed
2453,8897,8523,4702,5113,2025-01-03 17:39:16,2025-01-03 18:01:16,UberPool,549.31,7.48,4.85,Completed
2454,8428,8258,6620,4775,2025-03-08 17:04:02,2025-03-08 17:31:02,UberPool,216.61,11.62,4.98,Completed
2455,2807,1699,6831,5406,2024-10-22 13:27:19,2024-10-22 13:43:19,UberPool,420.1,9.01,4.94,Cancelled
2456,1837,3868,5621,6044,2024-05-28 07:55:21,2024-05-28 08:11:21,UberPool,287.01,2.74,4.2,Completed
2457,2994,3500,1452,1289,2025-05-09 13:11:15,2025-05-09 13:25:15,UberBlack,334.89,19.1,4.33,Completed
2458,6501,407,3516,4887,2025-04-21 08:47:40,2025-04-21 09:12:40,UberBlack,773.09,13.83,4.13,Completed
2459,8012,7965,1039,22,2025-01-09 14:18:06,2025-01-09 14:41:06,UberPool,325.45,10.59,4.76,Cancelled
2460,7190,3007,3871,4960,2025-07-10 06:13:52,2025-07-10 06:29:52,UberX,662.6,4.91,4.42,Completed
2461,7865,8457,190,270,2024-03-04 13:02:18,2024-03-04 13:28:18,UberX,151.79,16.13,4.09,Completed
2462,5390,2890,8752,6603,2023-10-23 16:28:37,2023-10-23 16:40:37,UberX,430.06,2.24,3.89,Completed
2463,8272,4471,7656,4239,2023-10-22 13:46:15,2023-10-22 14:00:15,UberPool,359.66,13.01,3.97,Completed
2464,1167,2806,6153,2057,2024-08-05 13:50:29,2024-08-05 14:25:29,UberBlack,330.63,4.64,4.85,Completed
2465,388,538,6882,1560,2024-08-09 10:47:31,2024-08-09 10:59:31,UberBlack,698.98,12.64,3.83,Completed
2466,2559,5632,7694,4648,2024-12-23 06:49:03,2024-12-23 07:28:03,UberBlack,57.35,4.69,4.45,Completed
2467,5238,3909,8464,4159,2024-02-22 03:16:13,2024-02-22 03:44:13,UberX,498.11,16.23,3.82,Completed
2468,5052,8406,6411,1022,2024-03-17 23:42:48,2024-03-18 00:15:48,UberX,266.31,8.47,4.95,Completed
2469,5204,1968,5356,5298,2024-11-23 19:57:07,2024-11-23 20:29:07,UberBlack,126.44,9.14,4.55,Completed
2470,7834,5087,5298,1908,2024-03-10 10:24:12,2024-03-10 11:09:12,UberX,55.08,6.11,3.71,No Show
2471,6545,4245,6133,8485,2023-09-02 03:44:10,2023-09-02 04:26:10,UberX,485.87,5.64,4.7,Completed
2472,7167,7254,8962,5901,2023-11-08 19:49:40,2023-11-08 20:06:40,UberPool,430.84,12.22,4.69,Completed
2473,7510,4420,7613,2420,2025-04-30 16:23:29,2025-04-30 16:58:29,UberPool,510.9,3.93,3.54,Cancelled
2474,7580,8092,1206,4866,2024-02-08 06:31:08,2024-02-08 06:36:08,UberBlack,793.26,6.41,4.07,Completed
2475,8201,8602,9856,8878,2024-05-27 01:35:55,2024-05-27 01:46:55,UberX,765.89,9.21,4.26,No Show
2476,7471,5500,5629,2439,2023-10-10 15:46:05,2023-10-10 16:08:05,UberX,714.46,18.32,4.09,Cancelled
2477,1577,565,1817,8476,2024-06-19 06:14:53,2024-06-19 06:22:53,UberBlack,443.93,16.8,4.41,Completed
2478,5234,9160,2190,1374,2025-05-18 07:14:34,2025-05-18 07:24:34,UberX,537.96,19.28,4.54,Completed
2479,7005,5093,4032,3085,2023-09-06 08:04:24,2023-09-06 08:24:24,UberBlack,471.53,9.99,4.35,Completed
2480,7260,2382,6884,9717,2024-07-28 04:40:04,2024-07-28 04:47:04,UberPool,125.95,1.49,4.06,Completed
2481,3750,5372,3222,7660,2024-04-08 01:21:00,2024-04-08 01:29:00,UberBlack,564.09,13.04,4.07,Completed
2482,8610,9974,6661,5558,2024-10-16 13:32:17,2024-10-16 13:41:17,UberBlack,719.36,18.12,4.9,Completed
2483,3016,6949,9313,6243,2024-11-28 03:56:42,2024-11-28 04:37:42,UberPool,91.68,14.64,3.77,Completed
2484,2710,9537,6481,7770,2023-11-04 10:29:15,2023-11-04 10:41:15,UberPool,190.04,11.2,4.76,Completed
2485,8158,4820,6796,955,2023-10-22 09:42:10,2023-10-22 10:19:10,UberX,779.11,16.4,3.54,Completed
2486,6971,4573,785,253,2025-04-16 11:24:52,2025-04-16 12:00:52,UberBlack,485.94,5.83,4.45,Cancelled
2487,8514,7066,5743,6259,2023-08-27 16:25:35,2023-08-27 16:47:35,UberBlack,243.71,14.13,3.97,Completed
2488,3777,9425,4045,4152,2025-05-06 08:11:08,2025-05-06 08:50:08,UberPool,717.1,11.79,3.96,Completed
2489,2111,84,2902,243,2023-09-18 13:20:27,2023-09-18 14:04:27,UberPool,382.45,8.41,3.8,Completed
2490,6190,8095,5539,9266,2025-02-11 09:33:07,2025-02-11 10:04:07,UberBlack,149.81,12.97,3.9,Completed
2491,4925,3795,2002,2505,2025-02-02 19:22:09,2025-02-02 20:01:09,UberPool,568.41,16.61,3.86,Cancelled
2492,3976,398,7558,5581,2023-08-23 17:29:01,2023-08-23 17:45:01,UberBlack,344.34,16.38,4.27,Completed
2493,9809,3740,1063,6272,2023-09-25 14:37:31,2023-09-25 15:20:31,UberBlack,127.79,5.99,4.33,Completed
2494,2140,3839,7936,6413,2025-04-14 18:39:50,2025-04-14 19:09:50,UberX,751.22,8.15,3.83,Completed
2495,1769,8522,1974,7513,2023-11-25 10:44:38,2023-11-25 10:58:38,UberX,629.49,7.42,3.76,Completed
2496,8547,4991,1938,5724,2025-03-05 09:53:18,2025-03-05 10:11:18,UberPool,184.69,13.04,4.46,Cancelled
2497,8476,9899,1766,8592,2025-07-09 00:17:51,2025-07-09 00:22:51,UberPool,444.91,6.16,3.55,Completed
2498,9943,9975,4094,9999,2025-08-04 19:45:35,2025-08-04 20:30:35,UberX,696.76,2.05,4.23,Completed
2499,9459,4211,3516,5549,2025-06-01 18:48:16,2025-06-01 18:53:16,UberPool,350.95,9.61,4.91,Cancelled
2500,522,2145,7471,5758,2024-09-27 00:27:17,2024-09-27 00:36:17,UberPool,134.85,11.63,4.15,No Show
2501,6957,9672,9125,1843,2024-01-19 03:11:16,2024-01-19 03:16:16,UberX,232.71,3.61,3.89,Completed
2502,2626,3650,9162,1358,2024-12-21 19:37:49,2024-12-21 20:02:49,UberBlack,509.58,18.38,4.64,Completed
2503,2373,1015,4259,6687,2024-07-12 04:15:47,2024-07-12 04:51:47,UberBlack,237.67,1.08,4.43,Completed
2504,4022,4926,7349,8991,2023-09-04 19:16:13,2023-09-04 19:27:13,UberX,701.02,3.22,4.06,Completed
2505,6962,3681,824,6754,2023-11-30 04:47:34,2023-11-30 05:06:34,UberPool,248.27,19.58,4.85,Completed
2506,604,3332,757,5726,2024-05-02 20:16:15,2024-05-02 20:50:15,UberBlack,189.61,8.1,3.78,No Show
2507,8358,1808,2793,3716,2025-02-20 12:44:52,2025-02-20 13:03:52,UberPool,664.4,10.24,4.13,Completed
2508,6895,9495,9020,1073,2024-06-17 11:10:08,2024-06-17 11:44:08,UberPool,630.83,11.56,3.64,Completed
2509,4053,2059,3598,5638,2023-12-19 12:24:48,2023-12-19 12:38:48,UberPool,549.55,8.7,3.71,Completed
2510,4931,2764,8123,5024,2023-08-30 11:27:09,2023-08-30 11:57:09,UberBlack,762.28,18.94,4.22,Completed
2511,1457,8034,9026,5737,2023-11-24 09:18:31,2023-11-24 09:45:31,UberX,602.53,9.87,3.81,Completed
2512,7504,9515,9822,7490,2025-07-22 07:24:22,2025-07-22 08:03:22,UberX,787.53,11.62,4.26,Cancelled
2513,7595,1595,8389,6849,2025-01-29 10:41:00,2025-01-29 11:16:00,UberX,512.92,12.7,4.84,Completed
2514,9383,3613,4931,9747,2024-09-24 20:53:48,2024-09-24 21:35:48,UberPool,547.6,4.52,3.7,Completed
2515,2672,5177,1988,1013,2025-04-28 23:30:26,2025-04-28 23:54:26,UberX,455.28,3.25,4.73,Cancelled
2516,1512,8620,3972,8748,2024-02-01 14:39:45,2024-02-01 15:21:45,UberX,594.88,5.63,3.82,Completed
2517,9438,4719,2223,3526,2025-04-27 04:53:26,2025-04-27 05:18:26,UberBlack,571.47,15.58,4.62,Completed
2518,1881,7902,728,4568,2024-05-14 05:35:49,2024-05-14 05:46:49,UberX,398.62,16.31,4.33,Completed
2519,98,1676,4096,111,2024-06-14 15:41:09,2024-06-14 15:50:09,UberX,358.83,15.04,3.54,No Show
2520,6653,7582,2121,1891,2023-11-13 12:27:43,2023-11-13 12:39:43,UberBlack,446.22,1.39,4.42,Completed
2521,9647,8198,1310,1767,2024-12-09 14:39:30,2024-12-09 15:03:30,UberX,535.06,2.33,4.85,Completed
2522,1,2793,6157,2403,2023-09-16 18:56:21,2023-09-16 19:17:21,UberX,748.92,11.03,4.63,Completed
2523,6964,6735,4779,1296,2024-03-24 04:56:32,2024-03-24 05:22:32,UberX,666.35,12.5,4.05,Completed
2524,6416,5378,8633,1421,2024-01-22 13:28:21,2024-01-22 13:37:21,UberPool,535.59,5.22,4.01,Completed
2525,3636,9821,1537,4247,2025-02-06 21:36:14,2025-02-06 22:18:14,UberX,224.25,18.0,4.28,Completed
2526,3372,2546,6014,9989,2024-08-31 19:51:01,2024-08-31 20:21:01,UberBlack,231.65,10.09,4.94,Completed
2527,2710,6940,4426,7286,2024-10-30 14:06:28,2024-10-30 14:17:28,UberBlack,721.64,5.44,3.64,Completed
2528,7360,2743,7245,3264,2024-12-14 23:31:35,2024-12-14 23:36:35,UberBlack,458.13,3.57,3.88,Completed
2529,4714,6397,8603,662,2024-04-30 12:36:39,2024-04-30 12:41:39,UberX,713.74,13.63,4.03,No Show
2530,140,4698,7070,4410,2023-09-15 15:38:29,2023-09-15 16:23:29,UberPool,765.97,13.72,4.18,Completed
2531,8120,1017,2392,7933,2023-09-18 18:26:09,2023-09-18 19:02:09,UberPool,736.3,15.35,3.74,Completed
2532,3315,2105,6283,5317,2024-04-21 00:07:54,2024-04-21 00:33:54,UberPool,376.56,3.06,4.38,Completed
2533,6075,1142,19,3584,2024-03-06 01:50:03,2024-03-06 02:30:03,UberX,186.81,5.52,4.38,Completed
2534,3665,8260,5069,3300,2023-09-27 20:14:48,2023-09-27 20:43:48,UberPool,253.87,8.02,4.14,Completed
2535,6280,715,6987,9354,2024-01-22 12:04:51,2024-01-22 12:29:51,UberBlack,462.04,6.45,4.42,Completed
2536,6761,6330,4939,5101,2023-09-27 06:14:56,2023-09-27 06:45:56,UberX,687.98,7.3,3.64,Completed
2537,3808,2467,825,208,2024-06-02 14:12:52,2024-06-02 14:25:52,UberX,444.31,18.86,3.92,No Show
2538,8819,2014,4372,4862,2024-04-08 05:46:02,2024-04-08 06:12:02,UberX,295.96,10.03,4.76,Completed
2539,2350,8394,8927,332,2024-09-17 07:53:37,2024-09-17 08:10:37,UberBlack,583.89,14.0,3.9,No Show
2540,1109,186,61,5390,2025-02-10 21:41:15,2025-02-10 22:13:15,UberBlack,447.84,18.72,4.21,Completed
2541,4231,7002,9982,6171,2024-07-31 01:25:45,2024-07-31 01:49:45,UberBlack,276.1,3.9,4.92,Completed
2542,6762,9534,8576,9944,2025-04-04 06:41:32,2025-04-04 06:56:32,UberPool,571.31,11.71,4.38,Completed
2543,3852,9504,4808,8193,2023-11-05 19:19:28,2023-11-05 19:44:28,UberX,514.79,17.21,4.21,Completed
2544,1446,3286,5176,2076,2023-12-01 03:07:35,2023-12-01 03:37:35,UberBlack,75.0,19.87,4.39,Completed
2545,7581,5128,5227,8685,2023-09-10 19:38:26,2023-09-10 19:50:26,UberX,796.34,2.47,4.05,Completed
2546,1087,5857,2943,4279,2024-05-06 08:49:37,2024-05-06 09:17:37,UberPool,417.68,13.89,4.55,Completed
2547,972,612,2404,68,2023-09-16 05:06:32,2023-09-16 05:25:32,UberBlack,176.06,10.39,4.47,Completed
2548,9476,8501,6298,1112,2023-10-29 18:51:33,2023-10-29 19:26:33,UberX,444.98,16.15,4.49,Completed
2549,993,6072,9801,1708,2023-11-14 18:32:13,2023-11-14 19:00:13,UberPool,590.14,9.59,3.74,Cancelled
2550,3998,3018,2211,6584,2023-11-27 16:04:16,2023-11-27 16:11:16,UberPool,117.58,6.44,4.09,No Show
2551,8577,8663,3377,2738,2025-01-01 15:02:35,2025-01-01 15:10:35,UberBlack,735.31,11.92,4.45,Completed
2552,3384,2408,5094,9050,2024-01-11 03:54:51,2024-01-11 04:11:51,UberBlack,540.57,15.4,3.56,Completed
2553,4443,8420,5437,6644,2025-06-18 19:09:12,2025-06-18 19:44:12,UberBlack,157.75,7.65,3.8,Completed
2554,9714,3456,4767,9136,2023-11-19 00:03:31,2023-11-19 00:26:31,UberPool,410.05,2.51,4.09,Completed
2555,803,9640,2522,2001,2024-08-14 17:10:55,2024-08-14 17:30:55,UberX,610.74,3.14,3.82,Completed
2556,172,4301,3173,1915,2023-10-07 02:16:46,2023-10-07 02:48:46,UberBlack,492.74,17.4,4.22,Completed
2557,1461,4259,8818,8696,2025-02-21 03:03:49,2025-02-21 03:15:49,UberPool,769.49,17.5,4.17,Completed
2558,1416,6041,6125,997,2024-01-28 22:16:56,2024-01-28 22:30:56,UberPool,122.57,18.97,4.89,Completed
2559,1462,2237,9423,4962,2023-12-01 07:39:20,2023-12-01 07:51:20,UberPool,323.71,8.76,4.95,Completed
2560,9090,1388,9998,445,2023-08-23 04:17:13,2023-08-23 04:57:13,UberX,312.55,12.98,3.83,Completed
2561,5917,2321,3637,6064,2024-11-13 01:28:52,2024-11-13 01:53:52,UberBlack,297.51,14.75,3.79,Completed
2562,5337,196,6782,260,2023-09-22 01:24:56,2023-09-22 01:29:56,UberBlack,526.94,15.3,3.94,Completed
2563,2828,9910,2329,5938,2025-03-20 20:32:34,2025-03-20 21:13:34,UberX,418.86,12.74,4.12,Completed
2564,1466,7225,700,6376,2025-08-02 21:34:56,2025-08-02 21:40:56,UberBlack,752.57,15.36,4.55,Completed
2565,3665,70,2225,2658,2024-04-02 01:07:07,2024-04-02 01:25:07,UberX,792.92,5.75,4.56,Completed
2566,4258,8035,5221,3404,2025-05-01 21:03:46,2025-05-01 21:35:46,UberPool,576.28,8.58,4.69,Completed
2567,1685,5107,2822,1324,2024-05-29 14:46:34,2024-05-29 15:16:34,UberBlack,215.37,4.14,3.97,Cancelled
2568,2734,3082,3718,7992,2024-05-30 17:45:17,2024-05-30 17:59:17,UberBlack,258.77,16.52,3.83,Completed
2569,9810,802,9643,6225,2025-01-20 16:39:28,2025-01-20 16:47:28,UberBlack,646.59,4.61,4.8,Completed
2570,5823,1518,506,7533,2025-06-24 20:51:01,2025-06-24 21:00:01,UberX,520.72,18.8,4.3,Completed
2571,3258,6031,5594,9422,2023-11-05 20:52:57,2023-11-05 21:31:57,UberBlack,321.55,2.2,4.05,Cancelled
2572,1062,2517,2796,9150,2023-11-21 10:06:07,2023-11-21 10:25:07,UberX,540.58,6.17,4.48,Completed
2573,136,5407,1312,5231,2024-11-27 21:11:24,2024-11-27 21:26:24,UberBlack,587.44,11.12,3.52,Completed
2574,4307,6740,8638,6702,2024-06-11 22:13:19,2024-06-11 22:25:19,UberPool,763.56,9.49,4.19,Completed
2575,3030,3480,4393,6601,2025-05-09 19:37:25,2025-05-09 20:21:25,UberBlack,539.14,6.05,4.79,Cancelled
2576,7176,9644,3296,8654,2024-02-10 03:49:41,2024-02-10 04:33:41,UberBlack,537.58,8.82,3.52,Completed
2577,6247,6809,9342,3157,2023-10-02 13:08:55,2023-10-02 13:16:55,UberPool,75.45,9.48,3.92,Cancelled
2578,4738,2779,4457,5029,2025-05-26 19:49:19,2025-05-26 20:03:19,UberX,606.47,16.97,3.64,Completed
2579,2549,3166,5527,5956,2023-09-30 04:27:49,2023-09-30 04:37:49,UberPool,666.64,8.51,4.97,No Show
2580,8008,1030,8794,2982,2025-07-27 13:31:45,2025-07-27 14:04:45,UberPool,167.92,17.39,3.67,Completed
2581,9171,373,6457,7014,2024-05-15 11:54:10,2024-05-15 12:00:10,UberX,176.29,12.14,3.84,Completed
2582,1979,783,2960,4507,2024-06-06 14:27:14,2024-06-06 14:35:14,UberBlack,271.88,1.19,4.52,Completed
2583,7955,1538,6844,67,2024-10-25 12:35:10,2024-10-25 13:19:10,UberX,416.1,18.43,4.22,Completed
2584,8568,3557,6205,4877,2025-07-28 02:39:51,2025-07-28 02:45:51,UberX,246.32,6.16,4.89,Completed
2585,7028,8871,6624,4868,2024-08-08 09:21:04,2024-08-08 09:57:04,UberPool,607.31,4.58,4.55,Completed
2586,207,4060,1245,2436,2023-10-23 00:51:20,2023-10-23 01:04:20,UberPool,340.73,3.24,3.87,Completed
2587,2052,3264,8265,7718,2025-02-12 13:25:33,2025-02-12 13:30:33,UberBlack,534.7,7.59,3.56,Completed
2588,2431,2664,1070,6663,2025-07-25 18:57:17,2025-07-25 19:10:17,UberBlack,592.52,17.45,3.76,Completed
2589,8577,153,4829,270,2024-08-05 13:31:37,2024-08-05 14:07:37,UberX,270.94,11.08,3.9,Completed
2590,3998,2257,2385,5249,2025-01-27 20:12:34,2025-01-27 20:25:34,UberPool,432.4,6.86,4.83,Completed
2591,3203,1778,3453,2229,2023-09-29 13:34:44,2023-09-29 13:48:44,UberX,408.91,17.37,4.38,Completed
2592,9253,1959,1695,6730,2024-06-23 06:33:13,2024-06-23 06:58:13,UberX,425.38,8.38,4.91,Cancelled
2593,6137,8350,5435,1034,2023-11-14 09:33:31,2023-11-14 09:46:31,UberBlack,510.01,9.06,4.55,Cancelled
2594,492,8417,5292,8332,2024-06-25 00:35:59,2024-06-25 00:55:59,UberX,651.07,12.66,4.09,Completed
2595,6219,4839,3279,5178,2024-08-27 05:36:48,2024-08-27 05:42:48,UberX,423.46,19.21,3.66,Completed
2596,3887,5510,7666,7528,2025-07-02 18:19:45,2025-07-02 18:47:45,UberPool,229.96,12.31,4.54,Completed
2597,5174,9302,3998,3167,2024-10-11 17:51:07,2024-10-11 18:06:07,UberBlack,533.73,12.92,3.87,No Show
2598,299,5347,6443,9435,2023-11-14 17:59:03,2023-11-14 18:37:03,UberPool,629.87,5.62,4.6,Completed
2599,5328,2631,4355,8176,2025-07-09 16:08:04,2025-07-09 16:18:04,UberX,547.95,9.99,4.32,Completed
2600,6261,6361,4115,5067,2025-06-30 08:21:32,2025-06-30 09:01:32,UberBlack,323.71,19.4,4.72,Completed
2601,8498,6126,9791,2797,2025-05-02 19:14:19,2025-05-02 19:44:19,UberBlack,611.66,7.78,3.97,Completed
2602,1606,847,1691,8642,2023-10-05 12:16:06,2023-10-05 12:34:06,UberPool,365.81,19.77,4.95,Completed
2603,181,8079,5251,5519,2024-03-03 01:51:20,2024-03-03 02:15:20,UberBlack,317.93,7.4,4.0,Completed
2604,2871,4560,3615,8817,2024-05-06 22:53:32,2024-05-06 23:24:32,UberPool,106.99,6.99,4.41,Completed
2605,2775,9039,2547,5816,2024-12-22 09:44:39,2024-12-22 10:21:39,UberBlack,98.22,1.64,4.45,No Show
2606,9468,1935,408,5642,2024-05-30 15:22:01,2024-05-30 15:29:01,UberBlack,548.04,6.85,3.76,Completed
2607,5001,6781,5198,8259,2024-08-01 22:13:43,2024-08-01 22:20:43,UberBlack,536.6,3.07,4.45,Completed
2608,5458,3718,5842,1656,2025-02-26 15:06:24,2025-02-26 15:48:24,UberX,418.09,8.58,3.94,Completed
2609,6913,5205,6095,9040,2024-03-11 01:27:37,2024-03-11 01:42:37,UberPool,267.77,11.59,4.54,Completed
2610,4171,8732,5850,9654,2025-02-12 07:30:58,2025-02-12 08:06:58,UberX,149.75,8.04,3.68,Completed
2611,355,365,2294,7011,2024-07-21 04:31:18,2024-07-21 05:09:18,UberBlack,276.32,9.29,4.19,Completed
2612,9579,1935,2897,781,2025-06-11 15:15:28,2025-06-11 15:28:28,UberPool,484.28,8.63,4.16,Completed
2613,7345,5878,4869,3805,2024-04-16 09:39:11,2024-04-16 09:50:11,UberBlack,560.02,4.6,4.07,Completed
2614,1549,1453,6559,2692,2023-09-02 04:07:33,2023-09-02 04:34:33,UberX,202.12,3.57,4.41,Completed
2615,6623,9117,2735,9412,2023-12-14 16:01:06,2023-12-14 16:11:06,UberBlack,452.28,12.11,4.82,Completed
2616,5597,7562,9935,4092,2025-07-19 14:30:37,2025-07-19 15:15:37,UberX,390.54,10.09,4.95,Completed
2617,8572,5342,6215,2338,2024-06-15 15:53:09,2024-06-15 15:59:09,UberX,403.84,17.22,4.36,Completed
2618,9113,7544,5506,4907,2023-11-08 18:33:16,2023-11-08 19:18:16,UberPool,525.95,12.12,4.86,Completed
2619,4496,3489,1389,1692,2024-12-29 20:12:44,2024-12-29 20:28:44,UberPool,762.32,6.7,4.11,Completed
2620,5332,8866,803,6149,2024-05-09 20:35:45,2024-05-09 21:16:45,UberBlack,349.3,3.96,4.8,Completed
2621,7640,4355,5040,89,2024-09-13 08:21:34,2024-09-13 08:47:34,UberX,327.92,5.25,3.97,Completed
2622,1,6607,5291,5971,2024-06-24 13:59:33,2024-06-24 14:35:33,UberPool,609.65,17.17,4.26,Completed
2623,2216,988,3804,7859,2023-10-28 12:03:17,2023-10-28 12:19:17,UberBlack,466.92,5.51,4.23,Completed
2624,5893,8441,7109,4149,2024-10-07 20:59:31,2024-10-07 21:13:31,UberPool,517.71,5.03,4.68,Cancelled
2625,1055,9672,5124,4652,2024-12-04 03:07:59,2024-12-04 03:42:59,UberBlack,111.22,9.33,3.88,Completed
2626,8658,6834,6922,7995,2024-05-24 18:34:00,2024-05-24 18:57:00,UberBlack,566.63,11.74,4.09,Completed
2627,1750,5485,7083,233,2023-09-30 03:07:10,2023-09-30 03:13:10,UberPool,467.41,6.4,3.81,Completed
2628,5655,3740,1738,31,2025-02-28 03:26:46,2025-02-28 03:34:46,UberPool,362.61,1.63,4.89,Completed
2629,388,6995,4037,4348,2025-05-19 03:53:05,2025-05-19 04:21:05,UberX,216.58,13.44,4.55,Completed
2630,1484,4596,5893,2540,2024-02-06 18:21:55,2024-02-06 18:56:55,UberBlack,257.19,3.92,3.63,Completed
2631,4049,1935,3291,970,2024-03-29 19:02:12,2024-03-29 19:45:12,UberX,770.55,16.0,4.29,Completed
2632,926,8950,8851,8053,2025-06-16 11:12:07,2025-06-16 11:39:07,UberPool,628.01,19.49,3.66,No Show
2633,285,6751,403,2645,2024-07-19 05:19:31,2024-07-19 05:51:31,UberBlack,524.43,9.35,4.01,Completed
2634,1257,6252,8555,9336,2023-09-27 17:17:19,2023-09-27 18:02:19,UberPool,544.93,3.48,3.54,Completed
2635,8817,4809,8762,7487,2024-08-26 00:14:50,2024-08-26 00:51:50,UberBlack,147.4,18.61,4.76,Completed
2636,5746,2318,3195,7037,2024-06-12 14:28:14,2024-06-12 14:55:14,UberX,646.4,3.95,3.97,Completed
2637,8629,4694,1019,3828,2024-12-05 06:27:25,2024-12-05 06:32:25,UberPool,180.55,2.95,4.2,Completed
2638,9892,985,5556,4878,2023-10-17 00:40:44,2023-10-17 01:11:44,UberX,392.87,12.35,4.64,Cancelled
2639,1802,4978,8954,6015,2024-12-30 02:46:22,2024-12-30 02:53:22,UberX,383.16,4.94,4.96,Completed
2640,1137,5624,4264,7146,2024-01-03 22:51:44,2024-01-03 23:11:44,UberPool,320.65,8.59,4.3,Completed
2641,5307,9031,4897,7506,2025-06-01 18:45:59,2025-06-01 19:16:59,UberPool,183.65,19.43,4.74,Completed
2642,8414,4639,6393,7937,2024-07-22 04:42:26,2024-07-22 05:00:26,UberBlack,391.72,4.52,4.56,Completed
2643,7929,1925,4256,3284,2025-07-06 08:54:04,2025-07-06 09:07:04,UberPool,644.66,14.69,3.63,Completed
2644,5937,3047,5939,1966,2024-10-25 11:52:54,2024-10-25 12:15:54,UberBlack,312.2,7.24,3.69,Completed
2645,9373,9578,253,1521,2024-10-03 20:22:54,2024-10-03 20:27:54,UberX,748.06,4.24,3.87,No Show
2646,198,636,1674,9862,2025-05-09 10:54:31,2025-05-09 11:36:31,UberBlack,72.6,5.43,4.92,Completed
2647,4072,9074,5002,7,2024-09-29 14:10:02,2024-09-29 14:28:02,UberPool,500.57,13.86,4.18,Completed
2648,8763,1030,7566,2884,2025-04-03 02:00:16,2025-04-03 02:43:16,UberX,414.68,5.94,3.58,Completed
2649,2765,8202,711,2809,2025-02-13 21:46:04,2025-02-13 22:07:04,UberPool,239.12,13.73,4.38,Completed
2650,7809,3421,4760,2960,2024-06-22 06:18:07,2024-06-22 06:32:07,UberPool,293.28,12.28,4.59,Completed
2651,2187,5059,1709,4497,2025-06-10 23:20:58,2025-06-10 23:45:58,UberX,203.67,18.64,3.8,Completed
2652,604,3549,1124,9727,2025-04-13 09:05:19,2025-04-13 09:23:19,UberPool,461.81,17.94,4.45,Completed
2653,6613,2199,7639,2836,2024-07-31 12:45:22,2024-07-31 13:05:22,UberX,307.63,2.21,4.81,Completed
2654,4644,1565,8039,5368,2025-05-13 23:10:20,2025-05-13 23:39:20,UberPool,153.38,11.6,3.72,Completed
2655,1199,3446,8714,4213,2024-03-21 13:59:39,2024-03-21 14:22:39,UberBlack,705.32,16.01,4.4,Completed
2656,3279,8557,5504,6422,2025-06-24 02:41:37,2025-06-24 02:58:37,UberPool,761.34,2.88,4.89,Completed
2657,999,8588,1744,7735,2024-02-16 20:31:05,2024-02-16 21:05:05,UberBlack,114.56,15.01,4.98,Completed
2658,671,4259,6482,5935,2025-04-14 08:19:53,2025-04-14 08:25:53,UberX,88.81,8.03,4.59,Completed
2659,559,4884,7724,7431,2024-11-02 00:28:48,2024-11-02 00:40:48,UberX,680.11,2.55,4.99,Completed
2660,5453,3987,1407,3134,2025-03-28 01:23:48,2025-03-28 01:56:48,UberX,125.23,14.48,4.84,Completed
2661,9532,7957,9389,2447,2024-05-08 23:13:21,2024-05-08 23:27:21,UberX,508.39,14.65,4.32,Completed
2662,8911,7231,6088,8310,2025-07-19 20:18:58,2025-07-19 20:43:58,UberBlack,507.2,12.38,4.52,Completed
2663,2468,9640,1930,7571,2024-11-13 01:56:57,2024-11-13 02:28:57,UberBlack,797.84,17.02,4.7,Cancelled
2664,8729,3727,3864,4287,2024-08-11 08:36:16,2024-08-11 09:12:16,UberBlack,774.64,9.18,4.11,Completed
2665,6594,1328,1951,5438,2024-01-21 14:32:46,2024-01-21 14:40:46,UberPool,100.02,1.41,3.52,Completed
2666,200,554,8173,8753,2024-07-13 15:49:00,2024-07-13 16:19:00,UberX,101.35,14.26,4.78,Completed
2667,7137,7494,7404,333,2024-10-10 06:19:06,2024-10-10 06:38:06,UberBlack,275.9,9.83,3.55,Completed
2668,7994,3156,4918,6716,2024-07-01 08:25:36,2024-07-01 08:48:36,UberX,331.36,13.59,4.02,Completed
2669,7581,4266,7134,2751,2024-12-29 15:27:10,2024-12-29 15:37:10,UberBlack,472.63,15.01,4.91,Completed
2670,5239,3557,9347,3761,2023-12-14 01:22:46,2023-12-14 01:27:46,UberBlack,106.22,15.88,4.35,Completed
2671,9682,1039,9618,2104,2024-06-15 11:59:42,2024-06-15 12:27:42,UberX,412.53,2.96,3.62,Completed
2672,3128,425,4677,2916,2024-05-04 23:48:09,2024-05-05 00:27:09,UberPool,660.81,17.1,4.11,Completed
2673,1803,1793,775,2047,2025-01-22 21:12:15,2025-01-22 21:46:15,UberX,338.13,18.55,3.77,Completed
2674,6887,2125,1240,5634,2024-11-07 10:53:35,2024-11-07 11:15:35,UberBlack,77.55,10.75,4.86,Completed
2675,1414,9835,83,3758,2023-11-07 08:08:51,2023-11-07 08:50:51,UberPool,710.48,11.63,3.59,Completed
2676,5602,5111,3443,9407,2025-06-01 13:42:03,2025-06-01 13:59:03,UberPool,132.99,6.89,3.69,Completed
2677,9561,5898,8209,1583,2023-11-08 20:30:47,2023-11-08 20:40:47,UberBlack,320.83,15.8,4.66,Completed
2678,3227,1418,6341,7271,2024-08-11 07:53:16,2024-08-11 08:31:16,UberPool,540.25,5.7,4.77,Completed
2679,8897,2355,975,6393,2024-11-17 01:11:04,2024-11-17 01:31:04,UberPool,513.57,13.72,3.7,Completed
2680,3042,7990,8074,1702,2024-11-29 22:51:14,2024-11-29 23:09:14,UberBlack,100.8,7.22,4.27,Completed
2681,8861,808,4778,3488,2024-06-03 16:32:45,2024-06-03 16:54:45,UberX,548.97,17.37,3.68,Completed
2682,2998,8919,8812,8603,2024-01-04 01:12:44,2024-01-04 01:27:44,UberPool,490.42,7.65,4.82,Completed
2683,4638,5232,4069,3430,2024-10-19 21:27:45,2024-10-19 21:43:45,UberPool,120.03,12.2,4.04,Completed
2684,3128,4791,2305,4525,2023-10-08 10:36:47,2023-10-08 10:59:47,UberBlack,581.15,12.59,3.76,No Show
2685,1853,8388,403,5413,2023-09-28 04:54:07,2023-09-28 05:00:07,UberBlack,678.92,11.59,4.49,Completed
2686,8893,845,1354,6641,2024-08-17 02:56:37,2024-08-17 03:41:37,UberX,799.61,5.64,4.65,Completed
2687,4031,9573,6099,1637,2024-11-11 08:08:03,2024-11-11 08:15:03,UberBlack,398.04,8.11,3.98,No Show
2688,3467,4716,5922,6951,2023-12-17 11:06:53,2023-12-17 11:41:53,UberBlack,716.75,6.42,4.02,Cancelled
2689,4942,107,6864,1566,2024-12-16 05:39:28,2024-12-16 06:12:28,UberPool,257.66,8.79,4.69,Completed
2690,2035,621,8525,7937,2025-07-19 03:36:10,2025-07-19 03:47:10,UberX,588.86,5.31,4.81,Completed
2691,4875,3122,581,9701,2024-01-21 21:59:11,2024-01-21 22:30:11,UberX,649.66,4.32,4.47,Completed
2692,2686,9359,6177,2439,2025-02-05 07:35:57,2025-02-05 07:54:57,UberPool,622.93,3.09,4.65,Completed
2693,7735,9710,7256,6662,2024-09-28 15:42:58,2024-09-28 16:05:58,UberX,744.31,9.88,4.57,Completed
2694,9264,7331,482,5040,2024-08-28 16:32:20,2024-08-28 17:06:20,UberX,330.56,4.74,4.67,Completed
2695,5124,3435,328,1727,2024-09-03 11:35:39,2024-09-03 11:51:39,UberBlack,220.71,1.11,3.58,Completed
2696,2653,1856,4366,3864,2024-02-03 02:01:44,2024-02-03 02:23:44,UberPool,129.64,14.03,4.86,Cancelled
2697,1426,2240,2734,1374,2024-03-05 10:04:18,2024-03-05 10:32:18,UberX,107.02,11.48,4.83,Completed
2698,8917,9872,9265,5629,2023-08-19 10:02:37,2023-08-19 10:10:37,UberPool,340.92,12.42,4.56,Completed
2699,1589,6392,4430,960,2025-01-07 07:48:25,2025-01-07 07:54:25,UberX,461.37,6.72,4.03,Cancelled
2700,6530,8983,185,6594,2023-12-25 08:02:54,2023-12-25 08:41:54,UberX,494.5,10.19,3.96,Completed
2701,7968,278,4121,9833,2024-12-30 04:54:33,2024-12-30 05:20:33,UberPool,179.75,12.54,4.43,Completed
2702,9508,8912,7256,6538,2024-12-04 02:10:29,2024-12-04 02:29:29,UberPool,476.81,1.57,4.17,Completed
2703,6942,1304,5340,9143,2024-05-20 15:21:36,2024-05-20 15:55:36,UberX,69.87,7.62,4.89,Completed
2704,4033,6749,5507,4865,2024-08-31 13:40:54,2024-08-31 13:52:54,UberBlack,526.05,19.51,4.17,No Show
2705,3641,5414,429,4535,2024-05-31 11:20:21,2024-05-31 11:44:21,UberPool,285.42,15.77,4.83,Completed
2706,8467,9474,1036,9091,2023-12-10 20:04:11,2023-12-10 20:49:11,UberX,671.07,16.98,4.46,Completed
2707,3232,3444,5221,144,2024-06-18 04:04:17,2024-06-18 04:43:17,UberPool,747.06,2.71,3.67,Cancelled
2708,8450,4245,1640,6284,2024-01-16 16:50:38,2024-01-16 17:04:38,UberBlack,365.33,11.07,3.76,Cancelled
2709,7100,5548,6777,114,2024-09-21 06:38:24,2024-09-21 07:04:24,UberBlack,570.49,11.85,4.61,Completed
2710,9455,1014,7569,4462,2023-08-28 01:20:27,2023-08-28 01:50:27,UberPool,331.05,4.93,4.45,Completed
2711,9845,6599,755,2580,2024-09-09 11:05:42,2024-09-09 11:43:42,UberPool,382.88,2.74,4.55,Completed
2712,8832,6670,1535,3625,2025-04-24 03:21:52,2025-04-24 03:58:52,UberX,472.74,1.41,4.47,Completed
2713,539,5098,2871,8727,2024-05-27 00:34:00,2024-05-27 01:16:00,UberPool,486.55,7.32,4.59,Completed
2714,1099,4059,10000,345,2024-11-20 11:47:37,2024-11-20 12:26:37,UberBlack,287.06,18.15,4.33,Completed
2715,2342,4435,3019,309,2023-12-11 03:31:15,2023-12-11 04:08:15,UberPool,742.16,7.76,4.71,Completed
2716,8612,4784,6379,792,2024-07-25 03:56:05,2024-07-25 04:12:05,UberPool,315.14,17.98,4.21,Completed
2717,1521,1471,6358,9642,2024-02-05 17:28:12,2024-02-05 17:36:12,UberPool,563.38,3.83,4.16,Completed
2718,6124,8140,6105,8065,2025-06-30 18:07:42,2025-06-30 18:41:42,UberPool,492.2,6.07,4.9,Completed
2719,8604,15,5912,2702,2023-11-12 20:14:19,2023-11-12 20:30:19,UberX,443.01,19.44,4.29,Completed
2720,101,6592,6184,5553,2023-11-02 02:19:36,2023-11-02 02:54:36,UberX,375.24,15.59,4.43,Completed
2721,7804,7057,2406,8574,2023-08-16 18:02:48,2023-08-16 18:18:48,UberPool,664.57,2.99,4.99,Completed
2722,8270,7460,6596,8299,2025-01-12 15:12:48,2025-01-12 15:19:48,UberBlack,247.37,11.24,4.27,Completed
2723,9373,5344,8601,6479,2025-03-12 04:22:56,2025-03-12 04:55:56,UberBlack,568.35,6.63,4.85,Completed
2724,5994,1967,7745,1137,2024-09-16 22:43:28,2024-09-16 23:18:28,UberPool,377.07,11.82,4.19,Completed
2725,9312,8731,2246,5893,2024-07-24 18:35:35,2024-07-24 19:11:35,UberPool,371.04,7.31,4.0,Completed
2726,5955,6980,9939,9629,2024-02-06 14:39:55,2024-02-06 15:16:55,UberPool,222.04,4.8,3.58,Cancelled
2727,3746,5632,2594,1685,2024-08-08 02:52:27,2024-08-08 03:31:27,UberX,482.35,3.01,4.47,Completed
2728,772,4054,5360,8380,2024-07-20 17:56:52,2024-07-20 18:25:52,UberPool,624.55,6.0,3.81,Completed
2729,9234,8188,729,6967,2025-04-08 02:06:28,2025-04-08 02:42:28,UberX,131.65,10.36,3.76,Cancelled
2730,7077,8372,7640,5377,2024-03-24 02:32:18,2024-03-24 03:03:18,UberPool,333.55,2.92,4.83,Completed
2731,2106,5931,4919,748,2023-12-17 23:54:08,2023-12-18 00:38:08,UberPool,392.68,10.82,3.66,Completed
2732,3766,9191,4483,7709,2024-12-16 06:03:59,2024-12-16 06:24:59,UberBlack,549.14,7.92,4.84,No Show
2733,5014,4850,1051,8840,2024-03-20 18:23:11,2024-03-20 18:50:11,UberX,524.2,15.04,4.14,Completed
2734,9777,8107,8509,5033,2024-04-01 23:07:26,2024-04-01 23:27:26,UberX,617.09,16.96,4.29,Completed
2735,5258,6931,8935,8368,2025-04-03 22:49:21,2025-04-03 23:24:21,UberX,501.66,6.55,3.55,Completed
2736,6546,9027,9908,4065,2024-02-11 13:54:18,2024-02-11 14:33:18,UberX,582.78,4.8,4.99,Completed
2737,7804,8492,472,3751,2025-04-26 19:45:55,2025-04-26 20:02:55,UberX,665.43,6.31,3.67,Completed
2738,961,6275,7069,710,2024-04-09 01:12:50,2024-04-09 01:41:50,UberBlack,445.53,14.82,4.21,Completed
2739,4492,6781,6543,8189,2025-06-18 09:18:38,2025-06-18 09:24:38,UberPool,630.4,17.68,4.7,Cancelled
2740,5669,6,541,1003,2025-06-30 13:43:10,2025-06-30 14:22:10,UberX,78.2,19.19,3.59,Completed
2741,68,6756,6544,3033,2024-07-01 11:05:43,2024-07-01 11:13:43,UberX,765.24,12.69,3.51,Completed
2742,9189,8756,7866,77,2024-03-24 20:38:05,2024-03-24 21:21:05,UberX,80.1,16.14,3.74,Completed
2743,6864,6597,3661,4599,2024-09-09 01:39:38,2024-09-09 02:06:38,UberPool,350.69,1.68,4.44,Completed
2744,9714,7756,4810,2414,2023-08-07 08:01:22,2023-08-07 08:28:22,UberX,685.53,3.39,3.75,No Show
2745,2173,5333,426,7740,2024-08-13 15:06:40,2024-08-13 15:37:40,UberBlack,726.12,17.57,4.02,Completed
2746,6969,5948,2004,8351,2024-08-30 03:02:19,2024-08-30 03:19:19,UberPool,566.46,1.76,4.68,Completed
2747,5018,7782,5094,1397,2024-10-22 11:13:52,2024-10-22 11:58:52,UberPool,366.4,3.89,3.93,Completed
2748,8489,9194,5012,8474,2024-02-19 08:56:03,2024-02-19 09:41:03,UberPool,780.32,10.12,3.62,Completed
2749,3654,9350,6903,1604,2023-09-18 16:24:15,2023-09-18 17:00:15,UberPool,557.37,11.51,3.76,Completed
2750,8790,6446,1049,4232,2024-06-06 13:41:52,2024-06-06 13:53:52,UberPool,755.88,13.51,4.88,Completed
2751,7549,5467,228,198,2023-11-16 07:02:18,2023-11-16 07:25:18,UberX,555.91,10.22,3.78,Completed
2752,9614,5441,1485,1691,2024-07-10 15:19:15,2024-07-10 16:04:15,UberBlack,177.78,9.0,3.62,Completed
2753,8512,8492,3444,5557,2024-10-24 17:21:21,2024-10-24 17:47:21,UberX,385.56,8.98,3.65,Completed
2754,6112,9967,9393,4869,2024-01-22 21:06:48,2024-01-22 21:21:48,UberX,310.63,7.17,3.71,Completed
2755,207,7286,4926,2545,2023-09-09 11:11:54,2023-09-09 11:17:54,UberPool,674.27,7.79,4.74,Completed
2756,4601,5296,4503,60,2025-05-10 20:50:44,2025-05-10 21:30:44,UberBlack,794.08,12.12,3.98,Completed
2757,2325,8439,1890,5473,2024-04-22 14:46:24,2024-04-22 15:10:24,UberBlack,693.05,15.69,4.47,Completed
2758,176,3122,8269,3856,2024-07-31 23:40:54,2024-08-01 00:23:54,UberPool,572.48,19.97,3.71,Completed
2759,8911,1795,8206,3749,2024-11-11 04:20:27,2024-11-11 04:37:27,UberBlack,470.51,12.21,3.87,Completed
2760,560,1244,2923,6367,2025-04-24 09:44:12,2025-04-24 10:03:12,UberBlack,498.03,8.93,4.39,Completed
2761,9735,4211,7953,200,2025-03-14 12:16:25,2025-03-14 12:49:25,UberPool,304.35,6.52,3.79,Completed
2762,2566,2806,3951,4449,2025-06-25 10:23:04,2025-06-25 10:29:04,UberPool,474.01,1.63,4.25,Completed
2763,8018,5243,5002,3483,2024-06-03 09:47:19,2024-06-03 10:25:19,UberPool,158.16,11.05,4.34,Completed
2764,8565,9501,7412,6167,2024-04-01 20:28:28,2024-04-01 21:06:28,UberPool,708.95,11.93,4.64,Completed
2765,2056,5799,3786,1786,2024-02-02 02:54:35,2024-02-02 03:18:35,UberX,377.69,12.04,4.44,Completed
2766,6241,8141,3552,4343,2024-10-05 04:04:13,2024-10-05 04:31:13,UberX,428.24,5.26,4.68,Completed
2767,8645,2426,5425,8236,2024-10-07 00:03:09,2024-10-07 00:26:09,UberBlack,720.53,11.35,3.66,Completed
2768,8039,6058,5916,8653,2024-07-19 00:31:02,2024-07-19 01:05:02,UberBlack,217.56,17.8,4.91,Completed
2769,799,5975,7512,4941,2025-03-22 09:11:30,2025-03-22 09:36:30,UberPool,122.3,4.38,4.19,Completed
2770,7285,8590,1391,305,2024-01-01 13:59:42,2024-01-01 14:06:42,UberX,68.13,1.02,3.58,Completed
2771,7867,2139,5318,1606,2024-01-13 22:13:37,2024-01-13 22:47:37,UberBlack,526.42,8.46,3.69,Completed
2772,8129,8976,8268,3924,2024-03-13 19:48:46,2024-03-13 20:20:46,UberX,735.1,14.64,3.56,Completed
2773,4963,8223,6046,5879,2025-02-06 22:45:12,2025-02-06 23:24:12,UberBlack,187.73,2.34,4.63,Completed
2774,2733,7542,7694,509,2024-05-23 04:00:45,2024-05-23 04:10:45,UberX,466.71,4.98,4.34,Completed
2775,1906,1989,7938,2148,2023-12-08 12:03:06,2023-12-08 12:42:06,UberX,233.99,9.24,4.07,Completed
2776,4492,8225,4117,8938,2023-12-10 18:10:45,2023-12-10 18:46:45,UberBlack,489.4,5.61,4.18,Completed
2777,2169,2145,477,6684,2024-03-13 19:37:15,2024-03-13 19:53:15,UberBlack,259.06,11.52,4.2,Completed
2778,4670,7388,3554,5503,2025-02-05 23:09:20,2025-02-05 23:46:20,UberPool,559.03,11.84,4.78,Completed
2779,8076,8176,4352,4027,2024-06-12 22:55:48,2024-06-12 23:18:48,UberX,152.64,19.34,4.0,Completed
2780,9568,889,85,5784,2024-03-09 13:06:18,2024-03-09 13:13:18,UberX,469.42,14.5,4.93,Completed
2781,3188,910,7403,3820,2024-03-03 06:14:18,2024-03-03 06:42:18,UberX,59.27,17.8,4.48,Cancelled
2782,2812,9275,5620,2654,2023-11-11 02:13:57,2023-11-11 02:45:57,UberPool,100.94,2.59,4.77,Completed
2783,2265,8877,2913,8312,2024-09-25 14:47:10,2024-09-25 15:20:10,UberX,74.0,2.29,3.83,Completed
2784,3535,1383,9876,9480,2024-07-23 22:20:43,2024-07-23 23:01:43,UberX,638.21,3.94,3.82,Completed
2785,4593,7205,4745,5379,2025-03-24 13:42:46,2025-03-24 13:53:46,UberX,747.37,3.78,4.13,Completed
2786,7492,46,8753,6865,2025-03-30 00:36:08,2025-03-30 01:08:08,UberPool,55.62,18.65,4.11,Completed
2787,57,2018,7437,616,2023-12-11 02:54:47,2023-12-11 03:30:47,UberX,416.87,18.83,4.06,Completed
2788,3866,2535,4044,1443,2023-12-16 03:28:27,2023-12-16 03:44:27,UberBlack,460.38,10.51,3.68,Completed
2789,41,6950,5689,4406,2025-05-09 14:00:32,2025-05-09 14:13:32,UberX,199.64,17.68,4.48,Completed
2790,5826,2258,7374,4434,2024-01-25 03:10:02,2024-01-25 03:47:02,UberPool,777.4,8.51,4.56,Completed
2791,5636,5315,395,5945,2023-10-22 02:59:12,2023-10-22 03:32:12,UberX,285.01,11.81,3.85,Completed
2792,8267,4532,2308,5225,2025-07-23 00:45:29,2025-07-23 00:50:29,UberPool,759.83,15.1,5.0,Completed
2793,9383,5017,4347,7379,2025-02-22 19:55:19,2025-02-22 20:23:19,UberX,695.65,14.05,4.13,No Show
2794,3522,6038,4193,2801,2025-04-30 13:33:29,2025-04-30 13:59:29,UberX,275.22,19.68,4.64,Completed
2795,2530,3741,6902,47,2024-12-05 09:29:43,2024-12-05 09:44:43,UberBlack,477.21,15.07,4.62,Cancelled
2796,387,9144,5287,7473,2023-12-29 17:38:33,2023-12-29 18:21:33,UberBlack,368.08,11.54,4.5,Completed
2797,5680,3417,2672,588,2025-06-30 10:47:00,2025-06-30 10:58:00,UberBlack,439.77,9.63,4.8,Completed
2798,7427,9789,7093,3282,2023-08-11 14:44:55,2023-08-11 14:51:55,UberBlack,172.65,18.01,4.13,Cancelled
2799,4017,5611,5976,9106,2025-05-27 17:43:34,2025-05-27 17:52:34,UberBlack,462.57,16.72,4.03,Completed
2800,1812,7530,7260,2593,2024-03-06 17:04:36,2024-03-06 17:14:36,UberPool,249.22,11.58,3.75,Completed
2801,5686,5819,1978,5650,2025-07-11 15:24:44,2025-07-11 15:35:44,UberBlack,71.87,17.66,3.87,Completed
2802,7265,6847,3868,801,2025-07-24 05:57:30,2025-07-24 06:34:30,UberX,660.02,5.94,4.5,Completed
2803,8009,2843,2103,8073,2023-08-07 00:53:11,2023-08-07 01:15:11,UberX,372.93,2.52,3.68,Completed
2804,3883,6710,1974,1068,2023-08-10 05:06:50,2023-08-10 05:12:50,UberBlack,600.11,6.08,4.06,Completed
2805,3128,9925,9876,3675,2024-12-13 10:30:26,2024-12-13 11:08:26,UberX,126.0,5.75,3.66,Completed
2806,6420,6553,9546,6526,2024-04-21 09:04:59,2024-04-21 09:26:59,UberPool,461.14,2.65,4.0,Completed
2807,4915,1808,5244,2760,2023-09-24 23:05:51,2023-09-24 23:46:51,UberBlack,746.94,16.15,4.18,Completed
2808,4496,143,3075,1614,2023-12-10 01:42:05,2023-12-10 01:51:05,UberPool,192.43,17.68,3.51,Completed
2809,41,1147,6730,1719,2025-02-26 15:17:55,2025-02-26 15:52:55,UberBlack,219.27,7.56,4.87,Completed
2810,7926,1954,7820,7237,2024-11-24 22:21:16,2024-11-24 22:36:16,UberPool,697.33,8.26,3.93,Cancelled
2811,6467,1247,2916,5251,2024-02-21 21:19:04,2024-02-21 22:00:04,UberPool,306.63,7.83,4.18,Completed
2812,8781,2245,509,8223,2024-09-19 04:40:09,2024-09-19 05:23:09,UberX,617.22,10.4,3.98,Completed
2813,1812,6939,6419,8766,2024-06-23 09:09:55,2024-06-23 09:52:55,UberBlack,758.12,4.82,4.24,Completed
2814,5014,1687,9072,2048,2024-11-25 12:08:37,2024-11-25 12:15:37,UberX,735.11,10.45,4.63,Completed
2815,6733,4532,5775,7803,2023-12-30 16:14:44,2023-12-30 16:44:44,UberBlack,100.71,15.87,4.04,Completed
2816,2821,8107,3106,8175,2024-04-17 05:35:02,2024-04-17 06:02:02,UberX,282.88,18.15,3.96,Completed
2817,2010,895,5230,2820,2025-04-12 18:39:24,2025-04-12 19:11:24,UberX,663.24,10.31,4.3,Completed
2818,5540,3545,8425,8553,2023-08-21 06:17:10,2023-08-21 06:34:10,UberBlack,477.84,11.49,3.9,Completed
2819,6646,6512,5290,9357,2024-03-23 19:24:51,2024-03-23 19:34:51,UberPool,262.5,7.7,4.79,Completed
2820,2075,3236,2443,4310,2024-11-19 13:26:14,2024-11-19 14:11:14,UberBlack,432.49,17.91,4.35,Completed
2821,2614,4163,8005,4333,2024-05-10 06:45:25,2024-05-10 06:58:25,UberPool,725.08,10.6,3.65,Completed
2822,5263,6168,4912,5419,2024-01-04 20:34:58,2024-01-04 21:13:58,UberPool,162.97,18.93,4.19,Completed
2823,1930,4213,7146,8317,2024-07-08 21:11:15,2024-07-08 21:53:15,UberBlack,200.24,6.07,3.9,Completed
2824,287,5235,4746,8603,2024-12-21 14:35:45,2024-12-21 15:17:45,UberX,699.85,8.36,4.09,Completed
2825,8158,8556,6533,2069,2024-03-14 11:36:18,2024-03-14 11:58:18,UberX,73.16,11.63,4.92,Completed
2826,509,842,9470,2994,2023-09-13 06:12:09,2023-09-13 06:47:09,UberBlack,213.94,7.12,4.34,Completed
2827,5206,2917,8094,405,2024-02-04 01:23:17,2024-02-04 01:37:17,UberPool,584.89,13.88,3.74,Completed
2828,8080,5744,1235,5898,2025-03-14 20:11:26,2025-03-14 20:44:26,UberBlack,418.39,3.34,4.22,Completed
2829,3711,6553,9976,7288,2024-05-04 23:28:52,2024-05-05 00:07:52,UberBlack,627.77,12.3,3.83,Completed
2830,4611,8578,3929,6700,2023-12-07 08:30:52,2023-12-07 09:09:52,UberBlack,174.38,10.79,3.78,Completed
2831,1259,9544,9607,5505,2024-07-11 14:54:07,2024-07-11 15:27:07,UberBlack,130.97,19.01,3.81,Completed
2832,454,3202,6031,6209,2023-09-03 15:57:40,2023-09-03 16:21:40,UberPool,238.62,11.51,4.11,Completed
2833,5019,7860,8538,2437,2024-01-18 13:32:45,2024-01-18 14:11:45,UberBlack,390.06,11.19,3.81,Completed
2834,1633,3169,8949,3998,2025-01-09 10:18:54,2025-01-09 11:02:54,UberBlack,63.62,3.47,4.77,Completed
2835,3954,7989,2532,105,2024-12-08 22:51:50,2024-12-08 23:30:50,UberBlack,766.43,8.8,3.65,Completed
2836,2356,3027,8248,7687,2023-12-14 11:46:55,2023-12-14 12:28:55,UberX,266.74,19.57,4.96,Cancelled
2837,8319,9708,2110,961,2023-08-10 05:32:42,2023-08-10 05:55:42,UberX,440.5,8.72,3.6,Completed
2838,9172,2843,9000,6051,2024-01-07 19:16:15,2024-01-07 19:51:15,UberX,639.69,2.96,4.32,Cancelled
2839,7834,6578,1771,9327,2024-06-26 16:31:01,2024-06-26 17:02:01,UberBlack,311.27,9.22,3.86,Completed
2840,6760,2729,6896,8610,2024-12-07 07:27:42,2024-12-07 07:34:42,UberX,643.6,13.21,4.16,Completed
2841,9258,3444,9260,6658,2025-03-02 19:30:27,2025-03-02 20:02:27,UberBlack,338.23,1.39,3.6,Completed
2842,1148,4612,2604,8932,2023-10-04 01:13:31,2023-10-04 01:31:31,UberBlack,589.93,2.36,4.16,Completed
2843,8020,6139,3497,5553,2024-01-27 04:46:57,2024-01-27 04:53:57,UberX,562.24,3.48,4.8,Completed
2844,8148,4485,3614,362,2024-05-27 13:35:47,2024-05-27 13:46:47,UberPool,494.61,11.94,3.54,Completed
2845,8719,8311,2894,4560,2025-05-15 05:28:36,2025-05-15 05:39:36,UberX,701.48,13.17,3.82,Completed
2846,510,2377,7765,1034,2023-11-22 11:24:37,2023-11-22 12:06:37,UberPool,63.84,14.47,3.83,Completed
2847,7749,2250,2835,2837,2024-06-10 22:40:31,2024-06-10 22:48:31,UberPool,437.0,11.22,3.52,Completed
2848,5949,1677,1226,7599,2024-01-24 23:41:31,2024-01-25 00:04:31,UberBlack,546.71,10.59,3.7,Completed
2849,8820,6574,6878,7875,2024-10-25 09:16:54,2024-10-25 09:36:54,UberPool,357.58,5.53,4.3,Completed
2850,2671,6058,4078,5863,2024-09-29 02:39:48,2024-09-29 03:21:48,UberX,440.53,19.67,4.96,Completed
2851,9394,2175,686,1149,2024-02-04 04:03:22,2024-02-04 04:33:22,UberPool,586.64,8.0,3.66,Completed
2852,8120,4310,7226,2613,2025-03-23 20:41:22,2025-03-23 21:01:22,UberX,553.12,19.73,4.15,Completed
2853,7265,4624,8614,4769,2025-08-03 20:50:41,2025-08-03 21:35:41,UberPool,373.41,16.18,3.51,Completed
2854,4362,325,6273,8278,2024-08-29 22:36:30,2024-08-29 22:44:30,UberX,577.21,7.09,3.7,Completed
2855,5759,6553,618,6439,2024-03-06 03:18:33,2024-03-06 03:25:33,UberPool,234.81,16.68,4.04,Completed
2856,6788,5592,9967,3311,2025-07-19 13:19:52,2025-07-19 14:03:52,UberX,530.75,17.86,3.7,Completed
2857,2067,9626,9963,4255,2025-07-18 08:18:11,2025-07-18 09:03:11,UberPool,302.25,18.11,3.85,No Show
2858,4080,3593,9802,9531,2025-01-24 03:10:41,2025-01-24 03:46:41,UberX,102.03,8.86,4.99,Completed
2859,3659,9919,7289,7652,2023-12-28 02:13:30,2023-12-28 02:21:30,UberBlack,347.36,10.59,4.21,Completed
2860,1373,773,8994,7631,2024-03-21 08:52:13,2024-03-21 09:01:13,UberPool,358.6,13.44,4.97,No Show
2861,1485,4376,898,5404,2024-10-01 12:08:32,2024-10-01 12:34:32,UberBlack,336.39,4.13,3.69,Completed
2862,2205,4477,570,7256,2023-10-08 20:59:21,2023-10-08 21:36:21,UberX,726.35,13.04,3.68,Completed
2863,3125,998,7195,5617,2023-11-29 21:38:09,2023-11-29 22:08:09,UberBlack,658.63,19.48,4.74,Completed
2864,4315,1779,3632,6765,2023-09-21 07:36:23,2023-09-21 07:58:23,UberBlack,749.16,17.88,4.77,Completed
2865,5166,7460,9797,183,2023-08-07 00:46:14,2023-08-07 01:23:14,UberPool,434.72,14.1,4.95,Completed
2866,6094,2529,1766,8649,2024-10-15 11:29:10,2024-10-15 12:09:10,UberBlack,746.93,3.11,4.85,Completed
2867,4113,5319,3864,4295,2024-11-17 17:20:57,2024-11-17 17:43:57,UberX,101.82,19.22,3.76,Completed
2868,9255,3675,2206,1171,2024-05-03 17:20:21,2024-05-03 17:51:21,UberBlack,68.63,18.68,3.72,Completed
2869,3077,9994,7514,29,2024-03-02 07:48:09,2024-03-02 08:31:09,UberPool,598.07,18.61,4.9,Completed
2870,9292,2401,3208,3635,2023-10-12 23:05:11,2023-10-12 23:13:11,UberX,726.35,3.9,3.81,Completed
2871,2667,5276,1965,2318,2024-01-26 20:46:57,2024-01-26 21:08:57,UberPool,56.27,16.95,3.7,Completed
2872,8684,4970,6638,717,2024-05-20 13:38:54,2024-05-20 13:44:54,UberBlack,350.75,14.0,4.26,Completed
2873,7192,7334,9981,413,2025-06-13 08:40:53,2025-06-13 09:25:53,UberX,697.93,12.25,4.8,Completed
2874,9614,6477,9943,9526,2023-11-22 21:34:28,2023-11-22 21:40:28,UberPool,670.55,18.05,3.57,No Show
2875,263,3073,2784,7089,2024-06-21 14:08:16,2024-06-21 14:52:16,UberBlack,149.31,4.14,4.52,Completed
2876,3492,5406,9449,8616,2023-11-11 08:50:48,2023-11-11 09:07:48,UberPool,573.6,6.5,3.84,Completed
2877,3045,1189,6302,8888,2025-04-30 20:35:05,2025-04-30 20:57:05,UberX,615.05,18.36,4.79,Completed
2878,4808,6732,3249,2337,2023-12-09 04:50:25,2023-12-09 04:55:25,UberPool,358.51,19.17,4.95,Completed
2879,4315,2360,8495,3914,2024-09-03 21:56:34,2024-09-03 22:35:34,UberX,717.0,19.46,4.41,Completed
2880,4989,5173,5524,7394,2024-10-26 10:36:40,2024-10-26 10:56:40,UberBlack,247.65,15.1,3.91,Completed
2881,3834,2184,7144,6245,2025-02-06 11:33:57,2025-02-06 11:42:57,UberPool,362.63,4.46,3.55,Completed
2882,1152,8996,9787,7556,2024-09-05 08:31:34,2024-09-05 08:49:34,UberX,563.79,19.5,4.45,Completed
2883,2409,5428,247,4126,2023-10-16 06:52:49,2023-10-16 07:19:49,UberPool,633.17,3.77,4.99,Completed
2884,8118,6675,3306,8493,2023-08-19 04:32:52,2023-08-19 05:09:52,UberX,508.34,13.25,4.65,Completed
2885,2035,4054,8983,7788,2024-10-04 11:33:59,2024-10-04 12:02:59,UberBlack,221.37,16.45,4.01,Completed
2886,2792,412,2254,144,2024-05-06 00:00:27,2024-05-06 00:15:27,UberPool,708.3,15.63,4.34,Completed
2887,9599,6757,5895,1681,2023-09-07 15:44:06,2023-09-07 15:59:06,UberX,407.96,17.04,4.23,Completed
2888,3095,7822,339,3809,2025-05-29 12:19:33,2025-05-29 12:57:33,UberX,691.3,2.03,4.51,Completed
2889,1515,212,1793,1001,2023-09-01 16:14:16,2023-09-01 16:54:16,UberBlack,86.73,19.05,4.73,Cancelled
2890,63,1778,3233,8911,2023-08-30 08:00:57,2023-08-30 08:38:57,UberX,410.79,7.35,4.84,Completed
2891,9520,8198,2631,6971,2025-02-24 15:31:22,2025-02-24 15:59:22,UberX,264.09,16.18,4.81,Cancelled
2892,4614,2894,2286,9743,2025-05-29 16:38:46,2025-05-29 17:05:46,UberPool,741.81,8.0,3.83,Completed
2893,7922,9313,9522,1463,2024-11-13 07:32:52,2024-11-13 07:57:52,UberX,547.17,19.49,3.76,Completed
2894,5932,823,8996,3265,2023-10-20 12:43:07,2023-10-20 12:56:07,UberX,581.51,9.92,4.54,Cancelled
2895,5429,7810,5113,4170,2025-02-20 23:56:40,2025-02-21 00:40:40,UberX,353.9,6.05,3.73,Completed
2896,6727,6337,952,5113,2024-11-13 20:45:18,2024-11-13 21:21:18,UberPool,186.03,10.7,3.73,Cancelled
2897,227,394,1746,4783,2025-07-29 20:08:24,2025-07-29 20:27:24,UberX,636.57,19.13,4.94,Completed
2898,9914,956,7233,424,2024-08-18 18:46:52,2024-08-18 19:18:52,UberX,394.37,5.83,3.87,Completed
2899,3521,1730,5708,513,2024-06-04 05:50:30,2024-06-04 06:27:30,UberX,579.0,8.05,4.76,Completed
2900,8242,5697,4645,1226,2024-04-22 04:44:55,2024-04-22 05:11:55,UberBlack,140.73,15.41,4.96,Completed
2901,4124,3836,2899,8884,2024-08-03 08:25:39,2024-08-03 09:10:39,UberPool,435.57,2.59,3.92,Completed
2902,9327,3926,9425,153,2024-11-09 19:39:01,2024-11-09 20:04:01,UberBlack,217.72,18.29,4.57,Completed
2903,5699,1683,5486,8102,2024-03-23 01:19:08,2024-03-23 01:33:08,UberPool,464.14,8.35,3.95,Completed
2904,1738,8494,6944,2088,2023-11-04 19:25:23,2023-11-04 20:05:23,UberX,190.39,16.36,3.8,Completed
2905,3852,4266,4784,1942,2023-09-14 14:34:07,2023-09-14 15:15:07,UberBlack,113.49,12.88,4.55,Completed
2906,3751,9221,2489,9712,2025-04-07 03:10:48,2025-04-07 03:38:48,UberPool,707.83,14.78,4.6,Completed
2907,4390,5226,6322,3873,2024-05-14 08:47:40,2024-05-14 09:00:40,UberX,115.08,9.43,3.51,Completed
2908,2309,6324,7034,9072,2023-09-03 17:29:05,2023-09-03 18:00:05,UberX,121.07,11.61,4.67,Completed
2909,6957,7641,623,8001,2023-12-29 15:35:22,2023-12-29 16:11:22,UberBlack,500.94,19.44,4.34,Completed
2910,8577,2565,6777,8165,2023-10-23 02:29:08,2023-10-23 02:52:08,UberX,213.66,16.72,4.43,Cancelled
2911,8579,9887,5618,2545,2024-11-03 16:59:54,2024-11-03 17:24:54,UberBlack,618.75,10.72,3.96,Completed
2912,5874,2656,2732,5809,2024-08-22 22:54:12,2024-08-22 23:19:12,UberX,711.23,17.59,4.56,Completed
2913,9923,3626,5491,3528,2025-03-05 23:33:02,2025-03-05 23:42:02,UberX,783.96,2.4,4.03,Completed
2914,8338,4959,5472,7925,2023-10-08 21:32:22,2023-10-08 21:58:22,UberPool,106.96,5.46,4.72,Completed
2915,6820,3048,2112,1288,2025-03-26 15:59:45,2025-03-26 16:41:45,UberBlack,755.95,17.94,3.66,Completed
2916,7096,2959,6021,4942,2023-10-08 03:17:45,2023-10-08 03:33:45,UberBlack,292.7,13.5,4.61,Completed
2917,9372,1874,4317,6571,2023-11-04 03:47:39,2023-11-04 03:58:39,UberX,140.58,11.23,4.72,Completed
2918,2620,5496,5809,4986,2025-03-05 09:44:52,2025-03-05 10:29:52,UberPool,680.72,3.24,4.95,Completed
2919,697,5375,8691,5918,2024-07-24 23:11:35,2024-07-24 23:36:35,UberX,133.28,17.36,4.63,Completed
2920,3163,308,245,6574,2024-12-26 10:51:34,2024-12-26 11:03:34,UberPool,310.04,2.78,4.97,Completed
2921,1041,7539,4061,7563,2023-08-10 16:34:49,2023-08-10 16:45:49,UberX,204.31,2.68,4.64,Completed
2922,7560,2143,1263,732,2024-09-24 15:45:19,2024-09-24 15:53:19,UberPool,198.35,19.62,4.88,Completed
2923,2513,3454,9103,7738,2024-08-18 18:50:57,2024-08-18 19:34:57,UberX,442.89,15.46,4.38,Completed
2924,7112,5489,1007,6461,2025-07-29 04:03:31,2025-07-29 04:44:31,UberPool,526.16,19.11,4.47,Completed
2925,1822,9274,5413,2911,2024-10-14 00:43:45,2024-10-14 01:05:45,UberBlack,185.26,6.96,3.59,Completed
2926,1770,6118,5517,3231,2025-03-07 19:41:54,2025-03-07 20:26:54,UberPool,560.24,5.87,4.66,Completed
2927,2683,6185,3623,245,2023-11-23 09:13:28,2023-11-23 09:19:28,UberX,679.24,1.56,4.51,Completed
2928,720,2808,8631,2603,2023-12-02 13:13:58,2023-12-02 13:30:58,UberBlack,284.41,8.2,4.3,Completed
2929,3768,8935,1093,1433,2025-05-26 00:35:39,2025-05-26 00:58:39,UberX,494.27,14.09,4.12,Completed
2930,4344,4165,4495,1080,2024-02-03 10:01:32,2024-02-03 10:15:32,UberBlack,134.27,16.05,4.22,Completed
2931,2397,2385,1819,8187,2024-09-07 15:50:41,2024-09-07 16:29:41,UberPool,780.64,3.4,4.65,Completed
2932,2493,3243,238,116,2024-04-19 19:20:29,2024-04-19 19:38:29,UberX,546.83,4.03,4.81,Completed
2933,5798,2197,9969,5102,2024-04-20 17:24:23,2024-04-20 17:38:23,UberBlack,430.16,14.27,3.65,Completed
2934,5519,538,9673,8075,2024-03-23 00:31:02,2024-03-23 00:36:02,UberX,725.29,4.54,3.89,Completed
2935,3213,2460,6499,119,2025-05-15 19:06:42,2025-05-15 19:20:42,UberPool,289.29,5.47,4.84,Completed
2936,2068,9758,7399,1695,2025-05-28 21:17:40,2025-05-28 21:32:40,UberX,237.17,2.0,4.84,No Show
2937,5444,5288,5018,30,2024-08-24 12:21:43,2024-08-24 13:05:43,UberX,196.38,18.1,4.57,Completed
2938,6920,8823,9386,1730,2024-06-20 00:22:07,2024-06-20 00:44:07,UberX,462.75,1.53,4.69,Completed
2939,9477,6402,3261,324,2024-12-27 03:38:25,2024-12-27 03:44:25,UberBlack,593.29,1.73,4.26,Completed
2940,6896,5406,7362,6299,2024-09-01 15:02:17,2024-09-01 15:12:17,UberX,225.7,11.57,3.85,No Show
2941,3882,4421,344,4115,2024-02-23 22:39:31,2024-02-23 23:14:31,UberX,117.59,10.22,4.59,Completed
2942,3137,1277,9887,5842,2024-07-31 01:00:06,2024-07-31 01:23:06,UberPool,646.89,11.82,3.67,Completed
2943,1508,1874,1297,2453,2024-05-26 13:22:24,2024-05-26 14:00:24,UberPool,241.53,18.48,4.7,Completed
2944,6568,9768,2840,3956,2024-08-13 02:02:02,2024-08-13 02:15:02,UberBlack,526.49,11.12,3.71,Completed
2945,7751,3182,7814,2338,2024-04-04 19:44:53,2024-04-04 20:19:53,UberBlack,347.1,12.42,4.03,Completed
2946,8466,199,4618,8478,2025-06-08 05:30:41,2025-06-08 05:48:41,UberX,130.66,17.27,3.96,Completed
2947,986,3536,7384,4623,2023-08-31 02:57:32,2023-08-31 03:40:32,UberBlack,754.26,16.89,4.53,Completed
2948,6737,7682,8231,1220,2025-01-22 22:15:07,2025-01-22 22:29:07,UberBlack,401.5,10.81,4.43,No Show
2949,2941,1065,2408,6644,2024-12-12 04:48:30,2024-12-12 05:32:30,UberX,474.07,18.95,4.41,Completed
2950,2773,6785,9935,4986,2025-06-16 04:15:54,2025-06-16 04:39:54,UberPool,156.89,4.29,3.53,Completed
2951,5546,6821,7969,1674,2024-06-02 02:48:40,2024-06-02 03:02:40,UberPool,469.87,14.65,3.83,Completed
2952,8331,4716,328,9179,2025-07-20 11:31:02,2025-07-20 11:37:02,UberPool,105.61,16.2,4.73,Completed
2953,4842,9182,8117,4240,2024-01-06 21:04:28,2024-01-06 21:17:28,UberX,140.07,7.39,4.61,Completed
2954,2975,8757,7433,1625,2024-03-10 01:22:18,2024-03-10 02:02:18,UberBlack,636.26,1.58,3.98,Completed
2955,2935,9548,2778,9257,2024-02-17 22:29:08,2024-02-17 23:01:08,UberBlack,167.26,14.3,3.95,Completed
2956,7970,319,2558,1896,2024-08-02 11:15:03,2024-08-02 11:50:03,UberBlack,699.42,18.75,4.51,Completed
2957,5994,9690,924,5762,2023-08-11 21:13:00,2023-08-11 21:32:00,UberPool,84.3,16.12,4.65,Completed
2958,7760,9973,4921,922,2024-11-01 07:41:02,2024-11-01 08:11:02,UberBlack,235.32,17.03,4.04,No Show
2959,23,7772,687,7282,2024-03-03 17:04:45,2024-03-03 17:27:45,UberX,96.29,5.55,4.92,Completed
2960,389,1824,9498,120,2024-03-16 02:48:20,2024-03-16 03:30:20,UberX,200.12,19.78,4.28,Completed
2961,9554,3915,8579,5291,2024-03-24 09:00:45,2024-03-24 09:41:45,UberPool,99.44,14.13,4.43,Cancelled
2962,6471,6118,3792,9560,2023-12-22 04:21:33,2023-12-22 04:30:33,UberBlack,558.27,1.95,4.37,Completed
2963,7900,13,3839,2627,2024-08-23 17:55:33,2024-08-23 18:06:33,UberBlack,439.31,7.75,3.91,Cancelled
2964,3335,7931,4550,8612,2024-02-25 09:43:27,2024-02-25 10:13:27,UberBlack,74.11,17.75,4.18,Completed
2965,4773,5126,5997,300,2023-09-15 01:38:02,2023-09-15 02:14:02,UberPool,527.95,18.71,4.09,Completed
2966,421,8950,4830,8029,2024-08-11 06:56:04,2024-08-11 07:32:04,UberBlack,750.31,2.01,4.57,Completed
2967,9214,3142,8735,5946,2024-06-16 01:34:57,2024-06-16 02:15:57,UberBlack,383.42,9.76,3.61,Cancelled
2968,4118,1428,3068,1053,2024-06-28 02:00:12,2024-06-28 02:12:12,UberX,779.3,15.09,4.37,Completed
2969,9674,6118,6389,1747,2024-03-10 11:09:35,2024-03-10 11:30:35,UberPool,762.89,12.0,4.18,Completed
2970,9527,8311,2272,6413,2024-03-23 19:02:55,2024-03-23 19:45:55,UberX,250.01,5.29,3.87,Completed
2971,9674,2053,5820,4567,2024-03-15 23:56:46,2024-03-16 00:41:46,UberBlack,93.22,1.56,4.62,Completed
2972,5075,461,2198,1784,2023-11-04 14:05:05,2023-11-04 14:28:05,UberBlack,590.33,5.58,3.63,Cancelled
2973,5756,6611,1875,9148,2023-09-12 13:49:23,2023-09-12 14:31:23,UberBlack,711.15,5.83,3.8,Completed
2974,748,4281,2286,9480,2025-07-04 09:46:45,2025-07-04 10:25:45,UberPool,670.98,10.62,4.86,Completed
2975,3465,3580,3058,6221,2024-05-24 17:48:09,2024-05-24 18:03:09,UberX,141.81,5.28,4.79,Completed
2976,7876,4365,2123,9268,2023-11-08 04:18:34,2023-11-08 04:30:34,UberPool,677.92,2.91,4.5,Completed
2977,3174,8624,6687,2321,2024-10-23 22:58:42,2024-10-23 23:16:42,UberX,734.94,11.18,4.65,Completed
2978,279,6426,7885,7046,2023-12-12 13:54:05,2023-12-12 14:04:05,UberX,144.06,19.76,3.96,Completed
2979,8920,6369,2234,982,2023-09-10 13:28:57,2023-09-10 14:03:57,UberBlack,165.84,17.84,4.35,Completed
2980,9393,4802,4557,911,2024-09-06 23:33:08,2024-09-06 23:45:08,UberBlack,584.96,16.57,4.37,Completed
2981,2975,6861,9440,3742,2025-04-03 16:43:02,2025-04-03 17:12:02,UberX,387.38,10.63,4.12,Completed
2982,513,627,2702,2931,2024-12-10 14:49:39,2024-12-10 15:31:39,UberBlack,306.48,18.29,4.24,Completed
2983,3118,9667,5680,6144,2024-04-03 22:44:08,2024-04-03 23:02:08,UberPool,252.53,8.39,4.22,Cancelled
2984,8117,8496,6445,7792,2025-03-11 02:57:52,2025-03-11 03:40:52,UberPool,506.82,14.81,4.65,Completed
2985,5909,9802,3067,726,2023-09-27 19:48:25,2023-09-27 20:30:25,UberPool,685.66,8.15,4.88,Cancelled
2986,7379,7982,7664,4219,2025-02-02 20:34:30,2025-02-02 20:45:30,UberPool,310.13,15.35,4.14,Completed
2987,4956,3583,4874,2015,2023-11-21 02:42:07,2023-11-21 03:26:07,UberX,77.12,11.52,4.99,Completed
2988,3280,4974,9426,4236,2023-11-23 17:05:05,2023-11-23 17:19:05,UberPool,625.66,5.91,3.59,Completed
2989,7595,9830,2719,929,2023-11-28 11:30:46,2023-11-28 11:57:46,UberX,338.66,4.25,4.82,Completed
2990,9045,6779,303,7604,2023-09-02 20:26:15,2023-09-02 20:54:15,UberBlack,784.05,2.02,4.99,Completed
2991,3889,8363,3379,8531,2025-06-23 22:53:49,2025-06-23 23:31:49,UberBlack,764.09,1.18,4.34,Completed
2992,3226,3842,8676,2108,2025-02-07 23:39:45,2025-02-08 00:16:45,UberBlack,412.26,12.71,4.59,Completed
2993,2491,7170,3232,5540,2024-02-05 20:08:43,2024-02-05 20:24:43,UberBlack,468.9,3.01,4.84,Completed
2994,9791,7010,9923,2778,2025-02-24 21:41:16,2025-02-24 22:18:16,UberBlack,424.1,1.47,3.77,Completed
2995,7809,9462,7410,263,2024-09-28 11:58:17,2024-09-28 12:20:17,UberX,215.79,6.54,4.68,Completed
2996,6772,994,3374,8684,2024-08-23 03:34:55,2024-08-23 04:11:55,UberBlack,767.0,15.34,3.77,Completed
2997,7336,9966,1883,665,2025-01-18 08:23:20,2025-01-18 08:51:20,UberPool,397.65,14.12,4.32,Completed
2998,8787,1201,228,9153,2024-07-06 15:53:03,2024-07-06 16:03:03,UberBlack,357.12,17.63,4.59,Completed
2999,9900,8972,1775,1928,2024-07-21 06:14:39,2024-07-21 06:28:39,UberPool,431.4,19.32,3.65,Completed
3000,536,4841,1759,1479,2024-01-13 19:05:19,2024-01-13 19:31:19,UberPool,661.79,1.55,4.53,No Show
3001,3204,3330,5574,6960,2025-01-15 08:20:11,2025-01-15 09:02:11,UberPool,91.12,1.74,3.97,Completed
3002,2241,6931,8056,7321,2024-09-23 19:25:58,2024-09-23 19:35:58,UberBlack,464.55,10.82,4.3,Completed
3003,7373,1763,8102,6918,2025-02-22 02:00:56,2025-02-22 02:16:56,UberBlack,354.25,13.79,4.6,Completed
3004,5039,7774,6074,4029,2024-03-27 12:44:34,2024-03-27 13:19:34,UberBlack,499.84,8.63,4.74,Completed
3005,997,6398,6598,9893,2023-11-20 03:50:23,2023-11-20 04:04:23,UberX,470.49,6.83,4.17,Completed
3006,8819,9062,3581,685,2024-11-01 13:55:48,2024-11-01 14:15:48,UberX,218.44,1.52,3.82,Completed
3007,559,630,2945,8512,2025-02-22 10:38:14,2025-02-22 11:03:14,UberX,295.77,11.55,4.98,Completed
3008,101,1270,6877,8457,2023-09-25 18:17:53,2023-09-25 19:01:53,UberX,760.03,15.77,4.91,Completed
3009,2468,7255,4081,1292,2024-09-03 20:18:18,2024-09-03 20:26:18,UberX,747.38,14.53,4.43,Cancelled
3010,7702,9442,5816,1703,2024-03-31 06:45:56,2024-03-31 07:05:56,UberX,72.93,1.19,4.25,Completed
3011,1323,8873,6156,3281,2025-06-09 05:30:30,2025-06-09 05:53:30,UberX,425.59,1.4,4.01,Completed
3012,2725,7479,5415,7183,2024-05-27 00:58:35,2024-05-27 01:32:35,UberX,773.06,9.24,4.78,Completed
3013,3996,5063,6342,1842,2025-03-20 06:52:58,2025-03-20 07:07:58,UberX,775.02,18.15,4.34,Completed
3014,4771,2369,3192,4885,2023-10-18 13:39:39,2023-10-18 14:17:39,UberX,702.75,10.97,4.74,Cancelled
3015,5463,8297,7339,6238,2023-11-24 05:07:10,2023-11-24 05:22:10,UberX,546.26,8.31,3.86,Completed
3016,4118,1678,5554,33,2023-11-21 00:52:16,2023-11-21 01:06:16,UberBlack,282.85,14.82,4.87,Completed
3017,2885,5190,5516,6406,2024-02-10 01:10:53,2024-02-10 01:47:53,UberBlack,759.22,16.19,3.58,Completed
3018,3355,6337,5734,7857,2024-10-27 23:37:11,2024-10-27 23:51:11,UberBlack,647.24,16.61,4.4,Completed
3019,5002,5632,1532,3921,2023-10-28 21:25:28,2023-10-28 21:59:28,UberBlack,748.56,17.07,4.99,Completed
3020,2892,1534,7185,1370,2025-08-04 07:45:58,2025-08-04 08:15:58,UberX,745.69,3.1,4.1,Completed
3021,1002,8947,990,6727,2024-08-30 15:36:27,2024-08-30 16:14:27,UberBlack,248.76,2.45,4.8,Completed
3022,911,2715,1033,2767,2023-11-18 16:58:31,2023-11-18 17:12:31,UberX,701.84,7.75,4.97,Completed
3023,2524,7959,3874,8579,2024-03-25 00:13:31,2024-03-25 00:47:31,UberBlack,659.1,17.4,3.93,Completed
3024,6793,3727,9346,8290,2025-03-04 03:32:16,2025-03-04 03:37:16,UberX,577.11,7.38,3.57,Completed
3025,7740,6078,9208,1498,2024-05-14 22:44:10,2024-05-14 23:02:10,UberPool,402.45,4.45,4.74,Completed
3026,5200,1244,7706,373,2025-01-07 10:11:09,2025-01-07 10:52:09,UberX,503.36,17.39,3.59,Completed
3027,5653,80,8788,9721,2025-02-20 05:51:40,2025-02-20 06:32:40,UberX,172.97,3.1,4.51,Completed
3028,6845,7879,1788,4687,2025-06-26 15:57:28,2025-06-26 16:38:28,UberX,634.95,6.61,4.02,Completed
3029,8249,6708,1654,9882,2023-10-19 17:28:28,2023-10-19 17:52:28,UberBlack,692.08,8.05,4.71,Completed
3030,2738,5901,3606,5177,2025-03-03 23:01:27,2025-03-03 23:29:27,UberBlack,614.88,9.87,4.37,Completed
3031,5778,51,5977,2409,2025-07-15 09:36:15,2025-07-15 09:58:15,UberX,101.38,10.87,4.46,Completed
3032,160,5004,9242,2778,2024-03-14 06:46:10,2024-03-14 07:02:10,UberBlack,513.1,13.78,3.93,Completed
3033,7490,9760,2615,6007,2025-02-27 18:24:18,2025-02-27 18:47:18,UberPool,465.27,6.22,4.06,Completed
3034,7529,5181,3063,7070,2023-08-31 20:33:05,2023-08-31 20:51:05,UberBlack,275.55,8.12,4.86,Completed
3035,796,142,2533,4091,2025-03-03 06:09:15,2025-03-03 06:15:15,UberBlack,506.56,9.77,3.74,Cancelled
3036,8860,7394,2588,8877,2025-05-02 16:44:24,2025-05-02 17:14:24,UberBlack,334.02,10.64,4.82,Completed
3037,4406,419,679,6864,2025-07-05 02:02:15,2025-07-05 02:15:15,UberBlack,89.91,6.82,4.79,Completed
3038,161,1829,2484,3828,2024-06-20 02:02:16,2024-06-20 02:08:16,UberBlack,129.44,4.72,4.61,Completed
3039,2305,3979,6373,3965,2025-05-05 16:42:19,2025-05-05 17:02:19,UberBlack,498.29,8.79,3.95,Completed
3040,8719,6735,6629,7907,2025-03-24 07:01:27,2025-03-24 07:18:27,UberPool,774.82,14.97,3.69,Completed
3041,9399,3907,1414,2997,2024-05-17 18:53:54,2024-05-17 19:08:54,UberX,721.65,12.4,3.88,Completed
3042,537,6470,5189,6874,2024-02-03 17:51:58,2024-02-03 18:32:58,UberX,91.43,8.85,4.84,Completed
3043,4230,4147,6239,4266,2024-03-22 08:20:34,2024-03-22 08:44:34,UberX,153.24,14.6,3.52,Completed
3044,745,9975,5898,3421,2023-09-07 00:25:19,2023-09-07 01:10:19,UberX,697.97,4.25,4.66,Completed
3045,5565,1415,1539,9100,2023-12-12 03:07:59,2023-12-12 03:41:59,UberPool,126.92,1.38,4.75,Completed
3046,4285,6926,6566,3750,2024-11-28 15:23:13,2024-11-28 16:02:13,UberBlack,482.68,3.88,4.28,Completed
3047,5048,1030,4207,7951,2025-05-27 10:46:05,2025-05-27 11:27:05,UberBlack,84.28,18.39,4.01,Completed
3048,5374,3601,8299,1014,2023-12-24 02:46:39,2023-12-24 03:12:39,UberPool,762.1,3.08,3.86,Completed
3049,7357,2617,5853,626,2024-06-05 15:00:52,2024-06-05 15:05:52,UberBlack,360.03,11.75,4.98,No Show
3050,5514,1640,3107,407,2025-06-26 07:48:38,2025-06-26 07:53:38,UberX,765.45,14.44,4.95,Completed
3051,8301,4663,2027,7301,2024-05-31 08:23:16,2024-05-31 09:07:16,UberBlack,679.18,14.47,3.58,Completed
3052,540,3829,3945,9706,2024-08-24 23:18:14,2024-08-24 23:38:14,UberBlack,411.97,13.64,4.6,Completed
3053,16,3527,1637,2228,2025-05-26 15:07:08,2025-05-26 15:17:08,UberBlack,394.54,12.13,3.93,Completed
3054,1190,7481,8832,1072,2025-01-13 03:17:56,2025-01-13 03:35:56,UberX,241.04,4.51,4.39,Completed
3055,9328,6292,1614,8903,2024-01-21 16:09:21,2024-01-21 16:35:21,UberX,209.61,2.08,4.25,Completed
3056,9660,6397,6188,7881,2023-10-26 14:14:34,2023-10-26 14:19:34,UberBlack,188.84,11.05,3.68,Completed
3057,7798,1675,7888,3976,2024-06-29 02:42:38,2024-06-29 02:57:38,UberBlack,348.42,7.21,4.93,Completed
3058,1200,8731,990,5642,2024-07-22 01:30:56,2024-07-22 01:43:56,UberPool,426.89,2.19,4.72,Completed
3059,3847,6859,1207,8200,2024-09-22 07:06:51,2024-09-22 07:33:51,UberBlack,328.63,7.03,4.19,Completed
3060,7268,8812,9999,45,2025-05-02 22:15:30,2025-05-02 22:40:30,UberPool,725.15,18.53,3.68,Completed
3061,9792,6176,1536,1416,2024-12-12 13:44:26,2024-12-12 14:11:26,UberX,205.53,19.3,4.97,Completed
3062,2308,4979,6955,9860,2024-04-30 19:04:49,2024-04-30 19:48:49,UberBlack,358.67,15.98,4.36,Cancelled
3063,8517,6631,7000,9346,2023-08-27 08:06:48,2023-08-27 08:11:48,UberPool,88.14,11.6,4.25,Cancelled
3064,178,6463,4285,1874,2024-03-30 22:57:56,2024-03-30 23:17:56,UberBlack,422.06,13.21,3.91,Completed
3065,7970,9237,699,3454,2023-12-30 01:16:46,2023-12-30 01:56:46,UberX,226.19,1.05,3.61,Completed
3066,5880,6018,7942,7883,2024-08-23 22:49:23,2024-08-23 22:57:23,UberX,102.17,1.23,4.53,Completed
3067,318,5007,8258,2964,2025-06-15 10:38:11,2025-06-15 10:59:11,UberPool,794.17,1.26,4.76,Completed
3068,2515,3787,403,1955,2025-03-18 17:35:20,2025-03-18 17:52:20,UberX,785.0,15.99,4.69,Completed
3069,4112,9306,5694,4446,2024-02-26 19:06:53,2024-02-26 19:14:53,UberPool,234.94,2.56,4.78,Completed
3070,4150,4266,7967,2627,2024-03-14 04:48:45,2024-03-14 05:33:45,UberX,400.15,3.49,3.67,Completed
3071,7958,5132,3804,6060,2024-02-07 02:36:00,2024-02-07 02:46:00,UberPool,291.55,19.65,4.07,Completed
3072,1062,7016,7335,7121,2023-09-27 20:54:25,2023-09-27 21:25:25,UberX,249.73,3.79,3.81,Completed
3073,9239,6539,3615,4301,2025-03-06 11:40:54,2025-03-06 12:18:54,UberBlack,295.24,9.66,3.66,Completed
3074,9792,7928,8575,681,2024-11-12 03:35:13,2024-11-12 03:41:13,UberBlack,285.27,5.41,4.13,Completed
3075,6728,3877,864,7113,2024-07-16 17:20:37,2024-07-16 17:39:37,UberX,777.79,2.34,4.76,Completed
3076,1531,2517,671,5515,2025-01-24 06:58:57,2025-01-24 07:42:57,UberBlack,183.15,19.36,4.83,Completed
3077,2945,3814,8742,5446,2024-05-14 06:53:45,2024-05-14 07:37:45,UberPool,591.65,16.66,3.84,Completed
3078,1284,1851,6993,1265,2024-02-22 16:20:49,2024-02-22 16:28:49,UberPool,786.44,7.57,3.97,Completed
3079,2477,8396,2801,2701,2023-11-19 00:28:43,2023-11-19 00:59:43,UberX,165.23,8.2,4.01,Completed
3080,6429,4486,778,5432,2024-01-26 18:36:54,2024-01-26 18:50:54,UberBlack,787.22,18.35,4.32,Completed
3081,2418,5182,6227,7648,2024-10-29 13:18:38,2024-10-29 14:01:38,UberX,107.24,16.24,4.25,Completed
3082,6674,8185,9451,4671,2024-07-22 23:23:02,2024-07-22 23:30:02,UberBlack,509.72,17.49,4.2,Completed
3083,2287,8665,9753,1324,2025-07-16 09:59:16,2025-07-16 10:44:16,UberX,400.14,18.07,4.25,Completed
3084,5980,1575,4165,5858,2023-12-04 13:42:31,2023-12-04 14:20:31,UberBlack,602.92,19.06,4.14,Cancelled
3085,881,7153,447,1319,2024-09-07 05:09:16,2024-09-07 05:27:16,UberX,360.02,3.8,3.51,Completed
3086,7395,5876,6454,9881,2023-08-12 08:22:35,2023-08-12 08:33:35,UberPool,229.79,13.27,3.77,Completed
3087,9734,5412,8976,5835,2023-10-26 09:17:31,2023-10-26 09:46:31,UberX,457.77,16.41,4.58,Completed
3088,8704,9830,5194,3409,2025-02-11 05:03:16,2025-02-11 05:28:16,UberX,662.01,5.96,3.56,Completed
3089,4131,9417,2928,6487,2025-03-03 09:56:38,2025-03-03 10:30:38,UberPool,735.24,4.66,3.72,Cancelled
3090,5844,1701,3903,1494,2025-03-12 11:27:47,2025-03-12 11:34:47,UberPool,755.64,13.29,3.53,Completed
3091,3624,5241,1466,549,2024-10-13 04:10:33,2024-10-13 04:17:33,UberBlack,178.0,1.86,4.17,Completed
3092,7226,7783,9785,1439,2024-08-23 08:24:51,2024-08-23 08:58:51,UberX,131.84,7.55,3.98,Completed
3093,4590,8264,6761,9509,2023-08-23 06:27:55,2023-08-23 06:38:55,UberBlack,404.97,6.72,4.73,Completed
3094,9879,1767,2488,8015,2025-05-03 03:56:00,2025-05-03 04:11:00,UberX,641.61,12.49,4.31,Completed
3095,3949,3310,3833,3460,2024-04-25 10:09:12,2024-04-25 10:17:12,UberPool,367.57,19.34,4.43,Completed
3096,6606,7296,1138,3964,2025-02-27 04:25:59,2025-02-27 04:52:59,UberBlack,307.12,3.64,4.55,Completed
3097,7359,2057,7115,1627,2023-12-17 04:16:40,2023-12-17 04:52:40,UberBlack,392.74,1.52,3.63,Completed
3098,9081,741,5643,5609,2024-09-05 21:15:18,2024-09-05 21:24:18,UberBlack,389.62,12.22,4.32,Completed
3099,4072,8969,3632,1888,2024-02-19 11:16:17,2024-02-19 11:26:17,UberBlack,472.56,9.22,3.87,Completed
3100,2298,5998,5311,6499,2024-05-06 08:32:09,2024-05-06 08:53:09,UberPool,65.71,1.46,4.01,Completed
3101,2276,3434,9948,177,2024-02-03 09:23:29,2024-02-03 09:31:29,UberBlack,433.08,7.4,3.52,Completed
3102,8235,5441,2926,8176,2024-12-29 14:33:00,2024-12-29 14:58:00,UberPool,52.35,14.36,4.86,Completed
3103,9905,2478,8794,2891,2023-10-16 14:15:52,2023-10-16 14:30:52,UberPool,296.5,5.64,4.09,Cancelled
3104,2160,1486,3208,5180,2023-11-04 05:01:16,2023-11-04 05:41:16,UberBlack,249.31,6.05,4.99,Completed
3105,8628,1478,4466,4842,2024-05-08 10:03:44,2024-05-08 10:25:44,UberBlack,783.79,15.37,4.97,Completed
3106,5047,3099,5523,8185,2025-03-23 07:48:10,2025-03-23 08:33:10,UberPool,706.68,4.55,3.79,Completed
3107,2657,3944,1442,1764,2024-09-19 13:21:45,2024-09-19 13:58:45,UberBlack,75.17,15.49,3.74,Completed
3108,601,8858,7501,4506,2024-07-23 09:53:07,2024-07-23 10:11:07,UberPool,446.6,15.55,4.47,Completed
3109,749,9940,3813,2227,2023-09-07 17:41:17,2023-09-07 17:51:17,UberPool,544.13,17.67,3.68,Completed
3110,7088,5964,7462,3882,2024-07-24 06:36:58,2024-07-24 06:53:58,UberX,379.14,1.92,4.99,Completed
3111,9172,7574,7942,6846,2024-11-13 10:12:02,2024-11-13 10:57:02,UberBlack,297.33,14.98,4.97,Completed
3112,6964,4743,441,6029,2023-10-05 20:19:18,2023-10-05 20:54:18,UberX,613.62,7.64,4.83,Completed
3113,9832,1509,2241,5423,2025-01-01 01:59:03,2025-01-01 02:04:03,UberPool,589.89,10.71,4.81,No Show
3114,6596,3594,8544,2764,2025-01-08 19:13:20,2025-01-08 19:39:20,UberPool,627.75,15.63,4.46,Completed
3115,6113,5752,2417,6150,2024-02-25 09:01:35,2024-02-25 09:35:35,UberPool,735.13,11.78,4.87,Completed
3116,4980,4666,3108,2923,2024-10-07 10:54:44,2024-10-07 11:07:44,UberBlack,794.66,4.65,4.75,Completed
3117,126,3242,3034,8104,2025-01-31 03:51:24,2025-01-31 04:09:24,UberX,189.88,6.72,4.32,Completed
3118,181,422,4480,5822,2023-10-26 12:20:55,2023-10-26 12:38:55,UberPool,274.97,8.47,4.9,Completed
3119,9930,8132,2185,8197,2025-01-25 20:57:08,2025-01-25 21:06:08,UberPool,420.13,4.35,4.66,Completed
3120,7445,7573,2743,346,2025-01-09 13:47:43,2025-01-09 14:08:43,UberBlack,697.59,16.06,3.9,Completed
3121,6375,7924,2388,9054,2025-04-05 11:27:09,2025-04-05 11:41:09,UberPool,302.36,11.85,3.96,Completed
3122,2660,9120,8130,5724,2023-12-29 23:33:18,2023-12-30 00:14:18,UberPool,340.34,12.31,4.24,Completed
3123,4124,9460,1743,3897,2024-11-15 16:13:57,2024-11-15 16:19:57,UberBlack,52.32,16.09,4.16,Completed
3124,3591,2371,5502,9965,2024-09-11 00:10:22,2024-09-11 00:22:22,UberX,345.7,15.53,4.26,Completed
3125,4534,4332,6336,4709,2025-05-14 06:47:55,2025-05-14 07:29:55,UberPool,291.67,17.77,4.08,Completed
3126,6687,5438,6794,185,2023-12-10 08:35:02,2023-12-10 08:51:02,UberPool,548.2,9.1,3.71,Completed
3127,1353,5123,3896,977,2024-10-29 15:27:37,2024-10-29 16:09:37,UberX,356.12,9.75,3.84,Completed
3128,7967,5430,9816,5068,2024-09-07 16:11:45,2024-09-07 16:55:45,UberBlack,273.85,6.49,3.95,Completed
3129,9530,4543,5238,3652,2025-05-29 05:16:23,2025-05-29 05:49:23,UberPool,750.81,9.95,4.72,Completed
3130,1408,4832,5416,8393,2025-07-10 13:15:53,2025-07-10 13:49:53,UberBlack,280.35,3.32,4.5,Completed
3131,9796,2560,5395,1102,2023-10-02 13:15:17,2023-10-02 13:54:17,UberBlack,604.11,19.53,4.4,Cancelled
3132,1455,8393,1226,6227,2024-12-05 22:16:10,2024-12-05 22:41:10,UberBlack,313.7,10.92,3.67,Completed
3133,7315,8530,6915,9916,2023-08-10 14:15:27,2023-08-10 14:56:27,UberPool,138.11,9.84,4.33,Cancelled
3134,4950,948,8265,6977,2025-02-23 08:18:04,2025-02-23 08:59:04,UberBlack,82.9,1.25,4.57,Completed
3135,8484,8096,2361,2637,2024-09-08 10:29:21,2024-09-08 10:50:21,UberBlack,479.87,16.12,4.67,Completed
3136,8242,2093,4408,9865,2024-06-06 23:18:32,2024-06-06 23:51:32,UberPool,783.43,9.69,3.76,Completed
3137,6123,1004,5530,1269,2023-09-06 10:07:27,2023-09-06 10:32:27,UberBlack,354.59,6.67,4.42,Completed
3138,9717,2250,9852,5172,2024-03-28 01:57:15,2024-03-28 02:10:15,UberX,75.89,1.65,4.11,Completed
3139,3769,6686,8100,6066,2024-03-01 05:14:39,2024-03-01 05:58:39,UberBlack,499.86,10.11,4.61,No Show
3140,5015,8250,6398,8509,2024-12-06 21:38:14,2024-12-06 22:06:14,UberPool,431.56,9.69,4.94,Completed
3141,7798,5264,5957,9763,2025-07-14 21:12:05,2025-07-14 21:53:05,UberBlack,403.63,4.74,4.43,Completed
3142,1411,9281,8731,8658,2023-10-21 19:38:28,2023-10-21 20:23:28,UberBlack,758.68,3.03,3.88,Completed
3143,4139,8149,6778,5865,2024-04-30 11:07:33,2024-04-30 11:23:33,UberX,485.34,14.35,4.3,No Show
3144,8606,5875,848,5986,2025-07-24 18:47:23,2025-07-24 19:26:23,UberX,724.27,9.43,4.72,Completed
3145,5230,30,4114,2225,2024-11-05 10:30:58,2024-11-05 11:00:58,UberPool,67.73,6.24,4.56,Completed
3146,8295,3747,4614,6312,2024-01-26 07:18:41,2024-01-26 07:32:41,UberPool,599.43,5.74,4.7,Completed
3147,8909,5051,5955,558,2024-09-18 10:09:27,2024-09-18 10:42:27,UberX,66.6,18.94,3.95,Completed
3148,5334,3738,5193,385,2024-04-16 18:42:21,2024-04-16 19:04:21,UberBlack,279.85,15.09,4.06,Completed
3149,880,1759,7070,2117,2023-09-15 20:56:29,2023-09-15 21:03:29,UberBlack,432.27,1.62,3.5,Completed
3150,4219,822,1446,2362,2025-05-30 07:02:33,2025-05-30 07:30:33,UberBlack,432.43,18.26,4.53,Completed
3151,4,6349,2235,2647,2024-11-06 22:37:51,2024-11-06 23:02:51,UberX,83.28,19.05,3.55,Completed
3152,8278,8849,5328,5506,2024-09-26 04:56:01,2024-09-26 05:11:01,UberPool,346.04,3.65,4.67,Completed
3153,2144,647,6173,1955,2023-09-29 11:50:21,2023-09-29 12:03:21,UberX,330.3,15.58,4.37,Cancelled
3154,4139,74,746,2988,2024-09-14 23:00:29,2024-09-14 23:33:29,UberBlack,132.28,18.17,4.67,Completed
3155,831,196,8448,4449,2023-09-27 01:47:43,2023-09-27 02:29:43,UberX,675.1,7.5,3.89,Cancelled
3156,6012,3472,1838,9078,2024-03-10 11:04:16,2024-03-10 11:41:16,UberBlack,532.49,5.03,4.62,Completed
3157,9285,4639,4899,7252,2024-11-01 19:24:52,2024-11-01 20:01:52,UberPool,545.99,12.8,4.08,Completed
3158,1197,9496,1365,6640,2024-05-24 12:49:46,2024-05-24 12:59:46,UberBlack,357.91,5.9,4.07,Completed
3159,3021,3561,7135,7051,2025-01-27 00:39:52,2025-01-27 00:58:52,UberBlack,550.02,2.53,4.31,Completed
3160,8300,7126,7531,6262,2024-10-18 23:24:06,2024-10-19 00:03:06,UberX,573.52,6.56,4.28,Completed
3161,1464,5211,6455,7050,2024-06-22 23:27:27,2024-06-22 23:43:27,UberPool,752.28,5.24,4.16,Completed
3162,4821,8314,5408,2835,2024-03-02 22:00:04,2024-03-02 22:24:04,UberPool,72.81,19.77,4.68,Completed
3163,3207,8749,3266,1970,2024-12-18 04:01:11,2024-12-18 04:22:11,UberBlack,183.33,14.64,3.96,Completed
3164,8541,3868,530,3117,2024-05-13 19:06:17,2024-05-13 19:21:17,UberPool,387.84,7.31,3.92,Completed
3165,1578,4832,2840,4097,2024-01-17 01:23:53,2024-01-17 01:42:53,UberX,166.89,19.21,4.61,Completed
3166,476,2604,7807,9987,2024-02-08 12:17:20,2024-02-08 12:22:20,UberBlack,534.05,3.85,4.9,Cancelled
3167,1626,7055,4009,6216,2025-02-23 15:52:04,2025-02-23 16:26:04,UberX,361.94,6.83,4.84,Completed
3168,5352,8789,2399,9974,2024-07-24 09:54:05,2024-07-24 10:19:05,UberX,701.34,4.94,4.53,Cancelled
3169,1855,437,3720,2759,2023-10-18 18:44:14,2023-10-18 19:19:14,UberPool,602.15,10.74,4.05,Completed
3170,5289,6523,2574,1266,2025-02-22 10:08:27,2025-02-22 10:18:27,UberPool,407.19,17.6,4.33,Completed
3171,8251,2756,1843,897,2024-04-08 06:39:10,2024-04-08 07:04:10,UberX,780.0,12.49,4.71,Completed
3172,2068,5107,6170,8183,2024-11-04 06:38:07,2024-11-04 06:44:07,UberX,173.76,6.73,3.78,Cancelled
3173,7742,879,8409,3083,2024-08-04 11:27:52,2024-08-04 11:49:52,UberX,50.8,9.77,4.5,Completed
3174,2183,232,2000,743,2025-02-23 04:20:26,2025-02-23 05:02:26,UberPool,459.89,12.09,3.58,Completed
3175,8428,25,4464,3228,2024-02-25 07:46:04,2024-02-25 08:23:04,UberBlack,526.19,2.72,4.06,Completed
3176,4469,9675,1476,1927,2025-04-14 10:44:52,2025-04-14 11:21:52,UberPool,677.6,3.71,3.91,No Show
3177,3150,9907,3777,1355,2024-01-31 01:32:16,2024-01-31 02:06:16,UberX,308.23,4.6,4.98,Cancelled
3178,5988,1806,9702,6239,2024-01-30 17:57:19,2024-01-30 18:40:19,UberBlack,650.08,7.85,3.96,Completed
3179,7603,1196,9013,988,2023-12-31 10:38:59,2023-12-31 11:17:59,UberPool,465.75,10.38,3.85,Completed
3180,3016,7013,6113,3650,2024-03-24 03:21:34,2024-03-24 03:33:34,UberPool,725.86,1.55,3.76,Completed
3181,9426,3802,3562,881,2024-01-14 01:38:35,2024-01-14 02:00:35,UberBlack,325.96,9.79,4.85,Completed
3182,9150,2001,7022,338,2025-04-14 15:53:13,2025-04-14 16:13:13,UberBlack,405.99,15.36,4.78,Completed
3183,3577,5213,1361,7802,2024-03-04 05:37:33,2024-03-04 06:22:33,UberX,67.63,10.37,4.86,No Show
3184,7594,1568,8429,9215,2023-09-29 15:55:17,2023-09-29 16:31:17,UberBlack,594.65,15.79,4.26,Completed
3185,5602,6287,150,779,2023-11-10 01:06:15,2023-11-10 01:51:15,UberBlack,203.41,4.25,3.81,Cancelled
3186,3775,8367,7126,6902,2025-03-26 12:17:28,2025-03-26 12:32:28,UberBlack,288.81,8.14,3.67,No Show
3187,3521,2375,9640,5377,2024-12-04 02:57:56,2024-12-04 03:14:56,UberX,54.03,7.49,4.35,Completed
3188,9725,3507,3835,1731,2024-08-31 23:04:43,2024-08-31 23:30:43,UberBlack,498.15,14.03,4.94,Completed
3189,8965,1478,5492,689,2023-12-21 18:24:41,2023-12-21 18:59:41,UberBlack,772.35,10.17,3.69,Completed
3190,831,1617,9139,9488,2024-12-12 06:44:18,2024-12-12 06:56:18,UberBlack,468.5,9.44,4.83,Completed
3191,803,5431,683,808,2025-03-02 20:12:22,2025-03-02 20:31:22,UberBlack,445.55,12.63,3.65,No Show
3192,516,2051,3794,6543,2025-07-04 11:46:49,2025-07-04 11:52:49,UberX,472.02,4.63,4.24,Completed
3193,1218,6469,2763,6586,2024-05-13 11:15:09,2024-05-13 11:57:09,UberPool,667.53,3.51,4.59,Completed
3194,9915,7613,4082,4699,2025-05-11 04:55:26,2025-05-11 05:18:26,UberPool,644.16,12.51,4.41,Completed
3195,795,1791,2562,3542,2024-12-17 20:15:52,2024-12-17 20:25:52,UberX,483.19,9.41,4.6,Completed
3196,1063,8219,4434,4393,2023-10-24 05:30:59,2023-10-24 06:00:59,UberPool,51.56,19.71,4.84,Cancelled
3197,9618,4116,2796,3534,2025-07-29 11:56:12,2025-07-29 12:22:12,UberBlack,514.41,13.55,3.59,Completed
3198,914,3461,5059,9463,2025-04-08 10:53:52,2025-04-08 11:34:52,UberX,417.52,7.24,4.65,Completed
3199,3581,4557,60,1612,2024-03-09 21:14:56,2024-03-09 21:25:56,UberBlack,723.93,17.67,4.23,Completed
3200,2282,1676,1204,938,2025-07-30 09:35:23,2025-07-30 10:10:23,UberPool,285.12,4.75,4.64,No Show
3201,4053,2759,6993,6066,2024-09-23 04:40:22,2024-09-23 04:58:22,UberPool,746.12,7.61,4.3,Completed
3202,9055,1992,2938,6290,2024-06-10 20:11:12,2024-06-10 20:35:12,UberBlack,187.65,2.55,4.67,Completed
3203,1930,6436,8310,4825,2025-03-01 04:11:30,2025-03-01 04:41:30,UberBlack,291.77,7.43,4.6,No Show
3204,9336,8985,3967,250,2025-01-21 21:52:59,2025-01-21 22:02:59,UberX,774.15,19.45,4.93,Cancelled
3205,4897,2299,2960,6195,2024-02-16 01:21:35,2024-02-16 01:34:35,UberX,734.9,2.25,3.98,Completed
3206,2033,7276,6882,8710,2023-08-26 21:13:00,2023-08-26 21:54:00,UberX,667.85,3.75,4.64,Cancelled
3207,1439,1768,4573,6208,2025-04-12 04:57:04,2025-04-12 05:31:04,UberX,783.16,19.41,3.64,Completed
3208,964,7890,5410,5819,2023-11-24 09:34:29,2023-11-24 10:07:29,UberX,602.72,6.23,4.74,Cancelled
3209,7345,2364,6412,7413,2023-12-13 08:53:12,2023-12-13 09:37:12,UberBlack,543.19,3.37,4.27,Completed
3210,126,4486,4596,2317,2024-11-02 18:32:20,2024-11-02 19:11:20,UberPool,218.82,4.21,3.54,Completed
3211,1398,4359,637,8324,2024-02-25 04:58:05,2024-02-25 05:21:05,UberBlack,144.77,9.89,4.54,Completed
3212,2315,4839,6733,4083,2024-12-17 10:02:48,2024-12-17 10:21:48,UberX,583.57,4.85,4.04,Completed
3213,2824,1344,7625,4500,2024-08-29 08:10:18,2024-08-29 08:20:18,UberBlack,720.58,14.08,3.52,Completed
3214,7188,1614,2109,9913,2024-02-07 10:18:12,2024-02-07 10:52:12,UberX,400.37,12.64,4.11,Completed
3215,9650,6800,3611,4570,2023-09-20 13:11:51,2023-09-20 13:52:51,UberX,671.18,9.75,3.96,Completed
3216,8301,7311,3058,923,2025-01-23 23:44:58,2025-01-24 00:19:58,UberBlack,683.29,17.27,4.59,Cancelled
3217,8224,945,5545,7741,2025-03-12 00:56:42,2025-03-12 01:02:42,UberBlack,249.38,15.77,4.08,Completed
3218,7660,3332,1317,5211,2023-11-30 00:53:04,2023-11-30 01:11:04,UberX,618.38,10.25,3.79,Completed
3219,8326,4556,1715,6689,2025-08-05 01:10:47,2025-08-05 01:44:47,UberX,239.4,16.06,4.99,Completed
3220,2961,8841,7532,2491,2024-12-17 07:22:41,2024-12-17 07:49:41,UberPool,473.31,9.64,4.96,Completed
3221,3096,5188,1714,7850,2023-11-24 07:44:12,2023-11-24 08:24:12,UberBlack,270.46,17.08,4.96,Completed
3222,7650,4077,5545,6165,2023-08-12 08:27:07,2023-08-12 08:33:07,UberBlack,679.05,18.6,4.0,Completed
3223,4534,5983,1714,6118,2025-02-27 16:54:19,2025-02-27 17:28:19,UberX,510.93,13.59,4.63,Completed
3224,3780,3007,4506,2254,2024-03-27 14:23:50,2024-03-27 15:03:50,UberBlack,176.88,9.32,4.25,No Show
3225,4091,2503,5337,3770,2024-09-11 07:47:16,2024-09-11 08:09:16,UberX,594.57,3.27,4.85,Completed
3226,6959,9076,8769,8084,2024-07-10 16:51:52,2024-07-10 17:33:52,UberPool,544.73,5.15,3.99,Cancelled
3227,6454,9634,848,9451,2023-12-15 12:05:06,2023-12-15 12:25:06,UberBlack,701.58,6.35,4.04,Completed
3228,9956,8255,4010,4952,2024-09-17 07:04:19,2024-09-17 07:25:19,UberBlack,229.03,10.79,4.65,Cancelled
3229,4214,9750,230,4627,2024-07-18 10:56:26,2024-07-18 11:24:26,UberPool,105.27,12.25,4.55,Completed
3230,4651,5657,8233,9589,2024-03-31 22:50:04,2024-03-31 23:11:04,UberBlack,474.79,7.07,4.06,Completed
3231,2120,6244,3913,7065,2025-01-03 19:57:38,2025-01-03 20:02:38,UberPool,381.31,11.56,4.8,Completed
3232,294,4636,6255,8229,2024-01-27 03:02:11,2024-01-27 03:27:11,UberPool,477.51,8.86,4.7,Completed
3233,5411,1052,7929,2400,2024-12-24 07:36:43,2024-12-24 07:59:43,UberPool,453.33,8.24,4.09,No Show
3234,4615,6825,3520,9790,2024-11-25 17:41:58,2024-11-25 18:18:58,UberBlack,731.38,12.12,4.53,Completed
3235,76,7155,12,4608,2025-07-23 08:11:43,2025-07-23 08:41:43,UberX,357.12,14.66,4.76,Completed
3236,2679,5895,2186,6727,2024-03-11 17:32:05,2024-03-11 17:43:05,UberX,673.61,16.37,4.23,Completed
3237,5444,365,2637,63,2023-12-31 02:20:58,2023-12-31 02:50:58,UberX,250.85,19.14,4.97,No Show
3238,7490,1252,228,6527,2025-01-22 09:15:50,2025-01-22 09:47:50,UberPool,471.95,6.64,4.27,Completed
3239,2642,396,1431,2005,2024-05-03 13:52:12,2024-05-03 14:13:12,UberBlack,599.32,2.64,3.97,Completed
3240,8081,6477,3180,8570,2024-10-11 20:46:57,2024-10-11 21:04:57,UberBlack,223.99,12.12,4.18,Completed
3241,8539,4766,3193,5234,2024-06-03 15:09:32,2024-06-03 15:40:32,UberX,687.88,4.5,4.21,Completed
3242,9592,1097,3614,2452,2025-05-25 02:28:23,2025-05-25 03:05:23,UberBlack,429.3,14.86,4.01,Completed
3243,7091,7583,8919,7723,2025-08-03 04:10:54,2025-08-03 04:37:54,UberX,748.5,8.71,3.87,Cancelled
3244,9716,8084,8057,5521,2023-11-18 08:50:19,2023-11-18 09:03:19,UberX,302.27,2.9,4.19,Completed
3245,2013,9862,6808,8615,2023-11-05 03:31:12,2023-11-05 03:53:12,UberBlack,583.3,7.33,4.34,Completed
3246,3560,6139,5084,9583,2024-02-06 22:34:39,2024-02-06 22:57:39,UberPool,539.7,16.5,4.92,Completed
3247,7705,3471,5982,4434,2024-12-06 23:45:37,2024-12-07 00:26:37,UberPool,505.97,12.5,4.0,Completed
3248,4196,1039,1846,170,2023-11-07 20:51:31,2023-11-07 21:01:31,UberBlack,55.11,14.94,4.89,Completed
3249,6221,2759,9357,284,2025-07-12 20:28:59,2025-07-12 20:55:59,UberPool,718.1,9.54,3.8,Completed
3250,6222,2015,6266,6974,2024-09-22 18:19:22,2024-09-22 19:01:22,UberBlack,330.48,17.3,4.42,Completed
3251,3265,8640,7739,70,2024-12-14 16:49:02,2024-12-14 17:06:02,UberPool,484.69,15.03,4.56,Completed
3252,5427,3048,4584,8119,2024-03-02 14:04:41,2024-03-02 14:11:41,UberX,421.7,6.6,4.44,Completed
3253,5082,8053,984,940,2023-10-06 13:28:02,2023-10-06 13:42:02,UberPool,449.79,5.75,3.64,Completed
3254,3947,7339,1480,9566,2025-06-28 04:56:43,2025-06-28 05:34:43,UberPool,319.86,18.04,4.21,Completed
3255,5980,5527,6316,6892,2025-02-13 12:13:26,2025-02-13 12:24:26,UberBlack,188.8,12.95,3.75,No Show
3256,8576,800,2438,9091,2024-10-13 20:57:44,2024-10-13 21:30:44,UberX,598.93,9.39,4.64,Cancelled
3257,6267,609,5094,8176,2025-05-30 18:37:20,2025-05-30 18:44:20,UberPool,449.48,1.64,4.98,Completed
3258,375,6571,7898,3127,2023-09-05 12:47:14,2023-09-05 12:53:14,UberPool,657.62,14.23,4.04,Completed
3259,4219,9609,3134,2342,2025-02-18 15:45:02,2025-02-18 15:50:02,UberX,318.48,19.29,4.67,Completed
3260,3559,4373,6382,5506,2024-08-10 18:28:02,2024-08-10 19:11:02,UberX,371.17,16.47,4.23,Completed
3261,4315,5629,3062,2847,2023-11-04 11:41:40,2023-11-04 11:59:40,UberPool,208.99,1.16,4.99,Completed
3262,3130,4087,4878,7265,2024-12-11 02:43:54,2024-12-11 02:56:54,UberPool,488.64,12.01,4.49,Completed
3263,5440,1658,2128,9406,2024-07-16 06:44:08,2024-07-16 07:26:08,UberPool,320.59,2.5,4.7,Completed
3264,8629,8279,5873,4389,2024-10-14 23:45:40,2024-10-15 00:24:40,UberX,601.58,11.64,3.71,Completed
3265,9674,246,4107,1381,2023-09-13 19:39:52,2023-09-13 19:55:52,UberPool,328.29,10.19,3.95,Completed
3266,3209,545,4957,5563,2024-10-16 15:44:33,2024-10-16 16:23:33,UberPool,569.84,16.8,4.38,Completed
3267,3111,4500,686,8297,2024-10-09 21:58:02,2024-10-09 22:39:02,UberX,748.01,13.16,4.15,Completed
3268,8136,4839,639,5452,2024-09-24 02:33:54,2024-09-24 02:57:54,UberX,564.41,16.08,4.37,Completed
3269,766,3691,7155,9769,2024-06-05 20:41:44,2024-06-05 21:09:44,UberX,410.62,9.95,3.83,Completed
3270,2549,485,8331,7843,2025-05-14 20:54:29,2025-05-14 21:32:29,UberPool,290.1,14.19,4.59,Completed
3271,6914,511,9241,5531,2024-05-22 10:48:23,2024-05-22 11:05:23,UberBlack,706.5,2.39,3.62,Completed
3272,9116,1928,8346,2091,2024-10-26 13:06:54,2024-10-26 13:20:54,UberX,108.17,19.32,3.68,Completed
3273,1192,6101,3346,2060,2024-09-11 23:04:40,2024-09-11 23:43:40,UberX,790.74,1.4,4.65,Completed
3274,4910,9937,70,8552,2024-05-05 03:28:00,2024-05-05 04:13:00,UberPool,568.35,5.8,4.03,Completed
3275,6850,4144,7272,477,2024-03-26 13:28:05,2024-03-26 13:56:05,UberPool,394.04,4.83,4.51,Completed
3276,1031,4631,2870,3002,2023-09-29 05:26:40,2023-09-29 05:55:40,UberPool,503.05,16.31,3.76,Completed
3277,8401,4444,4662,6429,2024-08-22 11:05:04,2024-08-22 11:15:04,UberBlack,626.59,2.07,4.29,Completed
3278,9260,3575,8222,8834,2025-03-30 11:58:04,2025-03-30 12:21:04,UberPool,194.97,17.29,4.94,Completed
3279,1190,3379,9092,5625,2024-01-12 23:04:56,2024-01-12 23:14:56,UberPool,577.21,13.42,3.55,No Show
3280,2702,7757,295,4240,2023-12-21 15:47:47,2023-12-21 16:24:47,UberPool,580.51,15.99,4.72,Completed
3281,897,2401,4607,1161,2024-01-03 03:26:02,2024-01-03 03:39:02,UberBlack,775.99,14.98,3.71,Completed
3282,9623,6705,9107,3891,2024-03-21 17:07:50,2024-03-21 17:23:50,UberPool,97.96,14.34,4.54,Completed
3283,9193,6781,6914,3531,2024-12-19 23:43:43,2024-12-19 23:53:43,UberBlack,282.17,17.17,5.0,Completed
3284,1636,1239,5954,1981,2023-12-06 06:57:15,2023-12-06 07:28:15,UberBlack,579.48,7.42,3.8,Completed
3285,8802,1356,1617,1770,2024-04-20 14:32:37,2024-04-20 14:45:37,UberPool,774.53,5.76,4.28,Completed
3286,7473,770,8826,8805,2023-11-10 08:27:27,2023-11-10 09:10:27,UberPool,518.09,2.02,4.2,Completed
3287,9233,9451,3894,2728,2025-06-29 19:22:01,2025-06-29 19:38:01,UberX,185.15,3.3,4.94,Completed
3288,5778,1875,2461,3210,2024-01-06 01:03:48,2024-01-06 01:25:48,UberBlack,564.44,6.79,3.68,Completed
3289,9312,1726,3867,2051,2024-08-31 12:59:17,2024-08-31 13:14:17,UberX,298.35,9.34,4.4,Completed
3290,6648,682,5018,1791,2025-04-15 22:43:07,2025-04-15 23:26:07,UberBlack,795.3,10.45,3.7,Completed
3291,7947,221,1920,4764,2024-07-09 17:20:04,2024-07-09 18:02:04,UberBlack,581.2,9.62,4.75,Completed
3292,4321,8626,4553,6121,2023-11-04 18:04:30,2023-11-04 18:39:30,UberPool,527.5,13.62,4.94,Completed
3293,2004,3526,4628,1972,2024-07-11 14:58:18,2024-07-11 15:16:18,UberBlack,555.81,12.59,3.76,Completed
3294,3043,3451,2909,3728,2024-04-09 12:11:04,2024-04-09 12:53:04,UberPool,274.82,15.81,4.3,Completed
3295,828,657,5775,495,2024-12-16 20:31:44,2024-12-16 21:03:44,UberPool,378.18,16.79,4.49,Completed
3296,5380,8690,7052,8477,2024-04-07 19:09:30,2024-04-07 19:47:30,UberX,548.26,1.67,4.45,Cancelled
3297,8119,9782,3363,4313,2024-06-25 08:50:36,2024-06-25 09:29:36,UberBlack,556.42,1.9,3.92,Completed
3298,8126,5868,3458,2093,2024-04-15 07:04:28,2024-04-15 07:35:28,UberX,525.33,2.11,4.12,Completed
3299,7344,9706,2422,2126,2023-09-24 20:34:30,2023-09-24 20:52:30,UberBlack,407.8,15.8,4.93,Completed
3300,8513,8765,4110,5513,2024-07-28 04:49:07,2024-07-28 05:28:07,UberX,721.25,19.16,4.64,Completed
3301,6452,9788,653,1777,2024-01-11 03:59:57,2024-01-11 04:16:57,UberPool,203.13,9.78,4.81,Completed
3302,2435,9746,8279,7484,2024-12-19 10:08:54,2024-12-19 10:35:54,UberPool,90.97,7.8,4.69,Completed
3303,8703,2369,2303,4954,2025-07-30 21:01:24,2025-07-30 21:40:24,UberBlack,328.22,14.59,4.88,Completed
3304,7618,5336,6627,9539,2025-01-13 23:13:00,2025-01-13 23:53:00,UberBlack,331.04,4.65,4.95,Completed
3305,473,1638,8780,9798,2024-12-01 13:11:55,2024-12-01 13:42:55,UberX,378.06,9.82,4.32,No Show
3306,6102,5274,1500,8751,2024-02-22 02:27:47,2024-02-22 03:08:47,UberPool,325.54,5.38,4.73,Completed
3307,4536,3356,5674,2757,2025-07-26 06:55:51,2025-07-26 07:13:51,UberBlack,669.64,15.07,3.75,Completed
3308,1310,1977,1311,951,2023-12-14 15:55:29,2023-12-14 16:23:29,UberBlack,310.17,9.79,4.35,Completed
3309,2786,3027,4037,4522,2024-06-12 02:42:36,2024-06-12 02:53:36,UberPool,234.43,4.07,4.54,Completed
3310,9898,8796,3480,6159,2023-12-01 08:32:13,2023-12-01 08:57:13,UberPool,136.26,8.84,4.58,Completed
3311,108,6576,3703,5724,2025-03-01 00:07:03,2025-03-01 00:37:03,UberBlack,336.53,10.36,4.36,Completed
3312,1099,4273,7841,6475,2023-08-30 08:27:19,2023-08-30 09:12:19,UberPool,599.44,9.88,3.51,Completed
3313,4351,9723,9534,1579,2024-12-18 11:09:01,2024-12-18 11:25:01,UberX,51.91,3.47,4.83,Completed
3314,3160,6117,7927,510,2024-12-07 03:18:05,2024-12-07 03:34:05,UberBlack,109.55,14.66,4.21,Completed
3315,7209,2444,6841,7584,2024-12-07 16:40:53,2024-12-07 16:52:53,UberPool,744.59,5.13,3.7,Completed
3316,8105,9878,1576,3501,2024-06-29 00:52:30,2024-06-29 00:58:30,UberX,637.03,13.03,4.22,Completed
3317,3539,1387,3570,2389,2025-07-23 18:29:35,2025-07-23 19:01:35,UberX,489.36,11.32,4.88,Completed
3318,4047,6791,8158,6145,2025-04-25 14:37:55,2025-04-25 14:53:55,UberPool,411.33,4.05,4.31,Completed
3319,2927,607,1665,1816,2023-10-23 17:47:30,2023-10-23 18:01:30,UberX,561.9,8.68,3.93,Completed
3320,6788,7384,8531,8808,2024-10-21 20:24:58,2024-10-21 20:39:58,UberBlack,241.95,5.58,3.8,Completed
3321,8875,4266,4940,8270,2025-06-29 20:05:11,2025-06-29 20:40:11,UberX,590.68,8.12,4.72,Completed
3322,4910,1533,7613,6128,2025-06-11 11:51:08,2025-06-11 12:15:08,UberBlack,558.39,10.93,4.69,Completed
3323,4993,7622,8017,4023,2024-03-20 11:20:18,2024-03-20 11:57:18,UberPool,229.14,15.9,4.44,Completed
3324,3405,8377,4663,4602,2025-04-25 00:07:03,2025-04-25 00:51:03,UberPool,508.94,8.27,3.94,Completed
3325,4058,5976,6952,5177,2025-03-02 04:43:41,2025-03-02 05:11:41,UberX,285.52,17.13,4.98,Completed
3326,3289,3131,8483,9508,2024-01-23 09:04:36,2024-01-23 09:17:36,UberPool,289.98,18.18,4.38,Cancelled
3327,6912,424,8888,3698,2024-02-26 04:14:29,2024-02-26 04:25:29,UberBlack,588.58,4.47,3.71,Completed
3328,3938,565,4187,1405,2024-09-11 07:00:58,2024-09-11 07:17:58,UberBlack,721.2,1.7,4.62,Cancelled
3329,1467,7531,5840,1432,2024-05-22 12:56:41,2024-05-22 13:21:41,UberPool,168.46,16.08,4.56,Completed
3330,2980,6235,1855,8014,2023-12-11 05:35:52,2023-12-11 05:42:52,UberPool,61.14,18.58,4.26,Completed
3331,9608,2874,1302,1540,2023-08-26 16:07:15,2023-08-26 16:19:15,UberBlack,674.28,17.75,3.77,Completed
3332,9948,7446,8920,4979,2025-03-26 07:41:21,2025-03-26 07:49:21,UberBlack,325.45,3.66,3.85,Completed
3333,8621,9837,6299,5811,2024-05-08 14:48:15,2024-05-08 15:32:15,UberBlack,461.61,15.19,4.76,Completed
3334,992,2915,8972,5835,2024-09-15 09:36:18,2024-09-15 10:14:18,UberPool,645.47,15.46,3.98,Completed
3335,3071,247,1548,7069,2025-03-17 13:06:57,2025-03-17 13:26:57,UberPool,670.91,19.0,4.75,Completed
3336,9632,9718,8842,5302,2024-02-26 17:02:26,2024-02-26 17:36:26,UberPool,741.22,2.37,4.81,Completed
3337,5756,2900,3318,8100,2024-07-24 08:15:35,2024-07-24 08:46:35,UberBlack,531.71,6.89,3.71,Completed
3338,4272,2353,1486,1016,2025-02-22 03:38:14,2025-02-22 04:00:14,UberX,694.3,13.53,3.64,Completed
3339,5713,1381,6864,3632,2025-01-24 09:08:00,2025-01-24 09:27:00,UberBlack,485.57,15.07,4.45,Completed
3340,6335,8093,4553,4715,2024-12-13 16:50:02,2024-12-13 17:34:02,UberX,203.15,3.78,4.36,Completed
3341,8239,534,5066,2662,2025-05-12 15:59:08,2025-05-12 16:16:08,UberBlack,161.72,5.64,4.66,Completed
3342,9227,9380,8869,865,2023-08-05 16:41:59,2023-08-05 17:12:59,UberPool,473.35,1.7,4.94,Cancelled
3343,1312,2230,3462,7082,2024-09-27 18:46:37,2024-09-27 19:18:37,UberBlack,621.91,14.53,4.61,Completed
3344,2653,9164,2968,4442,2024-04-28 01:48:39,2024-04-28 02:30:39,UberBlack,374.95,4.08,4.72,Completed
3345,6933,1509,9842,9922,2024-03-15 15:35:56,2024-03-15 15:45:56,UberPool,390.11,7.98,3.94,Completed
3346,527,3554,8431,1773,2025-05-09 01:23:49,2025-05-09 01:51:49,UberX,557.14,13.32,3.55,Completed
3347,9090,5421,9624,9818,2025-03-06 18:52:04,2025-03-06 19:04:04,UberPool,130.75,16.3,4.68,Completed
3348,4136,2204,9430,4449,2023-10-01 02:45:29,2023-10-01 02:54:29,UberBlack,754.35,8.36,3.79,Completed
3349,6389,5049,6174,3228,2025-01-19 12:47:19,2025-01-19 13:28:19,UberX,62.16,16.47,4.19,Completed
3350,2041,6769,9245,1185,2025-08-04 21:51:06,2025-08-04 22:01:06,UberBlack,636.03,6.6,4.45,Completed
3351,707,4839,1177,2359,2023-11-13 21:23:44,2023-11-13 21:58:44,UberPool,152.94,14.02,4.42,Cancelled
3352,5823,8035,487,2486,2024-03-15 07:09:19,2024-03-15 07:46:19,UberBlack,467.35,9.69,3.87,Completed
3353,5767,4294,4983,8790,2025-02-10 03:56:00,2025-02-10 04:23:00,UberPool,360.02,7.78,4.21,Completed
3354,9103,7494,3221,2753,2024-03-04 07:13:41,2024-03-04 07:22:41,UberBlack,528.77,15.14,4.18,Completed
3355,2458,7199,6223,5179,2024-08-18 13:26:51,2024-08-18 13:58:51,UberX,562.89,9.58,4.79,Completed
3356,1112,5149,6451,6049,2024-09-14 02:10:07,2024-09-14 02:37:07,UberBlack,667.02,2.22,3.6,Cancelled
3357,2421,8846,7204,3800,2024-10-09 22:38:16,2024-10-09 22:57:16,UberPool,568.23,2.01,3.67,Completed
3358,2242,7848,1434,9739,2025-07-18 13:36:52,2025-07-18 14:14:52,UberBlack,733.01,3.47,4.54,Completed
3359,4212,2462,2167,8370,2024-03-17 01:15:25,2024-03-17 01:29:25,UberPool,197.44,5.88,4.71,Completed
3360,7277,912,1978,2857,2024-01-16 13:21:32,2024-01-16 13:35:32,UberX,764.31,1.58,4.67,Completed
3361,63,212,7689,2497,2023-09-16 13:47:27,2023-09-16 14:06:27,UberPool,653.65,17.21,4.46,Completed
3362,4555,4209,988,5558,2023-08-19 14:47:55,2023-08-19 14:58:55,UberPool,198.39,17.53,4.45,Completed
3363,5893,894,5533,4178,2025-01-20 12:16:07,2025-01-20 12:54:07,UberPool,59.0,9.9,3.77,Completed
3364,9433,2497,4158,5020,2025-04-13 04:54:43,2025-04-13 05:38:43,UberBlack,222.35,14.34,4.28,Completed
3365,3205,3277,2300,1439,2025-03-11 19:13:45,2025-03-11 19:40:45,UberBlack,204.67,4.18,4.81,Completed
3366,4015,3545,2492,799,2025-01-03 06:26:05,2025-01-03 06:36:05,UberBlack,429.01,3.05,4.92,Completed
3367,6586,2831,4697,5753,2025-05-25 13:34:54,2025-05-25 14:03:54,UberBlack,90.72,1.81,4.28,Completed
3368,1091,1389,3662,9080,2024-04-23 09:28:30,2024-04-23 09:52:30,UberX,414.71,6.84,3.77,Completed
3369,4286,7910,3227,151,2025-01-26 03:02:39,2025-01-26 03:10:39,UberBlack,676.22,5.35,4.5,Completed
3370,6075,6005,3710,6255,2023-08-18 05:01:56,2023-08-18 05:20:56,UberBlack,109.71,16.16,4.19,Cancelled
3371,723,7384,3648,9108,2024-07-31 07:51:44,2024-07-31 08:30:44,UberPool,304.13,3.44,4.96,Completed
3372,3509,3377,3092,6172,2024-12-14 14:10:25,2024-12-14 14:16:25,UberPool,367.19,11.98,4.44,Completed
3373,7266,6210,235,2239,2025-04-18 07:16:51,2025-04-18 07:35:51,UberPool,612.02,15.6,3.57,Completed
3374,5267,278,4001,5415,2024-01-01 17:24:28,2024-01-01 17:37:28,UberPool,700.6,19.87,4.93,Completed
3375,6777,9424,5856,2163,2024-04-14 17:17:29,2024-04-14 17:32:29,UberX,127.98,19.11,4.29,Completed
3376,7867,4438,1370,3169,2024-01-01 19:39:44,2024-01-01 19:58:44,UberBlack,258.28,3.07,4.4,Completed
3377,8905,6114,6582,833,2024-04-16 07:19:35,2024-04-16 07:48:35,UberX,185.73,19.9,4.7,Completed
3378,8561,3404,1570,8501,2024-01-01 00:56:06,2024-01-01 01:18:06,UberBlack,435.5,16.18,4.07,Completed
3379,1257,7519,1220,495,2023-12-22 15:16:52,2023-12-22 15:58:52,UberBlack,694.83,12.13,4.93,Completed
3380,161,2656,7423,6519,2024-02-20 07:13:52,2024-02-20 07:29:52,UberPool,323.13,5.05,4.08,Completed
3381,9112,2444,5270,9221,2024-04-01 11:05:55,2024-04-01 11:15:55,UberBlack,726.26,2.32,4.32,Completed
3382,1552,449,277,184,2024-02-17 05:05:49,2024-02-17 05:25:49,UberPool,651.12,9.21,4.69,Cancelled
3383,8918,653,2964,7830,2024-11-22 17:54:15,2024-11-22 18:13:15,UberPool,214.83,12.31,4.66,Completed
3384,1194,3378,5680,8529,2023-11-30 09:35:34,2023-11-30 10:19:34,UberPool,590.67,7.16,3.93,Completed
3385,6721,8360,8538,5565,2024-10-31 20:58:08,2024-10-31 21:37:08,UberBlack,714.11,5.33,3.78,Completed
3386,3766,5070,3645,8806,2025-01-14 21:53:38,2025-01-14 22:27:38,UberX,573.14,19.23,3.78,Completed
3387,2437,4127,9725,3535,2025-02-25 18:50:02,2025-02-25 19:31:02,UberX,510.28,2.52,4.57,Completed
3388,6944,8160,3055,1849,2025-07-12 23:58:42,2025-07-13 00:09:42,UberX,696.12,10.3,4.41,Completed
3389,7509,8812,2867,553,2024-04-25 16:26:38,2024-04-25 16:55:38,UberPool,422.3,13.53,3.8,Completed
3390,1393,8356,8413,2838,2024-12-30 19:41:04,2024-12-30 20:11:04,UberBlack,768.52,13.29,4.51,Completed
3391,1038,331,1220,469,2024-08-04 06:07:21,2024-08-04 06:26:21,UberX,730.7,2.9,3.64,Completed
3392,4227,2172,4750,6610,2025-07-16 18:26:19,2025-07-16 18:44:19,UberX,199.41,11.87,3.84,Completed
3393,5608,9504,9608,9436,2025-04-19 08:53:33,2025-04-19 09:38:33,UberPool,576.67,15.23,3.57,Completed
3394,2614,9916,1185,3820,2024-11-08 19:34:50,2024-11-08 19:48:50,UberBlack,445.47,17.48,4.83,Completed
3395,8736,6616,4281,645,2024-07-27 11:46:01,2024-07-27 11:54:01,UberX,612.51,7.21,3.81,Completed
3396,3899,1973,21,3823,2024-10-03 23:06:25,2024-10-03 23:49:25,UberBlack,502.28,3.64,3.56,No Show
3397,3069,3131,821,3353,2024-05-31 04:18:02,2024-05-31 04:42:02,UberBlack,162.13,11.9,4.0,Cancelled
3398,2672,9016,4745,3680,2024-12-12 10:42:05,2024-12-12 10:55:05,UberPool,327.34,7.45,4.57,Completed
3399,4833,8956,6708,4815,2025-07-28 00:13:56,2025-07-28 00:41:56,UberBlack,320.51,12.23,3.51,Cancelled
3400,5789,6437,4584,5207,2023-11-01 22:23:26,2023-11-01 22:43:26,UberPool,143.41,10.08,3.87,Completed
3401,6120,7774,6865,4821,2023-11-17 06:51:39,2023-11-17 07:36:39,UberPool,234.42,4.86,3.73,Completed
3402,6284,9772,898,4552,2024-10-12 12:13:38,2024-10-12 12:33:38,UberBlack,179.49,9.05,4.69,Completed
3403,137,7367,4435,3494,2025-03-17 23:34:55,2025-03-18 00:09:55,UberPool,480.5,1.49,4.91,Completed
3404,7662,3123,2156,4104,2024-06-15 13:20:41,2024-06-15 13:31:41,UberPool,537.23,6.84,3.57,Completed
3405,9058,7155,2666,7935,2023-08-11 15:00:00,2023-08-11 15:31:00,UberX,505.6,18.74,4.53,Completed
3406,4721,6755,2377,889,2023-09-17 17:35:20,2023-09-17 18:11:20,UberX,239.51,19.86,3.97,Completed
3407,7869,7441,8042,8346,2024-01-19 06:47:17,2024-01-19 07:11:17,UberX,761.21,7.95,3.57,Completed
3408,5593,7009,8245,8955,2024-02-19 12:25:47,2024-02-19 13:00:47,UberX,469.36,2.28,4.09,Cancelled
3409,4262,7727,8060,7440,2023-11-20 16:54:35,2023-11-20 17:20:35,UberX,676.95,8.27,4.5,Completed
3410,714,7782,7061,6222,2025-03-04 03:16:19,2025-03-04 03:57:19,UberBlack,511.98,8.02,3.63,Completed
3411,4076,946,2478,9028,2023-12-13 14:07:18,2023-12-13 14:51:18,UberPool,161.7,3.85,4.18,Completed
3412,6820,6561,6651,9180,2025-06-03 17:39:27,2025-06-03 17:44:27,UberBlack,172.08,6.83,3.65,Completed
3413,5206,5969,4468,6082,2024-12-25 10:48:55,2024-12-25 10:57:55,UberBlack,696.98,10.24,4.01,Completed
3414,8502,5991,3550,9378,2023-12-13 04:11:43,2023-12-13 04:49:43,UberPool,163.77,9.36,4.39,Completed
3415,5023,6803,6259,2264,2024-05-18 02:01:26,2024-05-18 02:44:26,UberPool,316.16,9.35,3.82,Completed
3416,5281,5350,4519,4827,2024-05-31 09:01:29,2024-05-31 09:20:29,UberPool,600.59,19.34,4.37,Completed
3417,9483,7845,202,9123,2023-11-14 13:37:14,2023-11-14 14:14:14,UberBlack,718.75,18.26,4.85,Completed
3418,9033,8833,3329,8414,2025-05-06 21:17:57,2025-05-06 21:39:57,UberX,680.03,9.15,4.23,Completed
3419,6602,7073,2364,9193,2024-03-06 05:47:25,2024-03-06 06:29:25,UberX,276.76,8.56,3.87,Completed
3420,8648,1389,6895,2314,2025-07-26 23:02:23,2025-07-26 23:32:23,UberPool,638.57,16.3,4.72,Cancelled
3421,9435,855,3362,7136,2024-06-12 20:47:50,2024-06-12 21:21:50,UberX,336.62,9.69,3.76,Completed
3422,2711,406,3720,1834,2025-02-10 00:20:36,2025-02-10 01:04:36,UberX,226.94,4.06,3.53,Completed
3423,5195,4562,514,1273,2025-02-19 00:39:27,2025-02-19 01:11:27,UberPool,151.57,17.11,3.96,No Show
3424,522,450,3736,7666,2024-08-24 02:05:23,2024-08-24 02:18:23,UberPool,707.98,9.71,3.95,Completed
3425,896,3685,5769,6555,2024-08-07 18:28:28,2024-08-07 19:10:28,UberBlack,362.91,13.51,3.53,Completed
3426,9232,976,2336,3306,2024-04-11 21:58:05,2024-04-11 22:06:05,UberPool,71.78,11.8,3.76,Completed
3427,3268,6350,9493,5415,2023-10-05 05:47:59,2023-10-05 06:13:59,UberPool,306.14,16.69,3.72,Completed
3428,1943,8688,7330,6079,2024-06-07 22:23:38,2024-06-07 23:06:38,UberX,396.43,19.33,4.73,Completed
3429,69,9349,8280,691,2024-06-05 20:24:10,2024-06-05 20:46:10,UberBlack,776.73,14.91,3.95,Completed
3430,5856,699,1429,6108,2025-02-13 00:14:33,2025-02-13 00:52:33,UberBlack,261.69,10.64,4.84,Completed
3431,3030,1081,939,3058,2025-05-27 17:58:21,2025-05-27 18:32:21,UberBlack,172.81,18.21,4.47,Completed
3432,8485,6949,9278,5571,2024-06-17 05:46:37,2024-06-17 05:53:37,UberPool,625.33,7.65,4.16,Completed
3433,3758,1713,2845,8813,2024-01-29 04:21:34,2024-01-29 04:47:34,UberPool,116.37,3.63,4.2,Completed
3434,6513,8465,6737,7786,2023-08-06 22:29:23,2023-08-06 23:03:23,UberBlack,137.53,17.56,3.76,No Show
3435,9219,6150,2441,9048,2024-02-10 10:19:34,2024-02-10 10:52:34,UberX,447.78,11.4,4.92,Completed
3436,393,7429,8157,9547,2023-10-03 19:36:59,2023-10-03 20:00:59,UberX,418.49,7.52,4.9,Completed
3437,7686,8040,5769,554,2024-08-24 11:35:23,2024-08-24 12:14:23,UberBlack,339.52,3.74,4.19,Completed
3438,4150,9169,3083,2034,2024-12-30 14:41:12,2024-12-30 14:52:12,UberBlack,174.24,1.88,4.49,Completed
3439,6431,8859,96,4114,2023-11-29 18:55:12,2023-11-29 19:15:12,UberBlack,349.21,12.34,3.99,Completed
3440,1789,1859,8461,6029,2023-11-03 05:34:08,2023-11-03 05:53:08,UberPool,294.83,3.39,3.61,Completed
3441,2892,4195,2003,7143,2025-05-01 01:20:44,2025-05-01 01:40:44,UberPool,626.8,13.96,3.62,Completed
3442,7427,8896,5234,9280,2023-10-22 19:21:53,2023-10-22 19:59:53,UberPool,345.82,11.2,4.89,Cancelled
3443,1449,8858,2728,4641,2024-07-01 00:18:48,2024-07-01 00:25:48,UberBlack,290.26,15.56,4.51,Completed
3444,6412,2496,9031,2287,2023-12-10 19:28:14,2023-12-10 19:50:14,UberPool,431.56,15.99,3.63,Completed
3445,4705,1032,759,3478,2025-01-20 15:56:39,2025-01-20 16:21:39,UberBlack,111.42,7.66,3.83,Completed
3446,4808,7672,6748,5956,2024-03-28 06:02:58,2024-03-28 06:15:58,UberX,259.04,6.69,3.79,Completed
3447,5079,1281,6074,273,2025-02-24 16:33:31,2025-02-24 17:03:31,UberX,282.3,5.05,4.56,Cancelled
3448,5397,9727,6679,9638,2025-03-09 22:49:30,2025-03-09 23:03:30,UberX,758.51,2.95,4.28,No Show
3449,9861,5547,9165,7097,2025-07-01 02:25:17,2025-07-01 02:46:17,UberPool,365.18,10.9,4.68,Completed
3450,2276,5838,2527,8912,2025-04-26 14:51:17,2025-04-26 15:06:17,UberPool,275.96,6.57,4.69,Completed
3451,6843,3678,2707,8309,2024-03-09 02:58:23,2024-03-09 03:13:23,UberBlack,285.0,7.29,3.99,Completed
3452,530,4513,6164,8555,2023-12-15 18:09:45,2023-12-15 18:31:45,UberX,614.13,1.26,4.52,Completed
3453,4675,9770,7649,1568,2023-09-26 11:06:56,2023-09-26 11:47:56,UberX,507.69,1.67,4.5,Completed
3454,7207,1715,2399,8556,2024-06-22 23:11:48,2024-06-22 23:27:48,UberX,702.99,14.97,4.06,Completed
3455,9742,1845,9565,85,2025-02-26 20:51:05,2025-02-26 21:10:05,UberBlack,486.5,16.44,4.51,Completed
3456,632,7754,4900,2314,2025-01-09 23:18:23,2025-01-09 23:34:23,UberPool,120.72,8.84,4.48,Completed
3457,9478,9178,7874,5715,2024-10-23 05:04:18,2024-10-23 05:19:18,UberPool,322.38,10.2,3.59,Completed
3458,6008,3466,9703,4746,2024-05-28 20:26:07,2024-05-28 20:48:07,UberBlack,390.87,8.08,4.87,Completed
3459,2217,1929,333,9017,2023-09-26 15:48:23,2023-09-26 16:19:23,UberPool,520.75,14.3,3.98,Completed
3460,7937,241,631,1709,2025-01-12 16:47:24,2025-01-12 17:31:24,UberX,276.68,7.98,4.92,Completed
3461,6662,1332,3499,4546,2025-06-18 00:21:18,2025-06-18 00:42:18,UberX,140.16,17.05,4.93,Completed
3462,5043,2510,544,3316,2024-07-14 14:16:52,2024-07-14 14:48:52,UberX,745.6,3.35,3.78,Completed
3463,2973,8590,7506,90,2024-07-07 06:39:41,2024-07-07 07:22:41,UberPool,749.13,9.09,3.75,Cancelled
3464,140,4093,2149,6600,2023-09-05 19:11:44,2023-09-05 19:31:44,UberBlack,773.28,7.14,4.13,No Show
3465,9696,7425,6129,5587,2023-08-07 13:25:21,2023-08-07 13:40:21,UberX,480.66,1.63,4.73,Completed
3466,1140,9771,6944,9833,2025-07-14 01:48:36,2025-07-14 02:20:36,UberX,410.52,11.1,3.71,Completed
3467,9111,7402,2176,5802,2023-08-11 11:50:21,2023-08-11 11:55:21,UberBlack,460.75,6.63,4.66,Completed
3468,774,7592,5073,7345,2024-12-06 12:34:29,2024-12-06 13:04:29,UberX,265.21,5.73,4.48,Completed
3469,6220,788,429,3153,2024-03-24 20:42:52,2024-03-24 20:56:52,UberX,357.24,5.82,3.79,Cancelled
3470,9365,5046,5671,6877,2023-09-18 19:57:29,2023-09-18 20:34:29,UberBlack,436.35,9.2,4.26,Completed
3471,4184,3713,7908,705,2025-01-30 22:49:42,2025-01-30 23:22:42,UberPool,154.48,9.23,4.97,Completed
3472,8125,9535,9579,8479,2024-09-22 21:51:41,2024-09-22 22:32:41,UberPool,370.17,3.5,3.59,Completed
3473,513,5441,6199,7925,2025-02-18 04:21:33,2025-02-18 04:34:33,UberX,432.74,8.38,4.28,No Show
3474,3090,2825,3458,9722,2025-04-13 15:03:22,2025-04-13 15:13:22,UberBlack,495.74,16.56,4.7,No Show
3475,2298,6753,7867,7863,2023-12-29 09:41:01,2023-12-29 09:47:01,UberPool,153.41,5.84,4.87,Completed
3476,2832,9582,8830,3053,2025-03-26 03:37:19,2025-03-26 03:57:19,UberX,627.35,2.51,4.51,Completed
3477,9328,7416,1554,2255,2025-07-28 02:10:39,2025-07-28 02:30:39,UberBlack,96.59,7.65,4.02,Completed
3478,1787,5749,7350,4906,2025-06-28 12:53:56,2025-06-28 13:35:56,UberPool,333.02,16.78,4.31,Completed
3479,1781,7959,9881,4669,2024-10-19 22:54:24,2024-10-19 23:28:24,UberPool,711.7,18.72,3.84,Completed
3480,6154,9972,1490,6837,2024-01-01 09:14:28,2024-01-01 09:26:28,UberPool,536.88,4.2,4.66,Completed
3481,4149,9431,7491,7378,2024-07-06 22:41:52,2024-07-06 22:55:52,UberX,527.85,5.3,4.92,Completed
3482,1663,6101,4647,3542,2025-01-13 11:50:49,2025-01-13 12:13:49,UberPool,532.02,18.19,4.3,Cancelled
3483,1303,8045,1534,5577,2024-06-07 13:14:11,2024-06-07 13:31:11,UberBlack,493.34,10.12,3.84,Completed
3484,3392,3378,4207,1059,2025-01-14 08:09:28,2025-01-14 08:38:28,UberPool,58.54,4.17,3.58,Completed
3485,5610,9870,624,1252,2024-06-16 12:32:07,2024-06-16 12:54:07,UberPool,154.6,7.92,4.96,Completed
3486,3862,6524,6007,4276,2024-05-31 00:08:57,2024-05-31 00:16:57,UberPool,632.7,10.46,3.54,Completed
3487,6824,4046,4072,2793,2024-06-08 01:43:30,2024-06-08 02:04:30,UberBlack,500.23,12.93,4.61,Completed
3488,7665,5376,1418,6092,2025-03-20 03:51:24,2025-03-20 04:33:24,UberPool,368.36,14.1,4.4,Completed
3489,9049,9601,2165,5597,2023-11-17 01:47:40,2023-11-17 01:55:40,UberX,246.02,19.89,3.66,Completed
3490,8125,2993,1852,4544,2024-06-04 18:18:36,2024-06-04 18:54:36,UberBlack,130.99,7.08,3.86,Completed
3491,9252,6779,817,6681,2025-06-29 11:15:59,2025-06-29 11:47:59,UberX,533.02,2.83,3.67,Completed
3492,9165,9507,8483,7501,2023-08-30 00:41:47,2023-08-30 01:02:47,UberPool,363.46,17.11,3.86,Completed
3493,1353,6167,2191,3117,2024-09-02 20:44:03,2024-09-02 21:07:03,UberPool,660.57,14.55,3.62,Completed
3494,3344,3380,9732,3147,2025-07-21 13:00:35,2025-07-21 13:07:35,UberPool,485.94,18.18,4.02,Completed
3495,2512,2289,9199,3759,2024-11-24 15:44:11,2024-11-24 15:49:11,UberPool,54.82,8.33,3.95,Completed
3496,6920,9018,9550,5881,2024-04-23 17:05:55,2024-04-23 17:30:55,UberBlack,486.29,9.02,4.81,Cancelled
3497,9687,8990,1324,4361,2025-01-25 07:28:50,2025-01-25 08:09:50,UberBlack,81.66,11.52,4.43,Cancelled
3498,1082,2012,2808,445,2024-04-17 18:59:20,2024-04-17 19:16:20,UberX,607.63,11.54,3.76,Completed
3499,3265,6948,6256,5542,2024-10-05 07:10:35,2024-10-05 07:41:35,UberPool,403.52,8.65,4.07,Completed
3500,521,2947,9706,5360,2024-09-01 10:37:24,2024-09-01 11:17:24,UberX,671.54,4.09,4.48,Completed
3501,4722,4964,6909,5262,2025-05-23 02:50:21,2025-05-23 03:19:21,UberX,387.44,14.26,4.66,Completed
3502,8299,8980,5846,8928,2025-02-01 07:08:45,2025-02-01 07:32:45,UberBlack,511.91,2.37,4.99,Completed
3503,9707,4862,1032,4598,2024-01-07 04:16:00,2024-01-07 04:39:00,UberBlack,134.92,17.01,4.07,Completed
3504,7313,5774,3610,4500,2024-12-04 21:44:35,2024-12-04 22:27:35,UberBlack,473.85,19.03,4.01,Completed
3505,3363,8444,8257,2317,2024-08-07 00:13:39,2024-08-07 00:34:39,UberBlack,252.04,12.03,4.98,Completed
3506,9843,149,1073,5209,2025-06-14 08:23:06,2025-06-14 08:44:06,UberX,167.19,19.35,4.71,Completed
3507,3436,2610,71,7721,2023-11-05 15:58:50,2023-11-05 16:20:50,UberBlack,713.12,9.8,4.77,Completed
3508,4375,3103,115,2019,2025-06-14 20:47:04,2025-06-14 20:55:04,UberPool,672.1,13.34,4.35,Completed
3509,6158,2375,8077,3117,2023-09-10 04:21:08,2023-09-10 04:49:08,UberBlack,486.11,4.1,4.71,Completed
3510,6798,6372,7268,4831,2024-01-13 12:56:59,2024-01-13 13:27:59,UberBlack,663.88,18.24,3.7,Completed
3511,9728,5089,8377,7918,2024-04-18 06:57:50,2024-04-18 07:18:50,UberBlack,187.97,18.61,4.84,Completed
3512,2578,7531,3667,9945,2024-12-06 01:47:35,2024-12-06 02:24:35,UberBlack,741.91,7.3,4.18,Cancelled
3513,6674,801,7121,6706,2024-04-16 19:35:42,2024-04-16 20:02:42,UberPool,289.47,10.81,4.99,No Show
3514,4053,524,4643,7005,2024-10-13 19:21:17,2024-10-13 20:01:17,UberBlack,689.44,9.54,3.54,Completed
3515,117,853,852,6080,2024-03-03 17:31:32,2024-03-03 17:49:32,UberBlack,331.37,9.29,3.8,Completed
3516,6860,2989,8266,8063,2024-05-09 12:30:44,2024-05-09 12:59:44,UberBlack,103.82,19.07,4.65,No Show
3517,4418,8844,4452,1794,2024-01-14 09:36:46,2024-01-14 10:00:46,UberX,145.28,13.34,4.13,Cancelled
3518,7174,8990,9871,380,2024-08-27 15:25:52,2024-08-27 16:05:52,UberPool,433.76,7.01,4.74,Completed
3519,8060,8676,3262,6121,2024-08-25 01:13:05,2024-08-25 01:55:05,UberPool,687.97,8.81,3.86,Completed
3520,6113,8159,3775,5752,2024-12-06 13:25:14,2024-12-06 14:00:14,UberPool,281.56,3.97,3.57,Completed
3521,5612,6582,2524,8031,2024-10-20 10:08:01,2024-10-20 10:27:01,UberBlack,297.4,13.34,3.99,Completed
3522,8395,9226,759,849,2024-08-12 13:47:25,2024-08-12 13:57:25,UberBlack,719.2,8.62,4.7,Completed
3523,7112,6361,8186,2042,2024-02-04 20:30:02,2024-02-04 20:55:02,UberBlack,357.09,4.79,3.53,Completed
3524,9414,5947,2263,5596,2024-03-14 14:56:02,2024-03-14 15:29:02,UberPool,741.89,9.89,4.88,Completed
3525,810,9143,555,316,2023-11-05 18:13:08,2023-11-05 18:28:08,UberX,386.3,5.54,3.71,Completed
3526,1193,5410,2206,5312,2024-08-01 08:04:29,2024-08-01 08:29:29,UberPool,470.72,12.75,3.71,Completed
3527,4058,2084,4325,784,2024-04-02 01:19:58,2024-04-02 01:35:58,UberX,668.23,3.29,4.42,No Show
3528,4704,6465,3448,6999,2023-08-13 08:28:29,2023-08-13 09:12:29,UberPool,642.39,9.7,4.37,Completed
3529,7720,7368,4698,9730,2024-02-17 13:26:53,2024-02-17 13:41:53,UberX,549.76,17.57,3.56,Completed
3530,7984,2872,3867,6184,2024-08-25 06:38:24,2024-08-25 07:20:24,UberBlack,616.81,18.75,3.76,Completed
3531,7120,1618,7854,7586,2023-10-09 07:23:43,2023-10-09 07:33:43,UberBlack,640.94,8.53,4.76,Completed
3532,7442,4537,9858,4055,2025-07-26 12:59:04,2025-07-26 13:39:04,UberX,582.55,3.43,3.8,Completed
3533,8945,7491,1682,7709,2024-05-04 00:10:38,2024-05-04 00:48:38,UberPool,486.06,13.77,4.21,Completed
3534,3,9410,3207,500,2024-11-09 13:49:47,2024-11-09 14:34:47,UberPool,68.9,2.83,4.38,Cancelled
3535,1735,9721,6787,7514,2023-11-20 23:02:13,2023-11-20 23:12:13,UberX,341.24,10.14,4.95,Completed
3536,1643,1937,379,7278,2024-10-20 09:46:16,2024-10-20 10:03:16,UberPool,685.11,17.4,4.76,Completed
3537,2030,5979,2349,7259,2023-10-31 22:38:11,2023-10-31 22:47:11,UberBlack,51.99,14.36,4.51,Completed
3538,5062,3365,8897,7309,2023-11-21 23:17:19,2023-11-21 23:51:19,UberBlack,459.2,14.96,3.66,No Show
3539,7880,6264,9712,7268,2025-01-26 18:18:46,2025-01-26 18:56:46,UberPool,66.46,11.42,4.2,Completed
3540,9432,9422,6582,7374,2023-11-06 22:45:26,2023-11-06 23:00:26,UberX,613.63,4.74,4.96,Cancelled
3541,7755,1147,8382,9332,2024-02-13 20:41:40,2024-02-13 20:52:40,UberPool,707.42,2.61,4.79,Completed
3542,3349,955,7953,8756,2025-05-11 12:38:33,2025-05-11 13:10:33,UberX,243.79,11.31,4.53,Completed
3543,1324,7620,7500,9233,2025-04-30 17:03:28,2025-04-30 17:44:28,UberBlack,199.74,8.65,3.88,Completed
3544,6853,8796,4059,9122,2025-02-01 13:49:35,2025-02-01 14:04:35,UberBlack,252.49,11.39,3.64,Completed
3545,5783,5726,1091,3670,2024-04-30 17:00:44,2024-04-30 17:10:44,UberBlack,172.6,13.92,3.82,Completed
3546,8811,2034,1413,5868,2025-04-21 04:19:14,2025-04-21 05:02:14,UberPool,743.48,16.91,4.99,Completed
3547,9740,2262,1721,5341,2024-08-30 15:05:12,2024-08-30 15:17:12,UberX,558.59,12.48,4.85,Completed
3548,2639,1355,8944,5547,2024-09-24 02:20:59,2024-09-24 02:58:59,UberX,472.77,4.68,3.51,Cancelled
3549,8524,9785,1358,8152,2024-08-22 08:53:16,2024-08-22 09:37:16,UberX,787.74,15.91,4.77,Completed
3550,8418,9924,7321,2349,2025-06-17 21:16:09,2025-06-17 21:37:09,UberBlack,771.63,5.0,3.85,Cancelled
3551,7799,6608,4862,1072,2023-08-26 20:35:35,2023-08-26 21:05:35,UberX,752.28,3.4,4.39,Completed
3552,3497,1638,9882,9696,2025-04-16 08:20:45,2025-04-16 08:56:45,UberBlack,509.14,11.1,4.27,Completed
3553,4508,2906,3219,8069,2024-02-18 03:14:49,2024-02-18 03:27:49,UberBlack,282.35,19.27,4.7,Completed
3554,5530,7558,2076,3322,2024-01-12 13:00:46,2024-01-12 13:28:46,UberPool,646.9,5.59,4.2,Completed
3555,9276,8337,7261,3127,2023-11-23 13:47:59,2023-11-23 14:04:59,UberBlack,667.01,8.93,3.61,Completed
3556,8745,162,5472,2306,2025-05-15 18:01:40,2025-05-15 18:24:40,UberBlack,423.13,8.11,3.84,No Show
3557,7547,721,7369,2129,2025-06-03 14:56:31,2025-06-03 15:08:31,UberX,435.32,8.18,3.79,Completed
3558,8466,7890,4351,8412,2023-09-02 15:29:33,2023-09-02 15:48:33,UberBlack,476.06,15.26,3.94,Completed
3559,2061,3806,2134,3097,2025-06-30 14:39:13,2025-06-30 15:00:13,UberBlack,355.54,4.19,4.85,Completed
3560,3701,8347,7256,816,2024-09-29 10:06:00,2024-09-29 10:15:00,UberPool,148.7,19.98,4.89,Completed
3561,784,1453,3680,8352,2023-08-20 02:31:42,2023-08-20 02:51:42,UberX,535.81,5.19,3.62,Completed
3562,9964,7276,7667,4158,2025-02-05 22:04:32,2025-02-05 22:25:32,UberPool,304.66,16.59,4.45,Completed
3563,6846,9857,6261,3006,2024-02-27 16:21:00,2024-02-27 16:45:00,UberX,162.53,4.84,4.15,Completed
3564,8920,8336,4083,1453,2025-05-01 11:14:17,2025-05-01 11:33:17,UberPool,77.81,9.0,3.65,Completed
3565,8738,7910,6720,9081,2025-04-11 02:10:39,2025-04-11 02:51:39,UberX,237.88,4.81,3.79,Completed
3566,5874,4297,5102,8905,2025-06-13 16:06:49,2025-06-13 16:20:49,UberBlack,382.86,12.34,3.89,Completed
3567,6889,1572,6515,1541,2024-06-27 09:38:09,2024-06-27 10:00:09,UberPool,472.44,16.85,3.65,Completed
3568,7174,2673,8276,2429,2024-09-10 12:36:49,2024-09-10 13:20:49,UberBlack,145.48,19.05,4.4,Completed
3569,2461,7601,1765,5615,2025-06-03 02:48:53,2025-06-03 03:15:53,UberX,332.09,17.19,4.89,Completed
3570,8395,6080,8206,8423,2025-02-17 02:44:41,2025-02-17 03:12:41,UberBlack,535.83,3.47,3.6,Completed
3571,1018,4717,2348,3486,2024-10-20 01:12:42,2024-10-20 01:49:42,UberX,136.04,15.92,4.7,Cancelled
3572,9799,769,8769,7626,2024-11-25 20:25:51,2024-11-25 20:45:51,UberX,114.66,3.05,4.67,Completed
3573,6881,5468,9058,60,2023-09-22 21:52:30,2023-09-22 22:34:30,UberBlack,338.43,15.92,4.25,Completed
3574,9452,5561,4789,6109,2023-09-14 17:43:10,2023-09-14 18:28:10,UberPool,575.85,17.95,3.5,No Show
3575,2706,7468,7729,8351,2025-04-25 14:53:09,2025-04-25 15:20:09,UberBlack,208.9,14.94,4.96,Completed
3576,4290,7540,5534,8156,2024-10-28 18:09:10,2024-10-28 18:27:10,UberPool,795.64,6.07,3.88,Completed
3577,4617,6511,73,1896,2025-06-08 19:46:06,2025-06-08 20:26:06,UberX,717.13,1.32,4.49,Completed
3578,3030,786,1357,456,2025-06-24 11:23:43,2025-06-24 11:56:43,UberBlack,475.99,18.38,4.89,Completed
3579,2229,22,68,5484,2024-08-29 06:14:20,2024-08-29 06:25:20,UberBlack,60.19,15.87,3.79,Completed
3580,1769,2682,2900,5819,2025-06-19 06:16:01,2025-06-19 06:29:01,UberPool,470.23,4.44,4.83,Cancelled
3581,9624,2069,8194,1212,2024-09-23 03:55:17,2024-09-23 04:13:17,UberX,301.44,11.5,3.87,Completed
3582,8920,2196,5523,5223,2024-12-05 02:26:19,2024-12-05 03:02:19,UberPool,471.23,10.08,4.08,Completed
3583,2619,876,3776,5802,2025-05-08 07:05:26,2025-05-08 07:46:26,UberBlack,439.57,13.89,4.1,Completed
3584,301,85,4589,6449,2024-07-06 05:08:04,2024-07-06 05:46:04,UberX,201.82,14.5,4.8,Completed
3585,922,5538,7486,6865,2024-04-14 12:52:31,2024-04-14 13:19:31,UberBlack,169.07,16.21,4.78,Completed
3586,7991,5177,758,1833,2024-07-05 15:01:43,2024-07-05 15:43:43,UberPool,126.56,1.89,3.71,Completed
3587,6713,870,5704,1610,2024-08-11 14:45:14,2024-08-11 15:12:14,UberX,150.13,2.79,3.73,Completed
3588,1926,22,2374,9744,2025-03-21 07:47:55,2025-03-21 08:19:55,UberPool,530.13,19.88,4.13,Completed
3589,5204,9783,4923,8057,2025-04-15 04:59:53,2025-04-15 05:30:53,UberBlack,419.72,3.87,4.76,Completed
3590,8894,7348,2475,2714,2024-01-05 08:50:26,2024-01-05 09:02:26,UberX,598.55,14.03,4.02,Completed
3591,8235,425,6630,1576,2024-01-04 23:20:36,2024-01-04 23:33:36,UberX,489.9,17.57,3.5,Completed
3592,6389,3691,6490,1726,2025-03-06 18:37:58,2025-03-06 18:51:58,UberX,622.37,3.19,3.71,Completed
3593,2522,9785,8237,1475,2024-03-03 07:49:57,2024-03-03 08:10:57,UberBlack,566.61,1.9,3.75,No Show
3594,3204,8361,5506,8402,2024-12-22 10:30:09,2024-12-22 11:04:09,UberPool,247.76,15.42,3.68,Completed
3595,252,4731,4587,4037,2025-07-10 05:51:18,2025-07-10 06:30:18,UberBlack,244.24,18.95,4.93,Completed
3596,3864,8398,3928,5720,2024-05-19 16:57:49,2024-05-19 17:06:49,UberBlack,110.77,13.45,3.76,Completed
3597,4196,2560,5933,2709,2024-11-03 03:22:12,2024-11-03 04:00:12,UberX,326.63,5.18,3.92,Completed
3598,2798,3512,1492,1228,2024-08-28 20:32:09,2024-08-28 20:41:09,UberPool,512.79,10.15,3.6,Completed
3599,2450,8050,3898,9316,2025-01-15 05:34:36,2025-01-15 06:03:36,UberBlack,217.02,19.81,4.57,Completed
3600,1790,282,691,7506,2024-02-16 12:01:37,2024-02-16 12:46:37,UberX,375.93,10.34,4.26,Completed
3601,1854,7465,2802,3561,2023-09-07 16:59:19,2023-09-07 17:44:19,UberPool,84.51,10.46,3.96,Completed
3602,558,3697,2512,1703,2025-03-06 11:14:55,2025-03-06 11:27:55,UberPool,789.52,8.67,3.76,Completed
3603,9631,3819,6096,8531,2025-01-30 11:32:18,2025-01-30 12:16:18,UberX,265.73,18.62,4.28,Completed
3604,4443,6651,2048,2053,2024-08-14 10:05:03,2024-08-14 10:34:03,UberX,366.1,7.42,4.12,Completed
3605,8637,2718,2484,3836,2023-10-28 04:49:05,2023-10-28 05:08:05,UberPool,97.94,10.42,3.85,Completed
3606,3912,9663,3445,5186,2025-03-29 17:14:29,2025-03-29 17:35:29,UberX,346.03,9.99,4.58,Completed
3607,7869,5577,5236,9095,2025-01-31 09:43:49,2025-01-31 10:19:49,UberX,537.3,8.25,4.26,Completed
3608,9759,860,6382,9085,2024-07-30 00:02:33,2024-07-30 00:29:33,UberX,713.98,10.19,4.08,Cancelled
3609,8802,3454,6424,2858,2024-04-16 06:05:56,2024-04-16 06:24:56,UberBlack,196.37,6.11,4.65,No Show
3610,7740,1136,9357,5701,2025-01-31 02:37:00,2025-01-31 03:16:00,UberBlack,674.68,6.2,4.84,Completed
3611,885,6756,3573,5180,2023-12-16 23:20:58,2023-12-16 23:52:58,UberX,576.09,13.91,3.54,Completed
3612,6145,5283,7878,9042,2024-03-22 02:52:03,2024-03-22 03:02:03,UberPool,411.88,17.94,3.79,Completed
3613,1978,5631,4575,6717,2024-07-17 09:04:52,2024-07-17 09:38:52,UberX,282.13,13.39,4.97,Completed
3614,1822,6490,666,4102,2025-02-15 08:42:48,2025-02-15 08:58:48,UberBlack,258.53,13.32,4.11,Completed
3615,1530,4979,6978,8166,2025-06-13 15:32:28,2025-06-13 15:54:28,UberPool,482.25,11.08,4.41,Completed
3616,3768,8959,9249,6309,2024-07-01 21:31:45,2024-07-01 21:38:45,UberBlack,640.86,4.84,4.64,No Show
3617,2283,8367,1084,1746,2024-11-11 15:33:43,2024-11-11 16:12:43,UberPool,671.16,10.85,4.06,No Show
3618,9233,1672,7180,9485,2024-02-02 18:53:51,2024-02-02 19:35:51,UberPool,369.63,13.52,4.8,Completed
3619,619,6580,8603,9187,2025-05-01 03:37:49,2025-05-01 03:53:49,UberBlack,282.74,12.22,4.71,Completed
3620,8184,2709,8721,3361,2024-10-07 05:44:58,2024-10-07 05:50:58,UberBlack,519.72,12.0,4.43,Completed
3621,2854,9329,2973,3311,2024-11-20 00:16:57,2024-11-20 00:58:57,UberBlack,455.26,15.99,4.97,Completed
3622,5802,8352,5683,3678,2024-04-17 17:03:42,2024-04-17 17:18:42,UberBlack,409.44,9.86,3.55,Completed
3623,3423,812,7619,1494,2023-08-18 05:22:47,2023-08-18 06:01:47,UberBlack,106.57,12.97,4.39,Completed
3624,7098,7657,6686,5179,2023-11-30 20:12:34,2023-11-30 20:54:34,UberX,55.84,6.08,4.39,Completed
3625,4143,7097,4767,5363,2023-08-11 04:33:43,2023-08-11 04:42:43,UberBlack,91.19,13.82,4.35,Completed
3626,5745,5875,4119,5478,2023-08-11 17:35:58,2023-08-11 18:06:58,UberX,152.02,16.79,4.18,Completed
3627,1757,231,8511,6307,2025-04-29 13:38:01,2025-04-29 13:59:01,UberPool,192.39,14.7,3.61,Completed
3628,2403,250,9833,7730,2025-05-04 08:35:19,2025-05-04 08:51:19,UberX,424.83,2.05,4.98,Completed
3629,5926,4206,5573,4725,2024-04-12 16:22:58,2024-04-12 16:54:58,UberPool,482.64,4.27,3.63,Completed
3630,8573,5049,3460,4183,2023-12-27 06:52:24,2023-12-27 07:03:24,UberPool,602.84,17.97,3.74,Completed
3631,1140,6361,2287,6750,2024-11-06 08:33:51,2024-11-06 09:15:51,UberPool,261.7,7.62,4.65,Completed
3632,7829,3554,2200,4083,2024-04-26 00:03:09,2024-04-26 00:26:09,UberX,150.53,19.93,3.72,Completed
3633,5491,2510,6697,5592,2024-06-09 17:59:13,2024-06-09 18:39:13,UberPool,239.5,16.6,4.58,Cancelled
3634,6767,7806,8196,2524,2025-04-18 18:41:36,2025-04-18 19:19:36,UberBlack,404.29,3.91,4.96,Cancelled
3635,3230,4583,7865,4023,2024-03-07 23:23:23,2024-03-07 23:51:23,UberX,476.09,19.11,4.3,Completed
3636,16,8253,8221,4164,2023-12-05 09:06:03,2023-12-05 09:48:03,UberBlack,564.18,12.21,3.91,Completed
3637,2644,6217,7919,3692,2024-06-04 15:43:48,2024-06-04 16:22:48,UberPool,399.19,11.46,4.11,Completed
3638,2447,9639,2974,1836,2024-12-23 02:25:34,2024-12-23 02:56:34,UberBlack,694.17,19.76,3.84,Completed
3639,6747,3109,1348,4365,2023-12-08 01:43:07,2023-12-08 02:01:07,UberPool,178.78,19.2,4.62,Completed
3640,6996,7596,8391,8847,2024-03-22 00:40:19,2024-03-22 00:54:19,UberBlack,268.27,15.06,3.63,Completed
3641,1976,4355,2784,2670,2025-04-08 18:32:10,2025-04-08 19:14:10,UberPool,291.78,19.63,3.53,Completed
3642,9939,8979,9961,3149,2025-01-09 23:27:52,2025-01-09 23:37:52,UberX,490.39,8.6,3.96,Completed
3643,9104,2721,9387,8263,2024-04-24 17:17:25,2024-04-24 17:32:25,UberPool,709.68,5.77,3.93,Completed
3644,8369,9988,6490,7911,2024-10-02 19:10:40,2024-10-02 19:28:40,UberX,687.65,15.06,3.66,Completed
3645,1143,6330,8529,7639,2024-07-08 05:45:08,2024-07-08 06:01:08,UberX,607.99,2.14,3.52,Completed
3646,1852,7562,8821,2244,2023-11-04 11:08:52,2023-11-04 11:21:52,UberBlack,771.28,19.25,4.37,Completed
3647,8113,6178,5639,354,2023-12-29 12:04:55,2023-12-29 12:40:55,UberPool,324.76,8.67,3.61,Completed
3648,4159,1992,8070,1782,2024-03-09 02:15:30,2024-03-09 02:37:30,UberPool,110.79,10.4,4.7,Completed
3649,5020,6917,5584,718,2024-07-27 00:22:09,2024-07-27 00:52:09,UberPool,424.35,2.53,3.96,Completed
3650,1648,1742,7448,7571,2024-05-27 05:03:20,2024-05-27 05:32:20,UberBlack,738.98,8.2,3.82,Completed
3651,9147,489,9761,8914,2023-10-02 10:43:21,2023-10-02 11:00:21,UberBlack,567.99,17.25,4.8,Completed
3652,2542,5501,7501,3566,2025-04-19 15:30:13,2025-04-19 16:01:13,UberX,410.36,4.62,4.57,Completed
3653,4283,20,7455,4148,2024-04-05 15:49:41,2024-04-05 16:11:41,UberPool,152.85,4.61,3.84,Completed
3654,9579,3879,38,230,2024-03-20 21:45:48,2024-03-20 22:21:48,UberBlack,141.99,4.98,4.54,Completed
3655,1930,9498,925,7081,2023-08-10 19:38:52,2023-08-10 19:49:52,UberPool,444.12,15.87,3.89,No Show
3656,4264,9492,4584,7673,2023-08-06 11:41:58,2023-08-06 11:53:58,UberBlack,52.29,12.46,4.49,Completed
3657,5919,3935,9956,5490,2023-10-28 07:29:17,2023-10-28 07:54:17,UberPool,139.26,4.14,4.57,Completed
3658,7534,6049,125,2735,2023-12-28 23:03:25,2023-12-28 23:39:25,UberBlack,558.69,4.49,4.49,Completed
3659,5050,1791,7467,6233,2024-08-28 13:58:59,2024-08-28 14:11:59,UberBlack,168.71,13.58,4.36,Completed
3660,2834,4596,9131,256,2025-04-01 20:11:34,2025-04-01 20:28:34,UberBlack,718.19,16.24,5.0,Completed
3661,4745,8353,6987,1954,2024-09-07 04:07:52,2024-09-07 04:40:52,UberX,311.33,8.94,4.85,Completed
3662,8476,3565,7340,8383,2023-08-07 13:29:33,2023-08-07 14:08:33,UberBlack,651.25,18.14,4.34,Cancelled
3663,9008,2209,1947,8488,2023-10-16 04:35:04,2023-10-16 05:15:04,UberPool,490.32,9.63,4.69,Cancelled
3664,8514,1773,5342,407,2024-03-18 07:41:40,2024-03-18 08:18:40,UberPool,578.55,9.05,4.88,Completed
3665,937,8807,8975,244,2024-02-07 16:27:41,2024-02-07 16:55:41,UberBlack,527.76,2.45,3.81,Completed
3666,9006,2947,2701,8598,2024-03-28 11:19:28,2024-03-28 11:29:28,UberPool,105.57,4.27,4.56,Completed
3667,1567,1510,8285,830,2023-11-08 00:44:54,2023-11-08 01:01:54,UberBlack,591.12,8.47,3.57,Cancelled
3668,6282,6281,6628,5510,2024-09-23 18:04:28,2024-09-23 18:30:28,UberPool,649.69,2.86,4.9,Completed
3669,3281,2122,8614,1393,2025-01-14 09:07:59,2025-01-14 09:31:59,UberX,512.51,8.65,4.84,Completed
3670,2173,2220,6014,8900,2023-12-18 05:33:10,2023-12-18 05:45:10,UberX,697.76,15.46,3.69,Completed
3671,8129,7723,9537,9534,2024-03-11 23:34:16,2024-03-11 23:55:16,UberX,314.78,18.96,4.71,Cancelled
3672,5825,9654,2730,2499,2024-05-09 16:41:32,2024-05-09 16:54:32,UberBlack,239.82,16.02,4.33,Completed
3673,5100,7482,2621,2318,2023-12-29 10:22:06,2023-12-29 10:27:06,UberBlack,321.07,7.55,4.35,Completed
3674,7787,7965,5715,1961,2025-06-03 10:30:33,2025-06-03 10:49:33,UberBlack,54.56,13.62,4.51,No Show
3675,9299,2462,7739,2725,2024-10-07 22:33:40,2024-10-07 23:14:40,UberBlack,656.02,18.25,3.59,Completed
3676,7242,2415,8312,515,2024-09-11 08:28:03,2024-09-11 09:07:03,UberPool,140.71,15.24,4.66,No Show
3677,5439,5253,283,6490,2023-08-06 05:49:52,2023-08-06 06:21:52,UberPool,747.35,19.62,4.77,Completed
3678,7987,757,9643,1893,2024-06-14 03:49:22,2024-06-14 04:09:22,UberPool,627.33,19.06,3.54,Completed
3679,2037,1745,3788,2718,2024-07-30 00:29:34,2024-07-30 01:02:34,UberBlack,538.26,4.17,3.85,Cancelled
3680,2683,6647,5341,7550,2025-05-10 21:28:08,2025-05-10 22:08:08,UberBlack,209.14,2.29,4.92,Completed
3681,4619,4689,5717,6429,2024-08-12 02:20:07,2024-08-12 02:45:07,UberX,293.71,15.67,3.79,Completed
3682,8081,5950,3333,7672,2025-06-06 12:46:02,2025-06-06 12:57:02,UberBlack,744.82,16.74,3.56,Completed
3683,1878,7965,2924,7874,2023-12-02 06:51:17,2023-12-02 07:26:17,UberX,422.23,12.82,3.59,Completed
3684,713,6315,8664,2324,2023-12-06 07:28:45,2023-12-06 08:07:45,UberX,154.25,13.82,4.42,Completed
3685,5818,6331,7550,5504,2024-03-24 14:45:43,2024-03-24 15:13:43,UberX,179.71,13.16,4.74,Completed
3686,3924,8036,3379,656,2024-01-09 06:00:44,2024-01-09 06:15:44,UberBlack,770.23,4.61,3.5,Completed
3687,5594,8830,1476,1462,2024-02-02 13:50:56,2024-02-02 14:00:56,UberBlack,352.08,15.06,4.07,Cancelled
3688,7188,1834,4760,9989,2024-10-24 23:43:42,2024-10-25 00:05:42,UberX,625.01,19.34,3.71,Completed
3689,8414,1117,3617,3070,2023-08-15 02:29:00,2023-08-15 02:54:00,UberPool,181.5,11.19,4.82,Completed
3690,1738,3362,8185,2944,2024-06-08 03:01:51,2024-06-08 03:33:51,UberX,464.71,7.66,4.54,Cancelled
3691,6796,5418,7997,1440,2024-10-18 04:10:46,2024-10-18 04:52:46,UberX,768.54,2.44,3.89,Completed
3692,1920,5009,7249,1048,2024-04-06 19:37:11,2024-04-06 20:04:11,UberX,265.13,17.23,4.07,Completed
3693,8074,453,8936,3119,2025-02-25 08:16:23,2025-02-25 08:25:23,UberX,285.23,5.82,4.39,No Show
3694,8082,3234,2285,6754,2025-06-08 07:25:44,2025-06-08 08:07:44,UberX,500.39,19.99,4.37,Completed
3695,3141,1932,3059,237,2024-03-29 08:34:06,2024-03-29 09:00:06,UberX,442.51,15.49,4.24,Completed
3696,6000,8668,8443,812,2024-12-09 02:04:24,2024-12-09 02:25:24,UberBlack,442.78,9.77,4.46,Completed
3697,3107,3228,6682,9478,2023-12-06 12:52:04,2023-12-06 13:10:04,UberBlack,472.03,3.15,4.59,Completed
3698,9210,193,706,1288,2023-12-12 08:06:03,2023-12-12 08:19:03,UberX,323.48,10.44,4.3,Completed
3699,6736,5373,7528,3806,2024-01-26 18:07:47,2024-01-26 18:25:47,UberX,761.09,8.98,4.0,Completed
3700,289,7621,5618,6102,2023-10-17 15:44:27,2023-10-17 16:01:27,UberPool,270.92,5.64,4.1,Completed
3701,8003,6859,1338,5215,2023-08-20 20:39:43,2023-08-20 20:59:43,UberBlack,610.87,6.97,4.22,Cancelled
3702,106,4438,4831,4174,2025-04-20 16:31:17,2025-04-20 17:12:17,UberPool,513.67,2.58,3.57,Completed
3703,7977,3239,9274,1022,2023-10-11 08:34:14,2023-10-11 09:12:14,UberBlack,389.74,13.97,4.86,Completed
3704,1125,4311,8508,6720,2023-12-18 18:02:20,2023-12-18 18:30:20,UberX,371.13,11.41,4.05,Completed
3705,8571,4922,8964,928,2025-07-21 07:01:21,2025-07-21 07:07:21,UberBlack,792.99,3.66,4.59,Completed
3706,5628,572,3571,3062,2025-07-01 05:47:50,2025-07-01 05:59:50,UberBlack,710.9,15.39,4.7,Completed
3707,468,6718,4799,7,2025-03-09 10:34:14,2025-03-09 10:47:14,UberPool,768.6,14.5,3.63,Completed
3708,9722,1343,4871,9332,2024-04-05 09:33:40,2024-04-05 09:55:40,UberPool,762.56,3.5,4.82,Completed
3709,5425,1236,3750,3935,2023-09-23 21:42:52,2023-09-23 22:19:52,UberX,495.88,2.99,4.5,Completed
3710,2109,8961,3072,7203,2023-11-10 23:34:25,2023-11-10 23:59:25,UberBlack,200.48,14.13,3.99,Completed
3711,5871,7822,6808,7640,2024-10-06 06:54:38,2024-10-06 07:18:38,UberBlack,586.22,6.86,3.83,No Show
3712,2958,2563,5268,358,2024-01-23 04:28:59,2024-01-23 04:47:59,UberPool,158.34,19.15,4.18,Completed
3713,8243,1973,3683,2062,2024-01-23 12:42:55,2024-01-23 12:55:55,UberPool,659.69,10.05,4.96,Completed
3714,8006,8399,3411,4844,2024-08-08 16:27:37,2024-08-08 17:03:37,UberPool,789.39,10.79,3.73,Completed
3715,9881,7468,8511,5072,2025-04-27 05:13:12,2025-04-27 05:32:12,UberX,334.24,1.65,4.22,Completed
3716,1272,1784,4202,3053,2023-08-19 03:06:12,2023-08-19 03:26:12,UberBlack,92.99,2.32,3.84,Completed
3717,2418,7296,6225,988,2025-02-02 02:16:16,2025-02-02 02:35:16,UberPool,590.69,16.08,4.91,Cancelled
3718,7518,1968,8437,46,2024-07-12 11:57:03,2024-07-12 12:13:03,UberPool,235.85,5.61,4.39,Cancelled
3719,7209,3643,9491,9495,2024-11-25 09:52:37,2024-11-25 10:24:37,UberBlack,506.04,9.38,4.17,Completed
3720,7587,1625,4368,5454,2025-04-23 22:55:46,2025-04-23 23:12:46,UberBlack,453.38,5.62,3.73,Completed
3721,5073,7672,3,2524,2023-09-20 14:48:36,2023-09-20 15:25:36,UberX,791.25,2.46,4.91,Completed
3722,5797,3618,9385,969,2023-09-01 06:07:13,2023-09-01 06:16:13,UberBlack,462.73,2.4,3.52,Cancelled
3723,5766,811,989,2985,2024-01-15 09:25:25,2024-01-15 09:50:25,UberBlack,718.2,2.34,4.53,Completed
3724,4691,5025,6829,9340,2023-09-22 00:48:41,2023-09-22 01:21:41,UberBlack,658.05,7.74,4.74,Completed
3725,6618,4008,6481,5505,2023-12-05 18:47:26,2023-12-05 19:08:26,UberPool,714.27,18.0,3.75,Completed
3726,140,8638,8961,5152,2023-12-22 23:11:48,2023-12-22 23:53:48,UberPool,304.48,10.92,3.85,Completed
3727,8460,988,3642,2966,2024-03-08 13:11:47,2024-03-08 13:53:47,UberX,299.28,8.47,3.54,Completed
3728,790,1704,9575,8210,2024-12-07 16:51:50,2024-12-07 17:15:50,UberPool,663.76,4.34,5.0,Completed
3729,1484,6696,9901,8870,2023-12-12 04:58:52,2023-12-12 05:37:52,UberPool,57.31,17.5,3.73,Completed
3730,4501,3515,1285,8613,2025-06-17 20:36:53,2025-06-17 20:57:53,UberPool,144.7,5.14,3.99,Completed
3731,8446,4213,1819,4779,2025-06-13 08:06:28,2025-06-13 08:45:28,UberBlack,312.69,13.99,4.82,Completed
3732,6024,8955,9692,2775,2024-07-29 09:55:27,2024-07-29 10:17:27,UberX,513.03,6.3,3.83,Cancelled
3733,5244,2093,7361,7275,2024-10-18 05:51:03,2024-10-18 06:08:03,UberX,63.28,11.47,4.04,Completed
3734,9638,1068,666,8845,2025-02-05 09:06:56,2025-02-05 09:14:56,UberBlack,340.05,6.82,4.57,Completed
3735,7769,9890,7191,2661,2024-01-18 06:14:46,2024-01-18 06:43:46,UberBlack,184.66,15.55,4.12,Completed
3736,8275,8127,2663,4574,2023-10-19 17:25:18,2023-10-19 18:02:18,UberX,504.54,11.45,4.84,Completed
3737,3714,5904,7274,2813,2024-06-07 02:59:58,2024-06-07 03:21:58,UberX,629.71,18.95,4.41,No Show
3738,9845,9783,6773,9947,2024-06-06 19:08:49,2024-06-06 19:35:49,UberX,166.89,10.49,3.56,Completed
3739,1173,7410,8531,8581,2024-02-04 23:25:01,2024-02-04 23:35:01,UberPool,305.52,11.32,4.53,Completed
3740,9638,7429,3376,5926,2025-02-19 11:44:06,2025-02-19 12:14:06,UberPool,157.35,7.8,3.64,Completed
3741,3111,5064,4299,6663,2025-01-22 20:24:24,2025-01-22 20:58:24,UberBlack,751.12,16.76,4.24,Completed
3742,9421,3394,1561,1504,2025-04-10 19:29:21,2025-04-10 19:43:21,UberX,654.04,2.97,3.67,Completed
3743,3847,1366,8391,668,2023-11-23 14:31:19,2023-11-23 14:59:19,UberX,531.69,8.9,4.01,Completed
3744,4076,4452,4811,4406,2025-06-20 13:03:21,2025-06-20 13:10:21,UberBlack,239.73,19.69,4.34,Completed
3745,7473,1402,7296,2888,2024-03-08 12:04:36,2024-03-08 12:12:36,UberPool,392.92,10.17,4.78,Completed
3746,7853,2252,7128,4234,2023-10-10 14:32:38,2023-10-10 14:52:38,UberX,479.5,9.98,3.75,Completed
3747,5374,7227,1961,9487,2024-08-29 17:47:04,2024-08-29 18:26:04,UberBlack,574.06,3.56,4.46,Cancelled
3748,7477,8314,130,4175,2023-08-20 10:56:40,2023-08-20 11:34:40,UberPool,295.9,12.54,4.29,Completed
3749,2494,7722,6145,1721,2024-09-07 20:38:48,2024-09-07 21:21:48,UberPool,687.34,18.22,4.89,Completed
3750,6644,1163,8661,7305,2023-10-13 13:06:07,2023-10-13 13:42:07,UberPool,707.69,19.05,4.76,Completed
3751,8510,1355,4825,8173,2025-03-24 01:15:07,2025-03-24 01:45:07,UberPool,175.27,13.46,4.36,Completed
3752,1567,7256,6656,1917,2025-07-01 01:58:35,2025-07-01 02:33:35,UberX,649.5,4.4,4.89,Completed
3753,230,4002,9669,825,2024-03-06 03:05:06,2024-03-06 03:17:06,UberBlack,621.94,15.76,4.23,Completed
3754,5915,4818,2426,3077,2025-08-03 04:53:09,2025-08-03 05:03:09,UberX,491.77,5.87,3.81,Completed
3755,4770,7845,6712,8032,2024-08-14 14:19:13,2024-08-14 14:48:13,UberPool,334.72,3.77,4.83,Completed
3756,6521,6136,4671,5639,2025-03-30 17:51:31,2025-03-30 17:59:31,UberPool,379.58,4.73,4.97,No Show
3757,4391,5024,2669,1174,2025-05-25 18:20:11,2025-05-25 18:26:11,UberX,169.2,12.19,3.56,No Show
3758,6595,1423,7755,4713,2025-01-11 06:33:45,2025-01-11 06:57:45,UberBlack,207.26,2.7,3.84,Completed
3759,8460,5270,2087,4847,2025-03-07 19:26:24,2025-03-07 19:31:24,UberPool,373.13,11.54,4.34,Completed
3760,1516,8462,3315,5475,2024-10-13 22:51:04,2024-10-13 23:04:04,UberPool,657.02,8.62,4.54,Completed
3761,3038,655,1098,7886,2025-05-25 07:59:42,2025-05-25 08:32:42,UberPool,93.44,17.91,3.8,No Show
3762,7088,3897,9514,8156,2025-04-19 06:07:01,2025-04-19 06:40:01,UberX,494.38,12.36,4.9,Completed
3763,134,2122,9199,9864,2025-02-19 06:47:06,2025-02-19 07:17:06,UberBlack,479.22,16.09,3.74,Completed
3764,7821,985,4616,1716,2024-04-01 23:29:09,2024-04-01 23:51:09,UberBlack,327.3,15.98,3.75,Completed
3765,6918,4870,156,5466,2025-07-08 21:22:51,2025-07-08 22:01:51,UberBlack,593.84,2.88,4.82,Completed
3766,6841,3642,1775,3896,2025-02-26 18:52:03,2025-02-26 19:28:03,UberPool,616.31,5.59,3.77,Completed
3767,2458,1307,5850,4091,2023-09-24 06:35:47,2023-09-24 07:04:47,UberBlack,450.36,19.75,4.13,Completed
3768,3129,3264,1875,1950,2024-05-08 06:34:02,2024-05-08 06:56:02,UberBlack,661.26,18.84,4.37,Completed
3769,8179,929,7834,1015,2023-11-20 14:47:39,2023-11-20 15:25:39,UberBlack,647.47,7.92,4.48,Completed
3770,5305,4026,1597,6148,2024-02-03 22:45:02,2024-02-03 22:51:02,UberPool,516.91,15.19,4.45,Completed
3771,4172,5947,9141,3103,2024-05-09 17:00:44,2024-05-09 17:08:44,UberBlack,604.85,9.28,4.6,Completed
3772,1483,6084,2329,8777,2024-09-02 03:56:00,2024-09-02 04:08:00,UberBlack,148.53,6.17,4.23,Completed
3773,9368,4069,518,4787,2024-10-04 11:14:30,2024-10-04 11:55:30,UberPool,736.61,11.4,4.89,Completed
3774,6680,3200,2048,6595,2023-12-03 15:16:18,2023-12-03 15:21:18,UberBlack,601.99,18.45,3.59,Cancelled
3775,9094,5884,3901,6357,2025-02-18 11:56:54,2025-02-18 12:25:54,UberX,642.87,13.78,3.58,Cancelled
3776,8543,3454,3793,4682,2024-08-29 01:00:03,2024-08-29 01:32:03,UberX,773.54,3.04,3.93,Completed
3777,3719,5877,8607,7239,2023-08-09 11:09:50,2023-08-09 11:39:50,UberBlack,395.74,19.18,4.91,Completed
3778,4963,6619,4643,3393,2025-02-11 09:27:52,2025-02-11 09:46:52,UberX,116.18,6.95,4.23,Completed
3779,9089,308,380,340,2025-01-28 18:23:13,2025-01-28 18:57:13,UberBlack,513.11,9.93,3.75,Completed
3780,1230,5033,8832,1723,2025-05-14 05:43:25,2025-05-14 05:51:25,UberX,631.58,6.97,4.24,Completed
3781,3066,5241,7198,3520,2025-05-17 16:19:27,2025-05-17 17:04:27,UberX,228.72,19.16,4.84,Completed
3782,7898,6995,2511,3297,2025-04-21 04:39:22,2025-04-21 05:19:22,UberPool,636.02,11.05,3.88,Completed
3783,6253,7915,7691,1310,2024-01-06 07:58:11,2024-01-06 08:22:11,UberX,475.81,11.48,3.96,Completed
3784,8579,7655,8307,7893,2023-10-01 14:12:33,2023-10-01 14:29:33,UberX,429.81,11.77,4.06,No Show
3785,6918,7943,563,2223,2023-11-14 09:23:28,2023-11-14 09:45:28,UberX,493.05,18.02,4.11,No Show
3786,6046,2690,9844,6248,2025-03-01 12:44:17,2025-03-01 13:23:17,UberPool,115.57,6.75,3.51,Completed
3787,9623,8933,942,9728,2024-02-21 19:20:33,2024-02-21 19:27:33,UberX,136.46,1.45,3.78,Completed
3788,3702,8290,3221,2637,2025-06-12 18:05:58,2025-06-12 18:13:58,UberBlack,649.52,19.33,4.16,Cancelled
3789,7084,5035,7863,1009,2025-07-04 18:40:20,2025-07-04 18:57:20,UberX,623.17,10.71,4.65,Completed
3790,2352,4055,2002,4585,2024-01-12 23:19:57,2024-01-12 23:55:57,UberX,600.08,19.94,3.77,Completed
3791,8834,3717,6996,3199,2024-09-19 15:01:31,2024-09-19 15:17:31,UberX,694.4,18.25,4.94,No Show
3792,5759,921,790,7244,2024-08-05 18:54:51,2024-08-05 19:20:51,UberBlack,395.57,1.15,4.22,Completed
3793,4453,9680,1057,2602,2025-04-07 17:26:48,2025-04-07 17:55:48,UberBlack,250.31,17.44,4.16,Completed
3794,3887,5979,2349,6893,2023-09-17 05:43:13,2023-09-17 06:20:13,UberPool,628.15,8.88,4.4,Completed
3795,6427,8407,1736,8909,2023-10-06 10:33:25,2023-10-06 10:44:25,UberPool,579.49,17.97,4.76,Completed
3796,4265,1366,7433,1292,2024-07-17 01:38:07,2024-07-17 01:49:07,UberBlack,602.84,7.8,4.11,Completed
3797,3280,3102,425,6429,2024-06-08 20:52:58,2024-06-08 21:25:58,UberX,698.22,12.77,4.6,Cancelled
3798,7884,4191,5442,5817,2024-11-18 19:01:00,2024-11-18 19:33:00,UberX,437.33,17.76,4.78,Completed
3799,8009,7584,2041,9216,2024-01-12 05:27:26,2024-01-12 05:53:26,UberX,538.23,9.19,4.51,No Show
3800,254,650,1043,9117,2023-10-29 18:40:06,2023-10-29 19:02:06,UberPool,459.09,9.18,4.91,No Show
3801,3661,588,6053,6615,2024-03-14 02:10:08,2024-03-14 02:43:08,UberX,603.57,2.4,4.12,Cancelled
3802,8845,5182,8065,3470,2023-08-29 20:28:38,2023-08-29 20:52:38,UberBlack,184.19,4.42,4.9,No Show
3803,1943,6330,8685,2030,2023-11-29 10:59:46,2023-11-29 11:32:46,UberX,626.5,5.78,3.84,Completed
3804,2832,572,823,6565,2024-07-31 14:45:44,2024-07-31 15:22:44,UberX,107.21,9.13,3.68,Completed
3805,1681,7441,4013,8077,2024-09-25 03:42:01,2024-09-25 04:00:01,UberBlack,471.08,10.3,3.73,Completed
3806,2290,519,4889,3962,2024-02-16 06:47:22,2024-02-16 07:01:22,UberPool,242.79,1.69,4.67,Completed
3807,4103,1581,8724,778,2024-11-20 15:07:03,2024-11-20 15:46:03,UberBlack,764.68,11.56,3.85,Completed
3808,7733,9340,2453,4601,2025-04-10 19:39:42,2025-04-10 20:24:42,UberX,646.98,18.08,3.88,Cancelled
3809,5207,6683,4142,9169,2025-02-15 06:35:11,2025-02-15 07:14:11,UberX,307.62,3.03,4.82,Completed
3810,3608,1805,3327,4407,2025-05-25 20:11:14,2025-05-25 20:18:14,UberX,387.78,6.02,3.77,Completed
3811,4075,6410,2817,8050,2023-10-07 12:09:19,2023-10-07 12:34:19,UberPool,475.04,10.75,3.98,Completed
3812,5653,5318,8121,8839,2024-11-18 15:10:05,2024-11-18 15:43:05,UberBlack,523.87,12.05,4.15,Completed
3813,8597,3836,7165,6990,2023-11-27 11:19:12,2023-11-27 11:43:12,UberPool,178.93,13.59,3.89,Completed
3814,4605,2517,5093,1469,2024-11-07 17:22:59,2024-11-07 17:55:59,UberX,779.89,18.43,4.62,Cancelled
3815,7045,9771,7908,7644,2023-12-31 04:07:51,2023-12-31 04:35:51,UberX,214.66,17.28,4.63,Completed
3816,3733,7859,5495,9028,2024-01-18 04:04:13,2024-01-18 04:13:13,UberBlack,95.29,12.25,3.72,Completed
3817,6795,6009,7819,91,2024-08-14 15:22:31,2024-08-14 15:57:31,UberPool,705.64,1.69,4.67,Completed
3818,5949,4235,5176,563,2023-12-14 14:21:50,2023-12-14 14:31:50,UberBlack,537.04,11.51,4.67,Completed
3819,7412,4495,9940,9241,2025-03-28 13:06:55,2025-03-28 13:25:55,UberPool,142.19,19.43,4.5,Completed
3820,3070,4625,1428,7344,2025-04-09 10:22:53,2025-04-09 10:30:53,UberPool,760.24,16.03,3.8,Completed
3821,271,6878,6419,9370,2024-10-30 22:30:56,2024-10-30 23:02:56,UberBlack,439.96,15.18,4.36,Completed
3822,8524,2001,6258,3964,2024-07-17 08:55:45,2024-07-17 09:03:45,UberPool,450.7,15.82,4.86,Completed
3823,292,575,5752,4356,2024-03-25 22:26:44,2024-03-25 22:45:44,UberBlack,97.55,9.45,4.88,Completed
3824,9253,4341,2343,2724,2024-05-07 15:46:33,2024-05-07 16:01:33,UberBlack,239.51,16.12,4.82,Completed
3825,6970,7037,336,6635,2025-01-13 05:00:41,2025-01-13 05:21:41,UberPool,83.68,6.01,3.74,Completed
3826,6766,6876,3298,8454,2024-11-09 19:04:34,2024-11-09 19:09:34,UberX,53.34,2.97,4.78,Completed
3827,8727,5977,7489,8261,2024-01-30 14:30:38,2024-01-30 14:38:38,UberPool,395.84,9.45,4.5,Completed
3828,3331,1744,1515,2367,2024-05-03 00:55:52,2024-05-03 01:37:52,UberPool,416.6,19.11,3.73,Completed
3829,8645,4341,3561,9650,2024-04-30 10:48:11,2024-04-30 11:28:11,UberBlack,428.79,14.25,4.81,No Show
3830,3331,1806,9651,5857,2023-08-18 11:27:33,2023-08-18 11:52:33,UberPool,253.82,2.08,3.9,Completed
3831,6689,1245,3026,5315,2025-02-04 00:57:27,2025-02-04 01:25:27,UberX,582.47,15.97,4.27,Cancelled
3832,8318,8056,6567,9786,2025-05-17 08:27:16,2025-05-17 09:03:16,UberBlack,407.81,3.84,4.32,No Show
3833,3676,7386,7078,454,2024-12-23 04:18:13,2024-12-23 04:46:13,UberX,129.04,1.03,3.8,No Show
3834,9245,5806,3857,5366,2025-04-11 17:31:39,2025-04-11 17:44:39,UberX,292.45,1.99,4.87,Cancelled
3835,3141,7010,1400,8622,2024-07-04 10:23:01,2024-07-04 10:30:01,UberX,635.89,11.88,4.59,Completed
3836,1312,3255,6635,6390,2023-11-28 00:11:25,2023-11-28 00:38:25,UberPool,514.65,5.14,4.84,Completed
3837,3410,531,8509,688,2025-03-11 17:43:37,2025-03-11 17:48:37,UberBlack,349.52,12.35,4.25,Completed
3838,113,3278,2044,9870,2025-04-30 15:41:13,2025-04-30 15:57:13,UberBlack,669.08,6.28,3.68,Completed
3839,3937,2553,4575,8730,2024-11-06 22:29:20,2024-11-06 22:45:20,UberPool,164.02,9.77,4.02,No Show
3840,5236,1909,1532,5529,2024-03-23 15:36:14,2024-03-23 16:21:14,UberBlack,169.18,17.51,3.93,Completed
3841,8608,5775,7212,1531,2023-11-16 17:26:08,2023-11-16 17:36:08,UberPool,516.84,13.04,4.41,Completed
3842,1980,2006,3585,8558,2025-05-15 04:08:56,2025-05-15 04:40:56,UberX,457.04,13.05,4.47,No Show
3843,3859,8866,9256,5017,2025-03-03 01:17:24,2025-03-03 02:01:24,UberPool,424.79,3.76,4.24,Completed
3844,9528,2333,130,4599,2023-09-02 02:16:28,2023-09-02 02:31:28,UberBlack,265.23,16.79,4.25,Completed
3845,8698,9985,2001,6948,2024-02-29 08:47:53,2024-02-29 09:11:53,UberX,273.08,13.13,3.8,Completed
3846,9694,542,526,6550,2024-12-04 14:29:28,2024-12-04 14:45:28,UberBlack,514.1,16.2,4.79,Completed
3847,4257,764,1638,217,2025-04-18 05:23:21,2025-04-18 05:45:21,UberX,727.46,8.42,3.83,Completed
3848,8197,6373,3320,321,2024-08-20 16:00:34,2024-08-20 16:08:34,UberX,590.63,8.71,4.91,Completed
3849,5141,1178,9201,5826,2024-06-20 15:13:41,2024-06-20 15:31:41,UberBlack,718.08,12.82,4.81,Completed
3850,6508,4098,3986,1272,2024-01-13 12:29:28,2024-01-13 13:10:28,UberX,268.68,16.53,4.53,Completed
3851,1782,2043,9955,145,2024-02-03 05:35:13,2024-02-03 05:52:13,UberX,756.65,14.61,4.9,Completed
3852,4867,8273,4153,1971,2023-08-11 18:35:18,2023-08-11 18:48:18,UberX,376.6,13.25,4.47,Completed
3853,6921,7753,3358,4414,2025-04-27 22:21:44,2025-04-27 22:46:44,UberPool,779.01,16.59,4.76,Completed
3854,3364,6032,5451,2053,2023-10-13 21:00:37,2023-10-13 21:15:37,UberPool,392.78,5.97,4.29,Completed
3855,6586,6880,6765,764,2025-04-08 06:40:18,2025-04-08 07:21:18,UberPool,614.3,17.65,4.03,Completed
3856,2706,9358,5215,4369,2023-10-02 02:12:55,2023-10-02 02:35:55,UberBlack,482.12,17.78,4.18,Completed
3857,4885,2743,9643,3941,2023-12-14 17:29:20,2023-12-14 17:45:20,UberBlack,410.25,5.88,4.84,Completed
3858,6961,7680,1217,106,2023-08-24 14:38:12,2023-08-24 14:46:12,UberPool,543.28,12.84,4.76,Completed
3859,697,7671,6851,9782,2024-04-07 16:26:38,2024-04-07 16:33:38,UberPool,708.88,13.4,4.94,Completed
3860,2570,7466,8356,5654,2023-11-09 06:56:48,2023-11-09 07:33:48,UberX,744.94,16.61,3.5,Completed
3861,4801,6496,6342,380,2025-08-01 11:25:02,2025-08-01 11:38:02,UberBlack,445.43,13.93,3.79,Completed
3862,8781,7852,6727,620,2024-03-09 02:45:43,2024-03-09 02:55:43,UberBlack,309.85,1.15,3.87,Completed
3863,8763,9972,9018,1366,2024-02-27 07:55:41,2024-02-27 08:32:41,UberBlack,372.63,8.93,4.0,Completed
3864,6983,4898,4422,3431,2025-07-15 21:09:15,2025-07-15 21:17:15,UberX,420.25,18.96,4.92,Completed
3865,3057,773,8932,2574,2025-02-03 10:01:55,2025-02-03 10:35:55,UberBlack,603.39,11.12,4.37,Completed
3866,8428,8744,9470,5448,2025-01-07 20:14:26,2025-01-07 20:33:26,UberPool,409.56,9.49,4.87,Completed
3867,4747,433,5562,1178,2024-12-14 03:59:30,2024-12-14 04:06:30,UberBlack,583.51,17.76,3.83,Completed
3868,9866,5080,8402,7032,2025-01-29 15:22:13,2025-01-29 15:29:13,UberPool,95.61,17.62,3.95,Completed
3869,8466,8656,7132,8499,2024-10-27 09:38:11,2024-10-27 10:22:11,UberBlack,87.96,7.65,3.53,Completed
3870,4296,8812,3723,9508,2024-09-12 05:54:08,2024-09-12 06:35:08,UberPool,793.53,13.45,4.49,No Show
3871,1718,9910,8728,1306,2024-03-08 18:58:44,2024-03-08 19:21:44,UberBlack,509.66,15.66,4.29,Completed
3872,738,5371,2773,6953,2023-11-15 18:26:04,2023-11-15 18:53:04,UberBlack,165.82,17.55,4.36,No Show
3873,7448,5246,3639,79,2024-07-31 16:06:05,2024-07-31 16:39:05,UberPool,611.85,19.33,3.66,Completed
3874,1810,8969,4012,660,2025-06-27 04:38:51,2025-06-27 05:06:51,UberPool,379.04,2.91,3.51,Completed
3875,9945,9578,6388,2559,2024-08-23 19:58:08,2024-08-23 20:07:08,UberBlack,743.09,4.89,3.76,Completed
3876,6688,1916,5926,1386,2024-10-05 17:46:46,2024-10-05 18:07:46,UberBlack,778.5,5.77,3.72,Completed
3877,2524,2607,8576,5026,2024-10-15 07:27:28,2024-10-15 07:32:28,UberPool,369.23,4.91,4.32,No Show
3878,4909,2664,7361,9952,2024-05-22 01:53:27,2024-05-22 02:37:27,UberPool,736.76,3.03,4.2,Completed
3879,1823,7227,8791,8908,2024-07-15 04:03:53,2024-07-15 04:19:53,UberPool,732.21,4.91,4.73,Completed
3880,5731,1639,2013,2587,2023-09-30 03:00:02,2023-09-30 03:11:02,UberPool,783.1,6.12,4.71,No Show
3881,7302,8667,8871,9945,2023-08-28 16:37:25,2023-08-28 17:13:25,UberPool,81.62,6.92,4.75,Completed
3882,1013,4325,154,6226,2023-11-05 00:08:58,2023-11-05 00:19:58,UberX,794.4,7.02,4.65,Completed
3883,1096,4036,410,8805,2023-11-12 14:32:04,2023-11-12 14:46:04,UberBlack,226.79,17.61,3.66,Cancelled
3884,8560,259,3059,4837,2024-07-20 20:17:48,2024-07-20 20:54:48,UberX,364.71,13.08,3.95,Completed
3885,5515,5846,5644,7933,2025-03-18 16:26:44,2025-03-18 17:03:44,UberX,443.44,6.36,4.72,Completed
3886,4705,7394,7850,3964,2024-01-20 05:21:16,2024-01-20 05:48:16,UberPool,308.36,11.05,4.46,Completed
3887,1327,7768,6331,3694,2024-10-22 06:14:43,2024-10-22 06:38:43,UberPool,713.63,10.49,4.34,Completed
3888,1409,3286,1354,9405,2024-08-12 16:12:56,2024-08-12 16:45:56,UberPool,711.94,17.69,4.05,Completed
3889,5352,4790,3279,7646,2024-09-23 06:10:19,2024-09-23 06:18:19,UberPool,677.48,18.23,4.94,Cancelled
3890,1650,8092,3482,1244,2025-04-02 01:17:57,2025-04-02 01:38:57,UberX,787.22,18.7,4.12,Completed
3891,1441,6617,9298,2094,2024-06-20 13:53:24,2024-06-20 14:31:24,UberX,738.01,18.18,4.49,Completed
3892,3810,9856,618,7241,2024-02-25 17:43:05,2024-02-25 18:11:05,UberPool,83.93,7.34,4.59,Completed
3893,4999,7093,2014,4304,2024-04-17 08:54:24,2024-04-17 09:06:24,UberPool,421.39,1.59,4.51,Completed
3894,5482,1569,9831,5849,2025-05-16 01:39:01,2025-05-16 02:23:01,UberX,689.82,17.37,4.06,Cancelled
3895,9786,1149,7270,5239,2023-11-07 13:30:13,2023-11-07 13:40:13,UberPool,351.11,15.99,4.17,Completed
3896,9402,8928,4970,4164,2024-06-11 08:32:11,2024-06-11 08:49:11,UberPool,509.35,3.97,3.63,Completed
3897,8485,365,9284,7998,2024-08-16 15:05:42,2024-08-16 15:26:42,UberPool,464.91,19.88,4.94,Completed
3898,733,2755,8197,4883,2024-10-06 06:52:46,2024-10-06 07:32:46,UberX,562.61,18.72,4.36,Cancelled
3899,1837,5438,9928,208,2024-09-13 09:43:02,2024-09-13 10:05:02,UberX,417.98,10.71,4.55,Completed
3900,5915,8492,6331,2876,2024-05-16 23:54:34,2024-05-17 00:23:34,UberBlack,184.31,13.14,3.9,Cancelled
3901,3977,1389,4643,676,2025-03-06 04:57:39,2025-03-06 05:07:39,UberBlack,397.12,13.67,4.19,Completed
3902,4256,7013,1267,2102,2023-08-20 05:58:38,2023-08-20 06:23:38,UberPool,786.16,3.24,4.38,Completed
3903,1905,8503,6533,4429,2024-05-18 16:00:22,2024-05-18 16:40:22,UberPool,410.03,4.83,4.4,Completed
3904,5158,6177,1671,7382,2025-04-25 08:31:17,2025-04-25 09:12:17,UberBlack,206.16,13.25,4.89,Completed
3905,5984,2238,2360,7537,2025-01-08 22:02:45,2025-01-08 22:25:45,UberX,564.39,19.58,3.92,Completed
3906,1532,7311,7492,3685,2023-11-03 02:32:21,2023-11-03 03:17:21,UberPool,380.84,13.06,4.52,Completed
3907,8791,7341,7249,2921,2024-09-15 02:52:05,2024-09-15 03:33:05,UberX,556.64,8.43,4.73,Completed
3908,9147,9320,1341,2905,2023-08-05 17:10:21,2023-08-05 17:16:21,UberX,497.97,10.6,4.37,Completed
3909,5122,6088,3797,2796,2025-06-18 19:57:56,2025-06-18 20:23:56,UberBlack,427.1,18.24,4.89,Completed
3910,2227,2211,1097,2306,2025-04-21 10:19:50,2025-04-21 11:04:50,UberPool,756.09,16.24,4.77,Completed
3911,1749,5096,6956,1818,2024-11-24 00:27:50,2024-11-24 00:56:50,UberBlack,336.18,13.58,4.01,Completed
3912,476,3430,7810,4500,2025-06-17 00:54:25,2025-06-17 01:04:25,UberBlack,211.59,16.87,4.54,Completed
3913,2163,4243,2393,8354,2024-07-14 04:34:26,2024-07-14 05:16:26,UberX,403.67,15.06,4.23,Cancelled
3914,7054,9681,1593,1177,2023-09-12 02:10:59,2023-09-12 02:43:59,UberBlack,139.4,5.51,4.09,Cancelled
3915,8538,3202,9686,2083,2023-10-11 06:12:34,2023-10-11 06:21:34,UberBlack,376.26,3.93,4.68,Cancelled
3916,1231,4557,6242,6081,2024-01-22 12:15:07,2024-01-22 12:45:07,UberX,730.28,19.11,4.91,Completed
3917,180,9010,5351,7145,2024-12-11 15:28:50,2024-12-11 15:37:50,UberPool,56.16,4.13,4.19,Cancelled
3918,3039,6769,6994,9832,2023-10-06 12:01:05,2023-10-06 12:15:05,UberBlack,204.87,5.16,4.65,Completed
3919,6945,5013,7917,6146,2024-05-20 06:16:14,2024-05-20 06:52:14,UberBlack,760.76,15.79,4.72,Completed
3920,9111,8774,9696,327,2023-08-28 01:05:37,2023-08-28 01:10:37,UberBlack,548.94,6.79,4.47,Completed
3921,9232,4562,6117,1928,2025-01-04 16:59:27,2025-01-04 17:27:27,UberPool,566.65,12.29,4.69,Cancelled
3922,2190,3457,2733,1054,2024-09-28 22:22:57,2024-09-28 22:37:57,UberPool,263.82,6.2,4.89,Completed
3923,389,9266,3073,2502,2025-07-01 06:37:50,2025-07-01 07:03:50,UberX,210.31,6.92,3.83,Completed
3924,5673,153,1161,5271,2025-04-16 10:10:48,2025-04-16 10:47:48,UberBlack,494.46,14.98,4.17,Completed
3925,4800,3615,1009,4713,2025-03-30 08:24:38,2025-03-30 08:55:38,UberPool,759.49,2.07,4.79,Completed
3926,8482,4006,2854,8686,2025-03-05 15:01:48,2025-03-05 15:17:48,UberPool,222.18,8.9,3.56,Completed
3927,1406,3311,5856,2599,2025-04-04 12:53:24,2025-04-04 13:38:24,UberPool,414.58,9.4,4.18,Completed
3928,2753,6310,630,3148,2023-09-01 12:42:57,2023-09-01 13:08:57,UberPool,357.86,2.17,3.9,Cancelled
3929,8949,7974,9532,6061,2024-06-30 22:11:05,2024-06-30 22:38:05,UberPool,86.7,18.79,4.98,Completed
3930,6793,2455,2187,5983,2023-12-09 10:37:15,2023-12-09 11:10:15,UberBlack,446.08,10.24,3.68,Completed
3931,2428,9065,9323,6648,2025-03-04 17:48:04,2025-03-04 18:28:04,UberBlack,509.45,15.16,4.69,No Show
3932,8963,2277,1095,53,2025-04-20 19:26:06,2025-04-20 20:03:06,UberX,387.22,10.27,4.1,Completed
3933,5758,1839,6484,5264,2024-07-19 18:25:32,2024-07-19 19:02:32,UberBlack,460.67,1.39,3.76,Completed
3934,7843,4578,1736,4491,2023-12-15 22:02:39,2023-12-15 22:14:39,UberBlack,591.29,5.44,3.86,Completed
3935,7165,7214,2959,6352,2024-10-24 05:53:16,2024-10-24 05:58:16,UberBlack,122.12,5.38,4.69,No Show
3936,4527,9144,2036,7520,2024-08-07 17:51:32,2024-08-07 17:57:32,UberBlack,594.47,10.15,3.6,Completed
3937,5932,6608,9143,86,2024-03-25 22:43:33,2024-03-25 23:06:33,UberBlack,346.11,7.07,4.84,Cancelled
3938,5221,5981,2935,6216,2023-10-01 05:36:25,2023-10-01 06:08:25,UberPool,377.13,14.23,3.99,Cancelled
3939,7590,5849,244,9738,2023-12-08 04:15:10,2023-12-08 04:59:10,UberX,102.29,16.86,4.19,Completed
3940,5715,4578,1268,7572,2024-08-13 12:11:12,2024-08-13 12:33:12,UberX,746.7,18.53,4.33,Completed
3941,504,8556,4140,727,2025-03-25 13:12:22,2025-03-25 13:17:22,UberPool,494.42,15.83,4.51,Cancelled
3942,4888,9179,4289,5434,2025-01-27 04:22:01,2025-01-27 04:41:01,UberX,162.71,16.41,4.95,Completed
3943,4250,8515,1459,5584,2024-09-16 04:08:09,2024-09-16 04:18:09,UberPool,538.44,8.82,4.77,Completed
3944,5989,7913,9331,7044,2023-12-01 10:52:12,2023-12-01 11:09:12,UberX,759.29,13.54,4.11,Completed
3945,6595,9495,3033,1743,2025-06-25 08:38:54,2025-06-25 09:23:54,UberPool,504.68,8.21,3.58,Completed
3946,2428,3781,7661,2058,2023-12-27 22:35:43,2023-12-27 23:08:43,UberPool,572.31,15.9,3.93,Completed
3947,4186,1509,5390,4700,2023-12-14 04:41:12,2023-12-14 05:14:12,UberPool,440.99,19.35,4.39,Completed
3948,5769,5796,2413,644,2024-01-02 10:54:55,2024-01-02 11:33:55,UberX,345.39,9.53,4.15,Completed
3949,1231,2161,7305,491,2024-03-15 07:30:10,2024-03-15 07:35:10,UberX,552.91,16.02,4.68,Cancelled
3950,7656,4481,5663,7378,2025-07-31 04:06:39,2025-07-31 04:46:39,UberX,347.48,10.62,4.76,Completed
3951,6794,1727,3909,6437,2023-12-24 09:04:11,2023-12-24 09:11:11,UberBlack,178.4,14.67,3.69,Completed
3952,7105,9026,820,4202,2024-01-30 21:17:46,2024-01-30 21:39:46,UberBlack,52.8,13.64,4.91,No Show
3953,5771,8079,7388,1022,2023-12-12 11:54:11,2023-12-12 12:26:11,UberBlack,137.6,8.12,4.07,Completed
3954,2857,6754,774,5047,2023-11-24 12:17:29,2023-11-24 12:35:29,UberPool,789.4,10.77,4.69,Completed
3955,8711,5178,1543,4838,2025-01-25 21:13:00,2025-01-25 21:22:00,UberBlack,769.77,14.21,3.78,Completed
3956,2356,5248,5931,7304,2024-01-12 02:24:51,2024-01-12 02:51:51,UberBlack,543.09,9.04,3.55,Completed
3957,3226,2813,9342,4340,2023-09-02 00:21:58,2023-09-02 00:45:58,UberBlack,588.81,14.05,4.45,Completed
3958,7940,8660,3470,4467,2024-11-02 15:13:08,2024-11-02 15:18:08,UberPool,286.25,19.59,4.2,Completed
3959,7537,5569,5602,3344,2025-08-03 06:59:43,2025-08-03 07:41:43,UberPool,706.8,4.8,3.79,Completed
3960,9042,187,3056,5966,2024-12-11 19:56:03,2024-12-11 20:33:03,UberX,87.36,19.46,4.39,Completed
3961,6961,1380,2750,8768,2024-07-28 08:31:49,2024-07-28 08:41:49,UberPool,696.94,14.89,4.76,Completed
3962,6222,7215,6536,4512,2025-07-15 09:26:16,2025-07-15 09:35:16,UberX,665.09,2.37,4.26,Completed
3963,2698,4442,1016,7971,2024-12-08 21:44:24,2024-12-08 22:29:24,UberX,225.1,19.03,4.26,Completed
3964,8763,338,109,5549,2023-09-18 02:45:05,2023-09-18 03:03:05,UberBlack,421.69,19.18,4.56,Completed
3965,6573,1020,5880,2497,2025-01-30 00:24:07,2025-01-30 01:03:07,UberPool,270.84,6.48,3.59,Completed
3966,8067,9998,7673,7144,2023-10-15 10:03:10,2023-10-15 10:42:10,UberBlack,506.51,17.42,4.36,Completed
3967,3591,2382,8615,4895,2025-02-05 12:31:39,2025-02-05 13:11:39,UberPool,136.25,17.55,3.53,Completed
3968,9348,5973,6353,9776,2023-12-25 04:09:49,2023-12-25 04:27:49,UberPool,557.57,2.58,4.26,Completed
3969,9855,666,9136,9459,2024-05-31 12:12:39,2024-05-31 12:55:39,UberPool,235.32,12.23,3.97,Completed
3970,2803,6802,6668,4251,2024-10-05 01:40:05,2024-10-05 01:57:05,UberBlack,386.35,9.61,4.77,No Show
3971,8808,7383,9646,9342,2025-03-11 17:02:48,2025-03-11 17:21:48,UberX,422.47,4.7,4.29,Completed
3972,2233,6327,2029,7636,2025-04-20 17:40:46,2025-04-20 18:17:46,UberX,440.21,12.49,3.81,Cancelled
3973,4418,1181,5056,9168,2023-11-17 16:30:16,2023-11-17 17:03:16,UberBlack,704.33,19.42,4.98,Completed
3974,9861,6317,3929,2306,2025-03-21 03:52:58,2025-03-21 04:18:58,UberX,604.3,8.19,3.92,Completed
3975,504,9973,2219,5761,2023-10-23 11:50:03,2023-10-23 12:04:03,UberX,635.59,11.03,3.84,Completed
3976,9332,569,9194,9074,2024-02-04 03:22:06,2024-02-04 03:27:06,UberBlack,166.56,5.47,4.05,Completed
3977,9102,5045,4672,7251,2024-01-08 12:11:08,2024-01-08 12:22:08,UberPool,159.91,12.04,4.22,Completed
3978,7166,2898,8405,5868,2024-02-29 10:27:32,2024-02-29 10:58:32,UberPool,287.19,16.64,4.73,Cancelled
3979,8552,2139,4583,3884,2023-11-13 02:51:08,2023-11-13 02:56:08,UberPool,274.74,5.64,4.73,Completed
3980,4337,6758,5896,2604,2025-05-09 06:07:10,2025-05-09 06:22:10,UberBlack,79.62,6.48,3.56,Completed
3981,4067,4056,1679,8771,2024-01-02 16:16:14,2024-01-02 16:44:14,UberX,270.75,16.0,4.3,Completed
3982,2792,6870,5249,9250,2024-07-21 17:18:19,2024-07-21 17:42:19,UberBlack,638.83,17.98,4.5,Completed
3983,3039,5430,1455,4847,2024-02-17 17:15:56,2024-02-17 17:58:56,UberBlack,312.33,13.78,4.43,Completed
3984,8143,6355,6539,399,2025-02-04 22:16:02,2025-02-04 22:32:02,UberPool,627.32,6.35,4.78,Completed
3985,3155,4716,2936,791,2024-01-26 09:31:39,2024-01-26 09:56:39,UberPool,600.09,10.99,3.51,Completed
3986,2683,7728,1723,8064,2025-03-30 15:34:14,2025-03-30 16:14:14,UberPool,440.9,11.61,3.95,Completed
3987,6040,778,6580,9139,2025-04-21 08:31:37,2025-04-21 08:44:37,UberPool,467.56,18.88,4.91,No Show
3988,4140,7703,8750,5439,2024-06-23 01:57:59,2024-06-23 02:13:59,UberPool,475.09,9.75,4.05,Completed
3989,8905,2601,3942,9286,2025-02-14 10:25:18,2025-02-14 10:40:18,UberBlack,282.04,4.51,4.75,Completed
3990,8748,356,1496,7660,2025-05-02 15:37:09,2025-05-02 15:52:09,UberPool,421.93,13.69,4.65,Completed
3991,3644,9179,9683,5086,2023-11-28 18:29:55,2023-11-28 18:45:55,UberPool,307.69,4.47,3.84,Completed
3992,1445,1642,1715,2962,2025-05-08 15:30:02,2025-05-08 15:41:02,UberPool,235.5,17.24,3.68,Completed
3993,7332,3320,4285,9899,2025-03-14 20:22:22,2025-03-14 20:58:22,UberX,373.25,17.13,4.47,Completed
3994,5469,1504,4404,5008,2023-11-19 03:02:10,2023-11-19 03:15:10,UberBlack,231.68,12.55,4.99,Completed
3995,5460,7205,8838,4442,2024-01-04 16:17:13,2024-01-04 16:35:13,UberX,399.23,3.38,4.23,Completed
3996,6297,278,2075,349,2025-07-08 03:45:56,2025-07-08 04:28:56,UberX,645.57,9.37,3.65,Completed
3997,5926,5510,2452,3580,2024-11-02 22:26:06,2024-11-02 22:34:06,UberBlack,244.08,13.45,4.68,Completed
3998,4916,2652,6636,9373,2024-09-16 14:08:25,2024-09-16 14:40:25,UberX,206.73,1.71,4.72,Cancelled
3999,4468,6469,1473,2748,2025-06-22 15:29:45,2025-06-22 15:50:45,UberPool,489.96,8.38,4.31,Completed
4000,9790,1169,1041,2015,2023-12-28 14:03:10,2023-12-28 14:14:10,UberBlack,634.6,2.47,4.17,Completed
4001,7107,2351,4432,1888,2024-08-14 22:59:14,2024-08-14 23:08:14,UberX,630.52,9.59,3.7,Completed
4002,6504,6851,266,3822,2023-09-18 04:52:21,2023-09-18 05:30:21,UberX,54.54,3.32,4.77,Completed
4003,7929,8500,1473,8696,2023-08-19 13:21:10,2023-08-19 13:29:10,UberX,223.27,16.31,3.84,Completed
4004,2526,9913,1742,9376,2024-05-31 06:22:16,2024-05-31 06:29:16,UberX,215.7,15.2,4.52,Completed
4005,7970,1792,1315,8390,2024-06-30 23:27:27,2024-06-30 23:52:27,UberPool,341.84,18.79,4.21,Completed
4006,1138,8530,5977,3814,2023-11-25 01:42:17,2023-11-25 01:58:17,UberX,73.86,1.56,4.2,Completed
4007,5881,5905,8425,3201,2024-11-25 02:45:20,2024-11-25 02:54:20,UberX,723.31,9.29,4.82,Completed
4008,9781,8159,1843,6763,2024-03-06 15:45:18,2024-03-06 16:27:18,UberPool,274.46,11.84,4.06,Completed
4009,369,5418,8854,8208,2023-12-29 15:27:37,2023-12-29 15:42:37,UberX,515.42,2.86,3.67,Completed
4010,1062,9867,9517,1841,2025-03-29 09:24:28,2025-03-29 09:54:28,UberPool,342.48,9.24,4.84,Completed
4011,6040,9087,6627,2334,2024-10-23 00:02:47,2024-10-23 00:23:47,UberPool,295.63,7.4,4.28,Completed
4012,857,1378,594,4378,2024-08-13 21:43:35,2024-08-13 21:57:35,UberBlack,476.38,7.89,3.97,Completed
4013,7846,3979,7940,2633,2024-12-09 12:31:59,2024-12-09 13:07:59,UberPool,293.07,16.25,4.29,Completed
4014,96,3771,2390,3158,2023-12-14 11:27:11,2023-12-14 11:50:11,UberBlack,311.78,11.81,4.81,Completed
4015,7005,6482,2812,1708,2025-06-18 20:16:07,2025-06-18 20:47:07,UberPool,648.35,11.14,4.99,Completed
4016,6933,7233,95,5407,2024-02-27 18:32:51,2024-02-27 19:09:51,UberBlack,405.03,3.19,4.08,Cancelled
4017,2524,149,9898,6400,2023-11-19 01:29:46,2023-11-19 01:51:46,UberBlack,75.23,3.4,4.26,No Show
4018,8787,6018,610,6611,2023-12-25 14:48:14,2023-12-25 15:10:14,UberPool,680.18,12.34,4.71,Completed
4019,3803,6919,1523,8745,2024-07-11 04:19:27,2024-07-11 04:57:27,UberX,416.99,12.89,4.87,Completed
4020,8435,8624,2919,3126,2024-10-22 03:55:12,2024-10-22 04:22:12,UberPool,134.69,19.34,3.53,Completed
4021,6458,8238,995,5454,2023-12-30 14:05:49,2023-12-30 14:11:49,UberPool,300.34,10.58,3.95,Completed
4022,2559,1662,3014,6053,2025-07-10 17:44:45,2025-07-10 17:56:45,UberPool,300.92,5.13,3.56,Completed
4023,8879,5859,8430,4417,2024-03-21 23:10:09,2024-03-21 23:51:09,UberX,96.44,11.02,4.86,Completed
4024,1682,4195,1790,760,2025-02-21 13:31:08,2025-02-21 14:14:08,UberBlack,398.71,16.04,4.98,Completed
4025,2614,6357,5239,9172,2024-07-01 06:20:09,2024-07-01 06:44:09,UberX,721.08,14.59,3.53,Completed
4026,4088,3352,7207,3363,2023-12-05 18:41:18,2023-12-05 18:57:18,UberBlack,337.33,16.61,3.52,Completed
4027,2969,7162,3309,8783,2024-12-29 13:34:48,2024-12-29 14:14:48,UberBlack,326.57,14.09,3.99,Completed
4028,8715,4845,6950,2264,2024-12-01 06:54:29,2024-12-01 07:02:29,UberBlack,146.99,8.22,4.84,Completed
4029,5526,9910,8495,643,2023-09-05 02:24:03,2023-09-05 02:29:03,UberPool,59.0,11.46,4.4,Completed
4030,5874,9095,9037,5067,2024-08-08 06:11:17,2024-08-08 06:20:17,UberPool,754.87,19.53,4.48,Completed
4031,3194,7017,3302,1665,2024-04-28 12:17:03,2024-04-28 12:58:03,UberBlack,397.91,5.3,4.81,Completed
4032,6688,8255,8347,3957,2025-04-18 18:36:06,2025-04-18 19:20:06,UberPool,412.15,14.16,3.95,Completed
4033,9339,1939,9635,5607,2025-07-13 03:10:03,2025-07-13 03:26:03,UberX,488.09,1.52,4.79,Cancelled
4034,4875,6803,6041,9832,2023-12-02 13:07:40,2023-12-02 13:43:40,UberBlack,278.83,18.77,3.97,No Show
4035,8116,8626,3578,6476,2023-12-13 20:41:46,2023-12-13 21:09:46,UberPool,130.44,17.41,4.27,Completed
4036,4796,3881,5517,9567,2024-07-12 15:11:01,2024-07-12 15:27:01,UberBlack,60.02,17.47,3.87,Cancelled
4037,928,2466,2833,4593,2024-08-12 09:12:34,2024-08-12 09:43:34,UberBlack,213.59,17.8,3.77,Completed
4038,7742,9002,3480,5300,2024-04-27 09:18:28,2024-04-27 09:37:28,UberPool,542.11,3.34,4.16,Completed
4039,7650,1164,8916,5001,2024-09-19 15:40:30,2024-09-19 16:08:30,UberPool,440.84,11.46,4.47,Completed
4040,5394,9064,7774,4443,2024-09-03 14:26:21,2024-09-03 14:43:21,UberX,208.16,8.88,4.17,Completed
4041,964,1061,5479,3078,2025-05-31 07:14:36,2025-05-31 07:46:36,UberBlack,702.32,10.29,4.56,Cancelled
4042,8918,9446,9571,9264,2024-09-20 11:47:53,2024-09-20 12:26:53,UberBlack,605.76,1.1,4.02,Completed
4043,3646,3870,1587,5998,2024-07-21 03:03:36,2024-07-21 03:44:36,UberBlack,762.18,12.84,4.87,Completed
4044,94,7698,4359,6655,2023-11-07 22:27:52,2023-11-07 22:40:52,UberX,721.03,7.26,3.87,Completed
4045,8310,6138,8251,3589,2024-03-12 08:00:35,2024-03-12 08:07:35,UberX,135.92,19.8,4.6,Completed
4046,6856,135,4583,1367,2024-02-02 23:06:40,2024-02-02 23:35:40,UberBlack,704.14,16.06,4.49,Completed
4047,7105,7918,3913,1173,2025-01-20 19:29:29,2025-01-20 19:41:29,UberPool,475.97,15.94,3.76,No Show
4048,8300,1915,4052,1410,2024-06-09 13:40:37,2024-06-09 14:11:37,UberBlack,78.15,9.86,4.04,Completed
4049,8611,1316,7379,9060,2024-04-23 08:52:44,2024-04-23 09:24:44,UberPool,210.69,18.88,3.93,Completed
4050,6689,2237,7411,9516,2024-02-15 10:53:11,2024-02-15 11:20:11,UberX,687.97,7.09,4.02,Completed
4051,5556,666,3579,3196,2025-01-10 13:47:19,2025-01-10 14:02:19,UberPool,289.09,7.6,4.94,Completed
4052,8963,8919,7955,6432,2024-10-28 18:24:26,2024-10-28 19:07:26,UberX,382.79,6.81,3.77,Completed
4053,4604,4970,5481,8561,2024-01-06 16:11:24,2024-01-06 16:55:24,UberBlack,90.67,5.19,4.92,Completed
4054,4415,2081,497,2377,2024-02-25 08:17:05,2024-02-25 08:38:05,UberX,783.61,17.31,4.22,Completed
4055,5345,8222,9654,2495,2024-07-30 05:34:54,2024-07-30 06:12:54,UberBlack,794.51,18.28,4.09,Cancelled
4056,1943,8022,4167,9413,2024-11-15 02:10:03,2024-11-15 02:20:03,UberBlack,713.12,8.5,4.92,Cancelled
4057,6008,1391,9412,9118,2024-08-04 06:42:26,2024-08-04 07:22:26,UberX,294.7,19.37,4.45,Completed
4058,2468,4437,5902,3026,2023-09-16 01:16:29,2023-09-16 01:48:29,UberPool,258.66,17.03,4.23,Completed
4059,2256,9187,1137,9999,2024-01-08 14:22:16,2024-01-08 14:33:16,UberPool,523.34,12.0,3.72,Completed
4060,2493,6333,843,9959,2023-11-10 17:41:32,2023-11-10 18:17:32,UberBlack,677.68,15.45,3.65,Completed
4061,7893,7208,6693,6883,2024-09-13 18:35:31,2024-09-13 18:59:31,UberX,734.27,1.99,3.7,Completed
4062,2522,2754,5610,8830,2024-09-27 12:40:16,2024-09-27 13:08:16,UberPool,651.55,18.02,3.73,Completed
4063,5259,8384,7961,1685,2024-03-21 11:23:43,2024-03-21 11:37:43,UberPool,136.36,11.09,4.06,Completed
4064,6557,8596,8994,863,2025-02-24 12:01:40,2025-02-24 12:24:40,UberBlack,620.56,9.63,4.63,Completed
4065,4781,9940,2153,1775,2023-09-12 10:38:51,2023-09-12 11:07:51,UberX,569.26,2.36,4.21,Completed
4066,7292,9844,8040,1368,2024-03-01 01:28:58,2024-03-01 02:03:58,UberX,296.7,1.62,4.52,Completed
4067,8206,7377,8790,9989,2025-03-20 10:10:13,2025-03-20 10:32:13,UberPool,279.31,17.65,3.63,Cancelled
4068,604,7797,3598,1002,2024-03-17 09:44:30,2024-03-17 10:01:30,UberBlack,342.9,10.69,3.83,Completed
4069,1296,9758,1751,5448,2024-07-04 08:11:27,2024-07-04 08:51:27,UberX,635.36,17.38,3.57,Completed
4070,4020,987,4583,9059,2025-06-14 18:37:47,2025-06-14 19:12:47,UberX,709.7,19.94,4.95,Completed
4071,9989,9549,3531,5361,2024-05-11 02:44:29,2024-05-11 02:58:29,UberX,275.62,6.51,4.38,Cancelled
4072,1971,325,402,4998,2024-07-06 19:26:08,2024-07-06 20:06:08,UberPool,440.4,6.8,4.3,Completed
4073,2938,9994,7541,6927,2024-04-26 17:32:17,2024-04-26 17:51:17,UberBlack,387.18,12.97,4.09,Cancelled
4074,5209,2546,478,4886,2024-10-20 19:51:05,2024-10-20 20:04:05,UberBlack,253.45,19.54,3.96,Completed
4075,9369,9542,9635,9562,2025-01-29 23:39:46,2025-01-29 23:49:46,UberX,241.04,15.8,3.9,Completed
4076,8600,3105,8947,6824,2024-04-04 00:26:55,2024-04-04 01:08:55,UberBlack,566.03,19.5,4.16,Completed
4077,8449,1375,6453,5560,2024-09-28 21:52:21,2024-09-28 22:21:21,UberX,132.37,16.82,3.78,Completed
4078,393,4320,6631,449,2024-12-11 07:42:31,2024-12-11 07:48:31,UberX,302.69,4.49,4.34,Cancelled
4079,7791,9678,4860,8790,2024-02-09 09:08:26,2024-02-09 09:38:26,UberPool,780.01,2.3,3.61,Completed
4080,3428,8620,6042,7621,2025-06-13 02:38:53,2025-06-13 03:11:53,UberPool,233.48,18.05,4.94,Completed
4081,1445,4235,3041,7285,2024-06-03 07:42:05,2024-06-03 07:50:05,UberX,440.15,6.56,4.22,Completed
4082,1753,7254,1712,954,2025-03-04 03:35:56,2025-03-04 03:50:56,UberBlack,295.81,17.91,4.51,Completed
4083,3574,7286,9199,7335,2024-08-11 07:48:15,2024-08-11 08:07:15,UberBlack,782.47,4.71,3.95,Completed
4084,137,2529,5791,655,2024-11-02 00:51:19,2024-11-02 01:12:19,UberPool,592.16,7.92,4.32,Completed
4085,2396,6148,7219,1688,2023-11-15 09:16:14,2023-11-15 09:34:14,UberBlack,97.78,6.35,3.66,Completed
4086,6600,2993,5642,4019,2025-07-09 12:09:56,2025-07-09 12:42:56,UberX,226.71,17.99,4.79,Completed
4087,4083,819,7195,5935,2025-06-09 23:49:58,2025-06-10 00:05:58,UberPool,231.01,8.06,4.64,Completed
4088,3023,9972,681,8409,2023-09-22 19:24:09,2023-09-22 19:53:09,UberPool,397.78,1.66,4.41,Completed
4089,4986,4974,3529,7049,2024-10-01 13:16:11,2024-10-01 13:44:11,UberX,567.7,15.34,3.83,Completed
4090,5268,3365,7168,8456,2024-12-01 11:58:36,2024-12-01 12:25:36,UberPool,739.85,13.36,4.89,Completed
4091,4524,860,8242,5553,2025-02-16 23:56:45,2025-02-17 00:24:45,UberX,125.69,16.77,4.95,Cancelled
4092,3622,4174,6697,6237,2024-03-21 05:26:58,2024-03-21 05:35:58,UberX,697.86,4.69,4.54,Cancelled
4093,9086,8877,4481,5868,2024-05-10 10:59:38,2024-05-10 11:35:38,UberBlack,738.66,13.77,3.54,Completed
4094,7524,9719,5758,8930,2024-06-13 09:11:00,2024-06-13 09:54:00,UberX,55.53,2.46,3.61,Completed
4095,472,5452,5932,2803,2023-10-27 11:54:37,2023-10-27 12:33:37,UberBlack,301.66,18.68,3.84,Cancelled
4096,2572,8740,1658,192,2025-01-22 19:51:59,2025-01-22 20:24:59,UberBlack,481.98,1.76,4.89,No Show
4097,9641,8034,9062,702,2023-12-01 16:51:16,2023-12-01 17:31:16,UberPool,796.88,7.39,3.87,Completed
4098,7380,3879,2742,9026,2025-02-04 14:07:59,2025-02-04 14:27:59,UberBlack,95.6,4.99,3.56,Completed
4099,6208,9091,1709,7032,2023-11-07 10:02:33,2023-11-07 10:10:33,UberX,165.86,9.56,3.91,Completed
4100,7843,1383,9069,2993,2025-07-10 01:01:06,2025-07-10 01:35:06,UberX,381.18,16.99,4.64,Completed
4101,9151,1253,3782,2769,2023-08-22 08:13:02,2023-08-22 08:40:02,UberX,579.99,3.89,3.81,Completed
4102,790,3537,8319,4075,2024-08-08 02:33:08,2024-08-08 02:52:08,UberX,516.34,5.08,3.93,Completed
4103,4139,6599,2324,4145,2024-04-21 07:31:33,2024-04-21 07:36:33,UberBlack,659.9,3.0,4.23,Completed
4104,1682,5900,4613,4292,2024-08-11 19:10:38,2024-08-11 19:45:38,UberX,229.12,15.56,4.83,Completed
4105,676,7704,7303,6985,2025-04-23 22:22:59,2025-04-23 22:37:59,UberBlack,600.52,10.83,4.52,Completed
4106,9513,9724,5678,6680,2024-10-22 06:24:20,2024-10-22 06:30:20,UberPool,306.16,19.33,3.97,Completed
4107,8209,4820,7264,1783,2023-09-24 08:37:11,2023-09-24 08:43:11,UberPool,77.73,7.47,4.24,Completed
4108,8891,6678,7891,8144,2024-12-08 14:41:52,2024-12-08 15:20:52,UberX,139.79,9.24,4.43,Completed
4109,8911,4998,3165,8352,2024-10-10 12:15:24,2024-10-10 12:56:24,UberPool,376.98,7.31,4.47,Cancelled
4110,6652,7647,3528,814,2024-09-28 07:19:05,2024-09-28 07:52:05,UberBlack,173.27,9.6,4.2,Completed
4111,3543,7367,1745,9123,2023-12-03 20:21:03,2023-12-03 20:37:03,UberBlack,556.3,3.04,4.65,Completed
4112,4104,3677,9152,6215,2024-06-29 23:15:09,2024-06-29 23:23:09,UberX,386.82,16.51,4.23,No Show
4113,2614,2219,2691,2218,2024-07-01 09:05:33,2024-07-01 09:30:33,UberPool,252.36,18.14,4.48,Completed
4114,3180,6497,2228,6214,2025-01-16 00:18:26,2025-01-16 00:49:26,UberBlack,473.91,10.16,4.8,Completed
4115,55,3239,2982,4720,2023-11-07 05:43:12,2023-11-07 05:53:12,UberBlack,285.53,12.79,3.89,Completed
4116,7602,7007,9631,4221,2024-08-08 11:37:41,2024-08-08 12:16:41,UberPool,546.03,9.59,4.84,Completed
4117,6151,8089,6345,9377,2023-09-22 19:45:45,2023-09-22 20:08:45,UberPool,622.9,13.13,3.96,No Show
4118,304,4073,9734,8304,2023-10-13 15:01:20,2023-10-13 15:38:20,UberX,500.0,11.46,3.99,Completed
4119,4826,6163,967,3298,2024-12-12 05:03:58,2024-12-12 05:21:58,UberPool,545.38,13.36,4.52,Completed
4120,784,4612,8727,5779,2024-01-26 13:52:45,2024-01-26 14:33:45,UberPool,304.97,2.72,4.63,Completed
4121,2294,7368,2604,9198,2025-04-03 00:28:31,2025-04-03 00:39:31,UberX,333.94,14.98,3.99,Completed
4122,5335,740,2285,6296,2024-06-26 22:12:19,2024-06-26 22:45:19,UberPool,109.67,12.24,4.19,Completed
4123,9792,1115,8144,6391,2024-02-03 20:40:23,2024-02-03 21:14:23,UberBlack,596.09,15.35,3.68,Completed
4124,4330,2535,8015,9682,2025-04-26 14:07:46,2025-04-26 14:35:46,UberPool,715.3,1.77,4.51,Completed
4125,766,2510,6494,5511,2024-05-01 10:34:27,2024-05-01 10:43:27,UberX,286.4,16.3,3.77,Completed
4126,432,1793,5745,3518,2024-01-26 14:28:50,2024-01-26 14:57:50,UberX,162.98,12.26,4.08,Completed
4127,9875,6953,713,5939,2023-08-28 22:12:15,2023-08-28 22:30:15,UberPool,333.23,8.85,4.1,Completed
4128,9629,1678,889,1787,2023-08-06 23:54:20,2023-08-07 00:05:20,UberPool,409.14,11.1,3.69,Completed
4129,7908,1704,6888,4479,2024-02-21 21:50:31,2024-02-21 22:10:31,UberBlack,547.03,12.18,4.15,Completed
4130,2315,5811,4327,7609,2024-12-16 22:31:03,2024-12-16 22:59:03,UberBlack,65.47,2.33,4.43,Completed
4131,5843,2751,8911,8946,2025-06-02 11:01:12,2025-06-02 11:36:12,UberX,130.37,13.37,3.76,Completed
4132,5828,7677,4099,2469,2024-07-06 02:18:01,2024-07-06 02:56:01,UberX,707.38,1.43,4.09,Completed
4133,2374,8451,9220,4903,2024-05-08 02:04:48,2024-05-08 02:22:48,UberX,79.38,6.29,4.31,Completed
4134,3089,7623,731,360,2025-01-19 17:30:22,2025-01-19 18:10:22,UberPool,345.02,13.87,4.23,Completed
4135,882,7982,4577,1586,2023-12-05 07:44:25,2023-12-05 08:09:25,UberX,405.22,12.85,3.9,Completed
4136,5892,1206,9946,6900,2023-12-06 10:51:59,2023-12-06 11:22:59,UberBlack,727.49,3.77,3.77,Completed
4137,7988,822,4083,3926,2025-03-28 01:54:20,2025-03-28 02:27:20,UberPool,753.32,5.0,4.34,Completed
4138,7984,6754,5437,8776,2024-11-19 04:33:26,2024-11-19 04:57:26,UberBlack,787.67,11.77,3.51,Completed
4139,7916,9676,4207,9684,2024-07-16 12:30:11,2024-07-16 13:12:11,UberPool,214.64,9.5,4.35,Completed
4140,8328,916,6126,6033,2024-09-10 12:42:29,2024-09-10 12:59:29,UberPool,602.68,8.49,4.77,Completed
4141,4896,3760,4431,8838,2023-12-17 09:28:10,2023-12-17 09:51:10,UberBlack,350.52,17.96,4.76,Completed
4142,7649,7216,1461,6675,2024-10-11 21:33:50,2024-10-11 21:47:50,UberX,227.53,15.85,4.27,Completed
4143,8280,9352,1522,3472,2023-08-23 04:14:27,2023-08-23 04:30:27,UberBlack,83.14,10.38,4.85,Cancelled
4144,7956,5819,5511,2712,2024-07-29 00:27:37,2024-07-29 00:43:37,UberX,356.2,6.94,3.94,Completed
4145,2822,5178,2289,9327,2024-04-05 20:31:17,2024-04-05 20:49:17,UberX,78.06,2.82,4.4,Completed
4146,1624,5896,4903,5723,2024-01-31 23:11:37,2024-01-31 23:19:37,UberBlack,601.82,7.79,4.43,Completed
4147,9024,4732,7056,7095,2024-05-07 06:14:14,2024-05-07 06:54:14,UberBlack,721.18,2.11,4.01,Completed
4148,4385,1830,3472,7566,2025-05-18 12:32:17,2025-05-18 13:06:17,UberX,63.75,6.84,4.27,Completed
4149,4965,247,4833,6612,2025-05-31 07:15:32,2025-05-31 07:32:32,UberPool,289.12,3.43,4.68,Completed
4150,2066,838,8098,9856,2025-03-30 07:27:04,2025-03-30 08:09:04,UberX,693.53,9.72,3.56,Completed
4151,2443,7750,7689,6129,2025-04-09 14:33:32,2025-04-09 14:50:32,UberBlack,214.48,7.29,4.05,Completed
4152,9645,2470,5003,6392,2025-01-06 10:22:25,2025-01-06 10:28:25,UberX,141.17,14.91,4.27,Cancelled
4153,5628,4259,3026,9672,2024-11-12 22:42:03,2024-11-12 23:11:03,UberBlack,575.75,5.39,4.25,Completed
4154,7084,2947,9602,7847,2024-03-03 05:46:00,2024-03-03 05:54:00,UberBlack,405.24,4.45,4.87,Completed
4155,8018,8912,3954,3362,2024-09-04 20:32:19,2024-09-04 20:49:19,UberX,450.9,14.58,4.41,Completed
4156,7439,946,9191,3751,2023-12-14 09:45:49,2023-12-14 10:22:49,UberBlack,444.97,7.56,4.02,Completed
4157,3337,1817,5373,4907,2024-08-27 06:18:09,2024-08-27 06:48:09,UberBlack,579.88,7.53,3.72,Completed
4158,5627,7429,3672,4058,2023-10-01 21:18:15,2023-10-01 22:02:15,UberPool,654.72,11.66,4.14,Completed
4159,5588,2690,6523,9724,2025-03-17 17:29:57,2025-03-17 18:07:57,UberBlack,175.11,15.03,4.54,Completed
4160,9993,9333,7271,1464,2025-03-30 20:56:03,2025-03-30 21:19:03,UberBlack,375.37,11.16,4.09,Completed
4161,2169,3243,7647,7579,2025-04-21 14:50:35,2025-04-21 15:16:35,UberX,772.06,17.5,4.05,Cancelled
4162,3150,8885,4292,9007,2024-12-17 16:26:55,2024-12-17 16:48:55,UberPool,52.13,16.21,4.33,Completed
4163,4633,5292,5092,4260,2024-05-27 01:57:57,2024-05-27 02:32:57,UberX,474.26,11.1,4.4,Completed
4164,6711,2761,8555,9290,2024-10-09 12:18:19,2024-10-09 12:56:19,UberX,757.66,13.58,3.65,Completed
4165,8784,9136,5461,3586,2025-05-22 17:58:32,2025-05-22 18:16:32,UberBlack,501.5,18.48,4.67,Completed
4166,7265,6025,8866,6335,2023-11-11 20:28:50,2023-11-11 20:55:50,UberBlack,670.17,7.55,4.47,Completed
4167,3475,6359,986,8666,2023-09-23 17:54:28,2023-09-23 17:59:28,UberX,87.02,1.7,4.54,No Show
4168,7513,431,4471,1801,2024-01-31 12:36:57,2024-01-31 12:52:57,UberBlack,375.14,1.91,4.73,Completed
4169,1257,3666,2274,8625,2024-01-30 04:12:13,2024-01-30 04:19:13,UberBlack,384.63,3.7,4.56,Completed
4170,4614,4973,7399,4176,2024-10-04 06:54:51,2024-10-04 07:23:51,UberX,762.64,19.61,4.11,Completed
4171,4672,6264,577,8166,2024-05-07 00:38:11,2024-05-07 01:07:11,UberBlack,231.79,8.4,4.44,Completed
4172,4198,3731,5492,5967,2023-10-18 14:51:42,2023-10-18 15:16:42,UberPool,626.81,1.23,4.85,Completed
4173,905,8138,5999,5093,2024-05-27 22:12:07,2024-05-27 22:17:07,UberX,381.52,12.24,4.28,Completed
4174,9319,7891,144,1792,2024-07-07 06:08:57,2024-07-07 06:18:57,UberPool,418.06,3.73,4.85,No Show
4175,7771,8377,3823,1364,2024-01-06 08:06:07,2024-01-06 08:28:07,UberX,290.26,13.54,3.85,Completed
4176,2244,6032,3454,5970,2025-04-08 19:10:04,2025-04-08 19:25:04,UberPool,560.36,4.73,3.77,Completed
4177,3033,1443,8150,5111,2023-10-30 18:53:43,2023-10-30 19:36:43,UberBlack,496.23,2.49,4.4,Cancelled
4178,1567,1537,2141,8398,2024-09-07 05:42:39,2024-09-07 06:04:39,UberX,614.45,16.46,4.24,Cancelled
4179,4269,4259,6441,8171,2024-02-26 12:04:48,2024-02-26 12:40:48,UberBlack,523.26,12.94,4.36,Completed
4180,9055,6421,9640,706,2024-10-27 13:37:42,2024-10-27 14:16:42,UberX,727.12,19.87,4.11,Cancelled
4181,5218,1347,4310,2489,2024-10-09 13:44:00,2024-10-09 14:04:00,UberBlack,457.04,2.52,4.12,Cancelled
4182,707,8939,4585,9469,2024-01-31 00:57:32,2024-01-31 01:06:32,UberBlack,496.84,19.3,4.23,Completed
4183,1974,298,6132,9914,2024-03-14 11:17:43,2024-03-14 11:29:43,UberBlack,748.62,9.84,3.51,Completed
4184,3667,4435,4251,7752,2023-11-08 06:07:16,2023-11-08 06:52:16,UberX,600.93,2.64,4.85,Completed
4185,9155,3553,9272,1889,2024-01-02 20:37:02,2024-01-02 21:00:02,UberX,322.45,7.71,4.46,Completed
4186,263,2617,2192,4584,2024-03-23 21:03:40,2024-03-23 21:25:40,UberX,366.15,10.94,4.85,Completed
4187,2398,6025,5570,2710,2024-05-19 09:58:39,2024-05-19 10:39:39,UberPool,189.84,19.52,4.54,Completed
4188,174,9238,4746,2511,2025-05-03 13:27:38,2025-05-03 14:12:38,UberBlack,310.93,16.78,3.85,Completed
4189,1523,9313,3075,7839,2025-06-29 16:20:50,2025-06-29 17:00:50,UberPool,78.18,3.56,3.91,Completed
4190,6639,4580,3629,3083,2024-08-13 09:30:33,2024-08-13 09:46:33,UberBlack,791.56,11.52,4.56,Completed
4191,5268,4632,3590,412,2025-05-18 00:49:55,2025-05-18 01:14:55,UberBlack,56.19,13.56,4.33,Completed
4192,2486,5173,5710,8001,2025-05-08 14:26:50,2025-05-08 14:41:50,UberBlack,254.5,3.95,4.06,Cancelled
4193,6933,7604,4340,321,2023-09-13 18:59:23,2023-09-13 19:06:23,UberPool,616.2,11.89,3.88,Completed
4194,6794,1804,4824,4521,2024-10-15 07:29:43,2024-10-15 07:42:43,UberBlack,589.51,9.6,3.62,Cancelled
4195,1183,4742,5534,5989,2023-10-23 14:47:45,2023-10-23 14:56:45,UberPool,600.87,15.84,3.67,Completed
4196,7792,5360,8440,6184,2025-06-09 19:05:58,2025-06-09 19:15:58,UberX,536.64,16.6,4.75,Completed
4197,7510,8141,6205,6270,2024-08-23 12:30:52,2024-08-23 12:45:52,UberX,345.29,17.89,3.63,Cancelled
4198,3967,6992,2692,3824,2024-08-07 03:54:20,2024-08-07 04:23:20,UberX,628.88,8.1,4.16,Completed
4199,7511,596,997,1966,2024-04-07 02:02:14,2024-04-07 02:47:14,UberBlack,519.46,17.69,3.69,Completed
4200,9175,6342,9070,9944,2025-01-14 15:07:02,2025-01-14 15:40:02,UberX,445.42,5.72,4.58,Completed
4201,7034,1572,5011,9366,2025-01-21 23:25:50,2025-01-21 23:51:50,UberPool,450.5,18.1,4.36,Completed
4202,611,8023,5274,8993,2024-01-21 23:11:04,2024-01-21 23:16:04,UberX,211.34,10.18,3.64,Completed
4203,688,6753,1841,596,2024-03-18 21:58:47,2024-03-18 22:42:47,UberBlack,510.41,10.0,3.9,Completed
4204,1352,1380,3971,9383,2024-01-14 23:33:13,2024-01-15 00:08:13,UberX,589.17,18.33,4.83,Completed
4205,1070,1221,6056,1591,2024-01-23 11:57:59,2024-01-23 12:38:59,UberBlack,339.09,2.59,3.97,Cancelled
4206,1920,9549,155,7281,2024-08-07 06:22:22,2024-08-07 06:51:22,UberBlack,247.28,3.81,4.76,Completed
4207,4283,3055,3603,8820,2024-03-12 21:24:10,2024-03-12 21:38:10,UberPool,525.33,14.63,4.8,Completed
4208,1787,5468,6140,3938,2025-06-23 04:05:40,2025-06-23 04:44:40,UberX,272.89,15.82,3.76,Completed
4209,5139,7789,3009,6472,2024-08-08 10:39:40,2024-08-08 10:45:40,UberPool,567.16,19.42,4.54,Completed
4210,2073,3545,1629,3653,2025-07-10 17:00:38,2025-07-10 17:45:38,UberX,579.19,12.83,4.88,Completed
4211,1071,4812,1347,9959,2025-04-02 13:31:56,2025-04-02 13:52:56,UberX,179.4,10.65,3.7,Completed
4212,3845,3305,137,95,2024-11-30 21:53:28,2024-11-30 22:22:28,UberX,715.29,2.14,3.98,Cancelled
4213,8920,7116,2285,7695,2025-01-03 01:45:33,2025-01-03 02:21:33,UberBlack,197.04,7.56,4.55,Cancelled
4214,7030,4635,5184,2394,2024-12-27 02:16:49,2024-12-27 02:48:49,UberBlack,410.59,13.76,4.43,Completed
4215,5562,3946,1480,9842,2025-02-18 12:24:27,2025-02-18 12:36:27,UberX,387.47,9.87,4.15,Completed
4216,6097,2730,9777,3358,2024-10-27 20:28:49,2024-10-27 21:02:49,UberPool,418.65,7.05,4.72,Completed
4217,5770,1874,3442,6154,2025-06-10 00:53:39,2025-06-10 01:23:39,UberBlack,727.05,15.83,3.57,Completed
4218,9447,9768,4162,85,2025-03-07 16:05:47,2025-03-07 16:50:47,UberPool,107.22,2.67,4.84,Completed
4219,7069,9479,8950,7533,2024-03-09 03:18:23,2024-03-09 03:35:23,UberBlack,765.37,16.77,4.61,Completed
4220,6344,5178,1424,8459,2025-03-10 03:40:12,2025-03-10 04:23:12,UberX,551.36,15.16,3.85,Completed
4221,1559,3260,6263,7719,2025-05-25 16:15:56,2025-05-25 16:43:56,UberX,292.82,13.19,4.84,Completed
4222,9,1704,3269,8674,2025-06-03 08:42:56,2025-06-03 09:21:56,UberBlack,435.49,7.91,3.79,Completed
4223,3730,7655,6539,7951,2024-04-08 21:17:12,2024-04-08 21:55:12,UberBlack,476.31,19.72,4.65,Cancelled
4224,6818,9587,2678,2825,2024-05-13 08:13:39,2024-05-13 08:31:39,UberX,121.33,19.58,3.65,No Show
4225,5446,2911,3961,4434,2025-03-28 20:56:36,2025-03-28 21:01:36,UberPool,255.33,6.15,3.94,Completed
4226,1507,2072,1196,2022,2024-01-26 05:41:08,2024-01-26 05:57:08,UberPool,289.53,17.95,4.1,Cancelled
4227,9428,7321,5784,6731,2023-08-26 05:30:16,2023-08-26 05:41:16,UberBlack,142.92,4.63,4.03,Completed
4228,3544,9531,6593,3552,2024-10-31 23:09:09,2024-10-31 23:27:09,UberBlack,484.46,10.26,4.63,Completed
4229,9874,8198,7924,8075,2024-05-18 19:05:59,2024-05-18 19:34:59,UberPool,126.33,16.8,4.67,Completed
4230,9781,4189,2622,5098,2023-11-24 22:21:22,2023-11-24 22:32:22,UberBlack,55.49,8.78,3.55,Completed
4231,8445,1343,1111,3948,2024-12-07 19:45:27,2024-12-07 20:16:27,UberX,355.19,1.67,4.08,Completed
4232,2760,123,646,1323,2024-08-08 08:23:51,2024-08-08 08:33:51,UberPool,575.71,7.95,4.51,Completed
4233,9605,8668,4018,4323,2024-06-24 06:19:54,2024-06-24 06:52:54,UberX,393.84,2.1,3.62,Completed
4234,43,822,3788,99,2023-10-23 22:15:09,2023-10-23 22:53:09,UberPool,300.12,5.25,3.57,Completed
4235,5391,4562,6020,5777,2025-01-18 12:33:32,2025-01-18 12:45:32,UberX,484.55,5.22,4.68,Completed
4236,2225,2664,6906,7088,2024-02-08 09:49:05,2024-02-08 10:15:05,UberBlack,82.07,1.49,4.22,Completed
4237,5854,864,6841,9323,2024-10-06 21:54:43,2024-10-06 22:17:43,UberBlack,499.1,1.7,3.99,Completed
4238,4509,8982,8060,1943,2023-08-07 04:38:45,2023-08-07 04:59:45,UberPool,522.77,2.39,3.52,Completed
4239,2083,5617,5175,8333,2025-05-06 03:38:43,2025-05-06 03:54:43,UberPool,607.0,5.21,4.09,Completed
4240,6111,8255,8986,6367,2023-09-22 17:24:55,2023-09-22 18:08:55,UberBlack,412.11,5.88,4.66,Completed
4241,8459,7308,1591,1280,2025-02-06 02:59:48,2025-02-06 03:33:48,UberPool,594.48,7.32,4.16,Completed
4242,1091,5413,2697,376,2024-05-21 14:21:34,2024-05-21 14:49:34,UberPool,246.48,10.65,4.66,Completed
4243,7062,7484,8820,2161,2024-06-18 03:38:16,2024-06-18 04:04:16,UberX,279.56,15.67,4.88,Completed
4244,1234,2785,4652,7015,2024-02-06 10:36:28,2024-02-06 10:43:28,UberPool,759.69,11.68,4.92,Cancelled
4245,3316,4655,9880,3705,2024-02-21 22:46:14,2024-02-21 23:30:14,UberBlack,689.77,9.38,4.32,Cancelled
4246,6805,7170,5719,39,2024-07-22 01:18:12,2024-07-22 01:44:12,UberPool,273.23,10.42,4.7,Completed
4247,1400,3515,4032,8196,2024-03-06 11:58:21,2024-03-06 12:29:21,UberX,409.91,4.79,3.77,Completed
4248,4461,9160,2420,3322,2025-01-22 17:01:17,2025-01-22 17:36:17,UberX,546.53,6.95,3.64,Completed
4249,7277,1134,5934,7884,2025-04-08 16:41:01,2025-04-08 17:00:01,UberBlack,167.3,4.67,3.66,Completed
4250,2987,5051,263,880,2025-01-27 14:32:44,2025-01-27 14:45:44,UberBlack,459.73,19.08,4.53,Completed
4251,6784,3342,2946,7923,2024-02-05 23:19:02,2024-02-06 00:04:02,UberX,301.43,12.0,3.73,Completed
4252,2124,4809,9789,3634,2024-09-24 17:30:26,2024-09-24 17:44:26,UberPool,372.02,14.38,4.7,Completed
4253,8565,821,2183,6931,2025-06-07 03:44:29,2025-06-07 03:50:29,UberBlack,413.19,17.06,4.86,Completed
4254,3564,7229,1234,1615,2025-07-17 11:02:44,2025-07-17 11:34:44,UberX,69.21,14.51,3.69,Cancelled
4255,3081,246,6995,892,2023-12-02 17:15:04,2023-12-02 17:32:04,UberBlack,364.82,3.68,4.28,Completed
4256,5909,7203,8589,4539,2024-10-11 14:26:43,2024-10-11 15:08:43,UberPool,471.18,14.64,4.69,Completed
4257,8601,2608,1136,735,2025-02-19 03:06:35,2025-02-19 03:48:35,UberBlack,207.5,12.47,3.84,Completed
4258,5993,3717,6093,3051,2024-08-28 08:15:16,2024-08-28 08:34:16,UberX,120.15,17.47,4.0,Completed
4259,6688,2890,8308,5678,2023-11-20 10:43:59,2023-11-20 10:49:59,UberBlack,225.43,7.23,4.65,Cancelled
4260,9128,4410,6244,802,2024-04-20 08:35:58,2024-04-20 08:46:58,UberPool,85.76,13.57,3.72,Completed
4261,5106,781,2700,1708,2024-10-20 14:24:32,2024-10-20 15:08:32,UberBlack,489.88,12.91,4.87,Completed
4262,6445,9718,651,8034,2024-11-19 02:11:49,2024-11-19 02:28:49,UberX,192.67,7.99,4.54,Completed
4263,2515,4340,706,6296,2024-08-06 08:42:04,2024-08-06 08:55:04,UberX,134.4,3.93,4.36,Completed
4264,9334,8902,4088,4791,2024-09-27 04:16:17,2024-09-27 04:29:17,UberPool,129.33,16.71,3.67,Completed
4265,2495,2011,3232,2018,2024-05-15 19:06:34,2024-05-15 19:22:34,UberPool,453.39,2.71,4.94,Completed
4266,7626,3004,7855,6160,2024-03-28 12:58:37,2024-03-28 13:25:37,UberPool,592.77,16.38,4.72,Cancelled
4267,4088,5852,2537,4364,2024-05-04 17:36:51,2024-05-04 17:51:51,UberPool,288.0,14.2,4.17,Completed
4268,6467,7638,2837,4919,2025-04-13 15:00:37,2025-04-13 15:42:37,UberBlack,183.14,12.84,4.49,Completed
4269,5399,7396,2734,8502,2024-04-30 19:44:16,2024-04-30 20:24:16,UberX,554.54,10.82,4.17,Completed
4270,2210,6903,4402,5153,2024-04-07 23:24:36,2024-04-08 00:03:36,UberX,318.14,19.76,4.74,Completed
4271,7445,7006,2145,856,2023-08-19 13:14:49,2023-08-19 13:54:49,UberBlack,222.38,10.8,4.28,Completed
4272,1487,6946,333,8532,2025-08-02 09:35:38,2025-08-02 10:06:38,UberX,178.2,8.73,4.48,Completed
4273,9851,1251,4614,207,2024-04-02 08:39:09,2024-04-02 09:10:09,UberBlack,719.96,16.91,3.7,Cancelled
4274,5509,5977,6227,2494,2025-05-17 08:32:39,2025-05-17 09:14:39,UberPool,386.3,8.06,3.84,Completed
4275,1951,4147,9491,7134,2025-07-24 03:42:07,2025-07-24 03:57:07,UberBlack,135.26,10.71,4.61,Completed
4276,5595,1911,6112,3100,2023-10-29 07:06:59,2023-10-29 07:46:59,UberPool,765.37,15.53,4.36,Completed
4277,8604,3888,4805,7606,2025-03-27 05:40:57,2025-03-27 05:58:57,UberPool,339.18,11.82,3.76,Completed
4278,1088,6985,2009,3304,2024-04-06 02:03:56,2024-04-06 02:14:56,UberPool,589.19,15.44,3.68,Completed
4279,6933,8151,5995,40,2024-10-04 01:49:07,2024-10-04 02:11:07,UberBlack,580.81,18.48,3.59,Cancelled
4280,7427,9068,2659,8572,2025-03-19 04:44:19,2025-03-19 05:29:19,UberX,264.03,1.22,4.15,Completed
4281,4496,6340,5749,4498,2024-08-17 04:12:51,2024-08-17 04:19:51,UberX,318.53,18.73,3.75,Completed
4282,8622,994,7247,3381,2024-12-19 03:53:37,2024-12-19 04:07:37,UberPool,719.79,15.17,3.99,Completed
4283,940,981,5738,3879,2024-11-14 06:32:47,2024-11-14 07:09:47,UberBlack,61.39,5.22,4.13,Completed
4284,2508,3339,4796,391,2025-04-09 16:30:34,2025-04-09 16:48:34,UberX,69.36,14.34,3.57,Completed
4285,4498,5513,3037,3819,2025-07-16 19:46:21,2025-07-16 20:31:21,UberBlack,282.43,12.39,3.82,Completed
4286,3900,6660,8217,9640,2023-08-27 13:45:56,2023-08-27 14:11:56,UberX,524.31,10.8,4.64,No Show
4287,6613,3109,5578,4787,2025-04-05 03:57:02,2025-04-05 04:33:02,UberPool,380.7,15.19,3.62,Completed
4288,9208,532,4377,3095,2024-03-09 22:40:01,2024-03-09 23:24:01,UberBlack,702.93,2.02,3.63,Completed
4289,5851,4044,8490,8150,2024-08-31 21:55:21,2024-08-31 22:22:21,UberPool,128.19,1.38,3.58,Completed
4290,302,3345,207,5920,2025-04-21 23:00:34,2025-04-21 23:45:34,UberPool,436.6,1.75,4.47,Completed
4291,1160,9442,9340,5975,2023-09-15 03:09:50,2023-09-15 03:30:50,UberPool,52.42,9.76,4.93,Completed
4292,5191,3164,4477,4168,2025-07-04 23:44:42,2025-07-05 00:28:42,UberX,793.42,6.97,4.78,Completed
4293,8569,5182,1533,3119,2024-05-27 01:31:45,2024-05-27 01:56:45,UberX,326.26,17.54,4.12,Completed
4294,405,123,9186,9784,2023-09-05 09:04:39,2023-09-05 09:21:39,UberPool,466.89,7.67,4.44,Completed
4295,8917,6432,997,6433,2025-03-30 10:55:46,2025-03-30 11:25:46,UberPool,368.44,4.74,4.14,Completed
4296,5147,7863,660,2437,2024-06-11 07:55:11,2024-06-11 08:30:11,UberBlack,682.07,9.35,4.75,Cancelled
4297,1603,2689,9008,4846,2024-08-03 05:28:25,2024-08-03 06:05:25,UberPool,103.16,18.14,3.89,Completed
4298,4782,8596,9168,9637,2025-04-30 11:37:36,2025-04-30 11:49:36,UberPool,111.62,2.99,3.86,Completed
4299,4792,8000,2920,3041,2024-12-27 15:06:21,2024-12-27 15:15:21,UberX,485.02,6.48,3.65,Cancelled
4300,9378,21,7205,755,2024-11-10 06:21:28,2024-11-10 06:56:28,UberBlack,130.88,1.85,4.46,Completed
4301,4672,3565,9949,2925,2025-02-21 04:09:27,2025-02-21 04:37:27,UberBlack,80.48,8.65,4.32,Completed
4302,3777,309,8354,6789,2023-12-22 18:13:08,2023-12-22 18:29:08,UberBlack,461.49,3.26,4.77,Completed
4303,9929,9970,3791,2612,2025-06-23 07:08:04,2025-06-23 07:47:04,UberX,736.22,16.59,4.73,Completed
4304,6887,2236,9938,3409,2024-03-10 03:21:48,2024-03-10 03:30:48,UberX,559.65,16.12,4.96,Completed
4305,1636,9646,974,848,2025-02-05 22:49:09,2025-02-05 23:05:09,UberPool,146.14,12.17,3.65,Completed
4306,5528,4252,3457,4891,2024-02-24 08:05:17,2024-02-24 08:21:17,UberX,530.42,8.11,4.31,Cancelled
4307,1837,9813,1161,8719,2024-11-17 00:23:28,2024-11-17 00:42:28,UberX,141.76,2.02,4.53,Completed
4308,322,7326,3317,4136,2025-01-24 12:39:08,2025-01-24 13:00:08,UberBlack,597.81,13.12,3.96,Completed
4309,3424,4922,8361,120,2024-01-28 15:09:07,2024-01-28 15:45:07,UberPool,722.5,7.82,3.91,Completed
4310,5477,587,5931,5215,2024-11-21 01:01:31,2024-11-21 01:41:31,UberPool,331.5,6.04,3.72,Completed
4311,384,5947,7781,2697,2023-11-13 08:41:45,2023-11-13 08:59:45,UberBlack,118.32,5.74,3.91,Completed
4312,2515,7040,9211,8435,2024-01-02 15:24:55,2024-01-02 15:48:55,UberX,255.55,8.05,4.93,Completed
4313,1121,3612,4904,9067,2023-10-12 02:28:24,2023-10-12 02:33:24,UberX,444.06,19.34,4.68,Completed
4314,3374,3776,2323,6691,2024-10-09 17:18:25,2024-10-09 17:28:25,UberX,494.97,18.36,3.51,Completed
4315,6452,153,4808,7302,2023-11-17 20:18:49,2023-11-17 20:36:49,UberBlack,687.0,7.05,4.29,Completed
4316,1663,8877,7780,4330,2023-08-11 04:27:17,2023-08-11 04:51:17,UberX,103.05,9.86,4.65,Completed
4317,377,3928,8880,9769,2024-04-17 11:54:41,2024-04-17 12:17:41,UberPool,352.19,3.97,4.27,Completed
4318,7650,9718,8379,8502,2025-06-20 11:36:03,2025-06-20 11:53:03,UberBlack,309.4,15.61,3.79,Completed
4319,7173,7601,5627,1019,2025-05-29 18:27:15,2025-05-29 18:47:15,UberX,372.49,12.4,4.41,Completed
4320,2549,1929,7629,1059,2024-11-14 09:57:48,2024-11-14 10:40:48,UberX,447.46,18.67,4.66,Completed
4321,4324,4303,6672,5199,2023-09-14 19:55:13,2023-09-14 20:08:13,UberBlack,277.99,11.63,4.14,Completed
4322,3491,4583,951,5022,2024-03-25 09:14:10,2024-03-25 09:21:10,UberX,338.74,3.42,4.6,Completed
4323,6394,6033,9709,1408,2025-08-03 05:52:08,2025-08-03 05:57:08,UberX,196.9,6.43,4.89,Completed
4324,4656,5983,4824,7432,2024-06-10 00:34:30,2024-06-10 01:18:30,UberBlack,585.6,7.34,4.28,Completed
4325,95,5203,1881,2681,2024-10-02 01:13:10,2024-10-02 01:19:10,UberBlack,443.59,11.96,3.76,Cancelled
4326,3177,6619,4383,8105,2025-06-18 16:36:55,2025-06-18 16:41:55,UberPool,709.95,15.69,4.72,Completed
4327,3930,8528,8435,4465,2025-02-25 14:37:24,2025-02-25 14:50:24,UberBlack,509.52,5.02,4.13,Completed
4328,7861,1502,6664,1442,2024-03-22 16:07:31,2024-03-22 16:48:31,UberX,406.79,3.12,4.46,Completed
4329,4842,736,9745,8232,2025-05-06 19:44:06,2025-05-06 20:25:06,UberBlack,512.59,7.27,4.21,Cancelled
4330,5522,8946,8264,6735,2023-09-09 01:42:20,2023-09-09 02:03:20,UberBlack,682.78,2.13,4.43,Completed
4331,872,5055,4433,3047,2025-04-05 01:55:55,2025-04-05 02:06:55,UberPool,661.79,14.6,3.83,Completed
4332,7142,1953,6531,4065,2024-09-01 15:58:01,2024-09-01 16:16:01,UberX,714.57,12.38,3.83,Completed
4333,1296,6493,8116,9440,2025-01-23 12:52:07,2025-01-23 13:31:07,UberBlack,269.61,11.12,4.41,Completed
4334,6144,3354,8886,8019,2025-07-19 17:38:24,2025-07-19 18:02:24,UberBlack,537.59,7.46,3.68,Completed
4335,8205,988,6132,1756,2024-10-26 18:29:25,2024-10-26 19:00:25,UberBlack,268.97,17.28,4.46,Completed
4336,380,7486,4646,7085,2024-03-20 23:57:14,2024-03-21 00:21:14,UberX,596.73,3.19,4.61,Cancelled
4337,1333,9653,3271,4088,2025-04-12 20:54:12,2025-04-12 21:30:12,UberBlack,87.61,6.09,4.89,Completed
4338,2315,6393,1804,6350,2023-08-07 03:58:52,2023-08-07 04:18:52,UberPool,100.68,9.78,4.13,Completed
4339,3636,4708,5734,5364,2024-11-28 10:31:54,2024-11-28 10:42:54,UberPool,775.16,5.89,4.4,Completed
4340,6388,1616,4626,6089,2024-02-21 22:26:24,2024-02-21 22:39:24,UberBlack,474.69,9.17,4.47,Completed
4341,4767,3861,8035,516,2025-06-20 14:13:19,2025-06-20 14:23:19,UberX,282.14,9.55,3.65,Completed
4342,6230,2673,8182,5099,2025-07-13 09:45:20,2025-07-13 09:59:20,UberX,430.41,8.42,5.0,Completed
4343,3959,6649,7107,4651,2024-01-05 23:13:22,2024-01-05 23:31:22,UberPool,96.03,14.86,4.91,Completed
4344,7127,9946,8163,7484,2025-06-08 04:51:09,2025-06-08 05:02:09,UberPool,711.62,9.38,3.57,Completed
4345,281,110,1485,2853,2024-02-27 04:28:00,2024-02-27 05:08:00,UberX,65.57,6.69,3.6,Cancelled
4346,604,1322,250,8295,2024-08-23 08:33:34,2024-08-23 08:48:34,UberPool,596.14,14.25,4.98,Completed
4347,6650,3606,5552,4692,2025-04-27 22:51:28,2025-04-27 23:24:28,UberBlack,59.17,3.34,4.11,Completed
4348,5460,6224,9309,5467,2024-02-29 03:52:50,2024-02-29 04:24:50,UberBlack,396.61,11.89,4.22,Completed
4349,8460,7044,6086,7361,2025-07-08 06:09:57,2025-07-08 06:31:57,UberPool,645.16,7.4,4.28,No Show
4350,5244,2592,778,8933,2025-07-30 23:16:37,2025-07-30 23:35:37,UberBlack,697.17,14.72,4.2,Completed
4351,2554,9259,2709,7628,2025-06-02 08:22:31,2025-06-02 08:39:31,UberBlack,322.14,9.63,4.21,Completed
4352,8299,8396,7272,2468,2025-05-28 03:11:09,2025-05-28 03:37:09,UberX,358.75,16.34,4.55,Completed
4353,6262,8807,4021,9501,2024-08-19 01:21:37,2024-08-19 01:58:37,UberX,257.99,7.9,3.81,Completed
4354,8661,6058,3544,9311,2024-12-01 04:51:15,2024-12-01 05:11:15,UberX,550.27,6.8,3.5,Completed
4355,750,6433,7761,3269,2025-03-25 14:45:48,2025-03-25 15:21:48,UberPool,395.74,18.55,4.08,Completed
4356,840,8615,6280,4426,2025-02-28 01:36:42,2025-02-28 02:19:42,UberX,83.5,19.08,4.29,Completed
4357,3098,3255,8866,3738,2024-08-16 07:47:59,2024-08-16 07:55:59,UberPool,261.08,10.36,3.96,No Show
4358,1867,6821,2525,3719,2024-10-18 07:54:28,2024-10-18 08:25:28,UberBlack,328.83,12.86,4.64,Completed
4359,8129,5321,5227,7346,2024-08-15 20:26:58,2024-08-15 20:47:58,UberPool,723.39,16.8,3.74,Completed
4360,4392,7334,2810,3659,2024-09-09 02:35:41,2024-09-09 03:11:41,UberX,643.5,1.58,4.9,Completed
4361,5436,4583,3419,262,2023-11-30 12:10:48,2023-11-30 12:29:48,UberPool,511.15,2.93,3.92,Cancelled
4362,8629,7655,7587,1854,2024-06-27 03:16:39,2024-06-27 03:36:39,UberX,512.28,5.63,4.82,Completed
4363,4389,5964,3468,3211,2024-09-04 20:05:37,2024-09-04 20:37:37,UberBlack,344.92,19.48,4.59,Completed
4364,2792,4008,20,9903,2025-06-08 13:49:49,2025-06-08 14:18:49,UberBlack,374.39,4.43,3.65,Completed
4365,9090,6949,5575,7323,2024-06-30 16:09:58,2024-06-30 16:48:58,UberX,451.37,6.67,3.99,Completed
4366,815,8943,8337,7030,2023-12-04 11:44:04,2023-12-04 11:53:04,UberBlack,79.0,9.87,4.12,Completed
4367,8304,2359,4202,6474,2024-03-22 06:53:34,2024-03-22 07:03:34,UberPool,293.88,7.09,3.84,Completed
4368,5822,349,1346,41,2024-04-12 22:23:30,2024-04-12 22:55:30,UberBlack,323.92,10.81,4.07,Completed
4369,4040,7110,8550,2264,2025-07-20 08:42:10,2025-07-20 08:57:10,UberPool,339.79,18.34,4.7,Completed
4370,3428,9727,3445,1732,2025-06-09 11:25:05,2025-06-09 11:38:05,UberBlack,509.51,17.16,3.68,Completed
4371,2922,5791,4009,147,2024-09-11 17:31:48,2024-09-11 17:37:48,UberX,302.58,9.07,4.12,Completed
4372,4868,3438,3819,1111,2024-01-03 10:25:50,2024-01-03 11:06:50,UberPool,256.51,15.11,4.18,Cancelled
4373,1154,8421,6873,4771,2023-09-30 16:04:53,2023-09-30 16:41:53,UberPool,277.98,18.65,3.9,Cancelled
4374,4836,1892,3270,5433,2025-01-18 03:01:43,2025-01-18 03:33:43,UberPool,60.59,2.42,4.85,Completed
4375,9414,5743,5447,4566,2024-03-22 14:36:35,2024-03-22 14:47:35,UberBlack,161.56,1.51,4.95,Completed
4376,3203,9996,130,5568,2023-09-01 19:25:22,2023-09-01 19:50:22,UberX,209.24,13.35,4.39,Completed
4377,8655,4666,260,4500,2024-10-27 04:40:52,2024-10-27 04:51:52,UberPool,116.2,9.68,4.05,Completed
4378,5440,9692,1062,5855,2023-11-04 10:23:31,2023-11-04 10:57:31,UberPool,252.33,1.32,4.74,Completed
4379,408,8173,8875,3126,2025-01-19 01:42:07,2025-01-19 01:52:07,UberPool,188.8,18.63,4.48,Completed
4380,8033,56,2523,2863,2024-12-14 06:42:45,2024-12-14 07:24:45,UberPool,614.82,7.38,3.72,Completed
4381,3830,2829,1621,4238,2024-07-14 00:56:51,2024-07-14 01:36:51,UberPool,462.86,12.97,4.05,Cancelled
4382,6895,9289,8295,4270,2023-10-30 03:29:19,2023-10-30 03:41:19,UberBlack,191.64,14.64,4.92,Completed
4383,7716,9062,5499,6309,2024-03-02 06:58:30,2024-03-02 07:40:30,UberBlack,579.06,1.28,4.33,Completed
4384,6530,5134,9870,2090,2024-08-14 17:33:57,2024-08-14 17:41:57,UberBlack,765.55,19.03,4.65,Completed
4385,7483,8266,6178,7877,2023-12-19 09:25:32,2023-12-19 09:51:32,UberPool,335.82,9.97,4.47,Completed
4386,4404,8867,2045,7637,2024-07-12 14:15:03,2024-07-12 14:26:03,UberPool,683.86,12.67,4.07,Completed
4387,9823,1279,9763,128,2023-09-01 08:45:16,2023-09-01 09:19:16,UberPool,348.3,3.28,4.91,Completed
4388,5419,3490,533,8318,2024-02-04 21:05:06,2024-02-04 21:24:06,UberBlack,616.91,8.78,4.15,Cancelled
4389,4461,8592,5082,9631,2025-03-26 14:51:00,2025-03-26 15:22:00,UberX,246.19,16.4,4.05,Cancelled
4390,9683,8667,2747,7918,2025-07-05 07:01:34,2025-07-05 07:06:34,UberPool,66.3,12.33,4.67,Completed
4391,9969,2533,958,2491,2024-11-29 22:32:06,2024-11-29 22:55:06,UberPool,287.93,8.25,3.94,Completed
4392,9436,4312,9691,8850,2024-01-06 09:37:17,2024-01-06 09:48:17,UberBlack,689.47,13.91,4.01,Completed
4393,7977,7398,4418,4029,2024-11-05 07:25:41,2024-11-05 07:48:41,UberX,88.78,12.65,4.71,Cancelled
4394,6892,309,3610,4386,2024-05-11 02:10:07,2024-05-11 02:48:07,UberX,769.62,5.23,4.79,Completed
4395,4336,3219,1414,5993,2024-02-27 21:39:14,2024-02-27 21:54:14,UberBlack,125.98,14.97,4.22,Completed
4396,1920,7124,4158,4973,2024-12-04 22:59:37,2024-12-04 23:36:37,UberBlack,314.06,1.15,4.2,Completed
4397,4120,9143,5464,6446,2024-11-05 05:47:16,2024-11-05 06:25:16,UberBlack,260.93,8.19,4.15,Cancelled
4398,8295,4574,4493,3594,2025-02-22 11:07:01,2025-02-22 11:47:01,UberBlack,432.35,15.68,4.59,Completed
4399,4686,4098,9256,8946,2024-10-10 15:10:46,2024-10-10 15:19:46,UberBlack,666.5,14.25,4.71,Completed
4400,2352,1780,3498,8367,2024-12-23 20:39:27,2024-12-23 21:24:27,UberPool,662.5,9.64,4.91,Completed
4401,429,6249,435,8627,2024-02-10 03:17:43,2024-02-10 03:48:43,UberBlack,591.38,10.25,3.55,Completed
4402,3573,587,3414,2668,2024-04-10 17:53:51,2024-04-10 18:22:51,UberX,197.16,16.13,4.5,Completed
4403,7761,1652,7174,6963,2024-01-09 09:39:52,2024-01-09 10:22:52,UberBlack,448.23,8.73,4.21,Completed
4404,9458,3897,311,9064,2024-01-30 21:17:31,2024-01-30 21:57:31,UberBlack,320.3,2.06,3.99,Completed
4405,2029,685,2420,8274,2024-06-17 18:42:53,2024-06-17 18:58:53,UberX,411.43,7.99,3.72,Completed
4406,8502,5819,8710,7651,2023-11-22 14:25:34,2023-11-22 14:33:34,UberPool,354.11,15.97,3.77,Cancelled
4407,4369,4245,6003,2457,2023-11-29 07:00:25,2023-11-29 07:08:25,UberBlack,774.3,3.35,4.27,Completed
4408,4861,6056,8800,808,2024-11-30 09:11:51,2024-11-30 09:39:51,UberX,564.48,18.14,4.43,Completed
4409,7146,1469,8228,6119,2024-07-04 14:22:31,2024-07-04 14:27:31,UberBlack,288.63,5.64,4.99,Completed
4410,3659,7334,7320,2454,2024-08-20 01:43:43,2024-08-20 01:51:43,UberBlack,446.27,3.42,4.03,Completed
4411,4549,5132,4146,8596,2024-08-01 20:19:04,2024-08-01 20:26:04,UberBlack,373.05,16.14,4.76,Completed
4412,677,8361,2672,3904,2024-04-13 11:29:09,2024-04-13 11:52:09,UberX,68.79,4.43,4.89,Cancelled
4413,2246,7086,7034,679,2023-09-16 14:29:07,2023-09-16 14:40:07,UberBlack,427.23,15.45,4.74,Completed
4414,4783,1859,5172,211,2024-07-09 15:28:37,2024-07-09 16:11:37,UberX,730.57,9.74,4.29,Completed
4415,1395,8983,4849,9345,2024-01-06 00:30:47,2024-01-06 00:53:47,UberX,261.72,3.24,4.63,Completed
4416,4121,6673,9701,4598,2025-02-25 02:13:11,2025-02-25 02:52:11,UberPool,484.03,19.05,3.56,Completed
4417,9450,4972,6223,5282,2025-02-25 06:41:15,2025-02-25 07:02:15,UberX,330.04,2.05,3.53,Completed
4418,376,8255,8016,3969,2025-06-30 18:33:21,2025-06-30 19:01:21,UberX,83.82,7.28,4.82,Completed
4419,2319,4642,9547,9150,2024-08-11 20:09:44,2024-08-11 20:18:44,UberBlack,765.32,12.06,4.29,Completed
4420,48,437,9531,451,2024-12-26 14:13:11,2024-12-26 14:47:11,UberX,135.63,3.4,3.54,Completed
4421,632,8393,1880,3665,2025-01-22 21:32:14,2025-01-22 21:52:14,UberPool,683.6,10.9,4.41,Completed
4422,1842,9266,4887,8381,2024-11-22 05:16:19,2024-11-22 05:56:19,UberPool,191.36,16.85,3.81,Cancelled
4423,8200,6868,1159,4831,2024-01-20 14:23:52,2024-01-20 15:06:52,UberPool,649.09,18.76,4.11,Completed
4424,6841,20,9984,855,2025-03-11 20:38:50,2025-03-11 21:17:50,UberX,456.35,4.77,4.24,Completed
4425,9375,5907,6202,6180,2025-06-17 11:07:21,2025-06-17 11:21:21,UberPool,196.6,19.61,4.08,Completed
4426,3576,5803,8850,3339,2023-12-18 15:49:46,2023-12-18 16:22:46,UberX,423.51,15.0,4.0,Completed
4427,7438,5348,9543,3126,2025-02-06 08:57:06,2025-02-06 09:31:06,UberX,339.19,16.18,4.34,Completed
4428,9665,2277,8375,333,2025-07-21 03:05:15,2025-07-21 03:12:15,UberPool,145.22,16.33,3.6,Completed
4429,5594,2034,9167,127,2024-12-20 04:50:26,2024-12-20 05:11:26,UberBlack,691.18,18.03,4.76,Completed
4430,1930,1801,49,5931,2024-04-28 02:44:50,2024-04-28 03:12:50,UberPool,487.15,19.32,4.7,Completed
4431,8791,7750,4237,1274,2024-05-17 16:40:42,2024-05-17 17:18:42,UberPool,750.04,8.39,4.68,Completed
4432,6736,8385,3526,2855,2024-02-25 22:44:33,2024-02-25 22:55:33,UberX,340.45,12.12,4.13,Completed
4433,3028,7949,4137,4200,2024-10-25 03:12:45,2024-10-25 03:33:45,UberBlack,560.32,2.02,4.17,Completed
4434,1424,2956,4819,9788,2023-09-10 12:16:48,2023-09-10 12:42:48,UberX,661.74,19.59,4.51,Completed
4435,6795,7544,4615,5048,2024-02-21 00:50:09,2024-02-21 01:01:09,UberX,309.25,14.25,4.23,Completed
4436,5330,8465,3212,2368,2023-10-29 15:28:47,2023-10-29 16:00:47,UberPool,776.18,19.87,4.02,Completed
4437,7799,9064,1520,7026,2025-02-11 11:18:08,2025-02-11 12:01:08,UberPool,566.62,18.17,3.75,Completed
4438,9165,9779,7920,9408,2025-04-19 05:20:21,2025-04-19 05:51:21,UberPool,796.66,10.21,3.93,Completed
4439,8708,3272,4260,5128,2025-03-05 19:44:54,2025-03-05 19:54:54,UberX,582.43,17.87,4.94,Completed
4440,9915,2130,9434,462,2024-10-01 12:57:51,2024-10-01 13:17:51,UberBlack,68.19,15.26,4.58,Completed
4441,6016,445,6792,2566,2024-03-31 09:52:18,2024-03-31 10:19:18,UberPool,658.11,10.46,4.05,Completed
4442,9341,4280,7847,4237,2024-05-11 04:31:15,2024-05-11 04:44:15,UberX,751.91,1.9,4.49,Completed
4443,7746,6316,7033,3836,2024-09-02 06:16:32,2024-09-02 06:49:32,UberX,673.45,18.45,4.2,Completed
4444,7175,280,4799,2190,2025-03-07 18:47:09,2025-03-07 18:55:09,UberX,569.28,15.04,4.7,Completed
4445,8851,5624,8615,6041,2025-02-18 21:09:00,2025-02-18 21:22:00,UberBlack,519.1,6.23,4.06,Completed
4446,9447,7263,9039,5035,2024-06-10 12:55:14,2024-06-10 13:30:14,UberX,525.81,3.17,3.59,Completed
4447,3755,1811,320,1128,2023-12-07 18:48:18,2023-12-07 18:53:18,UberPool,225.07,13.89,3.89,Cancelled
4448,9889,4126,2739,3113,2024-01-07 17:31:04,2024-01-07 18:01:04,UberBlack,138.19,9.08,4.23,Completed
4449,3387,7568,1154,3645,2024-10-19 01:31:42,2024-10-19 02:16:42,UberBlack,210.79,18.44,3.65,Completed
4450,2429,741,7654,2201,2023-10-04 12:00:58,2023-10-04 12:41:58,UberX,591.52,7.32,4.03,Completed
4451,8342,2511,6509,8995,2024-01-05 09:40:15,2024-01-05 10:15:15,UberBlack,98.45,10.48,4.64,Completed
4452,8327,4394,3175,9830,2024-11-29 07:58:39,2024-11-29 08:40:39,UberX,136.45,16.76,4.51,Completed
4453,9945,5543,8467,9569,2024-06-02 15:29:34,2024-06-02 15:45:34,UberBlack,750.72,5.0,4.6,Completed
4454,2970,5779,2451,3155,2024-08-22 23:42:14,2024-08-23 00:09:14,UberPool,333.32,2.55,3.97,Completed
4455,2354,9230,8120,5407,2024-07-14 16:22:27,2024-07-14 16:44:27,UberX,121.01,9.01,4.03,Completed
4456,3750,8663,4500,6232,2024-03-31 05:16:46,2024-03-31 05:30:46,UberBlack,760.63,11.11,3.94,Completed
4457,1166,1134,1835,6579,2024-02-10 02:36:53,2024-02-10 03:13:53,UberX,728.07,4.47,4.25,Completed
4458,5828,9574,4388,2796,2024-02-20 16:29:49,2024-02-20 16:57:49,UberBlack,87.42,5.65,3.94,Completed
4459,366,1988,4468,8096,2025-01-09 16:08:29,2025-01-09 16:18:29,UberPool,589.59,17.31,4.35,Completed
4460,4216,718,9557,4962,2025-05-28 16:55:54,2025-05-28 17:29:54,UberX,490.56,6.65,4.77,Completed
4461,7003,6357,6629,664,2024-12-03 12:00:51,2024-12-03 12:22:51,UberX,304.25,15.3,3.85,Completed
4462,2244,9403,3579,8722,2023-10-26 04:04:01,2023-10-26 04:19:01,UberX,623.84,17.32,4.06,Completed
4463,1055,8751,2465,9146,2025-05-02 23:59:45,2025-05-03 00:43:45,UberBlack,246.64,15.46,4.95,Cancelled
4464,3785,5452,7782,8735,2024-12-22 07:22:09,2024-12-22 08:06:09,UberX,282.45,12.18,4.76,Completed
4465,1979,8220,9908,8761,2024-02-29 12:36:08,2024-02-29 13:05:08,UberBlack,257.92,16.22,4.92,Completed
4466,7188,7000,5122,9314,2024-05-23 20:51:44,2024-05-23 21:08:44,UberX,322.87,10.93,4.22,Completed
4467,2061,2674,2548,2628,2025-06-17 14:38:44,2025-06-17 15:14:44,UberX,710.5,19.14,4.36,Completed
4468,5586,3696,7292,3898,2024-07-12 22:53:29,2024-07-12 23:29:29,UberBlack,542.64,16.25,4.4,Cancelled
4469,652,6039,1216,9978,2023-09-30 02:05:15,2023-09-30 02:21:15,UberBlack,168.25,19.05,4.89,Completed
4470,203,7635,3685,1965,2024-08-26 06:29:58,2024-08-26 06:34:58,UberX,294.96,14.71,3.68,Completed
4471,8695,9686,2416,340,2024-12-26 13:10:47,2024-12-26 13:35:47,UberX,759.15,13.49,4.91,Cancelled
4472,5522,8013,3597,1258,2023-08-13 15:32:03,2023-08-13 15:46:03,UberPool,446.07,14.98,3.88,Completed
4473,2356,5943,1320,6629,2023-09-27 15:54:54,2023-09-27 16:26:54,UberPool,242.98,14.92,4.76,Completed
4474,4227,7548,3062,1237,2025-07-26 10:58:35,2025-07-26 11:33:35,UberBlack,437.58,14.79,3.54,Completed
4475,5866,7635,2808,5492,2024-07-09 22:30:21,2024-07-09 23:06:21,UberBlack,325.78,10.73,4.07,Completed
4476,9146,2164,9916,6505,2024-03-24 07:50:51,2024-03-24 08:20:51,UberBlack,707.6,2.48,4.78,Completed
4477,276,148,7879,2691,2024-04-12 14:48:51,2024-04-12 14:59:51,UberX,469.19,15.43,4.53,Completed
4478,3726,5473,8890,2643,2023-12-15 08:45:51,2023-12-15 08:57:51,UberX,738.14,1.54,4.92,Completed
4479,2267,4684,4467,3819,2025-06-11 09:37:51,2025-06-11 09:53:51,UberPool,109.32,9.84,4.37,No Show
4480,4184,5344,9400,5016,2025-03-05 05:37:27,2025-03-05 05:49:27,UberPool,53.22,15.11,4.27,Completed
4481,7200,7901,9671,8620,2024-08-14 12:13:44,2024-08-14 12:48:44,UberX,479.95,11.64,4.84,Completed
4482,6050,3379,4398,2647,2024-01-15 17:08:59,2024-01-15 17:41:59,UberX,728.84,12.44,3.63,Cancelled
4483,591,7592,8029,7324,2024-05-02 21:07:44,2024-05-02 21:20:44,UberX,641.36,13.55,4.5,Completed
4484,7133,6948,9515,4814,2023-11-23 18:25:28,2023-11-23 18:36:28,UberX,368.9,1.7,3.67,Cancelled
4485,5425,1968,7635,3205,2024-12-08 16:09:06,2024-12-08 16:20:06,UberX,284.08,1.59,4.41,Completed
4486,5985,323,436,5921,2025-07-14 04:51:05,2025-07-14 04:57:05,UberX,235.26,15.51,4.74,Completed
4487,6666,8323,682,4741,2025-03-15 21:50:22,2025-03-15 21:56:22,UberX,64.16,11.82,4.33,Completed
4488,8995,2297,3978,2379,2024-11-16 12:37:44,2024-11-16 13:17:44,UberBlack,525.04,1.29,4.11,Completed
4489,2725,4924,4483,5219,2025-05-08 08:30:23,2025-05-08 09:08:23,UberPool,101.62,4.04,3.85,Completed
4490,4781,2360,2732,2112,2023-08-17 05:23:30,2023-08-17 05:39:30,UberPool,378.08,9.32,3.87,Completed
4491,6060,699,3188,8542,2023-09-26 18:38:33,2023-09-26 19:20:33,UberPool,260.26,4.16,4.95,Completed
4492,5311,284,4790,1107,2024-01-27 04:58:43,2024-01-27 05:17:43,UberPool,170.8,2.74,3.86,No Show
4493,9778,7497,5556,3772,2024-01-13 09:30:20,2024-01-13 10:13:20,UberBlack,572.21,19.38,4.48,Completed
4494,9012,2007,1778,5277,2024-03-20 03:22:41,2024-03-20 04:07:41,UberX,760.05,15.82,4.96,Completed
4495,6335,3915,5997,3123,2025-02-07 08:54:17,2025-02-07 09:04:17,UberX,479.11,8.64,4.01,Completed
4496,5236,3901,4470,6652,2025-03-08 02:44:45,2025-03-08 02:54:45,UberX,156.36,7.83,3.96,Completed
4497,3348,1600,2207,2570,2024-01-28 21:02:27,2024-01-28 21:30:27,UberPool,521.15,15.45,4.69,Completed
4498,1732,793,967,1847,2025-02-18 13:21:06,2025-02-18 13:44:06,UberPool,561.85,10.2,4.93,Completed
4499,3639,4488,7564,4265,2024-05-30 12:46:14,2024-05-30 13:23:14,UberX,622.38,13.78,4.99,Completed
4500,9155,9282,6720,1594,2024-11-03 03:20:53,2024-11-03 04:00:53,UberBlack,604.48,18.98,4.26,Completed
4501,3213,6369,5761,9827,2024-03-23 23:45:03,2024-03-23 23:54:03,UberPool,156.89,9.33,3.92,Completed
4502,4226,2353,528,2138,2025-06-25 01:16:49,2025-06-25 02:01:49,UberX,104.82,12.79,3.65,Completed
4503,2524,9620,1517,4327,2024-05-30 09:55:26,2024-05-30 10:05:26,UberX,694.4,1.44,3.62,Completed
4504,4670,5211,891,2696,2024-03-16 21:53:40,2024-03-16 22:07:40,UberBlack,629.46,14.87,4.12,Completed
4505,9166,5080,9043,6981,2024-04-29 01:06:54,2024-04-29 01:23:54,UberX,206.31,1.38,3.59,Completed
4506,3560,8363,9608,7569,2024-10-19 21:24:12,2024-10-19 21:32:12,UberX,72.35,19.29,4.35,Completed
4507,140,1806,1920,3989,2024-03-14 16:30:43,2024-03-14 17:02:43,UberX,115.21,16.73,4.64,Completed
4508,6694,640,5081,7277,2024-02-21 08:16:32,2024-02-21 08:43:32,UberBlack,335.17,8.52,3.79,No Show
4509,1352,1139,879,7869,2024-05-14 09:44:50,2024-05-14 10:14:50,UberBlack,621.74,15.73,4.8,Cancelled
4510,3704,7355,4769,528,2023-09-14 17:10:06,2023-09-14 17:55:06,UberX,230.04,16.2,4.52,Completed
4511,1596,6480,4523,8733,2023-08-09 06:55:13,2023-08-09 07:20:13,UberPool,763.82,9.26,4.78,Completed
4512,1695,8368,1124,8273,2024-03-26 12:32:56,2024-03-26 12:55:56,UberPool,351.0,1.13,4.89,No Show
4513,7501,401,7987,2938,2023-08-28 17:35:24,2023-08-28 18:05:24,UberX,649.26,7.24,4.75,Completed
4514,4016,3749,1817,4650,2023-10-28 07:38:06,2023-10-28 08:11:06,UberBlack,353.26,6.32,4.11,Cancelled
4515,8941,8864,3761,4771,2024-07-18 04:46:34,2024-07-18 05:25:34,UberPool,721.95,13.46,4.8,Completed
4516,8634,1135,9049,4854,2024-07-21 17:38:32,2024-07-21 18:02:32,UberBlack,299.57,19.52,4.52,Completed
4517,6034,2651,2527,9209,2025-05-05 07:21:40,2025-05-05 07:43:40,UberX,216.12,15.75,4.35,Completed
4518,3711,1925,624,3928,2025-01-24 01:43:59,2025-01-24 02:11:59,UberBlack,184.24,18.93,3.97,Completed
4519,9447,3274,306,161,2024-06-23 01:08:32,2024-06-23 01:37:32,UberX,795.03,10.74,4.51,No Show
4520,4728,2787,4209,2986,2025-06-14 10:19:25,2025-06-14 10:37:25,UberX,229.67,13.35,3.81,Completed
4521,3418,7828,4542,2284,2024-07-26 20:53:20,2024-07-26 21:05:20,UberPool,763.11,14.76,4.37,Cancelled
4522,854,7728,9878,9106,2025-04-27 19:01:04,2025-04-27 19:23:04,UberX,323.55,1.57,4.36,Completed
4523,8681,9795,8715,4545,2024-05-21 22:42:48,2024-05-21 23:10:48,UberX,284.51,14.34,4.59,Completed
4524,1858,8424,6735,3815,2023-11-21 07:59:34,2023-11-21 08:44:34,UberX,673.23,10.61,3.61,Completed
4525,2919,3747,8576,1929,2025-06-19 18:45:13,2025-06-19 19:12:13,UberPool,479.24,4.38,4.17,Completed
4526,7955,8413,9315,9000,2023-08-30 13:05:50,2023-08-30 13:39:50,UberX,351.83,7.48,3.64,Completed
4527,9317,7314,8101,2257,2023-08-09 17:03:20,2023-08-09 17:40:20,UberPool,462.37,16.11,4.77,Completed
4528,9150,5656,5656,9934,2024-02-03 00:47:35,2024-02-03 01:05:35,UberX,158.59,12.82,4.0,Completed
4529,7966,5272,6365,8944,2024-03-31 08:19:30,2024-03-31 08:24:30,UberBlack,136.67,3.66,4.73,Completed
4530,6999,2825,8302,8907,2024-10-27 04:47:55,2024-10-27 05:31:55,UberX,440.49,7.73,4.45,Completed
4531,7269,5413,9151,1258,2024-11-15 17:03:37,2024-11-15 17:34:37,UberX,534.48,15.55,4.84,Cancelled
4532,1963,3212,4097,419,2025-02-25 02:57:23,2025-02-25 03:18:23,UberX,142.27,7.65,4.82,Completed
4533,726,7607,2967,7022,2024-02-27 05:01:54,2024-02-27 05:38:54,UberBlack,780.66,15.09,3.77,No Show
4534,5595,295,9009,2729,2025-01-18 21:52:23,2025-01-18 22:00:23,UberPool,509.0,9.56,4.82,Completed
4535,8691,1027,1728,4674,2025-06-21 19:45:47,2025-06-21 20:16:47,UberBlack,707.58,19.35,4.01,Completed
4536,1108,7710,4921,1156,2023-09-25 16:10:10,2023-09-25 16:38:10,UberX,617.09,16.63,3.88,Completed
4537,1318,2092,1599,9046,2025-03-31 19:28:03,2025-03-31 20:01:03,UberX,653.5,10.57,4.63,Completed
4538,7741,5408,774,3176,2023-10-31 03:40:19,2023-10-31 04:08:19,UberX,336.54,2.33,4.77,Completed
4539,63,6826,8079,8103,2024-04-05 20:54:14,2024-04-05 21:32:14,UberPool,667.43,15.27,3.54,Completed
4540,6194,497,9901,5477,2023-11-12 19:53:14,2023-11-12 20:13:14,UberPool,183.95,14.3,4.26,Completed
4541,4308,453,2295,6185,2024-11-19 15:08:29,2024-11-19 15:41:29,UberBlack,155.8,8.89,4.34,Completed
4542,4520,9689,7487,4410,2024-10-22 22:11:56,2024-10-22 22:40:56,UberPool,518.6,12.71,4.12,Completed
4543,5358,6664,8668,4495,2023-12-08 00:58:33,2023-12-08 01:06:33,UberPool,207.24,3.71,3.71,Cancelled
4544,4753,910,199,7745,2024-06-13 11:38:36,2024-06-13 12:18:36,UberX,279.9,9.96,3.57,Completed
4545,5262,1490,3743,1479,2024-03-19 18:52:16,2024-03-19 19:06:16,UberPool,93.12,1.64,4.32,Completed
4546,6535,7273,3622,1160,2024-03-30 18:31:28,2024-03-30 18:57:28,UberBlack,428.01,18.03,5.0,Cancelled
4547,3940,1295,2628,3472,2023-09-13 16:02:09,2023-09-13 16:14:09,UberX,708.14,16.54,3.66,Completed
4548,9090,4660,3873,588,2024-10-11 02:42:37,2024-10-11 03:19:37,UberBlack,764.11,5.58,3.59,Cancelled
4549,2534,1690,7049,8145,2024-12-09 02:16:21,2024-12-09 03:01:21,UberPool,415.05,12.43,3.59,Completed
4550,2945,8488,4242,8765,2024-02-16 02:40:13,2024-02-16 03:19:13,UberPool,230.97,6.21,4.14,Completed
4551,4388,938,318,1335,2023-10-18 19:44:18,2023-10-18 20:23:18,UberPool,59.04,12.64,4.91,Completed
4552,6856,245,5743,6134,2023-08-19 17:01:29,2023-08-19 17:20:29,UberPool,786.05,11.81,4.02,Completed
4553,1218,5336,3521,9983,2025-02-14 08:54:51,2025-02-14 09:26:51,UberX,88.35,2.79,3.69,Completed
4554,3682,221,2793,4625,2024-09-27 15:33:55,2024-09-27 16:07:55,UberPool,150.33,14.15,4.69,Completed
4555,6691,4926,3754,9675,2024-05-22 21:36:47,2024-05-22 22:00:47,UberX,445.67,11.64,4.35,Completed
4556,5163,3710,83,2386,2025-05-01 09:09:35,2025-05-01 09:48:35,UberBlack,689.11,7.97,3.65,Completed
4557,7567,9980,7177,3555,2024-08-06 14:35:05,2024-08-06 15:02:05,UberPool,202.49,17.5,4.63,Completed
4558,7046,8398,6229,7062,2023-12-03 13:54:34,2023-12-03 14:37:34,UberPool,361.48,12.93,3.77,Completed
4559,5766,7572,9360,1266,2024-03-15 09:42:41,2024-03-15 09:52:41,UberBlack,65.13,4.16,4.68,Completed
4560,5180,3519,1744,6813,2023-08-28 06:47:36,2023-08-28 07:22:36,UberX,614.84,1.5,4.52,Completed
4561,6081,6765,8699,7060,2025-01-05 04:02:08,2025-01-05 04:46:08,UberBlack,583.66,18.54,4.59,Completed
4562,9150,3444,5587,3043,2024-01-22 09:10:20,2024-01-22 09:26:20,UberPool,129.65,9.05,4.71,Completed
4563,901,9084,7660,1419,2023-08-19 07:02:57,2023-08-19 07:45:57,UberX,617.68,8.76,4.0,Completed
4564,2558,637,4555,6500,2024-04-20 06:59:51,2024-04-20 07:13:51,UberPool,755.7,13.6,4.57,Completed
4565,5935,422,1185,1124,2025-01-23 10:52:30,2025-01-23 11:37:30,UberPool,484.08,3.85,4.49,Completed
4566,8498,4723,7267,7913,2024-12-30 23:55:11,2024-12-31 00:24:11,UberX,139.22,9.23,4.9,Completed
4567,4645,1145,59,49,2024-12-22 11:21:30,2024-12-22 11:28:30,UberPool,185.29,16.7,4.14,Completed
4568,6085,478,1393,7284,2024-02-17 07:07:30,2024-02-17 07:16:30,UberPool,225.6,6.39,4.01,No Show
4569,4013,2915,6960,4221,2024-07-02 11:31:50,2024-07-02 12:12:50,UberBlack,502.29,12.19,4.04,Completed
4570,1166,6497,2699,5615,2024-05-12 05:05:07,2024-05-12 05:32:07,UberBlack,501.75,8.89,4.39,Cancelled
4571,1151,4011,8536,3715,2025-06-19 13:24:14,2025-06-19 13:36:14,UberBlack,713.95,15.03,3.9,Completed
4572,6362,6082,610,3140,2024-10-04 12:34:02,2024-10-04 13:02:02,UberBlack,122.85,5.12,4.68,Completed
4573,8276,1656,4214,8637,2025-01-01 06:16:26,2025-01-01 06:47:26,UberPool,66.29,2.29,3.99,Completed
4574,5957,8527,5038,8405,2024-08-24 22:35:19,2024-08-24 23:10:19,UberX,284.15,12.2,4.96,Completed
4575,1008,2661,8279,9907,2025-06-18 04:19:07,2025-06-18 04:30:07,UberBlack,244.27,12.25,3.92,Completed
4576,5005,2960,9222,4642,2024-09-16 20:43:30,2024-09-16 20:52:30,UberPool,457.19,7.14,3.94,Cancelled
4577,7724,674,1821,4935,2024-07-13 13:14:30,2024-07-13 13:59:30,UberPool,111.8,10.49,3.66,Completed
4578,9623,4490,9715,6544,2025-04-03 12:54:07,2025-04-03 13:15:07,UberX,394.89,19.61,4.15,Completed
4579,7631,1198,6583,1179,2024-03-21 10:27:15,2024-03-21 10:49:15,UberX,420.3,17.07,4.41,Completed
4580,4190,980,9643,8594,2024-12-17 04:16:15,2024-12-17 04:45:15,UberX,103.65,9.5,3.9,Completed
4581,2045,8982,4192,6837,2025-05-02 01:51:43,2025-05-02 02:18:43,UberPool,229.84,18.44,3.62,Completed
4582,4131,2837,567,42,2025-02-23 20:21:15,2025-02-23 20:31:15,UberX,592.98,3.94,4.25,Completed
4583,5053,5831,8605,1992,2025-05-21 03:18:32,2025-05-21 03:52:32,UberPool,181.74,19.79,4.89,Completed
4584,9399,2320,3384,4652,2024-07-13 16:30:18,2024-07-13 16:37:18,UberX,239.94,2.77,4.2,Completed
4585,1031,6867,2375,6786,2024-07-05 23:01:36,2024-07-05 23:36:36,UberPool,684.74,1.67,3.72,Completed
4586,3306,6242,1036,7239,2024-08-28 01:20:57,2024-08-28 02:00:57,UberBlack,335.58,12.42,4.18,Cancelled
4587,4113,4115,9826,7134,2024-04-04 08:57:34,2024-04-04 09:28:34,UberBlack,626.61,13.19,3.56,Completed
4588,8481,9430,6394,7389,2025-07-09 11:06:54,2025-07-09 11:45:54,UberX,50.19,1.56,3.6,Cancelled
4589,665,3312,3134,4753,2023-10-11 01:23:25,2023-10-11 02:07:25,UberPool,60.61,10.13,4.94,Completed
4590,1368,9124,9586,3459,2024-10-17 05:41:10,2024-10-17 06:24:10,UberX,790.57,18.86,4.51,Completed
4591,5206,396,6525,2781,2024-02-08 21:31:38,2024-02-08 22:02:38,UberPool,473.36,12.22,3.65,Completed
4592,9902,3391,8872,9282,2025-05-05 05:29:19,2025-05-05 05:56:19,UberPool,779.28,8.95,4.46,Completed
4593,1561,4380,5522,8507,2025-02-16 07:58:00,2025-02-16 08:27:00,UberX,794.04,11.97,4.75,Completed
4594,8197,5572,9544,972,2023-11-27 22:24:57,2023-11-27 22:55:57,UberX,185.39,6.08,4.64,Completed
4595,2225,9412,9601,4258,2024-11-08 09:49:41,2024-11-08 10:05:41,UberBlack,634.26,10.85,3.69,Completed
4596,1180,5252,1943,4922,2024-10-06 00:31:06,2024-10-06 00:38:06,UberX,170.57,16.17,4.6,Completed
4597,1982,3110,392,6272,2025-06-11 00:56:01,2025-06-11 01:24:01,UberPool,173.08,10.29,4.19,No Show
4598,1951,9384,7592,1186,2025-07-09 21:38:50,2025-07-09 21:44:50,UberX,266.96,5.8,4.78,Completed
4599,2189,6432,8275,6531,2024-07-08 19:35:44,2024-07-08 19:56:44,UberBlack,424.16,4.39,3.63,No Show
4600,1390,6236,1614,4341,2023-12-31 05:22:25,2023-12-31 05:55:25,UberBlack,598.43,10.85,3.69,Cancelled
4601,1698,8835,5356,7107,2023-12-28 08:31:34,2023-12-28 08:53:34,UberPool,149.21,17.02,4.42,Completed
4602,5839,4437,9822,1780,2024-07-26 15:31:14,2024-07-26 15:58:14,UberX,135.09,8.23,3.87,Completed
4603,7289,8390,1204,9367,2024-01-22 09:45:51,2024-01-22 10:11:51,UberX,300.24,6.03,3.77,Cancelled
4604,3559,1832,8078,1859,2023-10-05 02:10:44,2023-10-05 02:50:44,UberBlack,691.31,16.25,3.72,Completed
4605,6107,6877,2183,6744,2025-06-13 08:17:58,2025-06-13 08:54:58,UberX,319.54,9.45,4.64,Completed
4606,761,5045,1563,4483,2023-10-31 04:46:20,2023-10-31 05:03:20,UberBlack,350.89,5.82,3.88,Cancelled
4607,182,9296,2653,4491,2024-12-03 02:48:47,2024-12-03 03:33:47,UberPool,371.53,18.86,4.6,Completed
4608,2115,754,9414,9226,2023-12-05 08:14:02,2023-12-05 08:48:02,UberBlack,106.71,11.89,3.87,Completed
4609,2113,7108,3945,5448,2024-11-15 15:32:41,2024-11-15 15:47:41,UberPool,737.86,10.97,4.58,Completed
4610,6692,1518,3726,1521,2024-10-12 06:04:44,2024-10-12 06:28:44,UberX,157.47,11.07,3.61,Completed
4611,1878,2517,2449,4948,2023-12-07 10:56:44,2023-12-07 11:15:44,UberBlack,476.74,10.92,4.03,Completed
4612,2495,3102,4395,9158,2024-12-16 22:13:25,2024-12-16 22:30:25,UberBlack,564.15,2.59,4.39,Completed
4613,9405,3065,6430,8947,2024-10-24 00:42:42,2024-10-24 01:25:42,UberPool,262.79,18.86,4.38,Completed
4614,2749,7172,6636,273,2025-03-15 19:28:16,2025-03-15 20:04:16,UberPool,131.16,16.56,3.53,Completed
4615,5661,7177,2218,9044,2024-10-05 16:39:29,2024-10-05 17:04:29,UberX,98.66,19.21,4.97,Completed
4616,7690,9179,1861,3908,2024-09-12 01:33:04,2024-09-12 02:06:04,UberX,611.29,11.48,3.92,No Show
4617,3089,8409,4216,3920,2024-02-03 20:08:36,2024-02-03 20:33:36,UberBlack,769.79,6.64,4.24,Completed
4618,7720,7845,9463,1497,2024-09-04 01:05:35,2024-09-04 01:23:35,UberX,284.33,11.98,4.74,Completed
4619,1300,6263,6467,7831,2023-08-09 21:56:14,2023-08-09 22:25:14,UberPool,248.76,11.16,4.22,Completed
4620,6629,5006,9006,6135,2025-03-21 18:58:07,2025-03-21 19:31:07,UberBlack,341.82,10.7,4.09,Completed
4621,573,4359,5777,8709,2025-01-27 12:29:34,2025-01-27 12:43:34,UberBlack,616.12,18.5,4.42,Completed
4622,815,7579,4943,6925,2024-03-06 03:20:35,2024-03-06 03:58:35,UberX,206.26,9.79,4.52,Completed
4623,8168,4653,1388,5031,2023-10-30 02:13:59,2023-10-30 02:40:59,UberX,608.33,13.09,3.96,Completed
4624,9439,771,9433,9134,2024-06-16 13:07:16,2024-06-16 13:37:16,UberBlack,586.0,14.68,4.91,Completed
4625,188,9920,7444,3140,2024-11-16 11:34:28,2024-11-16 12:09:28,UberPool,64.08,15.25,3.91,Completed
4626,7349,8169,5675,647,2024-12-02 15:37:13,2024-12-02 15:43:13,UberBlack,612.17,18.1,3.58,Cancelled
4627,5400,6649,5544,9314,2024-01-10 21:09:08,2024-01-10 21:16:08,UberBlack,264.66,2.23,4.08,No Show
4628,1416,5329,7104,3229,2024-07-25 13:16:13,2024-07-25 13:43:13,UberX,418.94,1.13,4.37,Cancelled
4629,8346,1673,8849,3978,2024-06-22 04:15:19,2024-06-22 04:46:19,UberPool,109.99,8.12,4.09,Completed
4630,9008,9899,2165,1168,2025-03-09 05:44:24,2025-03-09 06:14:24,UberBlack,113.66,11.96,4.28,Completed
4631,4540,2655,2213,7221,2024-11-24 23:49:37,2024-11-25 00:28:37,UberBlack,604.73,1.65,3.87,Completed
4632,7922,493,5889,3951,2024-07-13 19:32:04,2024-07-13 20:07:04,UberPool,697.41,4.18,4.21,Completed
4633,3995,742,7159,2741,2023-08-09 02:13:08,2023-08-09 02:43:08,UberPool,715.08,6.21,3.84,Cancelled
4634,8948,7377,8551,5630,2024-08-31 22:25:38,2024-08-31 22:52:38,UberBlack,413.08,15.45,3.69,Completed
4635,8021,2335,7505,7340,2024-07-05 17:57:48,2024-07-05 18:15:48,UberX,63.43,4.83,4.14,Completed
4636,5935,6849,611,8418,2024-02-01 16:51:06,2024-02-01 17:24:06,UberPool,706.57,19.54,4.25,Completed
4637,2218,9884,591,5141,2023-12-11 02:16:08,2023-12-11 02:25:08,UberBlack,554.5,9.88,4.26,Completed
4638,4148,7390,9741,4191,2024-10-26 11:54:45,2024-10-26 12:15:45,UberX,717.28,5.11,4.9,No Show
4639,4586,1049,924,7935,2024-05-08 02:42:29,2024-05-08 03:02:29,UberBlack,122.77,2.9,4.53,Completed
4640,5776,7168,6804,8620,2024-06-05 17:47:31,2024-06-05 18:06:31,UberPool,181.61,1.31,4.95,Completed
4641,9679,7036,9183,7357,2025-03-02 13:23:21,2025-03-02 13:54:21,UberPool,209.08,10.83,4.76,Completed
4642,2205,7482,2166,3409,2024-08-25 03:04:15,2024-08-25 03:12:15,UberBlack,194.24,7.28,4.42,Completed
4643,8213,9027,597,5888,2024-04-17 14:49:24,2024-04-17 15:21:24,UberBlack,414.04,2.1,4.72,Completed
4644,2849,7193,3990,4001,2024-10-10 01:24:53,2024-10-10 01:34:53,UberPool,151.73,17.76,3.59,Cancelled
4645,9216,189,9209,8278,2024-02-28 02:43:32,2024-02-28 03:17:32,UberX,736.27,4.8,3.91,Completed
4646,7690,636,7762,3191,2024-10-30 15:21:57,2024-10-30 15:58:57,UberX,758.33,16.8,4.02,Completed
4647,5179,3642,9698,6634,2024-01-22 13:04:29,2024-01-22 13:44:29,UberBlack,596.31,8.57,4.25,Completed
4648,227,9387,5703,720,2023-11-09 11:33:18,2023-11-09 11:58:18,UberPool,167.43,15.35,4.12,Completed
4649,6062,6182,6717,4414,2025-05-07 16:23:22,2025-05-07 16:29:22,UberX,349.43,19.4,4.82,Completed
4650,7751,4002,5070,719,2024-11-01 06:42:14,2024-11-01 06:48:14,UberPool,522.79,13.19,3.84,Completed
4651,4501,9801,9017,4376,2024-08-21 16:32:39,2024-08-21 16:40:39,UberX,225.31,5.36,3.87,Completed
4652,4456,7572,2734,9036,2025-02-03 04:11:08,2025-02-03 04:33:08,UberBlack,178.33,16.66,3.63,Completed
4653,7111,5910,5385,6528,2024-03-12 01:00:52,2024-03-12 01:26:52,UberBlack,453.37,5.8,4.38,Completed
4654,6458,1307,5394,4257,2024-02-14 01:19:12,2024-02-14 01:51:12,UberBlack,226.49,14.82,4.04,Completed
4655,5571,7296,1489,7187,2024-05-29 12:05:34,2024-05-29 12:12:34,UberPool,331.75,11.96,3.73,Completed
4656,1449,6149,6310,5730,2023-12-02 18:12:57,2023-12-02 18:39:57,UberBlack,234.54,19.83,3.77,Completed
4657,4178,7059,2865,6975,2024-08-26 12:14:15,2024-08-26 12:40:15,UberBlack,102.85,13.93,4.2,Completed
4658,6545,2084,6802,3921,2025-04-15 04:13:27,2025-04-15 04:38:27,UberPool,51.15,1.05,4.37,Completed
4659,8303,7699,7993,6695,2025-06-16 16:10:54,2025-06-16 16:41:54,UberPool,519.25,4.43,4.71,Completed
4660,8416,3427,3925,5846,2023-10-20 15:06:39,2023-10-20 15:38:39,UberBlack,171.4,14.47,4.2,Completed
4661,8370,1307,2513,85,2025-05-18 05:14:17,2025-05-18 05:44:17,UberPool,52.06,6.68,3.54,Completed
4662,2871,8286,3354,1012,2024-02-21 05:26:30,2024-02-21 05:35:30,UberX,629.35,6.39,4.88,Completed
4663,1439,5413,2228,8784,2025-07-15 22:51:31,2025-07-15 23:24:31,UberX,465.11,17.54,4.26,Completed
4664,5562,9392,7818,1641,2025-04-20 21:50:18,2025-04-20 22:14:18,UberPool,650.99,5.45,4.21,Completed
4665,5456,3228,5709,2737,2023-11-07 14:06:11,2023-11-07 14:51:11,UberX,476.48,12.32,4.0,Completed
4666,2486,7621,7964,3917,2024-12-06 13:25:32,2024-12-06 13:43:32,UberX,445.61,4.22,4.56,Completed
4667,1863,1499,3986,1538,2025-05-31 09:04:53,2025-05-31 09:42:53,UberX,626.76,5.32,4.03,Completed
4668,2540,4539,7370,8344,2024-12-04 01:47:02,2024-12-04 02:07:02,UberX,468.28,9.01,4.84,Completed
4669,6642,7601,7129,1794,2024-08-20 19:26:40,2024-08-20 19:47:40,UberBlack,131.4,2.04,4.94,Completed
4670,5955,3027,8772,8184,2023-12-18 15:25:36,2023-12-18 15:35:36,UberPool,124.1,2.8,4.57,Completed
4671,6048,7255,4906,1578,2023-11-27 04:43:22,2023-11-27 04:51:22,UberBlack,489.25,9.58,4.11,Completed
4672,2428,4852,401,6705,2025-07-10 13:46:05,2025-07-10 14:15:05,UberX,381.62,4.45,4.42,Completed
4673,8378,4981,5286,4331,2023-11-29 18:35:58,2023-11-29 18:49:58,UberBlack,70.53,11.74,4.44,Completed
4674,9393,284,8009,8266,2024-10-04 03:05:36,2024-10-04 03:26:36,UberBlack,573.96,4.66,4.35,Completed
4675,2578,4975,8444,1110,2024-02-09 13:41:39,2024-02-09 13:51:39,UberX,151.72,12.92,3.74,Cancelled
4676,8992,3561,2489,8296,2023-08-20 17:47:19,2023-08-20 18:25:19,UberPool,390.01,11.26,4.74,Completed
4677,3689,1969,5166,220,2024-03-26 18:03:37,2024-03-26 18:22:37,UberPool,310.75,5.9,3.87,Completed
4678,426,5584,3114,9601,2024-09-08 01:12:01,2024-09-08 01:45:01,UberBlack,446.85,19.22,3.84,Cancelled
4679,7665,455,4757,1714,2024-06-26 16:43:49,2024-06-26 17:26:49,UberBlack,427.59,10.96,4.92,Completed
4680,8691,1614,3346,6415,2025-06-04 09:00:00,2025-06-04 09:35:00,UberBlack,269.15,4.83,4.51,Completed
4681,4814,4014,9727,4438,2024-07-27 11:08:06,2024-07-27 11:37:06,UberX,397.15,19.72,4.7,Cancelled
4682,6266,7913,9112,159,2025-03-26 23:16:24,2025-03-27 00:01:24,UberX,361.52,6.0,3.57,Completed
4683,3078,4758,223,7112,2024-09-19 19:18:07,2024-09-19 20:02:07,UberX,720.4,15.88,3.98,Cancelled
4684,4375,6139,1261,6326,2023-11-25 23:22:22,2023-11-25 23:55:22,UberX,730.97,12.82,4.15,Completed
4685,1749,2797,9178,8600,2025-06-18 19:57:31,2025-06-18 20:03:31,UberX,209.73,9.29,3.6,Completed
4686,8382,4059,9152,806,2024-09-15 09:01:52,2024-09-15 09:41:52,UberX,561.95,12.45,4.62,Completed
4687,2796,6604,9937,2437,2024-08-29 15:58:27,2024-08-29 16:15:27,UberX,137.93,13.14,3.77,Completed
4688,6190,5754,5637,3634,2024-04-21 18:09:29,2024-04-21 18:48:29,UberBlack,196.31,4.95,4.84,Completed
4689,8144,8266,3881,4901,2024-01-14 19:48:27,2024-01-14 20:18:27,UberBlack,450.0,17.68,4.67,Cancelled
4690,9092,1556,5597,2259,2024-08-15 13:16:53,2024-08-15 13:28:53,UberBlack,796.57,5.85,4.18,Completed
4691,9476,9913,3235,8964,2024-12-04 23:05:45,2024-12-04 23:36:45,UberBlack,491.44,4.91,4.51,Completed
4692,6097,9063,4278,7452,2024-10-09 08:51:44,2024-10-09 09:05:44,UberPool,437.97,12.68,4.98,Completed
4693,2094,1882,4431,5631,2025-06-21 09:31:10,2025-06-21 10:08:10,UberX,309.5,11.71,4.82,Completed
4694,9200,4802,1617,8234,2024-02-14 04:44:21,2024-02-14 05:26:21,UberX,530.87,3.96,3.56,Completed
4695,8762,1270,1377,4168,2024-09-19 05:06:21,2024-09-19 05:13:21,UberX,394.0,11.79,4.33,Completed
4696,1124,3389,8590,1059,2024-12-10 02:00:43,2024-12-10 02:05:43,UberPool,77.01,13.76,4.82,Cancelled
4697,4079,7928,8118,7866,2025-03-11 04:05:43,2025-03-11 04:25:43,UberBlack,667.59,15.39,4.87,Completed
4698,4591,1581,659,9719,2023-10-27 03:58:17,2023-10-27 04:28:17,UberBlack,104.0,6.46,4.64,Completed
4699,2855,2946,472,3250,2025-03-29 23:49:08,2025-03-30 00:04:08,UberPool,731.2,6.38,4.31,Completed
4700,2704,8005,7949,7736,2025-04-11 01:00:02,2025-04-11 01:32:02,UberX,605.09,16.87,4.53,Completed
4701,6770,4055,6451,5976,2024-03-24 03:43:35,2024-03-24 03:54:35,UberBlack,637.03,5.49,4.15,Completed
4702,3390,1279,3727,9136,2024-10-30 14:09:10,2024-10-30 14:30:10,UberBlack,762.34,6.39,4.09,Completed
4703,4692,8494,7259,6374,2025-07-17 22:13:13,2025-07-17 22:25:13,UberPool,742.24,1.63,4.53,Cancelled
4704,3319,9785,7313,8284,2025-01-25 20:12:12,2025-01-25 20:54:12,UberPool,296.94,1.99,3.91,Completed
4705,7971,7960,9609,4064,2024-06-11 16:13:18,2024-06-11 16:28:18,UberX,712.19,10.6,3.7,Completed
4706,8571,1669,9146,9367,2023-12-20 04:19:42,2023-12-20 04:41:42,UberBlack,708.5,7.15,4.83,Completed
4707,3338,1954,6614,8474,2024-02-07 01:19:20,2024-02-07 01:50:20,UberBlack,243.04,4.62,4.34,Completed
4708,1394,1054,7917,3557,2024-12-03 14:37:06,2024-12-03 14:46:06,UberPool,720.4,4.12,4.62,Completed
4709,2994,6675,8163,9138,2024-03-21 20:00:09,2024-03-21 20:18:09,UberX,103.07,5.31,3.91,Completed
4710,2692,9950,6291,4173,2024-12-12 12:02:11,2024-12-12 12:37:11,UberBlack,338.21,8.87,4.73,No Show
4711,1107,221,8619,5525,2023-08-12 22:34:22,2023-08-12 22:40:22,UberPool,387.85,4.58,4.43,Completed
4712,8130,9973,7354,1878,2024-12-25 22:38:52,2024-12-25 22:59:52,UberBlack,209.82,18.19,4.15,Completed
4713,1143,7211,5262,9970,2025-03-08 07:08:54,2025-03-08 07:18:54,UberX,648.21,6.36,4.07,Completed
4714,2153,6541,7698,4315,2025-03-13 17:11:44,2025-03-13 17:20:44,UberBlack,209.17,19.05,4.23,Completed
4715,9330,6550,3780,4979,2023-12-06 03:40:36,2023-12-06 04:12:36,UberBlack,633.0,2.12,4.03,Completed
4716,40,2674,7434,2824,2023-10-03 05:44:29,2023-10-03 06:08:29,UberPool,466.28,4.8,4.49,Completed
4717,3292,4473,3632,9192,2024-05-26 10:43:50,2024-05-26 10:53:50,UberX,191.45,13.33,4.15,Completed
4718,6401,2370,5562,492,2024-02-20 22:59:22,2024-02-20 23:31:22,UberBlack,284.33,1.54,4.84,Completed
4719,6725,2,9664,7373,2025-02-05 21:50:16,2025-02-05 22:05:16,UberBlack,168.18,9.79,3.87,Completed
4720,616,1720,7382,3011,2024-06-25 02:12:05,2024-06-25 02:41:05,UberPool,626.87,3.86,4.94,Completed
4721,6640,1004,627,9748,2025-04-05 05:54:31,2025-04-05 06:25:31,UberPool,246.0,19.01,4.11,Completed
4722,4540,5684,3923,4117,2024-06-30 04:36:37,2024-06-30 05:08:37,UberBlack,496.66,13.8,4.57,Completed
4723,1074,7881,8430,1423,2024-12-19 21:48:05,2024-12-19 22:28:05,UberX,424.05,16.9,4.19,Completed
4724,6534,7830,3155,3054,2024-07-20 18:06:41,2024-07-20 18:50:41,UberX,756.75,4.97,3.79,Completed
4725,5766,3394,1896,4715,2023-10-23 10:23:33,2023-10-23 10:37:33,UberBlack,603.68,14.44,3.98,Completed
4726,4849,4892,4002,3007,2024-11-22 14:26:16,2024-11-22 14:49:16,UberBlack,58.28,8.57,3.71,Completed
4727,9013,7033,2551,6271,2024-02-15 11:12:42,2024-02-15 11:52:42,UberBlack,447.8,19.91,4.21,Completed
4728,6793,8372,5991,681,2024-03-07 03:23:15,2024-03-07 03:38:15,UberBlack,100.64,5.17,3.57,Completed
4729,750,6281,9201,3649,2025-06-02 16:06:57,2025-06-02 16:51:57,UberBlack,108.61,10.03,4.45,Completed
4730,4254,7855,4670,8687,2024-12-28 07:52:52,2024-12-28 08:34:52,UberBlack,495.94,3.26,4.62,Completed
4731,3885,8985,5000,8208,2025-07-10 11:57:07,2025-07-10 12:20:07,UberPool,176.68,4.46,4.06,Completed
4732,2097,1216,9182,5311,2023-11-29 23:33:26,2023-11-30 00:01:26,UberPool,350.43,9.13,4.92,Completed
4733,8577,2668,8475,3857,2024-11-16 22:13:38,2024-11-16 22:34:38,UberX,371.4,12.49,4.06,Completed
4734,4136,5323,5834,6304,2024-09-21 22:03:28,2024-09-21 22:20:28,UberPool,663.32,3.91,4.87,Completed
4735,9469,5184,8981,3055,2024-06-23 22:21:17,2024-06-23 22:50:17,UberX,435.44,14.12,4.9,Completed
4736,2233,6885,5584,735,2023-11-11 12:29:33,2023-11-11 13:01:33,UberX,332.02,4.69,4.08,Completed
4737,5200,6605,2040,6262,2024-03-27 00:30:10,2024-03-27 00:49:10,UberX,287.93,10.1,4.5,Completed
4738,2980,4778,9955,907,2024-09-22 00:43:51,2024-09-22 00:49:51,UberBlack,51.9,5.84,4.13,Completed
4739,5192,4155,9865,2568,2023-11-16 06:21:02,2023-11-16 06:53:02,UberBlack,427.7,15.35,4.2,Cancelled
4740,690,3761,9350,768,2024-12-01 12:37:42,2024-12-01 13:18:42,UberX,520.54,5.09,3.83,Completed
4741,4192,1834,5500,4434,2025-01-09 03:33:53,2025-01-09 04:18:53,UberX,359.56,7.89,3.77,Completed
4742,1736,5272,9530,6421,2023-12-23 22:01:20,2023-12-23 22:37:20,UberPool,285.88,9.16,4.15,Completed
4743,1016,8139,4505,2672,2023-12-26 07:06:41,2023-12-26 07:51:41,UberX,679.69,1.35,4.65,Cancelled
4744,2080,1990,8991,2822,2024-10-19 17:06:03,2024-10-19 17:24:03,UberBlack,631.22,9.09,4.09,Completed
4745,7373,8887,9053,9401,2025-05-13 13:41:33,2025-05-13 13:59:33,UberPool,114.81,14.4,4.71,Completed
4746,4576,4954,9281,5567,2025-05-10 20:27:44,2025-05-10 20:43:44,UberPool,358.15,17.12,4.05,Completed
4747,6793,2455,9879,1956,2024-02-20 23:46:05,2024-02-21 00:10:05,UberBlack,721.62,13.95,3.89,Completed
4748,2514,1637,7942,3643,2024-01-28 09:34:08,2024-01-28 09:52:08,UberPool,265.18,1.9,4.66,Completed
4749,3070,6209,5909,3559,2023-11-15 23:59:05,2023-11-16 00:37:05,UberPool,271.66,17.67,4.12,Completed
4750,2534,2284,8537,8404,2023-12-09 15:05:19,2023-12-09 15:19:19,UberBlack,731.25,8.15,3.59,Completed
4751,7821,5202,9797,6268,2025-01-24 11:25:57,2025-01-24 11:56:57,UberBlack,500.4,12.62,3.87,Completed
4752,1718,5824,3754,9586,2025-06-04 02:40:33,2025-06-04 03:04:33,UberPool,399.34,12.29,3.85,Completed
4753,7626,7308,9201,7743,2024-07-28 23:43:50,2024-07-29 00:02:50,UberBlack,392.38,7.92,4.99,Completed
4754,962,3655,844,7015,2025-03-19 11:23:26,2025-03-19 11:36:26,UberPool,703.05,18.91,3.71,Completed
4755,1087,1381,4030,5333,2023-10-29 03:44:32,2023-10-29 04:29:32,UberPool,349.87,16.79,4.23,Completed
4756,7174,2783,7951,3667,2025-07-07 21:01:51,2025-07-07 21:32:51,UberPool,300.52,15.09,4.82,Completed
4757,441,4119,7792,4210,2023-10-04 20:20:59,2023-10-04 21:03:59,UberX,760.87,1.12,4.26,Completed
4758,2404,7055,715,2897,2024-04-09 04:11:02,2024-04-09 04:22:02,UberX,592.35,5.2,4.37,Cancelled
4759,1864,6891,2594,272,2025-07-03 21:08:45,2025-07-03 21:45:45,UberBlack,458.71,5.01,4.07,Cancelled
4760,3904,6366,3773,5997,2023-11-13 11:06:52,2023-11-13 11:23:52,UberBlack,731.06,17.44,4.55,Completed
4761,4260,2186,1257,8827,2024-01-13 18:06:39,2024-01-13 18:38:39,UberPool,641.49,3.64,3.83,Completed
4762,3225,56,389,6289,2025-06-29 18:32:14,2025-06-29 19:08:14,UberBlack,290.93,15.2,4.95,Completed
4763,7510,9182,5439,5218,2025-02-19 20:52:11,2025-02-19 21:17:11,UberBlack,540.22,13.69,4.44,Completed
4764,8072,4778,6287,7077,2024-05-01 01:50:08,2024-05-01 02:09:08,UberPool,492.84,14.11,4.02,Completed
4765,6537,2913,3200,6073,2025-02-19 19:47:38,2025-02-19 20:30:38,UberX,88.72,18.42,3.7,Completed
4766,7382,5685,7725,6452,2024-08-20 11:21:51,2024-08-20 11:50:51,UberX,104.72,5.28,4.79,Completed
4767,9715,1690,5215,6312,2024-09-11 14:56:21,2024-09-11 15:29:21,UberX,419.01,16.1,4.33,Completed
4768,4362,2313,8090,8812,2023-09-29 12:11:40,2023-09-29 12:54:40,UberPool,198.15,11.69,4.51,No Show
4769,5651,397,6139,4814,2024-03-13 17:56:02,2024-03-13 18:13:02,UberX,437.74,11.66,4.04,Completed
4770,4424,9693,3463,8835,2025-06-22 14:50:25,2025-06-22 14:57:25,UberX,717.48,17.45,3.64,Completed
4771,3396,538,5458,5052,2024-10-07 15:25:36,2024-10-07 15:41:36,UberBlack,291.57,18.25,4.55,Completed
4772,8437,5134,637,1162,2023-11-01 13:33:48,2023-11-01 13:50:48,UberPool,144.24,6.67,3.82,Completed
4773,4216,8959,7878,509,2025-05-25 05:56:46,2025-05-25 06:40:46,UberBlack,720.16,6.42,4.64,Cancelled
4774,3453,5852,1578,2856,2024-10-04 11:48:59,2024-10-04 12:28:59,UberPool,536.1,18.35,4.17,Cancelled
4775,3237,9833,6264,6464,2023-09-22 02:20:58,2023-09-22 02:36:58,UberBlack,308.59,13.3,4.83,Completed
4776,3725,883,1383,7481,2023-12-23 04:27:03,2023-12-23 04:48:03,UberBlack,771.52,18.27,3.54,Completed
4777,7702,8588,7201,8934,2025-04-12 10:57:15,2025-04-12 11:26:15,UberX,779.04,9.65,3.6,Completed
4778,9619,5609,7469,3770,2023-09-03 08:46:04,2023-09-03 09:04:04,UberX,521.25,6.72,4.71,Completed
4779,7495,9744,3295,3348,2024-05-17 09:32:31,2024-05-17 09:59:31,UberX,743.25,2.52,4.94,Completed
4780,1495,4141,5705,7902,2025-01-26 21:29:01,2025-01-26 22:02:01,UberBlack,497.84,7.24,4.44,Completed
4781,9418,431,2330,2669,2025-07-01 08:15:14,2025-07-01 08:47:14,UberPool,755.22,7.93,4.46,Completed
4782,8300,3846,1856,4396,2024-03-11 04:39:37,2024-03-11 05:02:37,UberBlack,777.94,4.62,4.33,Completed
4783,7477,5538,9869,1866,2025-03-24 04:39:59,2025-03-24 05:17:59,UberPool,555.54,4.59,3.81,Completed
4784,5163,9152,1881,2749,2023-08-15 05:14:21,2023-08-15 05:28:21,UberBlack,179.14,7.94,4.43,Completed
4785,4457,6990,6767,1003,2024-04-22 03:54:09,2024-04-22 03:59:09,UberPool,673.97,17.06,4.97,Completed
4786,4371,758,9154,8262,2024-09-08 17:34:00,2024-09-08 18:03:00,UberPool,429.85,7.52,3.6,Completed
4787,4516,8196,8056,2975,2023-11-14 20:07:41,2023-11-14 20:44:41,UberX,493.97,1.02,3.69,Completed
4788,9662,1293,7096,7378,2024-08-24 02:17:22,2024-08-24 03:02:22,UberBlack,757.67,12.53,3.68,Completed
4789,3450,6168,7870,7186,2025-01-09 21:20:41,2025-01-09 21:36:41,UberX,410.13,16.43,3.65,Completed
4790,464,5924,8130,659,2024-11-25 19:41:34,2024-11-25 20:18:34,UberX,307.1,9.66,4.93,Completed
4791,6644,1253,1273,506,2024-11-25 14:23:12,2024-11-25 14:36:12,UberPool,413.36,12.0,4.34,Completed
4792,3990,5561,3602,9680,2023-09-26 08:01:17,2023-09-26 08:33:17,UberX,118.03,14.02,4.27,Completed
4793,9053,7783,2342,8393,2024-03-10 14:56:54,2024-03-10 15:16:54,UberBlack,359.53,8.93,4.55,Cancelled
4794,8113,155,9402,5924,2023-08-16 00:44:02,2023-08-16 01:25:02,UberBlack,418.5,17.86,3.74,Completed
4795,1432,8966,8876,4838,2024-02-24 08:20:55,2024-02-24 08:39:55,UberBlack,636.63,9.94,4.43,Completed
4796,355,4640,4002,7261,2023-11-01 20:42:29,2023-11-01 20:58:29,UberBlack,786.76,4.53,3.92,Completed
4797,5242,1443,4936,3556,2025-02-24 21:06:41,2025-02-24 21:45:41,UberPool,74.94,3.45,4.83,Completed
4798,2331,9281,3433,6904,2024-10-09 05:14:04,2024-10-09 05:41:04,UberPool,572.14,15.7,4.29,Completed
4799,9212,7009,5532,7096,2025-01-20 10:16:12,2025-01-20 10:37:12,UberX,500.67,3.93,4.75,Completed
4800,7980,1726,2503,5923,2024-06-22 03:59:49,2024-06-22 04:21:49,UberX,602.45,2.8,4.99,Completed
4801,1680,7014,2428,7202,2025-01-25 14:50:09,2025-01-25 15:01:09,UberBlack,738.33,14.62,4.39,Completed
4802,2160,6668,7059,1158,2024-11-03 03:50:46,2024-11-03 04:23:46,UberX,759.31,13.83,4.91,Completed
4803,9559,8453,9928,922,2023-09-19 10:29:12,2023-09-19 11:10:12,UberBlack,341.69,19.91,4.03,Completed
4804,9826,6324,6388,2475,2024-05-02 01:53:48,2024-05-02 02:34:48,UberPool,166.69,1.15,4.34,Cancelled
4805,3974,7185,6917,5816,2024-06-14 11:56:05,2024-06-14 12:26:05,UberBlack,109.78,13.23,4.18,Completed
4806,7938,818,4256,9616,2025-04-25 05:53:09,2025-04-25 06:02:09,UberX,620.58,17.14,4.75,Completed
4807,2095,478,5813,9455,2024-02-07 02:10:22,2024-02-07 02:54:22,UberPool,695.12,4.64,4.79,Cancelled
4808,442,5331,7691,766,2024-08-29 05:27:51,2024-08-29 05:39:51,UberBlack,521.48,4.0,4.9,Completed
4809,684,5762,8504,6903,2023-08-18 03:29:24,2023-08-18 03:58:24,UberBlack,109.07,3.03,4.53,Completed
4810,3187,4647,9395,8616,2024-03-22 19:28:08,2024-03-22 19:36:08,UberX,639.68,6.75,3.96,Completed
4811,5261,8530,1912,2060,2023-08-29 15:21:45,2023-08-29 15:29:45,UberBlack,236.87,8.35,3.72,No Show
4812,3358,3605,6172,5446,2023-08-19 11:01:27,2023-08-19 11:33:27,UberPool,268.39,11.76,4.46,Completed
4813,6112,7239,4614,2368,2024-03-29 18:09:19,2024-03-29 18:34:19,UberX,310.14,6.65,4.54,Cancelled
4814,4601,2125,1346,5315,2024-05-14 01:11:22,2024-05-14 01:41:22,UberX,427.91,15.4,4.49,Completed
4815,5491,8998,7099,123,2024-05-15 04:28:26,2024-05-15 04:34:26,UberBlack,415.95,11.1,4.71,Completed
4816,9024,1886,97,5439,2023-12-24 08:44:36,2023-12-24 08:54:36,UberPool,795.81,3.22,4.73,Completed
4817,1441,3375,4659,5188,2025-05-11 17:33:18,2025-05-11 17:38:18,UberX,283.58,12.96,4.26,Completed
4818,2437,8588,5131,8265,2024-05-22 11:08:52,2024-05-22 11:35:52,UberPool,399.66,17.03,3.75,Completed
4819,7499,629,1915,9979,2025-07-19 01:57:55,2025-07-19 02:42:55,UberX,326.12,7.53,4.99,Completed
4820,6222,5875,2411,5581,2023-11-29 09:31:43,2023-11-29 09:56:43,UberX,531.31,14.26,4.92,Completed
4821,6792,6163,1381,8732,2024-06-18 14:31:51,2024-06-18 15:11:51,UberBlack,74.9,13.45,4.53,Completed
4822,9915,6006,6104,5323,2024-04-04 19:35:41,2024-04-04 19:49:41,UberX,120.71,17.12,3.7,Cancelled
4823,6731,6018,3144,1748,2024-03-08 16:14:23,2024-03-08 16:36:23,UberBlack,544.37,1.54,3.99,Completed
4824,8015,4303,7466,5329,2024-06-03 18:49:24,2024-06-03 19:21:24,UberBlack,171.17,3.23,3.76,Completed
4825,2416,9524,7480,1739,2025-07-31 01:19:07,2025-07-31 01:24:07,UberBlack,338.52,19.22,4.11,Completed
4826,8547,5486,4059,1578,2023-09-18 01:26:56,2023-09-18 01:36:56,UberX,92.19,4.15,3.9,Completed
4827,3042,4036,3520,6386,2024-06-13 21:40:30,2024-06-13 22:03:30,UberX,528.57,13.78,3.68,Cancelled
4828,8619,5315,1411,7652,2024-08-19 21:54:26,2024-08-19 22:26:26,UberBlack,741.49,14.82,3.57,Completed
4829,6822,6515,1796,3700,2024-11-16 22:09:56,2024-11-16 22:17:56,UberBlack,201.07,5.5,4.02,Completed
4830,1461,2900,3108,5559,2023-12-22 02:24:45,2023-12-22 02:29:45,UberPool,772.07,9.94,3.7,Completed
4831,6196,9692,8733,7684,2024-06-17 15:32:06,2024-06-17 16:02:06,UberX,59.04,14.28,4.87,Completed
4832,3902,1433,3648,823,2024-08-30 07:47:32,2024-08-30 08:13:32,UberX,400.31,19.57,4.71,Completed
4833,5960,9802,10000,3644,2024-10-03 21:19:36,2024-10-03 21:36:36,UberX,409.46,7.99,3.81,Completed
4834,3494,7017,9435,7388,2024-09-03 09:00:58,2024-09-03 09:27:58,UberBlack,266.75,3.91,3.79,Completed
4835,2041,3260,2116,6045,2025-07-02 17:24:13,2025-07-02 17:57:13,UberPool,211.25,1.71,4.79,Completed
4836,9491,9187,136,2800,2024-02-01 08:34:33,2024-02-01 09:05:33,UberX,304.57,9.26,4.1,Completed
4837,3887,9241,7911,3290,2024-02-14 23:06:39,2024-02-14 23:13:39,UberPool,92.47,4.73,4.32,Completed
4838,2185,7924,2493,239,2024-03-22 07:13:13,2024-03-22 07:23:13,UberBlack,57.92,18.56,3.78,No Show
4839,3604,8399,1405,1351,2025-02-01 07:57:08,2025-02-01 08:06:08,UberX,762.99,12.61,4.19,Completed
4840,6157,9774,7132,4732,2024-05-22 00:06:45,2024-05-22 00:38:45,UberBlack,541.26,6.63,4.55,Completed
4841,7566,686,2352,312,2024-09-17 12:30:09,2024-09-17 13:01:09,UberX,129.68,10.59,3.86,Completed
4842,6715,30,1765,6362,2025-07-23 19:53:50,2025-07-23 20:15:50,UberBlack,775.91,5.06,3.78,Completed
4843,1264,8269,2836,5229,2023-08-12 17:26:55,2023-08-12 18:03:55,UberBlack,719.32,17.16,4.47,Cancelled
4844,2182,966,5627,2900,2024-10-23 14:18:34,2024-10-23 14:54:34,UberPool,80.82,16.69,4.46,Completed
4845,601,6321,6859,1557,2024-07-06 20:58:23,2024-07-06 21:21:23,UberPool,599.09,6.94,4.15,Completed
4846,8433,5487,3002,3711,2025-02-13 09:09:06,2025-02-13 09:18:06,UberBlack,200.36,11.21,3.95,Completed
4847,3231,7548,3762,3284,2024-11-26 11:07:18,2024-11-26 11:13:18,UberX,380.31,9.86,4.05,Completed
4848,7719,4438,4550,6216,2024-06-19 15:33:47,2024-06-19 15:57:47,UberX,58.64,18.96,4.03,No Show
4849,1390,5032,2099,1876,2024-02-08 05:31:09,2024-02-08 05:46:09,UberX,281.4,10.89,3.82,Completed
4850,4185,9766,6450,1103,2023-08-05 15:51:30,2023-08-05 15:59:30,UberX,543.68,18.11,4.99,Completed
4851,830,4598,3964,3789,2024-10-24 13:53:21,2024-10-24 14:22:21,UberBlack,421.78,14.51,3.7,Completed
4852,9414,7241,1725,470,2024-04-06 22:07:05,2024-04-06 22:12:05,UberX,526.47,2.85,4.85,Completed
4853,134,6041,6472,2915,2025-03-09 12:31:32,2025-03-09 12:38:32,UberX,418.38,19.35,4.93,Completed
4854,9440,7284,5444,1407,2024-06-11 18:57:47,2024-06-11 19:20:47,UberX,201.07,8.64,4.92,No Show
4855,5958,8188,5190,8084,2025-05-21 22:15:14,2025-05-21 22:48:14,UberPool,313.11,18.87,3.68,Completed
4856,707,6125,7172,1427,2024-08-07 06:59:49,2024-08-07 07:35:49,UberX,174.02,7.74,4.11,Completed
4857,2935,6922,7464,9747,2024-05-12 15:07:52,2024-05-12 15:35:52,UberBlack,253.53,19.88,3.59,Completed
4858,4695,6940,9164,7330,2024-04-11 03:01:26,2024-04-11 03:10:26,UberPool,58.29,15.06,3.9,Completed
4859,6344,9335,4472,1669,2023-09-14 19:36:41,2023-09-14 19:47:41,UberBlack,403.4,5.91,4.42,Completed
4860,6313,3915,1394,6723,2024-12-27 01:49:04,2024-12-27 01:56:04,UberBlack,395.31,12.76,3.65,Cancelled
4861,375,907,1077,2360,2024-01-08 19:20:24,2024-01-08 19:59:24,UberPool,210.82,1.74,4.02,Completed
4862,530,2878,2338,8782,2024-07-14 09:58:21,2024-07-14 10:17:21,UberPool,658.92,3.44,4.45,Completed
4863,9552,8221,5673,867,2025-08-01 22:21:48,2025-08-01 22:29:48,UberX,300.5,5.16,3.6,Completed
4864,2008,7497,2480,765,2025-04-14 06:53:08,2025-04-14 07:20:08,UberX,90.2,3.79,3.81,Completed
4865,3712,1271,2484,372,2024-06-12 01:38:28,2024-06-12 02:21:28,UberPool,95.84,16.54,4.08,No Show
4866,2308,1895,6568,3978,2024-12-29 23:44:01,2024-12-29 23:53:01,UberPool,687.53,8.49,4.9,Completed
4867,1199,7623,6807,2127,2025-04-22 10:34:51,2025-04-22 11:05:51,UberBlack,424.31,3.47,4.97,Completed
4868,5847,4435,6309,7644,2025-07-08 06:52:40,2025-07-08 07:15:40,UberPool,587.58,1.67,4.88,Completed
4869,8584,5833,6835,1771,2025-06-09 10:03:53,2025-06-09 10:43:53,UberX,519.81,15.01,3.86,Cancelled
4870,8205,1076,6582,1529,2024-03-27 19:29:18,2024-03-27 19:46:18,UberBlack,693.28,11.4,4.31,Completed
4871,4849,7519,4120,9586,2025-03-01 01:17:08,2025-03-01 01:44:08,UberPool,739.69,5.13,4.33,Completed
4872,5804,6544,9701,1978,2024-08-16 04:28:21,2024-08-16 04:40:21,UberBlack,408.96,8.41,4.35,Completed
4873,2810,9766,3572,8861,2024-09-07 12:18:31,2024-09-07 12:55:31,UberPool,431.31,1.34,3.77,Completed
4874,6419,8219,2685,6700,2024-10-29 12:20:16,2024-10-29 12:38:16,UberBlack,448.49,16.35,4.41,Completed
4875,1920,2032,236,8614,2023-11-01 23:19:46,2023-11-01 23:53:46,UberPool,228.66,15.96,3.76,Completed
4876,4031,5064,5221,6980,2024-01-29 17:15:44,2024-01-29 17:39:44,UberPool,436.71,10.55,3.88,Completed
4877,9435,7081,3593,736,2024-02-02 07:51:05,2024-02-02 08:17:05,UberPool,398.97,6.88,4.32,Completed
4878,3371,3168,4667,6151,2024-11-23 16:28:45,2024-11-23 16:43:45,UberBlack,172.8,8.64,3.91,Completed
4879,2782,2703,3640,1636,2023-08-16 23:54:38,2023-08-17 00:39:38,UberX,191.12,17.17,4.86,Completed
4880,1111,5451,2669,4226,2023-08-11 07:41:03,2023-08-11 08:19:03,UberBlack,361.69,4.6,4.69,Completed
4881,3194,5840,7136,4681,2024-08-11 15:28:22,2024-08-11 15:36:22,UberPool,226.2,4.03,3.56,Completed
4882,94,2772,3275,6879,2024-03-25 21:56:20,2024-03-25 22:41:20,UberBlack,797.53,2.45,4.07,Completed
4883,9444,3643,8871,3852,2024-07-08 20:07:14,2024-07-08 20:44:14,UberBlack,256.21,4.53,4.32,Completed
4884,9251,34,9917,5741,2023-12-09 12:33:42,2023-12-09 12:55:42,UberX,756.8,8.07,3.71,Completed
4885,8380,2656,9448,8370,2024-09-10 11:41:53,2024-09-10 11:51:53,UberPool,63.14,1.81,4.93,Completed
4886,1645,9801,9836,7999,2024-06-13 02:28:06,2024-06-13 02:58:06,UberBlack,301.65,6.64,3.58,Completed
4887,1708,3109,9622,8087,2024-10-22 03:19:41,2024-10-22 03:29:41,UberX,628.47,15.13,4.48,Completed
4888,9220,7912,2317,2510,2023-10-26 05:40:40,2023-10-26 05:59:40,UberPool,435.35,6.64,4.78,Completed
4889,4270,8238,7604,6223,2023-11-08 13:01:35,2023-11-08 13:36:35,UberX,284.87,14.12,4.81,Cancelled
4890,4162,4583,7655,133,2023-09-17 09:48:12,2023-09-17 10:30:12,UberPool,253.86,6.67,4.24,Completed
4891,6986,6556,4596,4878,2025-06-20 14:41:49,2025-06-20 15:04:49,UberPool,137.87,3.31,3.75,No Show
4892,1167,5111,2269,2324,2024-04-18 21:20:29,2024-04-18 21:34:29,UberBlack,77.3,5.51,4.31,Completed
4893,7501,7008,3401,8759,2025-06-06 20:15:30,2025-06-06 20:39:30,UberBlack,152.91,2.25,3.96,Completed
4894,2363,1510,2267,3976,2023-08-08 23:01:01,2023-08-08 23:43:01,UberBlack,131.41,3.57,4.61,Completed
4895,4687,1537,555,6740,2024-06-23 22:27:58,2024-06-23 22:55:58,UberX,225.89,4.14,4.78,Completed
4896,8186,6252,3567,1730,2025-07-28 20:31:31,2025-07-28 21:03:31,UberBlack,389.39,7.59,3.96,Completed
4897,4686,4338,3914,1125,2024-12-18 00:29:06,2024-12-18 01:12:06,UberPool,384.23,5.92,3.84,Completed
4898,8470,2533,143,1726,2025-02-25 05:23:19,2025-02-25 06:03:19,UberPool,420.56,14.98,4.27,Completed
4899,1974,1470,5840,8669,2024-09-25 06:49:14,2024-09-25 07:23:14,UberBlack,82.01,2.5,4.98,Completed
4900,3072,1679,9874,8489,2024-01-19 07:35:52,2024-01-19 07:50:52,UberX,485.54,12.95,4.6,Completed
4901,4967,656,4401,1630,2025-08-02 11:59:57,2025-08-02 12:26:57,UberBlack,744.46,5.25,4.29,Completed
4902,8839,9676,1159,8572,2024-05-15 19:05:56,2024-05-15 19:14:56,UberPool,260.38,14.22,4.12,Completed
4903,3453,5914,3944,7464,2024-08-28 13:01:53,2024-08-28 13:12:53,UberBlack,597.34,9.93,3.89,No Show
4904,3092,3762,4885,3407,2025-01-23 05:48:45,2025-01-23 06:10:45,UberBlack,103.18,10.6,4.99,Completed
4905,1740,5908,4584,8746,2024-08-09 19:58:50,2024-08-09 20:28:50,UberPool,603.86,1.52,3.71,No Show
4906,8276,4299,3921,970,2024-08-23 17:18:25,2024-08-23 17:32:25,UberX,755.33,1.17,3.95,Completed
4907,7438,8570,5050,3682,2024-05-30 08:03:57,2024-05-30 08:47:57,UberX,743.06,14.11,4.34,Completed
4908,1994,2172,3910,1989,2024-06-08 00:02:40,2024-06-08 00:41:40,UberX,530.01,17.94,4.34,Completed
4909,1978,7744,7293,9206,2024-01-02 22:39:02,2024-01-02 22:47:02,UberBlack,473.0,8.47,4.06,Completed
4910,1193,4938,8077,3383,2025-06-25 11:55:53,2025-06-25 12:11:53,UberPool,781.68,13.29,4.0,Cancelled
4911,8312,3257,7154,1924,2023-10-26 23:57:03,2023-10-27 00:30:03,UberPool,289.39,8.94,3.6,Completed
4912,2752,4213,6572,2485,2025-06-23 16:58:54,2025-06-23 17:05:54,UberBlack,533.65,9.03,4.71,Completed
4913,3592,4791,4316,8495,2024-07-09 12:48:56,2024-07-09 13:16:56,UberPool,173.26,10.95,3.9,Completed
4914,8881,6,5622,4706,2023-10-01 23:09:29,2023-10-01 23:18:29,UberX,564.61,6.45,3.91,Completed
4915,3443,4719,886,297,2024-12-27 21:22:42,2024-12-27 21:48:42,UberPool,570.98,13.16,3.79,Completed
4916,2934,3156,4192,5060,2024-11-20 09:09:47,2024-11-20 09:30:47,UberBlack,508.81,13.92,4.87,Completed
4917,7625,9713,8973,6320,2024-10-07 05:36:28,2024-10-07 06:21:28,UberX,790.05,3.54,4.64,Completed
4918,4192,3525,2260,2743,2025-01-20 18:20:11,2025-01-20 18:35:11,UberX,326.64,16.66,4.89,Completed
4919,7854,8052,5281,1280,2024-07-10 08:29:30,2024-07-10 08:59:30,UberPool,344.76,5.32,3.86,Completed
4920,1950,2417,1651,6970,2025-06-25 00:11:48,2025-06-25 00:26:48,UberBlack,565.71,15.25,4.72,Completed
4921,9404,6705,6271,1099,2024-02-16 22:52:53,2024-02-16 23:25:53,UberX,375.11,19.39,3.51,Completed
4922,3060,8716,9311,3139,2024-12-19 23:36:58,2024-12-20 00:08:58,UberBlack,558.78,8.73,4.09,Completed
4923,8357,514,5530,5405,2023-09-14 09:26:45,2023-09-14 10:06:45,UberBlack,761.68,4.78,4.97,Cancelled
4924,3366,741,5415,5384,2024-05-20 20:13:16,2024-05-20 20:53:16,UberX,253.88,19.09,4.24,Completed
4925,4692,3848,1945,7631,2025-05-28 02:24:45,2025-05-28 02:48:45,UberPool,57.5,2.58,4.03,Completed
4926,1896,9280,2287,1970,2024-02-14 19:30:53,2024-02-14 19:50:53,UberBlack,672.75,7.58,4.96,Completed
4927,434,8000,4147,3375,2024-08-19 14:38:49,2024-08-19 14:52:49,UberX,676.83,18.0,3.53,Completed
4928,8540,6800,9313,1020,2024-06-27 23:04:07,2024-06-27 23:12:07,UberBlack,657.39,17.72,4.93,Completed
4929,7144,5317,7848,3223,2024-07-13 23:02:24,2024-07-13 23:19:24,UberBlack,609.27,18.24,4.38,Completed
4930,7985,682,1764,7582,2023-08-31 15:28:12,2023-08-31 15:53:12,UberPool,575.79,9.48,4.81,Completed
4931,9991,8990,5403,267,2025-01-24 04:39:20,2025-01-24 04:53:20,UberPool,55.41,4.52,4.01,Completed
4932,2578,4543,6415,2626,2024-02-19 09:31:23,2024-02-19 09:54:23,UberPool,641.13,11.38,3.68,Completed
4933,1266,6174,5149,4817,2023-10-08 20:12:25,2023-10-08 20:17:25,UberX,50.87,10.52,4.27,Completed
4934,4977,3903,1993,8758,2024-04-10 04:28:26,2024-04-10 04:44:26,UberX,261.85,17.34,4.28,Completed
4935,2524,7772,2589,4895,2023-11-02 12:30:36,2023-11-02 12:47:36,UberX,224.77,8.52,3.97,Cancelled
4936,2704,2587,3674,1542,2023-08-13 08:38:45,2023-08-13 08:44:45,UberX,652.63,18.51,4.62,Completed
4937,3590,8972,3606,7786,2024-06-10 04:20:36,2024-06-10 04:26:36,UberBlack,577.71,16.35,3.55,Completed
4938,4554,2942,2714,7570,2023-10-13 23:27:11,2023-10-14 00:08:11,UberX,580.88,8.5,3.85,Completed
4939,4554,2293,1393,8230,2025-07-07 20:32:17,2025-07-07 20:38:17,UberX,757.67,19.45,4.84,Cancelled
4940,5079,9141,1049,5837,2023-12-20 22:55:14,2023-12-20 23:08:14,UberBlack,226.09,11.42,4.59,Completed
4941,1250,3262,2127,4224,2025-06-05 02:51:06,2025-06-05 03:09:06,UberX,446.9,2.51,4.1,Completed
4942,513,4663,2445,7616,2025-03-28 07:30:33,2025-03-28 08:09:33,UberBlack,238.0,17.13,4.41,Completed
4943,7987,3506,2764,9542,2025-05-01 06:25:27,2025-05-01 06:58:27,UberBlack,275.32,12.31,4.02,Completed
4944,2439,6950,9690,4875,2024-12-24 22:34:26,2024-12-24 22:47:26,UberX,676.27,6.08,4.7,Completed
4945,126,3820,1462,1214,2025-01-19 21:02:51,2025-01-19 21:17:51,UberPool,771.42,3.34,3.92,Cancelled
4946,8568,9454,4561,2156,2024-04-21 18:16:57,2024-04-21 18:50:57,UberBlack,717.82,11.68,4.17,Completed
4947,7496,2024,3537,9359,2023-11-24 19:25:39,2023-11-24 20:00:39,UberPool,450.41,5.99,4.75,Completed
4948,8584,8972,6021,310,2023-09-22 15:28:36,2023-09-22 15:56:36,UberX,657.14,10.94,4.82,Completed
4949,798,7170,1407,3585,2024-06-14 09:22:15,2024-06-14 10:07:15,UberX,109.79,13.67,4.84,Completed
4950,7064,568,2655,7366,2025-07-27 22:14:15,2025-07-27 22:29:15,UberPool,755.86,6.71,3.74,Completed
4951,2512,8535,3046,2756,2023-09-22 10:44:34,2023-09-22 11:01:34,UberX,265.07,19.4,3.75,Completed
4952,9614,578,7547,919,2024-04-04 12:31:59,2024-04-04 12:41:59,UberPool,581.02,11.43,4.71,Completed
4953,3273,3838,4385,2100,2024-07-19 06:04:39,2024-07-19 06:21:39,UberBlack,389.06,5.25,4.71,Completed
4954,2265,2394,3209,9606,2024-11-10 12:50:56,2024-11-10 13:28:56,UberPool,713.42,2.07,4.08,Completed
4955,3066,4506,9375,7896,2024-11-13 15:59:35,2024-11-13 16:44:35,UberPool,176.39,3.58,4.16,Completed
4956,7070,4824,2578,644,2024-01-26 04:35:39,2024-01-26 05:10:39,UberX,307.74,4.19,4.22,No Show
4957,8711,8281,7395,1991,2024-03-02 20:52:05,2024-03-02 21:15:05,UberPool,225.14,7.4,4.51,Completed
4958,9882,7485,7693,875,2025-05-01 09:45:57,2025-05-01 10:02:57,UberBlack,143.81,6.6,3.57,Completed
4959,5936,6949,7093,5593,2025-02-04 07:03:30,2025-02-04 07:44:30,UberBlack,574.71,13.08,4.94,Completed
4960,9600,7754,2148,1018,2023-11-10 08:32:02,2023-11-10 09:11:02,UberPool,517.27,19.7,4.1,Completed
4961,346,1927,7774,5479,2025-01-25 16:34:09,2025-01-25 17:09:09,UberX,655.77,13.01,4.31,Completed
4962,7868,1923,1018,1457,2023-12-20 23:20:45,2023-12-21 00:05:45,UberPool,218.01,5.46,4.02,Completed
4963,7152,4210,5833,2568,2023-09-24 05:42:01,2023-09-24 05:57:01,UberBlack,798.05,9.46,3.76,Completed
4964,3780,5148,5816,9817,2025-01-30 05:53:23,2025-01-30 06:15:23,UberPool,432.64,2.4,4.67,Completed
4965,9128,6173,2073,1038,2025-05-06 00:31:39,2025-05-06 00:50:39,UberPool,221.48,2.81,4.07,Completed
4966,8470,1761,4323,9471,2024-03-20 06:31:35,2024-03-20 07:11:35,UberX,222.32,4.68,4.06,Cancelled
4967,9250,814,1668,8099,2024-08-30 00:48:13,2024-08-30 01:23:13,UberBlack,287.05,5.14,3.81,Completed
4968,9482,7696,4568,5217,2025-07-12 06:48:35,2025-07-12 07:16:35,UberX,630.6,12.09,3.72,Completed
4969,3970,1635,9036,34,2025-02-27 23:58:12,2025-02-28 00:06:12,UberPool,581.6,5.52,4.18,No Show
4970,8811,3868,2514,9134,2024-09-28 18:23:36,2024-09-28 19:00:36,UberBlack,153.19,12.53,4.31,Completed
4971,5209,5648,295,5079,2024-04-08 22:48:54,2024-04-08 22:59:54,UberBlack,629.02,15.47,4.47,Completed
4972,4591,467,8276,856,2023-10-12 11:34:44,2023-10-12 12:03:44,UberPool,79.73,9.9,4.48,Completed
4973,4593,2936,4277,9903,2024-03-02 12:59:05,2024-03-02 13:18:05,UberX,756.31,4.67,4.33,Completed
4974,862,9820,4911,6528,2024-04-25 05:39:39,2024-04-25 06:18:39,UberPool,709.61,16.66,4.68,Completed
4975,4836,9430,34,4227,2025-05-04 08:02:03,2025-05-04 08:19:03,UberPool,798.52,10.39,3.9,Cancelled
4976,8015,7915,9276,7937,2024-08-18 23:45:22,2024-08-19 00:23:22,UberBlack,162.9,17.46,3.73,Completed
4977,3159,8447,1184,4853,2025-01-29 00:14:53,2025-01-29 00:21:53,UberBlack,483.18,13.15,3.67,Completed
4978,567,7138,3867,3245,2024-10-20 15:30:57,2024-10-20 16:12:57,UberBlack,319.89,12.2,4.33,No Show
4979,3291,5245,3762,6691,2025-06-20 01:42:57,2025-06-20 01:55:57,UberPool,161.73,10.31,3.99,Completed
4980,3539,7768,2850,5623,2024-04-14 01:49:46,2024-04-14 02:17:46,UberX,247.33,5.88,3.66,Completed
4981,5043,8885,5898,8305,2024-06-12 18:55:35,2024-06-12 19:25:35,UberBlack,169.93,2.47,4.43,Completed
4982,4001,5032,4200,1721,2023-09-09 19:39:58,2023-09-09 20:01:58,UberPool,332.23,2.36,4.48,Completed
4983,4904,7065,5296,2780,2024-04-29 11:35:17,2024-04-29 12:10:17,UberX,207.52,13.01,4.97,Completed
4984,1148,253,3684,3393,2024-06-27 06:56:24,2024-06-27 07:19:24,UberX,582.8,14.77,4.38,Cancelled
4985,5673,4717,9309,4686,2025-03-22 09:32:21,2025-03-22 09:53:21,UberX,323.09,6.72,3.66,Completed
4986,7606,6705,6125,2273,2023-08-30 23:23:22,2023-08-30 23:30:22,UberPool,53.98,11.97,4.6,No Show
4987,1877,1032,5153,2094,2024-08-12 01:17:47,2024-08-12 02:00:47,UberPool,479.05,6.56,3.58,Completed
4988,288,1514,8840,6145,2024-02-09 05:48:53,2024-02-09 06:23:53,UberX,165.87,13.69,3.53,Completed
4989,7094,4110,5920,8985,2024-08-02 03:30:19,2024-08-02 04:06:19,UberPool,709.11,15.85,4.46,Completed
4990,7151,7161,8195,5122,2024-07-11 20:04:25,2024-07-11 20:14:25,UberBlack,473.56,3.8,4.33,Cancelled
4991,3044,3143,7511,3583,2023-10-09 14:35:01,2023-10-09 14:44:01,UberBlack,704.44,3.98,4.34,Completed
4992,8565,8964,3845,8342,2025-03-19 08:22:28,2025-03-19 08:27:28,UberPool,623.76,3.09,4.41,Completed
4993,7332,6683,75,8277,2023-11-06 14:46:10,2023-11-06 15:18:10,UberBlack,223.92,7.76,4.61,Completed
4994,9552,4357,3586,2023,2024-09-02 05:56:08,2024-09-02 06:38:08,UberPool,418.96,5.71,3.73,Completed
4995,4226,1563,1983,8042,2024-09-27 12:43:34,2024-09-27 12:59:34,UberX,159.7,19.81,3.86,Completed
4996,7624,6786,8675,2371,2025-07-07 01:17:34,2025-07-07 01:55:34,UberX,426.66,10.2,4.33,Completed
4997,4899,1691,9535,6563,2023-12-23 18:37:12,2023-12-23 18:53:12,UberPool,229.09,19.84,3.51,Completed
4998,1284,2577,6220,4206,2024-12-19 15:16:20,2024-12-19 15:47:20,UberBlack,637.72,9.57,4.42,Completed
4999,9929,2423,8719,6821,2024-02-17 08:45:42,2024-02-17 08:58:42,UberX,276.37,12.84,3.77,Completed
5000,3704,4191,2161,2659,2025-06-17 09:06:56,2025-06-17 09:40:56,UberX,621.53,7.06,3.69,Cancelled
5001,8101,5656,8502,1159,2023-12-09 16:44:52,2023-12-09 17:07:52,UberBlack,764.69,3.15,4.32,Completed
5002,6070,598,4612,204,2023-08-27 08:48:49,2023-08-27 09:14:49,UberPool,436.38,13.8,4.42,Completed
5003,1912,4280,9084,6784,2025-05-25 05:56:06,2025-05-25 06:38:06,UberPool,93.31,16.38,4.25,Completed
5004,5005,309,5959,5983,2024-04-08 20:58:46,2024-04-08 21:14:46,UberX,672.95,8.78,3.92,Cancelled
5005,8082,6510,9901,2922,2025-04-22 21:18:04,2025-04-22 21:49:04,UberBlack,427.3,18.05,3.87,Completed
5006,140,8583,9387,7094,2025-06-18 09:30:45,2025-06-18 10:14:45,UberX,358.09,11.91,4.62,Completed
5007,5277,5896,849,3296,2023-11-08 15:54:03,2023-11-08 16:27:03,UberPool,781.28,13.53,4.86,Completed
5008,8475,7856,9512,1865,2023-12-23 13:23:00,2023-12-23 13:42:00,UberBlack,798.08,1.28,4.22,Completed
5009,6692,8424,9357,1723,2024-05-22 08:43:38,2024-05-22 08:55:38,UberPool,91.35,17.42,4.12,Completed
5010,3505,8759,5996,8205,2025-02-05 05:38:11,2025-02-05 06:13:11,UberPool,420.92,4.68,3.66,Completed
5011,9090,9952,7168,4122,2024-02-04 12:41:00,2024-02-04 12:49:00,UberX,329.31,10.3,4.16,Completed
5012,1412,4153,5244,1877,2023-12-09 15:42:10,2023-12-09 15:47:10,UberX,348.95,17.38,4.73,Completed
5013,1060,2318,6620,1010,2023-11-20 09:44:22,2023-11-20 10:09:22,UberBlack,386.67,5.25,4.73,Completed
5014,1091,2905,4803,8237,2023-08-12 08:48:41,2023-08-12 09:27:41,UberPool,288.86,7.45,4.23,Completed
5015,6687,5312,744,5651,2024-06-11 21:10:47,2024-06-11 21:41:47,UberPool,624.35,5.59,4.16,No Show
5016,2028,1325,8304,8838,2024-12-14 01:32:57,2024-12-14 01:48:57,UberX,534.78,19.97,4.77,Completed
5017,2961,1948,6134,3859,2023-11-01 12:48:39,2023-11-01 13:03:39,UberPool,153.15,13.14,4.86,Completed
5018,7430,1691,3801,7801,2025-07-08 08:26:55,2025-07-08 08:37:55,UberPool,730.83,13.38,4.53,Cancelled
5019,358,4716,2563,681,2024-10-26 20:58:37,2024-10-26 21:41:37,UberBlack,177.29,2.11,3.69,No Show
5020,4058,8155,4257,8406,2024-02-17 13:00:36,2024-02-17 13:31:36,UberBlack,191.0,19.87,3.98,Completed
5021,5158,8001,4259,3086,2025-01-16 09:40:51,2025-01-16 10:25:51,UberX,390.24,18.61,4.56,Cancelled
5022,2701,1010,5297,2877,2025-02-28 17:18:09,2025-02-28 17:29:09,UberBlack,608.78,3.26,4.61,Cancelled
5023,9564,6392,7210,3112,2023-10-27 02:13:39,2023-10-27 02:43:39,UberPool,350.48,1.07,4.62,Completed
5024,555,8550,703,4563,2024-07-17 18:35:37,2024-07-17 18:52:37,UberPool,433.9,4.48,4.78,Completed
5025,7127,8979,450,5190,2025-07-19 04:13:29,2025-07-19 04:30:29,UberX,512.68,12.83,4.91,No Show
5026,4536,9169,8591,1515,2025-06-10 18:12:29,2025-06-10 18:32:29,UberBlack,359.12,12.26,4.02,Completed
5027,5658,6683,6711,6494,2024-02-01 18:00:54,2024-02-01 18:30:54,UberX,229.52,14.12,4.33,Completed
5028,4198,5410,3517,7676,2024-08-09 08:58:33,2024-08-09 09:16:33,UberPool,126.46,9.52,4.42,Completed
5029,5084,1986,6515,4300,2025-03-12 12:36:16,2025-03-12 13:06:16,UberPool,67.23,4.52,3.97,Completed
5030,516,1129,4402,8958,2025-02-12 17:14:28,2025-02-12 17:30:28,UberX,619.68,2.41,4.18,Completed
5031,7166,4983,9866,6565,2023-10-25 15:54:38,2023-10-25 16:24:38,UberPool,183.71,18.25,4.36,No Show
5032,89,3285,1717,3028,2025-07-10 16:10:29,2025-07-10 16:28:29,UberBlack,619.98,12.72,4.69,Completed
5033,6455,6382,2646,6516,2025-07-19 11:27:03,2025-07-19 12:08:03,UberPool,406.52,17.07,3.81,Completed
5034,6807,342,4594,9384,2024-03-15 02:07:03,2024-03-15 02:37:03,UberX,536.25,15.76,4.22,Completed
5035,8654,8212,6543,437,2024-12-23 16:07:39,2024-12-23 16:47:39,UberX,134.82,7.68,3.68,Completed
5036,3733,3588,8523,9609,2024-02-20 05:51:33,2024-02-20 06:27:33,UberPool,407.33,19.9,3.58,Completed
5037,1155,4350,6226,9085,2025-01-20 23:40:39,2025-01-21 00:04:39,UberPool,96.46,13.87,4.79,Completed
5038,7039,3154,3896,5881,2023-12-27 06:10:03,2023-12-27 06:41:03,UberBlack,109.09,15.31,3.56,Completed
5039,3080,8829,6333,227,2025-06-16 03:09:36,2025-06-16 03:16:36,UberPool,345.56,3.13,4.14,Completed
5040,1596,3626,4252,1448,2023-11-01 20:08:24,2023-11-01 20:28:24,UberPool,534.53,7.99,4.46,Completed
5041,2557,1956,6978,4306,2024-03-16 19:38:44,2024-03-16 19:46:44,UberPool,247.97,12.06,3.75,Completed
5042,7046,424,3144,4035,2025-05-13 20:43:20,2025-05-13 20:54:20,UberX,296.34,8.8,4.79,Completed
5043,4460,6752,2774,192,2023-08-23 01:45:13,2023-08-23 02:18:13,UberX,111.46,2.88,3.79,Completed
5044,7651,8429,1943,2620,2023-12-05 01:48:35,2023-12-05 02:21:35,UberX,69.15,12.06,4.93,Completed
5045,3198,5415,4931,8222,2023-09-06 20:47:35,2023-09-06 21:20:35,UberX,121.75,6.85,4.74,Completed
5046,3163,8697,9298,7651,2024-11-09 03:45:40,2024-11-09 04:12:40,UberBlack,541.77,2.63,4.58,Completed
5047,5714,6084,2319,2503,2023-12-15 09:51:51,2023-12-15 10:19:51,UberPool,650.42,18.76,4.76,Completed
5048,7702,656,4553,9979,2023-09-24 07:39:40,2023-09-24 07:50:40,UberX,264.04,5.32,3.92,Cancelled
5049,940,9535,5596,7575,2025-01-29 14:12:46,2025-01-29 14:33:46,UberPool,140.15,12.78,3.81,Completed
5050,5708,1344,4693,4930,2023-09-20 01:09:02,2023-09-20 01:16:02,UberPool,493.63,5.91,3.67,Completed
5051,9978,1811,9981,8339,2025-02-22 13:46:31,2025-02-22 14:29:31,UberPool,54.17,3.76,4.11,Completed
5052,1610,9159,4699,8990,2023-11-14 05:52:22,2023-11-14 06:30:22,UberX,395.4,19.16,4.38,Completed
5053,3043,6315,5318,1257,2024-12-19 19:00:56,2024-12-19 19:24:56,UberBlack,346.11,12.09,3.78,Completed
5054,3921,6350,1234,7176,2025-02-16 01:59:20,2025-02-16 02:34:20,UberX,399.15,10.92,3.85,Completed
5055,2627,1959,1473,2892,2024-08-28 23:14:51,2024-08-28 23:45:51,UberPool,429.32,4.05,4.55,Completed
5056,7219,9401,6974,703,2024-02-12 22:01:48,2024-02-12 22:08:48,UberBlack,308.63,10.68,4.63,Completed
5057,9900,9581,5036,5836,2025-02-10 11:05:56,2025-02-10 11:25:56,UberX,123.63,19.17,4.93,Completed
5058,3353,85,6588,6451,2024-02-23 09:20:28,2024-02-23 09:57:28,UberX,723.63,16.26,4.22,Completed
5059,3942,9143,8364,7220,2024-09-07 01:40:08,2024-09-07 02:13:08,UberX,797.82,3.34,4.3,Completed
5060,8839,7099,1127,1233,2024-06-27 07:03:50,2024-06-27 07:14:50,UberX,673.95,16.62,4.75,Completed
5061,9085,5743,3043,1222,2023-12-29 14:36:14,2023-12-29 14:43:14,UberX,744.86,8.75,4.71,Completed
5062,4638,2379,333,8202,2025-01-20 10:18:36,2025-01-20 11:02:36,UberBlack,678.51,8.21,4.73,Completed
5063,2653,6494,4824,8916,2025-06-01 23:44:25,2025-06-02 00:20:25,UberX,665.06,6.81,3.98,Completed
5064,9987,6952,5921,3486,2025-01-18 07:57:46,2025-01-18 08:02:46,UberBlack,155.92,5.1,3.6,Completed
5065,3803,1880,9279,3291,2024-05-20 18:45:01,2024-05-20 19:22:01,UberX,316.12,9.72,4.24,Completed
5066,4950,5255,9578,1742,2024-04-08 07:44:17,2024-04-08 08:12:17,UberPool,710.29,7.12,4.99,Completed
5067,4491,232,4163,4976,2025-06-29 09:44:41,2025-06-29 10:10:41,UberPool,528.02,8.5,4.68,Cancelled
5068,6827,960,7762,7495,2024-07-13 14:37:22,2024-07-13 14:57:22,UberPool,210.01,8.65,4.99,Completed
5069,1562,2981,2309,6234,2025-05-09 16:54:34,2025-05-09 17:05:34,UberX,191.16,8.51,3.53,Completed
5070,9250,4399,7441,3243,2025-01-14 21:20:45,2025-01-14 21:47:45,UberX,396.11,16.34,3.55,Completed
5071,7131,1498,9472,1375,2025-04-02 22:54:55,2025-04-02 23:27:55,UberPool,723.5,2.9,4.16,Completed
5072,4593,1444,9042,7171,2025-07-28 08:44:32,2025-07-28 09:02:32,UberBlack,120.26,16.65,4.72,Completed
5073,830,1882,4161,7277,2024-12-21 05:41:50,2024-12-21 06:09:50,UberPool,415.51,4.69,4.7,Completed
5074,1348,194,7695,1046,2024-08-22 11:23:04,2024-08-22 11:34:04,UberPool,79.99,10.57,4.29,Cancelled
5075,7591,7264,2343,8948,2025-03-06 15:06:56,2025-03-06 15:22:56,UberBlack,740.88,10.28,4.65,Completed
5076,5463,5979,1564,2195,2024-04-05 15:23:04,2024-04-05 15:38:04,UberPool,589.77,12.56,4.9,Completed
5077,997,7950,9675,3500,2024-02-23 11:43:07,2024-02-23 12:05:07,UberPool,353.14,6.59,4.6,Completed
5078,7218,4629,9747,111,2023-12-29 20:11:27,2023-12-29 20:54:27,UberPool,199.0,13.63,4.08,Completed
5079,5999,978,7378,281,2024-12-04 10:34:02,2024-12-04 10:56:02,UberBlack,175.19,9.59,4.17,Completed
5080,3052,1010,7574,8361,2024-07-22 22:46:38,2024-07-22 22:55:38,UberX,335.09,18.69,4.08,Completed
5081,1774,9096,3520,9764,2025-06-09 17:02:26,2025-06-09 17:43:26,UberX,85.14,14.03,4.27,Completed
5082,5454,6223,7465,2561,2025-06-11 05:00:42,2025-06-11 05:07:42,UberBlack,65.63,2.66,4.74,Completed
5083,8300,747,1148,3755,2023-12-22 23:28:42,2023-12-22 23:48:42,UberPool,565.07,3.17,3.73,Completed
5084,76,6870,1566,3387,2025-07-25 15:36:07,2025-07-25 15:56:07,UberBlack,773.35,15.36,4.66,Completed
5085,1685,8550,9290,943,2024-11-10 15:38:51,2024-11-10 16:20:51,UberPool,452.39,16.62,4.21,Completed
5086,1414,7320,9292,4262,2025-02-06 01:01:59,2025-02-06 01:37:59,UberX,675.58,7.96,4.71,Completed
5087,7827,3957,987,627,2024-04-09 01:54:42,2024-04-09 02:37:42,UberX,129.76,8.74,3.97,Completed
5088,7922,7709,5390,4646,2025-07-11 07:09:11,2025-07-11 07:40:11,UberBlack,713.95,6.72,3.56,Completed
5089,3017,3395,8241,3382,2024-03-17 03:38:10,2024-03-17 04:19:10,UberPool,696.82,9.45,4.05,Completed
5090,3039,8079,9963,8829,2023-09-24 08:23:07,2023-09-24 08:50:07,UberX,714.24,9.83,3.67,Completed
5091,1352,9612,9099,9939,2025-02-10 23:21:50,2025-02-10 23:32:50,UberX,375.73,7.92,3.73,Completed
5092,8637,3855,2435,3689,2024-12-30 18:30:38,2024-12-30 18:41:38,UberX,283.66,14.9,3.51,Completed
5093,7433,8842,1761,5738,2023-12-12 01:59:04,2023-12-12 02:30:04,UberX,117.56,1.12,4.82,Completed
5094,1264,7264,5260,6021,2025-07-25 08:41:54,2025-07-25 09:09:54,UberX,348.13,5.95,4.5,Completed
5095,6013,6225,5565,597,2025-04-10 17:22:29,2025-04-10 17:49:29,UberX,682.3,7.52,4.19,Completed
5096,7922,4635,5010,9094,2024-04-12 16:34:33,2024-04-12 16:54:33,UberX,51.1,11.72,4.22,Completed
5097,4914,1276,7168,2591,2025-02-14 15:29:19,2025-02-14 15:46:19,UberX,292.91,13.19,4.67,Completed
5098,2736,2582,2798,4425,2023-12-19 22:46:51,2023-12-19 23:25:51,UberPool,463.07,11.16,4.39,No Show
5099,7359,2949,7538,1840,2023-10-20 00:55:41,2023-10-20 01:04:41,UberX,697.27,7.6,4.58,Completed
5100,9012,8146,2434,3900,2025-03-06 06:27:53,2025-03-06 06:54:53,UberX,320.09,7.76,3.77,Completed
5101,3636,2245,5749,1301,2023-10-07 00:20:33,2023-10-07 01:04:33,UberX,494.42,5.24,3.59,Completed
5102,9183,7682,7586,8364,2025-02-27 10:42:41,2025-02-27 11:07:41,UberPool,97.09,13.57,3.87,Completed
5103,5122,9084,2934,8424,2023-11-06 02:35:04,2023-11-06 02:53:04,UberPool,446.76,5.77,4.19,Completed
5104,6863,8279,3941,6907,2025-04-17 06:45:07,2025-04-17 07:19:07,UberX,482.16,4.58,3.98,Completed
5105,4516,6178,2435,2307,2025-03-02 15:53:04,2025-03-02 16:12:04,UberPool,105.71,12.03,3.56,Cancelled
5106,2935,7486,2250,5933,2025-07-10 12:59:56,2025-07-10 13:37:56,UberX,94.13,14.94,4.57,Completed
5107,1858,8162,9996,6662,2025-08-03 10:18:53,2025-08-03 10:34:53,UberPool,210.17,16.53,4.36,Completed
5108,7730,1425,5189,7931,2025-01-26 12:11:13,2025-01-26 12:48:13,UberX,243.93,2.57,4.6,Cancelled
5109,2476,2139,918,6985,2024-06-07 21:58:46,2024-06-07 22:16:46,UberX,199.44,8.65,4.11,Completed
5110,5605,7678,9854,4606,2024-10-31 06:44:49,2024-10-31 07:11:49,UberX,248.62,7.67,4.6,Completed
5111,9514,8115,9188,420,2025-05-02 13:32:24,2025-05-02 13:57:24,UberX,643.24,1.69,4.83,Completed
5112,7207,1357,9812,5130,2024-07-12 08:54:31,2024-07-12 09:29:31,UberBlack,737.48,11.4,3.72,Completed
5113,5102,4706,5609,9948,2025-02-11 05:30:08,2025-02-11 06:07:08,UberBlack,199.88,19.25,4.03,Cancelled
5114,2969,2192,474,6569,2023-12-31 02:07:29,2023-12-31 02:24:29,UberPool,738.88,2.12,4.49,Completed
5115,3050,9801,1280,8613,2025-06-03 13:38:58,2025-06-03 13:50:58,UberPool,332.38,16.2,4.0,Cancelled
5116,7389,6087,4609,6522,2025-06-15 17:55:47,2025-06-15 18:16:47,UberPool,114.1,19.74,3.88,Cancelled
5117,8254,226,6284,6274,2024-06-07 19:52:52,2024-06-07 20:09:52,UberBlack,112.38,6.44,4.86,Completed
5118,6020,9837,3728,5580,2024-06-11 18:25:13,2024-06-11 18:44:13,UberX,355.81,5.68,4.16,Completed
5119,6498,1580,4221,4889,2024-05-19 05:11:51,2024-05-19 05:38:51,UberBlack,773.87,12.67,4.75,Cancelled
5120,678,900,5394,3405,2024-03-04 00:49:19,2024-03-04 01:09:19,UberPool,137.82,6.38,4.54,Completed
5121,9386,7570,6322,6076,2023-08-08 07:55:20,2023-08-08 08:32:20,UberPool,472.6,11.71,4.94,Completed
5122,9286,1263,9,1637,2025-03-05 08:19:15,2025-03-05 08:54:15,UberBlack,255.72,13.13,3.83,Completed
5123,9559,7482,7336,8243,2025-03-07 16:57:28,2025-03-07 17:24:28,UberX,404.92,19.44,4.25,Completed
5124,9343,7073,7299,7373,2025-07-24 22:17:05,2025-07-24 22:25:05,UberX,68.98,16.3,4.51,Completed
5125,6190,6209,9548,5297,2024-12-16 01:12:45,2024-12-16 01:31:45,UberPool,600.69,13.4,3.69,Completed
5126,5003,4616,3679,882,2025-06-28 01:49:43,2025-06-28 02:06:43,UberX,660.01,20.0,4.33,Completed
5127,1445,511,8452,4587,2024-09-16 11:46:00,2024-09-16 11:58:00,UberPool,788.13,14.44,3.95,Completed
5128,9632,6002,6999,442,2023-08-31 12:05:38,2023-08-31 12:32:38,UberBlack,762.88,16.96,4.51,Completed
5129,2624,6780,4922,8391,2023-09-07 21:03:31,2023-09-07 21:47:31,UberPool,418.53,6.44,4.27,No Show
5130,8545,4725,7211,1855,2025-07-10 22:11:35,2025-07-10 22:25:35,UberX,361.81,19.88,4.92,Completed
5131,7600,6754,2428,4383,2024-03-08 20:46:46,2024-03-08 21:04:46,UberBlack,408.02,6.53,4.26,Completed
5132,6650,6571,3979,1517,2024-01-05 18:00:26,2024-01-05 18:40:26,UberX,687.32,12.08,3.66,Completed
5133,487,4835,1140,4900,2024-09-06 03:54:06,2024-09-06 03:59:06,UberX,127.07,14.1,4.7,No Show
5134,3492,934,699,817,2024-06-07 03:40:35,2024-06-07 04:10:35,UberPool,522.25,17.45,4.74,Completed
5135,4084,8095,1558,3281,2025-03-22 09:01:11,2025-03-22 09:27:11,UberBlack,455.19,12.61,3.93,Completed
5136,6454,5609,7729,2688,2024-04-18 03:19:02,2024-04-18 03:48:02,UberX,446.44,14.12,4.85,Completed
5137,5620,4125,1274,7399,2023-12-26 00:10:35,2023-12-26 00:34:35,UberPool,489.61,5.99,4.49,Completed
5138,1426,1340,4687,164,2024-06-17 00:46:30,2024-06-17 00:57:30,UberBlack,499.72,16.81,4.81,Cancelled
5139,4012,3520,1056,3551,2025-05-29 15:30:32,2025-05-29 16:10:32,UberPool,484.98,18.61,3.62,Completed
5140,4996,9771,3881,6745,2024-09-14 10:48:07,2024-09-14 11:14:07,UberX,295.04,5.64,4.17,Completed
5141,9855,7399,1979,8696,2024-03-14 15:37:22,2024-03-14 15:42:22,UberPool,780.91,16.7,4.44,Completed
5142,7103,2497,6483,5977,2023-10-10 11:12:26,2023-10-10 11:26:26,UberX,454.88,16.27,3.93,Completed
5143,2003,4059,2531,2422,2024-10-06 12:11:11,2024-10-06 12:32:11,UberBlack,213.3,5.99,4.55,Completed
5144,7160,5126,4872,4616,2025-03-06 07:03:22,2025-03-06 07:13:22,UberX,579.75,16.51,4.59,Completed
5145,1207,7814,642,8884,2025-02-28 00:10:47,2025-02-28 00:31:47,UberPool,160.87,7.79,4.37,Completed
5146,4633,8871,8239,8509,2024-07-04 08:43:21,2024-07-04 08:55:21,UberPool,683.28,12.52,4.74,Completed
5147,2169,9474,9564,2541,2025-02-16 09:08:01,2025-02-16 09:24:01,UberPool,105.55,4.13,3.96,Completed
5148,6954,7464,4283,1093,2023-08-26 21:14:42,2023-08-26 21:48:42,UberX,695.08,18.96,3.65,Completed
5149,8012,8583,8831,3646,2024-04-07 14:42:11,2024-04-07 15:06:11,UberX,353.4,11.52,3.97,Completed
5150,4755,3953,5167,2359,2024-01-08 23:34:11,2024-01-08 23:58:11,UberPool,769.52,10.69,3.62,Cancelled
5151,9089,886,3376,8844,2024-11-26 17:57:53,2024-11-26 18:31:53,UberBlack,714.17,9.93,3.51,Completed
5152,8942,159,5458,3197,2023-09-05 12:36:54,2023-09-05 12:52:54,UberPool,135.75,7.75,4.04,Completed
5153,6106,6518,4536,6243,2025-06-08 18:09:33,2025-06-08 18:14:33,UberBlack,422.03,15.17,3.72,Completed
5154,6048,4752,7306,7133,2023-09-09 19:07:52,2023-09-09 19:19:52,UberX,762.08,3.88,4.98,Completed
5155,4875,4819,6627,4574,2024-12-01 04:24:49,2024-12-01 05:03:49,UberX,272.74,5.28,4.62,Completed
5156,7514,9860,1026,7926,2023-08-06 23:37:14,2023-08-07 00:21:14,UberX,696.57,4.28,4.31,Completed
5157,4492,6548,2948,7984,2025-08-04 08:08:10,2025-08-04 08:17:10,UberPool,536.49,17.05,3.67,Completed
5158,4833,9888,3602,6435,2025-05-05 19:12:33,2025-05-05 19:42:33,UberX,730.74,2.51,3.69,Completed
5159,7448,5006,3369,1129,2024-05-11 13:38:27,2024-05-11 14:21:27,UberPool,445.87,1.45,3.71,Completed
5160,4030,8096,8869,1414,2024-10-15 09:31:44,2024-10-15 10:10:44,UberPool,693.18,8.66,4.0,Completed
5161,1660,7278,8161,5903,2025-03-14 08:15:17,2025-03-14 08:30:17,UberPool,349.05,17.43,4.95,Completed
5162,8278,9789,2831,8037,2024-03-07 14:02:31,2024-03-07 14:21:31,UberX,74.9,3.79,3.56,Completed
5163,4160,3294,2851,94,2025-07-27 10:36:12,2025-07-27 10:50:12,UberX,778.81,6.36,4.42,Completed
5164,8076,666,369,8496,2024-09-15 19:42:55,2024-09-15 20:08:55,UberPool,124.21,13.14,3.75,Completed
5165,2062,3687,5155,5271,2025-03-22 20:52:51,2025-03-22 21:10:51,UberX,464.86,8.17,4.03,Completed
5166,684,9273,8500,3311,2023-10-16 09:11:10,2023-10-16 09:19:10,UberX,737.64,4.94,4.96,Completed
5167,6807,9869,4995,4360,2024-02-11 07:08:30,2024-02-11 07:25:30,UberBlack,517.06,16.04,3.76,Completed
5168,3711,2011,7368,1839,2024-06-20 17:08:32,2024-06-20 17:44:32,UberX,675.13,7.93,4.27,Completed
5169,9734,9501,3842,1994,2025-01-15 18:35:11,2025-01-15 19:19:11,UberPool,347.92,2.13,4.07,Completed
5170,362,641,5016,3592,2025-03-12 17:26:06,2025-03-12 18:04:06,UberX,322.39,10.87,4.38,Completed
5171,2253,3430,7936,415,2024-12-18 00:55:31,2024-12-18 01:19:31,UberBlack,233.95,2.97,4.38,Cancelled
5172,3070,628,2126,3393,2024-11-07 16:43:55,2024-11-07 16:54:55,UberBlack,141.87,4.9,4.76,Completed
5173,2969,1404,9375,5946,2025-06-01 21:04:26,2025-06-01 21:33:26,UberBlack,742.92,8.42,4.05,Completed
5174,3475,9494,1165,3002,2024-04-29 23:23:21,2024-04-29 23:40:21,UberBlack,724.69,12.23,3.77,Completed
5175,7136,5452,9570,8470,2024-06-25 08:27:35,2024-06-25 09:06:35,UberPool,348.88,15.24,4.45,Completed
5176,9939,4153,7169,4591,2025-03-24 09:06:17,2025-03-24 09:36:17,UberBlack,706.42,4.13,3.87,Completed
5177,384,6413,1498,8152,2024-04-07 19:28:30,2024-04-07 20:12:30,UberX,688.68,6.0,4.72,Completed
5178,8832,8041,247,4388,2025-07-06 04:43:51,2025-07-06 05:22:51,UberPool,486.74,14.03,3.72,Completed
5179,1823,3442,2412,2506,2024-06-22 04:34:40,2024-06-22 05:11:40,UberBlack,623.57,5.04,3.64,Completed
5180,4181,97,2607,6053,2024-04-28 09:17:21,2024-04-28 09:48:21,UberPool,232.61,4.64,3.6,Completed
5181,9599,6848,433,9616,2024-06-18 17:32:22,2024-06-18 17:40:22,UberX,395.8,12.04,4.69,No Show
5182,6573,488,8924,2515,2024-06-08 09:43:37,2024-06-08 10:23:37,UberX,394.81,1.32,4.54,Completed
5183,9468,5415,6677,2938,2024-06-07 21:22:46,2024-06-07 21:33:46,UberX,259.86,8.33,3.62,Completed
5184,5887,2699,1055,9883,2024-02-07 11:55:50,2024-02-07 12:18:50,UberPool,537.7,14.08,4.01,No Show
5185,3485,8812,6509,3363,2024-01-06 13:47:10,2024-01-06 14:04:10,UberX,237.17,12.32,4.53,Completed
5186,2845,8835,4903,6227,2023-09-09 15:02:18,2023-09-09 15:31:18,UberBlack,71.18,19.17,3.79,Cancelled
5187,9098,2161,2670,976,2025-01-22 20:14:57,2025-01-22 20:26:57,UberPool,288.35,14.11,4.16,Completed
5188,302,2751,1958,8639,2024-10-07 21:39:37,2024-10-07 22:10:37,UberBlack,79.17,3.73,3.96,No Show
5189,5237,6481,4202,4628,2023-08-12 21:30:03,2023-08-12 22:13:03,UberBlack,500.51,14.47,4.09,Completed
5190,5619,6330,2721,2748,2023-12-10 20:25:58,2023-12-10 21:00:58,UberPool,170.84,5.68,4.29,No Show
5191,1508,4784,2477,1086,2025-07-28 07:40:58,2025-07-28 08:02:58,UberPool,741.81,7.35,4.13,Completed
5192,7875,5910,7512,2451,2024-04-19 07:20:31,2024-04-19 07:28:31,UberX,52.63,16.97,3.53,Completed
5193,4269,711,5829,8780,2024-02-19 21:21:38,2024-02-19 22:05:38,UberX,319.21,10.53,3.77,Completed
5194,9696,8799,9958,8532,2024-01-19 07:31:51,2024-01-19 07:48:51,UberX,555.13,6.71,3.74,Completed
5195,3425,7141,8795,6395,2024-08-03 10:55:44,2024-08-03 11:26:44,UberPool,347.97,15.59,3.61,Completed
5196,5669,5083,153,8930,2024-01-14 00:11:33,2024-01-14 00:38:33,UberBlack,244.22,12.14,4.04,Completed
5197,6736,5830,1051,9324,2023-10-23 18:32:41,2023-10-23 18:57:41,UberPool,716.46,4.51,4.64,Cancelled
5198,8562,7812,9934,4369,2025-06-03 19:24:53,2025-06-03 19:29:53,UberBlack,630.82,8.14,4.1,Completed
5199,6721,7931,5127,4558,2024-06-04 13:51:21,2024-06-04 14:10:21,UberPool,442.97,4.61,4.26,Completed
5200,4298,3346,3493,2520,2024-07-19 01:21:35,2024-07-19 01:50:35,UberBlack,303.13,11.53,4.21,Completed
5201,5789,1967,210,8731,2024-06-26 12:37:53,2024-06-26 13:14:53,UberX,798.29,17.25,3.75,Completed
5202,8017,847,7321,6819,2024-11-21 10:59:06,2024-11-21 11:26:06,UberX,739.68,18.33,3.58,Completed
5203,8242,2359,3956,6099,2024-08-28 21:05:22,2024-08-28 21:44:22,UberPool,373.71,3.69,4.9,Completed
5204,8606,5545,8627,7124,2024-07-29 07:29:55,2024-07-29 08:10:55,UberX,129.52,17.06,3.79,Completed
5205,3885,1379,7698,1355,2024-04-05 05:55:08,2024-04-05 06:10:08,UberPool,450.29,12.55,3.57,Completed
5206,7114,3116,3662,7552,2023-11-10 14:31:59,2023-11-10 15:16:59,UberX,495.21,7.5,4.32,No Show
5207,4680,9487,4099,1493,2025-03-01 20:21:16,2025-03-01 20:42:16,UberX,229.99,7.39,4.26,Completed
5208,9732,1730,2293,2197,2025-01-12 17:04:02,2025-01-12 17:41:02,UberBlack,474.7,13.69,4.98,Completed
5209,2849,518,7865,4512,2025-02-08 05:01:32,2025-02-08 05:44:32,UberX,659.05,8.84,4.61,Completed
5210,3902,8511,7590,723,2025-03-31 14:19:37,2025-03-31 14:38:37,UberBlack,513.84,8.33,4.33,Completed
5211,1648,7410,2857,2399,2025-03-21 00:14:55,2025-03-21 00:31:55,UberBlack,392.88,3.64,3.74,Completed
5212,7735,888,6111,382,2024-04-02 07:36:03,2024-04-02 08:04:03,UberPool,650.64,2.08,4.84,Completed
5213,7825,653,9251,608,2025-02-20 14:00:36,2025-02-20 14:16:36,UberX,511.53,9.76,4.83,Completed
5214,6642,1263,413,5037,2024-06-09 09:41:40,2024-06-09 10:23:40,UberBlack,79.05,13.32,4.38,Completed
5215,5529,6755,860,594,2024-02-25 09:28:06,2024-02-25 09:47:06,UberBlack,775.78,17.09,4.04,Completed
5216,5074,3269,3371,4569,2024-06-08 00:32:49,2024-06-08 01:05:49,UberBlack,125.31,3.25,3.97,Completed
5217,5823,9655,9944,2412,2023-08-23 10:15:00,2023-08-23 10:51:00,UberPool,799.89,8.28,3.65,Completed
5218,7195,2511,8502,8251,2025-01-29 02:37:47,2025-01-29 02:55:47,UberX,383.15,7.65,4.68,Completed
5219,345,4394,6628,9914,2025-05-27 17:22:41,2025-05-27 17:37:41,UberPool,797.91,16.89,3.68,Completed
5220,1628,5513,7606,3749,2024-06-07 06:38:23,2024-06-07 07:04:23,UberPool,480.1,16.2,3.97,No Show
5221,9900,4706,3155,7479,2023-12-27 13:13:38,2023-12-27 13:42:38,UberX,534.17,18.65,4.58,Completed
5222,6106,8852,5738,7065,2025-07-14 22:20:05,2025-07-14 22:27:05,UberBlack,283.52,12.11,4.24,Completed
5223,1168,4949,7364,7719,2024-04-06 11:28:12,2024-04-06 12:01:12,UberX,327.03,5.4,4.14,Cancelled
5224,4425,6774,7534,746,2025-02-09 15:04:36,2025-02-09 15:20:36,UberX,371.47,15.84,4.32,No Show
5225,4358,7703,3261,6739,2025-01-08 04:11:03,2025-01-08 04:53:03,UberPool,531.59,17.11,4.07,Completed
5226,4724,5898,6542,3760,2023-09-29 22:43:08,2023-09-29 23:09:08,UberPool,579.09,15.88,3.99,Completed
5227,8678,3149,7051,3967,2023-08-30 00:52:52,2023-08-30 01:27:52,UberPool,398.36,5.12,4.62,Completed
5228,9292,2659,1068,4992,2024-03-01 05:37:00,2024-03-01 06:09:00,UberPool,688.36,10.98,3.62,Completed
5229,3703,7881,9648,261,2024-10-03 05:59:54,2024-10-03 06:37:54,UberPool,686.25,12.18,4.48,Completed
5230,8684,3771,3162,7984,2025-08-01 18:49:27,2025-08-01 19:10:27,UberX,81.13,7.92,3.99,Completed
5231,4454,8687,520,958,2023-12-19 09:54:00,2023-12-19 10:13:00,UberPool,785.87,5.13,3.71,Cancelled
5232,7269,5232,6711,8203,2025-03-17 13:22:19,2025-03-17 14:01:19,UberX,744.88,4.98,3.64,Completed
5233,7944,8115,3079,8545,2024-08-31 04:22:44,2024-08-31 04:54:44,UberPool,344.49,4.64,4.2,Completed
5234,8970,6614,6326,7394,2023-09-15 20:05:42,2023-09-15 20:16:42,UberBlack,502.36,9.67,3.66,Completed
5235,9964,212,2381,3800,2023-10-02 04:34:47,2023-10-02 04:50:47,UberBlack,759.43,8.82,4.75,Cancelled
5236,2644,2862,7867,6586,2025-01-06 15:29:48,2025-01-06 16:05:48,UberX,161.24,5.07,3.75,Completed
5237,7649,114,5527,7084,2024-07-24 22:13:13,2024-07-24 22:51:13,UberBlack,137.73,15.53,4.35,Completed
5238,7395,7629,4623,4351,2025-03-08 18:00:07,2025-03-08 18:33:07,UberBlack,338.85,8.85,4.61,Completed
5239,9991,6732,2849,1248,2024-03-15 05:59:48,2024-03-15 06:05:48,UberBlack,508.42,5.57,4.91,Completed
5240,4767,2318,5846,766,2024-05-01 14:56:43,2024-05-01 15:01:43,UberPool,280.82,11.11,4.79,Completed
5241,8601,824,9400,3755,2024-03-29 00:47:22,2024-03-29 01:19:22,UberPool,566.63,16.3,4.64,Completed
5242,902,7274,744,2911,2024-07-06 16:22:18,2024-07-06 16:52:18,UberPool,119.28,11.85,3.82,Completed
5243,5595,2952,1002,6380,2024-11-15 06:27:39,2024-11-15 06:48:39,UberX,344.19,16.43,4.81,Completed
5244,6633,1880,7143,116,2024-06-11 19:22:06,2024-06-11 19:57:06,UberBlack,184.16,13.54,4.81,Completed
5245,3743,8375,775,9657,2024-06-13 18:10:59,2024-06-13 18:47:59,UberPool,712.52,8.99,3.96,Cancelled
5246,6895,1473,6134,267,2023-12-22 01:22:15,2023-12-22 01:57:15,UberPool,588.68,7.95,4.22,Completed
5247,7598,5717,6032,1070,2024-06-30 12:24:13,2024-06-30 12:57:13,UberPool,117.02,7.8,3.75,Completed
5248,9674,4401,1897,914,2024-03-20 12:48:19,2024-03-20 13:29:19,UberBlack,639.06,7.15,3.82,Completed
5249,708,4636,926,4398,2025-07-10 13:42:03,2025-07-10 14:05:03,UberBlack,245.33,3.16,4.89,Completed
5250,3767,9207,5628,944,2024-09-25 02:54:09,2024-09-25 03:34:09,UberBlack,626.79,9.94,4.45,Completed
5251,5146,6325,8402,6939,2024-10-22 12:00:41,2024-10-22 12:37:41,UberBlack,559.79,4.43,4.83,Completed
5252,8026,3695,9888,2325,2024-12-11 13:56:39,2024-12-11 14:02:39,UberBlack,354.06,1.49,4.72,Completed
5253,2561,8092,9792,517,2024-08-12 03:08:57,2024-08-12 03:16:57,UberX,331.3,13.81,4.66,Completed
5254,2555,5083,8510,2452,2024-01-07 13:08:06,2024-01-07 13:28:06,UberPool,494.89,5.41,3.69,Cancelled
5255,8897,3877,8335,8265,2025-08-03 10:15:12,2025-08-03 11:00:12,UberX,435.61,7.05,4.22,Completed
5256,4043,7326,5424,4338,2024-12-18 17:40:50,2024-12-18 18:18:50,UberBlack,777.6,16.3,4.1,Cancelled
5257,4657,1501,2184,5138,2023-08-09 19:26:47,2023-08-09 19:52:47,UberPool,281.18,13.46,3.98,Completed
5258,2540,9586,8529,5606,2023-10-25 22:33:04,2023-10-25 22:53:04,UberBlack,199.8,11.6,4.24,Completed
5259,6180,7759,9105,2334,2023-12-27 03:09:31,2023-12-27 03:30:31,UberX,71.31,6.01,4.03,Completed
5260,3416,9164,9593,3126,2024-01-14 03:09:10,2024-01-14 03:38:10,UberPool,351.28,19.05,4.5,Completed
5261,2624,8350,9400,1666,2025-03-17 20:55:49,2025-03-17 21:20:49,UberX,477.36,17.3,4.61,Completed
5262,8303,7377,6098,4742,2023-09-24 00:27:39,2023-09-24 01:03:39,UberBlack,252.44,1.81,4.22,Completed
5263,9527,8533,5853,8459,2025-05-09 00:44:36,2025-05-09 01:05:36,UberBlack,165.67,17.12,4.86,Completed
5264,7590,6668,2646,6159,2025-02-06 11:31:42,2025-02-06 12:13:42,UberBlack,337.45,12.98,4.74,Completed
5265,205,8896,5456,749,2024-11-26 16:22:55,2024-11-26 17:00:55,UberBlack,632.86,5.74,3.97,Completed
5266,8628,5678,5850,3404,2025-01-12 04:59:13,2025-01-12 05:44:13,UberBlack,770.06,14.85,4.26,No Show
5267,1162,1933,949,3330,2025-04-10 08:32:47,2025-04-10 08:59:47,UberBlack,655.93,4.72,4.7,Completed
5268,6677,5900,3884,8406,2024-10-19 03:33:29,2024-10-19 04:13:29,UberPool,310.59,11.25,4.03,Completed
5269,3906,9867,5686,5812,2024-05-13 21:34:28,2024-05-13 22:06:28,UberBlack,541.25,16.42,4.43,Completed
5270,8778,7341,2932,3253,2024-12-03 16:54:00,2024-12-03 17:24:00,UberX,465.99,16.27,3.91,Completed
5271,4121,47,2786,5107,2025-06-11 21:53:41,2025-06-11 22:37:41,UberX,617.93,19.79,4.41,Cancelled
5272,8672,6949,4269,8456,2024-06-07 13:22:30,2024-06-07 13:43:30,UberX,507.82,17.7,4.84,Completed
5273,3157,667,2423,3032,2024-06-02 00:13:28,2024-06-02 00:57:28,UberPool,758.52,12.03,4.42,Completed
5274,5061,1824,5310,6237,2023-12-08 23:38:03,2023-12-09 00:10:03,UberX,167.06,16.82,3.76,Cancelled
5275,1738,5841,6250,4960,2024-06-09 10:39:30,2024-06-09 11:08:30,UberPool,593.9,5.26,3.5,Completed
5276,8863,3117,4885,4207,2024-10-22 16:47:37,2024-10-22 16:53:37,UberPool,728.42,9.46,4.96,Completed
5277,1515,5792,5902,2771,2024-08-08 19:19:37,2024-08-08 19:44:37,UberPool,791.29,4.43,4.27,Cancelled
5278,3589,5846,758,2906,2024-11-09 15:36:07,2024-11-09 15:46:07,UberX,355.83,19.83,4.8,Completed
5279,6813,7282,7419,7755,2024-04-27 18:31:37,2024-04-27 19:10:37,UberBlack,536.88,2.04,4.25,Completed
5280,4614,8602,4590,945,2025-05-23 17:32:14,2025-05-23 17:51:14,UberBlack,567.37,2.05,3.58,Completed
5281,3057,832,2941,5390,2024-05-09 21:47:26,2024-05-09 22:13:26,UberBlack,499.17,8.72,4.77,Completed
5282,2316,7658,2065,3511,2024-01-12 15:39:05,2024-01-12 16:24:05,UberBlack,524.48,5.44,3.57,Completed
5283,9509,7783,8974,4002,2025-01-27 06:08:00,2025-01-27 06:23:00,UberBlack,432.14,18.88,4.08,Completed
5284,6389,2089,8576,1767,2024-06-03 14:40:14,2024-06-03 14:52:14,UberBlack,520.25,4.48,3.96,Completed
5285,2514,3176,9010,3461,2025-03-23 08:27:25,2025-03-23 08:42:25,UberPool,297.22,13.38,3.94,Completed
5286,9516,6757,3892,6078,2023-08-21 12:56:56,2023-08-21 13:35:56,UberPool,219.82,2.48,4.57,Completed
5287,7663,7053,9064,8998,2024-06-18 17:51:49,2024-06-18 18:25:49,UberBlack,688.73,9.04,4.93,Completed
5288,3905,1983,33,1613,2024-03-10 08:27:04,2024-03-10 08:48:04,UberPool,262.87,3.18,3.57,Cancelled
5289,8726,6741,337,6985,2024-10-23 10:00:36,2024-10-23 10:19:36,UberPool,392.83,8.52,4.59,Completed
5290,9737,8660,885,6387,2024-06-05 22:31:58,2024-06-05 22:56:58,UberPool,485.21,18.38,3.84,Completed
5291,1714,3499,985,5470,2024-12-21 03:55:31,2024-12-21 04:29:31,UberBlack,131.3,14.83,3.95,Completed
5292,8657,1369,5366,6381,2023-11-21 00:01:16,2023-11-21 00:41:16,UberPool,376.39,6.69,4.32,Completed
5293,8562,5405,6406,2382,2025-07-02 18:04:51,2025-07-02 18:14:51,UberPool,442.99,6.38,4.68,Completed
5294,8020,5177,112,2474,2023-11-06 13:10:16,2023-11-06 13:24:16,UberBlack,270.2,7.56,4.18,Completed
5295,204,3848,5746,7703,2025-03-30 23:10:50,2025-03-30 23:42:50,UberBlack,131.64,13.46,3.56,Completed
5296,2094,6072,3430,3114,2024-10-17 14:34:36,2024-10-17 14:57:36,UberX,727.73,4.22,4.98,Completed
5297,846,5846,3403,4061,2024-08-14 13:02:17,2024-08-14 13:37:17,UberPool,679.39,10.19,4.53,Completed
5298,4880,7593,7130,7756,2024-07-04 16:09:51,2024-07-04 16:29:51,UberBlack,605.93,8.87,3.53,Completed
5299,516,2000,6152,6488,2024-05-01 14:50:47,2024-05-01 15:09:47,UberBlack,106.84,16.95,4.55,Completed
5300,1906,7553,2173,2497,2025-02-20 21:02:56,2025-02-20 21:42:56,UberBlack,87.29,6.4,3.92,Cancelled
5301,6986,6185,715,7982,2025-05-28 04:39:28,2025-05-28 04:54:28,UberBlack,497.47,12.8,4.27,Completed
5302,3130,5547,4684,5384,2024-08-31 05:17:51,2024-08-31 05:53:51,UberBlack,310.45,16.68,3.84,Completed
5303,2373,2947,7323,7823,2024-09-16 23:26:26,2024-09-17 00:04:26,UberX,799.61,5.91,4.29,Completed
5304,3548,3294,3186,6595,2024-06-10 17:22:03,2024-06-10 17:36:03,UberBlack,757.59,19.46,4.97,Completed
5305,1660,337,9751,473,2024-12-28 06:06:57,2024-12-28 06:47:57,UberBlack,751.53,10.01,4.47,Completed
5306,5084,1326,7611,3132,2023-08-26 06:37:55,2023-08-26 06:55:55,UberBlack,186.9,3.39,4.5,Completed
5307,3669,3294,9380,9996,2025-02-03 04:29:06,2025-02-03 04:57:06,UberPool,544.77,3.0,3.85,Completed
5308,5874,4228,5726,5656,2024-10-04 04:06:19,2024-10-04 04:14:19,UberPool,130.22,4.88,4.52,Completed
5309,859,3587,488,2857,2023-11-01 10:18:48,2023-11-01 10:31:48,UberBlack,678.16,1.07,4.51,Completed
5310,7179,7772,5372,6116,2025-02-15 14:06:23,2025-02-15 14:34:23,UberPool,76.93,17.86,4.6,Completed
5311,3031,6357,2832,202,2025-05-25 07:57:14,2025-05-25 08:14:14,UberBlack,349.89,18.88,4.0,Completed
5312,8517,3997,721,2932,2025-05-13 11:04:20,2025-05-13 11:47:20,UberBlack,488.27,2.98,4.68,Completed
5313,2174,363,8550,847,2023-12-14 12:29:23,2023-12-14 12:44:23,UberX,103.45,14.01,3.91,Completed
5314,6546,1699,6835,2287,2024-05-04 12:15:07,2024-05-04 12:52:07,UberX,513.49,9.41,4.47,Completed
5315,8874,982,1530,5857,2025-06-26 07:01:29,2025-06-26 07:26:29,UberPool,315.14,11.54,4.66,Completed
5316,799,4054,8687,5356,2023-11-07 14:14:53,2023-11-07 14:51:53,UberBlack,579.42,7.86,4.51,Completed
5317,7075,7238,9428,2789,2024-12-15 00:42:47,2024-12-15 00:49:47,UberBlack,571.18,12.77,4.62,Completed
5318,8987,7421,32,209,2025-02-04 10:38:36,2025-02-04 11:15:36,UberX,654.35,7.49,4.66,Completed
5319,603,3260,8678,9396,2023-10-08 18:54:28,2023-10-08 19:26:28,UberBlack,278.55,8.16,4.78,Completed
5320,1863,4542,3901,4335,2025-07-27 05:09:16,2025-07-27 05:53:16,UberBlack,771.68,15.21,4.92,Completed
5321,5851,9591,9350,6067,2024-01-22 05:48:32,2024-01-22 06:04:32,UberBlack,471.48,16.13,3.64,Completed
5322,2173,2170,4030,4979,2024-01-29 15:06:02,2024-01-29 15:12:02,UberBlack,183.54,9.71,4.49,Completed
5323,7054,3145,3918,7474,2024-11-28 05:00:51,2024-11-28 05:25:51,UberPool,503.61,5.19,3.91,Completed
5324,9088,6234,9656,6589,2024-09-12 14:34:02,2024-09-12 15:10:02,UberX,335.67,17.5,4.11,Completed
5325,9317,6566,6694,5523,2024-11-03 02:38:16,2024-11-03 02:59:16,UberX,91.37,7.11,4.64,Cancelled
5326,4910,7411,2195,1270,2024-08-27 11:24:16,2024-08-27 11:37:16,UberX,486.2,1.32,3.8,Completed
5327,544,3792,1515,2385,2024-08-09 15:24:08,2024-08-09 15:33:08,UberPool,643.9,7.92,3.57,Completed
5328,2669,9313,2264,5330,2023-12-18 00:24:13,2023-12-18 00:56:13,UberPool,360.53,2.45,4.22,Cancelled
5329,2514,4353,9887,4492,2025-03-12 19:04:51,2025-03-12 19:44:51,UberBlack,641.07,16.94,4.07,Completed
5330,6536,754,8508,5373,2024-08-24 07:16:16,2024-08-24 07:55:16,UberBlack,56.97,12.98,4.07,Completed
5331,4385,9164,3873,4912,2023-09-13 16:47:47,2023-09-13 17:32:47,UberPool,490.54,12.45,4.23,Completed
5332,3970,2750,2461,4882,2024-10-24 08:11:21,2024-10-24 08:46:21,UberX,792.79,18.56,4.15,Completed
5333,7865,7238,2367,13,2025-06-23 03:55:55,2025-06-23 04:34:55,UberPool,555.37,13.31,4.71,Completed
5334,5244,3248,6054,3168,2025-07-02 08:37:10,2025-07-02 09:16:10,UberPool,108.88,9.2,4.09,Completed
5335,6291,1671,4522,2004,2025-05-13 01:56:53,2025-05-13 02:15:53,UberBlack,187.95,18.12,4.35,Completed
5336,3329,6406,5244,8906,2024-02-27 17:50:50,2024-02-27 18:24:50,UberBlack,773.65,3.9,3.61,Completed
5337,7063,1378,230,3837,2023-09-27 05:26:57,2023-09-27 06:07:57,UberBlack,496.52,16.46,4.5,Completed
5338,5988,455,2715,1656,2024-05-26 17:33:16,2024-05-26 17:59:16,UberPool,795.07,14.74,4.21,Cancelled
5339,2995,1776,2466,9492,2024-10-09 06:21:50,2024-10-09 06:31:50,UberPool,285.32,12.88,3.63,Completed
5340,7454,8765,8629,7489,2024-04-01 01:22:21,2024-04-01 01:48:21,UberPool,468.86,4.69,4.53,Completed
5341,6457,2859,1833,527,2023-09-22 16:51:57,2023-09-22 16:56:57,UberX,186.26,4.82,4.54,Completed
5342,2591,4922,5641,1802,2025-06-24 14:05:02,2025-06-24 14:13:02,UberX,604.44,13.82,3.63,Completed
5343,48,166,5977,3389,2024-06-09 16:46:29,2024-06-09 17:31:29,UberX,727.92,16.26,4.49,Completed
5344,2029,6189,7850,2103,2025-01-12 16:48:15,2025-01-12 17:31:15,UberBlack,184.23,10.8,3.71,Completed
5345,4112,8627,8005,4846,2023-09-29 09:46:06,2023-09-29 10:17:06,UberX,108.17,1.46,3.58,Completed
5346,1108,7915,7834,5302,2025-06-01 08:22:52,2025-06-01 08:56:52,UberBlack,347.64,5.1,4.41,Completed
5347,6326,5870,6552,3611,2024-05-14 13:17:31,2024-05-14 13:51:31,UberBlack,346.13,17.29,4.18,Completed
5348,4179,5448,7618,2318,2024-08-14 22:39:01,2024-08-14 23:01:01,UberBlack,72.93,12.38,4.04,Completed
5349,132,1582,9127,5522,2025-01-16 18:19:15,2025-01-16 18:50:15,UberBlack,609.71,11.16,4.27,Cancelled
5350,6119,5372,6053,3167,2023-12-31 22:19:35,2023-12-31 22:44:35,UberBlack,750.79,19.73,3.99,Completed
5351,1022,2697,7539,6494,2025-05-02 02:22:38,2025-05-02 02:53:38,UberBlack,415.34,14.18,4.44,Completed
5352,8365,6580,4201,2178,2024-06-29 23:30:09,2024-06-30 00:06:09,UberBlack,296.55,15.97,4.51,Completed
5353,2140,6349,3230,4978,2024-02-06 06:45:46,2024-02-06 07:07:46,UberX,498.97,19.87,4.19,Completed
5354,8579,1295,7885,115,2024-05-10 09:14:07,2024-05-10 09:41:07,UberBlack,407.86,17.97,3.59,Completed
5355,3241,4964,4971,2345,2024-06-21 07:07:34,2024-06-21 07:49:34,UberPool,363.95,5.02,3.73,Completed
5356,5328,8872,1841,8639,2023-10-05 18:36:02,2023-10-05 18:50:02,UberBlack,115.2,8.67,4.65,Completed
5357,857,201,9910,29,2025-04-28 07:02:29,2025-04-28 07:44:29,UberBlack,454.17,13.8,4.07,Completed
5358,8838,2587,65,9999,2025-06-12 16:42:59,2025-06-12 17:25:59,UberBlack,326.31,14.01,4.67,Completed
5359,1680,360,25,3891,2024-11-15 18:40:35,2024-11-15 19:08:35,UberX,236.12,5.98,3.89,Completed
5360,3086,8100,9839,7898,2025-03-12 10:39:00,2025-03-12 10:51:00,UberPool,691.4,6.54,4.43,Completed
5361,8133,159,4671,2325,2025-01-15 01:45:02,2025-01-15 01:59:02,UberPool,233.59,1.69,4.35,Completed
5362,1071,3691,3060,3557,2023-09-06 15:54:38,2023-09-06 16:36:38,UberBlack,170.4,2.3,4.35,Completed
5363,1484,3523,679,6597,2024-07-05 07:03:56,2024-07-05 07:09:56,UberBlack,59.69,16.08,4.09,Completed
5364,4454,9537,8849,552,2023-11-24 20:16:31,2023-11-24 20:41:31,UberBlack,438.38,14.03,4.38,Completed
5365,6276,5255,3944,9390,2024-12-15 18:11:49,2024-12-15 18:28:49,UberBlack,659.14,13.46,4.01,Completed
5366,8763,4191,6616,9470,2024-09-28 13:35:53,2024-09-28 13:47:53,UberX,171.02,9.14,4.99,Completed
5367,8900,2924,2956,1839,2023-12-30 16:45:10,2023-12-30 16:56:10,UberPool,751.0,19.25,3.68,Completed
5368,6728,3197,5669,8018,2025-03-31 02:19:59,2025-03-31 02:24:59,UberBlack,745.02,18.08,3.93,Completed
5369,2710,9795,8575,4203,2024-05-31 18:50:57,2024-05-31 19:24:57,UberPool,462.82,1.18,4.11,Completed
5370,3980,9856,3315,7063,2023-08-16 07:28:08,2023-08-16 07:39:08,UberX,291.45,19.09,4.19,Completed
5371,7937,6848,1151,6750,2023-09-01 00:35:58,2023-09-01 00:48:58,UberPool,553.0,8.34,4.07,Completed
5372,7954,5803,8757,1687,2024-06-06 16:07:05,2024-06-06 16:36:05,UberPool,326.58,16.15,4.06,Cancelled
5373,2427,370,8239,2129,2025-04-24 19:08:03,2025-04-24 19:30:03,UberBlack,84.6,3.6,4.6,Completed
5374,2857,9690,3121,7627,2024-04-08 07:11:24,2024-04-08 07:19:24,UberPool,162.85,19.12,4.36,Completed
5375,1950,9782,5985,7976,2023-10-31 19:36:34,2023-10-31 19:51:34,UberX,342.83,18.95,4.46,Completed
5376,3367,1528,7136,5643,2023-10-29 01:04:35,2023-10-29 01:19:35,UberX,601.74,11.79,4.84,Completed
5377,7098,5417,8880,4152,2024-07-02 23:06:11,2024-07-02 23:12:11,UberPool,786.32,15.53,4.69,Completed
5378,6312,8800,1253,5514,2024-08-31 08:38:01,2024-08-31 09:15:01,UberX,237.78,7.49,4.73,Completed
5379,1074,5032,8257,8675,2025-03-28 01:50:53,2025-03-28 02:35:53,UberX,157.52,18.47,4.69,Completed
5380,5865,7855,9095,572,2023-08-13 23:12:01,2023-08-13 23:19:01,UberPool,694.95,3.99,4.23,Completed
5381,1812,2521,173,2713,2025-02-15 19:21:39,2025-02-15 19:29:39,UberPool,536.31,5.65,3.69,No Show
5382,5627,891,7098,516,2024-01-24 02:32:28,2024-01-24 02:44:28,UberX,633.83,8.58,3.9,Completed
5383,1591,1886,2929,5514,2023-10-18 00:25:10,2023-10-18 00:34:10,UberBlack,386.01,15.63,4.47,Completed
5384,6202,7950,488,3066,2024-02-23 02:57:48,2024-02-23 03:11:48,UberBlack,412.08,5.25,3.66,Completed
5385,2429,5572,4069,5983,2023-10-13 04:27:40,2023-10-13 05:10:40,UberX,599.52,11.7,4.48,Completed
5386,3688,898,2650,4533,2025-06-16 22:19:57,2025-06-16 22:27:57,UberPool,603.35,4.13,4.98,Completed
5387,1737,2126,8495,7395,2025-07-05 15:32:14,2025-07-05 16:12:14,UberBlack,792.79,19.56,3.98,Completed
5388,14,7753,2879,357,2025-05-01 01:23:03,2025-05-01 02:05:03,UberPool,718.38,7.17,4.18,Completed
5389,9327,3248,344,4769,2024-02-04 19:47:06,2024-02-04 20:07:06,UberX,590.39,13.78,4.34,Completed
5390,8604,7139,6038,2695,2024-12-19 09:07:31,2024-12-19 09:40:31,UberX,299.17,15.12,4.09,Completed
5391,4910,3216,1970,9928,2025-06-10 04:57:57,2025-06-10 05:12:57,UberX,578.75,4.63,4.35,Completed
5392,533,5533,2663,1932,2024-08-02 00:28:51,2024-08-02 00:51:51,UberX,320.04,2.72,4.35,Completed
5393,9148,7621,7136,6803,2024-05-17 07:50:25,2024-05-17 08:13:25,UberX,199.3,5.05,4.72,Completed
5394,5541,5968,912,9826,2025-03-12 18:45:53,2025-03-12 19:00:53,UberX,284.98,11.0,3.85,Cancelled
5395,2441,1196,9223,1547,2024-12-16 16:35:07,2024-12-16 17:19:07,UberBlack,789.31,13.14,3.57,Completed
5396,3401,6990,6195,3017,2024-11-03 00:27:49,2024-11-03 01:00:49,UberX,254.66,7.13,3.97,Completed
5397,5619,3929,419,2549,2023-11-27 23:03:20,2023-11-27 23:45:20,UberX,482.78,13.93,4.5,Completed
5398,29,7774,8641,7306,2024-07-03 10:38:48,2024-07-03 10:59:48,UberPool,389.42,19.1,4.29,Completed
5399,4257,8907,3309,2595,2023-11-09 00:44:52,2023-11-09 01:06:52,UberBlack,409.01,16.09,3.64,Completed
5400,4309,3718,3623,8374,2024-12-17 13:02:04,2024-12-17 13:21:04,UberX,228.43,8.74,4.35,Completed
5401,4854,4599,4143,6946,2025-02-24 12:41:25,2025-02-24 13:21:25,UberPool,551.93,3.35,3.91,Completed
5402,5179,5312,2593,8901,2023-12-04 03:46:52,2023-12-04 03:51:52,UberPool,387.22,18.15,4.43,Completed
5403,2968,3388,1055,7181,2024-07-01 08:24:48,2024-07-01 09:09:48,UberX,52.43,3.06,4.68,Completed
5404,6764,8919,4732,9883,2024-02-25 17:06:34,2024-02-25 17:36:34,UberPool,282.9,15.04,4.28,Completed
5405,9929,4955,2321,1225,2023-09-21 06:07:06,2023-09-21 06:31:06,UberBlack,421.15,7.09,3.59,Completed
5406,471,4105,9433,9748,2024-02-26 14:29:39,2024-02-26 14:44:39,UberBlack,347.35,4.98,4.1,Completed
5407,6131,2053,8456,5124,2023-09-06 17:16:44,2023-09-06 17:42:44,UberX,707.55,7.67,4.99,Completed
5408,5263,9525,4629,461,2024-07-11 19:54:48,2024-07-11 20:04:48,UberBlack,388.61,8.02,4.88,Completed
5409,9243,9907,3923,4178,2024-10-30 20:57:32,2024-10-30 21:14:32,UberX,409.86,6.46,3.6,Completed
5410,3912,8253,5974,6778,2024-10-04 01:47:04,2024-10-04 02:07:04,UberX,201.67,18.35,3.85,Completed
5411,1994,4310,8176,2873,2023-12-13 21:16:48,2023-12-13 21:51:48,UberX,711.49,5.76,4.64,Completed
5412,6519,479,200,3050,2024-12-28 14:54:54,2024-12-28 15:02:54,UberBlack,106.14,3.08,3.78,Completed
5413,871,7621,4806,7309,2025-05-15 16:12:17,2025-05-15 16:53:17,UberX,578.5,3.43,4.54,Cancelled
5414,2558,4596,6993,3366,2025-07-29 14:19:51,2025-07-29 14:49:51,UberX,234.01,8.57,4.87,Completed
5415,7228,7441,172,6247,2023-08-24 23:52:32,2023-08-25 00:35:32,UberX,649.81,10.43,4.54,Completed
5416,9020,1641,3615,5199,2024-12-08 11:27:50,2024-12-08 11:45:50,UberX,454.92,4.31,3.83,Completed
5417,9232,3197,1538,5410,2024-06-30 06:22:33,2024-06-30 06:34:33,UberX,438.34,14.47,4.74,Completed
5418,3529,6990,7749,7874,2024-01-01 14:44:57,2024-01-01 14:51:57,UberPool,549.93,19.5,3.54,Completed
5419,440,85,5583,8995,2024-02-12 20:40:54,2024-02-12 20:46:54,UberBlack,487.95,19.15,4.91,No Show
5420,7104,2684,6672,5134,2023-10-18 14:07:09,2023-10-18 14:38:09,UberX,682.38,17.41,4.85,Completed
5421,3284,220,8735,8886,2024-04-16 16:56:15,2024-04-16 17:24:15,UberX,697.88,9.26,4.84,Cancelled
5422,6479,7384,5218,3455,2025-01-02 08:15:20,2025-01-02 08:37:20,UberBlack,406.12,5.62,3.77,Completed
5423,1138,4829,8621,513,2023-09-20 18:12:34,2023-09-20 18:33:34,UberPool,569.17,3.02,4.31,Completed
5424,1752,3806,551,1733,2024-06-19 13:27:03,2024-06-19 13:37:03,UberX,635.52,9.8,4.24,Completed
5425,965,4731,9871,8629,2024-12-12 11:34:01,2024-12-12 11:59:01,UberPool,524.35,9.69,4.07,Completed
5426,4177,6056,4121,6430,2025-06-02 13:43:20,2025-06-02 14:06:20,UberPool,693.6,12.52,4.96,Cancelled
5427,1797,6448,8931,5195,2024-08-14 12:01:15,2024-08-14 12:36:15,UberX,523.85,10.59,4.15,Cancelled
5428,833,5831,2806,8212,2024-11-22 03:43:37,2024-11-22 04:05:37,UberX,621.84,11.37,4.64,Completed
5429,8489,3909,1102,2924,2023-12-15 21:11:24,2023-12-15 21:32:24,UberBlack,233.16,18.73,3.63,Completed
5430,61,1701,694,9844,2024-06-25 03:59:49,2024-06-25 04:26:49,UberX,399.2,14.67,4.78,Completed
5431,9927,1397,7681,6647,2024-03-03 16:00:55,2024-03-03 16:25:55,UberX,571.09,13.49,3.89,No Show
5432,2275,7358,1469,5518,2025-06-29 15:03:04,2025-06-29 15:30:04,UberX,85.13,12.21,4.15,Completed
5433,2078,453,1148,6705,2023-12-15 01:18:56,2023-12-15 01:58:56,UberBlack,160.19,18.34,4.18,Completed
5434,4236,6298,9318,2530,2023-08-14 15:43:24,2023-08-14 15:58:24,UberX,79.37,15.96,4.49,Completed
5435,631,2024,2150,2077,2025-01-15 14:42:19,2025-01-15 15:24:19,UberPool,238.94,16.89,4.95,Completed
5436,9852,1128,8888,9500,2024-07-18 11:01:51,2024-07-18 11:23:51,UberBlack,548.53,10.99,3.96,Cancelled
5437,707,7794,7709,1073,2023-10-08 05:42:37,2023-10-08 06:18:37,UberX,230.42,13.66,3.63,Completed
5438,1775,494,3359,9621,2023-12-19 07:24:28,2023-12-19 08:06:28,UberBlack,241.37,9.98,4.01,Completed
5439,7645,5704,6567,2630,2023-10-02 07:51:59,2023-10-02 08:00:59,UberX,577.14,13.42,3.74,Completed
5440,2033,8757,216,6860,2023-10-21 07:28:02,2023-10-21 08:10:02,UberX,664.77,4.7,4.72,Completed
5441,3680,4689,5301,7850,2024-01-04 22:41:29,2024-01-04 22:50:29,UberX,571.99,14.63,4.62,Completed
5442,7594,7087,817,4597,2025-05-02 12:34:33,2025-05-02 13:09:33,UberBlack,591.26,11.87,4.7,Completed
5443,8924,8436,1585,3549,2024-12-03 20:40:59,2024-12-03 21:21:59,UberX,768.17,9.46,4.35,Completed
5444,9184,1840,8040,6444,2025-05-29 07:40:52,2025-05-29 08:00:52,UberX,174.73,18.19,4.48,Cancelled
5445,1485,8535,4566,4300,2024-09-10 14:26:50,2024-09-10 14:33:50,UberX,673.74,17.87,4.12,Completed
5446,4462,9287,8930,2842,2024-07-28 22:34:12,2024-07-28 23:09:12,UberBlack,620.66,2.55,4.74,Completed
5447,4801,3918,6517,2871,2025-06-23 07:36:32,2025-06-23 08:09:32,UberX,637.97,5.84,4.98,Completed
5448,4015,6259,3786,840,2023-11-05 15:58:26,2023-11-05 16:34:26,UberBlack,145.15,5.04,3.6,Completed
5449,7176,5580,9318,6386,2025-03-29 22:51:49,2025-03-29 23:20:49,UberPool,121.32,19.06,4.84,Completed
5450,6501,5799,1813,4224,2023-12-07 18:39:55,2023-12-07 18:54:55,UberPool,786.0,16.38,4.47,Completed
5451,5158,974,3759,3086,2025-05-10 09:09:11,2025-05-10 09:50:11,UberX,177.49,4.95,4.58,Completed
5452,8763,9783,9741,8785,2025-04-14 10:18:18,2025-04-14 11:02:18,UberPool,204.24,16.12,4.87,Completed
5453,3653,4729,4319,2079,2025-07-24 11:07:18,2025-07-24 11:47:18,UberBlack,446.16,16.74,3.68,Completed
5454,2958,6443,9589,8267,2024-07-20 11:17:10,2024-07-20 11:33:10,UberX,60.58,17.64,3.69,Completed
5455,1951,7540,1306,6782,2023-08-25 09:58:10,2023-08-25 10:21:10,UberBlack,789.63,13.45,4.23,Completed
5456,3830,8671,3704,7981,2024-09-14 05:47:32,2024-09-14 06:06:32,UberX,628.13,1.59,3.77,Completed
5457,3785,5408,6797,5171,2024-02-02 23:35:54,2024-02-02 23:58:54,UberBlack,54.72,9.87,4.3,Completed
5458,6913,5369,682,8093,2024-10-30 18:54:18,2024-10-30 19:16:18,UberBlack,105.45,17.56,3.63,Completed
5459,6807,4688,9230,8485,2024-07-26 09:16:08,2024-07-26 09:38:08,UberBlack,116.75,16.39,4.01,Cancelled
5460,9405,8616,3751,1615,2025-02-14 23:24:06,2025-02-15 00:00:06,UberBlack,306.89,2.07,4.87,Completed
5461,5497,9501,6696,1281,2023-10-30 14:24:13,2023-10-30 14:45:13,UberBlack,469.24,1.41,4.49,Completed
5462,3313,4475,4741,9730,2025-02-13 15:30:26,2025-02-13 15:50:26,UberBlack,448.26,10.08,3.62,Completed
5463,3989,4890,9254,1907,2024-12-12 12:59:37,2024-12-12 13:25:37,UberBlack,546.26,5.03,4.75,Completed
5464,5828,3817,4292,7167,2024-04-19 18:01:27,2024-04-19 18:25:27,UberPool,288.96,4.47,4.14,Completed
5465,3173,1918,3457,9086,2025-06-01 12:36:52,2025-06-01 13:11:52,UberPool,612.56,1.14,3.52,Completed
5466,8634,5480,4075,854,2024-01-05 05:34:00,2024-01-05 05:46:00,UberX,552.81,14.24,4.74,Completed
5467,3679,7071,2048,3019,2025-03-21 14:38:43,2025-03-21 14:47:43,UberBlack,606.6,5.72,4.76,Cancelled
5468,16,1277,810,6476,2025-02-27 18:52:27,2025-02-27 19:34:27,UberPool,161.12,19.37,3.71,Completed
5469,198,9972,9715,2916,2025-05-30 02:02:03,2025-05-30 02:47:03,UberX,775.75,10.93,4.41,Completed
5470,1063,680,470,9551,2024-03-26 07:37:46,2024-03-26 07:46:46,UberX,233.73,8.08,3.79,Completed
5471,9651,2412,801,4192,2024-08-29 08:45:15,2024-08-29 09:19:15,UberX,721.07,17.8,4.2,Completed
5472,1752,3879,8309,5860,2024-07-21 08:31:24,2024-07-21 08:40:24,UberX,193.97,7.91,4.83,Completed
5473,510,3935,3608,4226,2023-10-18 21:18:34,2023-10-18 21:48:34,UberPool,302.16,7.93,4.62,Completed
5474,4633,2939,3820,7134,2024-01-08 21:34:22,2024-01-08 21:41:22,UberX,280.91,16.59,3.87,Completed
5475,694,4116,9212,7013,2024-03-31 22:13:49,2024-03-31 22:21:49,UberX,650.5,6.62,4.77,Completed
5476,6998,6264,4385,9749,2025-08-02 18:39:08,2025-08-02 19:14:08,UberBlack,792.82,6.17,4.84,No Show
5477,6385,7814,1903,578,2025-05-08 15:58:07,2025-05-08 16:40:07,UberPool,631.34,15.77,3.92,Completed
5478,7353,8706,9617,1778,2024-12-08 04:59:05,2024-12-08 05:21:05,UberX,442.02,13.57,4.82,Completed
5479,6184,1492,7978,9717,2023-09-02 10:25:45,2023-09-02 10:36:45,UberX,509.48,12.22,3.76,Completed
5480,1854,7933,6348,8050,2025-01-21 17:59:13,2025-01-21 18:10:13,UberX,105.24,9.58,4.34,Completed
5481,2920,9419,1699,8803,2024-09-22 08:24:14,2024-09-22 08:32:14,UberX,251.59,12.02,4.39,Completed
5482,2010,7931,7306,7139,2025-03-29 23:21:43,2025-03-30 00:03:43,UberX,197.81,3.13,4.22,Completed
5483,3280,520,6079,2516,2024-01-03 17:48:48,2024-01-03 18:19:48,UberX,571.95,18.27,3.91,Completed
5484,6760,6189,3908,5683,2024-10-19 08:59:15,2024-10-19 09:35:15,UberPool,196.69,15.73,4.13,Completed
5485,6594,1363,8658,2775,2024-08-02 06:56:06,2024-08-02 07:19:06,UberX,740.63,12.1,3.99,Completed
5486,9189,2201,4574,538,2025-07-12 13:18:17,2025-07-12 14:00:17,UberBlack,759.29,14.8,3.72,Completed
5487,3418,486,3764,3087,2024-05-07 11:57:27,2024-05-07 12:29:27,UberPool,294.27,6.23,4.31,Cancelled
5488,2540,6231,3393,83,2024-12-26 20:57:11,2024-12-26 21:40:11,UberX,173.92,10.46,4.85,Completed
5489,8734,6287,9772,1332,2024-07-25 05:15:48,2024-07-25 05:22:48,UberX,633.15,11.64,4.2,Completed
5490,4230,2944,2187,9479,2024-12-07 23:06:46,2024-12-07 23:47:46,UberX,486.91,17.76,4.71,Completed
5491,6964,9333,8015,7414,2023-10-11 04:07:53,2023-10-11 04:26:53,UberX,498.58,15.94,3.83,Cancelled
5492,5497,2991,1924,2025,2024-01-16 04:36:18,2024-01-16 04:51:18,UberBlack,361.18,13.85,3.86,Completed
5493,4627,7199,3751,722,2025-02-12 19:42:30,2025-02-12 19:52:30,UberBlack,415.87,12.33,4.58,Completed
5494,5289,6571,1054,7697,2024-03-16 00:50:07,2024-03-16 01:14:07,UberBlack,305.35,1.77,4.68,Completed
5495,7024,1335,4646,9999,2024-12-03 00:08:32,2024-12-03 00:24:32,UberX,386.72,7.5,4.02,Completed
5496,4715,1829,2069,6734,2025-03-14 01:45:20,2025-03-14 01:53:20,UberX,524.74,11.51,4.59,Completed
5497,7711,5924,8425,5819,2024-05-22 03:01:00,2024-05-22 03:41:00,UberX,510.2,1.68,3.61,Completed
5498,7288,267,3354,9959,2024-04-30 19:28:43,2024-04-30 19:54:43,UberBlack,761.29,15.37,3.84,Completed
5499,1621,8836,2731,7691,2023-11-23 11:49:07,2023-11-23 12:25:07,UberX,456.67,3.12,4.1,Completed
5500,8004,8177,2364,7321,2023-12-02 05:28:48,2023-12-02 05:52:48,UberPool,453.3,2.53,4.08,Completed
5501,9234,2894,7248,3107,2025-03-11 16:11:10,2025-03-11 16:34:10,UberBlack,730.13,9.87,4.68,Completed
5502,2207,8520,1229,1361,2025-07-01 10:25:33,2025-07-01 10:39:33,UberBlack,124.92,18.84,4.38,Completed
5503,2228,1582,6629,180,2025-06-27 23:55:49,2025-06-28 00:09:49,UberX,288.79,16.13,4.97,Completed
5504,9605,5704,9661,1954,2024-05-20 13:25:18,2024-05-20 13:46:18,UberX,423.71,12.27,4.65,Completed
5505,939,6087,6189,4535,2025-04-18 09:39:13,2025-04-18 10:18:13,UberX,664.77,18.74,4.51,Completed
5506,3619,1502,6100,8063,2024-08-26 03:07:26,2024-08-26 03:45:26,UberBlack,185.47,19.1,4.54,No Show
5507,3157,9124,2636,9468,2024-07-07 20:01:15,2024-07-07 20:24:15,UberX,111.4,14.58,4.71,Completed
5508,6363,6834,8605,9920,2025-07-31 10:59:21,2025-07-31 11:05:21,UberBlack,473.94,17.18,4.69,Completed
5509,8404,7001,838,4902,2025-01-29 16:13:24,2025-01-29 16:19:24,UberBlack,307.99,12.65,4.56,No Show
5510,2748,7314,8757,6418,2025-05-18 09:55:36,2025-05-18 10:27:36,UberPool,237.22,7.7,4.46,Cancelled
5511,4509,164,8078,750,2025-02-22 00:34:22,2025-02-22 00:53:22,UberBlack,642.72,11.84,4.54,Completed
5512,4465,4951,4259,3197,2024-04-14 23:38:26,2024-04-14 23:57:26,UberPool,677.18,11.44,4.66,Completed
5513,7292,6980,951,9015,2023-08-09 15:02:45,2023-08-09 15:24:45,UberPool,788.01,1.22,3.85,Completed
5514,1179,7822,2070,5369,2025-06-21 03:30:58,2025-06-21 04:00:58,UberBlack,692.51,14.75,4.32,Completed
5515,7787,4108,4745,8819,2025-03-22 04:36:10,2025-03-22 05:02:10,UberX,698.43,15.6,4.27,Completed
5516,7826,6708,992,1669,2023-09-06 10:08:53,2023-09-06 10:42:53,UberX,427.34,5.4,4.96,Completed
5517,3555,4333,2228,1303,2025-05-31 02:56:10,2025-05-31 03:35:10,UberX,688.72,16.63,4.13,Completed
5518,7557,691,5381,6694,2025-02-28 18:25:38,2025-02-28 19:01:38,UberPool,694.51,13.05,4.2,Completed
5519,2935,1095,760,1713,2024-07-31 11:54:05,2024-07-31 12:13:05,UberBlack,702.8,5.1,3.74,No Show
5520,8369,9340,2347,6263,2024-03-08 09:58:27,2024-03-08 10:41:27,UberBlack,356.22,13.41,4.79,Completed
5521,4201,5416,6137,8606,2024-03-08 09:36:55,2024-03-08 10:09:55,UberX,155.34,4.66,3.69,Completed
5522,7735,6859,9447,2796,2024-11-20 15:46:27,2024-11-20 16:19:27,UberX,585.08,19.24,4.01,Completed
5523,3059,3472,1906,7200,2023-10-20 10:32:06,2023-10-20 11:14:06,UberBlack,605.76,9.16,3.86,Completed
5524,3335,6583,6707,9469,2024-03-14 05:57:27,2024-03-14 06:02:27,UberPool,307.06,5.17,3.96,Completed
5525,392,2281,4778,7194,2023-12-05 16:22:16,2023-12-05 16:46:16,UberBlack,352.49,7.26,4.97,No Show
5526,6429,6511,3130,2362,2025-06-13 04:14:05,2025-06-13 04:24:05,UberPool,624.44,1.37,4.88,Completed
5527,7404,17,3553,6450,2023-12-27 16:32:33,2023-12-27 16:57:33,UberX,124.47,4.71,4.19,Completed
5528,7798,9899,6087,645,2024-01-29 03:02:31,2024-01-29 03:14:31,UberBlack,730.08,4.54,4.91,Completed
5529,8775,8141,661,9289,2024-12-04 23:00:15,2024-12-04 23:33:15,UberBlack,509.18,2.27,4.77,Cancelled
5530,4084,8013,5949,7406,2024-03-09 15:27:53,2024-03-09 15:49:53,UberBlack,59.69,2.92,3.7,Completed
5531,799,3804,426,1255,2024-07-29 05:58:04,2024-07-29 06:41:04,UberBlack,630.15,4.12,4.61,Completed
5532,714,8609,2341,9026,2025-08-04 10:18:15,2025-08-04 10:55:15,UberX,568.06,1.7,4.91,Completed
5533,5818,8868,6470,1496,2023-10-10 10:14:27,2023-10-10 10:51:27,UberBlack,378.53,13.86,4.64,Completed
5534,6269,4353,3051,6821,2025-06-16 15:34:09,2025-06-16 15:43:09,UberX,211.48,2.99,4.69,Completed
5535,9251,243,1343,6224,2024-10-31 00:23:11,2024-10-31 00:39:11,UberX,121.49,14.68,3.51,Completed
5536,4714,3841,7165,2102,2025-01-28 07:19:39,2025-01-28 07:45:39,UberPool,233.25,6.46,4.15,Completed
5537,964,2379,4161,1738,2025-06-05 17:46:51,2025-06-05 17:51:51,UberPool,613.49,17.73,3.53,Completed
5538,7560,531,6258,5798,2023-09-17 18:26:04,2023-09-17 18:33:04,UberBlack,63.32,9.84,4.57,Completed
5539,6164,9244,1709,7788,2024-04-26 20:48:18,2024-04-26 21:27:18,UberBlack,578.78,1.36,3.6,No Show
5540,1309,3365,2863,2478,2024-07-29 15:52:04,2024-07-29 16:05:04,UberBlack,665.6,19.74,3.67,Completed
5541,4673,6405,2068,5744,2025-05-07 10:02:39,2025-05-07 10:40:39,UberX,161.83,6.33,4.49,Completed
5542,9861,3151,8353,7187,2024-02-18 04:18:14,2024-02-18 04:53:14,UberPool,583.9,8.16,3.69,Completed
5543,2008,737,8576,58,2023-11-06 22:44:28,2023-11-06 23:03:28,UberPool,284.5,14.1,4.61,Completed
5544,4567,3007,372,9431,2025-03-29 16:38:37,2025-03-29 16:57:37,UberX,579.87,17.11,3.7,Cancelled
5545,1392,6533,7391,1341,2024-07-16 21:02:21,2024-07-16 21:19:21,UberPool,479.73,18.3,4.81,Completed
5546,8076,6132,2158,7601,2024-11-28 23:50:12,2024-11-29 00:23:12,UberPool,60.74,2.51,3.77,Completed
5547,2557,6492,4331,8357,2025-05-05 08:09:33,2025-05-05 08:42:33,UberX,637.97,18.21,4.41,No Show
5548,7865,5801,2697,5798,2024-01-14 01:28:57,2024-01-14 01:59:57,UberPool,545.13,16.35,3.57,Completed
5549,2599,1886,3198,8716,2024-12-31 00:06:37,2024-12-31 00:15:37,UberBlack,611.05,8.44,3.78,Completed
5550,3725,3352,7006,5754,2023-12-21 10:18:07,2023-12-21 10:36:07,UberPool,558.1,10.21,4.17,Completed
5551,2647,6240,3398,4645,2025-07-21 11:10:26,2025-07-21 11:26:26,UberBlack,519.23,15.65,4.31,Completed
5552,6695,6,4230,7363,2023-10-10 13:54:55,2023-10-10 14:20:55,UberX,745.01,7.58,4.03,Completed
5553,9157,3386,2152,4720,2024-12-20 21:31:58,2024-12-20 21:37:58,UberBlack,666.39,19.12,3.79,Completed
5554,8340,3067,9783,9491,2024-04-30 10:51:51,2024-04-30 11:28:51,UberBlack,732.84,7.89,4.86,Completed
5555,5935,647,9564,2650,2024-03-15 00:34:58,2024-03-15 00:41:58,UberX,346.87,5.69,3.59,Completed
5556,1952,7377,473,4506,2025-06-09 04:28:17,2025-06-09 04:41:17,UberPool,469.7,18.73,4.71,Completed
5557,7948,9039,3288,2452,2024-03-26 06:53:13,2024-03-26 07:05:13,UberPool,585.0,3.82,4.34,Completed
5558,8763,8746,551,3780,2023-09-07 00:09:50,2023-09-07 00:37:50,UberBlack,326.3,11.6,3.63,Completed
5559,2071,2831,2754,3814,2024-11-07 00:33:59,2024-11-07 01:05:59,UberPool,246.14,8.58,3.92,Completed
5560,4124,9752,5478,4054,2024-10-10 00:57:55,2024-10-10 01:11:55,UberBlack,459.06,17.9,4.7,Completed
5561,8408,7237,8645,4297,2024-08-11 01:11:13,2024-08-11 01:45:13,UberX,629.03,8.07,4.64,Completed
5562,8191,9936,28,5777,2024-02-22 07:40:40,2024-02-22 08:01:40,UberX,632.94,6.8,3.84,Completed
5563,3726,5819,3919,5156,2025-04-02 15:35:50,2025-04-02 16:07:50,UberPool,365.42,16.5,4.66,Completed
5564,5843,3068,6762,2795,2023-11-01 02:05:42,2023-11-01 02:35:42,UberBlack,639.32,7.32,4.78,Completed
5565,6534,5375,731,8342,2024-09-08 11:54:30,2024-09-08 12:04:30,UberPool,53.12,9.39,4.69,Completed
5566,146,802,5003,5762,2023-11-21 02:11:59,2023-11-21 02:53:59,UberBlack,426.63,12.1,3.91,Completed
5567,1091,6380,7324,6733,2024-06-17 01:37:36,2024-06-17 02:00:36,UberX,741.28,3.47,3.51,Completed
5568,2216,9139,4098,4690,2023-11-02 08:56:01,2023-11-02 09:35:01,UberBlack,494.25,10.23,4.2,Completed
5569,9234,9265,5592,4193,2024-11-19 08:18:55,2024-11-19 08:57:55,UberPool,314.08,19.38,4.5,Completed
5570,4821,4206,7126,4370,2024-11-20 17:34:12,2024-11-20 18:16:12,UberPool,748.89,13.21,4.7,Completed
5571,9020,4301,5657,9756,2024-09-03 21:20:41,2024-09-03 21:32:41,UberPool,721.7,2.58,4.02,Completed
5572,3608,4600,3803,6611,2024-11-11 01:29:53,2024-11-11 01:58:53,UberX,406.19,13.75,4.33,Completed
5573,784,1246,7193,9383,2023-08-09 21:35:00,2023-08-09 21:44:00,UberBlack,64.43,19.32,4.73,Completed
5574,4952,2175,1765,8144,2025-07-13 12:46:12,2025-07-13 13:27:12,UberBlack,261.54,15.26,3.78,Completed
5575,5794,2956,6284,6509,2025-07-26 00:51:29,2025-07-26 01:06:29,UberX,507.37,19.02,3.81,Completed
5576,3591,5941,112,5655,2024-04-23 06:28:26,2024-04-23 06:38:26,UberX,768.2,4.34,3.52,Completed
5577,5335,3013,4945,6563,2023-11-26 05:09:05,2023-11-26 05:39:05,UberX,166.52,1.77,4.27,Completed
5578,8543,5462,9336,2634,2024-06-17 05:38:01,2024-06-17 06:04:01,UberX,85.26,4.59,3.8,Completed
5579,9859,5545,7570,5208,2024-10-24 03:57:25,2024-10-24 04:10:25,UberPool,702.7,15.4,4.37,Completed
5580,1392,3441,5013,9869,2025-05-18 12:34:16,2025-05-18 12:44:16,UberPool,611.03,2.02,4.21,Completed
5581,626,4595,3593,6358,2025-06-28 12:54:55,2025-06-28 12:59:55,UberX,186.01,1.62,3.63,Completed
5582,2243,514,5223,6391,2024-10-14 23:00:19,2024-10-14 23:14:19,UberPool,213.09,1.87,4.61,Completed
5583,3349,6631,6946,165,2025-02-26 08:27:29,2025-02-26 08:55:29,UberPool,411.95,17.03,4.65,Completed
5584,834,7658,4061,1407,2023-10-18 23:06:53,2023-10-18 23:13:53,UberPool,82.63,3.27,3.63,Completed
5585,7567,7941,7136,1745,2024-03-15 07:49:36,2024-03-15 08:06:36,UberPool,432.08,3.72,4.97,Completed
5586,5902,3296,9064,7045,2024-10-04 18:10:24,2024-10-04 18:36:24,UberBlack,320.41,2.26,4.73,Cancelled
5587,8814,4355,5366,5502,2024-09-09 04:59:38,2024-09-09 05:06:38,UberPool,720.02,5.73,4.78,Completed
5588,6837,78,7238,8569,2024-07-28 06:51:09,2024-07-28 07:24:09,UberPool,216.55,2.38,3.54,Completed
5589,5018,3296,2406,9715,2023-10-03 16:03:59,2023-10-03 16:25:59,UberPool,636.64,15.58,4.63,Completed
5590,1922,7923,3777,9306,2023-08-14 06:55:56,2023-08-14 07:12:56,UberX,458.13,17.79,4.88,Completed
5591,8295,5884,2231,5740,2024-06-20 10:54:52,2024-06-20 11:35:52,UberBlack,157.71,3.7,4.28,Completed
5592,1107,8471,7035,1910,2024-11-04 04:25:01,2024-11-04 05:04:01,UberBlack,173.71,5.03,4.67,Completed
5593,9450,1806,4553,6319,2024-04-25 18:29:12,2024-04-25 18:34:12,UberPool,575.85,11.52,4.0,Completed
5594,5397,1684,7452,7952,2025-02-06 17:12:14,2025-02-06 17:40:14,UberPool,75.7,2.64,4.43,Completed
5595,8575,8091,3583,1920,2025-05-11 09:10:38,2025-05-11 09:25:38,UberX,346.11,3.6,3.8,Cancelled
5596,9011,6610,7890,2138,2024-06-03 16:28:15,2024-06-03 17:10:15,UberX,207.35,15.32,4.6,Completed
5597,7250,8361,8947,934,2023-12-28 05:18:03,2023-12-28 05:58:03,UberBlack,542.46,10.94,4.34,Completed
5598,805,889,5793,2389,2024-04-13 16:34:31,2024-04-13 16:49:31,UberBlack,226.19,4.03,3.94,Cancelled
5599,6152,2631,6867,3192,2025-05-17 18:55:52,2025-05-17 19:29:52,UberPool,239.95,16.91,4.15,Completed
5600,734,4898,8170,779,2025-07-06 13:16:35,2025-07-06 13:55:35,UberBlack,596.56,19.42,4.19,Completed
5601,8083,1153,4196,1952,2025-03-29 04:48:07,2025-03-29 05:08:07,UberBlack,323.25,3.94,3.51,Completed
5602,7875,8594,8333,136,2023-10-04 03:38:39,2023-10-04 03:56:39,UberX,187.37,13.96,4.66,Completed
5603,6959,1729,3042,8682,2024-03-24 02:52:06,2024-03-24 03:12:06,UberPool,255.62,7.43,4.3,Completed
5604,1557,2390,4421,7084,2024-06-07 05:45:32,2024-06-07 06:21:32,UberX,173.63,11.25,4.13,Completed
5605,399,6307,7847,2190,2024-05-01 14:46:55,2024-05-01 15:02:55,UberBlack,206.24,9.48,4.32,Completed
5606,2380,5511,666,9997,2025-03-21 01:22:57,2025-03-21 01:59:57,UberBlack,659.46,3.19,4.45,Completed
5607,755,816,1507,9007,2024-09-20 03:33:29,2024-09-20 04:06:29,UberX,631.12,16.29,3.67,Completed
5608,6633,7099,1194,8926,2024-10-31 21:07:37,2024-10-31 21:19:37,UberX,467.0,10.95,4.53,Completed
5609,3348,258,1612,9392,2025-02-02 12:18:45,2025-02-02 12:36:45,UberBlack,497.7,12.88,3.61,Cancelled
5610,5267,3941,7902,5111,2023-12-27 12:46:59,2023-12-27 12:58:59,UberX,187.4,7.24,4.87,Completed
5611,10,7236,7982,3708,2025-01-15 11:30:05,2025-01-15 11:49:05,UberX,747.42,17.72,4.45,Completed
5612,2308,7934,1156,4055,2024-06-06 04:44:32,2024-06-06 04:56:32,UberX,596.63,17.74,4.07,Cancelled
5613,8941,9798,4647,895,2025-06-10 23:56:26,2025-06-11 00:33:26,UberX,367.15,14.96,4.55,Completed
5614,6681,3992,4622,5165,2025-04-20 00:54:43,2025-04-20 01:34:43,UberBlack,653.13,7.47,4.39,Completed
5615,7269,605,8253,8817,2024-11-29 23:04:32,2024-11-29 23:29:32,UberBlack,452.04,3.05,4.56,Completed
5616,9295,1911,2552,9586,2025-04-12 11:16:46,2025-04-12 11:33:46,UberBlack,108.85,10.68,4.14,Completed
5617,5578,3121,9820,9319,2024-06-05 16:16:09,2024-06-05 16:37:09,UberBlack,562.6,3.06,3.84,Completed
5618,6557,6865,616,3357,2024-02-06 05:40:42,2024-02-06 05:59:42,UberBlack,237.23,9.57,4.37,Completed
5619,8677,5123,8207,6696,2023-10-03 01:45:39,2023-10-03 01:55:39,UberPool,659.22,8.95,4.56,Completed
5620,2282,1612,3354,4846,2024-07-10 18:24:06,2024-07-10 18:33:06,UberPool,298.27,19.82,4.77,Cancelled
5621,4215,1773,4398,2023,2024-08-10 15:25:11,2024-08-10 15:56:11,UberBlack,473.25,11.82,3.56,No Show
5622,8144,7290,1283,2697,2024-08-01 04:05:40,2024-08-01 04:22:40,UberX,179.82,9.35,4.45,Completed
5623,2312,9381,4468,4806,2025-01-27 14:52:46,2025-01-27 15:29:46,UberBlack,424.4,17.45,3.81,No Show
5624,2449,3036,7501,7759,2023-11-08 10:52:25,2023-11-08 10:59:25,UberPool,531.16,7.9,3.55,Completed
5625,3249,5266,8050,6940,2024-09-13 22:35:13,2024-09-13 22:46:13,UberBlack,220.82,14.27,3.66,Completed
5626,2141,7927,405,8246,2023-10-11 20:16:38,2023-10-11 20:21:38,UberPool,515.21,11.97,4.53,Completed
5627,6318,1550,7612,2520,2024-02-02 07:32:08,2024-02-02 08:15:08,UberX,363.93,5.24,4.08,Completed
5628,3401,3444,4402,9903,2023-08-27 12:59:50,2023-08-27 13:15:50,UberPool,209.8,9.97,3.93,No Show
5629,3259,3503,1053,6398,2025-03-06 10:53:57,2025-03-06 11:28:57,UberBlack,698.59,11.97,4.9,Completed
5630,5023,8925,6463,6838,2024-05-23 14:51:08,2024-05-23 15:03:08,UberX,662.5,5.59,4.36,Completed
5631,8610,2415,9795,1998,2023-11-09 04:50:25,2023-11-09 05:28:25,UberPool,197.11,17.28,4.59,Completed
5632,6308,3099,4592,2188,2023-12-08 04:01:45,2023-12-08 04:29:45,UberPool,551.0,15.06,4.55,Completed
5633,6339,1147,1251,6341,2023-10-14 09:36:46,2023-10-14 10:05:46,UberBlack,619.53,10.25,4.68,Completed
5634,8003,1354,4413,5221,2023-12-20 16:26:02,2023-12-20 17:11:02,UberBlack,101.32,6.05,4.81,Completed
5635,7675,7009,3328,3426,2024-06-19 10:57:27,2024-06-19 11:18:27,UberX,265.09,8.99,3.81,Completed
5636,2414,9655,6465,5919,2024-09-01 09:59:34,2024-09-01 10:22:34,UberPool,708.25,20.0,3.74,Completed
5637,1900,7872,3315,2841,2024-02-07 02:22:58,2024-02-07 02:28:58,UberX,564.69,5.25,3.85,Completed
5638,7510,3466,4052,3806,2025-06-19 20:05:44,2025-06-19 20:34:44,UberX,116.8,16.15,4.76,Completed
5639,7133,1886,9850,1919,2024-02-17 14:52:30,2024-02-17 15:27:30,UberX,650.13,12.13,4.3,Completed
5640,5275,5630,877,1649,2023-12-08 07:07:43,2023-12-08 07:16:43,UberBlack,463.8,16.86,3.73,Completed
5641,6485,7904,3855,8213,2024-01-19 17:59:43,2024-01-19 18:12:43,UberX,297.69,9.93,4.2,Completed
5642,10,6878,1604,3738,2025-01-27 19:19:57,2025-01-27 19:34:57,UberBlack,717.1,11.19,3.85,Completed
5643,9769,4490,229,6892,2025-03-25 10:41:34,2025-03-25 10:48:34,UberPool,251.53,16.21,4.43,Completed
5644,6818,3214,7734,328,2023-10-30 01:41:25,2023-10-30 02:09:25,UberPool,757.98,14.57,3.66,No Show
5645,5523,324,1875,6029,2025-06-26 02:41:03,2025-06-26 02:51:03,UberX,595.69,5.96,4.94,Cancelled
5646,8710,2339,2780,5766,2024-10-25 09:37:26,2024-10-25 10:03:26,UberPool,558.18,8.35,4.35,Completed
5647,1584,6567,5477,3904,2025-03-20 03:37:06,2025-03-20 03:54:06,UberBlack,592.31,8.47,3.67,Completed
5648,2958,7371,5456,3301,2024-07-09 04:46:43,2024-07-09 05:04:43,UberBlack,509.11,3.18,4.88,Cancelled
5649,2308,2442,3539,3304,2024-07-01 03:54:19,2024-07-01 04:11:19,UberPool,691.7,11.37,4.47,Completed
5650,670,6849,3442,26,2025-06-06 15:33:51,2025-06-06 15:38:51,UberX,451.36,10.75,3.89,Completed
5651,2763,9462,8147,2353,2025-01-14 06:04:29,2025-01-14 06:25:29,UberBlack,148.82,13.96,4.55,Completed
5652,6130,8134,6392,864,2023-09-07 21:27:34,2023-09-07 22:10:34,UberX,758.49,17.49,4.31,Completed
5653,2945,4281,426,6486,2023-09-10 12:10:37,2023-09-10 12:51:37,UberBlack,153.26,7.87,4.05,Completed
5654,3302,9474,9,6093,2024-04-29 10:20:16,2024-04-29 10:49:16,UberPool,412.22,3.01,4.58,No Show
5655,7069,2900,8162,8959,2025-07-19 16:27:52,2025-07-19 17:08:52,UberPool,91.87,4.21,5.0,Completed
5656,9233,6424,9183,4124,2025-01-07 14:45:33,2025-01-07 15:22:33,UberBlack,647.1,14.33,3.53,Completed
5657,1837,7479,8460,692,2024-09-04 11:18:58,2024-09-04 11:35:58,UberPool,703.52,15.21,4.7,Cancelled
5658,4282,6948,5949,4200,2024-08-16 19:33:02,2024-08-16 20:03:02,UberX,693.16,5.28,4.51,Completed
5659,6606,1135,448,3468,2025-03-12 15:52:21,2025-03-12 16:26:21,UberX,536.05,17.87,3.66,Completed
5660,2094,6047,1390,7336,2025-01-08 01:09:17,2025-01-08 01:27:17,UberX,719.22,9.94,4.87,Completed
5661,3020,1286,5063,2144,2024-03-26 11:00:58,2024-03-26 11:07:58,UberBlack,583.42,7.19,4.99,Completed
5662,188,5894,4820,1379,2025-02-28 01:33:43,2025-02-28 02:13:43,UberBlack,116.34,13.74,4.24,Completed
5663,8839,4044,7629,206,2024-11-02 03:47:56,2024-11-02 04:29:56,UberBlack,769.22,13.47,4.94,Completed
5664,1497,2527,9448,8859,2024-12-06 01:53:59,2024-12-06 01:59:59,UberX,65.86,9.38,4.26,No Show
5665,3930,887,4010,9148,2024-11-15 21:07:07,2024-11-15 21:26:07,UberX,406.66,4.47,4.35,Cancelled
5666,2725,3795,2798,5563,2024-12-20 08:31:24,2024-12-20 08:49:24,UberX,523.13,6.65,4.98,Completed
5667,8739,365,9860,1853,2024-03-31 07:06:29,2024-03-31 07:29:29,UberPool,548.22,10.68,4.53,Cancelled
5668,9045,409,6333,323,2025-06-07 09:46:47,2025-06-07 10:15:47,UberBlack,274.05,18.43,3.73,Completed
5669,9459,6080,4557,8017,2024-05-08 05:43:51,2024-05-08 05:59:51,UberX,106.88,4.43,4.24,Cancelled
5670,9304,2284,5644,7608,2025-07-12 05:11:38,2025-07-12 05:24:38,UberPool,727.33,7.33,4.42,Completed
5671,6606,7310,7415,1883,2024-02-10 00:45:52,2024-02-10 01:16:52,UberBlack,429.21,2.18,3.93,Completed
5672,1854,8497,7704,2306,2023-10-20 20:12:18,2023-10-20 20:49:18,UberPool,347.85,19.59,4.05,Completed
5673,1105,8400,4668,3367,2023-10-27 11:56:02,2023-10-27 12:05:02,UberX,197.32,15.63,3.73,Completed
5674,7778,1225,1153,1001,2023-08-27 20:47:58,2023-08-27 21:20:58,UberPool,195.21,19.63,4.49,Completed
5675,4052,1716,9537,9208,2023-12-03 15:34:18,2023-12-03 15:44:18,UberPool,419.13,16.24,3.9,Completed
5676,7566,3184,4951,2291,2025-07-05 16:55:59,2025-07-05 17:16:59,UberBlack,313.23,13.89,3.72,Cancelled
5677,8129,894,3598,4233,2025-04-10 00:20:15,2025-04-10 00:37:15,UberX,765.74,4.34,4.52,Cancelled
5678,2174,2533,2066,565,2024-11-02 10:42:47,2024-11-02 11:02:47,UberBlack,510.21,11.08,4.6,Completed
5679,2639,7257,5362,4625,2023-08-09 15:42:10,2023-08-09 16:06:10,UberPool,488.93,16.64,3.75,Completed
5680,6188,3486,1751,4586,2024-01-12 22:41:07,2024-01-12 23:08:07,UberPool,715.09,3.38,4.19,Completed
5681,4256,7426,422,7129,2024-06-12 21:03:21,2024-06-12 21:15:21,UberPool,362.89,4.55,4.16,Completed
5682,4619,6880,3902,4558,2024-06-06 09:48:06,2024-06-06 10:17:06,UberX,469.44,9.39,3.74,Completed
5683,3448,4346,4119,7045,2024-08-29 19:19:02,2024-08-29 19:58:02,UberPool,244.1,16.13,4.64,Completed
5684,4899,30,2210,7422,2025-07-03 05:17:44,2025-07-03 05:38:44,UberBlack,514.67,8.77,3.86,Completed
5685,429,7478,8432,9194,2024-03-06 19:51:48,2024-03-06 19:57:48,UberBlack,245.45,17.38,3.91,Cancelled
5686,6736,770,7879,3749,2023-08-10 05:01:24,2023-08-10 05:32:24,UberBlack,196.9,13.79,3.96,Cancelled
5687,216,3014,3424,7137,2025-04-20 12:34:21,2025-04-20 13:03:21,UberPool,385.22,10.88,3.55,Completed
5688,5436,6910,7852,6917,2025-05-09 16:00:53,2025-05-09 16:16:53,UberBlack,648.31,6.97,4.69,Completed
5689,3230,7232,9089,1158,2024-08-12 21:26:34,2024-08-12 21:45:34,UberX,638.51,8.83,3.77,Completed
5690,7932,5683,1180,3185,2024-04-02 09:59:59,2024-04-02 10:44:59,UberBlack,171.24,13.68,4.68,Completed
5691,4817,4078,3284,8955,2023-11-08 10:58:04,2023-11-08 11:11:04,UberPool,388.37,13.75,4.82,No Show
5692,3818,8393,1168,7722,2024-11-27 01:02:13,2024-11-27 01:24:13,UberPool,458.98,8.18,4.81,Completed
5693,1215,909,4842,8910,2025-07-26 10:08:49,2025-07-26 10:21:49,UberX,720.36,3.8,4.01,Completed
5694,9778,8613,5387,6677,2025-03-02 15:24:50,2025-03-02 15:51:50,UberBlack,128.26,16.31,4.98,Completed
5695,3180,6156,4138,2517,2024-12-31 22:17:22,2024-12-31 22:45:22,UberX,295.47,12.07,4.83,Completed
5696,5588,119,2959,8661,2025-03-03 02:57:59,2025-03-03 03:33:59,UberX,206.21,2.54,4.71,Completed
5697,2650,9002,1097,2343,2024-10-14 02:38:03,2024-10-14 03:01:03,UberX,528.17,13.6,3.72,Completed
5698,1155,4021,7637,3549,2024-02-07 07:19:09,2024-02-07 07:58:09,UberX,586.8,3.57,3.69,Completed
5699,8387,8087,6538,9258,2024-09-05 01:55:58,2024-09-05 02:08:58,UberX,161.47,5.31,3.55,Completed
5700,1395,1510,130,2577,2025-07-12 10:02:48,2025-07-12 10:34:48,UberPool,788.39,6.41,3.6,Completed
5701,1755,6931,6273,4215,2025-04-29 12:32:35,2025-04-29 13:07:35,UberBlack,161.11,7.45,3.87,Completed
5702,2824,4174,6155,4677,2024-07-12 20:16:17,2024-07-12 20:24:17,UberBlack,78.82,15.76,4.53,Completed
5703,4925,7223,3039,58,2025-06-10 14:19:45,2025-06-10 14:54:45,UberPool,323.95,8.13,4.64,Cancelled
5704,8707,3275,179,3165,2024-07-21 12:47:58,2024-07-21 12:56:58,UberX,64.18,16.68,3.83,Completed
5705,9330,888,9955,6795,2025-04-03 00:48:06,2025-04-03 01:18:06,UberBlack,172.87,1.09,3.85,Completed
5706,92,7806,1943,3909,2024-02-11 16:42:18,2024-02-11 17:12:18,UberPool,225.48,3.98,4.5,Cancelled
5707,4533,6656,3012,7132,2023-11-09 06:38:20,2023-11-09 07:00:20,UberX,631.93,11.83,4.46,Completed
5708,2162,3687,9870,7894,2025-06-19 18:31:23,2025-06-19 18:57:23,UberX,762.65,18.82,4.62,Completed
5709,6312,3457,1958,776,2024-09-20 21:29:44,2024-09-20 21:57:44,UberX,620.67,11.17,3.95,Completed
5710,6282,764,8525,5041,2024-08-14 00:17:54,2024-08-14 00:41:54,UberX,205.46,1.72,4.12,Completed
5711,5776,8798,9005,6019,2024-10-15 18:46:11,2024-10-15 18:57:11,UberBlack,168.24,12.64,4.12,Completed
5712,5507,1401,9927,5464,2024-10-01 00:25:19,2024-10-01 01:05:19,UberBlack,503.82,11.5,4.15,Completed
5713,9825,934,5631,6155,2024-07-11 10:47:07,2024-07-11 11:03:07,UberBlack,313.82,5.05,3.93,Completed
5714,6640,5940,6851,6778,2024-09-26 05:23:20,2024-09-26 05:41:20,UberPool,410.59,5.4,4.31,Completed
5715,570,8134,3142,7322,2025-05-16 03:39:45,2025-05-16 04:10:45,UberBlack,376.18,18.72,4.76,Completed
5716,4022,4990,4162,9121,2023-09-28 00:00:57,2023-09-28 00:17:57,UberX,441.25,19.94,3.92,Completed
5717,3543,8557,13,3660,2023-10-03 00:08:18,2023-10-03 00:41:18,UberPool,129.38,15.97,4.34,Completed
5718,4833,5788,3929,1198,2023-10-26 05:32:19,2023-10-26 05:50:19,UberPool,416.2,19.8,4.89,Completed
5719,8929,2014,2176,8391,2025-05-12 18:16:34,2025-05-12 18:26:34,UberBlack,698.91,1.73,4.53,Cancelled
5720,3911,4992,8821,3982,2024-01-20 11:59:59,2024-01-20 12:15:59,UberBlack,584.62,2.74,4.9,Completed
5721,4032,1267,1522,9436,2023-12-27 10:46:15,2023-12-27 10:55:15,UberBlack,671.4,19.46,4.2,Completed
5722,9209,7802,6503,2421,2025-05-04 22:42:59,2025-05-04 23:20:59,UberPool,455.36,10.6,3.68,Completed
5723,8657,5527,9679,6537,2024-07-11 06:49:30,2024-07-11 07:29:30,UberPool,313.11,3.96,3.64,Completed
5724,6975,2605,591,8386,2025-05-13 18:34:25,2025-05-13 18:49:25,UberBlack,123.98,7.08,3.62,Cancelled
5725,2650,9241,3754,1987,2024-10-07 22:09:19,2024-10-07 22:14:19,UberBlack,394.76,6.47,4.16,Completed
5726,6304,5569,1665,7245,2025-05-19 23:45:19,2025-05-19 23:55:19,UberX,454.06,5.11,3.75,Completed
5727,2171,9091,7723,9222,2025-07-08 21:40:39,2025-07-08 22:15:39,UberPool,735.42,2.59,4.35,Completed
5728,1303,3770,8176,8100,2024-12-28 18:53:52,2024-12-28 18:58:52,UberPool,331.99,9.16,3.96,Completed
5729,8405,4642,5150,8941,2024-05-05 08:32:03,2024-05-05 08:55:03,UberX,325.21,3.16,3.74,Completed
5730,3338,4525,5671,4370,2024-12-05 05:52:46,2024-12-05 05:58:46,UberX,94.49,14.41,4.46,Completed
5731,8777,4562,8597,1487,2024-10-06 19:44:07,2024-10-06 20:27:07,UberBlack,65.89,8.34,4.24,Completed
5732,4768,909,5816,6850,2025-01-09 19:34:33,2025-01-09 20:01:33,UberPool,96.8,5.66,4.86,Cancelled
5733,7824,5652,4082,1125,2023-12-27 19:41:47,2023-12-27 20:25:47,UberBlack,521.08,15.52,4.19,Completed
5734,4455,1644,5864,615,2023-10-02 12:11:33,2023-10-02 12:48:33,UberX,709.31,19.81,3.83,Completed
5735,3949,8848,8252,5945,2023-08-30 22:03:05,2023-08-30 22:18:05,UberPool,636.09,16.29,4.54,Completed
5736,5680,2641,7117,5604,2025-07-25 04:49:02,2025-07-25 05:28:02,UberBlack,634.13,11.97,4.68,Completed
5737,3433,7110,530,9715,2024-06-29 21:51:54,2024-06-29 21:56:54,UberBlack,106.18,19.63,3.61,Completed
5738,8937,7040,182,842,2023-12-07 12:46:51,2023-12-07 13:05:51,UberX,360.37,7.92,3.91,Completed
5739,961,6934,2582,7135,2024-06-17 04:52:17,2024-06-17 05:28:17,UberBlack,346.74,2.29,3.63,Completed
5740,4009,9586,4035,1462,2023-10-08 01:22:46,2023-10-08 01:30:46,UberPool,254.56,9.71,4.08,Completed
5741,1567,3526,6849,3171,2025-04-22 05:29:12,2025-04-22 06:06:12,UberX,687.27,17.21,4.49,Completed
5742,4606,1163,9606,8779,2025-06-03 13:06:30,2025-06-03 13:11:30,UberPool,488.12,11.48,4.27,Cancelled
5743,5842,4287,8077,5038,2023-11-13 01:26:13,2023-11-13 02:07:13,UberBlack,492.39,6.08,4.93,Completed
5744,1031,8198,3000,5845,2024-05-30 06:59:17,2024-05-30 07:23:17,UberX,245.78,11.28,4.43,Completed
5745,7998,9857,7192,5724,2023-11-27 23:21:33,2023-11-27 23:49:33,UberPool,648.77,8.19,4.22,Completed
5746,2298,4123,508,4386,2024-03-11 21:53:10,2024-03-11 22:34:10,UberBlack,752.3,1.19,4.73,Completed
5747,4781,4741,4121,5007,2023-08-21 08:05:05,2023-08-21 08:13:05,UberPool,319.76,7.93,4.02,Completed
5748,1883,8013,8055,1537,2024-08-28 08:57:50,2024-08-28 09:36:50,UberX,721.19,5.34,4.61,Completed
5749,670,339,8060,8729,2025-01-07 22:31:33,2025-01-07 22:43:33,UberPool,603.39,14.29,4.23,Completed
5750,776,7860,2768,2051,2024-12-02 22:35:13,2024-12-02 23:04:13,UberBlack,532.48,18.82,4.48,Completed
5751,8014,2055,7724,2140,2025-05-17 11:38:48,2025-05-17 11:57:48,UberBlack,702.86,14.22,4.59,Completed
5752,2559,6197,1733,9200,2023-12-14 23:28:48,2023-12-14 23:37:48,UberBlack,751.7,12.25,4.93,Completed
5753,7884,456,8070,8842,2025-01-15 19:00:56,2025-01-15 19:32:56,UberBlack,774.35,5.03,4.68,Completed
5754,5073,6781,5130,8766,2024-05-26 05:19:04,2024-05-26 06:03:04,UberPool,285.53,18.14,4.68,Completed
5755,1878,7680,6593,307,2025-05-05 15:52:40,2025-05-05 16:30:40,UberPool,517.9,16.13,4.21,Completed
5756,2374,4940,2084,1325,2023-08-28 08:24:38,2023-08-28 08:43:38,UberBlack,623.46,19.77,4.0,Completed
5757,782,9244,2682,3098,2023-11-28 17:13:35,2023-11-28 17:18:35,UberBlack,388.63,7.73,4.87,Completed
5758,1896,9856,6762,8961,2025-05-07 22:43:43,2025-05-07 23:06:43,UberX,161.12,5.79,4.3,Completed
5759,5893,7487,3845,3898,2025-04-07 00:45:17,2025-04-07 01:16:17,UberBlack,308.84,18.23,4.59,Completed
5760,2658,3952,2694,4888,2025-05-11 18:40:54,2025-05-11 19:21:54,UberX,88.34,18.13,4.73,Completed
5761,5539,3600,4906,7618,2025-01-10 07:55:58,2025-01-10 08:02:58,UberBlack,272.13,2.03,3.86,Completed
5762,2725,8269,3958,8712,2024-06-13 01:29:37,2024-06-13 01:45:37,UberPool,655.57,9.23,4.77,Completed
5763,3016,1246,9569,9224,2025-01-08 12:52:19,2025-01-08 13:16:19,UberPool,664.43,2.03,4.62,No Show
5764,9759,4297,41,2207,2025-03-08 08:39:52,2025-03-08 09:23:52,UberBlack,353.82,2.55,4.86,Completed
5765,1627,2024,4901,3475,2023-12-09 17:23:25,2023-12-09 17:31:25,UberX,53.9,18.15,4.6,Completed
5766,6387,736,6336,8502,2024-03-21 05:36:59,2024-03-21 06:07:59,UberBlack,571.32,17.9,4.26,Completed
5767,7660,7231,5633,8795,2025-07-31 21:35:45,2025-07-31 21:59:45,UberBlack,212.02,10.89,3.76,Completed
5768,4512,1767,1699,3757,2024-11-25 10:21:21,2024-11-25 10:53:21,UberBlack,669.83,10.63,4.18,Completed
5769,5972,4208,5015,6984,2025-06-04 01:58:46,2025-06-04 02:21:46,UberPool,661.67,15.13,4.29,Completed
5770,6726,1396,8021,4639,2025-07-03 15:37:20,2025-07-03 16:13:20,UberPool,519.16,4.09,4.07,Completed
5771,1420,5367,4865,6235,2024-12-17 07:27:25,2024-12-17 07:38:25,UberBlack,165.46,18.17,3.94,Completed
5772,5856,6382,8254,119,2024-10-01 06:07:07,2024-10-01 06:44:07,UberBlack,649.03,3.94,4.09,Completed
5773,5491,3133,2607,6312,2025-04-14 05:39:07,2025-04-14 06:03:07,UberPool,161.47,12.65,4.0,Completed
5774,3268,4730,3207,9511,2025-04-06 16:02:08,2025-04-06 16:37:08,UberBlack,245.08,15.1,3.54,Completed
5775,7302,8128,101,585,2025-08-01 12:22:06,2025-08-01 12:52:06,UberBlack,509.71,10.52,4.66,Completed
5776,1485,5537,8054,9395,2024-08-26 10:10:30,2024-08-26 10:26:30,UberBlack,476.82,10.21,4.58,Completed
5777,8628,8946,4831,4243,2025-05-03 13:19:19,2025-05-03 13:36:19,UberPool,681.32,8.21,3.73,Completed
5778,6499,8288,4758,352,2025-07-19 01:54:59,2025-07-19 02:39:59,UberX,632.01,16.7,3.74,Completed
5779,6996,2286,8286,1736,2023-11-22 13:06:35,2023-11-22 13:24:35,UberPool,158.26,16.15,3.66,Completed
5780,3590,8293,2330,4770,2024-03-30 01:10:20,2024-03-30 01:36:20,UberBlack,774.71,8.39,4.07,Completed
5781,521,5022,8676,9117,2024-11-05 03:21:19,2024-11-05 03:55:19,UberPool,371.44,10.26,4.41,Completed
5782,5865,9754,9356,3441,2024-04-07 22:36:30,2024-04-07 22:44:30,UberBlack,86.47,10.96,4.6,Completed
5783,7261,9141,1969,3496,2025-05-06 08:06:41,2025-05-06 08:44:41,UberX,136.31,11.06,3.92,Completed
5784,3209,2826,3714,7023,2024-08-30 19:27:04,2024-08-30 19:52:04,UberBlack,734.28,1.67,3.67,Cancelled
5785,4140,4066,1928,3431,2023-09-17 17:16:52,2023-09-17 17:23:52,UberPool,592.52,9.41,4.0,Cancelled
5786,9394,3696,3223,1195,2024-07-04 14:50:12,2024-07-04 15:28:12,UberPool,645.21,7.13,3.64,No Show
5787,6999,5614,2395,3403,2024-11-19 19:20:19,2024-11-19 19:58:19,UberBlack,424.3,10.14,4.67,Completed
5788,9341,7029,2571,2666,2025-03-19 19:51:46,2025-03-19 20:13:46,UberBlack,566.34,15.17,4.17,Completed
5789,6024,6200,45,1853,2024-05-12 05:52:29,2024-05-12 06:30:29,UberX,457.74,18.03,3.87,Completed
5790,5966,2806,5964,3341,2024-01-17 19:28:13,2024-01-17 19:58:13,UberBlack,182.21,14.36,3.75,Completed
5791,7528,3484,5980,1359,2023-08-14 05:53:17,2023-08-14 06:14:17,UberX,122.51,7.03,4.3,Completed
5792,2657,7957,5990,4380,2023-11-23 06:46:21,2023-11-23 07:02:21,UberPool,486.59,18.7,3.86,Completed
5793,9775,8420,2054,6449,2023-09-11 10:15:15,2023-09-11 10:40:15,UberX,534.79,19.31,3.68,Completed
5794,4,2485,1089,5419,2024-12-14 11:32:47,2024-12-14 11:40:47,UberPool,526.88,2.56,4.53,Completed
5795,8970,6562,4650,9426,2024-01-20 07:24:41,2024-01-20 08:04:41,UberBlack,719.08,16.04,4.69,Completed
5796,5074,1586,9531,6104,2024-01-14 08:12:59,2024-01-14 08:24:59,UberBlack,667.93,19.83,4.8,Completed
5797,2570,2909,6667,6824,2023-09-24 22:33:43,2023-09-24 23:14:43,UberX,563.82,12.0,4.25,Completed
5798,4222,6679,163,5426,2025-01-12 00:23:02,2025-01-12 01:06:02,UberX,152.28,8.78,3.97,No Show
5799,3911,9221,4541,8469,2024-04-24 08:18:18,2024-04-24 08:56:18,UberX,158.38,10.63,4.11,Completed
5800,2410,8041,7300,2479,2024-03-27 12:37:28,2024-03-27 13:20:28,UberPool,635.05,6.88,3.94,Cancelled
5801,1166,2887,7116,1034,2023-11-05 01:33:30,2023-11-05 01:38:30,UberX,694.4,13.89,4.01,Completed
5802,8435,8533,4569,68,2024-02-01 14:33:57,2024-02-01 15:02:57,UberBlack,479.76,16.1,3.73,Completed
5803,1329,8720,3686,4164,2024-10-18 11:19:51,2024-10-18 11:28:51,UberPool,775.81,18.3,4.24,Completed
5804,2792,1233,3580,6730,2025-04-23 11:14:11,2025-04-23 11:30:11,UberBlack,798.21,6.6,3.69,Completed
5805,1158,7027,283,6466,2024-01-08 13:36:12,2024-01-08 14:02:12,UberBlack,695.52,10.83,3.7,Completed
5806,9232,37,8590,3451,2024-09-06 21:24:22,2024-09-06 22:06:22,UberBlack,674.95,4.69,3.94,Cancelled
5807,7920,4804,3056,9830,2024-05-07 04:27:49,2024-05-07 05:08:49,UberX,514.31,4.81,4.66,Completed
5808,3883,4303,8524,6776,2023-08-29 18:28:29,2023-08-29 18:38:29,UberBlack,663.51,5.6,4.97,Completed
5809,4859,6611,8476,3354,2025-06-05 05:07:38,2025-06-05 05:37:38,UberX,448.09,10.11,3.61,Completed
5810,6531,597,1212,2066,2024-01-18 22:40:05,2024-01-18 23:21:05,UberPool,239.92,3.18,4.03,No Show
5811,7993,7570,5398,8042,2024-07-27 04:11:08,2024-07-27 04:37:08,UberBlack,156.86,7.69,4.0,Completed
5812,1109,6891,8600,2472,2024-10-19 18:09:55,2024-10-19 18:23:55,UberBlack,175.8,11.27,3.51,Completed
5813,8201,6928,3079,3742,2024-08-23 13:58:42,2024-08-23 14:15:42,UberX,499.38,4.36,4.7,Completed
5814,7867,2556,1945,8916,2025-03-15 10:58:11,2025-03-15 11:10:11,UberX,665.34,2.08,4.96,Completed
5815,1651,7628,8111,9645,2023-08-13 18:37:54,2023-08-13 18:47:54,UberPool,394.34,12.67,4.62,Completed
5816,7117,3770,9181,7259,2023-12-31 15:42:05,2023-12-31 15:48:05,UberBlack,149.4,14.8,4.38,Completed
5817,7980,9872,6606,7704,2024-04-11 13:07:30,2024-04-11 13:35:30,UberBlack,630.05,7.31,4.91,Completed
5818,9976,3807,6071,2133,2024-03-27 07:00:54,2024-03-27 07:36:54,UberX,266.99,4.68,3.82,Completed
5819,4868,2989,3327,9175,2025-05-25 14:01:05,2025-05-25 14:22:05,UberX,290.18,2.81,4.74,Cancelled
5820,939,7628,3980,9411,2024-11-01 15:03:44,2024-11-01 15:30:44,UberBlack,238.3,4.76,3.77,Completed
5821,2516,9309,3365,6971,2025-07-17 22:41:33,2025-07-17 23:14:33,UberX,479.93,19.11,3.74,Completed
5822,2471,7149,9702,3349,2023-10-27 03:35:33,2023-10-27 04:16:33,UberPool,238.84,8.27,3.72,Completed
5823,9099,2751,8,4984,2025-03-18 14:27:25,2025-03-18 14:44:25,UberX,771.9,19.44,4.61,No Show
5824,8378,3841,1075,8090,2024-05-12 11:10:30,2024-05-12 11:44:30,UberPool,457.17,18.09,4.69,Completed
5825,4222,1478,5934,1273,2025-06-19 09:29:23,2025-06-19 10:06:23,UberX,529.88,9.1,4.13,No Show
5826,8105,6167,1435,3748,2025-02-12 06:47:32,2025-02-12 07:00:32,UberPool,705.58,18.17,4.99,Completed
5827,8653,2359,9609,2189,2024-08-25 03:12:18,2024-08-25 03:32:18,UberX,546.14,13.39,3.56,Completed
5828,4771,9853,9770,2670,2024-04-11 20:59:31,2024-04-11 21:24:31,UberBlack,465.39,3.32,3.55,Completed
5829,777,2139,9854,9888,2023-11-01 03:24:04,2023-11-01 04:04:04,UberBlack,721.76,13.48,3.62,Completed
5830,8760,8668,5030,6783,2024-02-24 20:00:53,2024-02-24 20:32:53,UberX,66.34,16.33,3.74,Completed
5831,6745,5495,8237,7650,2025-02-10 01:18:17,2025-02-10 01:47:17,UberPool,69.59,9.94,3.74,Completed
5832,5737,6177,4217,6779,2023-08-15 20:38:43,2023-08-15 20:57:43,UberBlack,736.25,8.14,4.9,Completed
5833,9476,7697,5601,2559,2025-05-24 14:28:52,2025-05-24 14:56:52,UberX,720.58,2.42,4.79,Completed
5834,8366,7385,6005,2003,2024-03-04 20:43:45,2024-03-04 20:57:45,UberX,286.28,1.82,4.22,Completed
5835,8215,9751,2628,8360,2024-02-18 22:14:37,2024-02-18 22:35:37,UberX,110.08,8.29,4.81,Completed
5836,3485,5538,2327,4954,2024-03-28 11:08:40,2024-03-28 11:25:40,UberX,432.23,6.52,4.44,Completed
5837,1695,8098,9721,6431,2025-03-27 04:11:59,2025-03-27 04:50:59,UberPool,363.29,19.14,4.92,Completed
5838,4568,578,3816,1608,2024-04-20 20:50:25,2024-04-20 21:08:25,UberPool,731.93,16.0,4.57,Completed
5839,5358,6503,8312,1329,2024-12-12 15:09:50,2024-12-12 15:43:50,UberPool,484.59,10.52,4.43,Completed
5840,8567,4689,7454,2484,2024-01-12 15:22:03,2024-01-12 15:48:03,UberX,217.43,6.9,4.53,Completed
5841,4591,2231,7341,9195,2024-08-21 11:39:27,2024-08-21 12:19:27,UberPool,386.66,11.95,4.29,No Show
5842,3315,2224,7826,8648,2024-06-07 09:00:25,2024-06-07 09:09:25,UberX,123.04,14.03,3.65,Completed
5843,4494,8390,869,6218,2023-09-21 17:12:04,2023-09-21 17:30:04,UberBlack,293.89,1.61,4.26,Completed
5844,9243,6814,7174,8509,2025-04-06 17:28:27,2025-04-06 18:00:27,UberBlack,433.6,7.62,4.44,Completed
5845,330,7910,5147,9810,2025-01-01 01:29:45,2025-01-01 01:48:45,UberX,197.1,1.18,3.78,Completed
5846,7407,415,8852,3876,2023-09-21 18:25:05,2023-09-21 18:57:05,UberX,780.69,12.7,3.96,Cancelled
5847,9085,6507,3571,4904,2025-06-29 16:57:12,2025-06-29 17:27:12,UberBlack,549.4,2.95,3.71,Completed
5848,9101,542,3311,1454,2024-06-19 19:40:32,2024-06-19 19:55:32,UberBlack,534.86,8.71,4.81,Completed
5849,5822,4329,2149,7270,2024-08-07 13:09:05,2024-08-07 13:28:05,UberPool,148.0,17.19,3.66,Cancelled
5850,1333,1249,2342,4024,2024-07-25 20:51:45,2024-07-25 21:23:45,UberBlack,199.61,19.07,3.82,Completed
5851,8007,2459,845,6901,2025-07-16 06:00:47,2025-07-16 06:14:47,UberBlack,610.18,14.75,4.53,Completed
5852,3892,5617,3539,3974,2025-05-11 14:18:15,2025-05-11 15:01:15,UberBlack,61.07,17.99,4.85,Completed
5853,6060,6465,1498,4947,2025-04-04 08:25:33,2025-04-04 08:57:33,UberX,188.17,5.29,3.84,Completed
5854,6894,1733,9300,5726,2025-07-17 08:56:35,2025-07-17 09:34:35,UberBlack,326.9,8.5,4.35,Completed
5855,3350,3621,4710,8384,2024-02-07 16:25:53,2024-02-07 16:39:53,UberPool,357.45,16.25,4.9,Completed
5856,404,260,5559,7884,2024-01-18 07:04:55,2024-01-18 07:22:55,UberPool,575.26,5.06,4.49,Completed
5857,7656,2054,453,7612,2023-08-10 03:30:04,2023-08-10 04:14:04,UberPool,302.66,4.16,4.2,Completed
5858,8387,9363,2774,3937,2024-06-01 20:18:37,2024-06-01 20:56:37,UberPool,59.11,4.7,4.33,Completed
5859,7939,7644,5903,7678,2024-06-13 10:03:58,2024-06-13 10:33:58,UberX,701.25,10.87,4.95,Completed
5860,9155,7990,2890,6668,2024-05-15 09:00:10,2024-05-15 09:26:10,UberX,104.27,18.19,4.03,Completed
5861,5746,4027,963,9485,2024-04-28 22:27:07,2024-04-28 23:12:07,UberBlack,735.77,9.84,4.83,Completed
5862,4602,1702,7330,7578,2024-06-27 03:18:55,2024-06-27 03:49:55,UberBlack,529.62,16.8,4.01,Completed
5863,8152,2887,7671,2211,2025-07-18 02:43:35,2025-07-18 02:59:35,UberPool,111.74,6.93,4.84,Completed
5864,5005,7647,8046,5531,2025-05-11 09:51:08,2025-05-11 10:36:08,UberPool,116.13,17.08,3.77,Completed
5865,2428,1653,9518,3401,2023-12-24 21:13:38,2023-12-24 21:26:38,UberBlack,452.3,12.28,4.47,Completed
5866,2893,5621,9905,2318,2023-10-16 13:16:49,2023-10-16 13:38:49,UberBlack,410.87,8.5,4.91,Completed
5867,7510,1983,6893,8532,2023-11-23 00:46:46,2023-11-23 01:09:46,UberX,130.25,9.52,4.88,Completed
5868,2584,6298,7005,8410,2024-05-27 02:16:45,2024-05-27 02:42:45,UberBlack,309.66,15.32,3.96,Completed
5869,7131,1778,8105,2742,2023-10-19 00:02:48,2023-10-19 00:17:48,UberX,654.25,2.75,4.14,Completed
5870,7741,8522,8415,6649,2023-12-29 18:35:13,2023-12-29 18:57:13,UberPool,519.23,18.47,4.31,Completed
5871,6430,5755,6516,9201,2024-08-01 18:26:25,2024-08-01 18:49:25,UberPool,511.29,1.4,4.81,Completed
5872,2777,6234,2590,5246,2023-10-09 11:33:12,2023-10-09 11:57:12,UberPool,399.29,15.43,4.54,Completed
5873,3849,8162,5284,2114,2024-06-07 16:17:54,2024-06-07 16:42:54,UberBlack,399.22,1.19,4.13,Completed
5874,9391,5424,5415,8479,2024-03-27 12:13:36,2024-03-27 12:27:36,UberX,674.89,18.76,4.65,Completed
5875,7248,8228,6326,9292,2023-08-19 23:29:38,2023-08-19 23:48:38,UberPool,278.11,6.2,4.63,Completed
5876,8094,9352,9489,2760,2024-02-13 17:37:03,2024-02-13 18:04:03,UberBlack,704.07,11.5,4.85,Completed
5877,7688,2988,9104,6860,2023-12-04 16:02:07,2023-12-04 16:18:07,UberPool,489.89,17.98,4.78,Cancelled
5878,4756,1080,8111,4961,2025-06-23 18:33:30,2025-06-23 18:58:30,UberX,661.03,10.18,3.93,Completed
5879,1218,5741,3341,1769,2025-04-26 10:57:44,2025-04-26 11:04:44,UberX,121.18,17.13,3.67,Completed
5880,6924,1801,3587,1300,2025-04-06 07:39:16,2025-04-06 07:58:16,UberX,104.21,7.62,4.65,Completed
5881,7820,7415,1026,1195,2024-03-01 03:10:45,2024-03-01 03:29:45,UberBlack,218.72,3.52,3.59,Completed
5882,137,7162,3768,9376,2024-10-15 08:18:23,2024-10-15 08:47:23,UberPool,714.58,19.42,3.85,Completed
5883,288,2297,6078,2370,2024-07-23 07:40:24,2024-07-23 08:08:24,UberX,334.74,18.96,4.37,Cancelled
5884,1368,5426,5541,3879,2024-12-03 08:47:22,2024-12-03 09:31:22,UberBlack,414.47,2.14,4.48,Completed
5885,6401,1690,9176,6921,2025-03-03 10:45:58,2025-03-03 11:16:58,UberX,135.65,11.16,4.5,Completed
5886,2635,929,9258,4757,2025-01-22 21:18:45,2025-01-22 21:25:45,UberBlack,360.47,10.57,4.53,Cancelled
5887,2326,8583,4341,547,2024-01-06 07:09:50,2024-01-06 07:31:50,UberBlack,163.12,17.89,3.66,Completed
5888,6794,4349,3406,4359,2024-05-01 00:50:22,2024-05-01 01:31:22,UberX,391.15,7.23,4.19,Completed
5889,2112,5407,6105,3056,2024-07-29 00:34:28,2024-07-29 01:00:28,UberBlack,373.18,10.73,4.23,Completed
5890,1467,7882,1803,7594,2023-08-25 10:36:33,2023-08-25 11:06:33,UberX,206.18,9.23,4.62,Completed
5891,6075,1020,1085,5510,2023-09-06 11:39:07,2023-09-06 12:21:07,UberPool,736.65,3.75,3.9,Completed
5892,5262,9306,8457,5938,2025-04-23 16:32:16,2025-04-23 16:58:16,UberBlack,648.35,4.98,3.53,Completed
5893,6687,3454,3101,7174,2025-05-27 03:50:33,2025-05-27 04:20:33,UberX,662.16,7.42,4.4,Completed
5894,1310,5710,6690,509,2023-09-03 00:43:08,2023-09-03 01:24:08,UberPool,101.45,19.93,4.71,Completed
5895,3401,4544,8580,2869,2025-04-07 12:01:24,2025-04-07 12:18:24,UberBlack,168.72,9.6,4.84,Completed
5896,5844,5664,4208,7909,2024-07-31 12:29:48,2024-07-31 12:41:48,UberBlack,413.56,6.74,4.16,Completed
5897,8666,7930,8997,1714,2023-09-28 18:10:18,2023-09-28 18:20:18,UberX,74.16,14.49,3.52,Completed
5898,4090,3305,8169,990,2023-10-17 17:14:26,2023-10-17 17:43:26,UberBlack,738.49,17.6,4.89,Completed
5899,9132,3025,2838,1597,2025-06-16 07:34:40,2025-06-16 08:08:40,UberPool,265.85,12.78,4.73,No Show
5900,6560,3642,7255,7056,2025-06-06 15:35:35,2025-06-06 15:45:35,UberPool,132.75,12.15,4.13,Completed
5901,7134,7168,6166,7787,2024-07-04 15:13:59,2024-07-04 15:24:59,UberPool,782.58,3.02,4.71,Completed
5902,9243,1916,2326,747,2025-02-28 02:09:05,2025-02-28 02:21:05,UberBlack,381.17,19.16,4.23,Completed
5903,4931,5338,5152,9680,2024-10-27 14:19:06,2024-10-27 14:48:06,UberBlack,113.83,11.72,3.74,Completed
5904,4051,9787,4891,6965,2025-06-06 03:00:04,2025-06-06 03:35:04,UberPool,770.32,10.89,4.3,Completed
5905,5785,8311,1438,3074,2023-10-09 17:30:51,2023-10-09 17:59:51,UberX,216.19,2.48,4.24,Completed
5906,3307,9990,1648,1586,2024-07-21 03:56:19,2024-07-21 04:32:19,UberX,409.03,16.48,4.97,Completed
5907,3818,6815,6235,9344,2025-07-03 01:55:01,2025-07-03 02:13:01,UberPool,797.33,14.42,4.36,Cancelled
5908,833,4077,3184,3364,2025-07-22 03:34:31,2025-07-22 03:54:31,UberPool,363.31,1.77,4.08,Completed
5909,6577,8121,1118,1013,2024-03-09 02:04:53,2024-03-09 02:23:53,UberX,291.15,12.9,3.82,Completed
5910,2812,8034,9689,7670,2023-10-22 07:51:24,2023-10-22 07:56:24,UberX,137.85,5.74,4.5,No Show
5911,9330,8377,4991,8981,2024-10-14 04:01:10,2024-10-14 04:07:10,UberX,228.68,8.62,3.51,Completed
5912,9949,1830,6957,2363,2024-07-11 09:25:15,2024-07-11 09:39:15,UberX,356.31,13.77,4.62,Completed
5913,5570,9499,9660,9075,2025-04-29 22:45:46,2025-04-29 23:13:46,UberPool,131.1,16.01,4.64,Completed
5914,4928,7897,9357,5465,2024-09-04 09:20:30,2024-09-04 09:32:30,UberBlack,211.17,12.54,4.01,Completed
5915,7603,2211,3624,2198,2024-06-29 15:11:29,2024-06-29 15:29:29,UberPool,393.56,13.91,4.32,Completed
5916,6744,2719,8803,9031,2025-03-30 10:52:09,2025-03-30 11:22:09,UberBlack,178.91,11.93,4.85,Completed
5917,1091,1879,341,6375,2023-10-15 16:14:25,2023-10-15 16:40:25,UberBlack,57.21,11.21,3.77,Completed
5918,6596,2770,6922,7556,2024-12-16 08:56:22,2024-12-16 09:31:22,UberPool,264.96,7.1,4.26,Completed
5919,9288,9596,6758,45,2025-02-02 03:22:09,2025-02-02 03:42:09,UberBlack,638.0,13.4,4.02,Completed
5920,9081,4110,3567,7278,2025-04-07 22:26:42,2025-04-07 23:10:42,UberX,598.1,5.38,4.14,Completed
5921,1574,7327,7323,4611,2024-03-10 02:26:44,2024-03-10 02:54:44,UberX,53.06,19.77,4.79,Completed
5922,8126,1301,7520,2424,2024-10-07 05:35:04,2024-10-07 06:06:04,UberBlack,727.77,2.84,4.8,Completed
5923,2951,2953,1024,5583,2024-07-10 12:46:53,2024-07-10 13:31:53,UberX,364.84,7.73,4.38,Completed
5924,3620,574,8070,6014,2025-02-23 08:38:52,2025-02-23 08:52:52,UberBlack,743.61,17.02,4.57,Completed
5925,1310,3429,1544,414,2024-01-10 10:48:14,2024-01-10 11:02:14,UberBlack,337.25,5.79,4.93,Completed
5926,6081,9838,8733,2358,2023-10-17 08:20:54,2023-10-17 08:47:54,UberX,723.36,4.41,4.65,Completed
5927,8784,1801,4405,843,2024-03-12 20:54:07,2024-03-12 20:59:07,UberPool,655.33,3.8,4.24,Completed
5928,7196,4667,4449,8776,2024-12-28 22:11:00,2024-12-28 22:23:00,UberBlack,427.99,11.02,3.89,Completed
5929,6620,5827,3528,7291,2025-05-06 06:28:49,2025-05-06 07:10:49,UberPool,782.53,15.26,4.99,Completed
5930,332,9010,5819,2753,2025-05-07 15:01:58,2025-05-07 15:41:58,UberX,799.73,12.7,4.67,Completed
5931,8878,6383,6211,5179,2025-04-29 08:36:39,2025-04-29 08:48:39,UberX,457.54,19.84,4.67,Completed
5932,2760,7157,3594,2707,2024-07-01 22:15:52,2024-07-01 22:34:52,UberPool,438.41,19.96,4.13,Completed
5933,9673,3824,8453,931,2025-04-27 13:53:32,2025-04-27 14:23:32,UberX,439.27,5.08,4.98,Cancelled
5934,7547,1189,84,9334,2023-08-09 21:42:32,2023-08-09 21:54:32,UberBlack,321.66,5.14,4.93,Cancelled
5935,3148,9856,7590,8842,2023-11-05 02:43:47,2023-11-05 02:51:47,UberX,448.18,9.92,4.9,Completed
5936,8710,499,9590,4223,2023-09-13 01:49:27,2023-09-13 01:58:27,UberX,294.65,18.6,4.91,No Show
5937,3160,6803,9134,1619,2024-02-18 19:51:36,2024-02-18 19:56:36,UberX,774.14,1.46,4.02,Completed
5938,2642,8434,3738,7807,2024-07-15 13:05:54,2024-07-15 13:48:54,UberPool,125.13,11.64,4.94,Completed
5939,2951,4444,7901,2605,2024-05-14 19:39:23,2024-05-14 19:49:23,UberBlack,524.25,12.45,4.26,Completed
5940,733,5577,7569,5429,2024-08-18 02:53:57,2024-08-18 03:12:57,UberBlack,175.83,15.63,4.55,No Show
5941,5137,1244,9869,3638,2025-05-06 00:05:02,2025-05-06 00:50:02,UberPool,403.26,1.92,4.49,Completed
5942,5891,3811,7578,4626,2024-05-14 19:40:08,2024-05-14 20:11:08,UberPool,297.07,18.19,4.75,Completed
5943,5649,770,4026,9346,2024-01-03 08:10:47,2024-01-03 08:17:47,UberPool,330.11,13.62,4.26,Completed
5944,9437,469,2614,8864,2023-10-02 18:23:15,2023-10-02 19:02:15,UberX,707.24,1.91,4.38,Completed
5945,5185,5858,9666,5842,2025-04-16 12:47:23,2025-04-16 13:32:23,UberX,99.27,15.71,4.83,Completed
5946,8994,9531,2516,656,2024-04-04 07:23:57,2024-04-04 07:38:57,UberX,321.07,1.88,3.84,Completed
5947,8278,8056,569,1420,2024-12-16 15:14:02,2024-12-16 15:40:02,UberPool,348.15,14.69,4.86,Completed
5948,3344,1895,1293,8916,2024-02-04 23:10:32,2024-02-04 23:32:32,UberX,427.5,4.81,4.26,Completed
5949,2117,4650,7960,7938,2023-08-13 23:35:06,2023-08-14 00:14:06,UberBlack,109.43,6.37,4.14,Cancelled
5950,5493,2340,1774,6279,2024-12-30 11:49:57,2024-12-30 12:28:57,UberBlack,210.48,2.93,4.79,Completed
5951,5680,6406,6262,4350,2025-05-03 04:31:22,2025-05-03 05:16:22,UberX,583.81,4.35,4.6,Cancelled
5952,5326,4102,4180,1414,2023-10-06 00:02:57,2023-10-06 00:45:57,UberPool,111.49,15.87,4.05,Completed
5953,7353,3085,2319,6563,2025-06-05 07:37:42,2025-06-05 07:49:42,UberX,461.15,3.71,3.96,Completed
5954,5845,3310,9280,9573,2025-05-13 04:29:47,2025-05-13 05:06:47,UberX,329.93,15.48,4.18,Completed
5955,7171,4560,7341,2319,2024-08-04 08:37:07,2024-08-04 09:07:07,UberBlack,760.9,9.94,3.78,Completed
5956,9118,1669,7819,7946,2025-03-17 09:41:12,2025-03-17 10:01:12,UberPool,313.04,14.01,4.26,Completed
5957,3663,9755,6214,4722,2023-09-24 03:46:08,2023-09-24 04:18:08,UberPool,335.59,1.73,4.96,Completed
5958,9308,84,6237,6173,2023-10-29 01:39:41,2023-10-29 02:11:41,UberX,187.53,6.12,4.12,Completed
5959,9778,7304,1856,5426,2023-09-05 15:24:37,2023-09-05 15:36:37,UberPool,582.85,4.66,4.41,Completed
5960,7433,8084,9009,9020,2024-06-05 05:42:44,2024-06-05 06:13:44,UberX,719.74,1.13,3.81,Completed
5961,2067,6901,8113,8864,2024-04-19 17:47:34,2024-04-19 18:19:34,UberPool,128.76,14.64,4.39,Completed
5962,7102,1307,9276,3062,2024-08-30 15:39:25,2024-08-30 15:56:25,UberX,543.16,17.47,3.7,No Show
5963,4313,878,2304,1609,2023-12-29 12:00:12,2023-12-29 12:23:12,UberBlack,585.67,1.4,4.19,Cancelled
5964,8649,3427,3567,6976,2024-09-19 07:28:06,2024-09-19 07:38:06,UberBlack,166.11,19.71,3.83,Completed
5965,8581,4693,968,8115,2024-05-04 00:54:20,2024-05-04 01:12:20,UberX,607.47,6.39,4.12,Completed
5966,5030,7768,7513,5692,2025-06-18 11:32:12,2025-06-18 11:49:12,UberX,248.34,7.11,4.87,Completed
5967,4275,6041,897,1422,2023-11-21 16:50:25,2023-11-21 17:18:25,UberPool,66.09,5.68,4.86,Completed
5968,3148,3145,8516,4570,2024-07-19 00:19:12,2024-07-19 00:31:12,UberPool,612.85,12.04,3.98,Completed
5969,9042,7941,936,7524,2024-07-26 02:23:51,2024-07-26 02:46:51,UberX,653.32,7.55,4.88,Completed
5970,7373,5382,3789,1330,2025-01-05 00:37:21,2025-01-05 01:11:21,UberBlack,638.96,11.28,4.93,Completed
5971,7267,4825,6942,2404,2023-11-24 15:23:06,2023-11-24 15:34:06,UberBlack,178.07,19.94,4.11,No Show
5972,7158,1177,1562,6752,2024-10-02 18:35:33,2024-10-02 19:06:33,UberBlack,93.81,12.42,3.79,Completed
5973,6501,3841,257,3109,2023-12-26 11:37:46,2023-12-26 11:45:46,UberX,257.62,2.23,3.51,Completed
5974,9712,8667,9812,1512,2025-07-21 02:01:38,2025-07-21 02:40:38,UberBlack,480.49,9.92,4.53,Completed
5975,9734,7079,223,6265,2024-09-09 00:26:07,2024-09-09 00:31:07,UberBlack,636.58,3.77,4.35,Completed
5976,2615,5510,1302,5438,2024-10-19 10:23:50,2024-10-19 11:04:50,UberPool,768.55,6.03,4.92,Completed
5977,2352,9589,3864,8671,2024-08-18 21:15:01,2024-08-18 21:40:01,UberX,314.18,4.43,4.53,Completed
5978,8295,2946,6254,4182,2025-04-08 19:23:14,2025-04-08 19:44:14,UberX,582.15,5.96,3.65,Completed
5979,6693,4331,7048,9414,2025-03-21 12:46:15,2025-03-21 13:12:15,UberX,641.97,10.62,3.66,Completed
5980,6391,3687,763,6211,2024-04-25 18:56:30,2024-04-25 19:20:30,UberX,192.18,12.33,4.72,Completed
5981,3387,5120,5910,408,2024-08-29 04:08:46,2024-08-29 04:47:46,UberX,202.91,19.01,4.81,Completed
5982,8937,419,4068,161,2024-12-03 08:00:51,2024-12-03 08:08:51,UberBlack,625.39,1.94,4.31,Completed
5983,7068,5584,2198,5465,2025-06-23 22:02:41,2025-06-23 22:40:41,UberPool,516.69,6.04,3.95,Completed
5984,3301,5302,1517,751,2024-05-16 21:58:53,2024-05-16 22:26:53,UberBlack,310.75,17.11,4.3,Completed
5985,5880,8236,4039,5063,2025-04-23 09:05:16,2025-04-23 09:26:16,UberPool,662.42,11.69,4.06,Cancelled
5986,418,424,7616,2079,2024-04-19 08:44:31,2024-04-19 09:19:31,UberPool,740.99,18.32,4.03,Completed
5987,9505,6605,7168,172,2023-10-18 17:17:36,2023-10-18 17:54:36,UberX,281.16,2.93,4.94,Completed
5988,7884,876,5092,489,2025-02-21 03:35:37,2025-02-21 04:01:37,UberX,180.02,7.79,4.81,Completed
5989,3951,1201,305,172,2023-11-17 14:26:58,2023-11-17 14:32:58,UberX,604.95,13.5,4.2,Completed
5990,9882,9389,4753,5278,2025-02-19 05:22:10,2025-02-19 05:48:10,UberPool,442.97,7.15,3.72,Completed
5991,3672,2586,7510,1059,2025-02-22 21:33:07,2025-02-22 21:49:07,UberPool,397.6,3.25,4.4,Completed
5992,7145,3873,5874,8275,2023-12-10 20:06:11,2023-12-10 20:29:11,UberPool,793.99,15.84,3.97,Completed
5993,6188,9578,6615,1222,2025-02-14 13:57:03,2025-02-14 14:24:03,UberBlack,109.63,1.25,3.56,Completed
5994,4231,9117,9092,7220,2024-02-28 13:51:24,2024-02-28 14:35:24,UberPool,230.16,6.25,4.3,Completed
5995,6379,7347,8983,1861,2024-03-12 02:15:03,2024-03-12 02:22:03,UberPool,230.26,10.07,4.96,Completed
5996,6681,5212,5316,8773,2024-11-20 08:06:11,2024-11-20 08:37:11,UberX,673.69,19.58,4.76,Completed
5997,3002,9003,2381,3490,2024-03-08 14:54:38,2024-03-08 15:20:38,UberPool,709.37,10.35,3.58,Cancelled
5998,7266,5821,7279,3769,2025-08-01 00:18:39,2025-08-01 00:42:39,UberBlack,423.9,12.4,4.68,Completed
5999,8129,9836,2660,3235,2024-09-14 18:36:53,2024-09-14 19:12:53,UberBlack,716.2,5.23,3.81,Completed
6000,9372,349,8744,7683,2025-01-21 01:20:23,2025-01-21 01:51:23,UberX,491.93,9.35,4.4,No Show
6001,6419,152,6040,2876,2024-09-01 11:13:07,2024-09-01 11:46:07,UberPool,500.23,2.99,3.88,Completed
6002,2440,2778,156,3240,2024-08-20 16:32:09,2024-08-20 17:15:09,UberX,753.96,2.07,4.51,Completed
6003,1461,8155,2041,7740,2023-09-19 20:27:53,2023-09-19 20:57:53,UberPool,719.52,18.91,4.5,Completed
6004,207,3332,6909,6086,2025-02-18 04:17:14,2025-02-18 04:24:14,UberPool,76.42,15.62,3.66,Completed
6005,8636,5726,1572,7364,2025-01-30 13:39:38,2025-01-30 14:24:38,UberPool,596.6,16.7,4.28,Completed
6006,4491,9613,2004,4508,2024-11-06 05:54:20,2024-11-06 06:00:20,UberX,367.64,14.64,3.8,Completed
6007,4248,2460,1462,3863,2024-01-18 11:58:22,2024-01-18 12:04:22,UberBlack,752.39,12.03,4.17,Completed
6008,6412,2655,5704,399,2024-03-10 21:10:20,2024-03-10 21:18:20,UberBlack,389.28,7.25,3.56,Completed
6009,2152,1719,2503,5365,2024-06-14 12:38:28,2024-06-14 13:05:28,UberX,520.67,3.33,4.36,Completed
6010,1668,3524,7209,2822,2024-07-22 03:16:06,2024-07-22 03:49:06,UberX,758.52,8.37,4.05,Cancelled
6011,4871,1919,9511,8114,2024-03-21 06:51:42,2024-03-21 07:09:42,UberX,429.18,9.07,4.56,Completed
6012,3244,1498,9125,6530,2024-12-14 16:19:16,2024-12-14 16:54:16,UberBlack,712.55,3.77,4.88,Completed
6013,3083,8913,1827,9075,2025-02-25 01:46:42,2025-02-25 02:19:42,UberBlack,675.95,1.6,4.57,Completed
6014,8205,3228,4792,889,2024-03-01 19:21:51,2024-03-01 19:40:51,UberPool,633.07,8.19,3.79,Completed
6015,9806,5726,4896,9778,2025-05-25 07:26:06,2025-05-25 07:44:06,UberX,205.28,17.71,4.4,Completed
6016,9201,3761,2854,292,2024-09-02 07:47:48,2024-09-02 08:12:48,UberX,165.94,1.17,4.5,Completed
6017,6719,7489,5058,3876,2024-03-12 07:00:12,2024-03-12 07:31:12,UberBlack,516.43,14.82,4.59,Completed
6018,8705,8427,3040,5136,2025-01-27 22:23:35,2025-01-27 23:04:35,UberPool,725.11,3.29,4.36,Completed
6019,6711,258,8791,9362,2025-02-13 15:58:34,2025-02-13 16:10:34,UberBlack,135.14,7.26,4.36,Completed
6020,8389,7614,3789,441,2024-07-09 01:53:02,2024-07-09 02:04:02,UberBlack,354.34,10.72,3.99,Completed
6021,4977,4503,8787,3500,2024-11-09 15:54:10,2024-11-09 16:00:10,UberPool,683.01,7.7,4.75,Completed
6022,8283,5076,5599,9218,2023-08-10 19:58:25,2023-08-10 20:14:25,UberX,596.63,5.54,4.2,Completed
6023,6157,2983,2048,5347,2024-11-10 04:00:55,2024-11-10 04:39:55,UberBlack,416.4,12.41,4.17,Completed
6024,3497,2511,5335,8298,2024-01-06 21:29:53,2024-01-06 22:10:53,UberBlack,142.23,1.87,3.74,Completed
6025,1331,5634,1229,2257,2024-12-23 07:28:25,2024-12-23 07:34:25,UberX,282.86,18.64,4.01,Cancelled
6026,476,7497,3117,3821,2025-04-02 18:58:58,2025-04-02 19:40:58,UberX,570.47,6.1,4.58,Completed
6027,9092,7722,8109,5792,2024-05-25 05:27:26,2024-05-25 05:50:26,UberX,346.66,5.12,4.49,Cancelled
6028,2856,7484,7176,6766,2025-01-02 22:47:29,2025-01-02 23:16:29,UberPool,212.96,18.84,4.97,Completed
6029,4023,5024,2947,1016,2024-02-10 22:02:42,2024-02-10 22:33:42,UberBlack,799.5,6.46,4.39,Completed
6030,172,4764,5178,8776,2024-05-31 23:27:45,2024-06-01 00:02:45,UberPool,788.67,4.95,3.97,Completed
6031,2851,1840,534,2407,2025-07-23 06:16:24,2025-07-23 06:26:24,UberX,52.92,6.28,3.61,Cancelled
6032,8243,8807,5273,7259,2024-06-12 20:30:48,2024-06-12 20:51:48,UberBlack,599.67,4.16,3.7,Completed
6033,4308,8907,4230,1599,2023-12-17 15:00:15,2023-12-17 15:29:15,UberPool,470.64,6.13,4.74,Cancelled
6034,6984,6182,7749,2647,2023-09-22 18:14:41,2023-09-22 18:55:41,UberPool,98.91,7.89,4.26,Completed
6035,9993,8663,2895,4809,2024-05-14 04:24:35,2024-05-14 04:56:35,UberBlack,411.97,9.57,4.62,Completed
6036,9225,9767,4470,8126,2024-07-20 08:30:20,2024-07-20 08:56:20,UberBlack,67.81,3.55,3.9,Cancelled
6037,7189,1742,5471,7725,2025-02-26 20:29:29,2025-02-26 20:36:29,UberBlack,88.3,4.96,3.6,No Show
6038,2980,3753,7772,2805,2025-01-23 23:00:26,2025-01-23 23:16:26,UberX,231.49,14.47,4.0,Completed
6039,3703,1780,4628,9087,2023-08-18 21:08:30,2023-08-18 21:23:30,UberBlack,421.73,9.41,4.9,Cancelled
6040,9603,9417,4893,1503,2025-04-29 21:37:08,2025-04-29 22:12:08,UberPool,790.56,16.98,4.4,Cancelled
6041,7498,9705,6791,4564,2024-02-28 17:04:21,2024-02-28 17:09:21,UberX,416.77,13.81,4.96,Completed
6042,6638,6337,7587,1046,2023-12-13 05:30:56,2023-12-13 05:50:56,UberX,528.3,12.82,4.05,Cancelled
6043,6908,2322,4571,1254,2024-07-21 11:09:37,2024-07-21 11:48:37,UberX,381.84,16.47,4.3,Completed
6044,7098,9335,8586,6694,2024-10-02 18:26:31,2024-10-02 18:35:31,UberBlack,308.76,17.34,4.95,Completed
6045,2748,5056,3195,2619,2024-07-21 14:21:18,2024-07-21 14:33:18,UberBlack,467.69,3.1,4.59,No Show
6046,8843,6867,478,7109,2025-07-02 23:09:18,2025-07-02 23:33:18,UberBlack,669.3,8.69,4.89,Cancelled
6047,2495,3578,2471,3179,2024-07-15 11:10:03,2024-07-15 11:34:03,UberPool,478.84,14.39,4.9,Cancelled
6048,191,9325,8366,4095,2025-03-19 01:07:10,2025-03-19 01:28:10,UberPool,558.63,1.78,4.29,Cancelled
6049,2997,4612,8849,6268,2023-11-04 21:04:47,2023-11-04 21:11:47,UberX,186.82,17.19,4.63,Completed
6050,4058,2993,3464,717,2025-02-18 01:29:03,2025-02-18 01:54:03,UberBlack,610.41,14.88,3.69,Completed
6051,2990,932,3379,1076,2023-09-24 08:35:42,2023-09-24 08:42:42,UberX,647.53,13.94,4.32,Completed
6052,9914,6272,1104,9969,2023-12-28 20:40:25,2023-12-28 20:57:25,UberBlack,366.57,3.31,4.93,Completed
6053,4993,6176,771,2127,2025-07-08 15:08:56,2025-07-08 15:23:56,UberX,95.37,7.47,4.94,Completed
6054,784,711,2666,6876,2024-07-29 15:22:19,2024-07-29 15:38:19,UberX,593.58,19.48,4.1,Completed
6055,3912,5321,6621,2261,2025-06-25 04:34:26,2025-06-25 04:58:26,UberPool,447.48,10.53,3.9,Completed
6056,2614,1964,9163,7254,2024-09-04 22:39:36,2024-09-04 23:02:36,UberX,487.68,9.95,4.09,Completed
6057,3091,6994,5195,5824,2023-09-28 19:10:30,2023-09-28 19:31:30,UberX,179.79,3.15,4.73,Completed
6058,9982,9744,2061,1490,2024-05-26 19:54:59,2024-05-26 20:16:59,UberX,360.91,2.65,3.69,Completed
6059,9397,3356,1909,3556,2023-11-04 09:43:52,2023-11-04 10:06:52,UberBlack,175.82,17.34,3.84,Completed
6060,7125,582,1662,38,2024-01-06 12:44:18,2024-01-06 13:22:18,UberBlack,250.99,4.81,4.91,Completed
6061,2575,1762,842,1294,2025-07-28 18:24:01,2025-07-28 18:48:01,UberPool,726.31,15.56,4.03,Completed
6062,2352,6223,6142,7362,2023-10-24 10:13:06,2023-10-24 10:35:06,UberX,707.98,14.15,3.65,Completed
6063,3476,4839,5881,6525,2024-05-30 23:21:27,2024-05-30 23:35:27,UberPool,425.87,17.37,4.04,Completed
6064,3971,9136,5604,7101,2024-08-29 17:12:36,2024-08-29 17:30:36,UberX,82.27,6.39,4.46,Completed
6065,8856,4306,7969,6811,2024-09-26 10:46:19,2024-09-26 11:20:19,UberBlack,249.55,6.25,4.86,Completed
6066,6725,814,2146,6119,2024-12-14 23:52:18,2024-12-15 00:01:18,UberBlack,268.31,5.12,4.72,Completed
6067,8382,1196,4635,8757,2024-10-11 23:46:02,2024-10-12 00:23:02,UberX,169.8,2.25,4.61,Completed
6068,2226,554,8880,8564,2023-10-25 13:33:06,2023-10-25 13:53:06,UberBlack,362.08,12.05,4.08,Completed
6069,4366,6105,5359,4304,2025-05-04 02:58:33,2025-05-04 03:42:33,UberPool,637.28,18.09,4.69,Completed
6070,1714,3388,5045,8771,2025-06-04 20:57:56,2025-06-04 21:07:56,UberPool,461.65,7.32,4.46,Completed
6071,3044,6380,6131,1082,2024-01-19 10:35:21,2024-01-19 10:41:21,UberX,246.56,3.81,4.99,Completed
6072,4641,4962,21,2689,2024-11-10 10:41:18,2024-11-10 10:56:18,UberX,137.33,13.92,4.82,Completed
6073,9585,1919,2196,1885,2025-06-17 09:34:52,2025-06-17 10:02:52,UberX,161.54,1.27,4.87,Completed
6074,5711,7010,6943,8374,2024-10-16 13:57:40,2024-10-16 14:22:40,UberPool,246.75,14.92,3.8,Completed
6075,8476,7647,9826,7729,2023-09-10 23:18:35,2023-09-10 23:30:35,UberPool,185.75,17.4,4.46,Completed
6076,1113,7728,513,6971,2025-04-17 22:37:56,2025-04-17 23:10:56,UberBlack,436.26,7.49,4.17,Completed
6077,1266,6453,6374,8617,2023-11-02 23:55:35,2023-11-03 00:32:35,UberPool,283.29,17.15,3.78,Completed
6078,9679,6597,3389,7727,2025-01-19 05:53:46,2025-01-19 06:27:46,UberPool,244.93,15.2,4.6,Completed
6079,2904,7695,3632,6810,2024-07-14 21:06:00,2024-07-14 21:31:00,UberPool,426.15,11.31,4.1,Completed
6080,1739,9700,3973,4285,2024-09-05 20:56:40,2024-09-05 21:03:40,UberX,456.62,3.76,3.65,Completed
6081,2274,308,1371,1280,2024-05-21 18:56:09,2024-05-21 19:15:09,UberBlack,727.69,16.71,4.52,Completed
6082,8349,7327,8477,3842,2024-04-13 19:53:21,2024-04-13 20:33:21,UberX,678.93,3.91,3.95,Completed
6083,4916,9333,203,8868,2024-06-29 11:29:00,2024-06-29 12:05:00,UberPool,166.06,10.32,4.76,Completed
6084,9421,5877,298,9142,2024-05-29 11:31:48,2024-05-29 12:11:48,UberBlack,610.02,4.4,3.58,Completed
6085,7109,9812,4630,6601,2024-04-18 17:05:17,2024-04-18 17:41:17,UberBlack,456.59,3.87,4.26,Completed
6086,9684,8037,4545,1664,2024-07-24 10:33:22,2024-07-24 11:06:22,UberPool,717.46,16.65,4.05,Completed
6087,6026,4077,8195,9457,2023-12-04 22:49:49,2023-12-04 22:59:49,UberX,261.8,16.38,3.92,Cancelled
6088,7403,5990,2474,8681,2023-09-02 22:43:49,2023-09-02 22:54:49,UberPool,181.62,6.0,4.28,Completed
6089,7266,8596,6172,3127,2023-08-21 18:25:16,2023-08-21 18:39:16,UberBlack,712.19,12.58,4.67,Completed
6090,8080,4528,4974,3953,2024-07-20 11:11:48,2024-07-20 11:50:48,UberPool,471.65,19.32,4.14,Completed
6091,1868,33,2600,3695,2025-02-04 04:33:20,2025-02-04 04:56:20,UberPool,209.41,19.07,3.78,Cancelled
6092,5699,5705,2486,6619,2023-10-12 06:45:29,2023-10-12 07:27:29,UberPool,698.33,12.26,4.13,Completed
6093,8240,9536,1816,3248,2024-12-08 02:25:50,2024-12-08 02:36:50,UberBlack,97.51,2.79,4.01,Completed
6094,6813,6985,5685,8851,2025-05-09 08:43:02,2025-05-09 08:53:02,UberPool,428.06,18.24,4.24,No Show
6095,8519,765,6035,5163,2025-04-09 08:58:18,2025-04-09 09:25:18,UberX,679.4,17.8,4.54,Completed
6096,4469,7493,3081,4789,2025-04-06 15:03:12,2025-04-06 15:42:12,UberBlack,368.7,2.32,3.8,No Show
6097,4161,4060,1072,6542,2023-12-06 11:54:52,2023-12-06 12:08:52,UberBlack,682.73,8.21,3.73,Completed
6098,1193,9496,1776,6497,2025-03-15 06:35:04,2025-03-15 07:06:04,UberBlack,115.07,13.67,4.9,Completed
6099,1554,1452,7215,4496,2023-09-10 11:05:03,2023-09-10 11:16:03,UberBlack,68.1,6.83,3.8,Completed
6100,6783,2088,447,8264,2024-08-30 15:36:57,2024-08-30 16:07:57,UberPool,184.25,13.48,4.31,Completed
6101,9308,144,398,1988,2025-08-01 05:06:07,2025-08-01 05:13:07,UberPool,464.3,15.71,3.87,Completed
6102,350,549,5990,2865,2023-09-28 23:41:27,2023-09-29 00:05:27,UberBlack,523.57,17.67,4.33,Completed
6103,14,775,3400,8221,2024-01-30 14:20:09,2024-01-30 14:35:09,UberPool,118.34,17.29,4.6,Completed
6104,1732,5465,988,1949,2024-02-12 19:09:01,2024-02-12 19:28:01,UberBlack,175.83,17.98,4.88,Completed
6105,2157,3251,7747,9848,2025-01-20 00:05:02,2025-01-20 00:12:02,UberPool,571.08,2.02,4.18,Completed
6106,8721,5372,2211,2911,2023-12-19 01:48:06,2023-12-19 02:06:06,UberX,210.58,4.95,4.92,Completed
6107,1031,5922,8856,33,2024-03-12 15:48:08,2024-03-12 16:24:08,UberX,662.04,17.25,3.52,Completed
6108,9987,5768,5426,5250,2023-11-02 02:19:01,2023-11-02 03:03:01,UberBlack,124.43,15.57,3.99,Completed
6109,7763,3524,2621,2004,2025-04-30 23:57:20,2025-05-01 00:19:20,UberX,56.04,16.39,4.04,Completed
6110,6974,4653,221,6392,2023-12-01 01:13:29,2023-12-01 01:36:29,UberBlack,738.93,18.57,4.61,Cancelled
6111,5502,7246,5482,2632,2024-04-10 07:04:43,2024-04-10 07:13:43,UberX,320.73,16.41,4.96,Completed
6112,1881,7318,3073,6400,2024-03-14 01:36:12,2024-03-14 02:20:12,UberPool,530.77,2.26,4.74,Completed
6113,5233,9918,1192,3466,2024-10-18 04:52:27,2024-10-18 05:14:27,UberX,784.4,1.59,3.82,Completed
6114,8299,8849,3276,3217,2024-06-30 14:56:20,2024-06-30 15:38:20,UberBlack,565.84,5.43,3.51,Cancelled
6115,6220,4348,1082,6074,2023-08-09 04:24:20,2023-08-09 04:52:20,UberPool,791.86,5.09,4.59,Completed
6116,677,8122,2609,5323,2023-10-18 18:45:58,2023-10-18 19:05:58,UberX,425.03,17.38,3.74,Completed
6117,7064,7398,1713,8452,2025-02-17 14:24:54,2025-02-17 14:46:54,UberPool,407.02,8.18,4.59,Completed
6118,109,5421,5544,452,2024-01-13 03:11:03,2024-01-13 03:56:03,UberPool,201.03,18.95,4.69,Completed
6119,1931,6275,2803,3123,2024-02-08 00:00:24,2024-02-08 00:07:24,UberPool,679.55,9.03,3.55,Cancelled
6120,8695,2900,790,7526,2024-03-31 22:04:07,2024-03-31 22:38:07,UberX,170.74,2.61,4.78,Completed
6121,2493,4478,5617,1283,2024-09-24 22:45:35,2024-09-24 23:01:35,UberPool,281.81,9.4,3.87,Completed
6122,1867,4126,3536,1928,2025-03-14 10:06:12,2025-03-14 10:22:12,UberPool,151.54,8.51,4.2,Completed
6123,7115,9999,7798,1500,2024-05-15 18:58:17,2024-05-15 19:29:17,UberBlack,61.33,7.3,4.38,Completed
6124,4771,5500,6522,2120,2025-03-27 01:00:51,2025-03-27 01:15:51,UberPool,437.28,14.09,3.68,Cancelled
6125,2734,1502,9938,2558,2025-01-11 02:27:20,2025-01-11 03:01:20,UberPool,656.21,8.24,4.16,Completed
6126,5798,9918,8817,7500,2023-12-30 23:49:34,2023-12-31 00:31:34,UberX,85.49,4.74,4.02,Completed
6127,8303,7596,6509,4517,2024-06-04 00:44:38,2024-06-04 01:00:38,UberPool,194.77,12.71,3.8,Completed
6128,9090,7169,7748,7951,2024-09-16 12:10:04,2024-09-16 12:19:04,UberPool,772.9,3.43,4.4,Completed
6129,7929,769,1067,5229,2023-10-22 03:19:21,2023-10-22 03:54:21,UberPool,253.46,12.36,4.08,Completed
6130,5756,4924,3304,6342,2024-10-18 22:57:13,2024-10-18 23:07:13,UberX,786.69,6.98,3.79,Completed
6131,5514,1639,5662,1830,2025-03-20 02:46:17,2025-03-20 03:15:17,UberPool,697.39,2.41,4.0,Completed
6132,3254,2044,4730,2714,2025-04-26 00:26:04,2025-04-26 00:42:04,UberBlack,653.2,9.01,3.75,Completed
6133,6983,1880,5454,1120,2023-09-19 06:03:53,2023-09-19 06:35:53,UberPool,66.19,1.11,4.73,Completed
6134,68,5885,7553,2902,2024-10-31 16:16:49,2024-10-31 16:35:49,UberBlack,442.43,12.22,4.87,Completed
6135,5388,7159,8235,2301,2024-09-25 07:35:23,2024-09-25 08:16:23,UberX,602.56,15.0,4.75,Completed
6136,2476,4712,539,8158,2024-08-20 14:47:32,2024-08-20 14:57:32,UberX,59.04,18.63,3.73,Cancelled
6137,5718,6217,3617,533,2025-04-26 13:17:26,2025-04-26 13:36:26,UberPool,497.02,19.54,3.99,Completed
6138,3959,860,8830,4634,2024-07-26 01:49:26,2024-07-26 02:12:26,UberBlack,313.05,1.72,4.76,Completed
6139,4019,8625,5763,1217,2025-05-05 00:07:12,2025-05-05 00:39:12,UberX,396.51,1.92,4.93,Completed
6140,1427,6591,6217,6152,2024-07-01 21:52:31,2024-07-01 22:14:31,UberX,466.44,13.98,4.61,Completed
6141,9914,4846,2973,4054,2024-08-07 01:38:48,2024-08-07 02:17:48,UberBlack,438.31,14.98,3.75,Cancelled
6142,207,5834,316,166,2024-03-16 11:43:35,2024-03-16 11:48:35,UberX,276.48,8.78,4.2,Completed
6143,8182,5517,8334,9475,2024-10-19 07:57:57,2024-10-19 08:27:57,UberX,221.02,9.11,4.22,Completed
6144,1308,4477,6844,2228,2024-06-21 09:27:51,2024-06-21 09:57:51,UberX,504.76,4.06,3.98,Completed
6145,8490,9967,3664,1068,2024-07-21 17:54:23,2024-07-21 18:21:23,UberX,55.95,9.91,4.44,Completed
6146,3492,6210,1662,2661,2023-10-09 00:30:22,2023-10-09 00:36:22,UberPool,240.94,4.14,4.29,No Show
6147,3898,7383,7335,5207,2025-06-08 15:45:47,2025-06-08 16:15:47,UberPool,433.93,8.79,4.84,Completed
6148,3038,1322,1035,8537,2024-10-19 01:39:45,2024-10-19 01:47:45,UberX,159.26,6.97,4.53,Completed
6149,4679,2610,3944,2426,2025-02-13 00:18:15,2025-02-13 00:52:15,UberBlack,617.65,8.04,3.79,Completed
6150,384,9350,4432,6416,2025-02-01 02:22:22,2025-02-01 02:53:22,UberX,569.69,15.2,4.26,Completed
6151,369,9501,2391,3769,2024-02-23 14:37:51,2024-02-23 14:49:51,UberBlack,245.1,17.71,3.64,Completed
6152,6447,5819,6127,7755,2025-03-17 21:53:07,2025-03-17 21:59:07,UberX,144.09,8.55,4.31,Completed
6153,3734,8723,1760,2860,2025-07-22 23:02:06,2025-07-22 23:22:06,UberBlack,303.17,13.97,4.04,Completed
6154,8929,788,1112,1134,2024-08-25 10:10:02,2024-08-25 10:52:02,UberPool,396.17,16.3,3.53,Completed
6155,301,8964,8311,6025,2025-05-14 11:00:24,2025-05-14 11:43:24,UberPool,563.72,19.45,3.85,Completed
6156,8581,9120,2280,4550,2023-10-15 06:56:22,2023-10-15 07:41:22,UberX,270.9,9.26,4.62,Completed
6157,1158,8189,3716,4411,2023-11-26 02:03:22,2023-11-26 02:10:22,UberX,736.61,7.7,4.95,Completed
6158,7453,5278,4708,2368,2024-05-15 23:15:04,2024-05-15 23:32:04,UberPool,343.48,16.24,4.54,Completed
6159,312,8250,5811,5241,2025-05-27 16:24:58,2025-05-27 16:39:58,UberBlack,76.54,18.59,3.88,Completed
6160,9550,1526,7453,9505,2025-04-21 17:56:19,2025-04-21 18:32:19,UberPool,287.58,8.95,4.97,No Show
6161,136,1174,8235,5998,2023-09-06 23:35:52,2023-09-06 23:49:52,UberX,735.16,11.87,4.69,Completed
6162,9877,5169,5047,92,2025-01-25 01:33:48,2025-01-25 01:47:48,UberBlack,600.17,8.21,3.61,Completed
6163,367,7629,9453,1623,2024-10-23 09:24:27,2024-10-23 09:40:27,UberBlack,327.88,13.35,3.72,Completed
6164,3481,6884,1283,8095,2024-02-10 09:45:00,2024-02-10 10:16:00,UberPool,136.76,10.36,4.87,Completed
6165,3825,8444,1631,5478,2025-07-19 04:42:04,2025-07-19 05:16:04,UberX,679.26,16.67,4.04,No Show
6166,1008,6734,6481,5117,2024-08-06 09:12:19,2024-08-06 09:33:19,UberX,506.69,5.25,4.33,Completed
6167,4695,7279,4257,6166,2023-09-21 08:19:38,2023-09-21 08:52:38,UberPool,512.8,14.2,4.15,Cancelled
6168,4996,1282,8061,7655,2025-04-17 15:50:54,2025-04-17 16:29:54,UberX,699.28,13.53,4.77,Completed
6169,14,9427,2529,4080,2023-09-04 06:20:20,2023-09-04 06:40:20,UberPool,57.28,4.17,4.22,Completed
6170,8984,5931,3396,2516,2024-11-16 12:54:05,2024-11-16 13:07:05,UberBlack,58.53,17.48,4.7,Completed
6171,2124,8381,1176,2195,2023-10-27 04:26:50,2023-10-27 04:54:50,UberX,419.94,16.68,4.08,Completed
6172,1769,363,7432,5081,2023-10-08 06:16:20,2023-10-08 06:56:20,UberBlack,357.14,18.16,4.29,Cancelled
6173,8891,9828,762,6478,2023-11-03 01:07:12,2023-11-03 01:41:12,UberBlack,773.85,3.54,4.75,Completed
6174,9987,1851,6875,6727,2024-06-17 00:49:49,2024-06-17 01:28:49,UberX,279.27,12.36,3.72,Completed
6175,2822,1209,2787,3084,2025-02-22 12:50:20,2025-02-22 13:16:20,UberX,354.66,12.8,4.04,No Show
6176,8021,9771,9724,499,2024-04-06 18:38:50,2024-04-06 19:08:50,UberBlack,652.69,15.15,4.59,Completed
6177,3769,7227,3356,9382,2024-01-06 02:35:48,2024-01-06 02:45:48,UberBlack,137.75,10.79,4.61,Completed
6178,4968,2907,8513,2377,2025-04-14 01:24:42,2025-04-14 01:43:42,UberBlack,376.24,10.92,5.0,Completed
6179,8319,8269,2930,9564,2025-06-20 08:40:18,2025-06-20 09:18:18,UberX,233.84,1.23,3.89,No Show
6180,3350,8400,4904,5010,2024-08-09 05:21:38,2024-08-09 05:57:38,UberBlack,265.87,9.29,4.41,Completed
6181,9935,3697,2810,9389,2024-08-10 23:48:43,2024-08-11 00:02:43,UberPool,342.46,3.29,3.79,Cancelled
6182,8338,4281,9083,1678,2025-07-05 16:46:22,2025-07-05 17:10:22,UberBlack,634.78,14.48,3.94,Completed
6183,4317,3506,2724,2418,2024-04-17 02:37:17,2024-04-17 02:55:17,UberX,449.53,8.87,4.23,Completed
6184,6892,3220,9354,342,2024-03-12 19:35:11,2024-03-12 19:56:11,UberX,762.3,8.2,3.99,Completed
6185,5435,2730,1379,6687,2024-06-26 03:35:16,2024-06-26 04:12:16,UberPool,255.11,13.5,3.61,Cancelled
6186,9175,6803,2738,5699,2025-06-23 04:41:58,2025-06-23 05:17:58,UberX,634.93,9.16,4.13,Completed
6187,3544,419,7434,4806,2023-12-18 01:44:02,2023-12-18 02:11:02,UberX,157.59,14.06,4.45,Completed
6188,8118,4557,9683,817,2024-10-12 04:07:31,2024-10-12 04:47:31,UberBlack,109.89,15.44,4.4,Completed
6189,2331,9188,523,9848,2024-03-26 08:33:09,2024-03-26 08:48:09,UberBlack,792.75,14.66,3.62,Completed
6190,2531,4158,2222,3898,2023-09-05 06:55:11,2023-09-05 07:08:11,UberX,545.53,8.01,4.74,Completed
6191,9407,7252,1085,6313,2024-06-07 14:51:51,2024-06-07 14:58:51,UberX,88.27,4.62,4.61,Completed
6192,3854,6444,921,2964,2023-10-26 11:59:26,2023-10-26 12:16:26,UberBlack,446.35,15.43,4.49,Completed
6193,9476,2155,75,1164,2024-05-31 02:56:09,2024-05-31 03:01:09,UberPool,576.7,12.08,4.77,Completed
6194,8802,7391,9170,804,2024-12-30 15:50:14,2024-12-30 16:22:14,UberPool,158.07,17.61,4.35,Completed
6195,3432,7123,4334,2601,2024-01-12 04:31:27,2024-01-12 04:45:27,UberX,651.71,10.11,4.65,Completed
6196,5909,9359,1455,7797,2025-02-23 02:17:50,2025-02-23 02:22:50,UberBlack,585.05,8.81,4.89,Completed
6197,5784,7422,9392,6023,2023-12-26 12:43:05,2023-12-26 13:19:05,UberPool,398.61,10.99,3.86,Completed
6198,7048,5916,3132,2284,2025-02-06 03:55:35,2025-02-06 04:15:35,UberX,787.6,13.76,3.6,Completed
6199,7228,6550,2450,6356,2025-04-05 07:52:30,2025-04-05 08:37:30,UberX,681.83,10.18,3.75,Completed
6200,1008,1830,6932,8222,2025-03-02 09:56:03,2025-03-02 10:08:03,UberBlack,542.19,6.9,3.88,Completed
6201,4352,4584,5743,2341,2024-08-30 05:45:57,2024-08-30 06:30:57,UberBlack,631.29,15.15,4.16,Completed
6202,6513,5009,9089,3720,2025-06-21 07:40:29,2025-06-21 07:51:29,UberPool,469.98,3.25,4.02,Completed
6203,7069,6092,5706,3751,2025-06-28 07:33:26,2025-06-28 07:57:26,UberPool,656.21,5.99,3.57,Completed
6204,171,3431,1923,3739,2024-01-12 21:17:20,2024-01-12 21:32:20,UberBlack,578.03,10.3,3.52,Completed
6205,604,3541,750,7318,2024-10-25 04:07:51,2024-10-25 04:17:51,UberPool,266.58,6.81,4.86,Completed
6206,1648,6343,7504,7628,2025-06-05 10:51:13,2025-06-05 10:57:13,UberPool,589.68,11.13,4.13,Completed
6207,4231,2911,4136,6329,2024-06-21 20:52:44,2024-06-21 21:00:44,UberX,157.13,12.18,4.64,No Show
6208,4425,135,8630,2746,2024-08-20 14:39:15,2024-08-20 14:49:15,UberX,743.84,4.88,4.21,Completed
6209,4555,7752,9176,3970,2024-07-16 02:23:25,2024-07-16 02:47:25,UberBlack,476.18,11.54,3.88,Completed
6210,4358,7494,9434,2831,2025-07-26 21:05:47,2025-07-26 21:37:47,UberX,573.71,13.19,3.86,Completed
6211,9468,8557,8958,4258,2024-05-17 04:15:40,2024-05-17 04:27:40,UberPool,679.58,10.06,4.59,Completed
6212,5027,3628,2768,4997,2025-01-19 05:53:49,2025-01-19 06:03:49,UberPool,101.58,11.44,4.31,Completed
6213,9082,8302,7752,2315,2025-05-03 18:04:04,2025-05-03 18:25:04,UberPool,471.76,17.92,4.84,Completed
6214,8049,6578,6680,9007,2025-04-24 09:12:00,2025-04-24 09:35:00,UberBlack,562.79,5.17,3.52,Completed
6215,7167,2965,6664,250,2024-08-25 09:17:21,2024-08-25 09:29:21,UberBlack,798.58,5.02,4.94,Completed
6216,2646,3320,5813,1138,2023-12-27 21:15:12,2023-12-27 21:38:12,UberBlack,323.15,1.55,3.59,Completed
6217,4627,5974,2973,4156,2025-07-16 18:07:17,2025-07-16 18:27:17,UberPool,135.07,2.15,3.66,Completed
6218,7456,2091,8291,428,2024-11-19 21:13:32,2024-11-19 21:54:32,UberX,685.43,10.75,3.55,Completed
6219,2957,6315,34,4055,2024-09-27 02:40:35,2024-09-27 02:55:35,UberX,407.51,19.66,3.86,Completed
6220,7078,3968,2453,9301,2025-07-11 12:18:54,2025-07-11 13:00:54,UberX,81.98,15.08,3.94,Completed
6221,2593,1344,9410,7882,2024-05-10 02:41:47,2024-05-10 03:13:47,UberPool,239.79,3.46,3.56,Completed
6222,8790,5406,6028,3758,2025-06-23 11:48:07,2025-06-23 12:06:07,UberBlack,687.01,7.03,4.69,Completed
6223,6783,4700,8993,8897,2024-02-19 02:14:39,2024-02-19 02:24:39,UberX,197.86,2.95,3.57,Completed
6224,8698,855,6877,8872,2023-08-17 21:43:09,2023-08-17 22:26:09,UberX,550.96,17.82,4.11,Completed
6225,442,7428,3559,6751,2024-07-31 10:12:38,2024-07-31 10:22:38,UberX,372.36,5.37,4.01,Completed
6226,2566,6352,9391,3394,2024-12-30 12:12:38,2024-12-30 12:53:38,UberBlack,737.21,12.88,4.24,Cancelled
6227,318,8679,2112,740,2023-10-30 11:36:31,2023-10-30 12:13:31,UberBlack,691.64,4.34,3.94,Cancelled
6228,4822,8603,7532,9731,2024-03-24 03:05:41,2024-03-24 03:48:41,UberBlack,703.19,10.15,4.2,Completed
6229,2918,450,7441,2691,2024-10-23 22:55:05,2024-10-23 23:16:05,UberBlack,106.27,10.97,4.95,Completed
6230,2397,6136,2504,5562,2025-02-02 12:05:11,2025-02-02 12:37:11,UberX,405.24,6.81,3.62,Completed
6231,7906,6245,8129,4664,2024-11-03 20:48:26,2024-11-03 21:26:26,UberX,545.97,17.57,4.64,Completed
6232,7958,5129,7226,3925,2025-02-26 02:47:03,2025-02-26 02:53:03,UberBlack,593.75,13.18,4.97,Completed
6233,4391,2703,3650,746,2023-10-06 06:28:21,2023-10-06 06:53:21,UberBlack,325.04,19.09,3.62,Completed
6234,2166,8220,6123,4614,2024-10-09 22:23:57,2024-10-09 22:40:57,UberPool,346.61,18.77,4.22,Completed
6235,6081,7731,6342,2180,2024-11-18 18:20:23,2024-11-18 18:50:23,UberX,509.08,8.36,4.34,Completed
6236,9756,445,2348,2888,2025-01-12 07:07:49,2025-01-12 07:17:49,UberX,221.6,7.41,4.5,Completed
6237,7937,2659,808,2155,2023-10-22 13:30:47,2023-10-22 13:49:47,UberX,421.44,12.86,3.79,Completed
6238,2634,3549,2349,399,2024-07-07 22:07:08,2024-07-07 22:28:08,UberPool,400.7,5.19,3.91,Completed
6239,9200,2412,2594,6358,2023-12-06 17:40:41,2023-12-06 17:52:41,UberPool,777.78,10.01,4.11,Completed
6240,2157,7959,5639,9330,2023-10-17 02:47:21,2023-10-17 03:28:21,UberPool,690.06,12.44,4.07,Completed
6241,5778,7691,5965,7126,2024-05-14 08:16:42,2024-05-14 08:30:42,UberX,171.69,14.32,3.61,Completed
6242,2035,4306,8848,8860,2025-07-03 05:27:26,2025-07-03 05:33:26,UberPool,285.17,11.09,4.89,Completed
6243,4529,1921,6636,2595,2023-12-02 18:14:15,2023-12-02 18:25:15,UberBlack,541.35,6.46,4.85,Completed
6244,8213,5690,6078,8590,2025-07-22 18:21:01,2025-07-22 18:31:01,UberBlack,529.79,8.55,4.14,Completed
6245,7608,348,6523,6705,2024-11-14 17:48:06,2024-11-14 18:29:06,UberBlack,508.73,9.26,3.67,Completed
6246,2438,3310,7708,1660,2025-04-05 15:42:24,2025-04-05 16:06:24,UberBlack,318.05,5.01,4.72,Completed
6247,3815,7466,2488,5320,2024-02-05 04:01:40,2024-02-05 04:10:40,UberPool,251.94,8.93,3.53,Completed
6248,7144,7548,4346,9996,2024-09-15 23:17:17,2024-09-15 23:23:17,UberPool,216.13,11.76,3.61,Completed
6249,9861,4969,8115,610,2025-01-10 05:25:16,2025-01-10 05:59:16,UberPool,69.15,18.35,4.56,Completed
6250,2066,2886,3854,5345,2023-11-29 00:17:44,2023-11-29 00:40:44,UberBlack,564.23,19.73,4.21,Completed
6251,9284,5781,9518,3131,2024-01-27 10:27:49,2024-01-27 10:55:49,UberPool,198.34,11.7,4.13,Completed
6252,5397,5599,5590,9930,2025-04-11 07:43:16,2025-04-11 07:59:16,UberBlack,189.7,6.72,3.8,Cancelled
6253,8818,2122,7693,8941,2025-04-14 06:19:49,2025-04-14 06:31:49,UberPool,745.33,3.47,4.45,Completed
6254,3790,8846,9441,1694,2025-01-05 19:09:18,2025-01-05 19:27:18,UberBlack,311.24,17.32,3.86,Cancelled
6255,2427,3295,3734,5387,2025-05-25 22:13:39,2025-05-25 22:55:39,UberPool,109.23,13.08,4.49,Completed
6256,7739,879,4680,6275,2025-07-23 02:27:08,2025-07-23 02:50:08,UberX,614.44,12.66,4.43,Completed
6257,2060,6910,1101,915,2023-10-22 16:49:25,2023-10-22 17:11:25,UberBlack,763.28,14.18,4.11,Completed
6258,5160,2932,7479,8706,2024-04-03 13:45:42,2024-04-03 14:21:42,UberPool,409.51,1.13,3.66,Completed
6259,2914,259,6126,5597,2025-08-02 13:17:17,2025-08-02 13:24:17,UberX,456.71,4.11,3.94,No Show
6260,2578,7539,8042,5758,2023-09-24 09:23:52,2023-09-24 09:51:52,UberPool,293.97,16.57,4.57,Completed
6261,9623,973,1383,6825,2025-02-23 18:46:30,2025-02-23 18:55:30,UberBlack,411.61,16.4,4.78,Completed
6262,490,7044,9967,4856,2023-08-08 18:44:54,2023-08-08 19:11:54,UberPool,346.59,11.57,4.7,Completed
6263,8995,5105,3572,379,2024-03-16 09:51:48,2024-03-16 10:00:48,UberBlack,201.29,17.19,4.83,Completed
6264,4866,5487,1406,1200,2024-12-19 01:30:11,2024-12-19 02:10:11,UberX,630.68,6.39,3.53,Completed
6265,7005,4467,4809,167,2024-06-02 21:16:43,2024-06-02 21:45:43,UberBlack,218.15,10.96,4.75,Completed
6266,4124,829,1046,9956,2024-09-29 03:19:46,2024-09-29 03:26:46,UberPool,590.86,2.75,4.35,Completed
6267,1358,4563,3095,6448,2024-07-18 01:53:51,2024-07-18 02:03:51,UberX,365.91,17.48,4.29,Cancelled
6268,2986,7612,5,8119,2023-10-28 01:34:49,2023-10-28 02:14:49,UberBlack,644.92,3.44,4.87,Completed
6269,1906,6597,1643,6364,2025-07-01 10:38:54,2025-07-01 11:23:54,UberX,141.22,5.42,4.27,Cancelled
6270,9291,1429,1984,8460,2024-05-03 14:33:07,2024-05-03 14:53:07,UberPool,429.58,11.46,3.78,Completed
6271,6804,7699,3491,7378,2025-03-22 23:53:51,2025-03-23 00:27:51,UberPool,229.76,1.6,3.79,No Show
6272,7991,1893,9223,2174,2025-08-04 04:57:56,2025-08-04 05:35:56,UberBlack,366.29,18.18,4.17,Cancelled
6273,2156,3873,7939,5750,2024-06-23 05:56:34,2024-06-23 06:12:34,UberBlack,443.26,10.82,4.66,Completed
6274,7719,878,5023,9714,2023-10-14 13:06:15,2023-10-14 13:50:15,UberX,572.9,7.27,3.56,Completed
6275,1016,7596,7557,9753,2023-11-24 23:18:10,2023-11-24 23:27:10,UberBlack,710.82,15.52,4.64,Completed
6276,9112,8585,3563,4162,2023-12-28 10:19:04,2023-12-28 10:46:04,UberPool,187.19,6.26,4.2,Completed
6277,1562,2423,246,8699,2023-08-10 08:51:11,2023-08-10 09:07:11,UberBlack,645.15,2.96,4.95,Completed
6278,304,8923,2871,414,2025-06-10 11:31:38,2025-06-10 12:10:38,UberPool,511.54,10.16,3.67,Completed
6279,1800,9675,6680,813,2025-06-21 05:03:21,2025-06-21 05:45:21,UberX,136.99,8.37,4.36,Completed
6280,3971,5538,9534,5313,2024-06-30 20:53:40,2024-06-30 21:11:40,UberX,148.66,19.18,3.54,Completed
6281,8339,5621,2798,7662,2024-07-04 00:26:27,2024-07-04 00:36:27,UberBlack,592.66,5.5,4.95,Completed
6282,6011,9589,2048,9683,2025-02-12 23:06:24,2025-02-12 23:30:24,UberX,512.98,19.48,4.73,Completed
6283,8597,4820,2003,1935,2024-07-18 22:40:59,2024-07-18 23:25:59,UberBlack,642.63,17.75,4.25,Completed
6284,6590,4117,6103,9138,2023-10-02 07:26:54,2023-10-02 08:10:54,UberX,392.84,9.66,4.71,Completed
6285,7978,64,8548,2844,2025-07-19 21:55:43,2025-07-19 22:33:43,UberBlack,135.1,10.46,4.4,Completed
6286,203,3145,4100,6765,2024-04-10 22:04:28,2024-04-10 22:30:28,UberBlack,719.36,10.6,3.83,Completed
6287,5011,2960,8856,7310,2024-05-16 23:45:52,2024-05-16 23:51:52,UberPool,587.31,15.02,4.91,Completed
6288,8781,8557,1029,4845,2025-01-16 21:07:36,2025-01-16 21:41:36,UberBlack,500.26,6.5,3.78,Completed
6289,6603,2931,4778,7881,2024-05-20 05:10:35,2024-05-20 05:30:35,UberBlack,467.52,16.55,4.15,Cancelled
6290,8470,8520,93,9191,2024-06-09 08:08:14,2024-06-09 08:19:14,UberBlack,144.3,13.83,4.28,Completed
6291,9295,7440,609,746,2024-04-25 17:12:39,2024-04-25 17:45:39,UberPool,381.95,10.85,3.66,Completed
6292,7517,1213,5255,1758,2023-08-16 16:26:31,2023-08-16 16:58:31,UberPool,692.28,15.87,4.32,Completed
6293,6301,2054,42,4000,2024-02-24 00:57:17,2024-02-24 01:25:17,UberX,479.69,2.01,4.92,No Show
6294,5284,1401,2776,123,2025-01-02 18:22:08,2025-01-02 18:41:08,UberX,433.5,11.82,3.74,Completed
6295,6688,1928,2372,1274,2024-05-29 02:09:00,2024-05-29 02:27:00,UberPool,58.63,18.05,3.93,Completed
6296,4774,7121,6424,9752,2024-07-13 23:00:11,2024-07-13 23:32:11,UberX,123.26,13.34,4.38,Completed
6297,8111,3961,6739,7691,2024-05-29 16:19:25,2024-05-29 16:54:25,UberBlack,151.75,1.62,4.18,Completed
6298,5700,7059,5601,2524,2024-05-14 18:05:20,2024-05-14 18:10:20,UberBlack,294.79,5.12,4.71,Cancelled
6299,9956,6462,718,6964,2025-05-02 15:05:09,2025-05-02 15:29:09,UberPool,422.86,5.78,4.06,Completed
6300,4318,4674,215,9035,2024-04-25 09:05:07,2024-04-25 09:25:07,UberBlack,191.38,8.41,4.91,Completed
6301,6795,2209,669,6570,2023-09-02 20:28:59,2023-09-02 20:52:59,UberX,281.07,9.05,3.78,Completed
6302,8865,6100,4650,3764,2024-04-29 10:34:22,2024-04-29 11:12:22,UberBlack,742.88,17.14,4.01,Completed
6303,6408,1236,532,4303,2025-05-21 09:52:25,2025-05-21 10:30:25,UberPool,73.14,17.07,4.83,Completed
6304,8249,8880,4289,4340,2024-07-10 02:23:02,2024-07-10 02:50:02,UberX,248.64,3.39,4.11,Completed
6305,7617,5310,740,9588,2023-09-15 07:13:13,2023-09-15 07:52:13,UberX,148.67,11.79,4.29,Completed
6306,3437,495,1961,8998,2024-04-28 07:42:57,2024-04-28 08:21:57,UberPool,129.76,7.93,4.65,Completed
6307,313,1503,3667,9314,2025-01-31 18:03:03,2025-01-31 18:11:03,UberBlack,697.15,11.18,3.51,Completed
6308,4857,5846,2710,8269,2024-07-29 21:40:03,2024-07-29 22:12:03,UberPool,621.25,13.14,4.81,Completed
6309,4857,9966,7912,6633,2023-11-17 08:42:41,2023-11-17 09:14:41,UberPool,542.16,4.46,4.3,Completed
6310,4965,3929,7533,866,2024-01-21 11:25:31,2024-01-21 12:06:31,UberX,383.71,19.84,3.88,Completed
6311,9957,7157,5062,2904,2024-05-24 21:11:20,2024-05-24 21:34:20,UberBlack,299.19,3.65,3.86,Cancelled
6312,2769,5705,2266,8846,2024-12-14 00:08:21,2024-12-14 00:34:21,UberBlack,799.9,14.16,4.68,Completed
6313,2726,5907,8112,6178,2024-03-12 15:48:18,2024-03-12 16:08:18,UberPool,581.45,18.87,4.29,Completed
6314,9099,9589,9577,177,2024-08-10 23:25:28,2024-08-10 23:48:28,UberBlack,316.53,4.72,4.97,No Show
6315,2964,7644,885,7587,2024-03-30 01:44:26,2024-03-30 02:15:26,UberX,481.35,16.32,4.1,Completed
6316,3045,2448,2714,8648,2024-10-09 16:53:20,2024-10-09 17:34:20,UberPool,565.37,10.93,4.68,Completed
6317,7961,9484,722,3622,2024-02-09 18:49:03,2024-02-09 19:19:03,UberBlack,399.79,10.53,3.6,No Show
6318,9054,2843,5753,487,2023-08-06 17:16:01,2023-08-06 17:51:01,UberBlack,363.14,15.44,4.84,Completed
6319,975,9222,930,9697,2024-11-23 15:16:11,2024-11-23 15:43:11,UberBlack,210.72,10.68,4.46,Completed
6320,4861,151,7746,1018,2023-11-12 01:52:18,2023-11-12 02:11:18,UberX,590.1,7.35,4.53,Completed
6321,1179,4364,9524,1821,2024-10-16 16:11:48,2024-10-16 16:34:48,UberBlack,748.15,16.32,3.76,Completed
6322,2749,8799,536,6665,2023-08-13 22:52:51,2023-08-13 23:32:51,UberPool,76.11,15.67,3.82,Cancelled
6323,2045,2571,3781,1769,2024-08-12 19:51:12,2024-08-12 20:10:12,UberX,80.22,15.2,4.39,Completed
6324,6623,5754,411,5754,2025-05-04 19:07:55,2025-05-04 19:36:55,UberPool,484.13,5.37,4.5,Completed
6325,9311,981,673,1139,2024-06-28 09:31:46,2024-06-28 09:55:46,UberBlack,428.42,10.27,4.04,Completed
6326,1841,1319,9608,9369,2024-08-13 04:24:05,2024-08-13 04:47:05,UberPool,660.22,7.33,4.16,Completed
6327,8495,3875,7267,9641,2023-10-07 04:58:20,2023-10-07 05:17:20,UberX,665.44,5.28,4.11,Completed
6328,862,1493,7451,1716,2025-01-30 07:41:02,2025-01-30 07:48:02,UberBlack,422.51,8.78,4.06,Cancelled
6329,2722,9744,1579,2247,2024-03-25 04:36:25,2024-03-25 04:49:25,UberPool,111.5,19.78,3.94,Completed
6330,2319,6173,7173,849,2025-01-27 19:11:47,2025-01-27 19:32:47,UberBlack,357.57,10.29,4.71,Completed
6331,7395,8352,3789,5281,2025-06-28 05:06:35,2025-06-28 05:45:35,UberPool,560.45,14.27,4.89,Completed
6332,3104,6116,547,6816,2025-02-08 13:59:35,2025-02-08 14:12:35,UberPool,389.34,17.31,4.75,Completed
6333,3183,8943,9210,8868,2024-07-10 08:48:26,2024-07-10 08:59:26,UberBlack,165.02,17.54,4.08,Completed
6334,6220,1294,6108,7060,2023-12-06 09:49:25,2023-12-06 10:32:25,UberX,325.82,3.46,4.11,Completed
6335,9362,9607,1123,7370,2024-01-07 15:52:52,2024-01-07 16:33:52,UberPool,104.09,14.92,3.89,Cancelled
6336,4792,9830,8810,7937,2024-04-13 03:37:54,2024-04-13 03:48:54,UberPool,115.88,8.61,4.17,Completed
6337,2160,6109,7513,7938,2023-10-27 05:37:06,2023-10-27 06:01:06,UberPool,192.17,9.25,4.42,Completed
6338,2514,6619,1306,8393,2023-11-02 21:21:08,2023-11-02 21:40:08,UberX,305.82,15.06,4.37,Completed
6339,6420,1675,1481,3051,2024-12-15 20:39:26,2024-12-15 21:09:26,UberX,361.97,10.81,3.83,Completed
6340,5839,4199,7589,6655,2025-07-10 03:01:02,2025-07-10 03:25:02,UberX,630.25,13.17,4.44,Completed
6341,716,2847,6310,7264,2025-04-02 22:49:04,2025-04-02 23:33:04,UberX,667.34,17.36,4.05,Completed
6342,4897,9831,569,5211,2025-02-04 17:21:06,2025-02-04 17:40:06,UberBlack,472.09,13.48,4.54,Completed
6343,5542,5830,1940,232,2025-03-21 15:23:05,2025-03-21 15:53:05,UberPool,121.75,5.51,4.36,Completed
6344,9478,4411,5049,1904,2024-09-06 16:21:20,2024-09-06 16:41:20,UberX,537.76,6.47,4.4,Completed
6345,7045,2192,1604,3051,2023-12-06 07:02:43,2023-12-06 07:42:43,UberBlack,588.87,3.65,4.23,Completed
6346,6864,2715,2644,6449,2024-12-26 22:39:49,2024-12-26 22:48:49,UberX,725.43,1.6,3.99,Completed
6347,6623,7211,4908,7597,2025-01-28 03:21:12,2025-01-28 03:50:12,UberBlack,752.42,19.2,3.7,Completed
6348,5011,2571,5666,4891,2023-12-14 00:25:39,2023-12-14 01:03:39,UberPool,283.78,4.65,4.31,Completed
6349,1543,629,3217,2403,2023-12-16 04:55:05,2023-12-16 05:05:05,UberBlack,251.51,4.59,3.9,Completed
6350,8009,3953,5992,223,2024-03-02 07:56:32,2024-03-02 08:10:32,UberX,588.61,17.13,3.5,Completed
6351,1624,4077,3886,3764,2025-06-09 05:04:51,2025-06-09 05:18:51,UberX,645.61,5.97,5.0,Completed
6352,7986,7621,9108,3487,2024-10-03 03:25:56,2024-10-03 03:43:56,UberBlack,736.44,5.7,3.51,Completed
6353,2343,8353,9594,8885,2024-10-06 08:58:52,2024-10-06 09:37:52,UberX,771.44,18.08,3.92,Completed
6354,7526,6425,2897,1447,2024-04-02 14:21:28,2024-04-02 14:31:28,UberX,120.75,1.03,3.66,Completed
6355,6669,2492,9486,5805,2025-04-10 06:16:57,2025-04-10 06:22:57,UberX,61.48,16.21,4.54,Completed
6356,8891,6910,7825,3823,2024-04-27 02:01:35,2024-04-27 02:34:35,UberPool,613.33,16.7,4.13,Cancelled
6357,5074,1932,3198,7612,2024-09-23 18:28:29,2024-09-23 18:55:29,UberPool,239.64,6.22,4.97,Completed
6358,6152,791,2203,5543,2023-11-05 11:36:16,2023-11-05 11:57:16,UberPool,216.14,5.43,4.77,Completed
6359,2827,9992,7064,3377,2024-11-09 10:10:43,2024-11-09 10:40:43,UberX,493.83,18.79,4.32,Completed
6360,7899,7374,6293,3866,2025-03-24 02:04:49,2025-03-24 02:10:49,UberX,623.03,4.36,3.68,Completed
6361,8945,3495,3979,2460,2024-04-09 12:37:22,2024-04-09 13:11:22,UberX,309.39,14.0,4.48,Completed
6362,265,6654,4750,4682,2025-01-09 22:35:23,2025-01-09 22:50:23,UberPool,516.82,1.1,3.82,Completed
6363,8242,1146,3976,8901,2025-06-09 14:11:53,2025-06-09 14:41:53,UberBlack,203.72,7.66,4.0,Completed
6364,1608,3356,5801,5187,2025-06-29 10:50:30,2025-06-29 11:35:30,UberX,509.4,1.51,3.62,Completed
6365,434,1428,7896,6217,2023-12-23 14:46:11,2023-12-23 15:20:11,UberX,184.75,12.65,4.8,Completed
6366,9147,4600,3753,7407,2025-06-16 18:52:05,2025-06-16 19:01:05,UberX,102.63,12.27,4.56,Completed
6367,4352,1967,7525,9278,2024-07-15 03:37:45,2024-07-15 03:46:45,UberBlack,281.94,5.98,4.0,No Show
6368,5770,8073,1415,3562,2024-07-27 21:46:56,2024-07-27 22:24:56,UberBlack,708.08,14.63,4.74,Cancelled
6369,4710,4698,4931,2643,2023-10-31 18:35:12,2023-10-31 19:19:12,UberPool,796.15,16.28,3.99,Completed
6370,6898,2689,6678,6083,2025-05-23 04:35:42,2025-05-23 05:10:42,UberX,287.43,2.73,4.83,Completed
6371,4679,5058,74,3855,2023-10-03 10:03:46,2023-10-03 10:11:46,UberX,162.09,7.12,4.96,Completed
6372,1854,2211,5104,1735,2025-06-05 22:02:09,2025-06-05 22:07:09,UberBlack,361.18,14.89,3.89,Completed
6373,990,2175,3644,2003,2024-02-04 01:26:20,2024-02-04 02:11:20,UberX,57.0,14.82,4.09,Completed
6374,2519,3178,1067,1570,2023-10-03 01:21:23,2023-10-03 01:40:23,UberX,171.96,6.41,4.92,Completed
6375,4567,1117,9390,1681,2024-05-01 09:22:08,2024-05-01 09:55:08,UberBlack,133.71,4.53,3.8,Completed
6376,9617,3716,2154,6074,2023-11-08 06:36:32,2023-11-08 06:53:32,UberBlack,326.56,3.0,4.92,Completed
6377,252,2756,3159,6866,2025-02-16 06:41:17,2025-02-16 07:09:17,UberPool,468.29,3.17,4.97,Cancelled
6378,2176,5809,8552,1361,2024-07-19 09:08:09,2024-07-19 09:17:09,UberX,531.7,8.67,4.72,Completed
6379,2325,3613,2691,3184,2024-07-07 17:31:11,2024-07-07 17:48:11,UberPool,588.1,10.55,4.28,Completed
6380,6677,1929,3303,2415,2024-08-14 04:46:07,2024-08-14 05:20:07,UberPool,124.49,13.78,3.7,Completed
6381,1922,5129,6420,662,2024-08-28 11:54:45,2024-08-28 12:12:45,UberX,317.74,10.77,4.56,No Show
6382,7887,9443,5007,4878,2024-10-03 09:39:48,2024-10-03 10:11:48,UberPool,152.05,7.2,3.7,Completed
6383,4604,8406,3532,5621,2023-11-28 22:38:54,2023-11-28 23:00:54,UberPool,64.59,6.18,3.85,Completed
6384,8993,7441,8296,237,2024-02-06 11:01:16,2024-02-06 11:09:16,UberX,680.89,17.66,4.88,Completed
6385,1188,3009,363,7396,2025-03-29 17:00:36,2025-03-29 17:11:36,UberBlack,239.47,2.45,4.87,Cancelled
6386,3361,2417,8745,6785,2024-05-09 01:01:22,2024-05-09 01:08:22,UberPool,765.74,3.95,3.59,Completed
6387,896,9322,375,6811,2024-05-11 07:04:10,2024-05-11 07:47:10,UberPool,292.56,10.39,4.69,Completed
6388,1018,5017,6229,1439,2023-10-04 21:19:09,2023-10-04 21:51:09,UberX,275.76,17.02,4.26,Completed
6389,4494,7402,3690,1691,2024-01-23 09:39:11,2024-01-23 10:04:11,UberBlack,403.56,13.13,3.8,Completed
6390,1411,2251,3253,2884,2024-05-07 20:30:39,2024-05-07 21:13:39,UberPool,102.26,18.59,4.42,Completed
6391,5493,7698,4002,7410,2024-01-06 23:12:07,2024-01-06 23:47:07,UberPool,537.19,9.68,3.59,Completed
6392,1280,2279,163,4156,2023-12-21 07:05:45,2023-12-21 07:40:45,UberX,747.5,9.15,4.51,Completed
6393,6796,2751,3776,3964,2024-07-26 23:19:43,2024-07-26 23:32:43,UberPool,631.23,11.3,4.23,Completed
6394,8617,5438,6451,8858,2024-05-04 23:17:05,2024-05-04 23:34:05,UberX,86.71,8.51,3.55,Cancelled
6395,5778,5613,5906,556,2024-11-05 23:15:09,2024-11-05 23:25:09,UberPool,322.42,18.71,4.65,Completed
6396,3372,5131,1824,3141,2023-11-21 17:47:33,2023-11-21 18:11:33,UberBlack,432.92,17.49,4.9,Completed
6397,6736,6153,3994,4507,2024-01-25 04:16:19,2024-01-25 04:28:19,UberX,382.3,12.44,4.0,Completed
6398,2972,9925,96,229,2024-05-04 02:36:07,2024-05-04 03:16:07,UberBlack,665.89,9.55,4.09,Completed
6399,2035,4266,9485,7537,2023-10-06 05:58:16,2023-10-06 06:22:16,UberBlack,211.28,4.32,4.18,No Show
6400,1218,2448,3902,7747,2025-01-03 13:31:10,2025-01-03 13:42:10,UberBlack,273.77,14.65,4.77,Completed
6401,7605,3032,9501,8236,2024-11-27 00:22:40,2024-11-27 00:47:40,UberX,489.04,8.71,4.78,Completed
6402,2773,988,1105,5445,2024-11-07 20:05:51,2024-11-07 20:36:51,UberX,746.51,1.83,4.34,Completed
6403,7349,1317,6933,6728,2024-03-13 13:35:57,2024-03-13 13:57:57,UberPool,754.18,10.09,4.8,Completed
6404,1266,6746,4828,634,2023-09-08 20:01:08,2023-09-08 20:09:08,UberPool,278.24,10.63,3.64,Completed
6405,3766,4878,6462,7441,2024-01-25 20:30:36,2024-01-25 20:42:36,UberBlack,298.88,15.0,4.46,Completed
6406,7150,2562,2510,2995,2024-08-30 22:19:35,2024-08-30 22:48:35,UberPool,718.74,1.08,4.39,Completed
6407,7937,1641,6603,2868,2023-09-22 21:02:55,2023-09-22 21:29:55,UberX,374.95,3.95,3.64,Completed
6408,760,9487,9730,4532,2024-11-21 22:13:22,2024-11-21 22:39:22,UberPool,713.63,10.3,4.04,Completed
6409,6722,6406,8147,1750,2025-03-25 06:49:04,2025-03-25 07:11:04,UberBlack,788.31,15.0,3.78,Completed
6410,5030,8361,5425,7937,2025-02-11 14:17:27,2025-02-11 14:40:27,UberPool,638.26,19.71,3.7,Completed
6411,3590,7426,158,7912,2025-02-13 22:30:17,2025-02-13 22:40:17,UberBlack,420.05,14.75,4.04,Completed
6412,4032,6328,3358,189,2024-08-08 01:56:39,2024-08-08 02:39:39,UberBlack,429.13,1.75,3.78,Completed
6413,571,5872,1525,8975,2025-04-21 10:25:32,2025-04-21 10:32:32,UberBlack,514.26,11.74,3.99,Completed
6414,5330,9803,6842,3594,2024-10-11 15:01:00,2024-10-11 15:28:00,UberX,651.58,10.99,4.46,Completed
6415,7473,7358,274,503,2025-06-20 00:50:48,2025-06-20 01:27:48,UberBlack,150.79,8.76,3.82,Completed
6416,3331,53,6719,7028,2024-07-30 04:20:30,2024-07-30 04:41:30,UberPool,396.93,10.65,3.62,Cancelled
6417,9666,7915,7601,6939,2024-09-05 01:20:45,2024-09-05 01:45:45,UberX,628.74,1.74,4.23,Completed
6418,3847,9767,4366,5910,2024-04-05 05:29:39,2024-04-05 06:04:39,UberPool,256.03,7.04,4.57,Completed
6419,579,2590,8832,566,2023-09-23 08:29:27,2023-09-23 08:45:27,UberPool,559.37,3.27,3.83,Completed
6420,6111,6224,7896,7132,2024-12-28 15:09:17,2024-12-28 15:18:17,UberX,79.63,18.43,4.62,Completed
6421,5658,1656,1993,3622,2024-03-25 06:21:24,2024-03-25 07:02:24,UberX,575.53,6.72,4.27,Completed
6422,4465,7232,3026,4197,2024-12-31 14:40:42,2024-12-31 15:05:42,UberX,484.89,6.98,4.69,Completed
6423,5175,7008,902,5918,2024-05-13 09:00:47,2024-05-13 09:33:47,UberPool,99.49,5.23,4.21,Completed
6424,2885,3145,2549,5405,2024-02-13 09:56:18,2024-02-13 10:18:18,UberX,647.63,10.7,3.5,Completed
6425,6817,4970,6222,6650,2025-01-07 17:22:23,2025-01-07 17:58:23,UberPool,552.02,1.24,4.01,Completed
6426,9167,1357,8621,6915,2024-08-28 21:17:01,2024-08-28 21:47:01,UberX,438.63,12.99,4.02,Completed
6427,1539,5485,8042,2718,2025-04-19 11:36:10,2025-04-19 12:01:10,UberX,150.2,4.51,4.08,Completed
6428,2868,1600,2365,8265,2025-08-04 13:57:18,2025-08-04 14:29:18,UberBlack,728.1,17.03,4.31,Completed
6429,3150,4243,799,2771,2024-10-11 14:31:47,2024-10-11 14:49:47,UberX,413.89,2.78,4.81,Completed
6430,2816,1366,7418,3929,2024-04-04 10:53:17,2024-04-04 11:10:17,UberPool,341.83,17.1,3.73,Completed
6431,9917,3677,2604,8865,2023-12-22 16:00:45,2023-12-22 16:13:45,UberBlack,442.87,4.88,4.36,Completed
6432,7867,8896,6622,917,2024-09-07 21:58:38,2024-09-07 22:18:38,UberBlack,155.09,12.06,4.81,Completed
6433,2439,786,4562,2485,2024-01-20 03:39:12,2024-01-20 03:57:12,UberBlack,777.3,17.02,3.78,Completed
6434,9423,6250,9241,5195,2024-09-19 11:25:47,2024-09-19 11:53:47,UberBlack,444.11,3.02,3.72,Completed
6435,3734,3723,6397,5520,2024-05-26 20:13:15,2024-05-26 20:49:15,UberBlack,105.96,10.11,3.56,Completed
6436,3746,7881,4034,1402,2025-04-20 08:45:10,2025-04-20 09:19:10,UberBlack,755.39,6.35,4.49,Completed
6437,2968,8846,6486,306,2024-05-26 00:22:03,2024-05-26 00:46:03,UberPool,537.03,15.39,4.56,Completed
6438,1609,3655,4066,749,2024-02-16 10:22:39,2024-02-16 10:40:39,UberBlack,438.05,17.36,4.97,Completed
6439,5713,5376,9839,9644,2024-12-16 21:00:04,2024-12-16 21:33:04,UberPool,359.68,18.64,4.83,Completed
6440,2899,6218,502,4031,2024-07-29 16:56:14,2024-07-29 17:27:14,UberX,264.66,1.7,4.85,Completed
6441,8997,9384,7587,7823,2023-08-21 23:17:07,2023-08-21 23:51:07,UberBlack,717.93,19.53,4.11,Completed
6442,9208,4211,4335,9089,2024-12-12 18:14:54,2024-12-12 18:47:54,UberBlack,568.71,12.67,4.41,Completed
6443,6920,8483,922,3855,2024-11-01 23:43:58,2024-11-02 00:24:58,UberBlack,577.6,9.44,4.43,Completed
6444,6111,4407,4258,6625,2024-09-03 12:24:15,2024-09-03 12:54:15,UberBlack,717.1,9.2,3.88,Completed
6445,7919,4116,4573,5182,2025-04-29 09:47:43,2025-04-29 09:59:43,UberPool,331.21,14.82,4.66,Cancelled
6446,9683,931,8083,8185,2024-06-21 19:32:57,2024-06-21 19:57:57,UberX,522.94,9.75,3.87,Completed
6447,996,5772,5261,7480,2024-02-08 09:47:19,2024-02-08 10:27:19,UberPool,331.82,11.23,3.54,Completed
6448,8909,8087,6694,3809,2024-06-28 00:32:21,2024-06-28 01:12:21,UberBlack,335.89,2.3,3.55,Cancelled
6449,7228,9924,4828,8936,2025-08-02 17:24:51,2025-08-02 17:43:51,UberBlack,688.84,6.86,3.67,Completed
6450,3864,3722,7744,7167,2025-06-01 15:42:49,2025-06-01 16:13:49,UberBlack,368.25,14.55,4.38,Completed
6451,2233,7223,2280,4546,2024-07-28 22:45:25,2024-07-28 23:02:25,UberPool,511.43,4.08,4.52,Completed
6452,4040,9083,1328,1207,2024-10-26 03:20:04,2024-10-26 03:32:04,UberX,292.12,3.54,4.28,Completed
6453,4760,5068,6235,7386,2024-02-18 23:46:16,2024-02-19 00:14:16,UberPool,229.51,16.1,3.94,Completed
6454,2045,1505,2756,9198,2024-01-22 01:11:24,2024-01-22 01:36:24,UberBlack,84.41,18.73,4.11,Completed
6455,6881,7223,387,4693,2023-12-29 23:01:53,2023-12-29 23:42:53,UberBlack,186.82,14.01,4.07,Completed
6456,436,9046,5116,1744,2024-10-16 17:16:45,2024-10-16 17:36:45,UberX,733.34,9.98,4.78,No Show
6457,848,9003,1834,4285,2024-04-10 22:02:28,2024-04-10 22:19:28,UberPool,586.64,7.35,4.38,Completed
6458,5573,4972,4935,9336,2024-12-25 04:40:28,2024-12-25 05:22:28,UberBlack,301.48,19.7,4.37,Completed
6459,2215,9578,4560,4352,2024-10-18 15:17:59,2024-10-18 16:00:59,UberBlack,466.53,12.54,4.54,Completed
6460,3573,9536,7690,4318,2024-04-27 10:47:20,2024-04-27 11:17:20,UberPool,693.46,11.45,4.95,Completed
6461,3210,618,3019,6007,2025-02-21 03:24:05,2025-02-21 04:05:05,UberPool,282.85,1.8,4.02,Completed
6462,5750,9544,5141,9737,2024-05-27 10:30:49,2024-05-27 11:00:49,UberX,712.57,4.61,3.76,Completed
6463,5777,1491,1832,1573,2024-03-06 06:55:08,2024-03-06 07:20:08,UberPool,207.85,15.58,4.09,Completed
6464,6908,4835,7753,6033,2023-11-28 23:21:59,2023-11-28 23:54:59,UberBlack,256.83,3.31,4.72,Completed
6465,4286,5761,1031,5336,2023-11-22 21:56:28,2023-11-22 22:05:28,UberX,793.35,18.29,3.71,Completed
6466,9394,2251,1009,9901,2024-01-29 14:54:41,2024-01-29 15:20:41,UberX,421.6,4.2,4.94,Completed
6467,9927,1146,8048,5381,2023-10-02 06:44:13,2023-10-02 07:15:13,UberX,532.99,12.81,3.79,Completed
6468,8289,2865,6708,5012,2024-03-26 19:20:43,2024-03-26 19:53:43,UberPool,442.36,4.3,4.35,Completed
6469,2945,1139,8260,4227,2024-03-19 14:33:02,2024-03-19 14:39:02,UberPool,295.94,7.52,4.89,Completed
6470,2576,7616,9865,7720,2024-10-29 13:59:07,2024-10-29 14:04:07,UberBlack,187.7,18.27,3.91,Completed
6471,1958,3770,6483,1174,2025-06-12 14:02:50,2025-06-12 14:25:50,UberX,318.94,14.66,4.81,Cancelled
6472,4276,7106,7977,1807,2023-09-06 19:00:52,2023-09-06 19:25:52,UberBlack,298.42,17.91,4.63,Completed
6473,4512,5747,840,3054,2024-09-22 14:05:57,2024-09-22 14:37:57,UberX,261.04,9.74,4.52,Completed
6474,4316,6854,1804,4640,2025-08-01 06:05:32,2025-08-01 06:33:32,UberPool,236.48,18.08,3.84,Completed
6475,2593,793,567,4130,2023-09-25 01:40:54,2023-09-25 01:45:54,UberX,605.97,7.66,3.86,No Show
6476,9550,7538,6152,4561,2024-07-30 09:32:59,2024-07-30 10:11:59,UberPool,434.91,3.01,4.41,Completed
6477,1855,4252,1561,510,2023-12-22 16:41:13,2023-12-22 16:51:13,UberPool,613.87,1.27,3.62,Completed
6478,5457,1196,711,8161,2023-11-20 05:05:47,2023-11-20 05:21:47,UberBlack,763.38,2.98,4.41,Completed
6479,1844,6696,4417,4775,2025-04-26 10:09:00,2025-04-26 10:52:00,UberBlack,268.79,3.58,3.52,No Show
6480,6036,7443,4130,4374,2024-05-12 19:48:32,2024-05-12 19:59:32,UberBlack,663.1,11.97,4.85,Completed
6481,2542,5896,2152,7388,2024-09-09 02:38:28,2024-09-09 03:00:28,UberX,703.27,16.98,3.88,Completed
6482,9805,9226,2889,1321,2023-09-20 06:53:50,2023-09-20 07:06:50,UberX,585.88,13.02,4.29,No Show
6483,8235,5418,1519,6316,2025-05-29 17:54:23,2025-05-29 18:13:23,UberX,685.28,5.23,3.64,Completed
6484,3157,3490,9228,9684,2023-12-30 18:03:55,2023-12-30 18:39:55,UberPool,51.03,15.46,4.97,Completed
6485,5587,7859,3810,6610,2025-02-25 10:58:15,2025-02-25 11:19:15,UberX,603.49,14.87,4.52,Completed
6486,5179,1742,6376,9497,2024-10-29 01:02:03,2024-10-29 01:45:03,UberX,704.15,19.65,4.9,Completed
6487,4240,9159,551,7309,2025-02-09 14:55:18,2025-02-09 15:26:18,UberBlack,364.48,9.86,4.57,Completed
6488,8727,7750,3704,7176,2024-08-20 11:18:13,2024-08-20 11:42:13,UberPool,346.65,18.89,4.25,Completed
6489,3535,38,6865,7614,2023-11-16 10:23:45,2023-11-16 10:37:45,UberX,193.56,18.22,4.42,Completed
6490,6222,4102,202,6725,2024-08-11 07:15:08,2024-08-11 07:20:08,UberPool,122.13,19.19,5.0,Completed
6491,2578,7284,2990,157,2024-08-29 07:42:41,2024-08-29 07:48:41,UberBlack,372.45,9.9,4.75,Completed
6492,8270,7856,4620,8710,2023-10-30 05:48:21,2023-10-30 06:29:21,UberBlack,525.77,12.38,4.64,Completed
6493,6677,8673,4101,7031,2024-11-21 10:20:43,2024-11-21 10:55:43,UberBlack,317.68,1.73,3.98,Completed
6494,1728,478,5107,2827,2024-06-16 09:14:45,2024-06-16 09:56:45,UberBlack,627.18,12.13,4.32,Completed
6495,3563,9593,8842,3654,2025-06-27 19:01:30,2025-06-27 19:23:30,UberBlack,143.29,3.23,4.9,No Show
6496,4713,1793,432,6002,2023-12-25 00:57:47,2023-12-25 01:19:47,UberBlack,314.9,2.78,4.58,Completed
6497,796,4329,2007,8897,2024-01-18 10:58:51,2024-01-18 11:41:51,UberBlack,547.13,16.46,3.53,Completed
6498,8309,8350,2345,9653,2025-01-16 10:12:53,2025-01-16 10:48:53,UberPool,151.2,2.56,4.88,No Show
6499,8143,7358,7989,9693,2024-06-17 21:20:16,2024-06-17 21:45:16,UberBlack,120.37,6.61,3.63,Cancelled
6500,4322,8980,3569,3548,2025-05-01 12:42:14,2025-05-01 13:24:14,UberX,471.02,13.31,3.56,Completed
6501,9440,1772,2731,2798,2024-03-21 17:03:00,2024-03-21 17:25:00,UberX,593.7,14.53,4.91,Completed
6502,4190,6330,4404,2998,2024-10-22 01:18:34,2024-10-22 01:38:34,UberPool,645.63,3.33,4.33,No Show
6503,8280,2787,1639,1204,2024-04-23 08:38:58,2024-04-23 09:08:58,UberPool,661.24,19.32,4.51,Completed
6504,2435,2053,251,9756,2024-06-02 09:29:51,2024-06-02 10:13:51,UberPool,183.22,1.99,4.75,Completed
6505,3338,6903,2560,7361,2024-11-13 17:38:44,2024-11-13 17:59:44,UberX,475.35,15.02,4.07,Completed
6506,3880,5274,9599,4013,2025-06-09 12:48:55,2025-06-09 13:06:55,UberX,137.83,4.29,3.56,Completed
6507,9017,6015,1680,465,2025-02-19 04:18:12,2025-02-19 04:51:12,UberX,331.43,11.3,4.52,Completed
6508,9894,2022,1665,6931,2023-10-14 17:22:21,2023-10-14 17:34:21,UberBlack,368.11,7.15,4.08,Completed
6509,7858,2455,5397,8982,2024-08-01 20:31:02,2024-08-01 20:41:02,UberBlack,713.5,15.9,5.0,Completed
6510,5419,1359,4801,8471,2024-04-07 13:11:05,2024-04-07 13:37:05,UberX,639.31,13.26,3.55,Completed
6511,9147,818,2589,7193,2024-08-15 12:44:46,2024-08-15 13:17:46,UberPool,233.82,6.44,3.52,Cancelled
6512,6062,5353,6154,3496,2025-05-22 13:59:49,2025-05-22 14:23:49,UberX,710.74,19.63,3.53,Completed
6513,4352,9760,8349,8272,2024-08-31 09:46:56,2024-08-31 10:10:56,UberBlack,280.84,12.25,4.64,Completed
6514,1373,3708,9298,7698,2024-02-22 10:12:53,2024-02-22 10:50:53,UberPool,432.21,11.52,3.98,Completed
6515,7165,5617,8564,3024,2025-01-29 03:16:41,2025-01-29 03:35:41,UberX,385.98,13.67,4.56,Completed
6516,6534,7723,3591,9670,2023-09-02 00:19:04,2023-09-02 00:47:04,UberX,208.01,14.93,3.66,Completed
6517,3505,1489,565,2363,2023-10-08 18:09:52,2023-10-08 18:44:52,UberPool,278.31,17.73,3.95,Completed
6518,5380,9431,5237,6860,2024-01-11 13:38:45,2024-01-11 13:52:45,UberPool,434.81,2.22,3.85,Completed
6519,6935,7007,1027,2534,2025-02-24 14:30:06,2025-02-24 14:42:06,UberX,57.82,16.3,4.59,Completed
6520,2267,7979,2417,3148,2024-05-31 14:43:12,2024-05-31 15:08:12,UberX,298.44,14.41,4.51,Completed
6521,3577,5452,6497,9889,2024-07-03 01:14:52,2024-07-03 01:51:52,UberPool,791.53,16.55,4.97,Cancelled
6522,68,3966,2211,3435,2023-11-17 08:46:33,2023-11-17 09:26:33,UberPool,318.56,7.06,3.96,Completed
6523,4754,1730,7443,9317,2023-11-29 20:45:26,2023-11-29 20:58:26,UberX,555.24,3.29,4.69,Completed
6524,9311,526,751,858,2023-09-18 01:54:12,2023-09-18 02:02:12,UberX,739.43,9.85,3.87,Completed
6525,1138,7199,1302,4463,2025-04-04 05:09:45,2025-04-04 05:18:45,UberPool,724.0,13.41,4.72,Completed
6526,9529,3461,8065,4596,2024-07-01 17:12:59,2024-07-01 17:44:59,UberPool,596.7,12.34,3.69,Completed
6527,5933,5283,8673,2241,2025-05-01 13:22:15,2025-05-01 13:37:15,UberX,78.8,6.81,4.06,Completed
6528,2499,315,4815,3973,2025-02-10 13:33:47,2025-02-10 14:16:47,UberBlack,79.65,5.14,4.05,Completed
6529,7312,2311,3590,4352,2025-02-15 16:33:11,2025-02-15 17:06:11,UberX,511.42,10.52,3.54,Completed
6530,9218,4762,4773,9432,2024-01-17 03:34:23,2024-01-17 03:53:23,UberX,414.92,9.71,4.53,Cancelled
6531,4387,4543,2261,495,2024-01-07 08:20:49,2024-01-07 08:59:49,UberPool,256.29,6.11,4.49,No Show
6532,958,1345,3642,8150,2024-06-12 22:35:41,2024-06-12 23:16:41,UberPool,734.63,12.93,4.18,Completed
6533,8879,2730,2513,1089,2025-04-16 09:59:11,2025-04-16 10:34:11,UberPool,696.95,4.57,3.89,Completed
6534,8696,5968,1310,1115,2023-08-27 22:22:49,2023-08-27 22:51:49,UberPool,361.23,16.43,4.82,Completed
6535,8014,2850,806,8710,2024-06-13 04:48:26,2024-06-13 05:00:26,UberPool,73.14,18.86,4.35,Completed
6536,1757,5447,2159,3767,2025-07-06 01:42:13,2025-07-06 02:13:13,UberBlack,374.28,4.14,4.23,Completed
6537,6684,542,9352,5012,2024-06-15 09:09:09,2024-06-15 09:34:09,UberBlack,406.86,9.64,4.8,Completed
6538,7646,8680,7635,296,2023-09-03 05:14:50,2023-09-03 05:59:50,UberPool,564.59,19.78,3.81,Completed
6539,1686,4199,2938,6639,2023-12-25 21:16:23,2023-12-25 21:55:23,UberBlack,234.06,12.91,3.78,Completed
6540,9255,9730,5563,2002,2025-07-14 11:38:49,2025-07-14 11:53:49,UberBlack,583.99,5.14,4.03,Completed
6541,5150,9107,5591,8173,2024-08-07 19:05:11,2024-08-07 19:38:11,UberX,781.38,15.46,4.78,Completed
6542,8300,3393,2057,4222,2024-04-26 04:23:26,2024-04-26 05:03:26,UberPool,253.5,10.99,3.55,Completed
6543,1329,3752,8068,5674,2024-11-14 17:04:19,2024-11-14 17:09:19,UberX,240.09,16.19,3.66,Completed
6544,8541,2338,813,4922,2025-07-31 17:09:15,2025-07-31 17:44:15,UberX,488.94,13.91,4.88,Completed
6545,75,2381,5730,1077,2024-03-10 21:58:16,2024-03-10 22:34:16,UberPool,388.59,17.48,4.08,Completed
6546,2380,966,3648,5450,2025-07-12 17:39:03,2025-07-12 18:05:03,UberX,752.13,4.6,3.7,Completed
6547,729,8128,3026,9773,2025-05-16 14:13:10,2025-05-16 14:50:10,UberPool,242.54,15.68,4.36,Completed
6548,1603,6610,1959,4084,2025-02-20 07:59:24,2025-02-20 08:17:24,UberBlack,416.72,12.63,3.5,Completed
6549,4215,1678,355,4870,2025-07-26 01:27:03,2025-07-26 01:46:03,UberPool,90.32,7.65,4.53,Completed
6550,3324,2167,2115,3350,2024-04-29 16:21:12,2024-04-29 16:36:12,UberBlack,341.01,1.57,3.6,Completed
6551,986,1806,8637,773,2024-02-27 06:50:30,2024-02-27 07:32:30,UberPool,262.9,2.16,4.06,No Show
6552,9286,2715,7691,4774,2025-04-22 23:23:05,2025-04-22 23:55:05,UberPool,522.31,7.09,4.46,Completed
6553,2019,5104,973,3777,2023-11-22 20:47:48,2023-11-22 20:52:48,UberBlack,140.27,13.56,4.79,Completed
6554,5217,3587,9585,9889,2024-05-04 06:35:43,2024-05-04 06:49:43,UberPool,640.37,13.03,4.06,Completed
6555,9982,6333,6827,3300,2024-02-01 18:32:52,2024-02-01 18:58:52,UberBlack,262.94,1.15,4.1,Completed
6556,7023,8751,2593,3759,2025-02-23 10:33:57,2025-02-23 10:39:57,UberPool,190.41,19.92,4.81,No Show
6557,4016,4484,1756,540,2024-02-12 23:33:59,2024-02-12 23:40:59,UberX,431.36,6.25,3.54,Completed
6558,1574,9911,3007,9500,2024-12-14 05:39:33,2024-12-14 06:17:33,UberX,406.91,11.09,3.94,Completed
6559,4074,9828,1713,8873,2025-05-04 18:19:33,2025-05-04 18:56:33,UberPool,759.18,2.66,4.58,Cancelled
6560,7955,9821,1606,2892,2025-02-18 23:59:24,2025-02-19 00:23:24,UberX,245.13,5.25,3.7,Cancelled
6561,5999,4616,8967,2817,2024-08-27 05:29:26,2024-08-27 05:59:26,UberX,188.5,7.4,4.34,Completed
6562,6759,9890,1875,1477,2024-10-29 03:45:39,2024-10-29 04:23:39,UberX,310.45,3.11,4.79,Completed
6563,885,3716,5711,4379,2025-05-31 19:46:49,2025-05-31 20:07:49,UberBlack,635.19,11.72,3.52,Completed
6564,2071,6084,2294,5344,2024-10-14 03:07:27,2024-10-14 03:47:27,UberPool,128.77,6.36,3.89,Completed
6565,4678,4027,326,4985,2023-08-25 11:06:57,2023-08-25 11:11:57,UberBlack,142.46,5.14,4.84,Completed
6566,6537,7901,2589,2262,2025-03-13 08:59:34,2025-03-13 09:20:34,UberBlack,311.61,8.26,4.62,Completed
6567,392,1556,5226,4654,2024-04-09 18:07:17,2024-04-09 18:13:17,UberPool,784.89,9.35,4.37,Completed
6568,2945,9562,8208,3087,2025-04-10 22:58:11,2025-04-10 23:41:11,UberPool,149.16,16.82,4.48,Completed
6569,113,7677,3566,8125,2024-02-12 23:20:49,2024-02-12 23:45:49,UberBlack,59.76,17.35,4.22,Completed
6570,9505,9584,203,9196,2023-09-02 15:38:53,2023-09-02 16:15:53,UberX,545.47,11.86,3.67,Completed
6571,2151,6539,6307,3940,2025-07-23 17:36:53,2025-07-23 18:11:53,UberBlack,736.03,4.49,3.51,Completed
6572,9923,249,1505,9473,2025-06-22 00:45:16,2025-06-22 01:09:16,UberX,63.58,15.56,4.6,Completed
6573,5383,8155,1802,3932,2025-04-30 09:16:07,2025-04-30 09:38:07,UberX,503.52,10.4,3.91,Completed
6574,5072,9352,4271,6795,2024-12-08 13:33:24,2024-12-08 13:54:24,UberBlack,564.16,12.25,3.91,Cancelled
6575,7851,9854,8605,555,2024-10-04 03:17:25,2024-10-04 03:40:25,UberX,460.06,17.15,4.4,Completed
6576,7030,5659,5640,4877,2024-12-28 07:13:34,2024-12-28 07:42:34,UberPool,224.05,2.62,4.4,Completed
6577,4872,6614,6099,5965,2025-01-08 14:27:09,2025-01-08 14:49:09,UberPool,589.42,19.12,4.78,Completed
6578,8186,806,7862,137,2023-10-11 08:18:52,2023-10-11 08:30:52,UberX,408.16,2.51,3.65,Completed
6579,4941,4372,6828,6261,2024-07-08 16:48:51,2024-07-08 17:14:51,UberX,471.12,4.41,4.47,Completed
6580,9696,1301,7446,3067,2024-11-12 16:48:09,2024-11-12 17:22:09,UberBlack,347.98,9.83,4.21,Completed
6581,1858,4596,2509,4091,2024-04-04 18:31:46,2024-04-04 18:43:46,UberPool,772.45,8.13,3.6,No Show
6582,3577,3697,4584,8757,2024-08-09 21:02:08,2024-08-09 21:26:08,UberPool,349.2,2.07,4.51,Completed
6583,6871,4293,4447,1561,2025-07-17 13:24:27,2025-07-17 14:06:27,UberBlack,449.01,19.89,3.52,No Show
6584,6364,5895,5098,3876,2024-12-07 21:55:50,2024-12-07 22:37:50,UberX,585.52,2.99,3.78,Completed
6585,1852,953,9989,849,2024-10-03 20:02:46,2024-10-03 20:31:46,UberPool,416.61,5.87,4.25,Cancelled
6586,3314,822,9942,12,2024-07-18 15:58:32,2024-07-18 16:33:32,UberPool,530.35,8.76,4.72,Completed
6587,9453,8393,678,5013,2023-11-29 19:39:59,2023-11-29 19:47:59,UberPool,357.3,19.03,4.87,Completed
6588,7338,1239,4567,5944,2024-01-16 00:03:00,2024-01-16 00:28:00,UberBlack,266.36,2.52,4.01,Completed
6589,6603,7147,6740,2664,2023-08-23 15:29:58,2023-08-23 15:56:58,UberPool,434.18,13.92,3.79,Completed
6590,7164,9501,6305,1589,2024-07-26 14:07:18,2024-07-26 14:46:18,UberX,524.83,5.33,3.73,Completed
6591,3505,5780,788,6287,2025-07-08 23:41:41,2025-07-09 00:05:41,UberBlack,473.85,7.51,4.55,Completed
6592,1541,4224,4886,8322,2024-03-16 06:22:45,2024-03-16 06:29:45,UberX,72.05,1.58,4.59,Completed
6593,8781,9002,7519,6889,2024-04-03 08:13:10,2024-04-03 08:36:10,UberX,681.9,2.61,3.75,Completed
6594,3452,9003,3340,3588,2024-04-27 10:43:46,2024-04-27 11:15:46,UberPool,712.1,9.4,4.38,Completed
6595,1088,7678,1291,7852,2024-12-27 08:04:51,2024-12-27 08:37:51,UberBlack,580.4,1.51,3.74,No Show
6596,8802,1671,8621,3300,2025-01-04 14:17:54,2025-01-04 14:39:54,UberBlack,181.9,1.64,3.82,Completed
6597,6068,9499,1490,3296,2024-11-19 03:57:45,2024-11-19 04:07:45,UberBlack,744.22,3.12,3.63,Completed
6598,3647,9815,1750,1875,2024-08-29 10:41:31,2024-08-29 10:48:31,UberBlack,219.9,1.28,3.75,Completed
6599,9334,9751,3293,5156,2024-01-07 19:20:53,2024-01-07 19:54:53,UberBlack,73.49,13.8,4.15,Completed
6600,9553,1279,7773,6750,2023-09-11 09:30:55,2023-09-11 09:39:55,UberPool,197.97,16.41,4.36,Completed
6601,312,6146,1906,8178,2025-01-20 20:14:54,2025-01-20 20:38:54,UberX,172.12,19.01,4.75,Completed
6602,1561,8730,4162,5285,2024-05-04 03:38:13,2024-05-04 03:48:13,UberBlack,81.75,8.19,3.69,Completed
6603,9485,4939,484,8987,2023-10-19 19:41:54,2023-10-19 20:26:54,UberX,412.0,2.35,4.25,Completed
6604,362,8927,1719,4142,2025-06-15 12:45:21,2025-06-15 12:53:21,UberBlack,429.91,12.24,4.85,Completed
6605,185,5376,3702,7630,2025-01-14 23:16:14,2025-01-14 23:42:14,UberX,272.88,8.03,3.57,Completed
6606,5474,1704,6056,5131,2023-11-19 03:48:40,2023-11-19 04:14:40,UberPool,526.92,12.73,4.45,Completed
6607,4770,9236,7787,7481,2023-12-24 00:22:17,2023-12-24 00:51:17,UberPool,258.24,5.2,4.22,Cancelled
6608,8143,2197,4631,5228,2023-08-28 00:21:59,2023-08-28 00:31:59,UberPool,538.79,9.61,3.86,Completed
6609,9948,4674,3891,1051,2024-06-11 23:23:29,2024-06-11 23:49:29,UberX,195.79,5.82,3.7,Completed
6610,1852,3831,7717,3502,2023-12-30 17:36:10,2023-12-30 18:15:10,UberPool,525.85,12.9,4.78,Completed
6611,5394,8269,5265,1311,2025-07-19 00:12:47,2025-07-19 00:37:47,UberBlack,217.97,2.06,4.14,Completed
6612,8190,7717,3917,1679,2024-09-23 04:29:38,2024-09-23 05:09:38,UberBlack,56.78,4.75,3.8,Completed
6613,1400,8747,3661,8263,2024-07-10 17:38:21,2024-07-10 18:02:21,UberX,796.34,11.66,4.85,Completed
6614,5847,2643,1070,1473,2023-09-20 04:45:27,2023-09-20 05:18:27,UberBlack,520.44,1.22,4.81,Completed
6615,5394,7424,8015,7560,2024-07-21 19:26:26,2024-07-21 20:02:26,UberPool,528.83,6.86,3.75,Completed
6616,9647,60,740,1317,2024-12-30 22:03:55,2024-12-30 22:08:55,UberBlack,696.45,12.22,4.03,Completed
6617,9433,84,1433,1783,2024-09-25 14:58:18,2024-09-25 15:23:18,UberX,701.34,3.87,3.71,Completed
6618,3390,667,5019,8982,2023-10-12 13:24:16,2023-10-12 13:46:16,UberBlack,389.03,11.09,4.6,Completed
6619,4290,211,7534,2866,2024-04-30 22:43:45,2024-04-30 23:04:45,UberPool,743.26,10.12,3.76,Completed
6620,2773,7568,8655,116,2025-06-07 04:38:07,2025-06-07 05:11:07,UberX,598.67,1.99,4.74,Completed
6621,4606,5662,7089,6196,2024-11-13 09:31:29,2024-11-13 10:11:29,UberBlack,77.38,9.62,4.32,Completed
6622,5180,5878,3403,9473,2023-12-28 17:32:47,2023-12-28 18:02:47,UberPool,115.87,15.78,4.71,No Show
6623,8435,7141,702,5079,2023-10-05 06:19:25,2023-10-05 06:24:25,UberX,315.71,17.74,4.67,Completed
6624,9621,8511,8182,4932,2024-09-16 20:58:33,2024-09-16 21:09:33,UberBlack,497.6,6.06,3.8,Completed
6625,9895,3309,4191,2238,2023-11-05 11:32:57,2023-11-05 12:01:57,UberX,334.36,19.37,4.41,Completed
6626,3607,8767,3919,88,2024-05-24 00:32:19,2024-05-24 01:00:19,UberBlack,559.15,11.42,4.49,Completed
6627,7495,3277,2023,7851,2024-11-11 07:10:57,2024-11-11 07:37:57,UberBlack,517.19,14.99,3.73,Completed
6628,1278,1034,4942,7373,2025-05-23 18:08:57,2025-05-23 18:50:57,UberPool,195.1,3.99,4.97,Completed
6629,5932,6664,9567,5097,2025-05-12 18:47:53,2025-05-12 19:02:53,UberX,215.88,5.59,3.6,Completed
6630,6247,8390,1455,4112,2024-08-03 23:48:09,2024-08-03 23:58:09,UberPool,494.76,6.39,4.68,Completed
6631,5466,5033,3226,7485,2025-04-17 18:58:53,2025-04-17 19:04:53,UberPool,537.4,4.19,3.67,Completed
6632,3635,9384,3033,324,2024-08-14 03:41:30,2024-08-14 04:10:30,UberPool,299.81,1.51,3.74,Completed
6633,6639,8095,1291,4265,2024-04-20 21:12:03,2024-04-20 21:55:03,UberBlack,506.92,13.31,3.74,Completed
6634,9682,9896,9492,8972,2023-11-18 00:36:36,2023-11-18 01:18:36,UberBlack,83.48,10.61,3.86,Completed
6635,6963,891,7965,7126,2025-06-15 13:44:53,2025-06-15 14:17:53,UberX,183.74,18.46,4.93,Cancelled
6636,9206,9572,7309,1532,2025-03-19 21:03:00,2025-03-19 21:32:00,UberX,624.36,1.84,3.57,Completed
6637,190,5226,5962,1414,2024-12-26 01:27:23,2024-12-26 01:49:23,UberBlack,684.77,18.69,3.69,Completed
6638,1329,2091,4427,1379,2025-04-12 05:30:51,2025-04-12 05:58:51,UberPool,314.64,18.77,3.67,Completed
6639,7588,1716,4474,7921,2024-05-22 08:19:17,2024-05-22 08:24:17,UberBlack,551.04,13.47,4.83,Completed
6640,6860,5657,5062,1238,2024-12-07 20:53:30,2024-12-07 21:26:30,UberX,308.47,6.45,4.15,Cancelled
6641,7634,4475,5256,1497,2024-07-16 11:37:45,2024-07-16 12:01:45,UberX,762.4,1.2,3.65,Completed
6642,9407,2891,9380,938,2024-03-11 01:29:40,2024-03-11 02:04:40,UberPool,578.27,2.91,3.76,Completed
6643,7975,7399,1169,2537,2024-06-09 18:33:56,2024-06-09 18:48:56,UberX,499.92,17.22,4.6,Cancelled
6644,999,474,3036,8532,2025-06-02 19:31:32,2025-06-02 19:58:32,UberBlack,642.4,10.55,4.74,Completed
6645,5581,8293,2033,6558,2025-07-18 15:41:50,2025-07-18 15:49:50,UberBlack,711.68,18.65,3.87,Completed
6646,1540,7698,7294,6309,2025-05-19 03:50:21,2025-05-19 04:22:21,UberX,335.53,19.11,3.81,Completed
6647,522,3389,9848,7368,2025-04-18 10:34:58,2025-04-18 11:12:58,UberX,141.33,18.8,4.62,Completed
6648,4264,5824,4448,8385,2024-02-27 20:07:58,2024-02-27 20:46:58,UberBlack,81.05,10.13,4.62,Completed
6649,1724,6797,2924,6621,2023-10-10 23:07:01,2023-10-10 23:24:01,UberX,480.95,4.75,3.59,Completed
6650,3611,9841,6340,7749,2025-07-18 15:57:08,2025-07-18 16:30:08,UberX,397.78,19.86,4.83,Completed
6651,2207,7647,7153,2466,2024-05-10 07:44:09,2024-05-10 08:15:09,UberPool,85.46,2.31,3.68,Completed
6652,4946,3634,1070,1085,2024-08-02 08:11:42,2024-08-02 08:21:42,UberBlack,485.63,8.76,4.82,Completed
6653,2716,9543,8691,5094,2024-02-17 18:45:41,2024-02-17 18:59:41,UberBlack,299.97,16.05,4.13,Completed
6654,1926,1501,537,3926,2025-08-04 17:44:13,2025-08-04 18:03:13,UberX,425.73,11.24,3.52,Completed
6655,4567,8302,2044,7649,2025-06-27 03:29:29,2025-06-27 03:39:29,UberX,67.77,17.23,3.94,Completed
6656,1193,5428,9484,9500,2024-09-27 21:39:00,2024-09-27 21:51:00,UberBlack,408.41,5.59,4.12,Completed
6657,6912,4303,2797,7564,2023-08-15 17:19:55,2023-08-15 18:00:55,UberBlack,463.46,9.51,4.97,Completed
6658,1507,9349,8251,2768,2024-08-28 14:31:42,2024-08-28 14:54:42,UberBlack,791.66,12.9,4.08,Completed
6659,3349,5473,3892,6575,2024-05-29 10:50:31,2024-05-29 11:09:31,UberX,590.41,2.75,4.48,No Show
6660,5945,6904,7196,2952,2024-05-28 23:56:19,2024-05-29 00:20:19,UberPool,690.81,15.18,4.2,Completed
6661,8707,6156,8398,5977,2024-01-03 02:30:44,2024-01-03 02:37:44,UberPool,589.5,4.39,4.13,Completed
6662,8459,4523,1853,5130,2023-10-09 04:21:33,2023-10-09 04:34:33,UberX,579.93,17.18,5.0,Completed
6663,1199,5468,7938,5847,2024-07-05 15:59:33,2024-07-05 16:07:33,UberPool,510.59,4.4,3.62,No Show
6664,5556,51,8143,4150,2025-02-12 19:14:28,2025-02-12 19:36:28,UberPool,777.82,1.31,3.58,Completed
6665,9818,1565,1056,8971,2024-03-14 21:27:52,2024-03-14 22:07:52,UberBlack,78.85,18.61,3.97,No Show
6666,369,4519,5467,7518,2024-09-19 16:09:57,2024-09-19 16:43:57,UberPool,764.23,18.3,4.82,Completed
6667,5327,5304,5116,6540,2025-07-08 10:10:02,2025-07-08 10:17:02,UberPool,657.3,6.98,4.72,Completed
6668,8171,2560,555,5826,2024-12-03 06:29:45,2024-12-03 07:09:45,UberPool,467.53,5.99,3.86,Cancelled
6669,6898,5923,5212,6016,2025-03-12 21:08:44,2025-03-12 21:49:44,UberBlack,268.25,10.74,3.92,Completed
6670,4244,5981,1592,3969,2024-11-15 08:44:38,2024-11-15 09:00:38,UberX,683.65,16.7,4.74,Completed
6671,5158,3747,2521,2431,2025-01-04 12:26:05,2025-01-04 12:46:05,UberPool,93.6,8.7,4.54,No Show
6672,5813,1581,2881,7993,2024-05-15 04:14:10,2024-05-15 04:28:10,UberPool,414.98,5.0,3.76,Completed
6673,4227,6462,438,7647,2024-11-22 00:40:51,2024-11-22 01:11:51,UberBlack,688.93,7.54,4.32,Completed
6674,5422,8602,8309,7204,2025-05-23 07:36:49,2025-05-23 07:51:49,UberX,532.41,1.29,4.81,Completed
6675,1487,4683,4686,3368,2024-01-29 07:09:07,2024-01-29 07:23:07,UberX,200.49,19.59,4.06,Completed
6676,5843,5905,1774,4766,2024-04-26 02:21:58,2024-04-26 02:34:58,UberX,586.72,5.59,4.84,Completed
6677,204,9776,8352,4388,2024-02-01 00:37:19,2024-02-01 01:06:19,UberBlack,59.34,17.85,3.85,Completed
6678,5153,7161,8358,4667,2024-06-17 06:58:39,2024-06-17 07:23:39,UberBlack,613.53,10.37,4.75,Completed
6679,1393,4990,5137,8973,2023-11-08 02:43:15,2023-11-08 03:14:15,UberBlack,694.58,8.99,4.03,Completed
6680,8030,1319,1249,1773,2025-04-22 02:19:50,2025-04-22 02:59:50,UberX,630.35,15.74,4.26,Completed
6681,9889,6178,4601,5900,2025-05-22 03:30:10,2025-05-22 03:56:10,UberBlack,320.4,6.28,3.65,Completed
6682,4645,4712,4008,2303,2025-05-03 21:49:29,2025-05-03 22:04:29,UberBlack,174.06,13.63,4.99,Completed
6683,8033,8625,7399,5638,2023-09-19 23:34:00,2023-09-19 23:57:00,UberBlack,351.63,3.39,4.06,Completed
6684,7457,4806,2843,1529,2024-02-12 18:41:04,2024-02-12 19:07:04,UberBlack,639.99,6.13,3.67,Completed
6685,585,778,9812,8032,2024-09-21 20:08:01,2024-09-21 20:26:01,UberX,293.61,1.7,4.08,Cancelled
6686,9189,3961,8862,7685,2024-07-14 00:26:48,2024-07-14 00:31:48,UberX,92.98,19.29,4.74,Completed
6687,3452,1326,1901,9145,2024-03-27 02:23:28,2024-03-27 02:51:28,UberX,662.34,6.33,3.71,Completed
6688,6835,5635,1606,8902,2024-10-06 09:18:44,2024-10-06 09:52:44,UberPool,522.72,18.74,3.64,Completed
6689,5847,1937,4823,8185,2024-07-20 12:24:07,2024-07-20 12:48:07,UberPool,339.74,10.26,4.72,Cancelled
6690,8194,4036,5721,469,2023-10-21 16:48:58,2023-10-21 17:32:58,UberPool,679.35,16.33,4.51,Completed
6691,2287,5087,8411,8636,2024-06-03 19:30:47,2024-06-03 19:48:47,UberX,147.4,15.03,4.7,Completed
6692,2487,7464,847,3760,2024-02-21 15:48:46,2024-02-21 16:07:46,UberBlack,281.46,4.28,4.83,Completed
6693,8788,1538,2639,7946,2024-03-24 08:21:52,2024-03-24 08:53:52,UberPool,517.98,19.36,3.76,Completed
6694,366,6750,1845,9693,2024-05-01 07:42:46,2024-05-01 08:02:46,UberBlack,665.05,5.84,4.51,Cancelled
6695,9463,164,4955,6095,2024-06-10 22:27:53,2024-06-10 22:40:53,UberPool,628.81,5.43,4.13,Completed
6696,8167,4542,6724,8934,2025-01-12 18:38:07,2025-01-12 19:01:07,UberX,173.1,14.77,4.33,Completed
6697,6175,1187,4843,3935,2024-11-24 13:03:54,2024-11-24 13:22:54,UberX,263.35,6.98,3.96,Completed
6698,9577,2761,2716,7709,2023-08-27 23:29:34,2023-08-28 00:09:34,UberX,341.8,3.88,3.6,Completed
6699,1191,5462,3851,3874,2025-05-12 03:00:59,2025-05-12 03:43:59,UberX,595.62,11.8,3.79,Cancelled
6700,7948,3282,8465,4357,2023-11-22 23:00:30,2023-11-22 23:25:30,UberPool,235.98,18.7,4.3,Completed
6701,8328,4832,3302,4746,2025-06-04 04:50:49,2025-06-04 05:16:49,UberBlack,789.6,12.15,4.12,Completed
6702,4030,12,8468,7175,2025-06-29 02:45:25,2025-06-29 03:05:25,UberPool,94.4,19.34,3.73,Completed
6703,8702,6874,9938,4118,2023-09-18 08:56:00,2023-09-18 09:24:00,UberPool,55.56,10.05,4.83,Completed
6704,513,5213,5407,7448,2023-09-05 22:37:40,2023-09-05 23:09:40,UberPool,455.74,5.63,3.9,Completed
6705,6472,4882,7720,4130,2025-04-11 22:31:21,2025-04-11 23:11:21,UberX,446.38,3.97,3.78,Completed
6706,6216,9779,2671,5519,2024-04-17 06:16:08,2024-04-17 06:46:08,UberPool,119.53,8.48,4.58,Completed
6707,4201,2296,9388,8757,2024-01-13 23:20:51,2024-01-13 23:36:51,UberPool,364.11,10.19,3.82,Completed
6708,225,3251,223,3503,2024-02-11 11:56:20,2024-02-11 12:20:20,UberPool,706.88,6.16,4.68,Completed
6709,4868,1581,2524,4567,2023-11-04 12:51:31,2023-11-04 13:23:31,UberBlack,238.93,5.83,3.59,Completed
6710,6788,5977,1656,6647,2024-06-28 11:31:58,2024-06-28 11:42:58,UberPool,442.8,6.59,4.29,Completed
6711,896,7108,7571,8973,2024-03-12 14:32:17,2024-03-12 15:09:17,UberX,479.26,11.07,4.68,Completed
6712,2124,3713,6983,2995,2023-08-14 09:04:53,2023-08-14 09:49:53,UberBlack,215.86,19.28,3.58,Completed
6713,4283,219,6541,2725,2025-01-23 20:19:32,2025-01-23 20:37:32,UberBlack,452.56,7.97,3.54,Completed
6714,9917,654,4788,3858,2023-09-14 18:04:33,2023-09-14 18:13:33,UberBlack,73.12,15.57,4.87,Completed
6715,9290,6495,3186,5668,2025-05-06 05:59:10,2025-05-06 06:34:10,UberPool,185.71,9.74,4.49,Completed
6716,9540,6448,198,78,2025-04-13 06:33:48,2025-04-13 07:17:48,UberBlack,247.02,7.17,4.35,Completed
6717,6534,3593,9528,6925,2024-08-02 13:53:53,2024-08-02 14:23:53,UberBlack,153.24,1.22,3.8,Completed
6718,7292,1703,3111,6597,2025-05-03 14:14:01,2025-05-03 14:26:01,UberX,656.1,5.03,4.17,Completed
6719,1447,6780,8687,8122,2024-10-22 07:03:36,2024-10-22 07:16:36,UberX,616.02,13.13,4.99,Completed
6720,5570,9557,9091,4771,2025-06-29 06:13:12,2025-06-29 06:29:12,UberX,588.36,10.94,3.76,Completed
6721,6727,5537,8057,5323,2025-02-05 12:44:41,2025-02-05 13:07:41,UberX,226.36,7.0,3.8,Completed
6722,6034,4189,1557,3012,2024-05-31 06:42:34,2024-05-31 07:24:34,UberPool,582.61,9.55,3.94,Completed
6723,7980,3404,5534,9318,2024-05-19 14:39:01,2024-05-19 15:14:01,UberX,285.8,12.93,3.63,Completed
6724,9852,2873,1305,4262,2024-09-07 18:01:16,2024-09-07 18:08:16,UberX,209.42,4.3,3.6,Completed
6725,1298,7552,5420,7043,2024-10-16 05:50:12,2024-10-16 06:16:12,UberPool,430.87,12.95,4.78,Completed
6726,4034,9763,2412,8612,2023-09-25 12:25:07,2023-09-25 13:09:07,UberX,743.97,11.36,3.85,Completed
6727,6475,3731,5158,2505,2024-03-18 14:18:31,2024-03-18 14:55:31,UberPool,51.1,10.21,4.8,Completed
6728,1506,416,7761,2941,2024-10-16 14:38:53,2024-10-16 15:08:53,UberX,213.67,14.22,4.75,Completed
6729,1539,3997,1803,3974,2024-07-18 11:35:45,2024-07-18 12:08:45,UberPool,280.2,12.79,4.1,Completed
6730,3707,4723,2315,4569,2024-06-04 21:21:09,2024-06-04 21:45:09,UberBlack,582.94,8.07,4.1,Completed
6731,7084,7229,1824,7147,2024-05-14 10:41:24,2024-05-14 10:51:24,UberX,770.45,5.0,4.98,Completed
6732,2758,6082,1682,9494,2025-01-19 13:03:41,2025-01-19 13:39:41,UberPool,156.75,18.37,4.19,Completed
6733,6283,248,9182,1650,2023-10-06 14:20:08,2023-10-06 14:47:08,UberBlack,92.67,18.99,3.71,Completed
6734,286,8391,7246,689,2024-10-16 21:08:55,2024-10-16 21:50:55,UberX,567.73,8.3,3.88,Completed
6735,8031,5118,4108,6903,2023-08-06 00:06:25,2023-08-06 00:16:25,UberX,641.21,11.49,4.3,Completed
6736,8608,135,1336,469,2025-02-10 08:52:07,2025-02-10 09:05:07,UberX,373.08,13.5,4.58,Completed
6737,9880,2295,5650,424,2023-10-22 04:01:20,2023-10-22 04:21:20,UberBlack,477.57,15.57,3.52,Cancelled
6738,8645,3001,5106,4825,2024-08-10 22:45:23,2024-08-10 23:05:23,UberBlack,105.82,5.54,3.7,Completed
6739,1636,7582,3276,2885,2024-03-05 15:14:41,2024-03-05 15:36:41,UberBlack,749.93,5.36,4.1,Completed
6740,7228,7635,9439,2331,2024-10-24 21:04:58,2024-10-24 21:37:58,UberPool,64.86,1.95,3.89,Completed
6741,6401,5681,1086,2720,2024-11-12 02:05:33,2024-11-12 02:11:33,UberPool,255.06,2.74,4.13,Completed
6742,3313,466,3617,4884,2024-12-13 07:33:16,2024-12-13 07:54:16,UberX,303.7,4.04,3.81,Completed
6743,9580,3145,7456,2541,2025-07-02 09:06:37,2025-07-02 09:45:37,UberBlack,145.33,11.25,3.65,Cancelled
6744,9167,2523,7672,8750,2024-01-23 02:34:51,2024-01-23 02:50:51,UberX,373.31,11.57,4.59,Completed
6745,8513,2211,9063,2626,2025-06-03 11:07:28,2025-06-03 11:12:28,UberBlack,257.5,9.92,4.09,Completed
6746,3703,1954,6628,8521,2024-09-09 03:17:55,2024-09-09 03:38:55,UberPool,608.85,8.12,4.5,Completed
6747,1930,4577,975,6491,2023-12-29 11:03:56,2023-12-29 11:47:56,UberX,150.1,9.7,4.87,Completed
6748,9269,9427,1465,1768,2024-07-30 01:49:12,2024-07-30 02:30:12,UberX,697.28,11.26,4.28,Completed
6749,7302,3658,1771,6497,2024-10-30 23:08:08,2024-10-30 23:13:08,UberBlack,479.3,5.36,3.56,Completed
6750,9696,5063,6248,143,2024-07-18 08:23:03,2024-07-18 08:57:03,UberPool,434.13,13.54,4.79,Completed
6751,9310,5288,7354,8207,2024-08-30 07:50:05,2024-08-30 08:06:05,UberX,122.99,3.8,3.97,Completed
6752,2046,7355,4479,8764,2024-04-29 03:03:22,2024-04-29 03:22:22,UberPool,709.93,19.23,4.62,No Show
6753,4390,4396,5659,6742,2024-08-07 03:28:59,2024-08-07 03:58:59,UberPool,794.25,18.67,4.85,Completed
6754,7973,1350,8080,227,2025-01-17 07:58:21,2025-01-17 08:17:21,UberPool,101.56,3.69,3.64,Completed
6755,9809,7882,5657,1607,2023-08-27 03:07:16,2023-08-27 03:42:16,UberX,464.57,19.69,3.72,Completed
6756,1507,256,567,865,2025-05-10 20:00:29,2025-05-10 20:34:29,UberPool,477.64,18.93,4.08,Completed
6757,8378,6159,4503,5926,2024-08-28 00:21:13,2024-08-28 00:41:13,UberX,466.37,7.95,4.03,Completed
6758,7431,7009,2563,1622,2024-02-22 21:20:45,2024-02-22 21:27:45,UberBlack,128.94,9.14,3.53,No Show
6759,200,6056,9832,8776,2024-08-12 23:15:05,2024-08-12 23:50:05,UberX,698.15,16.43,4.5,No Show
6760,4292,8159,6492,4246,2023-09-17 15:58:41,2023-09-17 16:05:41,UberX,300.62,3.35,4.72,Completed
6761,4840,9896,6754,4840,2025-07-03 11:43:08,2025-07-03 12:25:08,UberPool,113.68,4.94,4.5,Completed
6762,6793,751,2237,7297,2024-07-10 10:56:45,2024-07-10 11:20:45,UberX,559.09,3.82,4.43,Completed
6763,1190,277,4554,5765,2024-10-20 02:43:11,2024-10-20 03:28:11,UberPool,204.56,7.41,4.48,Completed
6764,4944,5240,3348,6487,2024-07-16 13:33:24,2024-07-16 13:57:24,UberPool,760.12,13.4,3.92,Completed
6765,2243,1925,4800,7391,2024-07-20 02:05:13,2024-07-20 02:45:13,UberX,314.88,18.71,3.51,Completed
6766,4980,6325,4207,9874,2025-02-12 12:04:21,2025-02-12 12:38:21,UberX,340.44,2.94,3.96,Cancelled
6767,8048,4176,2287,400,2025-05-22 22:00:36,2025-05-22 22:15:36,UberBlack,57.77,7.1,4.76,Completed
6768,4267,1586,9319,8478,2023-09-19 05:07:24,2023-09-19 05:41:24,UberX,213.37,17.35,4.65,Completed
6769,5277,6433,2477,956,2023-08-25 05:51:12,2023-08-25 05:57:12,UberX,601.5,5.91,4.78,Completed
6770,7547,977,7087,7039,2024-03-22 19:32:26,2024-03-22 20:08:26,UberX,67.27,8.35,4.74,Completed
6771,6205,819,6926,8333,2025-06-07 08:55:04,2025-06-07 09:00:04,UberPool,342.61,12.92,3.56,Completed
6772,9219,1595,6544,4616,2023-11-26 03:51:58,2023-11-26 04:07:58,UberPool,208.6,14.53,4.05,Completed
6773,4238,5796,2237,2636,2025-04-22 01:16:35,2025-04-22 01:46:35,UberBlack,313.93,18.94,3.54,Completed
6774,4965,608,4146,1529,2024-05-05 04:18:02,2024-05-05 04:48:02,UberPool,679.56,18.61,4.48,Completed
6775,5036,9531,5585,3554,2025-01-08 10:35:04,2025-01-08 11:03:04,UberBlack,531.76,7.27,4.47,Completed
6776,3844,529,6171,9805,2023-12-04 03:24:55,2023-12-04 03:35:55,UberPool,770.12,16.24,3.69,Completed
6777,5668,7214,578,8663,2024-07-30 23:59:50,2024-07-31 00:31:50,UberBlack,694.65,17.03,4.12,No Show
6778,5305,8281,9517,2292,2025-02-27 00:08:22,2025-02-27 00:26:22,UberBlack,522.01,16.16,4.94,Completed
6779,2246,175,9665,1831,2024-05-28 21:03:12,2024-05-28 21:08:12,UberPool,344.92,6.03,4.11,Cancelled
6780,6458,9443,7571,8061,2024-11-27 20:12:27,2024-11-27 20:30:27,UberBlack,111.63,9.0,4.93,Completed
6781,8760,519,2380,1195,2024-05-21 22:30:19,2024-05-21 23:10:19,UberX,114.32,7.14,4.05,Completed
6782,4509,9289,8147,5017,2024-10-31 04:33:05,2024-10-31 04:46:05,UberBlack,657.35,15.86,3.68,No Show
6783,6804,640,4071,9485,2025-01-27 12:38:29,2025-01-27 12:57:29,UberBlack,745.21,12.66,4.78,Completed
6784,7873,2808,7855,6775,2025-07-13 05:07:46,2025-07-13 05:15:46,UberPool,159.88,18.35,3.87,Completed
6785,5587,7375,4502,5682,2025-03-26 10:27:01,2025-03-26 10:36:01,UberX,113.38,6.17,3.81,Cancelled
6786,146,6176,7972,7715,2024-04-12 16:42:13,2024-04-12 17:27:13,UberX,143.56,5.33,3.88,Completed
6787,3497,7014,2057,5447,2024-02-01 17:29:37,2024-02-01 18:01:37,UberX,605.41,16.45,4.61,Completed
6788,2848,5393,6484,7003,2025-02-25 21:23:50,2025-02-25 21:57:50,UberX,315.35,4.87,4.96,No Show
6789,177,1263,3630,514,2025-05-01 04:37:58,2025-05-01 04:42:58,UberPool,770.77,8.84,3.73,Completed
6790,7694,278,3183,2320,2024-03-18 16:24:02,2024-03-18 17:00:02,UberBlack,180.16,6.15,4.53,Completed
6791,150,3400,5546,1333,2024-12-24 15:04:36,2024-12-24 15:17:36,UberPool,261.3,2.66,3.78,Completed
6792,3876,4339,6531,6130,2025-02-02 05:52:17,2025-02-02 06:37:17,UberPool,256.83,12.2,4.74,Completed
6793,5544,4089,14,9200,2023-11-09 10:24:44,2023-11-09 10:42:44,UberBlack,400.37,13.08,4.16,Completed
6794,5730,9181,6998,321,2023-09-17 00:55:59,2023-09-17 01:36:59,UberPool,709.38,10.48,4.8,Completed
6795,4520,891,2976,2734,2024-08-02 11:44:36,2024-08-02 11:49:36,UberPool,156.52,10.76,4.65,Completed
6796,4137,4289,3446,5432,2025-03-28 02:21:06,2025-03-28 03:02:06,UberBlack,170.1,17.83,4.04,Completed
6797,4863,6780,2315,2303,2024-03-11 12:16:53,2024-03-11 12:35:53,UberX,700.16,13.77,4.24,Completed
6798,7605,9238,1927,1928,2024-03-29 16:04:44,2024-03-29 16:36:44,UberX,560.08,14.76,4.62,Completed
6799,4009,9729,1047,4187,2024-01-26 23:25:49,2024-01-26 23:43:49,UberX,263.65,12.1,4.53,Completed
6800,9034,8337,5297,3222,2023-09-16 09:06:00,2023-09-16 09:29:00,UberX,163.18,1.64,4.04,Completed
6801,4445,9504,490,9378,2024-01-03 16:29:28,2024-01-03 16:34:28,UberBlack,293.28,19.14,4.97,Completed
6802,3608,284,7530,1092,2025-04-28 07:51:35,2025-04-28 08:09:35,UberX,599.71,9.96,4.07,Completed
6803,1665,5010,2221,3199,2024-12-14 03:14:35,2024-12-14 03:44:35,UberX,132.05,3.17,3.82,Completed
6804,9406,7775,3418,9191,2023-12-17 12:52:59,2023-12-17 12:58:59,UberBlack,668.98,2.4,4.41,Completed
6805,5725,5977,2206,5491,2023-08-21 18:17:26,2023-08-21 18:48:26,UberBlack,278.85,15.22,4.21,Completed
6806,8484,8383,5845,4362,2024-10-06 10:29:43,2024-10-06 10:50:43,UberX,162.59,4.79,4.99,Completed
6807,9576,8496,5765,3617,2023-11-01 17:44:21,2023-11-01 18:13:21,UberPool,374.67,7.8,4.96,Completed
6808,3849,2525,958,6082,2025-02-20 05:59:35,2025-02-20 06:07:35,UberPool,190.98,16.45,3.67,Completed
6809,1305,667,205,2798,2024-02-24 02:56:41,2024-02-24 03:21:41,UberPool,204.28,11.2,3.85,Completed
6810,3702,3208,1654,7693,2023-08-29 19:43:42,2023-08-29 20:19:42,UberX,614.57,5.59,3.59,Completed
6811,4773,1953,6466,8362,2025-06-15 03:41:08,2025-06-15 03:58:08,UberBlack,603.6,11.4,4.36,Completed
6812,4754,5836,4679,8984,2025-07-01 20:21:15,2025-07-01 20:39:15,UberX,87.87,14.52,4.86,Completed
6813,2714,9844,2829,3838,2023-10-10 11:19:30,2023-10-10 11:26:30,UberPool,374.67,2.25,4.72,Completed
6814,1626,4807,1409,8040,2024-09-09 05:37:28,2024-09-09 05:45:28,UberBlack,684.15,15.13,4.28,Completed
6815,6988,8816,8390,1071,2024-03-10 00:27:07,2024-03-10 01:03:07,UberPool,243.57,15.44,4.54,Completed
6816,3021,5202,5282,2195,2023-10-30 00:03:36,2023-10-30 00:11:36,UberX,549.61,11.83,4.97,Completed
6817,4074,1159,5762,8473,2024-10-10 03:42:42,2024-10-10 03:54:42,UberBlack,451.04,13.41,4.64,Completed
6818,7603,1870,6230,4346,2024-06-12 14:19:41,2024-06-12 14:55:41,UberBlack,782.59,16.08,4.2,Completed
6819,4260,4784,850,5547,2025-02-04 19:34:46,2025-02-04 20:15:46,UberX,529.47,6.56,4.69,Completed
6820,8472,9779,8034,3336,2025-07-03 04:17:14,2025-07-03 04:45:14,UberPool,537.41,4.05,4.52,Completed
6821,5048,7089,2127,5967,2024-03-27 04:35:16,2024-03-27 04:52:16,UberPool,710.73,3.75,3.76,Completed
6822,815,2051,6702,9653,2023-12-28 17:29:17,2023-12-28 17:37:17,UberPool,350.47,16.32,4.99,No Show
6823,730,5543,340,3117,2023-11-24 19:49:54,2023-11-24 19:54:54,UberPool,129.17,18.49,3.71,Completed
6824,4854,8605,1245,8776,2024-01-07 09:45:17,2024-01-07 10:12:17,UberX,667.87,15.4,3.68,Completed
6825,2292,7264,6710,9733,2025-07-23 19:48:19,2025-07-23 20:03:19,UberBlack,405.28,19.4,3.73,Completed
6826,776,4804,8463,8752,2024-05-17 20:52:01,2024-05-17 21:09:01,UberPool,352.07,8.31,3.84,Completed
6827,4925,4532,1793,1387,2024-11-03 19:24:59,2024-11-03 20:01:59,UberBlack,781.54,18.2,4.13,Completed
6828,41,500,6057,2890,2024-07-02 09:16:56,2024-07-02 09:34:56,UberPool,229.15,13.2,3.86,Cancelled
6829,3703,6432,3537,4104,2023-08-26 12:39:19,2023-08-26 13:18:19,UberPool,133.31,17.08,4.8,Completed
6830,4664,6931,5856,740,2024-04-29 01:37:25,2024-04-29 02:10:25,UberPool,450.0,1.91,4.18,Completed
6831,4433,7519,8001,2027,2024-01-12 15:47:03,2024-01-12 16:11:03,UberX,659.08,3.43,4.5,Completed
6832,2098,9658,1283,9142,2025-01-25 17:00:42,2025-01-25 17:15:42,UberX,334.65,19.89,4.26,Cancelled
6833,6634,4036,5853,4906,2025-05-19 01:26:02,2025-05-19 01:57:02,UberPool,653.13,14.14,4.01,Completed
6834,4686,5875,898,9294,2025-06-04 18:38:54,2025-06-04 18:51:54,UberX,418.11,15.66,4.01,Completed
6835,7452,1572,1257,7008,2025-01-07 13:23:26,2025-01-07 13:34:26,UberX,703.48,18.74,4.41,Completed
6836,9834,6303,771,7931,2025-06-12 01:39:40,2025-06-12 01:47:40,UberX,522.28,6.08,3.75,Completed
6837,8245,9803,9550,4852,2025-01-25 05:38:24,2025-01-25 06:11:24,UberBlack,654.74,7.14,4.57,Completed
6838,5795,1687,9038,6258,2024-10-16 04:49:07,2024-10-16 05:02:07,UberBlack,444.97,5.37,4.55,Completed
6839,9514,1319,1326,6553,2024-06-26 09:32:41,2024-06-26 09:55:41,UberBlack,753.8,6.05,4.22,Completed
6840,9268,6361,8428,2879,2025-03-27 22:32:24,2025-03-27 23:15:24,UberPool,771.55,1.75,3.97,Completed
6841,2735,4698,1859,2463,2025-01-22 06:22:48,2025-01-22 06:29:48,UberPool,171.85,5.59,3.83,Cancelled
6842,9825,3282,2804,4331,2025-05-02 12:07:29,2025-05-02 12:31:29,UberX,594.57,7.5,4.99,Completed
6843,2461,6324,9502,9598,2025-05-23 14:10:40,2025-05-23 14:45:40,UberX,437.81,3.1,4.96,No Show
6844,2830,2598,4233,5732,2025-07-12 17:26:08,2025-07-12 18:04:08,UberBlack,592.2,1.1,4.27,Completed
6845,7557,7941,8745,4548,2023-12-07 20:38:08,2023-12-07 20:44:08,UberBlack,565.52,13.68,4.25,Completed
6846,1972,5590,1394,722,2024-03-25 21:56:50,2024-03-25 22:39:50,UberX,525.03,16.26,3.99,Cancelled
6847,6744,5898,8100,9569,2025-04-23 18:40:36,2025-04-23 18:54:36,UberPool,166.47,14.3,4.38,Completed
6848,6963,8967,6984,70,2024-09-06 08:34:36,2024-09-06 08:42:36,UberPool,309.43,18.55,4.85,Completed
6849,7077,7257,3040,7890,2024-12-01 22:05:20,2024-12-01 22:46:20,UberX,363.52,3.16,4.32,Completed
6850,2875,2248,2589,501,2024-08-21 05:55:12,2024-08-21 06:31:12,UberBlack,269.26,3.65,3.99,Completed
6851,8879,9506,2979,7821,2024-04-12 10:42:08,2024-04-12 11:13:08,UberPool,523.29,16.37,4.17,No Show
6852,7048,660,8658,1215,2024-03-15 01:51:08,2024-03-15 02:27:08,UberPool,237.9,5.31,3.99,Completed
6853,2241,5486,5039,5126,2025-04-17 21:04:40,2025-04-17 21:20:40,UberX,751.1,19.2,3.65,No Show
6854,7705,1056,7180,609,2024-09-09 00:42:44,2024-09-09 01:07:44,UberBlack,492.65,5.54,4.6,Completed
6855,5330,8925,6274,2930,2023-12-12 03:11:01,2023-12-12 03:16:01,UberPool,119.81,2.89,3.64,Completed
6856,6415,1869,7716,2114,2025-08-02 10:36:45,2025-08-02 11:05:45,UberPool,571.4,7.74,4.43,Completed
6857,5146,3345,853,2938,2024-11-26 20:37:03,2024-11-26 20:56:03,UberX,160.53,5.96,3.73,Completed
6858,670,8722,1113,4406,2024-03-17 06:40:29,2024-03-17 07:24:29,UberBlack,352.35,16.42,4.53,Completed
6859,5886,8483,3571,8454,2024-09-10 22:37:50,2024-09-10 22:42:50,UberBlack,614.73,9.71,4.81,Completed
6860,3849,1214,3722,2123,2025-05-09 15:33:43,2025-05-09 16:13:43,UberBlack,215.57,6.39,3.51,Cancelled
6861,7091,3311,1225,8798,2024-07-12 09:51:07,2024-07-12 10:15:07,UberX,445.59,17.97,3.68,No Show
6862,6959,5920,5610,4198,2023-11-01 11:51:05,2023-11-01 12:18:05,UberPool,211.03,4.04,3.73,Completed
6863,9,8054,3177,5043,2023-12-02 09:10:04,2023-12-02 09:39:04,UberBlack,165.03,11.38,3.73,Completed
6864,6208,6133,8935,3394,2024-06-23 12:04:53,2024-06-23 12:13:53,UberX,754.38,12.95,4.87,Completed
6865,9407,6448,3838,1986,2025-03-30 04:37:51,2025-03-30 04:59:51,UberX,751.98,15.84,4.2,No Show
6866,9666,4843,1544,99,2024-02-08 19:56:55,2024-02-08 20:22:55,UberX,705.99,6.78,3.64,Completed
6867,9485,9344,7481,2181,2025-04-07 01:13:38,2025-04-07 01:45:38,UberPool,712.91,12.18,3.93,Completed
6868,1409,8962,4596,5582,2024-03-11 18:33:02,2024-03-11 19:17:02,UberX,231.92,1.4,3.77,Completed
6869,9695,3741,6645,406,2023-12-06 03:48:00,2023-12-06 04:18:00,UberBlack,306.48,17.18,4.32,Completed
6870,2961,8400,3047,4480,2025-03-21 20:36:08,2025-03-21 20:58:08,UberX,498.27,14.59,3.92,Completed
6871,4720,2943,9637,1430,2024-06-25 08:49:54,2024-06-25 09:30:54,UberPool,439.52,18.6,4.96,Completed
6872,7885,4035,5293,6732,2025-07-26 00:01:08,2025-07-26 00:16:08,UberPool,682.35,13.35,3.77,Completed
6873,6839,3958,2435,1067,2024-07-26 12:09:17,2024-07-26 12:19:17,UberPool,757.83,11.26,4.91,Completed
6874,4935,3578,4484,7687,2023-11-28 16:11:21,2023-11-28 16:45:21,UberBlack,163.39,13.0,4.94,Completed
6875,5400,9289,2408,2310,2024-02-29 07:48:04,2024-02-29 08:28:04,UberPool,399.71,4.73,4.57,Completed
6876,3703,2158,213,2034,2024-01-18 15:45:37,2024-01-18 16:03:37,UberPool,641.82,11.36,4.05,Cancelled
6877,2736,2469,5842,3761,2024-08-10 08:36:58,2024-08-10 08:59:58,UberPool,155.56,16.54,4.73,Completed
6878,1318,458,1308,4095,2023-10-16 05:56:33,2023-10-16 06:41:33,UberX,150.08,7.18,4.75,No Show
6879,3510,1433,5693,1610,2025-01-01 04:10:32,2025-01-01 04:23:32,UberBlack,276.32,19.78,4.98,Cancelled
6880,871,9924,2862,7481,2024-03-18 16:49:38,2024-03-18 17:34:38,UberPool,222.02,9.6,4.92,Completed
6881,6824,8755,9335,4947,2023-08-29 14:02:56,2023-08-29 14:18:56,UberBlack,74.98,15.08,3.71,Completed
6882,7973,8413,1497,313,2024-09-04 15:42:06,2024-09-04 16:07:06,UberX,225.73,19.17,3.64,Completed
6883,3141,4045,4000,1303,2023-12-28 21:03:42,2023-12-28 21:19:42,UberBlack,114.56,12.22,3.82,Completed
6884,5893,8640,3225,3062,2025-05-23 11:48:58,2025-05-23 11:54:58,UberBlack,430.48,6.05,4.05,Completed
6885,8145,4674,884,6372,2024-10-10 06:14:03,2024-10-10 06:47:03,UberPool,53.61,1.02,4.08,Completed
6886,7448,2874,3604,8152,2025-02-05 04:57:03,2025-02-05 05:23:03,UberX,556.1,1.0,4.61,Completed
6887,6900,814,4230,1263,2024-06-16 17:30:26,2024-06-16 17:50:26,UberPool,537.09,10.3,4.47,Completed
6888,5446,7773,4974,954,2024-06-11 06:23:41,2024-06-11 06:50:41,UberBlack,194.65,6.07,4.42,Completed
6889,9914,4449,5972,9680,2024-02-10 04:06:02,2024-02-10 04:25:02,UberBlack,352.11,3.67,4.98,Cancelled
6890,3101,4707,1695,8700,2025-01-15 21:56:06,2025-01-15 22:01:06,UberBlack,183.49,15.82,4.8,Completed
6891,9564,391,2417,5255,2023-10-16 11:13:55,2023-10-16 11:45:55,UberBlack,377.37,8.33,3.86,Completed
6892,4231,4569,3940,9107,2024-10-07 03:55:34,2024-10-07 04:27:34,UberX,84.32,1.79,3.67,Completed
6893,9290,3794,5938,9655,2025-05-26 14:45:05,2025-05-26 14:57:05,UberBlack,130.57,12.87,4.86,Completed
6894,8952,4975,3186,3437,2024-11-07 22:55:32,2024-11-07 23:10:32,UberX,423.84,18.44,4.24,Completed
6895,7251,808,6572,5829,2025-07-29 05:38:34,2025-07-29 05:55:34,UberPool,214.89,13.59,3.72,Completed
6896,3355,8716,8351,9113,2023-12-08 23:04:03,2023-12-08 23:46:03,UberPool,174.84,2.03,4.36,Completed
6897,240,6518,1786,4823,2024-10-31 11:33:36,2024-10-31 12:00:36,UberX,732.77,1.23,4.43,Completed
6898,3127,4329,1541,7419,2023-08-09 00:34:14,2023-08-09 00:59:14,UberX,225.15,7.39,4.24,Completed
6899,6131,8977,543,794,2023-10-26 11:45:53,2023-10-26 11:51:53,UberPool,395.5,15.18,4.67,Completed
6900,4971,7641,867,1891,2024-04-12 16:31:44,2024-04-12 17:16:44,UberPool,167.48,8.29,4.07,Completed
6901,2545,9519,7443,5580,2025-03-31 12:10:40,2025-03-31 12:48:40,UberPool,179.38,19.65,4.08,Completed
6902,1303,8079,8306,7339,2024-02-15 23:22:19,2024-02-15 23:59:19,UberPool,478.02,7.59,4.36,Completed
6903,3452,4850,6955,7263,2024-03-22 14:11:30,2024-03-22 14:51:30,UberX,594.58,8.53,4.18,Completed
6904,9395,6495,8669,7609,2025-05-05 00:53:01,2025-05-05 01:31:01,UberBlack,792.87,4.79,4.16,Completed
6905,5095,2423,1930,3105,2025-04-16 21:15:30,2025-04-16 21:32:30,UberPool,275.87,13.33,3.8,Completed
6906,7829,890,7723,5395,2023-08-28 20:03:52,2023-08-28 20:28:52,UberX,641.52,4.27,4.43,Completed
6907,2795,5974,7281,7782,2023-09-28 14:26:39,2023-09-28 15:10:39,UberPool,383.55,10.98,4.2,Completed
6908,9905,5083,1197,3808,2025-02-27 18:04:50,2025-02-27 18:19:50,UberBlack,90.28,16.96,4.59,Completed
6909,6124,5248,8598,7339,2024-03-24 20:55:47,2024-03-24 21:25:47,UberPool,620.19,8.34,3.67,Completed
6910,1248,2805,8910,2516,2023-08-15 10:46:07,2023-08-15 10:55:07,UberX,476.77,19.0,4.15,Completed
6911,7182,1360,5581,8184,2023-10-24 09:35:47,2023-10-24 10:06:47,UberBlack,427.76,12.8,4.27,Completed
6912,3608,3456,7330,5878,2024-04-18 19:34:44,2024-04-18 20:07:44,UberBlack,612.35,2.5,4.29,Completed
6913,5516,123,8133,8308,2023-11-22 10:46:42,2023-11-22 10:55:42,UberX,286.89,16.7,4.59,Completed
6914,5185,6047,3683,4206,2025-01-22 00:55:27,2025-01-22 01:26:27,UberX,637.12,13.03,4.39,Completed
6915,4137,5527,201,2871,2025-02-21 04:42:28,2025-02-21 05:08:28,UberX,154.83,19.71,4.03,Completed
6916,4685,7385,8279,1388,2025-04-16 17:19:16,2025-04-16 17:48:16,UberPool,754.08,2.81,3.73,Completed
6917,1238,8078,7221,8952,2024-04-16 04:39:41,2024-04-16 05:00:41,UberBlack,312.56,18.01,3.91,Completed
6918,4715,4969,5060,7477,2025-07-04 03:34:33,2025-07-04 04:09:33,UberX,153.31,4.87,3.91,Completed
6919,4391,4719,2137,3780,2025-01-24 19:55:24,2025-01-24 20:37:24,UberBlack,68.89,3.53,4.32,Completed
6920,2572,5733,6787,7822,2023-09-20 03:08:53,2023-09-20 03:28:53,UberBlack,374.82,11.4,4.42,Completed
6921,8147,8337,1212,4087,2024-01-18 15:20:22,2024-01-18 15:43:22,UberX,653.95,5.17,4.88,Cancelled
6922,8226,5684,8948,2332,2023-09-07 16:24:27,2023-09-07 17:07:27,UberBlack,758.78,5.84,4.22,Completed
6923,8490,1721,4295,6171,2025-05-17 06:07:19,2025-05-17 06:21:19,UberX,78.09,19.26,4.41,Completed
6924,3989,8886,4196,7047,2025-01-09 19:24:23,2025-01-09 20:06:23,UberPool,673.72,11.65,4.8,Completed
6925,3077,1379,9247,3693,2023-09-13 07:14:01,2023-09-13 07:21:01,UberBlack,558.54,4.53,4.57,Completed
6926,2273,192,7559,8112,2025-02-19 13:50:18,2025-02-19 14:07:18,UberPool,86.19,9.13,3.79,Completed
6927,9933,8872,2038,6938,2024-06-10 00:23:20,2024-06-10 00:33:20,UberBlack,492.79,15.88,4.03,Completed
6928,3938,3164,7959,9552,2024-12-06 15:50:51,2024-12-06 16:26:51,UberX,250.25,2.72,3.57,Completed
6929,9986,8320,1025,2357,2024-02-27 06:54:55,2024-02-27 07:02:55,UberBlack,571.33,1.32,4.92,Completed
6930,7858,3668,5655,9313,2025-06-08 04:40:52,2025-06-08 05:14:52,UberBlack,71.72,8.63,4.02,Completed
6931,1261,7773,7542,7635,2024-06-02 16:49:22,2024-06-02 17:14:22,UberX,88.18,18.14,4.14,Completed
6932,2144,7597,4365,8952,2025-05-09 15:19:16,2025-05-09 15:51:16,UberBlack,295.99,9.35,4.14,Completed
6933,19,4170,7523,2785,2024-02-17 11:15:36,2024-02-17 11:40:36,UberPool,161.36,16.56,4.75,Completed
6934,4260,2678,1463,6752,2025-01-28 19:41:28,2025-01-28 20:22:28,UberX,499.99,15.36,3.85,Completed
6935,5103,9036,4819,7878,2023-10-21 23:31:37,2023-10-21 23:55:37,UberX,715.38,19.06,4.34,Completed
6936,7898,1415,7851,4366,2024-08-26 04:17:05,2024-08-26 04:28:05,UberBlack,115.37,17.98,3.77,Completed
6937,7808,7396,3969,8863,2025-05-26 02:27:41,2025-05-26 02:43:41,UberPool,262.51,9.53,3.98,Cancelled
6938,850,462,175,7242,2024-02-14 10:08:06,2024-02-14 10:20:06,UberBlack,509.51,2.7,4.52,Completed
6939,6040,8755,521,7908,2025-04-12 15:29:17,2025-04-12 16:02:17,UberBlack,192.47,1.99,4.53,Completed
6940,2600,6806,8071,3312,2023-10-18 10:05:02,2023-10-18 10:39:02,UberBlack,88.17,7.89,3.53,No Show
6941,5050,4119,4229,5848,2025-01-08 06:38:30,2025-01-08 07:06:30,UberX,203.41,2.71,3.8,Completed
6942,4261,8434,1314,2582,2024-01-08 02:53:32,2024-01-08 03:37:32,UberBlack,453.45,10.21,4.12,Cancelled
6943,5446,3968,5116,8186,2024-04-27 16:31:22,2024-04-27 16:53:22,UberPool,431.45,14.34,4.57,Completed
6944,2282,9021,1493,8034,2024-09-28 05:01:23,2024-09-28 05:36:23,UberBlack,366.13,4.4,4.49,Completed
6945,5959,1386,8316,1122,2023-08-30 07:17:50,2023-08-30 07:26:50,UberX,536.78,16.37,4.23,Completed
6946,9638,938,5970,7437,2024-11-12 02:24:43,2024-11-12 02:35:43,UberX,265.36,16.01,3.66,Completed
6947,9088,1247,7349,9340,2024-11-22 09:40:56,2024-11-22 10:10:56,UberX,697.89,12.79,4.98,Completed
6948,299,5318,1053,723,2024-03-15 08:31:16,2024-03-15 08:46:16,UberPool,524.48,13.83,4.63,Completed
6949,7165,5418,5714,814,2025-02-04 16:47:28,2025-02-04 17:24:28,UberBlack,780.0,2.08,4.38,Completed
6950,8278,5045,5236,4865,2025-01-22 19:12:54,2025-01-22 19:38:54,UberX,705.24,9.67,4.65,Completed
6951,9465,5357,3430,4795,2024-04-28 11:51:25,2024-04-28 12:35:25,UberBlack,282.27,8.3,4.28,No Show
6952,6745,7202,5943,4283,2025-03-26 08:30:02,2025-03-26 08:57:02,UberBlack,789.46,2.89,4.26,Completed
6953,9839,7385,3753,6207,2025-01-29 15:30:23,2025-01-29 15:57:23,UberX,123.96,14.09,4.52,Completed
6954,4238,9862,8519,5492,2025-06-20 13:41:40,2025-06-20 14:05:40,UberBlack,268.43,3.8,4.53,Completed
6955,5699,3431,7115,5256,2024-06-01 23:15:08,2024-06-01 23:42:08,UberPool,451.7,5.09,4.04,Completed
6956,6559,259,7717,3991,2024-08-05 23:07:41,2024-08-05 23:27:41,UberPool,794.85,16.28,3.79,Completed
6957,1437,2307,1788,1158,2024-12-11 11:18:13,2024-12-11 11:44:13,UberBlack,327.72,2.78,4.02,Completed
6958,4565,4338,7469,274,2023-12-10 23:59:49,2023-12-11 00:19:49,UberBlack,677.07,10.41,3.79,Completed
6959,2255,2618,5292,2440,2025-06-04 01:45:12,2025-06-04 02:05:12,UberX,277.12,5.52,3.54,Cancelled
6960,9128,6626,2948,6696,2025-07-31 18:37:56,2025-07-31 18:54:56,UberX,701.46,19.39,3.69,Completed
6961,180,7422,6489,7646,2025-02-19 15:01:07,2025-02-19 15:17:07,UberX,86.16,1.36,4.33,Completed
6962,1362,1871,455,9983,2024-05-26 23:56:24,2024-05-27 00:20:24,UberPool,466.22,1.23,3.71,No Show
6963,5124,9425,2602,1855,2024-09-19 03:33:49,2024-09-19 03:46:49,UberX,182.46,17.48,4.41,Completed
6964,6491,4543,5343,6046,2023-10-09 00:41:51,2023-10-09 01:19:51,UberPool,185.19,4.01,4.39,Cancelled
6965,3623,308,1067,3820,2023-09-26 02:28:05,2023-09-26 02:42:05,UberBlack,642.26,18.76,4.92,Completed
6966,2176,9752,4460,308,2025-01-22 20:54:29,2025-01-22 21:36:29,UberBlack,632.53,7.29,3.67,No Show
6967,1522,3888,6349,4301,2023-10-21 07:14:20,2023-10-21 07:55:20,UberBlack,101.08,6.53,3.52,Completed
6968,3207,6159,4202,1864,2025-07-06 17:01:01,2025-07-06 17:38:01,UberBlack,351.85,11.55,4.9,Completed
6969,4793,4065,4440,6039,2023-08-25 14:59:39,2023-08-25 15:15:39,UberBlack,470.96,11.64,3.97,Cancelled
6970,2573,1491,5115,7341,2024-03-17 10:49:29,2024-03-17 11:19:29,UberX,438.93,13.25,3.81,Completed
6971,6112,1575,9384,529,2023-09-30 16:03:16,2023-09-30 16:39:16,UberBlack,337.58,3.66,4.44,Completed
6972,7176,4059,7338,7733,2024-02-18 03:30:13,2024-02-18 03:44:13,UberX,394.99,3.6,3.76,Completed
6973,8601,4332,6310,8505,2024-04-26 20:38:23,2024-04-26 20:56:23,UberBlack,55.02,17.77,4.26,Completed
6974,7323,6110,2498,624,2025-01-29 16:35:34,2025-01-29 17:17:34,UberX,86.4,12.3,4.84,Completed
6975,7598,3252,4788,3128,2023-10-04 22:45:38,2023-10-04 23:27:38,UberBlack,473.42,5.86,3.83,No Show
6976,1667,3018,117,8626,2024-07-21 07:40:27,2024-07-21 08:13:27,UberX,436.85,6.4,4.57,Completed
6977,7056,6091,6466,3132,2025-07-03 14:01:00,2025-07-03 14:21:00,UberBlack,584.14,10.34,4.15,Completed
6978,9455,1903,3188,504,2024-03-29 14:46:17,2024-03-29 15:04:17,UberBlack,118.87,6.87,4.67,Completed
6979,4269,1028,2434,9785,2024-11-02 20:33:57,2024-11-02 20:52:57,UberX,464.87,17.42,3.97,Completed
6980,4564,2898,7754,604,2023-09-20 16:55:39,2023-09-20 17:05:39,UberBlack,293.23,1.93,4.74,Cancelled
6981,8643,3088,5571,4927,2024-06-20 20:50:40,2024-06-20 21:23:40,UberBlack,750.92,6.9,3.54,Completed
6982,2315,8013,9742,7755,2024-02-25 10:01:13,2024-02-25 10:11:13,UberBlack,223.5,14.67,4.09,Cancelled
6983,7714,6801,9291,9107,2025-04-02 19:15:40,2025-04-02 19:27:40,UberPool,179.81,9.95,4.78,Completed
6984,2531,8842,2575,7736,2024-12-30 16:39:22,2024-12-30 17:24:22,UberPool,109.83,18.61,4.61,Completed
6985,6449,7294,8825,7152,2024-07-08 06:03:19,2024-07-08 06:29:19,UberPool,554.07,10.59,4.12,Completed
6986,1126,8463,8442,1551,2024-01-08 07:27:30,2024-01-08 07:53:30,UberBlack,783.86,14.39,4.77,Completed
6987,2380,9835,4771,3578,2024-05-05 10:41:52,2024-05-05 11:24:52,UberX,734.06,6.96,3.95,Completed
6988,8636,554,3388,7777,2025-02-25 23:24:15,2025-02-26 00:00:15,UberPool,388.59,16.89,4.17,Completed
6989,9310,3735,6399,8326,2025-05-16 03:44:33,2025-05-16 04:03:33,UberX,644.28,18.21,4.58,Completed
6990,3711,5841,2826,9383,2025-02-24 02:09:35,2025-02-24 02:54:35,UberX,337.59,19.08,4.35,Completed
6991,5815,7601,3524,3399,2023-10-10 10:01:28,2023-10-10 10:37:28,UberBlack,201.63,14.59,4.53,Cancelled
6992,116,3782,8505,2868,2023-10-09 14:17:15,2023-10-09 14:53:15,UberPool,363.74,16.0,3.59,Cancelled
6993,7777,8084,8322,1099,2024-03-14 18:31:34,2024-03-14 18:56:34,UberBlack,543.5,7.63,3.77,Completed
6994,5482,8364,2644,898,2025-02-18 12:20:33,2025-02-18 12:36:33,UberX,419.59,4.34,3.69,Completed
6995,2350,1726,5295,1364,2025-01-24 14:29:13,2025-01-24 14:36:13,UberPool,236.21,9.7,3.54,Completed
6996,9845,8515,859,7803,2023-08-13 08:11:21,2023-08-13 08:51:21,UberX,396.15,12.06,4.45,Completed
6997,7085,8773,6916,1238,2023-10-18 19:51:35,2023-10-18 20:19:35,UberBlack,709.97,5.87,4.03,No Show
6998,5137,5304,444,1477,2024-11-13 07:58:16,2024-11-13 08:32:16,UberPool,373.78,10.68,3.94,Completed
6999,9513,9646,7358,9599,2023-09-14 09:34:06,2023-09-14 10:19:06,UberBlack,214.73,8.29,4.24,No Show
7000,8726,7426,8252,7510,2024-09-12 13:11:31,2024-09-12 13:33:31,UberX,336.82,13.63,3.53,No Show
7001,1352,8084,8856,9304,2025-05-12 22:33:08,2025-05-12 22:54:08,UberPool,54.8,17.42,4.11,Cancelled
7002,7639,7796,1094,9325,2024-03-28 12:02:54,2024-03-28 12:33:54,UberPool,780.23,2.33,4.93,Completed
7003,6007,3528,4478,6440,2025-06-15 15:00:26,2025-06-15 15:36:26,UberBlack,331.07,4.24,3.99,Completed
7004,7907,8529,5343,3064,2024-10-14 22:10:12,2024-10-14 22:48:12,UberBlack,731.24,10.18,4.78,Completed
7005,4309,6133,3322,5840,2025-07-13 18:45:35,2025-07-13 19:04:35,UberPool,276.76,2.61,4.61,Completed
7006,1543,9841,5261,2001,2024-05-06 20:13:37,2024-05-06 20:24:37,UberPool,187.67,5.27,4.54,Completed
7007,1062,7996,4628,2980,2024-01-19 00:06:08,2024-01-19 00:29:08,UberX,473.25,2.56,4.72,Completed
7008,3574,1719,3419,8406,2024-11-30 05:55:37,2024-11-30 06:05:37,UberX,321.13,16.1,3.54,Completed
7009,4724,5058,8758,1196,2025-07-04 16:08:00,2025-07-04 16:20:00,UberX,382.82,9.48,4.68,Completed
7010,2218,9648,7946,5785,2024-02-10 12:29:37,2024-02-10 13:11:37,UberX,656.53,3.38,4.92,Completed
7011,8315,3774,9965,5825,2023-09-24 15:12:49,2023-09-24 15:28:49,UberBlack,82.85,10.74,3.6,Completed
7012,3849,4553,3281,6010,2024-01-20 21:42:21,2024-01-20 22:17:21,UberX,94.74,11.64,3.62,Completed
7013,2726,9335,3974,1924,2024-12-18 15:31:16,2024-12-18 16:13:16,UberPool,228.72,16.37,4.92,Completed
7014,746,7406,6087,9209,2024-10-13 07:46:40,2024-10-13 07:55:40,UberX,78.11,9.09,3.95,Completed
7015,9391,6002,165,3701,2024-10-29 01:32:23,2024-10-29 01:50:23,UberX,170.65,4.8,4.29,Completed
7016,1887,78,4777,2932,2024-04-06 14:16:43,2024-04-06 14:25:43,UberPool,521.7,10.08,3.82,Completed
7017,4275,8225,5424,4458,2024-05-21 07:01:03,2024-05-21 07:07:03,UberX,503.52,10.31,4.01,Completed
7018,6188,195,780,4158,2025-07-25 10:43:42,2025-07-25 11:16:42,UberPool,530.62,15.67,3.67,Completed
7019,163,5547,9342,2155,2024-07-11 23:08:15,2024-07-11 23:13:15,UberBlack,356.89,15.89,4.07,Completed
7020,2482,6067,7229,7560,2023-10-06 18:41:13,2023-10-06 19:26:13,UberX,521.94,1.5,4.35,Completed
7021,6379,3987,6949,8850,2025-01-14 15:09:56,2025-01-14 15:17:56,UberPool,188.45,13.16,4.08,Completed
7022,8628,1115,8094,6956,2024-08-02 04:27:24,2024-08-02 04:41:24,UberPool,397.38,15.56,4.15,Completed
7023,3459,9158,8550,4145,2024-12-24 05:30:06,2024-12-24 05:51:06,UberX,597.16,9.97,4.13,Completed
7024,3546,6272,1955,1315,2024-11-11 18:35:48,2024-11-11 18:51:48,UberBlack,139.25,19.83,3.94,Completed
7025,961,2652,4610,7625,2025-01-26 19:50:41,2025-01-26 20:14:41,UberPool,596.24,1.98,3.78,Completed
7026,4585,4612,8530,8131,2024-03-29 05:32:41,2024-03-29 06:04:41,UberBlack,697.29,19.51,4.75,Completed
7027,6793,7756,9025,3494,2024-02-05 13:11:03,2024-02-05 13:41:03,UberPool,151.93,16.2,4.67,Completed
7028,1091,5040,2921,4251,2024-06-20 07:13:26,2024-06-20 07:45:26,UberBlack,384.65,7.48,3.87,Completed
7029,8637,3406,9694,230,2024-04-24 07:49:00,2024-04-24 08:03:00,UberBlack,329.37,6.31,4.7,Cancelled
7030,3324,4589,7994,9072,2024-04-15 08:36:19,2024-04-15 09:17:19,UberX,631.96,1.1,4.1,Completed
7031,8589,7394,3286,6610,2024-01-24 06:15:13,2024-01-24 06:29:13,UberPool,752.97,6.11,4.04,Completed
7032,6458,3234,4079,1921,2023-11-19 23:14:40,2023-11-19 23:51:40,UberPool,156.01,18.15,3.7,Completed
7033,815,8656,5965,5407,2024-02-11 06:17:46,2024-02-11 06:31:46,UberX,370.68,2.68,3.8,Completed
7034,7792,9829,2750,5210,2023-11-29 14:26:47,2023-11-29 14:54:47,UberBlack,174.88,1.66,3.53,Completed
7035,2259,7715,5348,8745,2024-07-15 07:33:19,2024-07-15 07:47:19,UberPool,683.45,5.32,3.88,Completed
7036,5783,5981,1153,6057,2024-01-30 10:45:27,2024-01-30 10:53:27,UberX,496.75,17.15,3.66,Completed
7037,8630,222,1265,3147,2024-01-03 21:59:39,2024-01-03 22:38:39,UberPool,526.85,17.23,4.08,Completed
7038,2955,2336,7038,9729,2024-07-25 20:30:36,2024-07-25 20:57:36,UberPool,398.21,13.94,3.99,Cancelled
7039,6471,9265,4485,9478,2024-11-13 09:19:24,2024-11-13 09:44:24,UberX,583.81,2.41,4.3,Completed
7040,8693,4050,7858,3335,2023-11-07 09:35:12,2023-11-07 10:10:12,UberX,725.24,9.7,4.24,Completed
7041,3317,7398,5777,2638,2024-09-20 19:54:45,2024-09-20 20:28:45,UberX,502.62,12.57,4.82,Completed
7042,304,482,8862,3521,2023-08-14 03:14:16,2023-08-14 03:43:16,UberPool,177.04,7.99,3.8,Completed
7043,4092,5953,9947,7545,2023-12-24 22:39:43,2023-12-24 22:54:43,UberBlack,385.03,14.69,4.81,Completed
7044,4092,8733,3955,7172,2024-04-27 18:39:01,2024-04-27 18:54:01,UberBlack,343.92,6.12,4.09,Completed
7045,9089,7628,1574,4839,2025-05-08 12:11:12,2025-05-08 12:40:12,UberPool,692.73,18.86,4.18,Completed
7046,6098,1077,408,6646,2023-09-09 05:07:05,2023-09-09 05:18:05,UberX,785.46,1.28,4.67,Cancelled
7047,9652,8690,2058,4129,2024-12-06 09:18:24,2024-12-06 09:32:24,UberPool,390.1,9.8,4.32,Completed
7048,3080,7583,8155,1167,2025-06-06 19:25:57,2025-06-06 19:41:57,UberBlack,214.09,5.5,3.65,Completed
7049,1016,8455,4468,6541,2023-11-15 09:52:49,2023-11-15 10:03:49,UberBlack,515.85,1.92,4.57,Completed
7050,3381,5635,7115,6446,2025-02-23 17:03:57,2025-02-23 17:27:57,UberBlack,186.13,10.32,4.73,Completed
7051,2163,5667,2507,9473,2025-01-04 06:48:44,2025-01-04 07:30:44,UberX,298.91,2.2,4.1,Completed
7052,2742,977,1558,1736,2023-12-02 16:12:43,2023-12-02 16:51:43,UberX,553.75,5.17,3.93,Completed
7053,3405,2332,6713,3566,2024-07-02 22:13:13,2024-07-02 22:21:13,UberX,764.89,15.44,4.1,Completed
7054,8405,5650,3595,9838,2024-06-07 21:30:40,2024-06-07 21:54:40,UberPool,175.34,16.37,4.07,Completed
7055,4793,5531,715,7168,2024-05-14 21:34:15,2024-05-14 22:12:15,UberPool,147.37,5.74,4.06,Completed
7056,1351,5211,4902,7046,2023-11-23 06:49:28,2023-11-23 07:26:28,UberBlack,157.41,11.41,3.99,Cancelled
7057,4075,5621,3308,4438,2024-09-27 21:26:53,2024-09-27 21:50:53,UberBlack,592.08,2.8,4.01,Completed
7058,1681,1891,9248,9559,2024-12-22 20:02:04,2024-12-22 20:20:04,UberX,380.36,11.21,4.11,Completed
7059,2828,925,5472,9339,2025-05-22 21:00:01,2025-05-22 21:33:01,UberX,677.31,19.63,4.0,Completed
7060,9253,5295,8987,5220,2025-04-02 20:56:05,2025-04-02 21:40:05,UberBlack,282.54,2.57,4.56,Completed
7061,1228,3748,9088,3021,2023-12-15 14:21:41,2023-12-15 14:44:41,UberX,195.7,13.1,4.04,Completed
7062,1412,1499,7003,4591,2025-04-20 21:06:45,2025-04-20 21:27:45,UberX,361.46,17.4,4.12,Cancelled
7063,3834,6285,3613,9718,2024-06-13 05:25:48,2024-06-13 05:34:48,UberPool,562.34,7.5,4.7,Completed
7064,3247,5527,1894,2569,2024-03-14 09:18:46,2024-03-14 09:42:46,UberX,52.7,16.01,4.24,Completed
7065,7947,8218,2379,2453,2025-06-06 12:56:48,2025-06-06 13:29:48,UberX,560.82,11.01,3.85,Cancelled
7066,8316,5202,8414,6640,2024-10-03 04:33:03,2024-10-03 04:57:03,UberX,149.52,3.14,4.63,Cancelled
7067,3075,9412,6745,7307,2023-10-24 08:47:05,2023-10-24 09:14:05,UberBlack,358.97,14.39,4.17,Completed
7068,7566,3471,9638,1746,2024-02-15 01:40:34,2024-02-15 02:01:34,UberX,89.12,19.39,4.16,Completed
7069,624,1656,5057,6563,2024-12-29 04:27:47,2024-12-29 05:01:47,UberBlack,538.88,7.38,4.81,Completed
7070,1530,3440,3496,5692,2023-11-05 13:49:09,2023-11-05 13:58:09,UberX,500.77,3.55,4.07,Completed
7071,7526,802,2466,4641,2023-12-03 12:35:26,2023-12-03 12:42:26,UberPool,520.97,11.83,4.82,Completed
7072,7799,4334,7825,3724,2025-05-14 08:19:49,2025-05-14 09:04:49,UberX,138.47,9.6,4.79,Cancelled
7073,1455,5543,8574,1839,2023-11-28 09:03:52,2023-11-28 09:14:52,UberBlack,496.76,10.68,4.43,Completed
7074,9935,8830,9693,1765,2024-02-20 03:32:32,2024-02-20 04:11:32,UberBlack,342.83,19.94,3.85,Completed
7075,2796,7310,1562,6256,2024-01-21 16:51:39,2024-01-21 17:26:39,UberPool,393.54,14.35,4.55,Completed
7076,1521,2533,1078,248,2023-08-17 03:24:50,2023-08-17 03:33:50,UberX,758.15,13.5,3.81,Completed
7077,3052,4183,3288,8628,2025-03-12 05:35:54,2025-03-12 06:19:54,UberPool,358.07,3.01,3.88,Cancelled
7078,5023,5428,8130,849,2024-12-07 07:11:53,2024-12-07 07:54:53,UberPool,333.22,8.3,4.81,Completed
7079,8851,6270,436,1684,2024-02-25 18:14:58,2024-02-25 18:59:58,UberX,99.37,9.49,4.2,Completed
7080,4425,6424,9602,1152,2024-10-27 10:34:59,2024-10-27 10:49:59,UberBlack,237.69,12.79,4.53,Completed
7081,2792,9083,8642,6894,2025-01-30 13:49:36,2025-01-30 14:04:36,UberBlack,450.71,8.1,4.91,Completed
7082,3995,2122,9344,9389,2024-12-14 18:22:00,2024-12-14 18:27:00,UberBlack,307.5,2.26,3.61,Completed
7083,2173,9744,2987,4531,2024-05-28 07:56:39,2024-05-28 08:10:39,UberBlack,513.26,10.85,4.94,Completed
7084,9276,1345,4441,4795,2024-09-02 04:37:09,2024-09-02 04:47:09,UberBlack,176.88,15.07,4.19,Completed
7085,251,2349,4630,2690,2024-04-04 13:26:48,2024-04-04 13:53:48,UberPool,115.51,6.5,3.9,Completed
7086,6999,3943,8513,9606,2024-07-06 09:10:58,2024-07-06 09:26:58,UberPool,248.87,7.25,4.11,Completed
7087,9390,9136,5676,5566,2025-08-03 17:27:40,2025-08-03 17:46:40,UberBlack,568.64,5.19,3.96,Completed
7088,2871,3831,1012,4375,2025-01-12 13:30:40,2025-01-12 13:39:40,UberBlack,415.21,19.86,3.63,Completed
7089,4933,2989,9445,43,2024-03-23 12:19:22,2024-03-23 12:41:22,UberBlack,208.76,12.0,3.93,Completed
7090,2777,8779,9056,9147,2024-12-06 08:14:33,2024-12-06 08:43:33,UberBlack,756.33,16.1,4.03,Completed
7091,4385,7616,2828,9607,2024-03-11 09:46:03,2024-03-11 10:25:03,UberBlack,67.06,5.89,4.96,Completed
7092,7871,3294,2469,3337,2025-01-07 03:56:07,2025-01-07 04:10:07,UberX,474.42,17.79,4.22,Completed
7093,8365,7093,8122,515,2025-02-07 04:08:58,2025-02-07 04:25:58,UberBlack,141.06,15.0,4.25,Completed
7094,3688,8098,4232,4016,2023-10-10 14:32:28,2023-10-10 14:59:28,UberBlack,578.62,16.36,4.33,Completed
7095,4457,4839,8472,8170,2025-02-04 05:06:38,2025-02-04 05:27:38,UberBlack,142.96,15.83,4.16,Completed
7096,563,2690,8289,3380,2023-12-29 10:47:53,2023-12-29 11:13:53,UberX,463.76,13.59,4.79,Completed
7097,9148,6410,8466,437,2023-11-15 05:00:51,2023-11-15 05:38:51,UberPool,731.29,11.23,3.5,Completed
7098,367,6161,6481,8513,2025-04-30 18:31:55,2025-04-30 19:00:55,UberX,246.09,5.42,4.45,Completed
7099,3965,2382,3202,5183,2023-12-18 14:32:45,2023-12-18 15:10:45,UberPool,706.62,8.49,4.13,Completed
7100,4662,1942,1229,8370,2025-02-19 12:57:41,2025-02-19 13:08:41,UberBlack,482.4,11.4,4.15,Cancelled
7101,6688,6105,6867,4597,2023-09-18 22:16:44,2023-09-18 22:28:44,UberPool,222.68,10.31,3.71,Completed
7102,9357,2553,3589,3707,2025-06-23 21:47:04,2025-06-23 22:23:04,UberX,638.68,15.76,4.92,Completed
7103,5400,6189,5729,6639,2025-05-08 16:39:58,2025-05-08 17:15:58,UberPool,148.93,18.26,3.63,Completed
7104,9698,2032,9905,5848,2025-06-15 15:53:56,2025-06-15 16:14:56,UberX,182.77,12.27,4.27,Cancelled
7105,7702,3831,9703,8186,2024-08-14 11:17:36,2024-08-14 11:55:36,UberPool,605.69,7.56,4.05,Completed
7106,3271,2682,545,6199,2023-09-29 22:00:07,2023-09-29 22:20:07,UberX,364.61,6.73,4.75,Completed
7107,9491,4972,2726,705,2023-09-05 00:02:55,2023-09-05 00:09:55,UberPool,645.63,5.36,4.03,Completed
7108,5515,2631,3661,7024,2024-09-29 16:53:40,2024-09-29 17:11:40,UberX,492.65,4.0,4.14,Completed
7109,8788,5272,5454,3651,2025-03-23 15:23:44,2025-03-23 15:45:44,UberPool,502.9,17.25,4.66,Completed
7110,5180,3217,2407,9610,2024-02-18 06:30:35,2024-02-18 07:02:35,UberBlack,364.46,2.59,4.07,Completed
7111,1633,1713,8910,1238,2023-11-28 09:48:16,2023-11-28 10:15:16,UberBlack,339.72,8.61,3.67,Completed
7112,4139,5033,2023,4974,2024-05-05 05:44:25,2024-05-05 06:04:25,UberPool,501.42,18.29,4.94,Completed
7113,6282,5202,7228,7099,2024-05-26 16:23:59,2024-05-26 17:02:59,UberX,770.57,4.87,4.5,Completed
7114,4433,1277,1354,8150,2024-05-09 06:10:12,2024-05-09 06:51:12,UberPool,569.4,4.58,4.82,Completed
7115,3649,2322,3243,8940,2024-10-13 13:20:26,2024-10-13 13:58:26,UberBlack,450.8,19.25,4.79,Cancelled
7116,7135,936,1082,260,2024-10-31 08:37:52,2024-10-31 08:52:52,UberBlack,697.45,18.28,4.32,Completed
7117,7260,7963,7907,7085,2025-08-02 09:06:17,2025-08-02 09:50:17,UberPool,293.56,18.35,4.6,Completed
7118,9953,7835,3098,9693,2023-12-03 15:54:01,2023-12-03 16:27:01,UberPool,68.04,5.43,4.08,Completed
7119,6822,747,4216,798,2024-09-30 19:20:21,2024-09-30 19:41:21,UberPool,132.26,5.09,4.03,Completed
7120,399,9766,4840,379,2024-03-11 19:33:28,2024-03-11 20:08:28,UberX,514.05,7.95,3.74,Completed
7121,8333,1010,9826,7186,2025-04-01 01:51:58,2025-04-01 02:03:58,UberBlack,721.35,9.4,4.54,Completed
7122,9725,2236,9996,6237,2024-08-30 03:15:09,2024-08-30 03:24:09,UberX,229.48,5.54,3.62,Completed
7123,1003,1903,7761,5311,2025-06-04 09:19:29,2025-06-04 09:48:29,UberX,733.88,6.07,4.2,Completed
7124,9740,4750,8800,7893,2024-09-11 22:23:50,2024-09-11 22:30:50,UberBlack,163.12,6.99,4.44,Completed
7125,7337,2091,9842,3576,2025-02-02 23:03:23,2025-02-02 23:25:23,UberBlack,360.67,16.87,4.15,Completed
7126,1524,2912,6646,5757,2023-11-03 11:13:42,2023-11-03 11:30:42,UberX,225.21,1.92,4.0,Completed
7127,1732,4176,4010,8506,2025-05-22 10:13:59,2025-05-22 10:51:59,UberX,403.2,1.83,3.98,Completed
7128,3791,3276,9142,9468,2024-05-05 19:09:21,2024-05-05 19:21:21,UberBlack,610.44,2.76,4.77,Completed
7129,174,5076,3844,2080,2024-11-18 07:51:31,2024-11-18 08:13:31,UberBlack,458.92,13.82,3.58,Completed
7130,5712,3097,6660,1421,2023-09-22 03:58:30,2023-09-22 04:13:30,UberBlack,66.98,9.92,4.71,Completed
7131,7559,1030,4442,460,2025-05-11 03:34:05,2025-05-11 04:05:05,UberPool,659.95,9.42,4.01,Completed
7132,8166,6509,3545,2236,2024-07-09 01:25:56,2024-07-09 01:41:56,UberBlack,742.44,18.08,4.54,Completed
7133,8277,5071,5045,1880,2025-02-14 05:41:33,2025-02-14 05:50:33,UberBlack,720.91,13.06,3.71,Completed
7134,9957,2377,6021,9326,2023-09-23 10:33:56,2023-09-23 10:47:56,UberBlack,563.72,13.98,4.56,Completed
7135,5649,1968,5134,1700,2024-10-28 02:17:27,2024-10-28 03:00:27,UberPool,161.28,2.0,4.38,Cancelled
7136,1610,9869,8023,2009,2023-11-14 12:17:52,2023-11-14 12:45:52,UberBlack,357.77,7.2,4.17,Completed
7137,7690,2859,2236,6041,2024-10-31 22:43:59,2024-10-31 23:18:59,UberX,570.5,17.48,3.55,Completed
7138,624,5314,3448,4708,2025-02-16 12:57:42,2025-02-16 13:41:42,UberX,66.54,10.53,4.39,Completed
7139,3289,7155,6969,2519,2023-12-04 00:13:15,2023-12-04 00:45:15,UberX,124.44,13.16,3.79,Completed
7140,7012,1806,6441,5025,2025-03-13 19:22:19,2025-03-13 19:28:19,UberX,341.63,13.86,4.82,Completed
7141,7626,7620,2994,7952,2023-12-17 17:50:43,2023-12-17 18:13:43,UberX,211.44,17.09,3.63,Completed
7142,9336,1983,397,6972,2023-10-02 02:46:22,2023-10-02 03:00:22,UberX,256.0,17.06,3.91,Completed
7143,8865,3717,1565,8090,2024-02-22 14:09:33,2024-02-22 14:46:33,UberX,233.04,18.56,4.45,Completed
7144,2350,8034,1548,452,2023-12-11 13:36:08,2023-12-11 13:46:08,UberBlack,799.34,4.95,3.52,Completed
7145,6376,300,6755,12,2024-06-09 03:12:43,2024-06-09 03:44:43,UberPool,664.17,13.97,4.29,Completed
7146,3137,1729,6184,1607,2024-03-31 04:41:19,2024-03-31 04:49:19,UberBlack,316.69,15.91,4.82,Completed
7147,2468,383,4362,643,2024-09-11 09:38:24,2024-09-11 09:49:24,UberX,486.95,7.13,4.43,Completed
7148,7798,6671,9355,6170,2024-03-06 23:37:07,2024-03-07 00:02:07,UberX,96.41,10.36,4.31,Completed
7149,5499,2602,2177,7905,2025-01-24 01:18:11,2025-01-24 01:47:11,UberPool,499.55,3.99,3.62,Completed
7150,4559,6092,3824,7150,2024-07-28 20:46:04,2024-07-28 21:02:04,UberPool,767.95,9.99,3.91,Completed
7151,2028,4297,971,3842,2025-01-20 15:29:39,2025-01-20 15:45:39,UberX,490.74,6.03,3.71,Completed
7152,6097,3528,5929,1517,2025-03-20 15:42:24,2025-03-20 16:23:24,UberBlack,385.71,10.15,4.84,No Show
7153,3905,698,5158,8367,2024-06-25 14:48:32,2024-06-25 14:58:32,UberX,291.67,18.46,4.0,Completed
7154,7392,8314,7187,1347,2024-02-24 14:31:25,2024-02-24 14:39:25,UberBlack,260.94,16.51,4.18,Completed
7155,9293,5462,2264,2981,2023-09-26 09:03:56,2023-09-26 09:30:56,UberPool,612.68,7.87,3.79,Completed
7156,9371,8872,6243,6297,2024-08-01 05:17:20,2024-08-01 06:00:20,UberX,580.96,15.65,3.69,Completed
7157,7244,1129,168,5326,2025-06-03 15:28:45,2025-06-03 15:55:45,UberPool,528.23,8.04,3.91,Completed
7158,8772,5532,8806,6298,2024-02-04 11:19:41,2024-02-04 11:53:41,UberPool,697.43,10.67,4.39,No Show
7159,3134,9325,4395,9609,2023-10-06 15:34:51,2023-10-06 15:50:51,UberPool,83.57,16.68,3.71,Completed
7160,4967,923,3101,4725,2024-03-03 05:44:24,2024-03-03 06:25:24,UberX,205.85,4.28,4.86,Completed
7161,4272,6893,1524,8639,2023-10-20 10:08:15,2023-10-20 10:39:15,UberPool,773.49,9.55,3.81,No Show
7162,9421,7129,3261,5734,2025-05-12 07:25:07,2025-05-12 07:48:07,UberX,458.27,1.33,3.53,Completed
7163,8,162,4978,9775,2023-09-21 01:22:38,2023-09-21 01:34:38,UberX,179.6,3.93,4.29,Completed
7164,9682,9110,5395,7675,2024-09-02 15:00:35,2024-09-02 15:38:35,UberX,632.98,8.49,4.19,Completed
7165,2749,2181,4046,84,2024-12-03 02:34:45,2024-12-03 03:10:45,UberPool,303.26,7.47,4.26,Completed
7166,744,8465,6984,4669,2024-09-17 14:34:15,2024-09-17 14:49:15,UberX,66.24,5.74,4.75,Cancelled
7167,1736,2258,4532,9992,2024-12-20 15:49:10,2024-12-20 16:12:10,UberBlack,78.09,11.44,4.84,Cancelled
7168,2109,5637,146,393,2024-08-16 04:24:29,2024-08-16 04:58:29,UberPool,459.08,10.83,4.73,Completed
7169,3700,589,2745,1561,2024-09-27 04:43:56,2024-09-27 05:05:56,UberBlack,672.46,7.85,4.0,Completed
7170,2260,9159,2085,1032,2024-01-25 09:51:56,2024-01-25 10:36:56,UberPool,367.9,16.06,4.11,Completed
7171,5273,2444,941,3074,2025-07-30 12:29:01,2025-07-30 12:44:01,UberPool,284.56,4.4,4.87,Completed
7172,9664,562,8652,4197,2024-03-30 18:02:45,2024-03-30 18:33:45,UberBlack,537.35,17.96,4.53,Completed
7173,3313,9782,8802,2400,2024-06-14 19:07:22,2024-06-14 19:45:22,UberX,585.9,4.16,4.12,Completed
7174,3728,2015,7260,6504,2025-07-10 14:58:53,2025-07-10 15:13:53,UberBlack,760.16,8.15,3.98,Completed
7175,8206,1313,4734,2527,2023-10-20 16:49:58,2023-10-20 17:11:58,UberPool,770.32,3.21,4.05,Completed
7176,5019,4018,4459,8032,2024-10-08 12:43:49,2024-10-08 13:22:49,UberPool,235.84,13.77,3.89,Completed
7177,4159,5000,3148,974,2024-09-03 16:37:40,2024-09-03 16:46:40,UberX,280.31,11.54,4.77,Completed
7178,4986,6453,7525,6898,2024-04-02 21:14:24,2024-04-02 21:38:24,UberBlack,780.76,1.24,4.24,Completed
7179,5694,4599,9228,2924,2024-05-03 21:29:37,2024-05-03 21:46:37,UberX,562.5,9.28,3.88,Completed
7180,9702,1292,620,9947,2023-12-25 18:03:30,2023-12-25 18:21:30,UberX,392.7,1.09,4.93,Completed
7181,6531,642,1187,1609,2024-02-16 19:58:06,2024-02-16 20:14:06,UberBlack,451.42,7.34,3.64,Completed
7182,8589,7419,1586,7093,2024-02-10 08:37:45,2024-02-10 09:14:45,UberPool,360.54,3.53,4.84,Completed
7183,2263,2014,2752,3379,2024-03-17 01:58:43,2024-03-17 02:08:43,UberPool,324.88,10.83,4.21,Completed
7184,8948,2231,1874,2163,2025-01-17 03:27:01,2025-01-17 04:05:01,UberX,191.95,16.57,3.9,Completed
7185,9323,6178,4616,2351,2025-01-12 01:26:24,2025-01-12 01:54:24,UberX,635.22,3.38,4.07,Completed
7186,40,1177,7316,1343,2024-04-06 12:31:49,2024-04-06 12:55:49,UberPool,183.02,13.08,4.63,Completed
7187,2481,5905,1016,9894,2025-04-14 00:55:54,2025-04-14 01:18:54,UberBlack,105.42,11.53,4.27,Completed
7188,2357,6878,1767,8343,2023-11-25 09:24:49,2023-11-25 09:30:49,UberX,205.91,1.96,4.32,Completed
7189,3700,5563,3454,7145,2024-03-23 12:50:25,2024-03-23 13:16:25,UberBlack,599.07,16.61,4.49,Completed
7190,2516,6665,1828,9729,2024-01-29 21:13:02,2024-01-29 21:19:02,UberX,714.6,3.37,3.74,Completed
7191,3810,7067,7984,6491,2025-05-11 14:51:06,2025-05-11 14:56:06,UberX,543.17,6.43,3.82,Completed
7192,8884,2104,2423,8508,2024-06-11 22:56:01,2024-06-11 23:40:01,UberBlack,516.18,7.46,4.89,Completed
7193,4685,542,9410,1444,2024-09-04 21:38:02,2024-09-04 22:06:02,UberPool,769.05,15.96,4.27,Completed
7194,6107,7860,5883,480,2023-08-09 09:39:12,2023-08-09 10:00:12,UberX,239.57,13.25,4.7,Cancelled
7195,2833,5601,4975,2392,2023-10-06 21:42:17,2023-10-06 22:16:17,UberPool,758.39,11.59,4.35,Completed
7196,5818,6033,4626,5479,2024-08-18 21:09:19,2024-08-18 21:28:19,UberBlack,577.82,14.13,4.36,Completed
7197,2315,9182,7909,7269,2025-07-06 06:54:23,2025-07-06 07:36:23,UberPool,507.67,17.03,3.71,Completed
7198,4290,9294,5745,5842,2023-09-17 08:15:04,2023-09-17 08:49:04,UberX,616.19,4.0,3.99,No Show
7199,7725,9460,5563,3396,2024-10-07 02:04:16,2024-10-07 02:18:16,UberX,278.88,6.61,4.71,Completed
7200,4827,9248,2321,33,2024-01-12 14:23:06,2024-01-12 15:08:06,UberPool,501.87,4.1,4.2,Cancelled
7201,5481,4036,2670,4143,2024-09-27 19:26:35,2024-09-27 19:36:35,UberBlack,205.31,15.48,4.6,Completed
7202,6677,9066,6163,6829,2024-07-29 16:59:07,2024-07-29 17:32:07,UberBlack,238.82,2.28,4.63,Completed
7203,3209,6424,8189,3674,2025-06-23 10:05:24,2025-06-23 10:18:24,UberBlack,433.26,14.33,3.73,Completed
7204,81,2110,2899,3105,2025-07-18 21:33:26,2025-07-18 21:54:26,UberPool,145.65,16.89,3.71,Completed
7205,1649,9848,7473,2052,2024-10-28 16:35:15,2024-10-28 16:58:15,UberX,700.08,2.3,3.9,Completed
7206,2368,2432,2236,2893,2024-08-04 11:21:51,2024-08-04 11:45:51,UberX,701.51,12.97,3.97,Completed
7207,1660,8967,8782,1553,2025-03-12 12:36:55,2025-03-12 13:04:55,UberBlack,95.3,6.6,4.91,Completed
7208,1603,8688,4020,4388,2023-08-12 08:11:58,2023-08-12 08:40:58,UberX,752.21,11.33,4.22,Completed
7209,8610,4642,7169,2846,2023-09-04 07:28:55,2023-09-04 07:47:55,UberPool,517.82,9.77,4.51,Completed
7210,1539,458,6671,3965,2025-04-15 22:49:40,2025-04-15 23:01:40,UberBlack,319.81,15.55,4.56,Completed
7211,6830,593,5864,3613,2024-03-04 12:04:47,2024-03-04 12:43:47,UberPool,116.85,13.57,4.05,Completed
7212,7929,8037,7733,8373,2025-01-21 07:32:49,2025-01-21 08:16:49,UberPool,567.0,2.81,3.59,Completed
7213,7442,4776,1599,6344,2023-08-12 12:35:12,2023-08-12 12:57:12,UberBlack,381.57,1.25,3.93,Completed
7214,5053,2011,7502,9397,2024-09-30 15:46:40,2024-09-30 16:27:40,UberX,559.6,13.77,4.65,Cancelled
7215,9458,1933,6521,7800,2024-04-20 07:26:12,2024-04-20 08:02:12,UberPool,296.9,12.62,3.88,Completed
7216,3625,3365,9380,299,2024-01-04 03:26:22,2024-01-04 04:10:22,UberPool,664.22,5.2,3.64,No Show
7217,3271,5483,5409,7739,2023-12-23 12:40:24,2023-12-23 12:45:24,UberPool,174.01,9.31,4.83,Completed
7218,3081,4255,4919,7347,2023-11-02 09:21:55,2023-11-02 09:27:55,UberPool,552.67,9.34,4.75,Cancelled
7219,5642,7037,7080,9028,2025-03-02 05:15:03,2025-03-02 05:46:03,UberPool,90.92,9.76,4.01,Cancelled
7220,8199,7890,4237,2113,2024-08-09 09:42:36,2024-08-09 09:54:36,UberPool,297.95,9.45,4.77,Completed
7221,7143,2426,236,8804,2024-05-07 14:56:57,2024-05-07 15:11:57,UberBlack,203.15,1.97,3.95,Completed
7222,9923,2000,2809,6217,2024-07-29 21:10:26,2024-07-29 21:31:26,UberPool,56.65,3.06,4.82,Completed
7223,2468,4223,1907,4272,2024-05-09 07:01:53,2024-05-09 07:31:53,UberX,359.2,16.31,4.95,Completed
7224,2310,2349,2749,2850,2023-09-28 16:56:25,2023-09-28 17:28:25,UberBlack,102.83,14.58,4.13,Completed
7225,9722,4677,5848,2072,2024-03-15 08:18:00,2024-03-15 08:32:00,UberX,307.72,9.83,3.54,Completed
7226,235,4819,9173,4233,2025-05-04 03:22:25,2025-05-04 03:39:25,UberX,611.58,14.32,4.94,Completed
7227,1219,4021,9937,5579,2025-01-18 20:13:54,2025-01-18 20:30:54,UberX,750.12,12.79,4.5,Completed
7228,6964,618,9207,5066,2024-06-14 12:46:33,2024-06-14 13:02:33,UberPool,744.8,7.44,3.61,Cancelled
7229,9735,1886,7856,7414,2024-11-25 10:48:08,2024-11-25 11:31:08,UberPool,455.68,14.28,3.57,Cancelled
7230,390,3795,429,4364,2024-05-18 15:44:54,2024-05-18 15:55:54,UberBlack,614.41,13.06,4.16,Completed
7231,395,8593,6542,5312,2024-03-07 13:54:40,2024-03-07 14:08:40,UberPool,360.77,19.88,4.24,Completed
7232,5012,3412,1952,6172,2024-05-27 12:03:41,2024-05-27 12:35:41,UberX,579.13,16.43,3.62,Completed
7233,6767,7775,522,1924,2023-08-16 04:06:28,2023-08-16 04:39:28,UberX,145.02,1.77,3.75,Completed
7234,6846,5635,3372,784,2024-08-24 20:44:52,2024-08-24 21:17:52,UberPool,125.43,8.74,3.76,Completed
7235,1963,915,9784,5084,2024-06-14 01:03:21,2024-06-14 01:12:21,UberBlack,726.53,14.11,4.91,Completed
7236,708,2837,6129,9683,2024-12-24 01:04:58,2024-12-24 01:21:58,UberX,696.57,3.51,4.22,Completed
7237,1694,6101,1392,7799,2025-03-06 17:09:27,2025-03-06 17:38:27,UberPool,309.85,4.96,3.52,Completed
7238,9189,3139,4539,8157,2024-09-21 23:34:46,2024-09-21 23:40:46,UberBlack,101.63,15.25,4.54,Completed
7239,9623,8462,367,8737,2023-11-25 01:53:48,2023-11-25 02:38:48,UberX,465.95,15.85,4.0,Completed
7240,3079,953,3179,5004,2024-01-05 00:12:00,2024-01-05 00:26:00,UberPool,445.03,9.22,4.55,Completed
7241,352,4372,9910,4239,2023-10-26 06:31:42,2023-10-26 06:39:42,UberX,286.17,16.07,4.64,Completed
7242,3008,6383,8740,8494,2024-12-12 19:05:53,2024-12-12 19:36:53,UberPool,585.16,4.34,4.21,Completed
7243,999,5087,8222,6451,2025-06-23 05:13:33,2025-06-23 05:20:33,UberPool,104.45,6.65,3.75,Cancelled
7244,865,7191,1495,1497,2024-03-18 20:41:04,2024-03-18 21:19:04,UberPool,517.36,3.06,3.54,Completed
7245,9463,7044,1571,4530,2025-03-28 16:02:07,2025-03-28 16:09:07,UberX,469.81,8.4,5.0,Completed
7246,3558,7293,2607,8545,2024-05-16 08:20:39,2024-05-16 08:32:39,UberPool,428.42,17.27,4.19,Completed
7247,4876,7470,3778,9396,2024-07-16 22:03:32,2024-07-16 22:40:32,UberX,136.13,18.3,3.57,Completed
7248,540,4356,7844,3527,2024-07-08 17:42:01,2024-07-08 17:53:01,UberX,88.15,6.08,4.28,Completed
7249,6459,4218,9559,766,2023-11-05 06:41:46,2023-11-05 06:50:46,UberX,199.94,12.86,3.82,Completed
7250,4952,3262,1459,2823,2023-10-31 20:28:11,2023-10-31 20:35:11,UberBlack,795.05,14.56,3.88,Completed
7251,2166,3202,8528,4364,2023-09-16 01:11:43,2023-09-16 01:26:43,UberBlack,561.63,13.87,4.13,Completed
7252,9608,51,5854,2050,2023-12-01 06:41:53,2023-12-01 07:25:53,UberX,337.06,1.5,4.1,No Show
7253,7798,2200,5267,3914,2023-12-28 07:34:30,2023-12-28 07:55:30,UberX,466.56,14.97,4.61,Completed
7254,4344,5347,5989,5723,2024-05-07 06:24:54,2024-05-07 06:30:54,UberPool,555.28,14.95,4.2,Completed
7255,404,6377,1554,4552,2023-10-10 09:34:20,2023-10-10 10:03:20,UberPool,159.78,6.54,4.06,Completed
7256,1112,9593,5502,9398,2024-03-21 15:50:45,2024-03-21 16:00:45,UberX,264.75,6.74,4.71,Completed
7257,6634,9153,7647,9337,2024-03-23 02:25:08,2024-03-23 02:51:08,UberX,761.59,8.21,4.03,Completed
7258,3775,5748,1065,2776,2024-06-14 16:57:11,2024-06-14 17:06:11,UberX,456.17,12.0,4.88,Completed
7259,2710,3274,7694,8977,2024-03-09 09:39:07,2024-03-09 10:19:07,UberBlack,756.59,2.61,4.25,Completed
7260,5023,963,5896,4847,2024-09-29 02:59:28,2024-09-29 03:27:28,UberBlack,657.01,4.22,3.52,Completed
7261,4418,9003,6235,7302,2024-03-23 06:10:37,2024-03-23 06:33:37,UberBlack,280.64,18.17,4.77,Completed
7262,2083,4144,84,7841,2025-06-02 23:40:15,2025-06-03 00:10:15,UberPool,714.42,17.03,4.28,No Show
7263,8721,6717,945,6326,2025-07-20 02:56:55,2025-07-20 03:25:55,UberPool,550.62,13.4,4.83,Completed
7264,5167,6278,9676,5819,2023-10-12 01:53:45,2023-10-12 02:23:45,UberX,497.85,8.16,4.5,Completed
7265,3679,5470,8231,3534,2024-01-27 11:11:44,2024-01-27 11:40:44,UberPool,629.92,7.88,4.43,No Show
7266,6376,20,6385,9410,2025-05-23 12:31:11,2025-05-23 13:03:11,UberBlack,789.74,4.8,4.57,Completed
7267,387,164,1516,7679,2025-03-06 09:56:54,2025-03-06 10:05:54,UberX,143.83,8.18,4.57,Completed
7268,8278,2084,7815,5468,2023-12-13 17:46:14,2023-12-13 18:22:14,UberPool,313.62,13.73,3.83,Completed
7269,5095,397,4181,3183,2024-06-30 23:52:11,2024-07-01 00:35:11,UberPool,362.66,15.25,3.62,Completed
7270,4418,1181,2077,5398,2024-11-16 10:10:31,2024-11-16 10:40:31,UberX,773.53,12.19,4.93,Completed
7271,2458,4990,6363,1352,2024-07-22 02:00:39,2024-07-22 02:36:39,UberBlack,613.35,16.59,4.75,Completed
7272,2817,8175,8052,6656,2024-12-17 07:51:26,2024-12-17 08:00:26,UberX,768.16,14.7,4.54,Completed
7273,105,9671,8775,197,2023-09-23 04:47:46,2023-09-23 04:52:46,UberX,524.0,1.26,3.55,Completed
7274,4124,7001,3354,4025,2024-08-15 07:43:59,2024-08-15 07:53:59,UberX,192.17,16.86,4.01,Completed
7275,6385,317,5826,764,2025-05-11 22:07:32,2025-05-11 22:48:32,UberPool,708.36,17.26,3.51,Completed
7276,5612,8594,5092,8051,2024-12-28 16:36:47,2024-12-28 17:19:47,UberBlack,179.53,8.53,3.93,Completed
7277,9168,3722,3735,820,2025-01-05 08:58:13,2025-01-05 09:15:13,UberX,216.41,17.92,4.57,Completed
7278,1351,5702,9684,1608,2024-12-01 04:12:47,2024-12-01 04:48:47,UberPool,289.83,6.0,3.85,Completed
7279,2178,6566,4528,8540,2025-06-05 04:41:07,2025-06-05 04:57:07,UberBlack,206.08,13.57,3.92,Cancelled
7280,8945,457,3661,6792,2025-05-03 07:44:59,2025-05-03 08:03:59,UberPool,510.19,8.37,3.95,Completed
7281,3577,3981,5095,9826,2024-02-04 00:07:56,2024-02-04 00:22:56,UberBlack,659.11,11.21,4.19,Completed
7282,1980,321,4214,26,2023-12-17 12:05:49,2023-12-17 12:39:49,UberBlack,228.46,9.57,4.27,No Show
7283,9502,51,7217,1214,2025-07-18 08:57:15,2025-07-18 09:17:15,UberX,571.05,9.58,3.9,Completed
7284,5060,1176,8490,6362,2024-09-26 20:27:58,2024-09-26 21:08:58,UberX,507.34,1.43,3.61,No Show
7285,1660,6678,7289,3266,2025-03-24 01:54:49,2025-03-24 02:08:49,UberPool,669.74,12.76,4.33,Completed
7286,6843,6473,4241,9521,2024-05-17 20:51:11,2024-05-17 21:03:11,UberBlack,644.88,4.27,4.45,Completed
7287,4031,4128,2965,5636,2024-09-07 12:47:44,2024-09-07 13:18:44,UberBlack,479.04,6.04,4.87,Completed
7288,8498,2367,8916,7573,2024-06-15 17:34:29,2024-06-15 18:01:29,UberBlack,721.07,17.6,3.58,Completed
7289,7111,7536,2696,2869,2024-03-04 21:49:02,2024-03-04 22:09:02,UberBlack,451.23,5.27,4.4,Completed
7290,4911,8452,8575,954,2023-12-23 07:08:46,2023-12-23 07:18:46,UberPool,515.14,11.27,4.43,Completed
7291,522,9974,9970,3832,2024-08-18 00:53:39,2024-08-18 01:20:39,UberX,488.63,3.99,4.01,Completed
7292,8954,7635,2440,6397,2025-06-05 17:45:16,2025-06-05 18:03:16,UberPool,767.52,19.1,4.48,Cancelled
7293,7335,3082,3749,4658,2023-09-26 14:21:48,2023-09-26 14:38:48,UberPool,215.63,10.21,4.56,Completed
7294,602,6348,4001,130,2024-12-21 09:41:57,2024-12-21 09:54:57,UberX,51.78,7.61,4.29,No Show
7295,6083,8556,3364,4429,2024-04-16 03:55:01,2024-04-16 04:31:01,UberPool,767.76,6.06,3.94,Completed
7296,8307,2787,5890,520,2025-05-09 14:04:34,2025-05-09 14:27:34,UberPool,642.98,14.73,4.29,Completed
7297,2046,7551,7639,8612,2025-05-25 14:31:14,2025-05-25 15:01:14,UberPool,142.65,18.8,4.57,Completed
7298,2539,4145,5225,4471,2024-07-18 00:15:00,2024-07-18 00:21:00,UberPool,625.58,1.94,3.86,Completed
7299,2429,8730,2608,1741,2025-05-22 16:57:58,2025-05-22 17:30:58,UberX,660.95,10.0,3.74,Completed
7300,850,3139,5901,9430,2023-09-02 17:54:45,2023-09-02 17:59:45,UberPool,353.69,7.68,4.95,Completed
7301,5658,2279,6431,7102,2023-10-30 11:04:40,2023-10-30 11:37:40,UberPool,795.36,17.33,4.54,Completed
7302,294,801,4548,7250,2024-05-26 07:31:42,2024-05-26 08:07:42,UberBlack,491.88,17.82,3.59,Completed
7303,6376,9689,7896,6754,2024-12-24 05:05:56,2024-12-24 05:39:56,UberPool,453.28,9.18,3.88,Completed
7304,7502,9908,6956,7189,2024-02-09 01:39:33,2024-02-09 02:23:33,UberBlack,405.0,2.99,3.96,Completed
7305,3993,7326,7065,4020,2024-11-17 09:42:33,2024-11-17 09:59:33,UberPool,221.4,2.47,4.31,Completed
7306,1248,9919,4839,4822,2025-06-23 17:16:42,2025-06-23 17:55:42,UberPool,534.06,8.1,4.29,Completed
7307,8370,1490,4872,893,2024-03-20 22:21:05,2024-03-20 22:26:05,UberPool,66.99,16.76,3.96,Completed
7308,8165,8855,3562,558,2024-01-23 08:17:08,2024-01-23 08:56:08,UberBlack,299.79,13.01,3.88,Completed
7309,5945,6879,2752,8477,2025-05-04 11:11:43,2025-05-04 11:40:43,UberPool,321.49,11.68,4.79,Completed
7310,5124,9302,5477,1071,2024-06-05 14:47:47,2024-06-05 15:15:47,UberPool,581.95,19.08,3.5,Completed
7311,3893,5297,783,9023,2024-06-15 20:22:17,2024-06-15 20:30:17,UberX,588.0,5.71,3.86,Completed
7312,7078,4598,9960,2713,2025-07-10 13:47:30,2025-07-10 14:17:30,UberBlack,788.9,9.1,3.74,Completed
7313,163,2119,2230,8730,2024-04-08 02:30:21,2024-04-08 02:44:21,UberX,317.77,7.45,4.45,Completed
7314,6320,9862,9558,7381,2023-10-23 19:43:23,2023-10-23 20:01:23,UberPool,684.2,15.3,3.51,Completed
7315,5883,3738,1363,2334,2023-10-06 11:05:43,2023-10-06 11:39:43,UberX,361.8,4.36,4.12,Completed
7316,1860,6708,4796,863,2025-07-15 12:30:53,2025-07-15 12:57:53,UberBlack,314.37,6.45,4.57,Cancelled
7317,6288,9241,3024,8487,2023-11-12 01:38:34,2023-11-12 01:58:34,UberPool,713.95,7.88,4.0,Cancelled
7318,3233,5744,9522,6609,2025-01-02 20:13:32,2025-01-02 20:55:32,UberPool,725.54,10.44,4.75,Completed
7319,4872,6290,1329,8800,2023-11-11 00:07:36,2023-11-11 00:16:36,UberX,434.31,16.06,3.9,Completed
7320,423,618,2055,5322,2024-08-05 21:35:23,2024-08-05 21:52:23,UberBlack,490.2,9.18,4.53,Completed
7321,9375,6025,6908,805,2024-03-29 21:51:50,2024-03-29 22:36:50,UberBlack,732.51,19.56,4.82,Completed
7322,8743,3135,7206,7225,2024-07-18 21:21:48,2024-07-18 21:36:48,UberX,151.47,19.61,4.28,Completed
7323,471,4932,7791,1001,2024-01-12 06:04:45,2024-01-12 06:41:45,UberX,775.36,8.18,4.27,Completed
7324,1643,6275,5689,726,2023-09-28 02:09:43,2023-09-28 02:42:43,UberBlack,164.69,17.38,4.92,Completed
7325,43,4835,4666,3528,2024-11-16 12:11:37,2024-11-16 12:53:37,UberBlack,600.61,6.24,4.98,Completed
7326,1513,1436,8633,1660,2024-09-18 13:25:07,2024-09-18 13:44:07,UberBlack,777.49,13.61,3.66,Completed
7327,1193,5738,4487,3495,2024-08-14 13:29:59,2024-08-14 13:34:59,UberBlack,547.93,17.61,3.75,Completed
7328,2694,6482,8455,7857,2024-03-16 02:38:45,2024-03-16 03:07:45,UberBlack,692.38,15.3,3.68,Completed
7329,9876,5473,788,5903,2023-08-23 19:52:09,2023-08-23 20:18:09,UberBlack,627.76,2.04,3.72,Cancelled
7330,1365,6337,7999,9089,2024-06-11 01:58:40,2024-06-11 02:36:40,UberBlack,170.44,13.9,4.11,Completed
7331,6575,7489,3670,6987,2023-11-21 01:17:13,2023-11-21 01:47:13,UberX,397.03,10.1,4.19,No Show
7332,3118,4488,2301,7715,2023-10-24 21:33:24,2023-10-24 21:47:24,UberX,347.66,16.39,4.93,Completed
7333,9284,8332,50,2724,2024-05-02 20:19:39,2024-05-02 20:24:39,UberX,592.02,13.25,4.75,Completed
7334,8653,8826,3134,5892,2023-11-16 22:00:58,2023-11-16 22:42:58,UberPool,100.48,11.97,4.47,Completed
7335,9597,8566,5369,7169,2025-01-16 11:47:31,2025-01-16 12:27:31,UberX,397.77,16.32,4.05,Completed
7336,5423,542,5369,2798,2024-08-26 07:53:07,2024-08-26 07:58:07,UberX,411.75,18.83,3.53,No Show
7337,4590,5692,8969,3475,2025-06-20 16:16:32,2025-06-20 16:23:32,UberBlack,591.12,1.98,4.54,Completed
7338,2570,3106,6294,3295,2024-02-11 10:43:30,2024-02-11 11:10:30,UberPool,348.65,19.79,3.79,Completed
7339,1055,1768,1702,9906,2025-03-10 12:59:48,2025-03-10 13:26:48,UberPool,564.37,2.43,4.87,Completed
7340,2555,1425,4482,3860,2025-02-12 12:17:43,2025-02-12 12:27:43,UberPool,149.21,14.74,4.48,Completed
7341,9566,7106,3948,7232,2025-06-24 00:46:06,2025-06-24 01:21:06,UberX,733.07,17.4,4.49,Completed
7342,9054,2847,7273,9373,2024-09-28 23:54:31,2024-09-29 00:34:31,UberBlack,378.79,11.78,3.89,Completed
7343,4216,5875,5854,9432,2023-10-11 13:59:38,2023-10-11 14:44:38,UberBlack,675.84,12.81,4.42,Completed
7344,9791,7538,6965,5601,2024-09-29 03:51:44,2024-09-29 04:36:44,UberX,673.82,6.61,3.94,Cancelled
7345,8748,7053,622,1461,2025-06-01 16:13:04,2025-06-01 16:18:04,UberPool,247.96,6.81,4.2,Completed
7346,9564,1981,3613,3449,2024-05-12 18:24:45,2024-05-12 19:01:45,UberX,201.97,13.66,3.86,Completed
7347,4787,8680,9042,6220,2024-04-22 20:48:18,2024-04-22 21:17:18,UberBlack,223.82,16.34,4.46,Completed
7348,8560,9161,1156,5228,2024-06-13 16:40:01,2024-06-13 16:45:01,UberBlack,203.02,7.31,4.67,Completed
7349,8699,3824,4368,6061,2024-10-16 08:07:56,2024-10-16 08:30:56,UberX,208.26,7.92,4.14,Completed
7350,4996,2602,2409,2308,2024-04-21 03:06:51,2024-04-21 03:40:51,UberBlack,248.58,10.29,4.54,Completed
7351,1127,8855,9227,2670,2025-03-17 08:14:18,2025-03-17 08:20:18,UberPool,553.99,10.71,4.04,Completed
7352,4715,2059,2875,5834,2024-04-02 02:02:44,2024-04-02 02:08:44,UberBlack,109.83,19.88,3.96,Completed
7353,3470,6569,2595,2257,2024-05-19 19:13:04,2024-05-19 19:52:04,UberPool,334.47,3.4,4.7,Cancelled
7354,8892,3948,8169,7270,2024-07-19 14:13:23,2024-07-19 14:55:23,UberX,637.21,5.75,3.51,No Show
7355,1982,5294,392,5213,2025-02-16 20:22:30,2025-02-16 20:29:30,UberBlack,492.77,11.73,4.16,Cancelled
7356,926,4961,2349,9658,2023-10-21 06:28:51,2023-10-21 07:12:51,UberX,454.08,12.72,4.28,No Show
7357,2758,3985,614,4681,2025-03-25 10:11:14,2025-03-25 10:23:14,UberPool,769.31,12.57,3.53,Completed
7358,8861,4326,7910,6035,2024-08-26 10:37:15,2024-08-26 10:50:15,UberX,661.11,8.97,3.64,Completed
7359,7189,6204,2079,8731,2024-05-11 09:58:59,2024-05-11 10:42:59,UberX,708.12,8.74,4.15,Cancelled
7360,4023,1340,437,9580,2023-12-15 10:57:20,2023-12-15 11:38:20,UberPool,442.97,11.16,4.85,Completed
7361,9799,7231,2127,2588,2024-06-10 06:51:10,2024-06-10 07:00:10,UberX,192.91,16.25,4.94,Completed
7362,3886,7641,4497,3740,2023-10-16 23:27:17,2023-10-16 23:50:17,UberX,522.41,14.86,3.59,Cancelled
7363,5234,2571,5753,2875,2025-05-31 02:40:11,2025-05-31 03:17:11,UberX,612.98,15.83,4.32,Completed
7364,1059,1288,9572,382,2024-03-03 20:24:23,2024-03-03 20:49:23,UberBlack,606.24,6.07,4.5,Completed
7365,1855,4359,3076,7771,2025-06-07 04:30:01,2025-06-07 05:11:01,UberPool,438.49,6.85,4.18,Cancelled
7366,3622,5363,3616,5234,2023-12-05 15:32:36,2023-12-05 15:52:36,UberX,750.09,5.08,3.89,Completed
7367,269,7047,8903,7983,2023-12-25 01:08:55,2023-12-25 01:36:55,UberBlack,349.94,4.4,4.96,Completed
7368,8490,1030,229,2219,2023-09-05 20:27:06,2023-09-05 20:38:06,UberBlack,292.49,17.02,4.94,Completed
7369,9778,5164,9897,2531,2024-07-12 03:34:12,2024-07-12 04:09:12,UberX,428.26,18.9,4.49,Cancelled
7370,3335,8827,1995,6584,2024-11-12 21:09:32,2024-11-12 21:14:32,UberBlack,178.08,19.53,4.65,Cancelled
7371,8704,4341,7954,4500,2024-08-29 12:34:39,2024-08-29 12:44:39,UberX,663.13,8.75,4.23,Completed
7372,5854,6378,2756,5027,2025-05-28 00:04:11,2025-05-28 00:21:11,UberPool,574.46,7.12,3.9,Completed
7373,4759,3463,6835,7185,2023-12-17 18:29:51,2023-12-17 18:53:51,UberX,71.83,5.05,3.76,Completed
7374,2923,2846,1754,3036,2025-06-17 02:24:26,2025-06-17 02:39:26,UberX,364.61,3.51,4.26,Completed
7375,9762,6765,9682,466,2025-07-31 10:56:33,2025-07-31 11:06:33,UberPool,216.34,5.82,4.37,Completed
7376,5394,3417,2850,3774,2024-08-20 13:27:29,2024-08-20 13:49:29,UberBlack,604.24,8.56,4.91,Completed
7377,8042,7562,3134,4543,2025-05-05 18:49:05,2025-05-05 19:22:05,UberBlack,641.83,15.26,4.28,Completed
7378,3351,6716,7025,160,2024-01-25 00:31:26,2024-01-25 01:00:26,UberX,654.77,11.64,4.73,Completed
7379,2985,3518,2413,7142,2023-08-31 08:57:48,2023-08-31 09:24:48,UberBlack,719.96,9.55,4.91,Completed
7380,7826,162,9299,7085,2024-07-28 22:25:03,2024-07-28 22:46:03,UberPool,630.96,19.88,3.8,Completed
7381,9879,4958,2714,9819,2025-06-08 07:50:23,2025-06-08 08:01:23,UberBlack,588.59,12.67,3.95,Completed
7382,2530,4378,9147,8633,2023-12-01 12:49:13,2023-12-01 13:25:13,UberBlack,72.22,9.1,4.1,Completed
7383,5942,5583,8044,653,2023-11-27 13:27:21,2023-11-27 14:11:21,UberPool,705.93,6.5,3.6,Completed
7384,4767,1039,897,4166,2025-02-11 17:11:32,2025-02-11 17:39:32,UberX,80.71,10.87,3.74,Completed
7385,8684,4813,8459,2818,2023-09-03 10:42:15,2023-09-03 10:48:15,UberX,338.69,16.71,4.06,Completed
7386,919,4805,7396,5112,2024-07-25 01:28:45,2024-07-25 01:46:45,UberPool,344.93,18.73,3.93,No Show
7387,7054,5040,3500,7700,2023-08-20 13:28:03,2023-08-20 13:38:03,UberX,594.77,8.3,4.97,Completed
7388,8180,8548,532,6694,2024-05-08 18:44:30,2024-05-08 19:18:30,UberPool,643.48,1.07,4.68,Completed
7389,7112,832,7024,2557,2024-01-07 23:14:20,2024-01-07 23:48:20,UberBlack,245.13,10.4,4.28,Completed
7390,1424,4791,1916,381,2024-02-17 17:11:01,2024-02-17 17:26:01,UberBlack,630.79,8.29,3.81,Completed
7391,3401,3877,4017,9361,2025-04-12 20:35:59,2025-04-12 21:00:59,UberBlack,380.66,16.16,4.06,Completed
7392,3810,3131,7414,2649,2023-12-18 16:46:13,2023-12-18 17:14:13,UberBlack,416.1,17.49,3.94,Completed
7393,6508,2322,3679,8968,2023-08-10 00:20:15,2023-08-10 01:05:15,UberX,61.48,13.79,3.63,Completed
7394,677,9135,8040,9451,2025-04-06 06:27:43,2025-04-06 07:12:43,UberX,637.55,11.91,4.87,Cancelled
7395,1914,892,4829,2478,2025-01-25 21:22:24,2025-01-25 21:44:24,UberX,700.28,2.76,3.83,Completed
7396,1972,9261,7870,4302,2023-12-03 14:15:29,2023-12-03 14:40:29,UberBlack,514.95,18.02,4.26,Completed
7397,5020,4578,8607,2063,2024-07-03 13:54:38,2024-07-03 14:04:38,UberPool,238.83,14.71,4.77,Completed
7398,1372,4273,2138,3309,2025-04-15 08:13:42,2025-04-15 08:50:42,UberX,62.72,14.97,3.75,Cancelled
7399,173,5127,1256,4540,2024-01-29 14:53:32,2024-01-29 15:06:32,UberPool,151.59,18.39,3.65,Cancelled
7400,7063,3575,4586,4033,2024-03-11 18:57:46,2024-03-11 19:22:46,UberX,136.2,9.0,4.58,Completed
7401,1278,2993,1645,5211,2024-12-08 10:37:51,2024-12-08 10:52:51,UberX,687.47,14.31,4.26,Completed
7402,8493,4839,1351,989,2024-11-26 04:29:33,2024-11-26 04:51:33,UberBlack,271.02,15.02,4.41,Completed
7403,6113,4785,1235,9699,2025-05-31 10:24:00,2025-05-31 11:01:00,UberX,246.92,7.29,4.27,Completed
7404,5133,7589,8369,1867,2024-05-25 17:25:00,2024-05-25 17:46:00,UberX,500.61,10.1,4.83,Completed
7405,3714,9557,8586,8481,2025-05-01 00:30:43,2025-05-01 01:07:43,UberPool,348.48,17.37,3.85,Cancelled
7406,2827,6192,3390,8976,2023-09-07 03:48:13,2023-09-07 04:15:13,UberBlack,226.01,6.69,4.95,Completed
7407,3970,7862,7892,6957,2024-08-19 13:15:48,2024-08-19 13:33:48,UberX,748.02,15.21,3.87,Completed
7408,2688,9015,1427,7293,2023-08-23 01:49:27,2023-08-23 02:12:27,UberX,311.42,16.27,3.91,Completed
7409,5892,1389,8802,666,2025-05-12 10:30:23,2025-05-12 11:09:23,UberBlack,118.24,18.85,3.81,Completed
7410,6312,9403,7685,8231,2025-01-18 23:32:43,2025-01-18 23:56:43,UberX,182.95,12.42,4.09,Completed
7411,3195,3724,5865,7275,2024-09-11 08:13:10,2024-09-11 08:46:10,UberBlack,295.28,13.93,4.1,Cancelled
7412,4053,9412,6740,9544,2025-04-13 16:57:20,2025-04-13 17:17:20,UberBlack,481.18,4.35,4.81,Completed
7413,2768,5421,3313,4969,2024-12-19 17:18:33,2024-12-19 17:38:33,UberX,555.5,11.34,4.19,Cancelled
7414,1302,3979,2176,8326,2024-04-17 04:34:52,2024-04-17 04:41:52,UberPool,401.53,18.96,4.66,Cancelled
7415,4074,8833,5813,803,2023-10-21 10:24:54,2023-10-21 10:38:54,UberBlack,516.32,9.89,4.14,Completed
7416,4212,4631,5103,5345,2024-11-04 17:30:11,2024-11-04 17:58:11,UberPool,66.47,8.6,3.68,Completed
7417,6962,5911,4183,18,2024-03-23 17:46:16,2024-03-23 18:16:16,UberBlack,704.53,4.13,4.56,No Show
7418,922,545,6267,2388,2024-12-13 18:41:26,2024-12-13 19:12:26,UberX,787.79,18.1,4.08,Completed
7419,228,4036,9292,7110,2023-10-06 23:39:08,2023-10-07 00:03:08,UberPool,774.6,11.66,4.98,Completed
7420,2342,2406,4673,2764,2023-12-13 08:04:30,2023-12-13 08:26:30,UberPool,645.27,19.03,3.88,Completed
7421,7439,9560,9022,1366,2023-10-12 01:39:04,2023-10-12 01:50:04,UberPool,466.13,2.04,3.67,Completed
7422,9762,7421,5802,1539,2025-03-19 11:20:55,2025-03-19 11:37:55,UberPool,195.91,19.35,4.91,Cancelled
7423,3283,5325,3551,2678,2023-09-04 10:59:58,2023-09-04 11:09:58,UberBlack,173.41,3.2,4.39,Cancelled
7424,8894,9798,1495,4051,2025-03-30 04:23:18,2025-03-30 05:02:18,UberPool,304.82,19.35,4.05,Completed
7425,688,6868,7315,6734,2025-05-15 15:37:45,2025-05-15 15:58:45,UberPool,408.79,4.59,3.69,Completed
7426,5936,8159,1819,5464,2025-04-21 00:08:24,2025-04-21 00:18:24,UberBlack,359.72,13.75,3.5,Completed
7427,2374,1804,1044,953,2024-01-27 02:27:37,2024-01-27 02:49:37,UberPool,718.21,8.24,4.32,Completed
7428,9024,5485,879,5371,2023-11-08 12:52:17,2023-11-08 13:33:17,UberBlack,90.85,5.4,4.7,Completed
7429,7900,2143,1190,348,2024-04-05 22:23:27,2024-04-05 22:51:27,UberX,85.63,17.58,4.41,Completed
7430,3313,1061,5401,6775,2024-04-11 10:43:09,2024-04-11 10:57:09,UberPool,417.61,4.04,4.49,Completed
7431,4091,6512,2366,5372,2024-01-14 10:47:48,2024-01-14 11:08:48,UberX,601.5,6.39,4.44,Completed
7432,1632,1573,2696,4094,2024-10-08 05:30:19,2024-10-08 06:07:19,UberX,750.49,2.33,4.57,Completed
7433,4861,3598,519,6750,2023-12-30 22:12:09,2023-12-30 22:45:09,UberBlack,386.48,17.27,4.53,Completed
7434,4296,5159,3998,8900,2023-10-30 07:37:33,2023-10-30 07:47:33,UberBlack,524.53,7.67,3.54,Completed
7435,684,3027,9615,1165,2024-05-24 16:58:24,2024-05-24 17:19:24,UberBlack,118.85,12.11,4.06,Completed
7436,9955,6851,6156,3895,2023-11-05 04:26:32,2023-11-05 04:32:32,UberPool,541.44,8.42,4.45,Completed
7437,8997,5135,3851,4202,2024-05-06 15:53:12,2024-05-06 15:59:12,UberPool,402.96,15.3,3.67,Completed
7438,3060,1580,7736,8507,2024-02-08 18:17:19,2024-02-08 18:41:19,UberPool,227.47,1.99,3.82,No Show
7439,2998,9279,8835,6405,2025-03-24 02:24:21,2025-03-24 02:34:21,UberX,245.44,12.0,4.47,Cancelled
7440,5816,7129,2670,8897,2024-10-19 19:44:31,2024-10-19 20:26:31,UberPool,373.8,2.58,4.46,No Show
7441,1036,5952,2967,8689,2025-05-12 05:41:16,2025-05-12 06:21:16,UberX,382.31,17.65,4.78,Completed
7442,3304,6816,6734,5231,2023-09-06 03:56:41,2023-09-06 04:10:41,UberPool,587.27,18.13,4.4,Cancelled
7443,762,7027,3983,3286,2024-09-11 12:52:17,2024-09-11 13:03:17,UberX,654.91,12.46,4.56,Completed
7444,4704,4435,629,3937,2024-01-09 12:04:41,2024-01-09 12:33:41,UberBlack,532.23,10.81,3.65,Completed
7445,3209,4839,8862,5721,2023-09-11 04:34:51,2023-09-11 05:06:51,UberX,544.99,17.17,4.36,Completed
7446,5443,7570,2441,5222,2025-07-17 17:17:22,2025-07-17 17:22:22,UberPool,565.5,10.45,4.11,Completed
7447,5345,8829,123,3744,2023-12-09 18:44:37,2023-12-09 19:04:37,UberPool,331.73,6.99,4.67,No Show
7448,4498,4493,3059,6949,2025-04-24 14:10:11,2025-04-24 14:55:11,UberX,522.54,13.74,4.01,Completed
7449,5512,9084,3706,890,2023-12-08 13:19:07,2023-12-08 13:43:07,UberBlack,141.11,10.53,4.23,Completed
7450,825,7221,2834,3291,2024-01-13 14:33:51,2024-01-13 15:18:51,UberBlack,193.52,14.18,3.62,Completed
7451,645,7628,4048,133,2024-07-12 13:48:49,2024-07-12 14:24:49,UberX,273.49,9.86,3.76,Completed
7452,9189,2863,8333,316,2025-03-30 00:59:31,2025-03-30 01:42:31,UberBlack,521.0,11.08,4.74,Completed
7453,9402,5760,3101,8529,2025-01-20 16:30:26,2025-01-20 16:49:26,UberPool,511.79,4.95,4.95,Completed
7454,9121,4025,6465,8755,2024-08-11 13:51:57,2024-08-11 14:04:57,UberPool,754.12,1.38,3.87,Completed
7455,3702,201,4700,9534,2024-11-16 16:08:34,2024-11-16 16:45:34,UberX,286.43,1.76,4.19,Cancelled
7456,7969,4422,7726,1383,2024-06-18 18:04:44,2024-06-18 18:31:44,UberPool,70.23,5.21,4.74,Completed
7457,777,3820,4714,5849,2024-03-29 09:04:56,2024-03-29 09:44:56,UberBlack,139.82,19.98,4.03,Cancelled
7458,5851,8496,8402,3021,2024-02-28 06:01:59,2024-02-28 06:27:59,UberBlack,226.01,6.08,4.9,Cancelled
7459,9185,1715,4210,7436,2025-04-07 22:56:37,2025-04-07 23:36:37,UberBlack,716.86,12.23,3.86,Completed
7460,8365,9110,3454,7425,2025-07-08 12:20:31,2025-07-08 12:52:31,UberPool,172.68,17.62,4.95,Completed
7461,6768,8107,4292,3537,2024-01-09 21:38:14,2024-01-09 22:20:14,UberBlack,676.47,3.94,4.73,No Show
7462,1042,9669,2624,7842,2024-12-01 06:55:45,2024-12-01 07:00:45,UberBlack,798.03,18.44,3.88,Cancelled
7463,4915,6076,5860,4297,2025-01-15 03:05:26,2025-01-15 03:16:26,UberX,247.6,2.93,4.26,Completed
7464,8666,6973,3438,735,2024-12-07 05:54:08,2024-12-07 06:15:08,UberBlack,51.84,12.7,4.64,Completed
7465,3317,9015,1921,9251,2025-04-11 12:55:01,2025-04-11 13:08:01,UberPool,476.92,16.2,3.82,No Show
7466,4550,9789,5608,8070,2023-10-16 09:04:20,2023-10-16 09:43:20,UberBlack,775.47,5.58,4.56,Completed
7467,1087,2643,6395,5700,2023-12-18 22:40:41,2023-12-18 23:21:41,UberPool,196.17,18.09,4.64,Completed
7468,523,323,272,8994,2023-08-10 05:13:19,2023-08-10 05:23:19,UberBlack,739.67,12.12,4.2,Cancelled
7469,756,5692,7193,1856,2025-02-16 20:30:58,2025-02-16 21:14:58,UberPool,581.13,18.47,4.74,Completed
7470,4400,9693,2164,9239,2024-11-03 07:20:29,2024-11-03 07:33:29,UberPool,112.71,6.98,4.39,Completed
7471,2075,667,3558,8801,2025-02-14 08:43:35,2025-02-14 09:05:35,UberX,646.53,3.81,4.56,Completed
7472,3569,5235,7561,4008,2024-12-18 19:50:52,2024-12-18 20:03:52,UberPool,359.55,17.6,4.24,Completed
7473,3195,698,5517,4785,2025-05-28 03:04:54,2025-05-28 03:26:54,UberPool,741.67,19.85,4.24,Completed
7474,5946,5609,4625,3252,2023-11-11 19:07:40,2023-11-11 19:43:40,UberBlack,62.86,15.4,4.45,Completed
7475,5655,9681,9735,7157,2024-01-28 20:12:37,2024-01-28 20:21:37,UberPool,139.05,12.86,4.84,Completed
7476,176,5911,87,6453,2025-01-08 18:01:31,2025-01-08 18:06:31,UberX,89.59,17.89,3.69,Completed
7477,6999,6233,4358,6737,2024-07-19 21:09:00,2024-07-19 21:15:00,UberX,704.64,11.44,4.24,Completed
7478,4713,6708,6052,2264,2025-04-05 04:14:23,2025-04-05 04:58:23,UberBlack,572.99,9.51,4.29,Completed
7479,8875,4696,4402,3980,2025-06-17 09:45:33,2025-06-17 10:08:33,UberBlack,451.71,2.62,4.09,Completed
7480,906,8647,7546,7322,2023-10-31 18:10:04,2023-10-31 18:30:04,UberPool,633.31,15.02,3.64,Completed
7481,6773,5331,2282,6555,2024-08-17 01:27:49,2024-08-17 01:34:49,UberPool,447.3,12.83,4.54,Completed
7482,633,4229,9831,7803,2025-05-13 23:47:34,2025-05-14 00:01:34,UberPool,411.75,9.0,4.68,Completed
7483,5623,4765,4036,3077,2023-09-11 03:08:51,2023-09-11 03:16:51,UberX,733.97,7.15,4.15,Completed
7484,1963,6369,6552,3863,2024-01-22 14:30:48,2024-01-22 14:57:48,UberX,505.47,15.99,4.25,Cancelled
7485,7608,8124,5287,7671,2024-05-14 16:51:12,2024-05-14 17:21:12,UberPool,599.81,12.94,3.6,Completed
7486,8649,2197,1521,2482,2024-03-11 16:35:42,2024-03-11 17:17:42,UberPool,783.17,2.95,4.85,Completed
7487,6404,9802,4582,142,2024-09-08 11:45:54,2024-09-08 11:51:54,UberX,349.81,7.92,4.18,Completed
7488,9215,3764,9459,4955,2023-08-10 19:04:44,2023-08-10 19:27:44,UberBlack,607.35,14.32,4.97,Completed
7489,827,1364,2423,6079,2024-08-14 09:15:31,2024-08-14 09:37:31,UberBlack,453.48,7.96,4.68,Completed
7490,7518,2250,1400,8762,2023-09-29 21:24:54,2023-09-29 21:51:54,UberBlack,659.18,13.2,4.08,Completed
7491,8094,6090,1805,4282,2024-10-29 12:04:16,2024-10-29 12:16:16,UberPool,725.81,12.03,3.89,Completed
7492,1593,3747,2124,3222,2024-12-02 17:41:36,2024-12-02 17:47:36,UberX,785.98,19.45,3.66,No Show
7493,7580,1815,5723,1915,2024-11-08 05:12:51,2024-11-08 05:32:51,UberX,327.14,13.44,3.96,Completed
7494,1755,8858,2470,953,2024-02-03 16:15:29,2024-02-03 16:57:29,UberX,292.62,1.45,4.38,Completed
7495,7459,1425,8206,4700,2023-11-08 02:06:23,2023-11-08 02:22:23,UberBlack,467.42,16.88,4.48,Completed
7496,7150,9480,5182,5284,2024-11-29 12:59:03,2024-11-29 13:27:03,UberPool,471.36,3.23,3.87,Completed
7497,1120,1428,5917,6053,2024-06-09 02:44:38,2024-06-09 03:19:38,UberPool,744.44,5.08,4.08,Completed
7498,3402,192,3042,7035,2025-04-15 21:14:32,2025-04-15 21:24:32,UberBlack,734.34,12.31,4.09,Completed
7499,6415,6155,9531,3631,2024-02-21 00:39:11,2024-02-21 00:55:11,UberBlack,358.39,16.62,3.69,Completed
7500,2386,8096,2805,2330,2023-09-20 16:08:23,2023-09-20 16:52:23,UberX,470.41,17.62,4.93,Completed
7501,9874,8430,4824,4949,2024-08-11 15:46:28,2024-08-11 15:53:28,UberPool,330.57,18.66,4.52,Completed
7502,5469,8374,5636,6701,2024-05-29 04:19:22,2024-05-29 04:55:22,UberBlack,719.7,7.87,4.34,Completed
7503,4157,6168,4330,1047,2023-08-28 01:46:26,2023-08-28 01:55:26,UberX,195.48,12.6,4.17,Completed
7504,1774,1134,7553,6087,2023-10-02 21:14:57,2023-10-02 21:42:57,UberBlack,399.05,5.97,4.97,Completed
7505,9033,565,32,6858,2024-04-09 12:28:57,2024-04-09 13:06:57,UberX,360.23,16.14,3.99,Completed
7506,733,3414,7856,8100,2025-01-13 12:42:27,2025-01-13 12:59:27,UberX,660.47,18.29,4.68,Completed
7507,6736,7153,6123,2604,2023-09-05 15:25:15,2023-09-05 15:50:15,UberBlack,191.66,17.16,4.14,Completed
7508,275,3219,6761,3498,2023-08-23 05:15:50,2023-08-23 05:25:50,UberBlack,326.26,19.03,4.37,Completed
7509,392,1880,1724,9380,2024-03-30 08:24:51,2024-03-30 08:58:51,UberBlack,236.94,9.83,3.67,Completed
7510,8721,4699,8546,2342,2025-03-16 08:00:01,2025-03-16 08:25:01,UberX,563.85,16.65,4.1,Completed
7511,9243,2853,206,6107,2025-02-21 06:40:23,2025-02-21 06:54:23,UberBlack,309.88,9.39,4.88,Completed
7512,1952,5126,4096,2414,2024-12-26 00:48:46,2024-12-26 01:27:46,UberBlack,631.18,6.91,4.63,Cancelled
7513,7363,3643,9309,6208,2025-07-31 08:22:08,2025-07-31 08:35:08,UberPool,427.47,14.33,3.75,Completed
7514,2421,8124,3242,2505,2024-01-22 19:53:49,2024-01-22 20:10:49,UberPool,180.49,15.17,4.31,Completed
7515,6695,7570,9507,864,2024-09-15 13:38:34,2024-09-15 13:53:34,UberBlack,659.18,1.2,3.9,Completed
7516,1601,4717,4758,4038,2024-05-13 16:13:52,2024-05-13 16:54:52,UberBlack,328.36,16.44,4.54,Completed
7517,7137,4802,3521,7874,2025-02-06 13:12:52,2025-02-06 13:25:52,UberBlack,507.14,13.58,4.76,Completed
7518,1395,976,6630,5966,2023-12-24 09:59:27,2023-12-24 10:36:27,UberX,629.54,16.9,3.62,Completed
7519,5340,245,6592,6405,2024-09-12 00:01:40,2024-09-12 00:15:40,UberBlack,638.29,5.66,4.17,Completed
7520,7692,4284,6078,8581,2024-06-26 11:05:10,2024-06-26 11:26:10,UberX,521.23,8.98,4.78,Completed
7521,9101,2247,2566,2080,2024-11-02 13:34:43,2024-11-02 13:59:43,UberX,632.08,10.71,4.94,Completed
7522,9214,1792,3114,1683,2023-10-12 09:51:26,2023-10-12 09:58:26,UberPool,796.26,18.17,4.69,Completed
7523,5818,9083,9821,3609,2024-02-27 18:12:44,2024-02-27 18:23:44,UberPool,252.78,1.68,4.0,Completed
7524,537,9738,3305,4302,2023-10-30 23:43:48,2023-10-31 00:06:48,UberPool,634.26,19.42,4.86,Completed
7525,4946,2907,8765,9453,2024-01-14 05:35:37,2024-01-14 06:13:37,UberX,398.57,2.92,4.9,Completed
7526,8865,3186,5642,9833,2025-07-06 10:37:59,2025-07-06 11:13:59,UberBlack,104.16,13.55,4.36,Completed
7527,8811,4730,1900,2326,2023-11-18 09:14:44,2023-11-18 09:20:44,UberX,280.53,12.58,4.83,Completed
7528,9588,9537,3977,7747,2025-01-21 12:47:36,2025-01-21 13:15:36,UberBlack,699.41,10.87,4.04,Completed
7529,3302,7542,6402,1897,2025-01-14 18:02:55,2025-01-14 18:47:55,UberX,775.07,3.71,3.92,Completed
7530,9929,9724,22,3517,2025-06-07 11:58:24,2025-06-07 12:34:24,UberX,187.19,2.98,3.82,Completed
7531,3157,1941,9627,9691,2024-08-15 18:32:11,2024-08-15 19:00:11,UberBlack,322.64,15.67,4.12,Completed
7532,5328,5749,1020,8499,2023-08-25 06:02:39,2023-08-25 06:35:39,UberPool,559.33,5.69,4.62,Completed
7533,8354,6212,7401,3336,2024-03-28 18:04:41,2024-03-28 18:11:41,UberX,657.38,4.16,4.64,Completed
7534,2835,2389,5854,8089,2024-02-12 02:09:06,2024-02-12 02:36:06,UberPool,650.44,18.41,3.73,Completed
7535,7518,9462,8488,3901,2025-03-18 14:25:03,2025-03-18 15:05:03,UberPool,310.99,1.04,4.09,Completed
7536,7354,6476,6362,4707,2025-03-26 12:10:01,2025-03-26 12:19:01,UberX,110.8,12.33,3.84,Cancelled
7537,8514,3193,1551,3356,2024-11-12 10:58:28,2024-11-12 11:36:28,UberX,64.69,1.17,4.71,Completed
7538,3247,9412,2458,714,2023-10-25 03:32:48,2023-10-25 03:38:48,UberBlack,314.58,7.14,3.95,Completed
7539,2554,2751,8776,9560,2024-07-11 00:07:13,2024-07-11 00:17:13,UberBlack,137.24,3.3,4.56,Completed
7540,7976,493,9415,913,2024-11-01 12:03:46,2024-11-01 12:38:46,UberBlack,755.16,4.94,4.71,Completed
7541,6818,4419,2252,5731,2024-10-08 21:34:39,2024-10-08 22:10:39,UberX,343.73,14.0,3.69,Completed
7542,7285,220,4533,901,2025-06-25 15:54:49,2025-06-25 16:10:49,UberPool,538.16,17.21,4.7,Completed
7543,6831,2375,8918,1948,2023-12-29 06:15:32,2023-12-29 06:33:32,UberPool,661.16,8.18,4.24,Completed
7544,8261,6138,4562,5637,2023-09-04 17:45:30,2023-09-04 18:06:30,UberX,489.06,11.41,4.34,Completed
7545,2280,232,5793,9538,2025-06-30 16:01:16,2025-06-30 16:14:16,UberPool,373.75,14.46,3.85,Completed
7546,5503,3771,4812,2242,2023-12-29 19:40:57,2023-12-29 20:13:57,UberPool,741.46,3.48,4.86,No Show
7547,6986,3197,1679,9746,2023-11-14 08:30:23,2023-11-14 08:48:23,UberX,360.96,6.56,3.98,Completed
7548,1737,9419,2153,3164,2024-01-13 09:24:04,2024-01-13 09:46:04,UberPool,232.2,13.48,4.91,Completed
7549,2856,1237,2832,7729,2025-03-14 11:35:49,2025-03-14 12:03:49,UberBlack,101.13,6.27,3.81,No Show
7550,4875,446,8250,2469,2025-04-29 15:58:51,2025-04-29 16:11:51,UberX,635.54,14.21,4.04,Completed
7551,6590,8095,1765,2847,2023-10-24 21:54:09,2023-10-24 22:33:09,UberPool,695.59,18.39,3.87,Completed
7552,1855,2248,5170,7817,2023-11-08 17:32:22,2023-11-08 17:41:22,UberX,357.42,9.14,4.42,Completed
7553,7045,3850,767,8438,2023-09-11 21:05:25,2023-09-11 21:26:25,UberX,569.49,3.0,4.56,Completed
7554,6269,6226,5247,2201,2024-12-02 18:42:56,2024-12-02 18:47:56,UberPool,188.1,14.99,4.21,Completed
7555,3204,7607,7659,1645,2024-01-12 04:50:39,2024-01-12 05:04:39,UberX,568.4,18.02,4.81,Completed
7556,4645,526,3989,1227,2024-09-04 06:51:33,2024-09-04 07:00:33,UberX,777.51,3.99,4.65,Completed
7557,5122,8151,4930,6986,2025-05-16 20:54:30,2025-05-16 21:39:30,UberX,454.13,9.38,4.77,Completed
7558,3767,5321,7713,7230,2024-08-05 16:27:40,2024-08-05 17:01:40,UberBlack,98.77,4.75,4.57,Completed
7559,611,4466,7990,4589,2024-09-22 22:04:50,2024-09-22 22:28:50,UberPool,559.42,15.06,4.57,No Show
7560,1398,86,2356,7035,2024-10-10 23:59:08,2024-10-11 00:39:08,UberPool,520.69,3.01,3.84,Cancelled
7561,5866,5956,657,7905,2025-07-14 06:53:06,2025-07-14 07:20:06,UberBlack,700.9,8.87,4.66,Completed
7562,3714,4804,6319,2404,2023-10-13 21:27:06,2023-10-13 21:52:06,UberX,213.29,10.62,3.72,Completed
7563,2392,904,3243,6973,2025-07-19 17:38:30,2025-07-19 18:20:30,UberX,739.1,4.66,4.32,Completed
7564,6818,1251,7653,2466,2025-04-05 10:15:44,2025-04-05 10:56:44,UberBlack,658.76,12.1,4.01,Cancelled
7565,6214,5838,2055,9783,2023-12-24 01:55:59,2023-12-24 02:09:59,UberX,411.6,2.33,3.85,Completed
7566,746,8570,4409,2743,2025-02-03 13:40:21,2025-02-03 14:10:21,UberBlack,223.3,18.03,3.95,Completed
7567,4104,1703,4459,8223,2024-10-22 23:34:15,2024-10-22 23:53:15,UberPool,226.16,15.69,4.89,Completed
7568,2174,1136,8727,9042,2025-07-31 10:47:32,2025-07-31 11:31:32,UberBlack,104.96,16.66,4.7,Completed
7569,1283,8452,3058,35,2024-05-13 11:05:49,2024-05-13 11:13:49,UberX,50.3,5.11,4.35,Completed
7570,6726,636,745,8675,2024-06-03 03:26:26,2024-06-03 04:01:26,UberX,645.26,5.17,3.67,Completed
7571,2225,8360,9440,887,2025-07-23 04:44:11,2025-07-23 04:53:11,UberBlack,481.88,13.68,3.67,Completed
7572,6431,6514,5319,4805,2024-04-05 21:26:40,2024-04-05 22:04:40,UberBlack,114.93,10.24,4.06,Cancelled
7573,8577,3594,5284,1652,2025-01-20 20:58:19,2025-01-20 21:30:19,UberPool,181.59,3.16,3.99,Cancelled
7574,1517,1687,2322,2709,2024-06-03 23:23:29,2024-06-03 23:50:29,UberPool,126.24,8.12,4.87,Completed
7575,9006,7914,3912,3670,2024-01-10 04:03:30,2024-01-10 04:30:30,UberX,667.45,10.98,3.51,Cancelled
7576,7636,5975,5860,2508,2024-05-15 04:25:30,2024-05-15 04:37:30,UberBlack,603.78,18.27,4.54,Completed
7577,4388,8740,2000,4028,2024-10-30 21:17:01,2024-10-30 21:29:01,UberPool,485.04,4.1,4.62,Completed
7578,8195,8926,402,1838,2024-08-18 08:04:56,2024-08-18 08:42:56,UberPool,117.48,15.36,4.31,Completed
7579,668,3277,276,8664,2023-12-01 12:09:00,2023-12-01 12:18:00,UberBlack,726.73,16.1,4.86,Cancelled
7580,6201,6442,5515,9120,2024-10-28 22:51:02,2024-10-28 23:34:02,UberBlack,329.55,9.83,3.95,Completed
7581,8612,4060,9497,3326,2024-01-17 18:28:19,2024-01-17 19:00:19,UberBlack,237.26,5.46,4.97,No Show
7582,5731,9134,4994,3217,2025-01-18 03:04:41,2025-01-18 03:44:41,UberBlack,518.75,19.18,3.9,Completed
7583,2489,9072,3452,5925,2023-09-29 19:30:53,2023-09-29 20:02:53,UberPool,678.37,4.07,3.96,Completed
7584,543,4484,746,93,2025-05-08 16:10:25,2025-05-08 16:39:25,UberPool,425.28,13.25,4.83,Completed
7585,1524,9812,2947,5613,2023-12-25 20:32:59,2023-12-25 21:17:59,UberX,428.6,1.93,4.61,Completed
7586,5385,7307,3061,4548,2025-07-16 09:48:27,2025-07-16 10:09:27,UberX,601.58,16.02,4.23,Completed
7587,1735,9281,2572,1268,2024-12-28 07:50:39,2024-12-28 08:18:39,UberX,200.64,16.73,4.0,Completed
7588,3023,6834,4641,4859,2023-12-31 06:48:13,2023-12-31 07:18:13,UberX,155.66,10.49,4.22,Completed
7589,9137,4470,4597,4034,2025-07-04 07:33:08,2025-07-04 08:00:08,UberBlack,50.35,12.47,3.76,Completed
7590,1075,1635,1437,249,2024-06-28 22:47:16,2024-06-28 23:27:16,UberPool,776.63,10.9,3.54,Completed
7591,7605,6749,9681,3526,2025-06-23 15:46:06,2025-06-23 16:02:06,UberX,445.93,13.87,4.08,Completed
7592,6308,534,60,3593,2024-09-02 11:43:23,2024-09-02 12:15:23,UberX,266.04,16.44,4.46,Completed
7593,5797,8830,6588,2521,2024-11-06 18:25:28,2024-11-06 18:38:28,UberBlack,551.11,13.9,3.55,Completed
7594,9184,9691,5671,5728,2025-06-01 06:17:20,2025-06-01 06:51:20,UberPool,479.88,10.59,4.36,Completed
7595,27,6823,4175,5827,2023-12-25 14:34:18,2023-12-25 15:05:18,UberBlack,379.24,4.55,4.42,Completed
7596,9956,4957,8137,8223,2024-12-01 02:39:18,2024-12-01 03:23:18,UberPool,493.35,18.95,3.77,Completed
7597,2064,860,1185,5581,2024-08-14 17:41:19,2024-08-14 17:53:19,UberBlack,653.9,19.23,4.89,Completed
7598,6644,3419,6390,1754,2024-12-21 23:19:34,2024-12-21 23:44:34,UberX,247.93,10.3,4.77,Completed
7599,3180,1652,1920,2436,2024-04-21 13:07:46,2024-04-21 13:31:46,UberBlack,422.54,16.74,4.18,Completed
7600,3522,8904,8080,5479,2024-07-05 03:35:31,2024-07-05 04:14:31,UberBlack,166.1,10.23,4.54,Completed
7601,2875,2430,9909,4723,2024-11-01 05:45:54,2024-11-01 05:51:54,UberPool,744.31,11.03,3.84,Completed
7602,8303,3036,4897,5303,2025-05-06 17:34:18,2025-05-06 17:58:18,UberBlack,314.05,12.62,4.58,Completed
7603,2166,1489,134,1479,2025-03-10 03:21:42,2025-03-10 03:52:42,UberBlack,227.17,5.02,4.41,Completed
7604,6535,8431,3091,4153,2024-09-10 02:40:34,2024-09-10 03:06:34,UberBlack,730.04,16.61,4.54,Completed
7605,2308,1217,6756,9587,2024-10-02 19:50:12,2024-10-02 20:02:12,UberPool,393.29,2.39,4.2,Completed
7606,5627,593,1227,1305,2024-06-10 02:37:46,2024-06-10 03:20:46,UberPool,74.46,10.58,4.7,Completed
7607,410,7811,4433,4590,2024-03-13 10:58:30,2024-03-13 11:13:30,UberX,97.02,17.57,5.0,Completed
7608,4198,8334,5972,594,2024-08-17 22:10:19,2024-08-17 22:40:19,UberPool,90.28,16.26,3.52,Completed
7609,3301,981,547,1654,2025-03-09 17:00:04,2025-03-09 17:24:04,UberX,519.72,18.52,4.5,Completed
7610,4872,2134,4830,1318,2023-09-30 18:41:31,2023-09-30 19:05:31,UberBlack,179.88,18.46,4.04,Completed
7611,8331,3752,6223,6010,2024-12-11 23:02:00,2024-12-11 23:38:00,UberX,683.42,8.91,4.14,Completed
7612,6467,7106,6573,6885,2024-03-11 16:05:14,2024-03-11 16:36:14,UberX,68.62,18.23,4.42,Completed
7613,3719,9911,1674,8803,2024-12-19 15:23:07,2024-12-19 15:47:07,UberX,340.94,6.16,3.92,Completed
7614,1342,4639,6365,1297,2024-11-11 06:03:53,2024-11-11 06:39:53,UberPool,409.09,3.71,4.21,No Show
7615,3028,1223,3983,73,2024-02-19 09:17:06,2024-02-19 09:40:06,UberBlack,757.77,3.92,4.4,Completed
7616,1183,9236,4620,1962,2024-11-17 15:20:44,2024-11-17 15:30:44,UberBlack,755.05,11.12,3.57,Completed
7617,1558,2989,88,3053,2024-07-10 10:05:07,2024-07-10 10:16:07,UberBlack,80.95,14.01,3.96,Completed
7618,8664,6032,9507,8755,2024-03-10 04:39:28,2024-03-10 04:54:28,UberX,117.97,15.1,4.22,Completed
7619,4230,4845,3367,1010,2025-03-14 10:19:02,2025-03-14 10:24:02,UberX,315.46,3.84,3.7,Completed
7620,5619,5841,8853,1895,2024-06-03 23:49:27,2024-06-04 00:00:27,UberBlack,335.16,17.09,3.62,Completed
7621,1411,2497,3182,8884,2025-06-15 09:24:47,2025-06-15 09:37:47,UberX,369.83,7.86,4.51,Completed
7622,1868,2240,3123,9854,2024-10-20 16:19:59,2024-10-20 16:51:59,UberX,623.84,19.53,3.98,Completed
7623,4755,1132,4142,1423,2025-03-05 10:40:05,2025-03-05 11:20:05,UberPool,284.94,16.34,4.32,Completed
7624,6943,2840,2344,8285,2023-12-11 11:08:38,2023-12-11 11:25:38,UberX,87.58,10.25,3.78,Completed
7625,1506,4893,4433,5697,2024-02-15 03:24:17,2024-02-15 03:51:17,UberPool,687.6,19.93,4.76,Completed
7626,9868,2861,2842,3940,2025-05-07 13:50:35,2025-05-07 14:31:35,UberX,132.2,11.51,4.48,Completed
7627,602,5786,3248,1461,2024-07-26 06:27:20,2024-07-26 06:58:20,UberPool,75.35,17.11,4.29,No Show
7628,7590,4862,6573,5195,2025-03-27 22:41:08,2025-03-27 23:15:08,UberPool,151.22,15.06,4.2,Completed
7629,4,1019,1265,8570,2025-05-19 12:28:17,2025-05-19 13:07:17,UberX,332.58,18.46,3.78,Cancelled
7630,4385,8866,9060,2575,2024-06-09 02:26:39,2024-06-09 02:54:39,UberX,62.17,12.93,4.75,Completed
7631,4307,9096,8703,5181,2025-03-26 11:29:38,2025-03-26 12:04:38,UberBlack,121.42,19.4,4.8,Completed
7632,7269,1101,7546,5,2025-08-04 07:46:27,2025-08-04 08:21:27,UberBlack,270.83,2.71,4.87,Cancelled
7633,7533,167,570,9500,2023-08-24 10:46:58,2023-08-24 10:58:58,UberBlack,159.33,2.14,3.59,Completed
7634,2464,46,8755,5467,2023-10-15 13:55:26,2023-10-15 14:33:26,UberPool,412.3,2.16,3.81,Completed
7635,8195,2732,8355,9879,2024-08-26 00:10:46,2024-08-26 00:40:46,UberBlack,498.49,18.94,4.83,Completed
7636,3070,7264,4400,6439,2024-11-24 13:52:43,2024-11-24 14:11:43,UberBlack,432.57,4.67,4.17,Completed
7637,3203,6515,6750,3385,2025-05-28 00:32:13,2025-05-28 00:43:13,UberPool,321.29,5.76,3.85,Completed
7638,6215,6495,6528,5916,2024-03-30 02:26:17,2024-03-30 02:41:17,UberPool,256.8,2.89,3.56,Completed
7639,98,2529,2695,2312,2024-02-10 20:20:53,2024-02-10 20:26:53,UberX,524.55,18.36,4.91,Completed
7640,7874,8618,8281,6573,2024-02-25 21:52:17,2024-02-25 22:18:17,UberBlack,68.67,14.9,4.53,Completed
7641,6883,9176,7482,2622,2025-04-30 08:41:33,2025-04-30 09:12:33,UberPool,425.44,3.95,4.07,Completed
7642,8205,2448,5371,5738,2024-01-27 10:57:28,2024-01-27 11:18:28,UberPool,323.76,12.38,3.74,Completed
7643,8512,6637,4965,2421,2025-03-27 04:47:48,2025-03-27 05:26:48,UberX,716.72,4.12,4.95,Completed
7644,7966,6082,2567,1495,2024-01-16 06:26:08,2024-01-16 06:45:08,UberX,353.49,11.75,4.42,Completed
7645,4602,1442,1064,4948,2024-08-23 14:55:15,2024-08-23 15:14:15,UberX,360.45,5.17,4.23,No Show
7646,3128,5702,3405,3259,2024-09-25 20:22:46,2024-09-25 20:44:46,UberX,191.59,19.89,3.56,Completed
7647,1108,580,263,4388,2025-06-28 17:41:36,2025-06-28 17:59:36,UberPool,350.3,3.57,3.69,Completed
7648,9865,8746,7820,885,2025-02-11 14:26:10,2025-02-11 15:06:10,UberBlack,486.06,1.41,4.15,Completed
7649,6467,7727,4008,7132,2023-08-17 06:13:14,2023-08-17 06:30:14,UberPool,674.56,13.95,3.72,Completed
7650,6461,1240,6660,370,2024-02-29 13:36:31,2024-02-29 13:41:31,UberX,371.72,13.83,4.82,Completed
7651,2187,2588,281,6347,2024-09-24 03:23:23,2024-09-24 03:39:23,UberBlack,552.76,18.23,3.88,Completed
7652,6362,7073,5800,2763,2024-10-30 21:20:41,2024-10-30 22:01:41,UberBlack,65.63,2.08,3.66,Completed
7653,4169,3449,7318,6243,2023-08-06 19:10:39,2023-08-06 19:45:39,UberX,332.16,18.89,4.71,Completed
7654,4282,9287,4212,7829,2024-07-18 00:36:11,2024-07-18 00:43:11,UberPool,677.9,5.87,3.82,Completed
7655,4104,8122,7010,2737,2025-01-19 08:44:59,2025-01-19 08:57:59,UberBlack,775.04,11.75,4.8,Completed
7656,7920,4959,4146,3343,2025-04-13 02:44:59,2025-04-13 02:59:59,UberBlack,478.95,8.95,4.84,Completed
7657,8589,348,3993,91,2023-11-25 02:50:06,2023-11-25 03:08:06,UberX,723.22,17.91,3.57,Completed
7658,6627,5212,4327,3188,2024-11-09 20:31:06,2024-11-09 20:50:06,UberPool,156.45,18.67,3.7,Completed
7659,1171,2655,6904,2739,2025-03-24 01:24:27,2025-03-24 02:08:27,UberBlack,128.01,1.29,3.59,Completed
7660,1382,3572,3637,5779,2025-04-30 17:09:51,2025-04-30 17:40:51,UberBlack,578.63,2.18,4.73,Cancelled
7661,619,3799,5602,3413,2025-02-16 12:24:07,2025-02-16 13:04:07,UberX,741.39,17.54,4.39,Completed
7662,7430,2876,9603,4226,2024-01-14 21:58:36,2024-01-14 22:30:36,UberX,759.11,12.94,4.91,Completed
7663,3972,3172,7143,5295,2023-10-28 06:40:42,2023-10-28 07:21:42,UberBlack,166.26,11.76,3.67,Completed
7664,9040,1851,116,7521,2025-02-22 16:14:41,2025-02-22 16:38:41,UberX,123.26,14.29,3.58,Completed
7665,8918,5941,4474,8379,2023-11-27 21:22:43,2023-11-27 21:56:43,UberPool,155.73,10.46,3.76,Completed
7666,9098,349,2119,7993,2025-07-17 13:35:02,2025-07-17 14:04:02,UberBlack,567.49,9.09,4.61,Completed
7667,943,5025,4024,9018,2023-12-02 08:20:44,2023-12-02 09:05:44,UberBlack,93.42,2.39,4.21,Completed
7668,6066,5451,5568,8251,2024-08-29 03:14:00,2024-08-29 03:56:00,UberBlack,244.85,8.99,4.21,Completed
7669,5309,4795,8184,1724,2025-03-21 14:11:54,2025-03-21 14:20:54,UberBlack,632.14,15.26,3.58,Completed
7670,7511,7979,667,2574,2024-05-29 14:58:59,2024-05-29 15:40:59,UberBlack,447.67,12.98,4.59,Completed
7671,3847,120,3369,6542,2024-10-11 19:22:45,2024-10-11 19:43:45,UberBlack,742.15,1.07,3.6,Completed
7672,646,5967,65,2548,2024-01-17 19:31:31,2024-01-17 20:09:31,UberPool,715.59,9.8,3.6,Completed
7673,862,5498,1142,8883,2024-04-05 23:13:26,2024-04-05 23:58:26,UberPool,186.04,19.88,4.22,Completed
7674,1750,2197,9788,7923,2023-10-14 13:46:21,2023-10-14 14:09:21,UberPool,166.66,14.1,4.59,Completed
7675,251,7531,2297,3605,2025-04-14 01:18:33,2025-04-14 01:54:33,UberPool,690.31,3.48,4.96,Cancelled
7676,8449,4056,5903,1487,2023-11-22 23:57:23,2023-11-23 00:34:23,UberPool,217.99,15.56,4.39,Completed
7677,5612,6946,6109,1365,2025-04-28 16:08:39,2025-04-28 16:40:39,UberPool,251.1,16.24,4.57,Completed
7678,4457,7294,9312,4109,2023-08-09 20:10:07,2023-08-09 20:20:07,UberPool,598.38,9.97,4.86,Completed
7679,7529,2915,7759,3864,2024-12-18 11:21:21,2024-12-18 11:41:21,UberX,181.32,18.42,3.54,Completed
7680,9058,4435,8479,4932,2024-02-18 20:44:55,2024-02-18 20:56:55,UberBlack,254.54,18.97,4.09,Completed
7681,2141,4089,6548,2072,2025-06-14 07:40:32,2025-06-14 08:20:32,UberBlack,771.84,13.3,3.88,Completed
7682,992,2130,3676,2496,2025-03-02 06:12:14,2025-03-02 06:51:14,UberPool,149.7,4.67,3.86,Completed
7683,5383,6885,2983,2056,2025-04-09 12:42:13,2025-04-09 13:20:13,UberBlack,502.34,15.49,4.17,Completed
7684,6528,9296,7761,2183,2025-01-13 07:22:48,2025-01-13 07:43:48,UberPool,680.22,1.21,3.93,Completed
7685,9791,8248,9591,6813,2023-12-07 03:10:47,2023-12-07 03:34:47,UberBlack,390.74,11.42,4.76,Completed
7686,3884,531,7192,4517,2024-05-18 12:36:50,2024-05-18 13:20:50,UberBlack,56.6,7.23,4.86,Completed
7687,2308,6874,1495,6295,2024-06-28 03:16:01,2024-06-28 03:28:01,UberPool,104.64,16.29,3.61,Completed
7688,3665,3681,147,7802,2024-02-10 16:45:45,2024-02-10 17:03:45,UberX,267.42,3.47,4.67,Completed
7689,2334,4155,483,7499,2024-03-27 02:22:13,2024-03-27 02:39:13,UberX,373.1,10.75,3.98,Completed
7690,8254,7727,4417,8202,2024-03-27 02:03:23,2024-03-27 02:21:23,UberX,360.5,18.47,3.53,Completed
7691,6565,8314,8353,475,2024-01-01 07:55:58,2024-01-01 08:20:58,UberPool,511.56,19.91,4.09,Completed
7692,1524,1294,7224,2410,2025-04-02 11:50:15,2025-04-02 12:15:15,UberPool,676.15,9.97,3.96,Completed
7693,7448,4706,6444,4204,2023-09-24 10:46:10,2023-09-24 10:52:10,UberBlack,536.11,2.3,3.82,Completed
7694,3218,2503,4172,6104,2023-12-26 11:26:07,2023-12-26 11:35:07,UberPool,563.76,16.74,3.67,No Show
7695,426,13,1699,8270,2023-11-06 13:28:26,2023-11-06 13:39:26,UberX,459.81,15.91,4.48,Completed
7696,882,1747,7964,76,2025-02-02 04:58:36,2025-02-02 05:12:36,UberPool,235.74,11.03,4.66,Completed
7697,3113,4958,8724,7192,2025-05-18 10:18:02,2025-05-18 10:44:02,UberPool,664.53,2.81,4.8,Completed
7698,1327,9637,13,3800,2024-06-29 06:07:30,2024-06-29 06:47:30,UberX,442.78,1.92,3.73,Completed
7699,8085,7879,5160,9889,2025-07-17 08:09:55,2025-07-17 08:50:55,UberX,441.47,14.29,3.87,Completed
7700,1938,639,8553,2421,2025-02-02 12:57:16,2025-02-02 13:23:16,UberBlack,184.61,8.16,3.93,Completed
7701,5913,8196,7371,8061,2024-11-01 22:55:37,2024-11-01 23:35:37,UberX,217.48,16.26,4.96,Completed
7702,3744,9785,1955,4108,2023-08-26 01:51:26,2023-08-26 02:27:26,UberPool,93.9,3.74,4.01,Completed
7703,1173,8888,6140,763,2024-11-03 10:35:07,2024-11-03 10:50:07,UberBlack,139.5,15.96,4.56,Completed
7704,96,2088,1384,6904,2023-09-21 07:16:40,2023-09-21 07:58:40,UberBlack,338.22,9.57,4.78,Completed
7705,4139,4306,7222,5919,2024-07-28 17:02:07,2024-07-28 17:32:07,UberPool,131.3,4.97,3.63,Completed
7706,1408,6204,4497,6773,2024-11-01 12:20:52,2024-11-01 12:46:52,UberBlack,577.88,11.9,4.52,Completed
7707,9986,3824,2789,9008,2024-01-05 05:43:16,2024-01-05 06:00:16,UberBlack,349.41,18.58,3.9,Completed
7708,1224,8139,6959,3407,2024-10-29 21:21:26,2024-10-29 21:58:26,UberX,435.0,1.74,4.72,Completed
7709,7533,5264,6048,9534,2025-01-04 18:41:29,2025-01-04 19:17:29,UberPool,320.06,8.72,4.98,Completed
7710,6762,9065,7365,8998,2025-04-11 08:42:54,2025-04-11 08:48:54,UberX,218.33,10.08,4.23,No Show
7711,7953,5025,5875,2397,2024-06-03 16:53:34,2024-06-03 17:29:34,UberX,129.07,13.65,4.98,Completed
7712,9889,7856,1478,5337,2024-10-15 19:22:42,2024-10-15 19:46:42,UberX,214.43,3.21,4.27,Completed
7713,9020,607,8028,4815,2025-07-30 09:21:33,2025-07-30 09:33:33,UberPool,780.08,2.34,4.76,Completed
7714,6387,5834,525,3545,2025-06-16 19:42:14,2025-06-16 19:51:14,UberX,726.48,17.08,4.16,Completed
7715,1695,2915,2930,4507,2024-12-21 00:15:34,2024-12-21 00:21:34,UberPool,308.11,13.24,4.74,Completed
7716,4083,3414,8287,4853,2023-08-28 12:26:02,2023-08-28 13:08:02,UberBlack,517.07,7.41,4.19,Completed
7717,1302,3352,500,2085,2025-06-23 00:18:17,2025-06-23 00:27:17,UberBlack,654.1,6.72,4.99,Completed
7718,6408,8804,5932,6423,2024-06-07 11:58:27,2024-06-07 12:43:27,UberPool,737.31,14.54,3.71,Completed
7719,6961,4750,2266,3646,2025-01-24 17:49:48,2025-01-24 18:06:48,UberPool,74.18,15.75,3.71,Completed
7720,4925,6053,8295,4897,2024-12-09 19:05:15,2024-12-09 19:22:15,UberBlack,402.27,13.06,4.44,Completed
7721,8584,8535,7016,2092,2024-10-01 15:19:10,2024-10-01 15:37:10,UberBlack,273.3,7.9,4.55,Completed
7722,1636,4969,8649,7782,2025-01-01 12:09:29,2025-01-01 12:52:29,UberBlack,318.68,14.78,4.85,Completed
7723,527,699,430,7170,2025-07-31 11:17:43,2025-07-31 11:51:43,UberBlack,682.71,1.12,4.33,Completed
7724,3611,9123,6014,5710,2023-12-02 18:54:13,2023-12-02 19:06:13,UberBlack,61.61,4.89,3.71,No Show
7725,2822,1989,2576,4789,2024-10-04 11:51:02,2024-10-04 11:58:02,UberPool,529.18,9.0,4.76,Completed
7726,4906,5159,3618,6567,2024-07-27 16:14:39,2024-07-27 16:50:39,UberX,102.52,2.89,4.77,Completed
7727,7732,1678,941,6565,2025-05-13 11:55:59,2025-05-13 12:03:59,UberBlack,762.58,1.25,4.34,No Show
7728,4709,7713,2634,9759,2023-08-21 12:04:11,2023-08-21 12:30:11,UberPool,585.87,2.8,4.25,Completed
7729,7849,8982,8315,1283,2023-08-18 14:51:41,2023-08-18 15:21:41,UberX,282.47,17.91,4.08,Completed
7730,4690,3048,1278,7487,2025-06-11 13:55:31,2025-06-11 14:35:31,UberX,266.11,6.48,4.41,Completed
7731,4275,1163,2946,9315,2025-01-25 13:38:21,2025-01-25 13:50:21,UberPool,681.92,9.96,4.49,Completed
7732,4856,5033,2598,8701,2024-08-13 05:27:41,2024-08-13 05:53:41,UberBlack,704.84,7.14,4.08,Completed
7733,9235,453,4612,7006,2024-06-06 05:51:59,2024-06-06 06:25:59,UberBlack,99.38,5.91,4.54,Completed
7734,225,1369,7060,575,2023-12-18 02:32:27,2023-12-18 02:57:27,UberX,152.41,18.25,4.86,Completed
7735,1838,6078,2981,4870,2024-04-19 17:12:05,2024-04-19 17:44:05,UberPool,462.21,17.27,3.81,Completed
7736,5842,497,8791,1679,2024-10-26 19:45:20,2024-10-26 20:21:20,UberX,195.98,4.3,4.93,Completed
7737,8303,66,2897,1540,2024-11-22 08:58:37,2024-11-22 09:10:37,UberX,659.79,16.71,3.7,Completed
7738,5039,8092,1510,6571,2025-07-21 02:00:04,2025-07-21 02:33:04,UberPool,440.88,4.76,4.93,Completed
7739,8458,995,2314,674,2025-03-25 16:30:30,2025-03-25 16:39:30,UberBlack,530.69,5.55,4.86,Completed
7740,7427,6874,151,2663,2024-06-17 02:30:26,2024-06-17 02:37:26,UberX,760.43,7.37,4.72,No Show
7741,3827,6141,7898,9319,2023-12-22 20:21:12,2023-12-22 20:28:12,UberBlack,314.98,8.36,4.56,Completed
7742,734,8098,1946,7327,2025-07-05 16:08:15,2025-07-05 16:49:15,UberX,538.31,14.58,4.62,Cancelled
7743,2566,7067,898,7490,2023-10-28 14:00:13,2023-10-28 14:12:13,UberBlack,409.7,7.12,3.86,Completed
7744,3093,8496,6477,4527,2024-03-09 22:03:51,2024-03-09 22:32:51,UberBlack,223.12,6.58,4.53,Completed
7745,9949,8092,387,9982,2024-11-13 18:33:12,2024-11-13 18:52:12,UberX,220.46,13.36,3.61,Completed
7746,4627,551,3695,6995,2023-12-23 17:59:25,2023-12-23 18:40:25,UberPool,630.31,7.5,3.52,Completed
7747,7764,6948,402,1121,2024-05-31 03:47:07,2024-05-31 04:28:07,UberPool,363.02,8.19,4.62,Completed
7748,3023,5629,5797,6990,2025-07-22 12:17:06,2025-07-22 12:53:06,UberBlack,190.87,2.26,4.41,No Show
7749,9324,6806,9626,4779,2023-10-06 13:09:26,2023-10-06 13:35:26,UberBlack,544.56,15.0,4.21,Completed
7750,2287,5986,9724,2437,2025-06-04 00:24:59,2025-06-04 00:31:59,UberBlack,695.76,5.42,4.66,Completed
7751,105,2582,7184,3041,2025-01-24 19:28:28,2025-01-24 19:38:28,UberBlack,419.8,7.92,4.18,Completed
7752,5525,5348,9403,232,2024-03-12 20:56:43,2024-03-12 21:10:43,UberBlack,631.62,4.93,3.76,Cancelled
7753,5227,3594,3888,6332,2023-12-10 23:20:13,2023-12-10 23:58:13,UberX,630.55,19.07,4.28,Completed
7754,4425,3868,2076,4577,2024-05-08 21:20:00,2024-05-08 21:43:00,UberX,292.22,4.5,4.2,Completed
7755,1628,6371,1792,6987,2023-09-24 14:08:05,2023-09-24 14:17:05,UberBlack,669.57,9.2,3.89,Completed
7756,29,6518,687,4031,2024-11-16 02:09:33,2024-11-16 02:21:33,UberPool,661.66,10.82,4.45,Completed
7757,5109,5182,9137,1123,2024-03-16 23:09:17,2024-03-16 23:48:17,UberBlack,457.65,19.43,4.63,Completed
7758,1818,5670,7295,6482,2024-12-22 15:49:36,2024-12-22 16:33:36,UberBlack,724.34,17.31,4.25,Completed
7759,7892,8913,542,8080,2024-09-05 21:43:28,2024-09-05 22:09:28,UberBlack,411.75,18.6,3.71,Completed
7760,109,3300,8944,4386,2024-06-20 13:35:14,2024-06-20 13:59:14,UberBlack,494.4,18.75,4.06,Cancelled
7761,5539,8907,871,9333,2025-01-21 06:42:09,2025-01-21 06:58:09,UberPool,767.2,14.75,4.61,Completed
7762,3205,3495,4803,6766,2024-08-22 19:01:15,2024-08-22 19:38:15,UberBlack,426.38,18.32,3.82,Completed
7763,5047,5981,5891,2398,2024-04-24 08:12:07,2024-04-24 08:29:07,UberPool,315.66,7.02,4.25,Completed
7764,7546,9498,8672,4546,2025-06-19 08:11:10,2025-06-19 08:49:10,UberPool,675.6,5.53,4.06,Completed
7765,2419,8410,6721,8798,2024-05-28 16:19:53,2024-05-28 16:55:53,UberBlack,409.8,12.16,3.99,Completed
7766,5888,2043,7546,7511,2025-02-16 06:59:15,2025-02-16 07:18:15,UberX,795.91,1.17,3.91,Completed
7767,4963,2214,7375,3704,2025-01-13 15:49:05,2025-01-13 16:34:05,UberX,90.46,13.42,4.21,Completed
7768,3630,8036,5655,6711,2024-09-27 19:56:23,2024-09-27 20:25:23,UberX,774.78,9.96,3.51,Completed
7769,9337,9844,8034,8579,2024-01-18 09:41:48,2024-01-18 10:16:48,UberPool,658.95,8.2,3.78,Cancelled
7770,4985,46,1559,6538,2024-06-09 03:10:35,2024-06-09 03:32:35,UberX,604.0,18.41,3.66,Completed
7771,4659,4878,4207,9299,2024-01-11 23:25:28,2024-01-12 00:07:28,UberBlack,233.76,12.03,4.53,Cancelled
7772,1013,4044,2429,1612,2025-06-02 17:50:35,2025-06-02 18:34:35,UberBlack,740.8,6.19,4.54,Completed
7773,7513,6149,5002,7483,2025-06-24 04:11:37,2025-06-24 04:23:37,UberBlack,615.55,8.67,3.55,Completed
7774,1099,639,9161,8713,2024-01-10 07:06:35,2024-01-10 07:14:35,UberX,163.02,7.43,4.17,Completed
7775,7887,8535,5650,5594,2024-02-15 10:12:46,2024-02-15 10:39:46,UberX,338.39,1.68,4.53,Cancelled
7776,3689,7255,2302,4262,2023-10-10 16:44:32,2023-10-10 17:21:32,UberX,522.91,19.02,3.75,Completed
7777,6404,1882,3171,4633,2024-11-10 05:22:14,2024-11-10 06:07:14,UberPool,216.31,9.54,4.5,Completed
7778,6663,4475,3696,8261,2025-01-29 10:18:38,2025-01-29 10:29:38,UberBlack,463.89,3.01,4.46,Completed
7779,4169,5250,7341,4355,2025-01-18 06:58:09,2025-01-18 07:43:09,UberX,334.34,5.02,4.93,Completed
7780,8787,4949,1806,8766,2024-02-15 01:10:27,2024-02-15 01:26:27,UberX,64.55,11.75,4.19,Cancelled
7781,307,4339,555,5146,2024-01-08 22:47:02,2024-01-08 23:08:02,UberPool,717.96,18.01,3.74,Completed
7782,9743,2359,9287,6542,2024-02-07 21:52:36,2024-02-07 22:20:36,UberX,79.03,6.24,4.6,Completed
7783,7166,1871,3978,332,2025-04-13 20:35:57,2025-04-13 21:17:57,UberX,568.54,15.59,4.31,Completed
7784,5109,8248,3229,2523,2024-09-28 19:45:37,2024-09-28 19:58:37,UberBlack,193.07,6.14,3.7,Completed
7785,544,8281,8774,2363,2023-12-19 05:24:56,2023-12-19 06:05:56,UberBlack,218.65,9.34,3.59,Completed
7786,7160,9246,2479,1431,2025-04-06 03:37:17,2025-04-06 03:54:17,UberX,656.03,16.91,4.07,Completed
7787,2970,4903,735,5963,2025-07-17 04:45:24,2025-07-17 05:08:24,UberPool,136.26,17.54,4.85,Completed
7788,8743,4569,7440,18,2025-01-04 18:54:01,2025-01-04 19:01:01,UberPool,765.57,11.36,4.78,Completed
7789,4837,946,6193,9393,2024-03-24 23:48:05,2024-03-25 00:14:05,UberBlack,200.35,19.43,4.41,Completed
7790,228,9981,8204,4261,2024-05-26 18:06:35,2024-05-26 18:34:35,UberBlack,345.98,2.33,3.63,Completed
7791,1912,6809,2714,1470,2024-05-30 17:55:43,2024-05-30 18:23:43,UberX,249.0,13.86,4.29,Completed
7792,225,4959,4396,1224,2023-08-27 12:22:15,2023-08-27 12:39:15,UberPool,789.71,8.16,4.43,Completed
7793,1341,3511,8644,2848,2025-06-23 09:09:23,2025-06-23 09:34:23,UberPool,598.98,2.69,4.8,Completed
7794,8482,9970,6054,1909,2024-11-20 04:53:06,2024-11-20 05:35:06,UberX,122.88,2.41,4.26,Completed
7795,257,6101,8314,8011,2025-02-15 15:17:52,2025-02-15 16:00:52,UberBlack,792.62,12.26,4.96,Completed
7796,8354,6330,50,3625,2024-01-01 23:14:27,2024-01-01 23:29:27,UberX,278.78,8.41,4.28,Completed
7797,6046,1094,9941,4885,2024-08-17 04:26:50,2024-08-17 05:11:50,UberPool,188.05,9.79,3.75,Completed
7798,1547,4393,3763,5954,2025-07-08 16:16:20,2025-07-08 16:45:20,UberX,330.4,6.32,3.97,Completed
7799,7639,2203,3698,1781,2024-02-10 15:21:54,2024-02-10 15:49:54,UberBlack,621.9,14.64,4.92,Completed
7800,9438,1367,951,4671,2025-04-03 04:03:11,2025-04-03 04:28:11,UberBlack,144.5,8.71,4.75,Completed
7801,8540,7394,1509,9975,2023-11-17 22:25:28,2023-11-17 22:46:28,UberPool,409.72,6.19,3.79,Completed
7802,5627,3675,7639,2058,2025-06-03 22:27:22,2025-06-03 22:32:22,UberBlack,491.99,6.7,4.66,Completed
7803,4638,9454,2212,2188,2025-05-25 20:38:10,2025-05-25 21:07:10,UberX,531.09,19.4,4.48,Completed
7804,1074,1364,3698,7405,2024-10-07 16:43:54,2024-10-07 17:13:54,UberX,503.87,5.7,4.91,Completed
7805,9590,4303,551,5295,2023-12-10 03:01:34,2023-12-10 03:23:34,UberBlack,128.38,13.48,3.77,Completed
7806,6467,2222,3883,2204,2025-06-02 22:47:26,2025-06-02 23:26:26,UberBlack,66.84,16.73,4.31,No Show
7807,1609,5710,9927,8011,2023-09-20 19:36:07,2023-09-20 19:47:07,UberPool,417.95,17.88,4.44,Completed
7808,1462,5543,7328,7048,2024-12-30 12:49:51,2024-12-30 13:18:51,UberX,234.05,12.02,4.55,Completed
7809,6269,2772,9566,5420,2025-07-06 14:57:59,2025-07-06 15:24:59,UberX,552.84,3.88,3.95,Completed
7810,2524,7776,9833,3769,2025-06-27 02:56:16,2025-06-27 03:37:16,UberBlack,333.38,1.48,3.86,Completed
7811,8942,525,6378,9946,2023-11-02 09:26:56,2023-11-02 09:46:56,UberBlack,692.71,4.62,4.14,Completed
7812,1810,6218,4743,2777,2024-04-08 10:10:40,2024-04-08 10:17:40,UberX,652.59,19.67,3.93,Completed
7813,8307,6418,3572,9532,2024-05-03 18:04:01,2024-05-03 18:24:01,UberX,557.64,16.19,4.39,Completed
7814,5337,3404,154,5752,2025-01-22 17:08:13,2025-01-22 17:34:13,UberBlack,318.23,1.37,4.73,Completed
7815,2450,501,7952,3592,2023-09-12 15:06:03,2023-09-12 15:49:03,UberPool,759.96,12.21,4.32,Completed
7816,1266,7216,2129,6469,2024-07-09 23:21:14,2024-07-09 23:42:14,UberBlack,215.46,3.23,4.81,Completed
7817,4423,3600,3665,1768,2024-08-27 00:34:00,2024-08-27 00:58:00,UberBlack,212.54,19.87,4.04,Completed
7818,9968,5941,8337,8142,2024-05-06 08:07:39,2024-05-06 08:24:39,UberPool,701.82,3.81,4.14,Completed
7819,695,1691,6699,3293,2024-12-22 11:24:42,2024-12-22 11:34:42,UberX,411.41,6.26,4.84,Completed
7820,7900,8361,7119,2446,2023-12-13 08:46:30,2023-12-13 09:16:30,UberBlack,680.94,6.88,4.52,Completed
7821,8521,6991,7199,4716,2023-08-20 13:57:52,2023-08-20 14:30:52,UberPool,662.55,10.38,4.61,Completed
7822,8889,7008,9612,730,2025-05-21 19:24:42,2025-05-21 19:32:42,UberX,666.68,5.72,4.71,Completed
7823,9334,4078,7361,3340,2023-11-06 09:46:09,2023-11-06 10:21:09,UberPool,465.33,2.09,4.55,No Show
7824,1038,9169,3235,1143,2025-02-13 11:59:17,2025-02-13 12:40:17,UberPool,522.97,9.74,3.88,Completed
7825,6640,4095,9704,1299,2025-04-08 15:21:28,2025-04-08 15:40:28,UberPool,380.25,8.01,4.97,Completed
7826,1976,6903,4710,658,2024-09-18 02:20:29,2024-09-18 02:42:29,UberBlack,675.17,8.95,4.81,Cancelled
7827,5980,5545,1815,4322,2024-06-24 08:12:20,2024-06-24 08:49:20,UberPool,138.49,6.42,4.83,Completed
7828,3540,967,6680,9990,2023-09-04 19:07:37,2023-09-04 19:40:37,UberPool,403.43,11.65,4.09,Completed
7829,5669,5748,3164,2823,2024-02-06 23:53:52,2024-02-07 00:38:52,UberX,507.74,11.03,3.62,Completed
7830,3986,1032,4908,4002,2024-12-26 23:56:24,2024-12-27 00:27:24,UberBlack,198.68,7.57,4.72,Completed
7831,1608,3178,6284,3360,2023-11-25 05:46:44,2023-11-25 06:22:44,UberPool,81.79,15.24,3.96,Completed
7832,3301,8776,5557,8795,2023-11-01 21:31:24,2023-11-01 21:41:24,UberPool,125.85,4.39,3.55,Completed
7833,3225,9280,1458,1075,2024-03-29 08:29:45,2024-03-29 09:05:45,UberPool,361.46,7.05,3.91,Completed
7834,3031,5199,2329,9086,2024-03-31 14:19:35,2024-03-31 14:57:35,UberBlack,732.45,2.87,4.03,Completed
7835,3750,4486,1155,3328,2025-02-27 17:53:30,2025-02-27 18:31:30,UberX,85.21,7.3,3.83,Completed
7836,3573,8511,8700,5068,2024-06-12 08:40:27,2024-06-12 08:53:27,UberPool,563.35,19.71,4.21,Completed
7837,7370,2423,246,1407,2024-04-09 06:59:58,2024-04-09 07:08:58,UberX,397.75,4.92,4.77,Completed
7838,8344,6741,7029,1411,2024-02-20 18:15:47,2024-02-20 18:36:47,UberPool,52.87,6.75,4.43,Cancelled
7839,6008,731,4148,3320,2024-03-11 23:10:26,2024-03-11 23:32:26,UberX,499.71,19.13,4.48,Completed
7840,8838,5952,6940,2074,2024-11-18 12:40:29,2024-11-18 13:06:29,UberPool,792.49,4.37,3.74,Completed
7841,6215,1304,4303,7910,2024-11-14 03:36:25,2024-11-14 04:13:25,UberBlack,554.71,9.22,4.47,Completed
7842,6214,809,7439,6876,2024-09-20 16:04:20,2024-09-20 16:36:20,UberX,149.06,3.99,3.76,No Show
7843,6211,545,7800,2531,2025-02-06 08:56:34,2025-02-06 09:36:34,UberX,796.37,11.23,4.73,Completed
7844,2475,1514,3919,4994,2025-06-07 19:46:45,2025-06-07 20:08:45,UberX,775.59,17.76,4.15,Completed
7845,2838,9068,8416,2783,2024-06-06 04:14:08,2024-06-06 04:57:08,UberBlack,697.22,2.93,4.53,Completed
7846,5218,7612,78,4850,2024-11-08 13:45:24,2024-11-08 13:50:24,UberX,570.93,13.53,4.85,Completed
7847,6430,8717,3497,2023,2023-08-31 14:18:00,2023-08-31 14:39:00,UberX,724.09,7.88,4.8,No Show
7848,7145,2161,7128,531,2025-01-22 05:35:39,2025-01-22 06:16:39,UberBlack,68.04,2.07,3.77,Completed
7849,5627,8908,7624,8771,2024-06-04 13:11:12,2024-06-04 13:16:12,UberBlack,717.52,10.97,3.57,Completed
7850,9987,8932,1736,2996,2024-04-26 17:02:48,2024-04-26 17:26:48,UberX,337.87,12.52,4.8,Completed
7851,8790,5293,8101,3414,2023-12-12 12:49:25,2023-12-12 13:22:25,UberX,671.14,5.38,4.88,Completed
7852,6408,1953,1800,9061,2023-12-13 20:10:49,2023-12-13 20:22:49,UberBlack,357.53,14.2,3.63,Completed
7853,8010,6857,4868,3383,2024-08-06 18:57:46,2024-08-06 19:04:46,UberPool,782.65,10.71,4.64,Completed
7854,4516,1356,6866,3582,2023-12-08 17:37:14,2023-12-08 18:07:14,UberX,295.11,17.96,3.6,Completed
7855,1751,7614,4655,14,2023-09-18 19:53:08,2023-09-18 20:13:08,UberPool,672.44,2.08,4.07,Completed
7856,206,7141,2803,6591,2024-03-28 08:53:06,2024-03-28 09:24:06,UberBlack,687.32,3.25,3.81,Completed
7857,9459,4213,4160,9271,2024-02-12 21:20:35,2024-02-12 21:49:35,UberPool,442.3,18.63,4.2,Completed
7858,4550,739,2170,2661,2024-09-16 14:47:15,2024-09-16 15:15:15,UberX,581.5,8.27,4.72,Cancelled
7859,4780,1537,3330,9584,2025-01-03 04:57:37,2025-01-03 05:12:37,UberBlack,102.87,11.43,4.97,Completed
7860,8464,5801,7843,6635,2023-10-03 22:23:41,2023-10-03 23:03:41,UberX,149.36,4.63,3.82,Completed
7861,9756,1716,6886,5408,2024-03-20 02:40:58,2024-03-20 03:16:58,UberX,212.33,4.56,3.61,Completed
7862,4254,3248,4221,8120,2023-10-13 14:41:53,2023-10-13 15:03:53,UberBlack,469.46,10.96,4.64,Completed
7863,4135,1404,541,2449,2023-11-30 23:23:07,2023-11-30 23:30:07,UberPool,452.82,9.36,4.96,Completed
7864,4092,8385,4808,4745,2023-09-26 01:17:10,2023-09-26 01:55:10,UberX,461.99,10.23,4.02,Completed
7865,5163,8964,7248,6933,2024-03-08 03:36:01,2024-03-08 04:11:01,UberPool,390.27,6.09,3.67,Completed
7866,8761,8747,5513,8985,2025-07-22 01:02:57,2025-07-22 01:37:57,UberBlack,644.69,13.75,3.57,Completed
7867,1976,7388,2140,5075,2024-05-14 03:03:49,2024-05-14 03:42:49,UberPool,664.5,18.1,3.93,Completed
7868,1562,1343,9623,5673,2024-04-21 03:17:34,2024-04-21 03:35:34,UberPool,294.96,13.59,3.51,Completed
7869,6811,674,8695,2412,2024-06-27 07:22:43,2024-06-27 07:37:43,UberPool,59.47,18.99,4.27,Completed
7870,2154,4289,1034,6043,2024-06-24 08:21:11,2024-06-24 08:38:11,UberPool,545.97,5.23,4.02,Cancelled
7871,9393,5025,9936,6557,2024-03-18 04:42:33,2024-03-18 05:00:33,UberPool,60.81,7.18,4.47,Cancelled
7872,7821,3184,9738,7511,2024-03-07 09:35:15,2024-03-07 10:06:15,UberBlack,180.48,6.45,4.1,Completed
7873,9643,5574,753,5966,2025-05-17 14:29:39,2025-05-17 14:43:39,UberPool,631.61,7.64,4.99,Completed
7874,4061,7736,8538,63,2025-02-18 15:40:49,2025-02-18 16:09:49,UberBlack,784.12,7.02,4.64,Completed
7875,5094,5805,4366,9476,2024-05-13 13:38:17,2024-05-13 14:13:17,UberBlack,641.83,2.04,3.86,Cancelled
7876,3079,6510,9908,9438,2024-08-09 00:23:52,2024-08-09 01:01:52,UberX,596.67,11.25,4.66,Completed
7877,121,9952,9624,451,2025-01-07 07:27:06,2025-01-07 07:55:06,UberBlack,438.54,2.73,4.22,Cancelled
7878,1238,3456,4525,3389,2024-07-26 16:25:41,2024-07-26 16:55:41,UberX,295.2,5.46,3.51,Completed
7879,6376,9274,9899,2900,2023-11-29 18:11:16,2023-11-29 18:52:16,UberBlack,309.89,14.54,4.15,Completed
7880,481,8456,7459,3512,2023-09-12 11:02:28,2023-09-12 11:37:28,UberPool,307.66,9.07,4.48,Completed
7881,8748,3628,3640,508,2023-08-08 07:20:10,2023-08-08 07:41:10,UberBlack,301.89,17.55,5.0,Completed
7882,1488,4007,1519,9584,2024-10-09 14:39:25,2024-10-09 14:49:25,UberX,162.22,11.23,4.67,Completed
7883,9215,666,1681,2165,2023-08-22 08:53:33,2023-08-22 09:03:33,UberPool,235.57,18.95,4.41,Completed
7884,8777,8957,9671,9353,2025-05-19 10:20:45,2025-05-19 10:25:45,UberPool,664.37,2.3,3.64,Completed
7885,1495,4403,7029,7502,2024-05-21 17:52:40,2024-05-21 18:35:40,UberBlack,69.71,13.57,4.05,Completed
7886,7742,244,9989,422,2023-08-19 09:53:35,2023-08-19 10:21:35,UberX,502.98,14.18,4.44,Completed
7887,1298,4042,775,132,2025-01-02 17:21:03,2025-01-02 17:40:03,UberBlack,598.05,13.84,4.09,Completed
7888,509,1862,4559,3716,2024-09-08 22:05:51,2024-09-08 22:27:51,UberPool,105.93,10.26,4.51,Completed
7889,3715,6916,3473,2391,2023-09-09 01:40:33,2023-09-09 01:59:33,UberPool,624.85,18.44,4.91,Completed
7890,2639,6926,6307,8071,2024-02-23 20:51:52,2024-02-23 20:58:52,UberBlack,321.75,3.61,3.92,Completed
7891,2875,3360,3424,8762,2024-05-07 21:32:13,2024-05-07 21:59:13,UberBlack,65.61,15.61,4.39,Completed
7892,8543,2432,244,8831,2024-09-24 19:33:13,2024-09-24 20:01:13,UberX,640.31,8.31,4.67,Completed
7893,5166,2989,9685,3660,2024-12-02 17:17:04,2024-12-02 17:37:04,UberBlack,768.34,2.55,4.74,Completed
7894,8693,808,3873,5467,2024-05-10 09:09:44,2024-05-10 09:34:44,UberPool,583.94,14.85,3.58,Completed
7895,3715,7734,9176,5773,2024-03-07 15:05:24,2024-03-07 15:18:24,UberBlack,56.36,5.14,3.64,Completed
7896,8242,5378,9089,2231,2023-12-02 09:09:03,2023-12-02 09:14:03,UberPool,696.24,11.34,3.52,Completed
7897,3859,8842,3773,9251,2024-08-29 05:39:30,2024-08-29 06:13:30,UberPool,594.31,8.0,4.2,Completed
7898,3965,2327,5871,1692,2024-04-22 06:39:24,2024-04-22 07:05:24,UberPool,339.25,15.93,4.76,Completed
7899,8644,4232,9901,6771,2023-12-25 04:21:55,2023-12-25 04:27:55,UberPool,117.8,17.56,4.62,Completed
7900,872,3357,9959,3901,2024-01-18 04:24:26,2024-01-18 04:53:26,UberPool,71.58,19.84,4.57,Cancelled
7901,1466,2264,7303,5068,2023-10-16 15:15:29,2023-10-16 15:53:29,UberBlack,269.04,18.16,4.73,No Show
7902,4873,5928,398,5216,2024-04-14 06:59:28,2024-04-14 07:10:28,UberX,186.31,1.0,3.87,Completed
7903,1099,5135,1314,4865,2024-09-27 03:19:44,2024-09-27 03:44:44,UberPool,636.8,1.13,3.79,Completed
7904,2573,8432,4911,4611,2024-11-06 12:24:46,2024-11-06 13:02:46,UberPool,300.58,1.27,3.6,Cancelled
7905,5403,8859,9002,8068,2024-11-19 15:28:42,2024-11-19 15:37:42,UberX,285.02,13.07,4.7,Completed
7906,2037,1268,3565,2031,2024-09-13 00:32:44,2024-09-13 01:16:44,UberX,484.93,2.01,4.58,Completed
7907,7495,7561,2158,2382,2024-01-03 03:13:51,2024-01-03 03:31:51,UberX,596.83,14.25,4.93,Cancelled
7908,5290,3981,7233,3208,2025-01-09 17:05:39,2025-01-09 17:21:39,UberPool,776.3,19.11,4.67,Completed
7909,5233,9977,8026,5916,2023-11-16 16:49:18,2023-11-16 17:07:18,UberBlack,72.83,1.87,4.5,Completed
7910,6713,4610,7880,1010,2023-11-25 06:56:50,2023-11-25 07:07:50,UberX,53.9,15.13,4.07,Completed
7911,3974,9795,5860,1713,2024-03-25 20:18:18,2024-03-25 20:57:18,UberPool,303.35,11.22,4.04,Completed
7912,9845,3154,1869,5028,2025-06-08 04:15:15,2025-06-08 04:55:15,UberPool,435.73,9.13,4.83,Completed
7913,1055,6748,650,2792,2023-12-10 10:22:16,2023-12-10 10:36:16,UberBlack,77.65,8.38,3.79,Completed
7914,2848,7162,5106,2132,2024-10-06 06:11:30,2024-10-06 06:39:30,UberBlack,744.39,14.78,3.78,Completed
7915,9232,7347,7505,5068,2024-02-22 02:50:11,2024-02-22 03:25:11,UberPool,386.29,7.78,4.15,No Show
7916,4928,1642,6699,1352,2024-11-08 16:10:29,2024-11-08 16:43:29,UberBlack,55.48,16.28,3.95,Completed
7917,1613,5969,1451,5950,2024-07-12 20:39:11,2024-07-12 21:17:11,UberX,409.74,15.14,4.77,Completed
7918,2619,5162,101,4474,2024-01-15 22:51:37,2024-01-15 23:06:37,UberPool,789.09,11.34,4.82,Completed
7919,9616,4847,7843,6557,2024-09-25 11:40:23,2024-09-25 12:16:23,UberPool,533.48,4.83,3.73,No Show
7920,9394,1319,7841,175,2024-06-03 17:56:52,2024-06-03 18:06:52,UberX,576.32,7.19,3.9,Completed
7921,2288,7043,7669,3076,2024-06-26 00:16:45,2024-06-26 00:28:45,UberBlack,128.49,11.37,4.67,Completed
7922,1150,629,9028,5513,2024-06-09 04:08:42,2024-06-09 04:36:42,UberBlack,618.35,10.13,4.04,Completed
7923,7741,824,5716,8872,2023-09-24 11:13:01,2023-09-24 11:51:01,UberPool,233.92,16.04,3.82,Completed
7924,1608,5188,647,7696,2024-06-22 17:53:52,2024-06-22 18:36:52,UberPool,437.15,17.64,3.68,Completed
7925,9638,4984,4987,6006,2025-03-24 04:47:38,2025-03-24 05:15:38,UberPool,77.58,2.4,4.06,Completed
7926,8729,4066,9188,5439,2023-08-29 10:13:14,2023-08-29 10:56:14,UberBlack,400.8,4.1,3.83,Completed
7927,6689,3147,7550,556,2023-10-03 12:27:14,2023-10-03 12:47:14,UberBlack,557.91,17.42,3.81,Completed
7928,7763,7872,4589,2945,2025-06-01 03:49:48,2025-06-01 04:31:48,UberPool,315.38,9.29,4.76,Completed
7929,6736,6880,6170,8519,2023-08-30 05:13:59,2023-08-30 05:53:59,UberBlack,130.03,11.41,4.31,Completed
7930,5929,1725,5740,3518,2024-08-03 07:50:20,2024-08-03 08:23:20,UberPool,761.91,1.18,4.79,Completed
7931,9224,5870,3479,4672,2024-11-29 08:02:31,2024-11-29 08:14:31,UberPool,202.73,13.92,3.82,Completed
7932,1952,9518,2375,751,2024-04-02 20:06:05,2024-04-02 20:47:05,UberPool,466.9,8.86,4.5,Completed
7933,2877,8457,5224,4730,2025-01-12 07:37:20,2025-01-12 07:49:20,UberPool,310.13,18.52,4.27,Completed
7934,4728,1703,2974,4942,2025-02-19 01:14:14,2025-02-19 01:33:14,UberBlack,751.61,16.76,3.93,Completed
7935,8742,6091,8653,6948,2024-04-28 22:40:10,2024-04-28 23:20:10,UberX,350.07,2.14,4.18,Completed
7936,8837,1172,2051,155,2023-08-12 19:29:42,2023-08-12 19:49:42,UberX,167.51,19.38,4.44,Completed
7937,4942,1067,2412,8887,2024-11-25 12:58:42,2024-11-25 13:31:42,UberPool,634.96,15.69,4.75,No Show
7938,6289,1094,3434,884,2024-12-20 05:33:34,2024-12-20 06:15:34,UberBlack,54.74,9.77,3.83,Completed
7939,6137,5445,8284,5851,2024-10-01 22:04:06,2024-10-01 22:26:06,UberX,742.52,13.54,3.57,Completed
7940,6871,1678,8428,8191,2025-05-15 16:26:56,2025-05-15 16:55:56,UberPool,687.63,18.35,4.21,Completed
7941,8461,1146,4716,4681,2024-05-06 00:35:08,2024-05-06 01:00:08,UberBlack,376.54,17.34,4.85,Completed
7942,8691,8596,8862,4719,2024-02-22 17:25:24,2024-02-22 17:58:24,UberBlack,537.04,13.21,4.74,Completed
7943,9843,4056,2515,2019,2025-07-18 18:46:17,2025-07-18 19:23:17,UberPool,759.23,1.46,4.82,Cancelled
7944,2538,3193,5088,5422,2024-12-01 18:29:48,2024-12-01 19:08:48,UberBlack,790.38,8.51,3.89,Cancelled
7945,5385,31,4603,3970,2024-11-03 01:50:16,2024-11-03 02:17:16,UberX,597.48,7.26,4.92,Cancelled
7946,3273,1801,2698,7730,2023-10-13 15:40:18,2023-10-13 16:25:18,UberBlack,495.53,4.44,3.62,Completed
7947,2857,7914,8681,3277,2024-05-10 20:40:39,2024-05-10 21:00:39,UberBlack,315.09,16.36,3.9,Cancelled
7948,8782,4824,7644,1676,2025-07-06 19:49:48,2025-07-06 20:16:48,UberX,652.26,17.64,4.14,Completed
7949,8143,1897,1243,4917,2024-08-05 22:33:04,2024-08-05 23:13:04,UberPool,214.85,1.78,3.77,Completed
7950,5233,215,6630,3272,2024-11-25 07:08:01,2024-11-25 07:37:01,UberPool,164.97,7.18,3.97,Completed
7951,9659,3802,8285,1655,2025-02-24 11:46:22,2025-02-24 12:06:22,UberBlack,377.5,17.49,3.57,Completed
7952,5124,4805,8606,7842,2024-05-09 16:06:08,2024-05-09 16:45:08,UberPool,477.48,7.18,4.84,Completed
7953,1517,6204,8723,681,2024-06-15 12:06:49,2024-06-15 12:51:49,UberBlack,686.46,9.45,3.96,Completed
7954,8622,9249,5063,1057,2025-04-15 20:51:35,2025-04-15 21:15:35,UberPool,655.07,9.36,4.1,Completed
7955,2140,8718,2968,728,2025-06-14 20:06:07,2025-06-14 20:17:07,UberX,191.59,4.08,4.96,Completed
7956,5332,8833,7114,1871,2023-09-24 08:43:02,2023-09-24 08:51:02,UberPool,658.37,7.33,3.73,Completed
7957,2152,2703,8873,8169,2024-10-20 13:34:49,2024-10-20 14:18:49,UberBlack,485.38,14.52,4.54,Cancelled
7958,9517,7461,1787,9370,2025-06-03 14:10:08,2025-06-03 14:53:08,UberX,268.83,11.81,4.11,Completed
7959,7631,6512,5712,3353,2024-04-12 18:44:06,2024-04-12 19:16:06,UberX,187.75,10.88,4.25,Completed
7960,6888,5814,1505,7977,2025-06-25 18:54:38,2025-06-25 19:02:38,UberBlack,540.63,3.05,4.81,Completed
7961,8024,5037,6346,2137,2024-08-04 21:31:27,2024-08-04 21:51:27,UberBlack,743.08,14.68,4.53,Completed
7962,9905,4883,3092,9008,2023-12-27 02:34:19,2023-12-27 03:18:19,UberPool,256.17,3.07,4.98,Cancelled
7963,3459,5068,4920,8137,2023-10-27 23:30:34,2023-10-28 00:15:34,UberPool,648.9,4.07,4.63,Completed
7964,1567,7601,5112,1939,2025-03-20 10:34:45,2025-03-20 11:14:45,UberPool,545.36,3.97,4.49,Completed
7965,1479,6182,7146,8778,2025-01-26 17:58:11,2025-01-26 18:29:11,UberX,263.11,16.11,3.55,Cancelled
7966,4317,5614,2197,3681,2025-06-19 01:04:39,2025-06-19 01:22:39,UberPool,769.68,19.65,5.0,Completed
7967,9809,7443,7936,1786,2025-03-26 19:30:05,2025-03-26 19:56:05,UberPool,710.39,14.94,3.76,Completed
7968,8028,699,7452,3319,2025-04-16 03:46:15,2025-04-16 03:51:15,UberPool,662.96,4.5,3.61,Completed
7969,9500,8950,4123,2214,2024-08-14 04:51:57,2024-08-14 05:24:57,UberPool,395.8,8.31,4.71,Completed
7970,6641,6802,4313,149,2025-05-23 22:59:42,2025-05-23 23:20:42,UberX,786.98,3.5,4.55,Cancelled
7971,4193,2762,6014,7450,2024-09-11 21:48:39,2024-09-11 22:10:39,UberBlack,487.53,3.53,3.7,Completed
7972,1835,6463,4840,4283,2025-03-17 06:18:06,2025-03-17 06:56:06,UberX,124.26,14.3,4.42,Completed
7973,7240,3781,5794,4214,2024-11-18 12:26:12,2024-11-18 12:39:12,UberPool,725.03,6.24,4.56,Completed
7974,6937,4596,2992,4479,2024-02-28 16:50:41,2024-02-28 17:35:41,UberBlack,700.09,4.53,4.37,Completed
7975,9390,7622,3073,9592,2025-07-30 23:07:11,2025-07-30 23:19:11,UberX,179.24,13.45,4.37,Completed
7976,6555,3696,1712,5233,2023-08-09 17:35:31,2023-08-09 18:07:31,UberX,395.66,13.54,4.4,Completed
7977,7250,9080,1671,5577,2025-03-29 02:16:12,2025-03-29 02:23:12,UberBlack,712.46,2.97,3.7,Completed
7978,8696,2665,2070,9972,2023-12-04 12:16:18,2023-12-04 12:43:18,UberX,295.06,3.91,4.57,Completed
7979,1024,9627,6671,7589,2025-02-03 19:58:18,2025-02-03 20:18:18,UberBlack,387.34,9.42,4.87,Completed
7980,8143,6350,7257,8073,2024-05-23 07:07:56,2024-05-23 07:13:56,UberBlack,499.44,16.4,3.58,Completed
7981,1594,7394,9065,2336,2025-01-24 05:31:24,2025-01-24 05:58:24,UberPool,228.11,7.6,4.39,Completed
7982,7947,7872,8808,3269,2024-06-11 03:21:18,2024-06-11 03:53:18,UberX,55.26,15.79,4.76,Completed
7983,6737,360,2596,14,2025-01-01 11:40:10,2025-01-01 11:49:10,UberPool,75.22,8.29,4.19,Completed
7984,1663,9521,6151,6135,2025-03-31 21:49:32,2025-03-31 21:54:32,UberPool,302.09,2.89,4.89,Completed
7985,4885,8173,1435,273,2025-06-16 22:57:47,2025-06-16 23:16:47,UberBlack,196.13,17.17,3.56,Completed
7986,4658,971,8189,6630,2024-08-19 19:34:52,2024-08-19 19:56:52,UberX,470.88,1.58,4.17,Completed
7987,8147,7320,8623,616,2025-01-18 05:50:11,2025-01-18 06:02:11,UberPool,138.03,19.43,4.38,Cancelled
7988,8579,8174,7782,2481,2024-06-14 15:38:00,2024-06-14 15:47:00,UberPool,145.92,13.12,4.23,Completed
7989,678,9534,9894,611,2024-04-04 14:58:07,2024-04-04 15:23:07,UberX,483.96,16.03,4.3,Completed
7990,3622,9570,7278,207,2024-03-08 15:34:34,2024-03-08 15:55:34,UberBlack,366.1,5.24,4.19,Completed
7991,7861,4268,4898,8839,2024-01-27 21:46:25,2024-01-27 22:30:25,UberX,109.06,8.74,4.84,Completed
7992,3522,8588,4967,7548,2024-09-15 13:22:11,2024-09-15 14:06:11,UberX,792.93,11.57,4.45,Completed
7993,4879,6637,29,950,2024-09-01 10:41:13,2024-09-01 10:57:13,UberBlack,506.99,3.4,4.18,Completed
7994,840,9484,1463,2741,2024-04-15 23:33:39,2024-04-16 00:15:39,UberBlack,729.41,9.9,4.07,Completed
7995,4941,5216,7014,3902,2023-12-30 23:29:35,2023-12-30 23:51:35,UberX,318.86,10.93,3.78,Completed
7996,7026,9602,5853,2632,2025-05-29 18:22:01,2025-05-29 18:51:01,UberPool,742.47,17.68,4.58,Completed
7997,8970,2743,7835,8148,2024-09-02 20:14:51,2024-09-02 20:42:51,UberBlack,387.92,4.53,3.66,Completed
7998,664,7022,4551,5482,2023-09-04 09:50:43,2023-09-04 09:57:43,UberPool,511.67,13.73,4.59,Completed
7999,8567,6849,6434,5657,2024-04-12 01:43:13,2024-04-12 01:54:13,UberBlack,467.4,5.09,3.66,Completed
8000,240,3724,1992,3477,2024-01-08 15:42:41,2024-01-08 16:19:41,UberX,349.84,10.27,4.71,Completed
8001,3315,4398,7788,6879,2025-05-23 13:50:25,2025-05-23 14:22:25,UberBlack,165.07,17.29,4.4,Completed
8002,2733,2840,6639,5169,2024-01-09 22:28:20,2024-01-09 22:34:20,UberBlack,559.65,19.72,3.98,Completed
8003,6387,6197,2387,4890,2024-02-25 11:15:40,2024-02-25 11:25:40,UberX,184.0,18.05,3.57,Completed
8004,5746,4851,4285,5780,2024-01-18 04:04:54,2024-01-18 04:40:54,UberBlack,113.55,14.83,4.63,Completed
8005,7219,3908,8824,4627,2023-12-03 00:18:13,2023-12-03 00:35:13,UberPool,761.37,3.38,4.33,Completed
8006,4160,6505,9560,4090,2024-05-23 13:58:28,2024-05-23 14:23:28,UberX,718.14,4.28,4.99,Completed
8007,7675,4211,7012,3564,2024-04-23 17:33:27,2024-04-23 17:57:27,UberX,110.34,17.82,4.31,Completed
8008,2575,8625,8776,585,2024-12-20 11:44:05,2024-12-20 12:11:05,UberBlack,247.51,14.94,4.69,Completed
8009,2499,6985,5289,9979,2025-05-26 18:54:21,2025-05-26 19:07:21,UberBlack,134.24,17.44,4.5,Cancelled
8010,792,1851,833,4249,2024-08-31 17:40:26,2024-08-31 18:00:26,UberX,548.4,4.06,4.53,Cancelled
8011,1789,3519,8237,6168,2024-10-09 02:32:41,2024-10-09 03:10:41,UberPool,487.38,16.49,4.97,Completed
8012,4906,5757,9115,1232,2023-12-28 17:10:56,2023-12-28 17:51:56,UberBlack,586.74,5.07,4.12,Completed
8013,8458,21,1268,1091,2024-08-07 22:15:20,2024-08-07 22:36:20,UberPool,799.94,3.22,3.81,Completed
8014,4549,4396,2711,4765,2024-06-17 18:44:29,2024-06-17 19:17:29,UberBlack,724.27,15.04,4.77,Completed
8015,2239,9797,6941,8970,2024-09-01 17:18:59,2024-09-01 17:54:59,UberX,51.73,10.84,3.53,Completed
8016,9722,662,4036,130,2024-09-23 09:55:14,2024-09-23 10:18:14,UberPool,738.73,13.6,4.55,Completed
8017,5936,6369,3152,6516,2023-11-09 17:11:36,2023-11-09 17:45:36,UberX,304.87,15.65,4.7,Completed
8018,8502,7582,8510,4069,2025-07-25 22:32:37,2025-07-25 22:58:37,UberBlack,352.48,8.2,4.6,Completed
8019,7615,1252,8737,2805,2025-05-01 14:46:20,2025-05-01 15:12:20,UberX,700.5,9.03,4.39,Completed
8020,3847,1468,5806,817,2024-05-04 06:11:16,2024-05-04 06:33:16,UberBlack,557.49,10.16,4.93,No Show
8021,8581,581,3495,727,2023-08-15 12:42:04,2023-08-15 13:19:04,UberX,549.88,13.94,3.8,Completed
8022,2095,4700,1724,9985,2025-03-30 07:10:35,2025-03-30 07:33:35,UberBlack,477.65,4.4,3.68,Completed
8023,9426,5574,4956,2169,2024-12-09 00:09:30,2024-12-09 00:15:30,UberX,534.49,13.01,3.65,Completed
8024,4822,8854,1076,6703,2024-09-22 11:55:00,2024-09-22 12:10:00,UberPool,79.54,5.11,4.95,Cancelled
8025,1607,6125,8331,7061,2024-08-28 20:06:43,2024-08-28 20:16:43,UberBlack,140.05,17.73,4.35,Completed
8026,2539,4647,1771,50,2024-05-07 13:37:44,2024-05-07 14:19:44,UberX,666.33,7.86,4.56,Completed
8027,4559,4889,683,2971,2023-09-13 15:32:46,2023-09-13 15:42:46,UberBlack,732.3,16.36,4.06,Completed
8028,8601,6217,6434,1835,2025-05-30 18:48:18,2025-05-30 19:00:18,UberX,579.33,19.82,4.68,Completed
8029,1318,4301,3299,7230,2023-09-11 02:32:19,2023-09-11 03:00:19,UberPool,707.73,14.57,3.89,Completed
8030,3049,3764,1176,1571,2023-12-12 22:54:09,2023-12-12 23:15:09,UberX,568.17,6.41,4.72,No Show
8031,5303,3342,2148,9085,2025-04-26 19:29:52,2025-04-26 19:51:52,UberX,98.94,16.95,3.8,Completed
8032,3215,8913,920,366,2024-11-13 13:02:58,2024-11-13 13:21:58,UberPool,125.51,10.02,4.63,Completed
8033,3364,107,8482,6834,2024-11-29 09:26:25,2024-11-29 09:35:25,UberX,575.94,6.12,4.71,Completed
8034,4931,1886,1957,3129,2024-11-28 06:57:49,2024-11-28 07:03:49,UberBlack,748.28,7.59,3.59,Completed
8035,3882,2224,1480,4481,2023-09-15 14:40:13,2023-09-15 15:09:13,UberBlack,706.75,14.27,4.74,Cancelled
8036,8201,6074,4270,9315,2025-06-27 00:20:44,2025-06-27 00:41:44,UberPool,135.99,11.95,4.65,Completed
8037,4621,5956,67,7361,2024-08-16 10:55:45,2024-08-16 11:28:45,UberPool,334.73,6.93,4.4,Completed
8038,3125,213,9478,2773,2024-07-17 14:40:11,2024-07-17 14:57:11,UberX,150.42,9.34,4.64,Completed
8039,5734,7743,2929,4635,2024-06-23 20:07:08,2024-06-23 20:14:08,UberX,394.84,13.16,3.72,Completed
8040,5813,9466,4346,9763,2024-05-06 13:44:07,2024-05-06 13:49:07,UberPool,87.11,14.11,4.39,Completed
8041,6021,2446,327,5017,2025-07-19 20:06:11,2025-07-19 20:28:11,UberX,729.18,7.32,3.95,Completed
8042,6026,2622,8669,987,2024-09-28 11:42:02,2024-09-28 12:21:02,UberPool,723.09,10.39,4.26,Completed
8043,8009,9287,2127,1588,2023-11-21 15:14:13,2023-11-21 15:29:13,UberBlack,476.71,16.61,4.46,Completed
8044,3595,1744,5568,9258,2025-07-13 22:32:46,2025-07-13 23:15:46,UberPool,87.45,16.51,4.71,Completed
8045,5603,6193,2365,121,2024-09-23 02:09:02,2024-09-23 02:26:02,UberBlack,271.72,9.51,4.04,Completed
8046,2883,7860,3781,692,2023-09-15 11:25:20,2023-09-15 11:45:20,UberBlack,69.51,11.2,4.87,Completed
8047,1698,6967,8367,7281,2024-12-15 04:26:59,2024-12-15 05:05:59,UberBlack,139.26,16.51,3.94,Completed
8048,6989,6265,7731,9999,2024-07-27 18:42:28,2024-07-27 18:54:28,UberBlack,612.8,15.34,4.74,Cancelled
8049,1439,1035,4852,8485,2025-03-09 01:33:33,2025-03-09 01:45:33,UberX,702.43,12.64,4.06,Completed
8050,7961,3727,8557,2238,2023-11-26 16:16:42,2023-11-26 16:52:42,UberBlack,739.49,8.8,3.53,Completed
8051,1584,9507,8176,3904,2024-08-27 18:51:40,2024-08-27 19:06:40,UberPool,410.91,3.45,3.76,Completed
8052,1906,7476,7240,1834,2024-02-09 02:41:44,2024-02-09 02:48:44,UberPool,571.37,5.76,3.62,Completed
8053,233,3176,4871,7922,2024-05-20 16:44:46,2024-05-20 17:19:46,UberPool,792.47,9.29,4.96,Completed
8054,3893,3929,9677,3388,2024-10-01 03:13:09,2024-10-01 03:20:09,UberPool,236.08,14.15,4.04,Completed
8055,5399,2161,5484,7260,2024-07-05 19:46:06,2024-07-05 20:13:06,UberX,680.57,12.32,4.1,Completed
8056,4462,6200,159,8976,2024-07-13 23:49:59,2024-07-14 00:29:59,UberPool,127.87,13.21,3.6,Completed
8057,3827,3829,8257,4016,2024-03-24 08:25:37,2024-03-24 08:34:37,UberX,97.81,12.09,3.99,No Show
8058,523,1937,3390,643,2023-11-23 11:29:19,2023-11-23 11:36:19,UberX,53.54,3.34,3.58,Completed
8059,2356,4493,5391,604,2024-09-09 21:30:00,2024-09-09 22:08:00,UberPool,526.64,17.15,4.57,Completed
8060,536,2104,8705,8991,2025-07-30 06:35:53,2025-07-30 06:47:53,UberBlack,484.8,9.94,4.09,Completed
8061,381,5830,6077,6059,2023-09-01 23:30:57,2023-09-01 23:57:57,UberBlack,545.02,1.88,3.64,Cancelled
8062,2276,6265,2833,3608,2025-02-14 17:41:19,2025-02-14 17:54:19,UberPool,493.05,9.1,4.24,Completed
8063,7708,8651,4943,9578,2025-07-11 09:17:51,2025-07-11 09:47:51,UberBlack,778.63,15.5,3.6,Completed
8064,472,4122,5781,8086,2024-04-25 06:56:54,2024-04-25 07:09:54,UberPool,709.13,6.75,4.02,Completed
8065,2941,1027,231,8446,2025-05-19 05:12:28,2025-05-19 05:18:28,UberX,534.63,5.77,4.45,Completed
8066,8612,3109,9982,3078,2024-09-14 09:07:23,2024-09-14 09:17:23,UberPool,419.28,13.65,3.61,Completed
8067,4753,9984,9810,8551,2024-09-17 12:51:29,2024-09-17 13:03:29,UberPool,87.38,5.54,4.95,Completed
8068,8322,3441,4356,8481,2024-07-08 07:05:27,2024-07-08 07:36:27,UberBlack,54.33,3.21,3.69,Completed
8069,779,6607,566,3579,2024-10-18 21:56:43,2024-10-18 22:01:43,UberBlack,238.41,15.59,4.21,Completed
8070,1914,9655,8429,3709,2023-10-26 22:32:34,2023-10-26 23:07:34,UberPool,687.37,9.81,4.67,Completed
8071,9220,4111,1326,4966,2024-04-19 17:04:32,2024-04-19 17:44:32,UberX,102.56,2.92,3.76,No Show
8072,1743,8852,5875,8426,2023-08-30 11:49:21,2023-08-30 11:56:21,UberBlack,182.6,10.52,4.91,Completed
8073,5978,4949,6172,2591,2025-05-23 02:30:58,2025-05-23 03:08:58,UberBlack,598.65,14.04,4.17,Completed
8074,3719,4681,4897,342,2025-04-23 20:18:58,2025-04-23 20:40:58,UberX,309.16,6.71,3.96,Completed
8075,1154,1705,2578,7920,2024-01-02 02:20:43,2024-01-02 02:57:43,UberPool,477.1,10.08,5.0,Completed
8076,9369,5323,1871,9706,2023-08-08 12:18:09,2023-08-08 12:29:09,UberX,145.24,11.61,4.66,No Show
8077,178,7013,403,3355,2024-10-19 22:02:07,2024-10-19 22:26:07,UberPool,379.89,17.67,4.11,Cancelled
8078,9475,3067,111,4072,2025-04-04 00:45:00,2025-04-04 01:11:00,UberBlack,92.31,9.36,4.8,Completed
8079,502,8804,3167,2898,2023-10-12 13:41:07,2023-10-12 13:51:07,UberX,362.73,7.94,4.6,Cancelled
8080,8094,9387,5227,9461,2024-12-04 05:23:12,2024-12-04 05:29:12,UberX,198.06,1.55,3.88,Completed
8081,261,1095,9394,9916,2024-02-04 15:45:48,2024-02-04 16:00:48,UberBlack,403.34,10.94,4.22,Completed
8082,8282,4280,5905,6695,2024-08-04 11:45:56,2024-08-04 11:53:56,UberBlack,595.18,6.7,4.87,Cancelled
8083,3338,7623,1518,8662,2023-10-08 19:08:22,2023-10-08 19:47:22,UberX,140.99,17.09,4.13,Cancelled
8084,109,2011,4300,5644,2025-02-25 18:12:23,2025-02-25 18:26:23,UberX,239.26,19.67,4.83,Completed
8085,714,1801,8259,6516,2025-05-26 14:07:28,2025-05-26 14:32:28,UberPool,363.66,6.15,3.87,Completed
8086,7076,528,9736,349,2023-12-13 22:41:00,2023-12-13 22:52:00,UberPool,343.74,5.7,4.28,No Show
8087,1603,6331,1028,8442,2024-09-23 03:22:32,2024-09-23 03:44:32,UberX,383.05,1.44,3.57,Completed
8088,3679,2900,169,3545,2024-02-06 23:27:04,2024-02-07 00:00:04,UberPool,563.65,15.82,3.83,Completed
8089,5619,7620,3643,1546,2024-08-22 09:44:07,2024-08-22 10:18:07,UberBlack,129.29,2.21,3.82,Completed
8090,8543,4998,8187,4669,2024-11-19 20:19:05,2024-11-19 20:33:05,UberBlack,406.29,8.19,3.98,Completed
8091,6560,8976,5163,4764,2023-09-04 05:11:56,2023-09-04 05:47:56,UberPool,611.39,16.44,4.47,Completed
8092,6841,2436,4292,9223,2023-09-09 09:48:22,2023-09-09 10:07:22,UberX,590.55,8.51,3.6,Completed
8093,4508,1027,2356,4886,2023-08-21 02:44:46,2023-08-21 03:15:46,UberPool,268.5,2.23,3.65,Completed
8094,7025,4028,7083,2894,2023-11-30 07:38:20,2023-11-30 07:45:20,UberPool,748.46,11.82,4.8,Completed
8095,1739,9947,9981,3522,2024-08-19 20:33:12,2024-08-19 21:18:12,UberX,235.49,17.65,4.25,Completed
8096,7602,2485,4126,8559,2023-12-30 00:34:12,2023-12-30 00:47:12,UberBlack,110.34,5.41,3.94,Cancelled
8097,7721,1919,8545,7074,2025-02-18 00:05:02,2025-02-18 00:19:02,UberPool,59.75,3.06,4.66,Completed
8098,1796,9060,1358,3197,2025-06-22 03:15:44,2025-06-22 03:51:44,UberBlack,754.74,9.76,3.68,Completed
8099,3155,9700,3221,5094,2024-07-03 15:14:36,2024-07-03 15:58:36,UberX,305.62,13.03,4.04,Completed
8100,9233,7057,5391,9428,2025-05-11 02:39:14,2025-05-11 02:45:14,UberBlack,127.11,6.58,4.9,Completed
8101,1797,7001,2099,2992,2024-01-26 04:03:10,2024-01-26 04:21:10,UberPool,143.83,11.23,4.77,Completed
8102,2183,6524,2491,966,2025-04-06 04:11:06,2025-04-06 04:43:06,UberX,139.93,4.89,4.74,Completed
8103,2686,3037,539,6876,2024-07-28 14:00:47,2024-07-28 14:44:47,UberX,106.93,3.2,4.15,Completed
8104,8119,37,9917,6747,2024-12-11 00:36:56,2024-12-11 00:55:56,UberBlack,432.3,5.67,4.41,Completed
8105,4853,3413,1674,9135,2024-11-08 15:41:09,2024-11-08 16:14:09,UberPool,328.12,5.08,4.75,Completed
8106,5015,1832,54,1963,2025-07-29 07:39:22,2025-07-29 08:14:22,UberX,225.28,16.35,3.82,Completed
8107,4950,1576,7142,9902,2024-01-25 07:03:29,2024-01-25 07:16:29,UberBlack,569.82,12.54,3.88,Completed
8108,1588,247,6416,7763,2024-04-27 08:15:36,2024-04-27 08:36:36,UberX,746.21,19.93,3.7,Cancelled
8109,7212,8999,4582,418,2025-01-20 15:51:04,2025-01-20 16:34:04,UberPool,234.91,3.53,3.62,Completed
8110,902,2577,4771,7682,2024-10-03 00:36:02,2024-10-03 01:07:02,UberPool,195.48,18.07,4.2,Cancelled
8111,4678,7243,2132,1906,2025-03-21 06:02:31,2025-03-21 06:37:31,UberX,626.13,1.75,4.02,Completed
8112,9652,8805,6880,6556,2024-10-28 13:12:59,2024-10-28 13:57:59,UberX,697.5,13.04,4.53,Completed
8113,18,9080,6519,3178,2024-03-13 23:46:24,2024-03-14 00:30:24,UberBlack,234.62,8.2,3.92,Completed
8114,1224,5031,2085,1355,2025-07-04 02:09:00,2025-07-04 02:24:00,UberBlack,707.22,12.2,4.82,Completed
8115,8498,8868,7506,138,2024-02-15 21:14:59,2024-02-15 21:31:59,UberPool,270.48,10.96,4.85,Completed
8116,6458,1903,5420,4728,2025-01-13 23:14:25,2025-01-13 23:24:25,UberX,191.7,19.61,4.8,Completed
8117,9923,806,3490,3873,2023-10-15 08:26:32,2023-10-15 08:56:32,UberX,106.03,13.41,4.57,Completed
8118,4836,9602,5521,9760,2024-02-23 05:29:14,2024-02-23 05:55:14,UberBlack,301.77,12.36,3.55,Completed
8119,8652,1830,1377,274,2024-02-07 23:38:36,2024-02-08 00:14:36,UberBlack,50.64,1.36,3.79,Completed
8120,927,6482,7802,3299,2024-07-30 01:21:30,2024-07-30 01:44:30,UberBlack,244.65,5.59,4.54,Completed
8121,1409,2521,1468,5393,2023-12-03 06:23:28,2023-12-03 06:52:28,UberPool,688.04,10.55,4.34,Cancelled
8122,9932,5135,508,9763,2024-04-22 20:10:54,2024-04-22 20:20:54,UberBlack,317.9,2.63,3.52,Completed
8123,7363,142,7514,7695,2024-11-10 21:20:41,2024-11-10 21:39:41,UberBlack,732.93,6.36,3.76,Completed
8124,5039,1702,6600,7976,2024-09-01 12:17:44,2024-09-01 12:23:44,UberPool,268.17,13.09,4.51,Completed
8125,4283,8687,8728,5808,2024-02-16 23:08:04,2024-02-16 23:42:04,UberBlack,411.16,11.62,4.62,Completed
8126,3783,5278,1470,6291,2024-10-30 07:17:38,2024-10-30 07:30:38,UberX,557.75,17.4,4.16,Completed
8127,645,6509,6649,5797,2024-03-07 19:51:40,2024-03-07 20:32:40,UberBlack,420.88,17.93,4.26,Cancelled
8128,7565,9753,3621,9046,2025-03-29 20:58:35,2025-03-29 21:29:35,UberPool,428.93,18.99,4.54,Completed
8129,7379,2791,2836,1065,2025-01-26 01:20:10,2025-01-26 01:35:10,UberPool,326.99,9.88,3.51,Completed
8130,756,8961,677,1328,2023-10-29 12:44:33,2023-10-29 13:14:33,UberX,553.13,18.74,4.62,Completed
8131,626,3451,3573,5947,2024-11-08 02:46:28,2024-11-08 03:07:28,UberPool,321.52,11.94,4.45,Completed
8132,2461,4684,4739,2127,2023-11-22 06:31:56,2023-11-22 06:46:56,UberBlack,290.24,9.49,3.69,Completed
8133,4282,5177,454,8834,2023-11-17 17:25:47,2023-11-17 17:57:47,UberPool,87.54,11.87,4.01,Completed
8134,9104,9965,287,6202,2025-05-07 03:29:42,2025-05-07 03:43:42,UberBlack,192.25,16.64,3.94,Completed
8135,2986,3342,1297,6787,2024-09-04 11:52:53,2024-09-04 11:59:53,UberPool,431.69,7.86,4.12,Completed
8136,1406,9159,3410,5977,2024-10-18 09:55:24,2024-10-18 10:06:24,UberX,501.78,8.63,3.85,Completed
8137,163,8228,5755,7352,2023-11-24 05:11:01,2023-11-24 05:17:01,UberBlack,139.88,10.23,4.26,Completed
8138,6721,9350,4241,1158,2025-03-22 18:38:53,2025-03-22 19:21:53,UberX,614.08,11.36,3.67,Completed
8139,345,7149,1508,6073,2024-10-02 08:09:55,2024-10-02 08:54:55,UberX,74.55,16.03,4.6,Completed
8140,1545,7367,140,170,2025-01-05 10:15:16,2025-01-05 10:25:16,UberPool,385.01,19.34,3.74,Cancelled
8141,3042,7355,9062,9911,2025-07-05 18:56:07,2025-07-05 19:39:07,UberPool,456.16,17.4,4.65,Cancelled
8142,9558,1869,7713,7697,2024-04-20 20:48:58,2024-04-20 21:10:58,UberPool,391.45,11.85,3.96,Completed
8143,2710,248,7761,3827,2025-02-28 16:58:40,2025-02-28 17:14:40,UberBlack,191.46,12.39,4.96,Completed
8144,6536,4951,3974,53,2025-05-29 05:42:03,2025-05-29 06:21:03,UberBlack,745.83,13.34,3.61,Completed
8145,182,9713,965,8949,2023-08-30 03:37:00,2023-08-30 03:48:00,UberPool,597.87,9.36,4.77,Completed
8146,5932,4444,5851,3551,2025-07-09 16:42:58,2025-07-09 17:07:58,UberX,230.55,5.96,3.75,Completed
8147,5237,9556,8796,1402,2023-12-19 10:24:10,2023-12-19 10:58:10,UberBlack,288.93,10.13,3.95,Completed
8148,3703,8506,3982,9801,2024-08-12 10:29:58,2024-08-12 10:34:58,UberBlack,469.1,17.64,4.62,Completed
8149,1930,3253,4744,1963,2025-07-22 12:45:34,2025-07-22 13:01:34,UberPool,643.12,12.31,3.93,Completed
8150,8104,9944,4688,3938,2024-03-06 11:03:00,2024-03-06 11:09:00,UberPool,386.87,13.41,4.3,Completed
8151,6164,1984,6001,9863,2025-02-24 00:19:09,2025-02-24 01:03:09,UberX,273.25,19.2,3.83,Completed
8152,418,9654,881,9079,2025-01-22 04:41:01,2025-01-22 05:12:01,UberBlack,104.53,7.14,4.12,Completed
8153,8395,467,3166,5551,2024-11-10 05:26:46,2024-11-10 06:07:46,UberX,782.24,19.05,4.77,Completed
8154,6077,8412,832,2571,2025-04-27 08:07:06,2025-04-27 08:16:06,UberBlack,138.72,16.73,4.36,Completed
8155,2241,3936,2175,5042,2024-02-25 11:00:27,2024-02-25 11:30:27,UberX,200.74,18.26,4.76,Completed
8156,613,6226,9660,4979,2023-09-14 14:58:04,2023-09-14 15:16:04,UberX,729.41,17.03,4.73,Cancelled
8157,5228,2236,2077,9062,2024-06-21 04:20:59,2024-06-21 04:25:59,UberBlack,510.36,16.97,4.4,Completed
8158,8147,3199,3279,4700,2025-02-02 03:21:35,2025-02-02 03:36:35,UberPool,411.34,8.74,3.75,Completed
8159,6401,8097,7700,7734,2025-03-03 01:13:44,2025-03-03 01:58:44,UberPool,273.29,10.79,4.85,Completed
8160,9103,4175,7565,373,2023-08-30 10:00:10,2023-08-30 10:19:10,UberBlack,265.08,19.91,4.8,Completed
8161,4526,2355,1661,5041,2024-06-05 07:39:09,2024-06-05 07:46:09,UberBlack,543.68,2.35,3.95,Completed
8162,9119,8448,8196,9794,2024-07-19 00:03:21,2024-07-19 00:44:21,UberPool,489.05,18.17,4.16,No Show
8163,3889,3805,7428,7486,2025-05-20 00:52:31,2025-05-20 01:24:31,UberPool,718.87,14.32,4.18,Completed
8164,7708,2866,3689,5668,2025-03-30 23:10:44,2025-03-30 23:22:44,UberPool,92.24,16.58,3.64,Completed
8165,745,4339,9756,5160,2024-09-14 21:56:34,2024-09-14 22:11:34,UberBlack,290.11,1.57,4.78,Completed
8166,4555,4218,8305,6514,2024-02-05 12:15:02,2024-02-05 12:24:02,UberPool,713.45,14.97,4.02,Completed
8167,2851,1893,1254,8243,2024-07-30 09:03:50,2024-07-30 09:15:50,UberPool,768.85,18.75,4.0,Completed
8168,4162,2375,2408,7974,2025-04-29 02:25:30,2025-04-29 03:05:30,UberBlack,375.23,3.24,4.95,Completed
8169,5228,6245,6119,2707,2025-06-08 04:49:02,2025-06-08 05:18:02,UberBlack,680.27,5.29,4.17,Completed
8170,3993,1271,1760,6763,2023-09-08 20:20:37,2023-09-08 20:47:37,UberX,219.1,12.9,3.86,Completed
8171,7085,7727,6059,2547,2024-01-28 20:50:43,2024-01-28 21:35:43,UberPool,363.99,19.85,4.11,Cancelled
8172,5658,1012,2564,6308,2024-11-27 22:48:59,2024-11-27 23:09:59,UberPool,732.4,3.17,4.43,Completed
8173,5195,8212,312,2646,2024-01-06 10:24:39,2024-01-06 10:42:39,UberBlack,264.43,12.51,4.79,Completed
8174,576,5229,4133,4594,2025-04-09 13:23:53,2025-04-09 13:39:53,UberPool,468.92,18.52,3.72,Completed
8175,200,6953,2481,1045,2024-11-19 14:01:29,2024-11-19 14:42:29,UberX,201.77,18.69,4.97,Completed
8176,3589,7779,1625,6183,2024-05-31 01:49:34,2024-05-31 01:56:34,UberX,405.12,11.32,4.39,Completed
8177,5725,9217,8273,8163,2025-02-10 19:30:14,2025-02-10 19:35:14,UberPool,290.39,6.98,4.09,Completed
8178,430,9007,209,4969,2024-10-10 08:43:51,2024-10-10 08:48:51,UberBlack,459.98,8.76,3.92,Completed
8179,1084,8640,1404,2526,2024-08-22 13:01:31,2024-08-22 13:31:31,UberBlack,155.0,9.54,3.86,Completed
8180,2810,2161,9615,7554,2025-02-18 02:18:50,2025-02-18 02:51:50,UberPool,659.96,14.35,4.72,Completed
8181,9979,1916,2484,6877,2024-06-23 09:45:09,2024-06-23 09:53:09,UberX,184.27,12.72,4.1,Completed
8182,1632,7592,2499,1746,2025-08-02 15:44:28,2025-08-02 15:54:28,UberPool,337.79,4.4,4.45,Completed
8183,4308,1731,4559,8005,2025-07-02 19:11:16,2025-07-02 19:31:16,UberBlack,771.36,6.61,3.83,Completed
8184,7183,2744,3546,3591,2025-08-03 18:25:35,2025-08-03 18:34:35,UberPool,324.57,12.91,3.56,Completed
8185,4386,8417,8357,1155,2024-07-26 11:31:09,2024-07-26 12:03:09,UberPool,113.71,6.13,4.78,No Show
8186,7994,9480,4436,7241,2023-10-20 15:21:45,2023-10-20 15:54:45,UberX,430.06,3.71,3.67,Completed
8187,2708,20,4758,4963,2023-12-19 00:16:54,2023-12-19 00:32:54,UberX,393.17,1.76,4.14,Cancelled
8188,8997,4109,1259,5528,2023-11-27 07:01:33,2023-11-27 07:30:33,UberBlack,323.94,14.52,3.55,Completed
8189,3487,4349,8220,2635,2024-01-03 00:45:16,2024-01-03 01:12:16,UberPool,506.15,2.9,4.59,Completed
8190,3035,2300,7724,4439,2024-07-25 16:22:15,2024-07-25 16:40:15,UberPool,150.29,16.9,4.3,Completed
8191,6712,3357,3303,4728,2024-01-28 05:57:00,2024-01-28 06:19:00,UberPool,299.98,3.07,4.7,Completed
8192,9351,187,384,8179,2024-10-23 19:44:35,2024-10-23 20:08:35,UberPool,697.25,14.95,4.42,Completed
8193,6715,2237,7638,2860,2023-11-21 08:51:38,2023-11-21 09:00:38,UberPool,693.1,19.7,4.7,Completed
8194,849,1262,8646,4964,2025-07-16 08:30:33,2025-07-16 08:57:33,UberBlack,759.54,15.74,3.51,Completed
8195,389,4828,6726,8058,2023-12-06 09:50:58,2023-12-06 10:18:58,UberBlack,609.3,16.62,4.5,Completed
8196,6738,3359,4790,611,2023-09-02 19:13:03,2023-09-02 19:54:03,UberBlack,299.58,3.33,4.28,Completed
8197,3585,8225,8984,3265,2024-01-15 01:47:50,2024-01-15 02:00:50,UberPool,238.91,5.04,4.11,No Show
8198,2191,3067,8107,6247,2024-12-12 16:39:57,2024-12-12 17:10:57,UberBlack,303.94,17.27,4.91,Cancelled
8199,7615,7629,9910,2663,2023-09-17 11:46:10,2023-09-17 11:52:10,UberPool,156.92,5.11,3.72,Completed
8200,9312,3124,4726,4951,2024-08-02 02:37:06,2024-08-02 03:22:06,UberX,65.52,9.44,3.9,Completed
8201,1218,5168,7266,7718,2025-07-21 03:07:17,2025-07-21 03:14:17,UberX,502.73,18.55,4.76,No Show
8202,2291,8431,7570,8832,2024-05-21 06:38:15,2024-05-21 07:23:15,UberX,304.87,11.17,4.63,Completed
8203,8825,7391,2825,2304,2023-08-23 16:23:58,2023-08-23 17:06:58,UberX,410.3,4.14,3.85,Completed
8204,3374,3839,4425,8942,2025-02-19 18:03:42,2025-02-19 18:08:42,UberPool,592.43,10.47,4.26,Completed
8205,2331,994,3415,35,2024-12-16 05:22:32,2024-12-16 05:44:32,UberBlack,396.95,9.33,4.32,Cancelled
8206,6536,7441,3555,2982,2024-05-13 17:53:55,2024-05-13 18:34:55,UberPool,646.27,1.74,4.11,Completed
8207,3331,8359,787,4193,2025-04-18 14:58:36,2025-04-18 15:08:36,UberX,315.81,10.17,4.8,Completed
8208,4097,8730,8267,481,2025-02-16 12:17:54,2025-02-16 12:32:54,UberBlack,738.97,5.82,3.72,Completed
8209,477,4027,6457,6318,2024-08-09 14:48:34,2024-08-09 15:29:34,UberBlack,261.63,4.82,4.73,Completed
8210,5220,1212,5737,1232,2023-09-18 13:09:36,2023-09-18 13:46:36,UberBlack,732.11,13.41,4.35,Cancelled
8211,7012,6919,2318,8641,2023-11-17 20:38:47,2023-11-17 20:55:47,UberX,415.64,2.01,4.13,Completed
8212,9969,8169,340,6429,2025-06-28 15:59:49,2025-06-28 16:30:49,UberX,434.67,18.06,3.92,Completed
8213,753,8913,3947,8675,2024-06-29 03:08:18,2024-06-29 03:38:18,UberBlack,121.34,9.74,4.21,Completed
8214,6979,1784,250,6945,2025-05-21 02:05:18,2025-05-21 02:44:18,UberBlack,290.29,11.23,4.11,Completed
8215,8117,6393,9251,2741,2024-07-01 16:53:30,2024-07-01 17:29:30,UberPool,526.43,5.34,4.24,Completed
8216,3955,2751,4637,7359,2023-09-06 02:46:08,2023-09-06 03:06:08,UberX,102.26,5.54,4.49,Completed
8217,2476,5923,4755,2734,2024-08-06 04:57:52,2024-08-06 05:03:52,UberBlack,505.37,8.98,3.71,Completed
8218,7947,6114,1050,6193,2025-06-22 12:56:27,2025-06-22 13:29:27,UberX,285.95,5.17,4.07,No Show
8219,8516,7936,5137,6367,2025-05-26 15:04:03,2025-05-26 15:10:03,UberX,481.75,11.73,3.81,Completed
8220,5879,2302,9574,8374,2024-10-17 03:29:23,2024-10-17 03:53:23,UberPool,207.08,4.68,4.31,Completed
8221,9386,9996,3298,9614,2023-09-03 08:58:04,2023-09-03 09:21:04,UberBlack,268.51,1.44,3.68,Completed
8222,9550,7443,2647,248,2023-12-17 07:15:08,2023-12-17 07:42:08,UberPool,275.39,1.99,3.78,Completed
8223,7906,4416,7711,3318,2024-11-25 13:25:22,2024-11-25 13:50:22,UberPool,267.5,2.72,3.87,Completed
8224,8310,5155,2328,1769,2024-09-14 17:05:54,2024-09-14 17:19:54,UberPool,483.43,5.49,4.21,Completed
8225,98,8998,5138,6213,2023-09-06 07:09:54,2023-09-06 07:50:54,UberBlack,159.04,16.54,3.86,Completed
8226,3138,614,6030,4726,2024-07-28 13:23:49,2024-07-28 13:50:49,UberX,307.45,4.58,3.55,Completed
8227,1835,1917,8429,1453,2024-10-08 23:30:43,2024-10-08 23:40:43,UberX,65.61,16.1,4.39,Completed
8228,2726,8797,2889,3277,2025-06-26 15:36:55,2025-06-26 16:09:55,UberBlack,294.43,4.84,3.95,Completed
8229,1224,2783,6755,2157,2023-10-11 04:38:07,2023-10-11 05:20:07,UberPool,767.53,13.24,3.9,Completed
8230,861,8266,1790,296,2023-12-08 12:49:01,2023-12-08 13:02:01,UberX,396.79,16.42,4.51,Completed
8231,7546,4086,5842,1414,2025-02-26 18:04:53,2025-02-26 18:33:53,UberX,129.13,9.49,4.68,Cancelled
8232,8152,5223,3487,2058,2025-06-14 06:36:50,2025-06-14 07:20:50,UberBlack,279.34,15.76,4.75,Completed
8233,3371,5592,8770,1922,2025-01-04 02:03:22,2025-01-04 02:17:22,UberBlack,658.37,1.56,4.77,No Show
8234,8415,247,437,6404,2023-10-06 14:43:25,2023-10-06 15:07:25,UberX,93.17,14.08,4.35,Completed
8235,591,1410,9179,9428,2024-06-10 16:55:41,2024-06-10 17:33:41,UberX,100.12,9.15,4.79,Completed
8236,8622,5495,817,4161,2023-08-25 03:06:16,2023-08-25 03:30:16,UberPool,580.31,11.21,3.79,Completed
8237,5882,6030,6239,2612,2025-06-01 23:47:12,2025-06-02 00:10:12,UberPool,281.51,7.31,4.99,Completed
8238,8211,4964,8677,2926,2024-03-31 08:26:52,2024-03-31 08:37:52,UberPool,549.69,1.93,4.4,Completed
8239,9235,4507,3044,1400,2025-04-10 19:29:44,2025-04-10 19:41:44,UberPool,511.09,2.17,4.76,Completed
8240,471,7607,4399,9263,2025-02-10 17:22:10,2025-02-10 17:51:10,UberPool,222.96,11.63,3.64,Completed
8241,1465,9692,5158,146,2024-10-31 18:21:33,2024-10-31 18:45:33,UberBlack,732.55,18.27,4.33,Cancelled
8242,6458,8040,5240,3815,2023-09-04 16:10:03,2023-09-04 16:34:03,UberBlack,281.96,19.05,4.72,No Show
8243,1394,9835,8283,853,2023-11-10 03:00:57,2023-11-10 03:25:57,UberPool,206.67,15.68,4.43,Completed
8244,9775,8613,8100,8214,2025-04-12 07:21:32,2025-04-12 07:30:32,UberPool,354.34,14.81,4.16,Completed
8245,2083,1425,4985,9670,2024-10-14 23:25:19,2024-10-14 23:44:19,UberBlack,371.65,9.76,4.35,Completed
8246,3960,7214,6030,6404,2024-12-21 06:32:19,2024-12-21 06:43:19,UberBlack,561.33,7.09,4.65,Completed
8247,4091,8115,4106,1627,2025-03-20 17:53:37,2025-03-20 18:33:37,UberPool,672.47,3.94,3.55,Completed
8248,556,3469,9608,183,2024-11-02 17:25:31,2024-11-02 18:06:31,UberPool,749.19,6.88,4.29,Completed
8249,6845,3532,6554,1725,2025-06-21 04:53:41,2025-06-21 05:09:41,UberX,334.95,8.2,4.47,Completed
8250,2147,3320,897,2940,2023-12-10 21:17:26,2023-12-10 21:26:26,UberBlack,342.89,19.78,3.89,Completed
8251,8519,4281,6813,7779,2025-03-22 10:10:45,2025-03-22 10:43:45,UberBlack,147.71,9.06,4.5,Completed
8252,4643,5975,5798,2517,2024-06-25 12:05:37,2024-06-25 12:20:37,UberBlack,736.58,17.35,4.24,Completed
8253,9205,2695,6082,5261,2025-05-22 17:18:02,2025-05-22 17:57:02,UberX,463.88,15.73,4.1,Completed
8254,2241,9899,7442,6470,2024-04-22 21:22:07,2024-04-22 21:38:07,UberBlack,201.91,10.15,4.36,Completed
8255,9987,8813,8755,2159,2023-09-15 08:15:18,2023-09-15 08:34:18,UberPool,289.83,15.97,4.33,Completed
8256,1479,710,9729,3389,2023-09-02 17:21:47,2023-09-02 17:58:47,UberBlack,398.22,6.62,4.59,Completed
8257,5239,9063,9228,8936,2024-01-31 14:11:14,2024-01-31 14:30:14,UberX,267.49,3.45,3.81,Completed
8258,601,6928,7702,7280,2024-12-02 18:49:33,2024-12-02 19:03:33,UberBlack,337.44,10.13,4.09,Completed
8259,2935,8750,3172,8104,2024-10-16 02:26:22,2024-10-16 03:11:22,UberPool,559.12,17.15,4.24,Completed
8260,2540,4154,4775,2778,2025-05-24 03:25:12,2025-05-24 03:40:12,UberPool,473.29,9.83,4.01,Completed
8261,2254,1644,2313,4242,2023-09-25 17:57:15,2023-09-25 18:06:15,UberBlack,195.38,11.86,4.94,Completed
8262,1857,6049,5577,1465,2024-05-12 22:15:07,2024-05-12 22:25:07,UberPool,239.36,5.44,3.5,Completed
8263,9597,7883,3764,5160,2024-05-26 15:01:53,2024-05-26 15:15:53,UberX,57.29,15.87,3.81,Completed
8264,8252,7551,5550,4843,2024-10-03 01:39:54,2024-10-03 02:16:54,UberBlack,510.64,7.85,4.31,Completed
8265,3021,3054,728,4027,2025-06-22 13:19:51,2025-06-22 13:46:51,UberX,605.76,16.68,3.52,Completed
8266,2552,9503,2754,3016,2024-01-06 17:33:03,2024-01-06 18:03:03,UberX,540.17,10.27,4.79,Completed
8267,1497,9751,2708,6017,2025-06-04 00:36:27,2025-06-04 01:20:27,UberPool,645.79,7.69,3.68,Completed
8268,7804,4065,9665,3206,2024-04-01 14:27:24,2024-04-01 15:00:24,UberBlack,686.31,5.07,4.99,Cancelled
8269,841,1723,7215,9137,2024-01-12 09:27:05,2024-01-12 09:44:05,UberBlack,694.63,1.54,3.72,Completed
8270,7230,4485,6929,1976,2024-03-09 03:44:37,2024-03-09 04:28:37,UberX,762.88,19.24,3.61,Completed
8271,2070,3554,8661,3895,2025-07-28 04:58:15,2025-07-28 05:31:15,UberBlack,658.9,12.76,3.89,Completed
8272,8164,2423,760,7004,2024-07-20 12:19:56,2024-07-20 12:31:56,UberBlack,573.26,4.99,4.61,Cancelled
8273,668,2630,4131,189,2023-10-22 13:54:40,2023-10-22 13:59:40,UberBlack,384.28,19.65,3.96,Completed
8274,5610,1149,9258,9987,2025-04-26 02:25:29,2025-04-26 03:00:29,UberPool,790.04,19.94,4.14,Completed
8275,2782,9733,8696,7935,2025-01-02 02:21:00,2025-01-02 02:33:00,UberX,791.12,17.31,3.78,Completed
8276,1119,6542,664,4919,2023-11-05 11:34:39,2023-11-05 12:09:39,UberPool,597.39,11.5,3.84,Completed
8277,2572,3305,7987,7772,2024-01-13 23:29:20,2024-01-13 23:37:20,UberBlack,545.66,14.36,4.48,Completed
8278,7532,2381,7852,1943,2024-04-06 10:00:25,2024-04-06 10:21:25,UberBlack,443.92,7.34,4.62,Completed
8279,8247,9416,1361,4578,2024-12-24 17:59:43,2024-12-24 18:29:43,UberBlack,357.88,5.43,4.6,Completed
8280,3405,6884,768,9285,2023-10-28 19:14:39,2023-10-28 19:41:39,UberX,790.14,9.56,4.14,Completed
8281,1938,2910,5301,4671,2024-01-03 01:11:16,2024-01-03 01:21:16,UberPool,755.84,15.25,3.91,Completed
8282,9319,5323,8323,9142,2024-11-05 17:35:52,2024-11-05 17:42:52,UberBlack,524.59,12.2,4.61,Completed
8283,1041,7936,6580,203,2024-05-05 22:19:14,2024-05-05 22:42:14,UberBlack,496.53,11.42,4.98,Completed
8284,6144,1052,3183,3590,2025-06-08 17:21:15,2025-06-08 17:29:15,UberBlack,605.42,9.63,4.4,Completed
8285,6681,8087,9443,7739,2025-02-02 10:36:42,2025-02-02 11:07:42,UberPool,720.37,7.46,4.59,Completed
8286,1439,6926,9875,6530,2024-11-18 23:02:44,2024-11-18 23:31:44,UberBlack,501.38,12.66,4.67,Completed
8287,9694,2641,183,7126,2023-11-27 22:04:29,2023-11-27 22:24:29,UberBlack,450.57,6.64,4.74,Completed
8288,379,4729,4101,7775,2025-05-10 10:24:16,2025-05-10 10:52:16,UberPool,432.56,6.64,4.71,Completed
8289,9409,637,556,3851,2024-08-22 01:07:17,2024-08-22 01:23:17,UberBlack,232.13,6.6,3.86,Completed
8290,717,7331,1230,5325,2025-03-08 21:39:18,2025-03-08 22:15:18,UberX,767.55,8.83,4.6,Completed
8291,29,5057,6748,2568,2025-04-08 14:27:53,2025-04-08 14:51:53,UberPool,589.7,7.03,4.66,Completed
8292,6024,4281,734,1561,2024-02-23 09:12:32,2024-02-23 09:53:32,UberPool,167.92,14.3,3.57,Completed
8293,8008,3532,7778,123,2024-05-29 05:00:50,2024-05-29 05:45:50,UberBlack,270.77,9.87,3.96,Completed
8294,6982,7644,2374,6495,2024-10-04 04:56:27,2024-10-04 05:35:27,UberPool,474.42,18.27,4.52,Cancelled
8295,9677,5186,2682,5493,2023-10-20 06:10:17,2023-10-20 06:23:17,UberBlack,790.94,17.91,4.66,Completed
8296,79,612,8275,4365,2024-06-28 20:06:15,2024-06-28 20:50:15,UberPool,560.67,7.49,4.58,Completed
8297,2041,4569,5018,3700,2023-12-01 13:32:38,2023-12-01 14:14:38,UberBlack,294.41,1.65,3.99,Completed
8298,8622,8255,4879,5922,2023-08-09 00:52:56,2023-08-09 01:35:56,UberBlack,178.84,3.51,4.94,Completed
8299,4168,9314,2022,8923,2023-12-03 19:21:59,2023-12-03 19:58:59,UberPool,279.83,5.33,4.49,Completed
8300,9372,1572,6281,8443,2024-07-08 02:24:38,2024-07-08 02:44:38,UberBlack,437.23,14.55,5.0,Completed
8301,3074,2446,7706,4326,2024-09-11 14:31:08,2024-09-11 14:48:08,UberX,150.2,5.63,3.55,Completed
8302,4508,2195,7403,2662,2024-08-30 16:51:25,2024-08-30 17:03:25,UberPool,255.37,16.01,4.12,Completed
8303,7846,1572,4337,7732,2025-06-19 16:32:50,2025-06-19 17:13:50,UberPool,333.58,4.89,3.8,Completed
8304,8738,623,8562,2863,2025-06-08 13:10:42,2025-06-08 13:47:42,UberX,206.54,5.59,4.84,Completed
8305,6537,3973,9553,9161,2025-07-21 16:30:11,2025-07-21 16:46:11,UberPool,727.4,10.8,4.21,Completed
8306,8289,5986,3228,7880,2025-02-04 01:28:43,2025-02-04 02:08:43,UberBlack,616.33,5.23,4.4,Completed
8307,2716,2577,924,6012,2024-01-20 04:05:14,2024-01-20 04:11:14,UberPool,487.95,15.9,4.14,Completed
8308,6796,7487,2142,7476,2024-07-15 14:25:35,2024-07-15 15:01:35,UberBlack,336.87,9.6,4.51,Completed
8309,513,259,2553,2417,2025-05-19 17:36:58,2025-05-19 17:53:58,UberX,165.48,6.88,3.79,Completed
8310,5890,5853,208,5043,2023-10-16 16:53:28,2023-10-16 17:37:28,UberPool,507.78,9.34,3.69,Completed
8311,3530,6465,4138,7840,2024-05-03 15:21:22,2024-05-03 15:32:22,UberBlack,623.26,9.16,4.56,Cancelled
8312,3530,599,950,5107,2024-08-13 16:17:21,2024-08-13 16:33:21,UberX,368.97,10.01,4.6,Completed
8313,9024,4059,4102,1975,2025-04-08 07:33:33,2025-04-08 08:05:33,UberBlack,214.96,16.69,4.9,Completed
8314,5828,2754,586,9700,2023-10-16 02:52:23,2023-10-16 03:07:23,UberBlack,402.32,5.73,4.67,Completed
8315,9459,3805,7821,657,2025-04-28 18:45:46,2025-04-28 19:24:46,UberPool,123.63,1.28,4.77,Completed
8316,854,2258,8542,1575,2024-02-29 16:58:26,2024-02-29 17:26:26,UberPool,589.37,10.39,4.45,Completed
8317,4254,5799,8617,1640,2023-08-22 04:28:06,2023-08-22 05:07:06,UberX,61.43,16.88,4.88,Completed
8318,6663,7592,7292,8393,2024-06-14 18:54:54,2024-06-14 19:23:54,UberBlack,321.98,7.67,3.62,Completed
8319,6634,1032,1730,6744,2024-11-17 13:13:51,2024-11-17 13:28:51,UberBlack,682.12,12.38,3.57,Completed
8320,9701,3131,8583,6493,2023-12-15 02:48:45,2023-12-15 03:23:45,UberPool,762.65,11.24,4.16,No Show
8321,1889,38,3499,6939,2025-03-18 23:09:57,2025-03-18 23:33:57,UberX,713.22,3.03,4.86,Completed
8322,6140,2161,149,2757,2024-03-23 23:57:34,2024-03-24 00:08:34,UberPool,621.27,17.95,4.8,Cancelled
8323,670,1053,9638,3544,2025-05-16 02:34:47,2025-05-16 02:42:47,UberPool,83.54,9.79,4.19,Completed
8324,1041,8511,6645,1030,2024-08-24 10:44:11,2024-08-24 10:56:11,UberX,329.03,13.89,4.01,Completed
8325,6411,5016,8480,4296,2023-11-06 23:11:33,2023-11-06 23:30:33,UberX,466.53,2.29,4.97,Completed
8326,6130,64,3511,5826,2023-10-30 13:18:57,2023-10-30 13:29:57,UberX,665.47,8.41,4.03,Completed
8327,7344,6922,5656,9988,2023-11-24 18:35:40,2023-11-24 19:13:40,UberPool,399.67,13.68,4.81,Completed
8328,5847,8660,3949,256,2024-02-13 19:28:59,2024-02-13 20:09:59,UberX,356.44,15.19,4.63,Completed
8329,2771,2536,7287,837,2024-04-24 05:06:36,2024-04-24 05:43:36,UberX,262.49,7.01,3.74,Completed
8330,3195,8730,8554,66,2023-10-19 19:56:45,2023-10-19 20:28:45,UberBlack,761.11,2.87,3.66,Completed
8331,3501,9814,7162,3295,2024-07-31 03:37:47,2024-07-31 03:46:47,UberBlack,157.82,11.34,4.28,Completed
8332,7228,1387,7108,3884,2024-01-30 07:28:54,2024-01-30 07:55:54,UberBlack,580.25,1.42,4.43,Completed
8333,6035,2728,9330,2951,2024-04-24 14:09:33,2024-04-24 14:30:33,UberPool,569.67,3.92,3.51,Completed
8334,6856,8306,8331,9626,2024-10-24 00:15:36,2024-10-24 00:31:36,UberPool,167.87,16.49,4.7,Cancelled
8335,8209,2092,9243,1556,2024-04-17 10:09:38,2024-04-17 10:37:38,UberPool,684.87,3.78,4.82,No Show
8336,4033,4452,1339,9632,2024-08-21 10:43:35,2024-08-21 10:49:35,UberX,359.77,18.5,4.59,Completed
8337,7102,3139,5855,543,2025-04-17 18:50:10,2025-04-17 19:14:10,UberPool,294.62,19.52,4.46,Completed
8338,8748,1998,6964,3573,2023-12-03 14:20:00,2023-12-03 14:53:00,UberX,434.3,7.13,4.89,Completed
8339,6667,2327,3259,4946,2024-04-02 18:31:23,2024-04-02 19:03:23,UberX,500.17,14.37,4.43,Cancelled
8340,4996,9804,980,4923,2025-03-16 16:50:23,2025-03-16 17:26:23,UberPool,155.8,18.11,4.88,Completed
8341,1133,1527,6685,2292,2025-08-02 04:09:53,2025-08-02 04:24:53,UberPool,635.33,11.2,4.28,Completed
8342,7605,4065,4736,834,2025-04-20 15:13:05,2025-04-20 15:25:05,UberPool,505.01,11.45,4.24,Completed
8343,6768,2858,5385,7059,2024-03-16 07:46:20,2024-03-16 07:56:20,UberX,132.34,9.33,3.52,Completed
8344,7395,4127,1482,8675,2025-03-15 18:48:28,2025-03-15 19:15:28,UberPool,450.11,14.18,4.21,Completed
8345,7686,6263,7587,4650,2024-11-15 22:58:45,2024-11-15 23:07:45,UberX,121.53,9.54,3.89,Completed
8346,3759,3257,8036,5488,2024-01-02 03:30:10,2024-01-02 03:58:10,UberBlack,93.44,3.59,4.56,Completed
8347,9636,6605,5227,9535,2025-04-15 08:46:01,2025-04-15 09:23:01,UberPool,489.83,12.46,4.87,Completed
8348,1539,22,2252,1552,2024-07-25 03:22:26,2024-07-25 03:55:26,UberX,316.24,7.65,3.67,Completed
8349,2233,2950,4601,2231,2024-06-02 04:41:17,2024-06-02 04:49:17,UberBlack,138.59,9.55,4.06,Completed
8350,6812,3710,5634,868,2024-12-19 00:04:33,2024-12-19 00:24:33,UberBlack,572.89,16.99,4.83,Completed
8351,4908,8966,8459,3767,2025-06-28 07:28:04,2025-06-28 08:05:04,UberPool,735.94,17.87,3.78,Completed
8352,1523,4775,3955,4467,2023-12-31 08:38:09,2023-12-31 09:12:09,UberBlack,784.39,17.83,3.57,Completed
8353,1974,6874,3685,846,2025-07-27 03:13:50,2025-07-27 03:49:50,UberPool,760.64,13.53,4.17,No Show
8354,4740,3087,69,5846,2023-09-26 08:21:22,2023-09-26 08:41:22,UberX,727.8,7.82,4.51,Completed
8355,6813,3637,4847,1613,2025-02-16 07:17:37,2025-02-16 07:33:37,UberPool,193.48,4.85,4.02,Completed
8356,9406,2053,3645,6259,2024-01-09 17:35:16,2024-01-09 18:01:16,UberPool,305.48,12.15,4.02,Cancelled
8357,3044,4522,5008,6955,2023-10-05 04:53:12,2023-10-05 05:07:12,UberPool,77.34,5.35,4.85,Completed
8358,8696,5413,2474,5476,2023-09-18 04:19:32,2023-09-18 04:31:32,UberBlack,260.57,5.45,4.67,Completed
8359,3304,6173,3638,5199,2024-09-29 16:24:02,2024-09-29 16:30:02,UberBlack,110.45,4.7,4.87,Completed
8360,965,6089,6137,3849,2024-05-18 15:32:58,2024-05-18 15:58:58,UberBlack,392.84,9.1,4.35,Completed
8361,7342,8192,2789,7905,2024-12-13 10:59:45,2024-12-13 11:22:45,UberBlack,381.2,19.38,4.25,Completed
8362,1472,6735,1203,2540,2024-05-03 13:55:25,2024-05-03 14:40:25,UberBlack,482.47,15.71,3.81,Cancelled
8363,5130,5952,8887,8970,2024-07-05 12:24:02,2024-07-05 12:48:02,UberPool,283.15,12.53,4.1,Completed
8364,4797,3526,4480,8455,2023-09-10 21:06:01,2023-09-10 21:24:01,UberX,430.63,16.15,4.22,Completed
8365,9345,7897,3127,5895,2024-04-03 10:15:00,2024-04-03 10:26:00,UberX,368.2,17.3,3.64,Completed
8366,1258,1216,1470,8346,2024-10-30 20:10:18,2024-10-30 20:36:18,UberBlack,580.2,7.07,3.66,Completed
8367,2579,3788,9595,1603,2024-11-01 20:51:07,2024-11-01 21:13:07,UberX,706.06,13.29,3.71,No Show
8368,5627,201,5945,7876,2023-10-10 16:43:20,2023-10-10 17:20:20,UberPool,182.18,4.5,4.23,Completed
8369,7624,8746,9301,6882,2024-08-22 22:22:28,2024-08-22 22:32:28,UberX,512.51,2.8,4.0,Completed
8370,9616,4311,7894,5487,2024-06-07 22:34:12,2024-06-07 23:10:12,UberBlack,269.94,3.4,4.99,Completed
8371,8125,4066,5309,1979,2024-04-30 15:51:02,2024-04-30 16:13:02,UberX,611.76,11.11,4.89,Completed
8372,7076,9221,8094,3526,2024-03-22 21:06:38,2024-03-22 21:50:38,UberPool,644.2,4.52,4.12,Completed
8373,4254,1387,7152,9551,2024-12-30 08:45:39,2024-12-30 09:23:39,UberX,613.64,5.39,4.06,Completed
8374,8549,4677,4152,4019,2024-12-21 00:01:09,2024-12-21 00:28:09,UberPool,471.3,12.03,3.59,Completed
8375,2171,1907,3575,6794,2024-11-30 08:59:11,2024-11-30 09:05:11,UberBlack,687.64,17.13,4.78,Completed
8376,3994,3962,4351,9275,2024-03-27 03:06:13,2024-03-27 03:23:13,UberBlack,182.87,1.8,3.53,Completed
8377,9799,1253,6707,5074,2023-09-27 22:18:08,2023-09-27 22:59:08,UberPool,320.48,8.89,4.55,Completed
8378,2701,2814,1785,3690,2024-07-19 16:29:16,2024-07-19 17:00:16,UberBlack,111.67,15.34,4.69,Completed
8379,908,541,4769,2015,2024-08-05 11:31:59,2024-08-05 11:55:59,UberBlack,653.35,12.82,3.59,Completed
8380,8895,7713,6213,657,2024-07-12 01:23:13,2024-07-12 01:40:13,UberBlack,753.75,12.73,3.79,Completed
8381,1197,6917,3966,6848,2024-05-18 11:40:14,2024-05-18 12:15:14,UberPool,506.09,1.4,3.85,Completed
8382,4630,1927,3361,1328,2024-09-26 08:01:48,2024-09-26 08:06:48,UberX,378.38,15.16,4.34,Completed
8383,4499,7303,9176,7260,2023-11-21 19:07:29,2023-11-21 19:35:29,UberBlack,298.93,7.24,3.76,Completed
8384,8493,9937,3007,3508,2024-02-01 13:02:23,2024-02-01 13:35:23,UberX,386.92,6.3,3.53,Completed
8385,9013,3524,2397,8878,2023-10-23 08:33:59,2023-10-23 09:11:59,UberBlack,500.75,2.61,3.96,Completed
8386,5497,6752,5896,1093,2024-07-02 07:05:37,2024-07-02 07:17:37,UberBlack,364.9,4.25,4.31,Completed
8387,9437,735,5304,6353,2024-04-19 23:09:48,2024-04-19 23:44:48,UberBlack,283.21,6.8,3.93,Completed
8388,1650,3126,4001,4634,2024-09-23 20:44:41,2024-09-23 21:18:41,UberPool,489.95,13.21,3.65,Completed
8389,2788,1489,2025,471,2024-06-26 03:14:21,2024-06-26 03:22:21,UberBlack,67.9,4.05,4.24,Completed
8390,561,4864,7389,7730,2024-03-02 02:31:56,2024-03-02 03:01:56,UberX,728.39,16.98,4.8,Completed
8391,4797,7957,7629,8287,2024-07-27 16:56:08,2024-07-27 17:39:08,UberPool,266.67,2.73,4.37,Cancelled
8392,3940,7727,5678,2676,2025-07-29 01:15:17,2025-07-29 01:29:17,UberBlack,301.07,11.17,3.67,Completed
8393,3448,3114,1020,329,2023-09-09 22:12:45,2023-09-09 22:39:45,UberX,797.54,14.71,4.86,Completed
8394,7332,2250,4012,3180,2025-05-02 00:00:23,2025-05-02 00:18:23,UberBlack,258.55,11.36,3.53,Cancelled
8395,9881,6223,2672,9358,2023-12-22 22:47:07,2023-12-22 23:02:07,UberPool,489.06,8.04,4.18,Completed
8396,48,1232,7786,7094,2024-07-03 12:11:41,2024-07-03 12:54:41,UberX,663.2,18.22,3.94,Completed
8397,7994,1314,4627,9115,2023-08-27 00:57:42,2023-08-27 01:41:42,UberBlack,344.91,6.48,4.44,Completed
8398,4274,7016,958,565,2023-10-10 04:41:25,2023-10-10 05:06:25,UberPool,638.9,18.1,4.4,Completed
8399,1162,3435,832,9608,2025-04-03 05:03:43,2025-04-03 05:35:43,UberX,285.81,14.22,3.7,Completed
8400,9166,2289,3496,6964,2024-07-05 10:52:50,2024-07-05 11:34:50,UberPool,251.71,13.49,4.11,Completed
8401,4902,2843,176,3786,2024-10-03 19:18:49,2024-10-03 19:40:49,UberPool,651.65,5.13,3.97,Completed
8402,8252,6434,3860,7709,2023-09-09 01:40:48,2023-09-09 01:54:48,UberPool,770.37,3.38,3.68,Completed
8403,590,8625,9285,1359,2024-02-17 04:34:45,2024-02-17 04:39:45,UberX,289.79,13.28,4.9,Completed
8404,7755,7203,5050,6818,2024-08-08 22:51:23,2024-08-08 23:12:23,UberBlack,632.17,3.06,4.41,Completed
8405,4921,3774,4901,9079,2025-04-16 17:34:24,2025-04-16 17:52:24,UberBlack,317.01,11.37,3.84,Completed
8406,2113,7789,452,30,2024-02-28 03:29:24,2024-02-28 03:36:24,UberBlack,559.06,4.51,3.94,Completed
8407,4381,6814,9652,7472,2024-01-07 03:32:51,2024-01-07 04:01:51,UberX,699.37,14.01,3.58,Completed
8408,5879,2808,4974,219,2024-06-20 00:45:29,2024-06-20 01:21:29,UberPool,476.24,13.04,4.58,Completed
8409,8772,6579,7343,8554,2024-10-31 04:13:06,2024-10-31 04:58:06,UberPool,386.17,11.89,3.6,Completed
8410,1980,1550,5340,8957,2024-12-16 08:03:38,2024-12-16 08:16:38,UberBlack,271.76,3.0,3.73,Cancelled
8411,477,5264,5471,9963,2025-07-05 23:28:53,2025-07-06 00:10:53,UberX,141.64,17.29,3.84,Completed
8412,9850,2764,5109,4841,2024-03-16 07:20:18,2024-03-16 07:58:18,UberX,198.22,9.44,4.2,Completed
8413,5955,2413,6763,1926,2025-05-25 08:40:17,2025-05-25 09:01:17,UberX,708.37,17.01,4.8,No Show
8414,1888,7931,1776,3230,2025-01-26 07:08:40,2025-01-26 07:30:40,UberPool,615.7,6.16,3.55,Cancelled
8415,1738,557,559,4694,2024-05-28 04:30:11,2024-05-28 05:08:11,UberPool,385.36,17.4,4.22,Completed
8416,5812,4055,6479,3965,2025-08-03 09:56:12,2025-08-03 10:09:12,UberX,762.46,8.06,3.65,Completed
8417,6633,1271,6096,172,2024-10-13 19:33:23,2024-10-13 19:45:23,UberX,468.42,15.13,3.98,Completed
8418,4550,7852,4078,3634,2023-09-21 10:51:57,2023-09-21 11:03:57,UberX,629.01,19.93,4.78,No Show
8419,1867,9197,8261,2002,2024-05-12 19:00:07,2024-05-12 19:27:07,UberPool,753.02,15.42,4.66,Completed
8420,8405,7951,9978,5442,2024-03-15 18:55:40,2024-03-15 19:33:40,UberBlack,690.98,15.38,4.63,No Show
8421,8209,9403,314,4940,2025-03-11 09:23:36,2025-03-11 09:49:36,UberX,173.89,17.12,4.21,Completed
8422,9012,5144,835,1877,2024-12-21 00:51:45,2024-12-21 01:19:45,UberX,149.89,5.61,3.64,No Show
8423,89,6902,9995,958,2025-01-09 18:24:03,2025-01-09 19:06:03,UberX,100.17,18.51,4.63,Completed
8424,1045,5168,708,455,2024-06-10 16:22:27,2024-06-10 16:27:27,UberBlack,388.92,9.15,3.95,Completed
8425,2292,3615,8092,5603,2024-01-30 19:09:59,2024-01-30 19:14:59,UberBlack,599.89,9.26,4.66,Completed
8426,9308,124,6458,9710,2024-04-23 06:30:14,2024-04-23 06:40:14,UberBlack,585.33,7.59,3.91,Completed
8427,7500,6372,5516,6354,2025-02-03 12:37:37,2025-02-03 13:21:37,UberX,297.83,12.42,4.09,Completed
8428,7130,1164,2724,1268,2024-03-05 03:53:55,2024-03-05 04:27:55,UberPool,654.8,4.52,3.81,Cancelled
8429,5980,3419,1095,9280,2025-04-04 17:13:15,2025-04-04 17:18:15,UberX,588.29,8.24,3.55,Completed
8430,6772,6533,2118,8220,2023-10-11 00:21:25,2023-10-11 00:43:25,UberPool,535.69,17.15,3.56,Completed
8431,2727,935,9415,9421,2024-04-14 09:08:07,2024-04-14 09:50:07,UberBlack,377.37,8.97,4.96,Completed
8432,2774,6166,5611,8008,2024-02-11 18:39:05,2024-02-11 19:12:05,UberX,798.04,8.95,4.05,Completed
8433,5825,6750,7508,5543,2023-09-09 20:10:35,2023-09-09 20:18:35,UberPool,74.45,6.76,4.32,Cancelled
8434,1543,1492,5756,3843,2024-04-04 14:39:44,2024-04-04 14:49:44,UberPool,638.21,7.05,4.53,Completed
8435,5929,9506,9998,4989,2023-12-31 14:13:57,2023-12-31 14:45:57,UberPool,290.71,19.77,3.52,Completed
8436,3728,3628,5479,330,2024-12-27 14:04:35,2024-12-27 14:40:35,UberBlack,294.03,19.89,4.64,Completed
8437,137,5923,6693,2321,2024-09-18 10:34:40,2024-09-18 11:02:40,UberPool,294.63,11.08,3.75,Completed
8438,210,466,4593,5359,2024-07-04 20:23:12,2024-07-04 21:00:12,UberBlack,463.42,4.33,4.76,Completed
8439,2352,6365,6924,2726,2024-02-09 14:35:18,2024-02-09 14:56:18,UberBlack,56.36,13.28,4.21,Completed
8440,4405,2590,4741,127,2024-08-12 09:13:14,2024-08-12 09:35:14,UberX,420.52,18.25,4.43,Completed
8441,7523,4056,4220,1660,2024-07-31 08:29:01,2024-07-31 08:37:01,UberPool,341.32,8.88,4.6,Completed
8442,19,6816,828,3192,2023-12-11 20:36:50,2023-12-11 21:02:50,UberBlack,240.23,9.78,4.04,Completed
8443,1908,9523,986,5608,2024-05-22 12:56:10,2024-05-22 13:04:10,UberBlack,229.41,7.2,5.0,Completed
8444,1853,6509,7423,9146,2024-01-21 01:14:29,2024-01-21 01:21:29,UberBlack,183.44,3.36,4.28,Cancelled
8445,5723,7597,375,8098,2025-03-06 17:45:29,2025-03-06 18:28:29,UberX,705.78,4.97,3.67,Completed
8446,4256,6671,1734,5733,2024-11-09 03:56:57,2024-11-09 04:30:57,UberBlack,81.86,5.11,4.13,Completed
8447,8659,7015,4184,5314,2024-12-17 03:21:08,2024-12-17 03:57:08,UberX,420.97,11.87,4.36,Completed
8448,6568,5226,9442,2971,2025-05-21 10:19:41,2025-05-21 10:53:41,UberBlack,235.21,5.9,3.75,Completed
8449,6737,2630,7072,629,2023-12-09 05:37:23,2023-12-09 06:15:23,UberPool,267.44,7.71,4.69,Completed
8450,3095,4429,2427,416,2025-02-11 02:21:55,2025-02-11 02:47:55,UberBlack,771.27,17.17,4.08,Completed
8451,7496,8755,54,7151,2025-05-03 06:29:39,2025-05-03 07:08:39,UberX,436.01,12.75,4.86,Completed
8452,6449,7790,4456,4822,2024-10-17 04:51:33,2024-10-17 04:57:33,UberBlack,195.31,7.1,3.81,Completed
8453,6537,9498,7062,899,2023-09-25 04:19:22,2023-09-25 05:02:22,UberX,695.73,13.07,3.81,Completed
8454,5078,7802,2703,5301,2025-01-07 15:33:48,2025-01-07 15:40:48,UberPool,614.06,15.6,3.64,Completed
8455,6351,3399,7151,7909,2024-03-29 04:46:40,2024-03-29 05:03:40,UberPool,146.73,2.66,3.94,Completed
8456,2019,520,1289,4442,2024-07-08 10:22:46,2024-07-08 11:05:46,UberPool,702.1,10.3,4.13,Completed
8457,9638,253,7561,461,2025-05-27 16:32:30,2025-05-27 16:39:30,UberBlack,405.69,11.76,3.77,Cancelled
8458,7892,9780,9807,2630,2024-11-21 14:18:24,2024-11-21 14:34:24,UberBlack,619.58,19.33,3.52,Completed
8459,7420,985,2736,6515,2024-07-01 01:30:24,2024-07-01 01:39:24,UberX,514.13,9.03,4.63,Completed
8460,2368,5754,5955,9250,2024-09-16 16:40:15,2024-09-16 17:14:15,UberPool,478.96,16.16,4.57,Completed
8461,6808,4696,6414,7581,2024-05-01 09:23:30,2024-05-01 10:03:30,UberX,719.86,14.65,3.74,No Show
8462,8725,4353,9279,7736,2023-10-04 18:31:09,2023-10-04 19:03:09,UberPool,685.78,7.12,4.19,Completed
8463,48,9990,3261,7458,2023-11-22 20:41:09,2023-11-22 21:21:09,UberPool,259.75,16.03,4.72,Completed
8464,3972,1762,868,6880,2025-05-21 02:47:20,2025-05-21 03:22:20,UberX,287.27,3.7,4.3,Completed
8465,3112,4514,9062,4272,2024-06-13 07:15:18,2024-06-13 07:57:18,UberX,397.12,19.78,3.89,Cancelled
8466,560,6268,1713,3550,2025-03-28 11:57:53,2025-03-28 12:25:53,UberBlack,215.42,16.6,4.51,Completed
8467,5309,8087,9274,3593,2024-08-17 01:29:24,2024-08-17 01:37:24,UberBlack,71.76,8.58,4.27,Completed
8468,8147,2177,7951,6803,2024-01-28 08:02:00,2024-01-28 08:11:00,UberX,58.3,18.64,3.54,Completed
8469,7978,9918,6264,9650,2024-11-04 23:12:22,2024-11-04 23:33:22,UberPool,601.45,18.68,4.07,Completed
8470,7496,3997,1679,372,2023-08-17 21:52:28,2023-08-17 22:32:28,UberBlack,397.73,13.85,3.95,Completed
8471,5436,5184,8214,6045,2025-02-22 22:03:28,2025-02-22 22:36:28,UberBlack,101.53,6.23,3.72,Completed
8472,1274,2379,853,9059,2024-09-17 02:54:46,2024-09-17 03:19:46,UberBlack,731.13,5.7,3.67,Completed
8473,1234,1981,1027,1773,2025-05-25 12:05:03,2025-05-25 12:11:03,UberBlack,203.25,3.55,4.05,Completed
8474,583,5684,6632,8413,2024-12-06 16:37:03,2024-12-06 16:45:03,UberX,104.76,12.19,4.0,Completed
8475,1075,1670,1980,868,2024-07-04 23:23:48,2024-07-04 23:35:48,UberPool,685.86,7.26,3.88,Completed
8476,9433,3435,7449,222,2024-11-04 18:25:46,2024-11-04 18:41:46,UberBlack,245.51,9.49,4.31,Completed
8477,9520,6200,2485,7224,2025-05-24 06:59:09,2025-05-24 07:11:09,UberPool,464.58,5.83,3.59,Completed
8478,7631,2568,1428,1500,2024-12-24 00:46:11,2024-12-24 01:17:11,UberBlack,281.49,5.91,4.74,Completed
8479,1608,7784,8062,3117,2025-07-06 00:50:00,2025-07-06 01:30:00,UberBlack,319.32,4.34,4.96,Completed
8480,6773,5601,1889,303,2025-04-12 12:12:28,2025-04-12 12:54:28,UberBlack,401.42,3.81,3.66,No Show
8481,3719,2656,6949,4505,2024-02-20 21:25:21,2024-02-20 21:50:21,UberPool,731.44,2.76,3.99,Completed
8482,1606,8953,767,6380,2025-01-04 01:23:51,2025-01-04 01:55:51,UberBlack,662.93,12.31,3.63,No Show
8483,274,942,7076,2668,2024-01-31 02:20:25,2024-01-31 02:59:25,UberX,173.88,15.87,4.65,Completed
8484,7603,7429,2689,9413,2024-12-22 13:32:09,2024-12-22 13:56:09,UberPool,760.84,1.49,4.53,Completed
8485,6972,3440,9431,8834,2024-09-18 17:40:23,2024-09-18 18:23:23,UberBlack,435.74,5.04,4.81,Completed
8486,8213,2289,4029,1984,2024-01-02 10:57:49,2024-01-02 11:15:49,UberPool,620.95,12.73,4.92,Completed
8487,3079,8091,5117,2184,2024-08-18 01:52:21,2024-08-18 02:32:21,UberX,311.76,1.06,4.38,Completed
8488,7730,7789,9298,6736,2024-02-17 01:39:02,2024-02-17 01:55:02,UberBlack,651.1,19.49,4.95,Cancelled
8489,986,8931,5011,3551,2023-09-06 19:44:54,2023-09-06 19:51:54,UberX,428.25,3.42,4.09,Completed
8490,8840,4142,3194,6842,2025-02-09 18:43:19,2025-02-09 19:28:19,UberPool,219.44,3.28,4.87,Completed
8491,3093,6250,355,2356,2023-12-05 04:51:18,2023-12-05 05:04:18,UberX,144.79,12.26,4.17,Completed
8492,2578,8103,8771,7063,2024-05-14 13:13:04,2024-05-14 13:26:04,UberPool,513.29,2.97,3.62,Completed
8493,1454,4407,581,8933,2025-01-21 00:37:48,2025-01-21 00:57:48,UberBlack,360.32,19.83,4.4,Completed
8494,1858,1367,6216,8090,2024-04-16 03:46:13,2024-04-16 03:53:13,UberBlack,85.74,15.32,4.22,Completed
8495,1219,4625,5668,3428,2023-12-17 13:23:06,2023-12-17 13:55:06,UberPool,473.9,6.49,3.53,Completed
8496,5429,4488,7103,1758,2025-05-03 01:06:05,2025-05-03 01:11:05,UberBlack,510.2,7.01,4.54,Completed
8497,9956,1893,8731,3744,2025-03-17 23:25:53,2025-03-18 00:02:53,UberX,514.83,1.79,4.08,Completed
8498,5865,5151,3677,4231,2025-04-08 04:18:52,2025-04-08 04:23:52,UberX,430.46,7.57,4.43,Completed
8499,7323,321,9545,3718,2024-09-22 01:13:19,2024-09-22 01:41:19,UberBlack,717.79,6.84,3.62,Completed
8500,5627,4766,9955,8093,2025-05-24 08:06:50,2025-05-24 08:20:50,UberPool,365.51,14.77,3.7,Completed
8501,9809,3594,3001,6017,2024-03-03 07:09:28,2024-03-03 07:33:28,UberBlack,240.22,5.01,4.21,Completed
8502,1788,3110,2318,7109,2025-02-03 04:48:44,2025-02-03 05:03:44,UberBlack,212.7,9.47,3.57,Completed
8503,2855,4197,7280,9240,2023-08-30 05:18:21,2023-08-30 05:27:21,UberBlack,483.73,16.97,3.98,Completed
8504,8802,5487,2909,8612,2025-01-01 16:28:15,2025-01-01 16:39:15,UberPool,696.61,7.61,4.82,Completed
8505,2980,6225,8895,993,2025-06-19 14:08:23,2025-06-19 14:43:23,UberX,704.07,10.65,3.71,Completed
8506,8191,4208,2660,8453,2023-09-19 22:55:36,2023-09-19 23:23:36,UberX,104.1,11.91,4.5,Completed
8507,4335,9896,714,1038,2025-04-29 03:51:53,2025-04-29 04:01:53,UberPool,742.61,8.79,3.62,Completed
8508,3750,4964,4373,2943,2024-01-24 13:06:15,2024-01-24 13:31:15,UberX,654.5,2.2,4.46,Completed
8509,9477,1989,6180,9544,2024-12-08 06:35:31,2024-12-08 07:19:31,UberX,393.34,11.72,4.98,Completed
8510,2938,3919,7920,3965,2024-05-11 00:20:21,2024-05-11 01:05:21,UberX,118.78,1.49,4.26,Completed
8511,1810,938,8921,4276,2024-01-21 12:54:35,2024-01-21 13:24:35,UberX,443.42,15.67,4.7,Completed
8512,9167,8390,8954,8078,2023-11-23 14:30:59,2023-11-23 14:59:59,UberX,658.8,1.53,4.56,Completed
8513,5521,8228,9297,3000,2024-02-28 09:47:42,2024-02-28 10:19:42,UberX,401.38,5.51,4.9,Completed
8514,6945,5938,4960,9453,2025-06-05 04:24:26,2025-06-05 05:00:26,UberPool,300.92,2.87,4.17,Completed
8515,8821,2744,2197,2622,2024-03-13 15:32:38,2024-03-13 15:37:38,UberPool,277.54,10.87,3.64,Completed
8516,6853,5560,948,1568,2024-04-10 05:14:32,2024-04-10 05:52:32,UberPool,502.66,9.07,3.87,Completed
8517,377,6018,6401,2557,2024-07-11 08:05:48,2024-07-11 08:26:48,UberX,202.42,4.39,4.36,Completed
8518,2968,8869,5605,3432,2024-06-18 17:00:28,2024-06-18 17:15:28,UberBlack,774.33,14.45,4.11,Completed
8519,4417,890,8396,4408,2024-08-28 11:07:11,2024-08-28 11:28:11,UberBlack,264.09,4.58,3.97,Completed
8520,4928,5487,277,7234,2024-09-22 14:37:03,2024-09-22 14:48:03,UberX,571.31,2.05,3.9,Completed
8521,2773,6275,3196,3015,2025-07-25 05:21:01,2025-07-25 05:29:01,UberX,498.22,10.66,4.25,Completed
8522,8437,5143,8739,1105,2025-03-06 01:03:52,2025-03-06 01:31:52,UberPool,758.69,13.48,4.97,Completed
8523,7212,7678,897,5491,2025-05-07 22:15:31,2025-05-07 22:28:31,UberX,77.13,6.38,3.62,Completed
8524,6269,7006,8360,5303,2025-05-21 23:29:25,2025-05-22 00:08:25,UberPool,638.21,16.19,4.5,Completed
8525,8808,1338,9473,3120,2024-02-13 21:21:51,2024-02-13 21:33:51,UberBlack,234.05,17.44,4.84,Completed
8526,7564,1713,8906,3261,2024-01-15 11:41:50,2024-01-15 11:59:50,UberBlack,719.82,16.7,3.53,Cancelled
8527,2056,6800,1361,5590,2024-04-10 21:13:40,2024-04-10 21:37:40,UberX,54.31,3.3,3.82,Completed
8528,8633,4973,5905,4950,2023-10-17 03:41:27,2023-10-17 04:16:27,UberBlack,59.81,2.64,4.31,Completed
8529,7287,9123,8391,7843,2024-06-04 06:03:54,2024-06-04 06:37:54,UberBlack,301.28,2.68,4.33,Completed
8530,5103,8132,3429,7659,2024-06-08 19:54:38,2024-06-08 20:27:38,UberPool,119.99,19.88,3.65,Completed
8531,5740,486,2524,6284,2023-09-04 11:56:56,2023-09-04 12:30:56,UberBlack,540.47,3.98,4.88,Completed
8532,6998,3010,3524,6831,2024-08-27 06:27:24,2024-08-27 06:43:24,UberPool,788.4,4.36,4.12,Cancelled
8533,2039,4594,2542,3487,2024-08-11 21:58:44,2024-08-11 22:39:44,UberPool,579.83,11.66,4.95,Completed
8534,7673,8356,6834,409,2023-12-29 13:10:06,2023-12-29 13:18:06,UberX,636.08,16.82,4.17,Completed
8535,6721,4488,7951,2994,2024-09-13 16:10:56,2024-09-13 16:41:56,UberPool,523.85,17.84,4.58,Completed
8536,527,7912,8097,4172,2024-07-02 23:30:31,2024-07-03 00:03:31,UberX,465.96,10.04,3.74,Completed
8537,2961,5905,4576,1452,2024-06-05 13:36:44,2024-06-05 14:13:44,UberPool,516.89,8.07,4.55,Completed
8538,1736,8803,7184,4722,2025-07-04 14:06:07,2025-07-04 14:24:07,UberPool,541.13,17.43,3.87,Completed
8539,6040,4752,3377,2423,2025-07-20 09:27:13,2025-07-20 09:48:13,UberBlack,743.52,19.73,3.61,No Show
8540,347,6185,5878,2725,2024-07-23 13:58:23,2024-07-23 14:37:23,UberPool,442.72,17.23,4.99,Completed
8541,1682,1918,740,7158,2024-01-01 06:42:52,2024-01-01 06:51:52,UberBlack,594.88,13.31,4.93,Completed
8542,6638,3660,5680,3381,2025-04-14 21:43:41,2025-04-14 22:06:41,UberX,53.5,9.62,4.49,Completed
8543,1168,2101,7974,9979,2024-07-31 02:25:31,2024-07-31 02:53:31,UberX,569.14,7.47,4.74,Completed
8544,2221,8265,8377,2804,2024-09-06 12:55:09,2024-09-06 13:01:09,UberBlack,55.18,8.27,4.55,Completed
8545,8415,2402,8749,8044,2024-09-22 20:39:22,2024-09-22 21:22:22,UberBlack,313.42,5.6,3.96,Cancelled
8546,1026,5950,3462,7834,2025-07-17 04:30:30,2025-07-17 05:01:30,UberPool,492.54,14.48,4.72,Completed
8547,2856,7784,3186,8776,2025-06-10 05:38:38,2025-06-10 06:05:38,UberX,365.33,5.62,4.47,Completed
8548,4593,1981,1065,573,2024-06-18 23:38:16,2024-06-19 00:16:16,UberX,505.58,8.16,4.44,Completed
8549,7826,9819,1220,8678,2025-02-12 07:11:39,2025-02-12 07:55:39,UberBlack,236.7,5.73,4.54,Completed
8550,7517,2322,4429,3774,2025-02-02 23:15:23,2025-02-02 23:34:23,UberBlack,521.42,14.93,4.67,Cancelled
8551,184,7543,24,5615,2024-10-01 11:40:16,2024-10-01 11:56:16,UberPool,661.13,14.12,4.18,Completed
8552,4038,7057,1405,178,2025-02-03 03:53:54,2025-02-03 04:07:54,UberPool,789.31,10.2,3.8,Cancelled
8553,6508,8523,4635,3717,2025-07-06 18:53:31,2025-07-06 19:04:31,UberBlack,775.67,5.82,4.34,Completed
8554,6957,3386,3978,1702,2024-05-31 10:53:43,2024-05-31 11:29:43,UberX,433.72,5.26,3.81,Completed
8555,6427,8202,3668,2265,2024-07-21 02:07:32,2024-07-21 02:40:32,UberX,454.76,7.18,3.97,Completed
8556,5982,2718,7792,8929,2023-10-26 16:01:51,2023-10-26 16:36:51,UberBlack,622.13,2.43,4.38,Completed
8557,9588,4011,143,6092,2024-11-16 01:22:44,2024-11-16 01:36:44,UberX,64.72,2.93,4.58,Completed
8558,3428,9176,5333,5075,2025-07-15 19:58:44,2025-07-15 20:27:44,UberX,490.27,9.07,4.45,Completed
8559,7438,9988,9766,897,2025-02-12 02:48:19,2025-02-12 03:25:19,UberBlack,211.44,9.34,3.6,Completed
8560,8516,110,4955,654,2024-07-24 23:51:50,2024-07-25 00:11:50,UberBlack,241.62,12.4,4.29,Completed
8561,4518,6583,4906,4777,2023-10-26 08:12:07,2023-10-26 08:53:07,UberBlack,478.3,4.66,5.0,Completed
8562,7618,9751,7647,9466,2025-02-16 13:20:54,2025-02-16 13:26:54,UberX,160.0,12.39,3.72,Completed
8563,9166,6671,4444,2079,2024-01-02 13:33:40,2024-01-02 14:06:40,UberX,176.31,8.45,4.41,Completed
8564,7332,5248,5,1671,2023-12-27 10:32:39,2023-12-27 10:42:39,UberBlack,105.29,19.85,4.92,Cancelled
8565,4307,5245,664,7537,2023-08-14 18:47:47,2023-08-14 19:09:47,UberX,312.28,16.75,4.82,Completed
8566,7158,1345,3201,7929,2024-11-18 22:58:32,2024-11-18 23:29:32,UberX,529.62,7.55,4.1,Completed
8567,4161,8627,8068,9954,2024-12-24 16:18:04,2024-12-24 16:57:04,UberBlack,107.52,1.26,4.15,Completed
8568,5817,5024,6509,2641,2023-11-26 10:39:31,2023-11-26 10:51:31,UberBlack,379.66,10.94,3.67,Completed
8569,8024,2084,464,5685,2024-02-01 17:16:13,2024-02-01 18:01:13,UberPool,339.85,18.75,4.38,Completed
8570,2738,1035,8039,6807,2025-03-27 11:44:30,2025-03-27 12:05:30,UberPool,331.69,16.02,4.57,Completed
8571,7285,1795,7788,7697,2025-03-27 12:57:17,2025-03-27 13:30:17,UberPool,758.38,17.35,3.51,Completed
8572,4953,1336,1416,3239,2025-04-06 18:45:42,2025-04-06 19:12:42,UberBlack,414.17,4.82,4.38,No Show
8573,5488,2451,8632,7467,2023-12-27 15:25:22,2023-12-27 16:08:22,UberPool,614.27,18.54,4.95,Completed
8574,2449,7860,4225,8006,2025-02-13 09:58:08,2025-02-13 10:29:08,UberPool,464.74,12.16,4.28,Completed
8575,7662,685,7285,3475,2024-06-20 09:52:42,2024-06-20 10:04:42,UberPool,532.81,11.87,4.66,No Show
8576,750,6885,9971,3513,2024-08-19 01:06:27,2024-08-19 01:28:27,UberX,477.79,16.54,4.51,Completed
8577,9483,7223,2306,7372,2025-05-14 19:50:16,2025-05-14 20:08:16,UberPool,212.55,13.4,4.24,Completed
8578,3599,3216,1378,6485,2024-08-07 10:56:40,2024-08-07 11:05:40,UberBlack,260.77,1.32,4.13,Completed
8579,2156,740,9562,3529,2025-07-18 03:16:14,2025-07-18 04:00:14,UberX,329.3,4.95,4.64,Completed
8580,3112,7147,1207,4042,2023-12-18 11:14:20,2023-12-18 11:45:20,UberX,321.17,6.07,3.99,Completed
8581,664,5560,7065,8418,2023-12-09 03:16:43,2023-12-09 04:00:43,UberBlack,705.29,8.24,3.92,Completed
8582,9851,1729,1557,5397,2024-08-12 12:25:12,2024-08-12 12:35:12,UberX,583.73,1.51,3.52,Cancelled
8583,8487,449,8188,2426,2025-01-13 12:18:34,2025-01-13 12:26:34,UberX,775.44,12.44,4.25,Completed
8584,6648,1917,6226,9941,2024-06-12 18:35:36,2024-06-12 19:16:36,UberPool,471.7,8.2,4.45,Completed
8585,8380,1595,4282,9553,2025-06-09 11:13:15,2025-06-09 11:41:15,UberBlack,754.9,12.48,4.93,Cancelled
8586,2615,5747,7025,9644,2024-08-25 22:24:44,2024-08-25 22:30:44,UberPool,179.17,13.7,3.98,Completed
8587,1619,5568,2362,6213,2023-11-28 18:48:34,2023-11-28 18:55:34,UberX,230.4,9.72,3.54,Cancelled
8588,9728,5421,3926,12,2024-01-25 16:27:30,2024-01-25 17:10:30,UberBlack,691.44,6.35,4.47,Completed
8589,9922,2568,4588,2518,2023-12-07 14:38:16,2023-12-07 14:48:16,UberBlack,330.28,5.68,4.3,Cancelled
8590,7285,2412,6029,8656,2024-01-19 03:29:33,2024-01-19 04:01:33,UberBlack,329.87,2.46,4.47,Completed
8591,7332,7883,4461,3609,2025-05-26 01:20:14,2025-05-26 01:51:14,UberBlack,86.97,14.52,3.66,Completed
8592,5673,9724,4910,7516,2023-12-13 15:44:40,2023-12-13 16:21:40,UberBlack,706.31,11.32,4.73,Cancelled
8593,5640,4532,6886,4420,2025-05-25 10:33:04,2025-05-25 11:14:04,UberPool,411.97,19.88,4.12,Completed
8594,2215,7223,4215,9723,2024-10-23 15:35:27,2024-10-23 15:54:27,UberBlack,516.25,15.15,4.24,No Show
8595,2009,7093,4939,1280,2025-05-25 22:04:11,2025-05-25 22:11:11,UberBlack,620.57,11.01,4.2,Completed
8596,2830,1861,5180,7177,2024-12-10 18:55:45,2024-12-10 19:10:45,UberBlack,203.6,8.26,4.14,Completed
8597,3625,8098,8317,1107,2025-06-23 01:39:59,2025-06-23 02:01:59,UberPool,404.65,4.16,4.39,Completed
8598,4047,4718,2326,3117,2023-08-10 16:38:26,2023-08-10 17:20:26,UberX,451.18,18.84,4.03,Cancelled
8599,5403,2281,8100,4438,2024-07-28 16:59:17,2024-07-28 17:36:17,UberX,726.75,3.7,3.77,Completed
8600,8705,6146,2450,2293,2024-04-23 13:38:13,2024-04-23 14:18:13,UberX,213.4,14.55,4.69,Completed
8601,1022,9813,1909,5574,2025-01-09 23:08:29,2025-01-09 23:47:29,UberBlack,192.05,2.94,4.0,Completed
8602,6970,5087,6621,1122,2025-02-25 02:48:45,2025-02-25 03:27:45,UberBlack,235.69,18.37,4.21,Completed
8603,8349,7783,5512,1246,2024-07-06 09:33:08,2024-07-06 09:51:08,UberX,745.58,5.2,4.92,Completed
8604,4997,8375,301,4768,2024-09-19 13:37:33,2024-09-19 13:49:33,UberBlack,103.3,16.45,4.21,Completed
8605,6346,1639,9040,912,2023-11-04 10:32:22,2023-11-04 10:38:22,UberPool,364.0,3.83,3.71,Completed
8606,645,4086,6014,5724,2024-10-10 03:07:12,2024-10-10 03:13:12,UberX,337.52,13.21,4.07,Completed
8607,2727,1030,7730,838,2025-04-28 04:39:23,2025-04-28 05:07:23,UberBlack,616.15,15.83,3.65,Completed
8608,5047,5480,9144,8629,2024-10-15 11:06:59,2024-10-15 11:48:59,UberX,434.87,15.51,4.39,Completed
8609,5808,4403,6538,9667,2025-03-21 12:59:19,2025-03-21 13:39:19,UberPool,253.78,1.52,4.11,Cancelled
8610,4952,4733,3811,5186,2023-09-30 06:55:31,2023-09-30 07:29:31,UberBlack,204.09,7.02,4.08,Completed
8611,6427,1679,9160,9385,2024-10-20 16:14:18,2024-10-20 16:39:18,UberPool,337.55,1.34,3.7,Completed
8612,3487,2248,204,5237,2024-05-06 21:54:43,2024-05-06 22:00:43,UberX,273.88,8.48,4.6,Completed
8613,9168,5764,8229,6826,2024-04-11 21:43:35,2024-04-11 22:08:35,UberX,371.61,10.38,4.22,Cancelled
8614,8309,183,2045,5279,2025-06-13 01:32:23,2025-06-13 01:47:23,UberBlack,579.0,2.37,3.97,Completed
8615,2135,3875,4814,9500,2024-08-05 17:15:43,2024-08-05 17:48:43,UberPool,684.33,7.45,4.85,Completed
8616,6283,2076,5249,8398,2024-07-16 17:03:31,2024-07-16 17:11:31,UberX,186.13,4.97,4.72,Completed
8617,8763,6511,5802,7520,2024-03-11 17:14:46,2024-03-11 17:42:46,UberBlack,469.02,9.45,3.56,Completed
8618,4031,100,5380,2999,2025-06-11 15:19:20,2025-06-11 16:03:20,UberBlack,287.4,14.42,4.68,Completed
8619,8071,5465,404,9027,2024-02-27 19:28:09,2024-02-27 19:56:09,UberX,204.84,3.23,3.74,Cancelled
8620,5227,9359,8869,6714,2024-07-14 03:33:58,2024-07-14 04:10:58,UberPool,481.15,12.09,3.88,Completed
8621,3428,2814,609,81,2024-05-30 17:25:36,2024-05-30 18:06:36,UberBlack,615.43,11.49,4.96,Completed
8622,8449,6651,6781,1987,2025-01-28 05:56:00,2025-01-28 06:04:00,UberPool,164.69,6.79,4.7,Completed
8623,3564,503,4071,3284,2024-11-16 17:15:51,2024-11-16 17:51:51,UberX,309.03,6.39,4.89,Completed
8624,4038,1443,7843,1308,2024-06-21 12:15:30,2024-06-21 12:39:30,UberPool,266.27,10.96,3.51,Completed
8625,9040,6591,1317,2390,2023-10-22 20:30:42,2023-10-22 20:59:42,UberPool,630.8,11.71,4.71,Completed
8626,4033,293,1025,8091,2025-03-04 14:24:31,2025-03-04 14:50:31,UberX,153.63,13.75,3.93,Completed
8627,3963,7419,3491,7818,2024-12-01 20:07:43,2024-12-01 20:48:43,UberX,157.7,16.23,4.92,Completed
8628,8768,2700,5999,4173,2023-09-04 02:35:10,2023-09-04 03:03:10,UberBlack,718.2,14.29,3.75,Completed
8629,2342,9711,7601,2910,2023-10-24 18:20:15,2023-10-24 18:31:15,UberPool,529.93,3.41,3.64,Completed
8630,4796,5317,9599,7063,2024-06-24 00:55:22,2024-06-24 01:37:22,UberBlack,523.17,12.93,3.59,Completed
8631,777,2930,9544,9242,2024-11-19 23:42:48,2024-11-20 00:18:48,UberPool,661.71,11.95,4.98,Completed
8632,8156,357,4536,9902,2023-12-18 15:24:00,2023-12-18 15:41:00,UberX,609.73,11.81,3.86,Completed
8633,7195,3973,3180,2685,2025-06-07 00:23:31,2025-06-07 00:43:31,UberPool,269.3,14.73,3.66,Completed
8634,1497,9003,3479,2560,2023-10-03 17:39:11,2023-10-03 18:17:11,UberPool,130.0,15.87,4.31,Completed
8635,6713,9557,3188,4696,2023-08-24 14:14:20,2023-08-24 14:30:20,UberBlack,550.92,7.97,4.85,Completed
8636,3058,1364,6335,9839,2024-11-22 08:04:30,2024-11-22 08:46:30,UberBlack,686.65,12.07,4.21,Completed
8637,7576,7573,7033,9380,2024-12-19 07:28:37,2024-12-19 07:58:37,UberX,571.49,16.46,4.17,Completed
8638,4738,3182,660,6233,2024-09-26 02:41:30,2024-09-26 03:10:30,UberBlack,735.13,3.3,3.88,Completed
8639,1996,8592,8140,3896,2024-02-08 06:21:00,2024-02-08 06:30:00,UberPool,325.7,19.95,3.69,Completed
8640,7955,9068,5953,9951,2025-02-17 18:12:01,2025-02-17 18:29:01,UberBlack,552.25,19.6,3.57,Completed
8641,1096,9984,2227,1623,2023-09-21 02:21:15,2023-09-21 02:38:15,UberPool,532.98,12.85,4.92,Completed
8642,8165,8122,2646,1152,2024-11-11 05:52:20,2024-11-11 05:58:20,UberBlack,485.6,19.41,4.03,Completed
8643,2635,594,3297,9983,2025-06-26 08:09:31,2025-06-26 08:36:31,UberPool,652.36,7.58,4.79,Completed
8644,6687,1722,2993,4720,2023-11-24 20:00:54,2023-11-24 20:22:54,UberX,780.55,7.19,3.54,Completed
8645,4527,754,5099,5035,2024-03-17 13:36:14,2024-03-17 14:15:14,UberX,518.77,5.01,4.74,Completed
8646,6289,9828,9863,4483,2025-06-02 13:15:40,2025-06-02 13:25:40,UberX,199.39,1.15,4.63,Completed
8647,8194,8268,7682,7389,2025-08-03 21:45:20,2025-08-03 22:15:20,UberBlack,110.87,6.69,4.51,Completed
8648,5249,6150,1211,6799,2024-05-08 16:34:14,2024-05-08 16:51:14,UberBlack,98.33,15.02,3.97,No Show
8649,3892,5846,843,9370,2023-09-10 20:57:19,2023-09-10 21:21:19,UberBlack,337.54,2.18,3.59,Completed
8650,4388,818,2225,4145,2025-07-21 17:52:52,2025-07-21 18:32:52,UberBlack,573.39,3.91,4.63,Completed
8651,8659,7698,6628,5777,2023-08-08 20:24:37,2023-08-08 20:49:37,UberX,76.3,6.64,3.95,Completed
8652,5798,5964,1342,6760,2024-03-31 15:06:30,2024-03-31 15:37:30,UberPool,287.46,3.78,3.65,Completed
8653,7434,7221,7345,6821,2024-11-30 20:49:34,2024-11-30 21:04:34,UberBlack,345.39,7.57,3.89,Completed
8654,9105,4228,9683,9152,2024-06-12 23:11:20,2024-06-12 23:20:20,UberBlack,250.07,1.89,3.94,No Show
8655,2087,5182,1853,9104,2024-09-21 20:25:44,2024-09-21 20:32:44,UberPool,560.14,16.46,4.02,Completed
8656,5612,4974,9489,8886,2024-08-16 15:52:10,2024-08-16 16:27:10,UberBlack,530.3,5.69,4.74,Completed
8657,4335,1423,6465,194,2025-06-03 06:17:16,2025-06-03 06:23:16,UberX,775.53,8.36,4.24,Completed
8658,3620,8468,7739,4545,2025-06-22 12:17:31,2025-06-22 12:26:31,UberX,651.05,13.82,4.52,Completed
8659,2760,1334,7084,6097,2024-12-16 21:27:36,2024-12-16 21:35:36,UberPool,507.03,9.84,4.45,Completed
8660,9778,341,1429,8040,2025-02-27 05:25:38,2025-02-27 05:40:38,UberPool,734.08,10.28,4.52,Completed
8661,3044,5010,9065,1384,2023-09-14 13:57:26,2023-09-14 14:39:26,UberPool,166.74,9.38,3.88,Completed
8662,9094,258,9436,1557,2024-09-14 02:44:29,2024-09-14 03:02:29,UberBlack,682.31,5.68,3.8,Completed
8663,2986,3185,7302,8612,2024-10-24 05:01:45,2024-10-24 05:29:45,UberBlack,145.43,9.79,3.54,No Show
8664,6788,9899,3692,8358,2024-01-30 13:58:36,2024-01-30 14:32:36,UberPool,284.35,2.36,3.58,Cancelled
8665,4237,7586,7526,4939,2024-07-08 10:51:12,2024-07-08 11:04:12,UberPool,604.54,17.3,4.36,Completed
8666,7909,6938,2501,7952,2025-01-21 14:52:01,2025-01-21 15:11:01,UberPool,187.64,15.6,3.7,Completed
8667,7437,2789,8028,3923,2023-10-21 16:12:37,2023-10-21 16:35:37,UberBlack,383.64,6.06,3.65,Cancelled
8668,2491,3018,8062,6985,2024-06-06 08:48:41,2024-06-06 08:58:41,UberX,410.01,1.85,3.98,Completed
8669,9051,4957,4370,5763,2025-04-21 21:11:10,2025-04-21 21:17:10,UberX,84.68,5.33,4.24,Completed
8670,7595,524,4212,8594,2025-06-28 10:05:56,2025-06-28 10:46:56,UberX,710.34,2.35,3.71,Completed
8671,8949,306,6239,9132,2025-03-19 15:52:19,2025-03-19 16:23:19,UberBlack,148.75,12.15,4.72,Completed
8672,7315,5415,4752,3614,2023-11-10 21:54:33,2023-11-10 22:19:33,UberPool,366.36,2.76,4.42,Completed
8673,5753,224,2713,1793,2023-12-09 23:28:52,2023-12-09 23:35:52,UberPool,543.12,16.26,4.01,Completed
8674,4200,7728,5482,8917,2023-12-11 09:55:26,2023-12-11 10:08:26,UberX,395.06,12.67,4.8,Cancelled
8675,2922,7727,9816,2984,2024-07-19 05:30:36,2024-07-19 06:05:36,UberBlack,313.27,15.16,3.75,Completed
8676,1905,4772,339,835,2025-06-11 05:09:05,2025-06-11 05:39:05,UberPool,232.32,16.9,4.74,Completed
8677,2464,8314,7909,3759,2024-12-14 11:03:50,2024-12-14 11:37:50,UberPool,142.38,16.33,4.67,Completed
8678,7719,3991,4882,7589,2023-09-16 06:18:28,2023-09-16 06:46:28,UberPool,138.89,19.52,4.14,Completed
8679,7724,1534,240,3000,2023-09-09 19:29:46,2023-09-09 19:39:46,UberPool,537.87,7.41,4.57,Completed
8680,5813,4594,5212,2693,2025-03-02 08:10:57,2025-03-02 08:50:57,UberBlack,721.7,19.11,4.72,Completed
8681,9687,6372,3134,4196,2023-12-21 13:19:10,2023-12-21 13:30:10,UberPool,433.49,17.71,4.12,Completed
8682,8899,9507,4461,8822,2024-06-14 06:13:36,2024-06-14 06:40:36,UberPool,111.59,5.03,4.93,Completed
8683,544,7273,7316,9456,2023-10-16 07:59:26,2023-10-16 08:19:26,UberPool,362.0,4.11,3.91,Completed
8684,1751,1503,4034,1831,2024-07-06 17:15:54,2024-07-06 17:45:54,UberX,587.94,13.05,4.79,Completed
8685,4118,8930,6345,2726,2024-07-10 01:47:58,2024-07-10 02:13:58,UberPool,605.62,9.98,3.99,No Show
8686,3335,843,3878,4612,2024-10-22 04:08:42,2024-10-22 04:39:42,UberBlack,554.2,17.66,4.99,Cancelled
8687,9146,1874,3384,5162,2024-05-04 04:38:20,2024-05-04 04:51:20,UberBlack,738.08,10.43,4.29,Completed
8688,131,597,2469,354,2024-01-19 10:44:43,2024-01-19 11:16:43,UberBlack,53.7,1.32,3.64,Completed
8689,2522,8605,9543,170,2025-03-19 13:46:29,2025-03-19 14:05:29,UberPool,748.83,18.7,4.4,Completed
8690,9183,952,2924,1523,2024-03-23 06:57:36,2024-03-23 07:24:36,UberX,718.42,15.96,4.85,Completed
8691,6094,2340,2309,5707,2024-01-24 01:19:53,2024-01-24 01:39:53,UberBlack,786.54,9.01,3.81,Completed
8692,5287,4610,5593,9532,2023-12-23 17:34:59,2023-12-23 17:40:59,UberX,288.84,11.93,3.97,Completed
8693,4541,7051,4382,2382,2024-11-30 22:17:51,2024-11-30 22:41:51,UberPool,617.46,16.31,4.38,Completed
8694,8795,5162,8367,7160,2024-04-25 12:56:31,2024-04-25 13:16:31,UberX,97.76,8.36,4.15,Cancelled
8695,8653,3359,2465,6352,2023-09-22 02:00:47,2023-09-22 02:12:47,UberBlack,135.42,15.27,4.58,Completed
8696,1112,2231,8122,9059,2025-02-12 14:15:07,2025-02-12 14:44:07,UberX,533.58,3.2,3.85,Completed
8697,1965,1028,2250,7113,2024-06-03 00:30:02,2024-06-03 00:38:02,UberX,190.82,1.67,3.8,Completed
8698,3571,7388,7984,2300,2024-12-28 19:41:31,2024-12-28 19:49:31,UberPool,314.1,15.0,4.51,Completed
8699,3205,2924,1602,6954,2024-02-23 00:48:11,2024-02-23 00:57:11,UberPool,56.88,8.97,4.73,Cancelled
8700,1532,256,2298,3096,2024-06-05 06:01:10,2024-06-05 06:27:10,UberX,310.73,8.94,3.97,Completed
8701,7909,3685,3816,1086,2023-08-24 00:25:45,2023-08-24 00:59:45,UberX,379.52,6.98,4.22,Completed
8702,2822,8807,7746,2441,2023-08-28 04:51:37,2023-08-28 05:02:37,UberPool,62.82,17.37,4.96,Completed
8703,8661,8706,7031,1173,2025-04-27 08:10:18,2025-04-27 08:36:18,UberX,505.45,9.54,4.53,Completed
8704,8252,1967,1385,7050,2023-10-15 05:20:29,2023-10-15 05:44:29,UberPool,623.25,11.65,4.34,Completed
8705,8137,1792,5248,8435,2025-06-12 19:52:56,2025-06-12 19:59:56,UberPool,186.36,18.21,4.98,Completed
8706,8929,8935,2446,612,2024-05-18 16:40:40,2024-05-18 17:05:40,UberPool,485.24,19.73,4.74,Completed
8707,9614,9306,4817,3759,2025-04-21 10:07:46,2025-04-21 10:29:46,UberPool,514.93,14.58,3.61,Completed
8708,7500,3439,2302,7222,2024-05-06 21:07:56,2024-05-06 21:18:56,UberBlack,210.11,9.35,4.94,Completed
8709,7452,7126,8621,7671,2023-11-04 23:56:01,2023-11-05 00:31:01,UberX,138.65,9.84,4.52,Cancelled
8710,9931,6779,7096,1656,2024-06-10 00:01:50,2024-06-10 00:42:50,UberBlack,223.94,11.62,3.58,Completed
8711,4240,7010,6895,1616,2024-07-09 04:33:43,2024-07-09 04:49:43,UberPool,471.33,19.35,3.97,No Show
8712,4178,5741,3338,4292,2023-08-11 01:08:07,2023-08-11 01:45:07,UberX,566.3,12.79,4.71,Cancelled
8713,1333,9486,9206,6678,2024-08-07 21:40:59,2024-08-07 22:02:59,UberPool,321.39,6.38,4.83,No Show
8714,8254,6710,2918,48,2023-12-22 12:33:48,2023-12-22 12:47:48,UberPool,121.48,5.55,3.55,Completed
8715,6650,470,5892,7866,2024-09-26 22:30:42,2024-09-26 22:59:42,UberBlack,568.9,4.04,3.81,Completed
8716,7242,6225,8154,170,2025-07-15 06:05:11,2025-07-15 06:48:11,UberPool,727.47,13.06,4.22,Completed
8717,5680,3863,8488,7105,2024-10-19 18:40:46,2024-10-19 19:16:46,UberBlack,411.56,10.46,3.87,Completed
8718,6818,9644,4748,4554,2024-12-30 03:43:31,2024-12-30 04:27:31,UberX,131.78,19.71,4.42,No Show
8719,8521,1117,5266,4530,2024-09-25 08:50:43,2024-09-25 08:58:43,UberBlack,566.58,14.86,4.76,Completed
8720,1435,1536,8556,8886,2025-06-14 17:23:17,2025-06-14 17:42:17,UberX,557.89,13.31,4.52,Completed
8721,8657,4845,4608,825,2024-12-19 12:05:46,2024-12-19 12:30:46,UberPool,439.69,18.99,4.47,Cancelled
8722,3522,6069,2853,8001,2024-06-01 14:53:25,2024-06-01 15:06:25,UberPool,288.78,15.47,4.04,Completed
8723,408,2470,4536,5907,2024-04-14 07:22:48,2024-04-14 07:37:48,UberX,157.89,9.98,4.62,Completed
8724,8310,4355,7652,5208,2024-09-07 12:41:24,2024-09-07 13:22:24,UberPool,425.44,6.78,4.73,Completed
8725,4540,6523,2611,5353,2025-05-03 22:13:48,2025-05-03 22:26:48,UberPool,136.73,18.07,4.64,Completed
8726,9372,3456,4406,9168,2024-01-30 01:10:13,2024-01-30 01:51:13,UberBlack,339.02,10.53,4.62,Completed
8727,3900,4846,6703,1574,2023-09-11 07:24:46,2023-09-11 07:32:46,UberX,733.46,9.87,4.5,Completed
8728,3622,7957,8940,6397,2024-11-05 08:57:55,2024-11-05 09:16:55,UberPool,455.73,11.58,3.78,Completed
8729,8920,6697,7687,4383,2024-09-08 09:44:17,2024-09-08 10:22:17,UberPool,484.98,7.84,4.93,No Show
8730,1877,3843,2140,3190,2025-06-21 16:59:03,2025-06-21 17:16:03,UberBlack,465.88,14.73,4.25,No Show
8731,4669,9229,9977,517,2024-01-26 14:06:54,2024-01-26 14:35:54,UberPool,445.65,12.39,4.73,Completed
8732,454,1012,1390,6123,2025-07-26 04:22:43,2025-07-26 05:06:43,UberX,406.51,12.84,3.81,No Show
8733,6036,8771,3759,6039,2024-07-09 06:37:49,2024-07-09 07:13:49,UberBlack,364.22,10.86,3.99,Completed
8734,7521,9066,9366,9801,2024-06-27 01:23:30,2024-06-27 01:31:30,UberPool,663.95,10.17,5.0,Completed
8735,6681,7784,644,2224,2024-12-25 19:24:21,2024-12-25 20:05:21,UberBlack,766.33,16.46,4.46,Completed
8736,299,2313,1643,7110,2024-03-28 16:58:58,2024-03-28 17:07:58,UberPool,570.49,12.1,3.55,Completed
8737,9605,5417,5484,5060,2025-06-21 10:21:53,2025-06-21 10:30:53,UberBlack,172.14,7.86,4.11,Completed
8738,638,2379,2732,3015,2025-06-09 23:08:56,2025-06-09 23:40:56,UberBlack,330.84,12.45,4.17,Completed
8739,2127,6224,4515,3305,2025-02-28 20:04:15,2025-02-28 20:39:15,UberPool,566.68,18.71,4.86,Completed
8740,2228,627,4614,4622,2023-10-16 18:38:29,2023-10-16 19:10:29,UberX,510.41,5.46,4.09,Cancelled
8741,9850,7823,4369,6119,2025-05-22 16:23:47,2025-05-22 16:58:47,UberX,289.83,9.09,4.93,Completed
8742,7948,3253,2090,5627,2024-06-23 00:07:08,2024-06-23 00:31:08,UberX,630.23,14.29,4.96,Completed
8743,5816,5241,3147,6190,2024-05-22 08:52:16,2024-05-22 09:02:16,UberX,156.21,10.57,4.08,Completed
8744,8882,6597,3200,6007,2023-08-18 05:17:15,2023-08-18 05:32:15,UberX,551.93,13.06,4.12,Completed
8745,3701,4828,3607,4783,2025-04-23 06:13:04,2025-04-23 06:37:04,UberX,466.98,8.1,4.31,Completed
8746,5902,15,8569,6147,2024-08-07 00:15:15,2024-08-07 00:40:15,UberBlack,238.57,13.92,3.68,Completed
8747,8153,6328,3650,7785,2025-02-13 11:01:45,2025-02-13 11:10:45,UberPool,208.0,16.09,4.4,Completed
8748,1626,5755,791,4775,2025-08-02 13:34:18,2025-08-02 13:48:18,UberBlack,717.61,17.92,4.08,Completed
8749,7598,9131,181,8906,2024-06-03 07:50:36,2024-06-03 08:02:36,UberPool,561.79,10.79,3.8,Completed
8750,8002,3908,4820,2009,2024-05-15 13:27:55,2024-05-15 13:54:55,UberPool,125.92,13.24,4.31,Completed
8751,8081,9342,2077,3527,2024-06-05 00:59:45,2024-06-05 01:37:45,UberX,603.21,12.63,4.27,Completed
8752,6319,7935,9244,4984,2024-08-13 00:12:11,2024-08-13 00:41:11,UberX,592.55,7.71,3.73,No Show
8753,3325,4464,978,9425,2025-06-12 21:03:00,2025-06-12 21:19:00,UberBlack,688.94,6.18,3.86,Completed
8754,8418,4975,3188,2614,2024-02-07 02:17:31,2024-02-07 02:39:31,UberPool,688.37,12.75,4.82,Completed
8755,3336,8108,8363,9940,2024-09-26 02:46:28,2024-09-26 03:21:28,UberX,653.02,4.84,4.06,Completed
8756,3590,9919,7170,5638,2025-03-30 06:24:10,2025-03-30 07:05:10,UberBlack,321.09,2.28,3.7,No Show
8757,5945,4089,5195,6830,2024-05-04 05:35:32,2024-05-04 05:46:32,UberX,701.78,3.45,4.33,Completed
8758,3223,1617,9219,8465,2024-07-26 09:56:43,2024-07-26 10:19:43,UberPool,532.86,2.17,4.7,Completed
8759,1632,951,2642,7431,2024-05-17 12:54:40,2024-05-17 13:22:40,UberX,740.83,6.96,3.92,Completed
8760,8355,3583,8105,5062,2023-09-25 06:22:12,2023-09-25 06:40:12,UberPool,204.65,9.66,4.1,Completed
8761,4923,4301,184,4248,2025-07-16 18:58:12,2025-07-16 19:28:12,UberX,501.08,4.82,4.37,Completed
8762,964,5486,3044,5465,2024-07-17 10:35:50,2024-07-17 10:49:50,UberX,133.69,6.53,4.7,Completed
8763,4120,1871,7524,3520,2023-10-13 23:42:04,2023-10-13 23:52:04,UberBlack,509.91,8.85,3.9,No Show
8764,5257,578,4268,7674,2024-03-13 11:43:14,2024-03-13 12:01:14,UberPool,783.64,4.76,4.01,Completed
8765,2667,9764,3791,4956,2024-05-09 16:39:47,2024-05-09 16:55:47,UberBlack,614.42,8.25,4.1,Completed
8766,9638,1383,5816,2071,2023-12-16 03:48:03,2023-12-16 04:25:03,UberPool,53.12,13.51,3.65,Completed
8767,5450,8221,6240,6151,2023-12-13 21:03:28,2023-12-13 21:14:28,UberBlack,548.68,8.62,4.47,Completed
8768,4705,4743,2716,3216,2024-04-02 07:29:06,2024-04-02 07:56:06,UberPool,486.63,5.71,4.84,Completed
8769,6715,9774,5154,4253,2023-09-28 20:22:58,2023-09-28 20:30:58,UberBlack,593.76,14.77,4.69,Completed
8770,6811,5780,6069,2654,2025-04-30 05:36:29,2025-04-30 05:41:29,UberX,550.57,11.24,4.91,Completed
8771,8568,8488,8908,6919,2024-03-01 05:02:17,2024-03-01 05:38:17,UberBlack,123.57,5.38,4.33,No Show
8772,8328,705,79,8533,2025-03-08 04:35:04,2025-03-08 04:50:04,UberBlack,216.1,5.67,4.96,Completed
8773,8305,565,8676,7855,2025-01-04 13:23:26,2025-01-04 13:53:26,UberX,524.78,4.35,4.95,Completed
8774,857,3991,3367,1354,2024-11-05 13:30:37,2024-11-05 14:13:37,UberX,469.94,9.54,4.08,Completed
8775,5871,3102,8757,1773,2023-11-03 12:18:07,2023-11-03 12:46:07,UberBlack,389.16,6.23,4.44,Completed
8776,1858,8885,9714,9326,2024-12-18 10:39:16,2024-12-18 11:03:16,UberBlack,766.38,10.17,4.61,Completed
8777,1695,1762,1317,5654,2025-02-15 23:23:20,2025-02-15 23:58:20,UberPool,512.5,16.45,4.87,Cancelled
8778,1330,853,3917,8717,2023-09-17 21:13:55,2023-09-17 21:21:55,UberX,224.03,14.06,4.11,Completed
8779,5043,2869,6029,9560,2025-07-11 09:37:12,2025-07-11 09:53:12,UberPool,456.62,17.45,4.44,Completed
8780,4905,4584,6225,1081,2024-10-21 23:20:00,2024-10-21 23:42:00,UberBlack,56.31,16.84,4.22,Completed
8781,6312,2590,7882,498,2025-04-06 15:17:03,2025-04-06 16:02:03,UberBlack,654.15,10.13,4.0,Completed
8782,375,1816,6058,4886,2023-08-22 07:10:24,2023-08-22 07:21:24,UberX,540.24,14.75,3.52,Cancelled
8783,3350,946,9465,4103,2024-12-05 22:51:31,2024-12-05 23:20:31,UberPool,528.37,10.13,4.51,Completed
8784,63,213,1743,2251,2024-04-12 19:50:51,2024-04-12 20:16:51,UberX,251.23,10.58,4.05,Completed
8785,5696,7941,581,7681,2025-06-14 04:16:16,2025-06-14 04:49:16,UberX,783.64,15.83,4.14,Completed
8786,4402,9738,3771,7502,2024-01-17 14:25:11,2024-01-17 14:50:11,UberBlack,706.99,13.99,4.58,Completed
8787,6661,5304,7562,2207,2024-10-23 20:59:18,2024-10-23 21:34:18,UberX,238.89,6.6,3.64,Completed
8788,4535,416,9942,7121,2025-05-09 22:39:21,2025-05-09 23:11:21,UberX,88.72,4.54,4.2,Completed
8789,7716,5342,4190,3336,2023-08-23 00:35:29,2023-08-23 00:46:29,UberBlack,62.4,1.25,3.75,Completed
8790,5403,3698,4847,464,2024-03-12 19:36:17,2024-03-12 20:20:17,UberBlack,636.24,9.35,3.79,Completed
8791,1435,6543,3470,3346,2023-09-07 07:31:09,2023-09-07 07:45:09,UberPool,237.52,16.85,4.95,Completed
8792,1140,8506,7844,701,2023-09-18 10:59:55,2023-09-18 11:05:55,UberPool,423.13,17.29,4.49,Completed
8793,6959,4340,3942,4101,2025-07-03 10:59:39,2025-07-03 11:33:39,UberPool,103.1,18.31,4.93,Completed
8794,228,5495,7993,8402,2024-03-01 01:34:50,2024-03-01 02:04:50,UberX,529.1,10.71,3.82,Completed
8795,3313,6685,7617,5891,2025-02-22 22:39:26,2025-02-22 22:48:26,UberPool,187.01,8.57,4.09,Completed
8796,6016,9847,4099,2143,2024-03-17 23:48:46,2024-03-17 23:55:46,UberPool,101.13,17.78,3.57,Completed
8797,4300,941,3487,9339,2024-02-23 21:00:26,2024-02-23 21:25:26,UberPool,629.45,10.19,4.58,Completed
8798,459,1923,730,1951,2023-10-26 11:48:00,2023-10-26 12:21:00,UberX,244.17,18.97,3.63,Cancelled
8799,6455,6953,1967,8581,2025-06-12 01:52:23,2025-06-12 02:33:23,UberPool,297.8,12.51,3.8,Completed
8800,676,1067,6772,5930,2024-10-09 02:50:19,2024-10-09 03:20:19,UberPool,527.6,3.92,3.61,Completed
8801,5236,6088,2229,5175,2023-11-01 19:19:32,2023-11-01 19:47:32,UberX,188.55,9.24,4.43,Completed
8802,4084,3802,6831,1374,2025-04-05 12:12:58,2025-04-05 12:33:58,UberBlack,221.16,16.01,3.81,Completed
8803,5993,2505,4821,1188,2025-07-26 18:55:19,2025-07-26 19:24:19,UberBlack,638.26,15.19,3.73,Cancelled
8804,603,1875,7512,9326,2024-07-29 07:42:07,2024-07-29 08:06:07,UberPool,178.51,18.93,4.34,Completed
8805,8083,1795,8564,5316,2024-06-29 03:03:39,2024-06-29 03:33:39,UberPool,524.98,11.19,4.03,Completed
8806,2416,9188,9944,1169,2024-10-16 23:02:20,2024-10-16 23:19:20,UberBlack,683.37,7.15,4.57,Cancelled
8807,3665,4507,8488,5607,2024-01-31 09:26:23,2024-01-31 09:46:23,UberPool,75.26,2.12,3.79,No Show
8808,1753,5834,7710,6977,2024-04-28 08:19:24,2024-04-28 08:46:24,UberX,773.4,12.45,3.79,Completed
8809,389,3948,3613,2791,2023-09-19 07:56:20,2023-09-19 08:07:20,UberX,759.92,9.22,4.43,Completed
8810,8768,8913,596,599,2024-10-09 03:07:21,2024-10-09 03:12:21,UberBlack,727.61,1.03,3.64,Completed
8811,5654,1830,775,3240,2025-03-24 22:11:03,2025-03-24 22:38:03,UberPool,506.29,9.4,4.31,Cancelled
8812,687,1927,6387,313,2024-01-22 04:54:58,2024-01-22 05:18:58,UberPool,181.26,9.83,3.61,No Show
8813,9508,1094,3452,4921,2025-02-02 20:33:31,2025-02-02 20:38:31,UberBlack,66.42,17.53,4.76,Completed
8814,4061,3088,4968,2163,2024-08-05 00:01:43,2024-08-05 00:26:43,UberBlack,560.28,5.24,3.75,Completed
8815,3773,8912,8875,7475,2025-07-26 17:46:22,2025-07-26 18:18:22,UberPool,752.87,19.61,4.62,Completed
8816,1412,456,5126,8299,2024-12-10 11:37:02,2024-12-10 12:15:02,UberBlack,495.66,16.43,4.61,Completed
8817,289,3567,8376,8134,2023-08-30 02:59:49,2023-08-30 03:12:49,UberPool,380.29,3.16,3.78,Completed
8818,4999,7943,7042,1329,2023-09-12 11:27:18,2023-09-12 11:44:18,UberX,133.41,18.92,4.99,Completed
8819,993,5870,7407,7682,2025-04-06 10:40:59,2025-04-06 11:05:59,UberX,543.58,4.35,4.32,Completed
8820,1724,1065,861,5748,2024-06-04 02:33:25,2024-06-04 02:44:25,UberBlack,195.64,9.85,3.93,Completed
8821,1812,5445,8097,7423,2024-04-05 04:15:58,2024-04-05 04:29:58,UberBlack,255.7,18.09,4.18,Cancelled
8822,6864,8114,6799,1103,2024-09-06 20:50:57,2024-09-06 21:30:57,UberPool,543.29,18.72,3.85,Completed
8823,9407,6698,2532,487,2024-06-29 12:37:14,2024-06-29 13:07:14,UberBlack,767.0,6.7,4.29,Completed
8824,8200,9307,5184,3766,2025-01-22 11:03:55,2025-01-22 11:12:55,UberX,256.61,19.73,4.02,Completed
8825,2471,5169,1369,6132,2024-09-03 06:53:01,2024-09-03 07:03:01,UberX,793.45,17.76,4.99,Completed
8826,7798,6240,8774,9118,2025-01-14 12:48:37,2025-01-14 13:00:37,UberPool,189.99,6.86,3.91,Completed
8827,5669,6569,3708,2500,2024-12-18 05:03:07,2024-12-18 05:34:07,UberX,138.03,11.78,4.5,Completed
8828,6760,6854,5664,6579,2025-05-11 07:02:48,2025-05-11 07:07:48,UberBlack,59.21,8.51,3.55,No Show
8829,2663,9750,918,2881,2024-11-03 00:42:44,2024-11-03 01:16:44,UberBlack,243.59,10.39,3.67,Completed
8830,3550,9309,7379,1862,2023-12-23 21:09:55,2023-12-23 21:54:55,UberBlack,290.65,3.46,4.89,Completed
8831,922,1270,6035,129,2024-01-16 08:36:40,2024-01-16 09:19:40,UberPool,386.04,6.24,4.42,Completed
8832,502,7506,7456,3693,2025-06-23 15:41:07,2025-06-23 15:55:07,UberBlack,87.07,12.07,3.76,Completed
8833,9651,5775,4876,9733,2025-02-25 15:36:11,2025-02-25 16:18:11,UberX,422.93,12.3,4.39,Completed
8834,8495,446,3490,5607,2025-05-05 16:59:33,2025-05-05 17:28:33,UberBlack,794.57,15.06,4.24,Completed
8835,893,2007,8037,8126,2025-05-28 11:48:46,2025-05-28 11:58:46,UberBlack,753.26,18.27,4.97,Completed
8836,7801,2819,5976,3344,2025-06-13 01:18:40,2025-06-13 01:39:40,UberBlack,629.13,10.36,4.11,Completed
8837,7151,9143,9007,6963,2025-04-06 23:17:28,2025-04-06 23:22:28,UberPool,120.78,12.81,4.58,Completed
8838,1042,3627,9956,9923,2024-01-27 11:27:39,2024-01-27 11:54:39,UberBlack,767.53,11.87,3.8,Completed
8839,6457,1418,9365,6859,2025-07-24 05:10:18,2025-07-24 05:51:18,UberBlack,693.82,11.68,3.51,Completed
8840,347,1293,5009,5021,2025-05-28 01:39:20,2025-05-28 02:11:20,UberPool,589.18,3.11,4.11,Completed
8841,4200,4396,3991,6363,2024-08-17 03:01:41,2024-08-17 03:11:41,UberBlack,579.59,6.82,3.53,Completed
8842,8080,770,5560,9918,2024-11-16 08:08:11,2024-11-16 08:21:11,UberPool,100.31,1.49,4.41,Completed
8843,5644,7053,8967,6540,2023-11-23 18:50:18,2023-11-23 19:08:18,UberPool,155.3,9.27,4.11,Completed
8844,2368,8969,155,4347,2023-08-18 19:43:43,2023-08-18 20:12:43,UberX,88.24,16.13,4.3,Completed
8845,2832,3964,9825,2112,2024-06-15 11:25:19,2024-06-15 11:34:19,UberPool,159.47,5.09,3.66,Cancelled
8846,9540,7194,6968,5127,2024-01-08 05:42:08,2024-01-08 06:04:08,UberPool,796.85,14.58,3.58,Completed
8847,238,6473,3770,7329,2024-09-26 08:14:23,2024-09-26 08:34:23,UberPool,125.41,11.07,4.98,Completed
8848,4179,3431,6989,7892,2023-08-25 18:50:35,2023-08-25 19:19:35,UberBlack,773.26,13.68,4.27,Completed
8849,1577,9789,5573,6209,2024-08-09 22:53:15,2024-08-09 23:20:15,UberX,505.39,2.86,4.52,Completed
8850,3927,7033,3323,5791,2025-04-25 18:48:59,2025-04-25 19:01:59,UberPool,768.47,16.47,3.91,Completed
8851,6895,9498,9013,7550,2024-06-06 10:49:32,2024-06-06 11:05:32,UberBlack,559.14,10.47,4.7,Completed
8852,4754,3894,4561,7956,2024-11-01 23:30:10,2024-11-01 23:56:10,UberBlack,384.48,12.55,4.47,Completed
8853,5887,6348,8025,6977,2024-06-18 10:18:28,2024-06-18 11:01:28,UberX,624.18,10.27,3.73,Completed
8854,5746,7296,339,3316,2024-12-02 14:06:24,2024-12-02 14:27:24,UberBlack,215.14,8.66,4.45,Completed
8855,185,7933,7375,9068,2025-07-26 16:21:17,2025-07-26 16:48:17,UberPool,186.59,5.44,4.3,Completed
8856,9818,3547,5998,6860,2024-08-25 23:12:06,2024-08-25 23:24:06,UberX,680.77,18.93,4.97,No Show
8857,5327,2108,9845,1232,2023-12-04 11:08:07,2023-12-04 11:36:07,UberBlack,683.01,19.92,3.97,Completed
8858,1459,935,2782,1334,2024-11-11 19:02:25,2024-11-11 19:34:25,UberPool,504.01,19.34,4.13,Cancelled
8859,709,5811,7951,8237,2023-08-30 02:09:56,2023-08-30 02:42:56,UberX,667.69,17.21,3.58,Completed
8860,7262,8350,2578,8971,2025-06-21 11:41:57,2025-06-21 12:18:57,UberPool,714.87,15.36,4.53,Completed
8861,2439,3973,1147,7854,2023-09-18 14:39:29,2023-09-18 15:11:29,UberPool,357.1,18.18,3.75,Completed
8862,4300,8059,2097,2711,2024-05-22 21:42:10,2024-05-22 22:21:10,UberX,563.96,3.91,4.9,Completed
8863,7606,2582,3111,3182,2024-03-02 13:13:44,2024-03-02 13:44:44,UberPool,180.7,12.29,3.64,Completed
8864,4336,4870,220,9349,2024-02-07 13:01:37,2024-02-07 13:35:37,UberBlack,412.32,6.1,4.83,Completed
8865,6984,1276,2978,595,2025-01-10 09:58:49,2025-01-10 10:20:49,UberBlack,529.86,4.6,4.52,Completed
8866,846,765,7567,1429,2024-12-13 19:54:54,2024-12-13 20:05:54,UberPool,180.98,18.95,4.99,Completed
8867,972,2379,4277,9613,2025-03-30 03:09:25,2025-03-30 03:54:25,UberPool,500.69,9.1,4.46,Completed
8868,744,5931,7706,939,2024-10-13 09:46:53,2024-10-13 09:59:53,UberX,781.05,4.22,4.62,No Show
8869,3475,4850,3393,8970,2025-05-06 10:53:23,2025-05-06 11:08:23,UberX,785.71,1.48,3.74,Cancelled
8870,6531,9080,4089,4059,2025-01-03 17:35:59,2025-01-03 18:18:59,UberX,760.95,4.1,4.32,Completed
8871,9756,8854,2040,6116,2025-06-27 14:02:25,2025-06-27 14:08:25,UberBlack,145.5,2.99,5.0,No Show
8872,5516,431,6522,453,2024-04-02 19:17:06,2024-04-02 19:26:06,UberBlack,720.99,7.63,4.52,Completed
8873,9898,6139,4634,4016,2023-12-04 02:08:15,2023-12-04 02:48:15,UberPool,622.93,16.54,3.68,Completed
8874,1848,6994,7232,3098,2024-09-12 00:04:07,2024-09-12 00:24:07,UberBlack,83.61,3.91,3.59,Completed
8875,7522,9434,5781,4744,2023-11-29 18:59:50,2023-11-29 19:08:50,UberX,165.41,18.22,4.98,Completed
8876,7136,4731,836,7186,2024-02-14 21:18:08,2024-02-14 21:47:08,UberPool,716.23,19.64,4.44,Completed
8877,5380,5768,9001,7329,2024-11-08 07:41:39,2024-11-08 07:55:39,UberX,51.38,2.91,3.55,Completed
8878,4713,4979,1009,7476,2025-04-19 00:00:39,2025-04-19 00:30:39,UberBlack,262.69,11.88,4.67,Completed
8879,678,8862,1076,5229,2024-07-01 13:49:06,2024-07-01 14:15:06,UberPool,647.77,8.65,3.88,Cancelled
8880,5170,5245,8506,4307,2024-02-01 21:43:23,2024-02-01 22:09:23,UberBlack,500.42,5.38,4.79,Completed
8881,2531,8306,9949,806,2024-11-02 20:05:16,2024-11-02 20:43:16,UberPool,532.5,12.55,4.01,Completed
8882,6230,3973,7591,1973,2023-11-10 08:21:57,2023-11-10 08:39:57,UberX,90.56,19.89,4.07,Completed
8883,4082,2196,7019,6679,2024-06-14 06:38:26,2024-06-14 06:59:26,UberX,216.51,10.85,4.35,Completed
8884,897,4978,2357,3117,2025-06-09 09:36:43,2025-06-09 09:57:43,UberX,56.39,13.77,4.62,Completed
8885,5457,8075,4596,6338,2025-02-13 08:11:53,2025-02-13 08:21:53,UberBlack,699.83,3.68,4.81,Completed
8886,5812,7661,3495,3909,2025-06-21 07:54:08,2025-06-21 08:20:08,UberX,128.78,11.57,4.68,Completed
8887,5553,4805,3248,515,2024-02-06 14:51:21,2024-02-06 15:12:21,UberX,178.85,2.36,3.98,Completed
8888,8224,7177,5884,590,2025-06-25 13:51:24,2025-06-25 14:02:24,UberX,164.18,4.85,4.84,Completed
8889,8875,9669,7194,3390,2025-03-23 07:40:08,2025-03-23 07:51:08,UberPool,781.05,13.19,3.59,Completed
8890,5030,535,4338,2168,2024-09-28 17:39:11,2024-09-28 18:07:11,UberX,330.16,15.36,4.95,Completed
8891,9415,8928,2571,7790,2024-09-03 16:31:44,2024-09-03 16:41:44,UberBlack,189.24,18.18,3.71,Completed
8892,8600,7006,341,5091,2025-05-28 08:34:46,2025-05-28 08:44:46,UberX,65.91,2.67,4.04,Completed
8893,6570,1779,695,6112,2025-03-09 05:20:19,2025-03-09 05:25:19,UberPool,629.48,17.77,3.67,Completed
8894,117,485,3872,5807,2024-08-31 09:05:00,2024-08-31 09:21:00,UberBlack,521.83,3.4,4.32,Completed
8895,8267,2936,9775,11,2024-12-13 18:16:56,2024-12-13 18:24:56,UberBlack,360.3,9.91,4.74,Completed
8896,6243,6875,2968,8448,2024-09-07 22:28:51,2024-09-07 23:01:51,UberX,109.89,13.42,3.78,Cancelled
8897,3942,9296,9410,7568,2024-07-14 04:09:50,2024-07-14 04:51:50,UberX,747.25,12.79,3.88,Cancelled
8898,8327,7698,1907,6072,2023-08-20 09:17:29,2023-08-20 09:50:29,UberPool,385.17,19.04,4.81,Completed
8899,9734,9656,2080,6357,2024-04-08 20:48:05,2024-04-08 21:32:05,UberX,374.99,9.16,4.2,Completed
8900,9109,1536,9295,2642,2023-11-16 09:42:55,2023-11-16 10:25:55,UberPool,639.53,19.12,4.19,Completed
8901,2646,9676,6629,4242,2024-08-10 21:28:00,2024-08-10 22:11:00,UberBlack,468.9,1.09,3.86,Completed
8902,4200,9901,8589,5274,2024-06-09 20:51:37,2024-06-09 21:02:37,UberX,680.25,5.16,4.44,Completed
8903,3101,3151,380,594,2024-08-30 01:21:41,2024-08-30 01:31:41,UberPool,227.5,3.31,3.56,Completed
8904,3900,7859,3797,7523,2024-01-07 06:23:18,2024-01-07 06:29:18,UberPool,613.19,7.46,3.56,Completed
8905,9051,3836,9597,3604,2024-07-22 00:47:00,2024-07-22 01:21:00,UberPool,463.65,18.21,3.63,Completed
8906,4977,1765,240,6423,2024-12-04 05:14:52,2024-12-04 05:35:52,UberBlack,784.52,17.64,4.73,Completed
8907,7176,2954,9189,1650,2024-02-12 04:17:26,2024-02-12 04:49:26,UberBlack,72.35,14.35,4.08,Completed
8908,3679,8376,9334,2663,2025-06-25 11:57:06,2025-06-25 12:22:06,UberX,432.19,13.33,3.89,Completed
8909,8772,4163,3919,1098,2024-04-18 16:32:22,2024-04-18 16:40:22,UberX,790.04,4.22,4.64,Completed
8910,3993,5775,1494,4143,2024-02-27 04:55:57,2024-02-27 05:36:57,UberPool,346.78,6.96,4.38,Cancelled
8911,9209,3579,5114,6211,2025-05-08 06:48:30,2025-05-08 06:53:30,UberBlack,323.69,9.99,4.9,Completed
8912,4405,3662,7930,4840,2024-09-10 09:17:16,2024-09-10 09:53:16,UberBlack,734.32,6.6,3.99,No Show
8913,3576,9729,5054,2949,2025-04-30 20:34:25,2025-04-30 20:54:25,UberBlack,261.81,7.48,4.65,Completed
8914,4465,1658,1306,3587,2024-12-20 23:07:10,2024-12-20 23:49:10,UberPool,682.16,3.64,3.68,Completed
8915,1323,6779,9214,1210,2025-04-22 02:06:42,2025-04-22 02:24:42,UberPool,453.26,3.54,3.69,Completed
8916,1180,260,8804,8355,2024-06-03 00:11:33,2024-06-03 00:21:33,UberBlack,511.7,15.98,3.82,Completed
8917,5092,7186,719,1975,2024-06-13 18:42:54,2024-06-13 18:51:54,UberBlack,245.48,19.4,3.56,Cancelled
8918,6386,942,51,6588,2025-05-27 18:59:19,2025-05-27 19:29:19,UberBlack,652.98,1.52,4.85,No Show
8919,8048,7840,9778,194,2024-10-22 07:36:42,2024-10-22 08:00:42,UberBlack,457.82,11.16,4.95,Completed
8920,304,3434,3815,7912,2023-10-18 01:33:19,2023-10-18 02:05:19,UberPool,410.49,12.76,3.74,Completed
8921,90,5549,3409,9012,2024-03-12 19:01:00,2024-03-12 19:28:00,UberBlack,185.74,5.6,4.58,Completed
8922,7192,231,5734,3565,2025-04-04 07:25:37,2025-04-04 07:58:37,UberPool,318.19,1.63,4.91,Completed
8923,7240,1886,1466,3706,2023-11-17 02:31:34,2023-11-17 02:40:34,UberPool,627.2,4.45,4.93,Completed
8924,2807,693,6168,5459,2024-04-05 03:19:49,2024-04-05 03:36:49,UberBlack,311.03,15.19,3.6,Completed
8925,1342,6116,609,7194,2025-04-13 22:32:08,2025-04-13 23:17:08,UberPool,442.98,15.87,3.59,No Show
8926,8259,6049,4591,8244,2025-07-18 16:26:18,2025-07-18 16:40:18,UberPool,507.73,4.62,4.48,Completed
8927,5141,4332,6014,7765,2024-04-17 04:26:09,2024-04-17 04:51:09,UberX,705.03,15.14,4.2,Completed
8928,1342,4189,5647,9519,2024-03-31 23:56:17,2024-04-01 00:04:17,UberBlack,737.98,2.25,4.66,Completed
8929,1287,2266,6509,2895,2023-11-24 07:23:20,2023-11-24 08:04:20,UberPool,465.51,3.18,4.73,Completed
8930,61,8424,1392,3018,2024-04-13 14:12:17,2024-04-13 14:50:17,UberX,545.16,1.2,3.94,Completed
8931,3581,7255,7493,368,2024-12-26 21:35:15,2024-12-26 22:17:15,UberX,551.84,4.19,4.53,Completed
8932,5970,3537,8414,4064,2025-04-08 14:40:32,2025-04-08 15:13:32,UberPool,525.22,13.9,4.03,Completed
8933,5097,6287,6388,7749,2024-04-10 19:33:23,2024-04-10 20:09:23,UberBlack,539.62,6.62,3.74,Cancelled
8934,1740,3298,3654,1091,2024-04-29 23:43:15,2024-04-30 00:10:15,UberX,780.97,4.97,4.21,Completed
8935,3402,9179,8732,4135,2025-01-12 08:29:14,2025-01-12 09:11:14,UberX,692.46,4.8,3.86,Completed
8936,3077,8783,1288,8187,2024-11-12 17:38:40,2024-11-12 18:16:40,UberPool,323.8,12.62,4.28,Completed
8937,8760,5968,7818,952,2024-11-02 10:53:31,2024-11-02 11:38:31,UberPool,141.05,8.05,4.26,Completed
8938,4062,7519,7158,5589,2023-12-03 02:24:45,2023-12-03 02:47:45,UberPool,518.77,6.36,4.56,Completed
8939,7875,5599,9025,1904,2025-04-11 17:27:03,2025-04-11 17:56:03,UberBlack,628.81,16.11,4.97,Completed
8940,4499,5452,3512,6959,2025-01-23 06:34:52,2025-01-23 06:48:52,UberBlack,58.19,11.4,3.55,Completed
8941,1955,44,3082,8651,2025-05-11 09:18:36,2025-05-11 09:49:36,UberX,219.71,8.74,4.83,Cancelled
8942,4745,2818,8074,9051,2025-07-07 10:55:56,2025-07-07 11:22:56,UberPool,233.08,18.81,3.75,Cancelled
8943,2256,9501,8686,5726,2024-09-12 21:38:04,2024-09-12 21:47:04,UberPool,140.96,17.89,3.61,Completed
8944,2967,1713,3761,6435,2025-07-30 12:38:04,2025-07-30 13:23:04,UberX,143.33,6.13,4.16,No Show
8945,7407,1600,6923,1884,2025-04-20 02:14:53,2025-04-20 02:54:53,UberX,180.15,6.02,4.01,Completed
8946,4387,843,8294,3565,2024-04-27 08:10:42,2024-04-27 08:54:42,UberPool,615.91,6.26,3.92,Completed
8947,2191,3926,3580,3024,2025-01-10 19:44:55,2025-01-10 20:05:55,UberPool,414.3,6.42,4.46,Completed
8948,5481,4338,5479,8440,2024-02-05 15:39:16,2024-02-05 15:49:16,UberBlack,391.42,12.51,4.78,Cancelled
8949,6429,8121,3901,2449,2024-01-07 17:25:52,2024-01-07 18:03:52,UberPool,655.01,3.58,4.71,Completed
8950,9945,1236,6987,5477,2025-05-27 21:18:49,2025-05-27 21:49:49,UberX,580.11,7.72,4.06,Completed
8951,1143,2023,4732,1290,2025-01-10 23:25:37,2025-01-10 23:55:37,UberX,580.5,14.96,4.53,Completed
8952,8909,9872,7254,4683,2024-10-12 00:32:45,2024-10-12 00:58:45,UberPool,331.84,13.98,4.29,Completed
8953,7683,7216,6011,3786,2025-06-29 15:03:59,2025-06-29 15:21:59,UberX,155.8,2.9,4.19,Completed
8954,4538,5089,863,3202,2024-08-24 23:26:25,2024-08-24 23:44:25,UberX,79.66,12.61,3.67,Completed
8955,2178,9392,8256,8154,2024-06-12 03:48:41,2024-06-12 03:58:41,UberPool,619.63,8.89,4.8,Completed
8956,6394,1617,421,9088,2024-04-12 04:08:40,2024-04-12 04:49:40,UberX,422.64,12.75,4.18,Completed
8957,9978,2959,5121,7806,2024-12-10 18:03:48,2024-12-10 18:24:48,UberPool,658.3,14.85,4.28,Completed
8958,1400,5406,5006,6542,2025-06-26 11:31:20,2025-06-26 11:52:20,UberPool,788.37,1.25,3.51,Completed
8959,543,8935,1167,178,2024-08-11 16:49:06,2024-08-11 16:57:06,UberX,525.36,7.27,3.65,Cancelled
8960,3832,9083,4260,1536,2024-05-21 13:41:28,2024-05-21 13:48:28,UberBlack,212.06,3.67,4.27,No Show
8961,2611,9410,9937,1627,2024-10-10 05:08:38,2024-10-10 05:40:38,UberX,571.65,13.38,4.91,Completed
8962,7884,5648,6636,411,2023-11-24 05:13:56,2023-11-24 05:29:56,UberX,745.91,10.76,4.74,Completed
8963,2282,3525,4832,7910,2024-02-21 19:57:19,2024-02-21 20:26:19,UberX,272.94,4.09,4.85,Completed
8964,9288,3992,3814,1694,2023-08-27 15:45:03,2023-08-27 16:01:03,UberBlack,715.0,12.31,3.82,Completed
8965,8948,7536,910,5249,2024-10-08 21:51:18,2024-10-08 22:01:18,UberPool,780.4,3.45,4.01,Completed
8966,90,6446,5181,1582,2024-01-29 12:05:53,2024-01-29 12:47:53,UberPool,324.7,8.16,3.62,Cancelled
8967,9850,2339,3170,2373,2024-02-26 09:42:40,2024-02-26 10:25:40,UberPool,325.09,13.23,4.23,Completed
8968,7929,1146,599,3607,2023-10-20 00:19:51,2023-10-20 01:04:51,UberBlack,320.79,10.51,4.57,Completed
8969,9081,6315,9262,9671,2024-05-07 14:29:21,2024-05-07 15:04:21,UberPool,630.39,19.77,4.53,Cancelled
8970,5023,2203,9707,8249,2024-09-06 00:49:53,2024-09-06 01:14:53,UberX,51.89,4.86,3.66,No Show
8971,7664,4408,1599,3506,2025-01-24 14:19:34,2025-01-24 14:30:34,UberPool,352.1,7.78,4.75,Cancelled
8972,7105,6342,5231,2077,2024-04-27 14:59:56,2024-04-27 15:21:56,UberBlack,222.92,18.79,3.75,Completed
8973,1342,8771,5931,7285,2024-10-15 08:59:03,2024-10-15 09:15:03,UberPool,151.43,5.72,4.99,Completed
8974,8344,7238,7807,9011,2024-01-15 13:47:55,2024-01-15 14:08:55,UberBlack,571.53,8.59,4.61,Completed
8975,4908,5255,4545,5059,2024-11-02 08:04:41,2024-11-02 08:46:41,UberPool,398.8,7.46,3.81,Completed
8976,5146,7194,9655,2741,2023-12-31 17:37:34,2023-12-31 18:11:34,UberBlack,639.69,16.35,4.33,Completed
8977,8664,1216,1070,9351,2024-06-03 22:58:21,2024-06-03 23:09:21,UberX,329.28,12.93,5.0,Completed
8978,2046,6033,1446,4239,2024-06-12 14:23:47,2024-06-12 14:29:47,UberBlack,583.67,5.69,4.99,Completed
8979,9234,3708,3032,7808,2023-09-12 23:40:59,2023-09-13 00:05:59,UberX,383.88,8.37,4.34,Completed
8980,9773,8766,1608,5591,2024-04-19 02:41:19,2024-04-19 03:07:19,UberBlack,329.62,3.4,3.78,Completed
8981,268,525,5443,5986,2024-05-18 06:18:41,2024-05-18 06:31:41,UberPool,402.17,2.12,4.16,Completed
8982,9554,3275,1449,5474,2025-01-02 08:47:49,2025-01-02 08:54:49,UberBlack,792.24,17.04,4.52,Completed
8983,9898,5501,3002,3681,2024-12-09 11:53:10,2024-12-09 12:37:10,UberPool,533.43,11.81,4.82,Completed
8984,5873,6148,8095,5507,2024-01-01 17:07:17,2024-01-01 17:39:17,UberPool,582.77,1.51,4.77,Cancelled
8985,2714,2245,2990,614,2024-07-13 02:48:01,2024-07-13 02:57:01,UberX,182.41,5.66,4.25,Completed
8986,626,6128,4953,8516,2025-02-20 07:33:55,2025-02-20 08:17:55,UberBlack,695.28,12.0,4.68,Completed
8987,4432,778,8410,895,2024-09-06 05:40:39,2024-09-06 06:07:39,UberX,749.33,8.94,3.84,Completed
8988,1260,621,9803,3906,2023-12-07 20:22:28,2023-12-07 20:39:28,UberBlack,556.37,2.91,4.57,Completed
8989,5383,654,8872,2137,2025-07-17 10:42:41,2025-07-17 11:09:41,UberBlack,337.92,2.75,3.68,Completed
8990,6914,3784,3271,3320,2025-04-25 08:37:06,2025-04-25 08:59:06,UberPool,411.09,18.67,4.34,Completed
8991,5102,2587,905,1318,2024-10-24 04:57:04,2024-10-24 05:28:04,UberPool,340.98,6.0,3.82,Completed
8992,7292,775,4447,7723,2023-10-23 12:57:20,2023-10-23 13:16:20,UberPool,668.9,5.87,4.94,Completed
8993,7760,8946,7472,2869,2025-07-06 06:10:18,2025-07-06 06:54:18,UberPool,319.24,3.87,3.92,Completed
8994,330,8532,2414,1560,2024-04-15 11:44:21,2024-04-15 12:29:21,UberPool,652.53,6.32,3.55,Completed
8995,837,8638,9827,5065,2024-10-21 04:00:07,2024-10-21 04:23:07,UberPool,727.6,1.66,3.79,Completed
8996,440,9521,8511,5427,2024-05-08 18:10:28,2024-05-08 18:45:28,UberX,340.2,15.91,4.88,Completed
8997,8322,8919,4510,1686,2023-08-18 09:34:52,2023-08-18 10:17:52,UberPool,382.81,14.74,4.21,Completed
8998,2437,2091,8071,7382,2025-06-02 02:12:21,2025-06-02 02:32:21,UberPool,180.78,17.63,4.25,Completed
8999,8365,641,5882,716,2024-08-01 00:18:14,2024-08-01 00:35:14,UberPool,414.85,19.92,3.77,Completed
9000,2317,9954,4155,5061,2025-03-04 11:17:55,2025-03-04 11:34:55,UberPool,455.87,14.19,4.35,Completed
9001,2957,4466,6216,9052,2023-10-22 19:07:01,2023-10-22 19:48:01,UberPool,230.03,17.33,4.72,Cancelled
9002,3304,1538,4336,5548,2024-06-30 16:26:59,2024-06-30 16:33:59,UberX,133.21,10.46,3.5,Completed
9003,700,7812,1552,6980,2023-11-10 23:18:16,2023-11-10 23:39:16,UberBlack,436.45,1.5,4.83,Completed
9004,2474,9972,7685,4826,2024-07-24 13:03:22,2024-07-24 13:14:22,UberX,390.46,7.91,3.83,Cancelled
9005,7463,5447,5779,957,2024-08-30 20:08:49,2024-08-30 20:52:49,UberBlack,252.83,14.19,4.09,Completed
9006,473,78,2709,1720,2025-04-02 01:23:51,2025-04-02 01:41:51,UberX,639.28,3.73,3.6,Completed
9007,8693,3829,8685,5954,2025-05-17 23:17:04,2025-05-17 23:31:04,UberPool,124.78,11.43,4.18,Completed
9008,6124,4446,7745,4056,2024-05-20 15:36:12,2024-05-20 15:42:12,UberX,196.09,16.77,3.96,Completed
9009,1660,685,6458,5617,2024-03-17 08:49:25,2024-03-17 09:10:25,UberX,478.16,14.79,4.9,Completed
9010,2229,1076,919,583,2024-08-17 17:07:24,2024-08-17 17:14:24,UberX,526.82,16.52,4.1,Completed
9011,6813,7519,2876,9610,2024-03-02 05:44:02,2024-03-02 06:20:02,UberX,724.05,19.29,4.0,Completed
9012,9128,5626,5466,6864,2023-11-28 09:34:02,2023-11-28 10:15:02,UberX,705.73,15.02,3.59,Completed
9013,8929,8452,2985,4731,2024-10-22 11:59:37,2024-10-22 12:41:37,UberPool,563.46,11.44,4.25,Completed
9014,8145,8544,8285,2923,2023-09-07 15:25:29,2023-09-07 15:54:29,UberPool,786.22,6.98,3.84,Completed
9015,5882,5601,4312,7656,2024-05-20 09:52:28,2024-05-20 10:13:28,UberPool,628.65,12.13,4.42,Completed
9016,5797,520,9217,1230,2024-08-09 21:24:33,2024-08-09 21:45:33,UberBlack,406.83,3.65,3.69,Completed
9017,1234,9644,3879,8276,2025-05-16 20:52:02,2025-05-16 21:22:02,UberPool,664.87,6.04,4.18,Completed
9018,7003,1713,5928,3796,2025-07-14 01:24:58,2025-07-14 02:03:58,UberPool,52.44,12.47,4.88,Completed
9019,5461,9710,5943,7215,2024-09-16 01:28:47,2024-09-16 01:46:47,UberPool,356.17,17.33,4.28,Completed
9020,6466,8686,28,8048,2024-10-29 18:56:32,2024-10-29 19:07:32,UberBlack,210.24,7.42,4.56,Cancelled
9021,4727,293,7381,7600,2024-05-09 00:27:15,2024-05-09 00:42:15,UberBlack,668.81,9.92,4.54,Completed
9022,2593,6374,3067,4896,2024-12-22 06:24:33,2024-12-22 06:49:33,UberBlack,546.89,14.2,4.55,Completed
9023,9673,9883,8943,5382,2024-09-09 14:20:23,2024-09-09 14:52:23,UberBlack,263.75,2.42,3.85,Completed
9024,2798,4220,6466,8711,2025-07-16 21:48:31,2025-07-16 22:20:31,UberPool,790.45,16.62,3.84,Completed
9025,9621,8436,1919,4544,2024-12-22 02:46:49,2024-12-22 03:06:49,UberBlack,631.38,1.1,4.89,Completed
9026,5422,1929,6783,5396,2025-02-23 05:18:20,2025-02-23 05:56:20,UberX,795.11,10.73,4.57,Completed
9027,5386,5859,5081,634,2025-05-01 18:05:46,2025-05-01 18:45:46,UberBlack,656.55,17.89,4.65,Cancelled
9028,5892,4542,9366,9621,2024-02-26 19:37:53,2024-02-26 19:43:53,UberPool,170.74,1.96,3.7,Completed
9029,6551,5657,2305,2550,2023-12-03 08:56:48,2023-12-03 09:22:48,UberX,490.27,8.97,4.78,No Show
9030,4944,3958,8035,1409,2025-03-16 12:32:58,2025-03-16 12:57:58,UberX,297.21,4.78,4.64,Cancelled
9031,1577,5272,8352,59,2024-11-27 00:25:13,2024-11-27 01:01:13,UberPool,361.83,10.34,4.12,Completed
9032,304,946,2281,5600,2025-05-25 11:43:33,2025-05-25 11:57:33,UberX,633.46,9.22,3.89,Completed
9033,6883,8294,5045,9305,2024-04-17 16:14:51,2024-04-17 16:28:51,UberPool,277.09,18.75,4.53,Completed
9034,777,6716,67,1142,2025-07-10 15:38:38,2025-07-10 16:03:38,UberBlack,748.3,3.03,3.98,Completed
9035,7906,650,9675,254,2023-12-22 06:11:31,2023-12-22 06:43:31,UberBlack,352.97,14.45,4.07,Completed
9036,7363,5824,8255,2640,2024-03-13 03:21:37,2024-03-13 04:02:37,UberX,319.18,5.17,4.39,Completed
9037,8838,6682,5275,3233,2024-11-24 21:07:45,2024-11-24 21:46:45,UberBlack,454.9,19.95,4.27,Completed
9038,7184,1907,8471,8214,2024-06-21 09:40:26,2024-06-21 10:08:26,UberBlack,453.45,19.2,4.92,Completed
9039,6772,3566,7459,2677,2025-04-24 18:09:15,2025-04-24 18:29:15,UberX,718.95,2.79,3.73,No Show
9040,1238,3851,1120,131,2024-07-25 23:37:13,2024-07-26 00:10:13,UberX,384.46,18.94,4.41,Completed
9041,4169,4006,2357,4105,2023-12-08 23:30:57,2023-12-09 00:08:57,UberPool,571.29,15.52,3.78,Completed
9042,2534,8187,4180,5200,2024-05-23 13:11:28,2024-05-23 13:26:28,UberX,587.82,16.36,4.92,Completed
9043,919,186,5483,5809,2024-11-02 15:58:29,2024-11-02 16:24:29,UberX,329.8,13.05,4.45,Completed
9044,7249,8174,9795,9450,2024-05-29 06:33:29,2024-05-29 06:52:29,UberPool,53.29,11.06,3.73,Completed
9045,207,8413,8765,1607,2023-10-13 20:11:55,2023-10-13 20:34:55,UberBlack,797.01,7.17,4.34,Completed
9046,7719,6607,8966,2770,2024-11-12 20:47:03,2024-11-12 21:02:03,UberBlack,161.03,10.06,4.2,Completed
9047,4782,7888,3833,6658,2024-12-07 10:06:01,2024-12-07 10:35:01,UberX,711.71,17.23,4.66,Completed
9048,6954,6514,8772,4695,2023-10-22 18:43:55,2023-10-22 19:04:55,UberX,326.25,13.61,3.89,Completed
9049,2706,4667,1540,3315,2025-05-09 22:25:00,2025-05-09 22:55:00,UberPool,411.11,1.49,4.25,Completed
9050,6623,6187,6206,6314,2023-12-20 09:49:17,2023-12-20 10:34:17,UberBlack,78.6,12.27,4.13,Completed
9051,831,9669,1560,4197,2024-01-02 23:24:40,2024-01-03 00:00:40,UberX,654.9,8.83,4.3,Completed
9052,3571,751,2191,675,2025-04-20 03:29:28,2025-04-20 03:46:28,UberPool,722.85,13.98,4.01,Completed
9053,8476,4588,2262,4161,2025-03-24 01:22:43,2025-03-24 01:52:43,UberPool,618.4,9.61,4.24,Completed
9054,9520,2072,7546,8145,2024-10-01 20:33:10,2024-10-01 20:55:10,UberX,139.43,14.92,3.78,Completed
9055,3424,4422,9920,5187,2023-08-16 01:16:54,2023-08-16 01:53:54,UberBlack,397.46,15.13,4.4,Cancelled
9056,2163,480,7673,1836,2024-04-20 05:28:27,2024-04-20 05:41:27,UberBlack,441.99,19.2,4.42,Completed
9057,1414,5792,8185,2975,2023-09-10 02:07:18,2023-09-10 02:27:18,UberBlack,319.87,10.22,4.77,Completed
9058,5174,5058,2683,5715,2024-09-10 13:13:43,2024-09-10 13:30:43,UberX,529.35,10.96,3.94,Cancelled
9059,4112,7995,9651,8794,2025-03-31 04:57:05,2025-03-31 05:19:05,UberPool,590.35,4.77,4.3,Completed
9060,5880,4684,2796,5633,2025-01-10 00:02:44,2025-01-10 00:10:44,UberX,606.46,16.3,4.38,Completed
9061,9219,2900,8868,1738,2025-07-20 13:04:58,2025-07-20 13:19:58,UberX,591.52,8.02,3.71,Completed
9062,6920,3846,1718,1223,2025-02-02 18:45:51,2025-02-02 19:26:51,UberPool,720.96,12.37,4.01,Cancelled
9063,5385,9361,9223,2025,2024-02-15 06:11:32,2024-02-15 06:51:32,UberX,252.89,15.72,4.03,Completed
9064,4763,525,5724,8225,2024-01-25 17:53:56,2024-01-25 18:14:56,UberX,492.66,11.29,4.65,Completed
9065,5044,457,3508,705,2024-04-05 18:42:00,2024-04-05 19:05:00,UberBlack,390.78,5.63,4.48,Completed
9066,4905,569,9174,6509,2023-08-18 18:22:02,2023-08-18 18:54:02,UberPool,593.27,2.29,4.74,Cancelled
9067,6577,9127,791,3937,2024-04-04 02:51:04,2024-04-04 03:30:04,UberPool,106.13,7.63,4.5,Completed
9068,7522,7901,7213,9229,2023-12-12 18:49:55,2023-12-12 19:07:55,UberX,385.94,5.81,4.14,Completed
9069,3559,2496,3418,5298,2024-05-02 06:38:26,2024-05-02 06:44:26,UberX,260.04,6.27,4.86,Completed
9070,8936,4384,3727,5699,2024-09-15 07:32:36,2024-09-15 07:41:36,UberPool,452.07,12.69,3.97,Completed
9071,3045,5504,9859,3779,2025-03-21 14:47:47,2025-03-21 15:11:47,UberPool,501.01,7.84,3.97,Completed
9072,1138,657,4522,1235,2025-01-17 16:21:24,2025-01-17 16:38:24,UberX,242.14,13.23,4.15,Completed
9073,6840,2818,6963,5860,2025-04-08 16:32:37,2025-04-08 17:03:37,UberX,461.72,16.88,4.05,Completed
9074,2798,6991,8470,5450,2024-05-08 21:05:03,2024-05-08 21:39:03,UberPool,753.33,7.96,3.98,Completed
9075,3415,4484,2532,5694,2025-01-28 10:34:07,2025-01-28 10:47:07,UberX,369.89,4.69,3.79,Completed
9076,6981,3637,2798,3235,2025-03-13 05:55:02,2025-03-13 06:03:02,UberPool,335.43,18.3,4.57,Completed
9077,6220,4158,2855,200,2024-01-13 22:30:26,2024-01-13 22:48:26,UberX,691.06,13.94,4.39,Completed
9078,6486,1518,6537,7055,2024-12-06 03:01:07,2024-12-06 03:43:07,UberBlack,623.28,8.07,4.5,Completed
9079,9510,7964,1456,271,2024-12-31 04:14:59,2024-12-31 04:28:59,UberBlack,314.42,17.92,4.06,Completed
9080,4691,5764,2527,9595,2024-10-08 01:08:47,2024-10-08 01:28:47,UberBlack,189.21,6.26,4.67,Completed
9081,1382,3200,108,8831,2025-02-21 22:35:08,2025-02-21 22:58:08,UberX,326.79,3.6,4.12,Completed
9082,1309,5235,671,9093,2024-06-08 09:09:10,2024-06-08 09:54:10,UberPool,631.53,8.17,3.68,No Show
9083,2185,1176,823,9294,2024-08-31 06:19:54,2024-08-31 06:49:54,UberX,398.41,3.92,4.6,Completed
9084,9382,9464,4854,743,2024-01-01 21:07:07,2024-01-01 21:46:07,UberBlack,474.82,17.9,4.24,Completed
9085,161,7945,6790,1870,2024-04-25 13:22:35,2024-04-25 13:41:35,UberX,707.28,8.73,4.75,Completed
9086,2611,4011,7132,6360,2023-11-07 17:53:36,2023-11-07 18:34:36,UberBlack,515.63,7.63,4.08,Completed
9087,7434,9356,545,2182,2023-09-27 14:55:45,2023-09-27 15:12:45,UberPool,557.67,14.1,3.86,Completed
9088,1111,2338,9103,4764,2024-11-28 01:08:28,2024-11-28 01:33:28,UberBlack,620.49,8.17,4.35,Cancelled
9089,3051,4799,9325,8625,2023-09-19 13:00:31,2023-09-19 13:29:31,UberPool,312.9,19.18,4.18,Completed
9090,4872,7896,9297,6653,2025-02-22 19:32:48,2025-02-22 19:58:48,UberPool,322.95,18.88,4.5,Completed
9091,1803,8574,5386,1254,2024-01-10 10:08:08,2024-01-10 10:49:08,UberX,599.91,5.04,4.7,Completed
9092,9093,3897,6086,3994,2025-05-23 18:53:44,2025-05-23 19:20:44,UberX,767.68,13.84,3.93,Completed
9093,3663,6380,4749,1982,2024-12-26 23:03:30,2024-12-26 23:39:30,UberPool,261.18,1.85,4.53,Completed
9094,3134,6336,741,2936,2024-05-06 10:05:00,2024-05-06 10:32:00,UberPool,78.79,18.29,4.62,Completed
9095,2074,6705,9445,4158,2025-04-24 02:34:31,2025-04-24 02:44:31,UberX,90.96,6.69,4.21,Completed
9096,8801,2916,8633,1937,2025-06-02 23:28:58,2025-06-02 23:39:58,UberBlack,581.44,3.43,4.58,Completed
9097,3162,7027,3966,6763,2025-05-27 09:57:27,2025-05-27 10:22:27,UberBlack,704.65,10.96,3.57,Completed
9098,6253,3693,7246,9499,2024-10-16 09:43:13,2024-10-16 09:53:13,UberBlack,438.01,14.29,4.81,Completed
9099,1991,479,5491,8343,2024-01-04 13:30:44,2024-01-04 13:52:44,UberBlack,575.42,6.78,4.23,Completed
9100,3042,6651,9843,6500,2024-07-17 04:25:04,2024-07-17 05:06:04,UberBlack,63.42,17.74,4.29,Completed
9101,1310,6413,8724,1384,2025-04-18 11:43:12,2025-04-18 12:09:12,UberPool,621.17,5.35,3.71,Completed
9102,5602,2836,8499,8599,2025-05-09 09:37:24,2025-05-09 09:58:24,UberPool,405.59,1.62,4.35,Cancelled
9103,3321,8780,7291,4854,2025-02-01 21:48:13,2025-02-01 22:16:13,UberBlack,474.28,6.64,4.26,Completed
9104,6363,3897,8816,2579,2024-05-12 23:23:05,2024-05-13 00:00:05,UberX,310.75,1.4,3.59,Completed
9105,4541,2963,7721,4713,2024-06-12 09:52:44,2024-06-12 10:01:44,UberBlack,248.83,11.71,3.63,Completed
9106,3385,2878,9108,4776,2024-02-05 16:56:43,2024-02-05 17:04:43,UberX,736.6,2.77,4.4,Completed
9107,9414,5412,7162,2000,2024-09-07 01:41:07,2024-09-07 02:17:07,UberPool,102.94,4.62,4.11,Completed
9108,8449,9766,4455,9251,2024-10-08 08:25:44,2024-10-08 08:39:44,UberX,320.25,3.07,4.98,Completed
9109,8739,7327,4316,3335,2024-05-01 11:02:44,2024-05-01 11:17:44,UberPool,64.03,9.64,4.81,Completed
9110,1013,4736,297,5980,2024-06-02 21:08:01,2024-06-02 21:21:01,UberBlack,542.26,19.68,4.95,Completed
9111,8670,7155,6037,9161,2024-09-27 18:28:39,2024-09-27 19:02:39,UberX,287.58,5.31,4.08,Cancelled
9112,8057,7390,545,5025,2024-05-03 18:19:28,2024-05-03 18:52:28,UberBlack,472.9,10.59,4.42,Completed
9113,9090,6729,9220,2192,2024-02-08 05:41:04,2024-02-08 05:46:04,UberBlack,543.71,17.2,4.16,Completed
9114,6408,7623,4199,7510,2025-01-14 04:04:41,2025-01-14 04:27:41,UberBlack,329.55,1.18,4.79,Completed
9115,7351,5805,3741,7482,2023-10-12 17:48:01,2023-10-12 18:06:01,UberPool,188.35,18.79,3.91,Completed
9116,665,2947,846,3428,2025-04-29 04:12:01,2025-04-29 04:27:01,UberPool,92.73,6.85,4.2,Completed
9117,784,900,2844,8684,2025-03-03 03:31:10,2025-03-03 04:08:10,UberX,77.72,16.63,3.99,Completed
9118,7184,1772,4719,2584,2024-11-16 13:41:42,2024-11-16 14:06:42,UberPool,371.0,16.68,4.15,Completed
9119,8551,6080,3827,6354,2025-01-22 11:38:44,2025-01-22 11:56:44,UberPool,767.76,19.85,4.85,Completed
9120,5980,1128,885,801,2025-08-03 03:09:21,2025-08-03 03:23:21,UberX,683.19,5.5,4.88,Completed
9121,1311,1954,9632,1532,2024-02-05 18:13:43,2024-02-05 18:33:43,UberBlack,339.4,2.3,4.75,Completed
9122,6376,2510,2423,7782,2025-04-22 15:40:29,2025-04-22 15:59:29,UberX,523.29,2.67,4.12,No Show
9123,4097,7540,8473,2653,2024-05-01 02:36:19,2024-05-01 02:49:19,UberBlack,655.6,12.88,3.55,Completed
9124,9137,2351,4950,820,2025-07-20 11:56:02,2025-07-20 12:22:02,UberBlack,766.46,6.41,3.93,Completed
9125,1280,3992,7564,7151,2024-05-07 02:01:37,2024-05-07 02:07:37,UberBlack,234.27,17.08,3.95,Completed
9126,1841,1925,8946,206,2024-12-23 12:21:57,2024-12-23 12:41:57,UberBlack,79.29,1.36,3.83,Completed
9127,3401,2905,5925,6266,2024-07-01 07:30:29,2024-07-01 07:36:29,UberPool,195.72,10.54,3.74,Completed
9128,8475,1927,9254,8920,2024-12-26 08:05:42,2024-12-26 08:31:42,UberBlack,216.64,4.47,4.79,Completed
9129,7955,7494,1834,6651,2024-03-27 00:12:04,2024-03-27 00:33:04,UberPool,203.27,7.3,3.61,Completed
9130,1349,2005,622,1666,2025-03-01 18:02:31,2025-03-01 18:22:31,UberX,515.65,14.8,4.29,Completed
9131,8339,4488,6187,4900,2025-04-26 22:40:55,2025-04-26 22:55:55,UberBlack,67.04,12.85,4.31,Completed
9132,3432,1011,4198,8567,2023-12-15 02:29:42,2023-12-15 02:43:42,UberX,608.81,6.6,4.7,Completed
9133,8508,5858,4098,5014,2024-11-29 01:40:39,2024-11-29 02:00:39,UberPool,762.49,1.43,4.7,Completed
9134,7984,3843,4091,3221,2023-11-18 05:04:17,2023-11-18 05:23:17,UberX,138.6,19.62,3.76,Completed
9135,8295,8122,1424,7944,2024-08-06 19:14:46,2024-08-06 19:38:46,UberPool,159.36,12.11,4.14,Completed
9136,6401,3305,3135,4885,2025-04-05 06:58:44,2025-04-05 07:40:44,UberX,305.1,4.89,4.74,Completed
9137,6737,3658,7756,2975,2025-07-14 21:45:23,2025-07-14 22:25:23,UberBlack,682.99,14.79,4.29,Completed
9138,7769,5916,2713,5685,2024-12-28 09:49:50,2024-12-28 10:05:50,UberBlack,530.16,19.69,4.45,Completed
9139,6457,6206,2495,4429,2024-07-22 21:41:26,2024-07-22 22:19:26,UberX,119.28,3.34,3.5,Cancelled
9140,5812,1625,9977,7219,2024-09-23 07:38:50,2024-09-23 07:43:50,UberX,430.83,1.76,4.21,No Show
9141,8834,445,1428,6862,2023-12-22 13:44:47,2023-12-22 14:04:47,UberPool,114.24,12.0,4.96,Completed
9142,8696,2470,1735,558,2024-01-06 18:35:27,2024-01-06 19:12:27,UberPool,330.25,5.71,4.13,Completed
9143,7760,202,8689,2871,2025-07-17 18:24:37,2025-07-17 18:58:37,UberBlack,220.12,19.71,4.52,Completed
9144,132,2651,2436,7981,2024-06-12 06:13:26,2024-06-12 06:24:26,UberPool,298.95,6.6,3.69,Completed
9145,9184,153,8411,441,2024-10-09 09:34:11,2024-10-09 10:07:11,UberX,187.42,14.99,4.18,Completed
9146,4052,2622,1739,7043,2023-09-28 19:45:49,2023-09-28 20:18:49,UberX,761.59,4.26,4.84,Cancelled
9147,9638,6781,1333,7413,2025-07-02 21:51:43,2025-07-02 22:30:43,UberBlack,352.62,14.76,4.12,Completed
9148,2892,5393,1080,2220,2025-07-26 08:22:11,2025-07-26 08:44:11,UberBlack,199.07,5.82,4.56,Completed
9149,4575,3870,8022,8493,2024-02-07 06:14:45,2024-02-07 06:38:45,UberPool,687.7,11.54,4.82,Completed
9150,2738,6542,3358,9091,2025-04-20 22:07:09,2025-04-20 22:43:09,UberPool,781.48,2.13,3.95,Completed
9151,8576,8013,4065,681,2023-10-05 21:06:24,2023-10-05 21:47:24,UberBlack,359.76,8.33,4.35,Completed
9152,7145,1217,6641,58,2024-03-03 10:51:12,2024-03-03 11:36:12,UberX,480.85,18.43,4.81,Completed
9153,10000,3877,4315,1259,2024-02-10 05:13:02,2024-02-10 05:22:02,UberX,493.17,15.53,4.7,Completed
9154,3767,718,4441,8242,2024-04-03 17:29:19,2024-04-03 17:49:19,UberPool,483.03,12.82,4.77,Completed
9155,7323,3388,342,4603,2023-11-15 11:42:29,2023-11-15 11:48:29,UberBlack,551.76,19.84,3.7,Completed
9156,726,8688,4725,935,2023-08-07 17:13:01,2023-08-07 17:35:01,UberX,538.5,3.75,3.69,Completed
9157,1219,6477,3310,9473,2024-02-15 20:47:16,2024-02-15 21:21:16,UberBlack,208.3,17.28,4.66,Completed
9158,7118,3579,34,9632,2023-12-15 15:32:47,2023-12-15 16:02:47,UberPool,287.97,11.21,4.64,Completed
9159,830,1448,9121,517,2025-04-16 10:30:53,2025-04-16 11:06:53,UberBlack,352.41,8.07,4.76,Completed
9160,1300,8469,6546,3520,2024-04-03 16:16:31,2024-04-03 16:58:31,UberBlack,211.73,13.86,3.82,No Show
9161,5627,8529,5671,1669,2024-11-26 12:39:33,2024-11-26 12:54:33,UberX,573.28,15.19,3.92,Completed
9162,7809,9996,3047,3185,2025-03-15 18:01:30,2025-03-15 18:18:30,UberPool,380.35,7.16,4.74,Cancelled
9163,8894,2598,1116,5677,2025-07-06 21:27:50,2025-07-06 21:42:50,UberBlack,432.01,12.95,4.85,Completed
9164,8599,6165,3425,1720,2025-05-30 16:26:13,2025-05-30 17:08:13,UberX,454.61,14.53,3.83,Completed
9165,9989,9420,7852,3593,2024-01-27 09:06:58,2024-01-27 09:25:58,UberPool,412.48,5.42,3.79,Completed
9166,19,9581,3629,8755,2025-02-23 20:29:21,2025-02-23 21:01:21,UberX,334.4,15.58,3.93,Completed
9167,8466,2448,6517,4580,2024-11-19 21:58:01,2024-11-19 22:06:01,UberX,241.7,2.32,4.27,Completed
9168,9269,541,3924,8998,2024-07-23 10:28:57,2024-07-23 10:50:57,UberBlack,466.72,10.64,4.58,Completed
9169,1045,6251,5660,6639,2025-06-02 23:04:48,2025-06-02 23:39:48,UberX,213.41,14.24,4.89,Completed
9170,2009,5956,2188,6138,2025-04-09 21:31:16,2025-04-09 21:53:16,UberBlack,588.25,17.47,3.86,Completed
9171,3548,9160,1215,6536,2024-07-04 08:30:44,2024-07-04 08:52:44,UberPool,53.36,1.42,4.69,Completed
9172,8450,5040,1573,4572,2024-09-18 00:18:54,2024-09-18 01:01:54,UberX,105.49,7.08,3.81,Cancelled
9173,5706,4816,6319,4988,2024-02-23 22:08:20,2024-02-23 22:20:20,UberX,528.1,15.35,4.87,Completed
9174,4249,7737,5843,7183,2025-07-11 04:41:12,2025-07-11 04:59:12,UberX,535.16,4.3,3.58,Completed
9175,3921,1936,4573,3110,2025-01-07 03:48:14,2025-01-07 04:22:14,UberPool,411.34,17.94,4.97,Completed
9176,7361,8991,2209,3139,2025-06-26 03:52:07,2025-06-26 04:11:07,UberBlack,527.65,12.07,4.68,Completed
9177,4302,6867,3566,312,2024-12-30 08:20:13,2024-12-30 08:55:13,UberX,75.19,2.36,4.2,Completed
9178,1261,3472,4438,6707,2025-05-04 08:46:23,2025-05-04 09:14:23,UberPool,380.28,17.56,4.56,Completed
9179,8653,1314,2884,7157,2024-09-09 10:23:48,2024-09-09 10:49:48,UberBlack,322.44,14.86,4.81,Completed
9180,9395,7371,4757,6474,2024-02-16 13:47:18,2024-02-16 13:57:18,UberBlack,679.8,16.05,3.77,No Show
9181,1310,3456,7583,5622,2024-11-21 17:17:07,2024-11-21 17:34:07,UberX,518.88,19.22,3.67,Completed
9182,3585,2286,6025,1864,2023-08-26 02:11:59,2023-08-26 02:17:59,UberX,414.15,11.5,4.09,Completed
9183,8828,9044,8359,6346,2023-09-07 11:18:45,2023-09-07 11:27:45,UberX,799.2,11.03,3.8,Completed
9184,8821,1722,5303,8991,2025-06-18 11:04:20,2025-06-18 11:13:20,UberBlack,145.79,5.45,3.9,Completed
9185,137,9275,3244,519,2025-06-29 00:11:26,2025-06-29 00:39:26,UberBlack,668.58,15.12,4.66,Completed
9186,9982,5253,9898,6665,2023-08-16 08:07:06,2023-08-16 08:34:06,UberBlack,52.51,7.04,4.0,Completed
9187,9817,4622,5349,9171,2024-05-23 11:41:49,2024-05-23 12:09:49,UberBlack,283.28,8.59,4.67,Completed
9188,7590,1144,8332,248,2025-01-09 03:51:53,2025-01-09 04:27:53,UberX,250.09,8.67,4.61,Completed
9189,6535,6729,6803,7139,2025-06-23 17:00:51,2025-06-23 17:45:51,UberX,216.76,13.68,3.51,Completed
9190,2679,9114,1150,2581,2023-09-07 06:18:54,2023-09-07 06:45:54,UberPool,723.73,8.63,4.73,No Show
9191,8693,8983,5222,4904,2024-12-08 07:21:34,2024-12-08 07:47:34,UberX,695.92,12.91,4.69,Completed
9192,5734,2544,5200,4473,2025-05-24 06:28:19,2025-05-24 07:12:19,UberX,632.16,16.07,4.5,Completed
9193,3617,1359,5468,6055,2024-01-03 09:52:29,2024-01-03 10:18:29,UberBlack,714.07,12.85,4.47,Completed
9194,8083,5129,8532,8519,2023-11-28 10:26:54,2023-11-28 10:57:54,UberPool,455.26,5.87,3.72,Completed
9195,9293,5031,8157,260,2025-02-23 22:51:38,2025-02-23 23:21:38,UberBlack,344.2,3.12,3.99,Completed
9196,1934,2930,5858,4841,2023-12-27 07:35:51,2023-12-27 08:03:51,UberBlack,382.41,10.51,4.76,Completed
9197,521,6292,2144,5756,2024-11-20 22:45:47,2024-11-20 23:08:47,UberX,667.0,12.96,4.36,Completed
9198,6586,1094,8683,5498,2025-07-25 15:29:24,2025-07-25 15:42:24,UberBlack,490.15,2.54,3.94,Completed
9199,8182,8960,8932,2519,2025-06-12 11:25:37,2025-06-12 11:43:37,UberX,90.23,10.0,4.53,Completed
9200,4135,1317,6521,1823,2024-05-25 07:38:26,2024-05-25 08:16:26,UberBlack,105.29,10.27,4.17,No Show
9201,4713,3105,2684,6982,2024-10-29 14:34:11,2024-10-29 14:39:11,UberX,637.46,8.57,3.95,Completed
9202,3880,9095,7047,4093,2024-10-12 14:49:49,2024-10-12 15:23:49,UberPool,366.77,15.81,3.79,Completed
9203,5994,9970,1833,6725,2024-11-25 02:05:39,2024-11-25 02:37:39,UberBlack,154.06,19.97,3.7,Completed
9204,2068,5269,5637,434,2024-01-15 00:27:10,2024-01-15 00:59:10,UberBlack,679.99,19.77,4.79,Completed
9205,3132,212,3308,3243,2025-03-28 10:39:33,2025-03-28 11:19:33,UberX,411.9,13.38,4.01,Completed
9206,6688,1899,5956,548,2025-06-11 11:34:36,2025-06-11 12:07:36,UberBlack,394.37,13.8,4.85,Completed
9207,3937,2339,3174,8042,2025-04-11 22:27:28,2025-04-11 22:51:28,UberX,419.8,7.61,4.64,Completed
9208,2174,6861,8419,6105,2025-04-10 06:26:35,2025-04-10 07:07:35,UberX,548.79,15.77,4.66,Completed
9209,2833,8953,870,7868,2023-11-02 17:52:33,2023-11-02 18:06:33,UberPool,398.03,7.64,4.44,Cancelled
9210,2325,7310,2118,5676,2025-01-24 11:37:37,2025-01-24 12:07:37,UberBlack,570.75,15.94,4.49,Completed
9211,4853,8260,2146,8535,2025-05-10 00:02:38,2025-05-10 00:36:38,UberBlack,414.18,14.4,4.36,Completed
9212,2421,1076,5434,2133,2025-03-24 20:17:41,2025-03-24 20:46:41,UberPool,789.67,12.41,4.06,Completed
9213,7764,7974,1817,630,2025-05-26 20:24:36,2025-05-26 20:37:36,UberBlack,596.5,19.96,3.64,Completed
9214,9516,5017,1038,6617,2025-03-01 10:42:21,2025-03-01 10:48:21,UberBlack,521.78,15.22,4.89,Cancelled
9215,5490,8233,1281,8119,2024-04-01 03:47:05,2024-04-01 04:14:05,UberX,154.51,11.54,4.23,No Show
9216,7407,541,3369,7366,2024-04-13 06:46:00,2024-04-13 06:52:00,UberBlack,608.47,18.19,3.7,Cancelled
9217,7431,5510,7297,8281,2024-05-27 05:14:06,2024-05-27 05:23:06,UberPool,215.85,15.02,4.9,Completed
9218,9951,9620,1113,611,2025-01-28 03:07:20,2025-01-28 03:47:20,UberX,574.41,14.74,4.98,Completed
9219,8599,9688,6267,4361,2024-07-03 13:28:39,2024-07-03 13:34:39,UberX,166.04,14.03,3.97,Completed
9220,1466,623,551,8189,2023-12-04 19:34:29,2023-12-04 19:52:29,UberBlack,66.25,12.16,4.39,Completed
9221,2534,1049,5924,6480,2024-04-11 14:59:36,2024-04-11 15:24:36,UberPool,435.68,6.65,3.65,Completed
9222,5400,3618,2921,6825,2023-12-27 01:10:42,2023-12-27 01:40:42,UberPool,429.31,1.74,4.59,Completed
9223,908,7321,7716,1317,2025-05-13 06:20:34,2025-05-13 06:34:34,UberX,372.41,4.15,4.71,Completed
9224,472,5862,5183,5858,2024-09-20 15:01:34,2024-09-20 15:36:34,UberBlack,709.33,7.28,4.77,Completed
9225,3041,7203,4081,9658,2023-12-18 04:31:08,2023-12-18 04:38:08,UberX,413.93,9.56,4.52,Completed
9226,2019,4528,9150,1472,2024-12-09 10:24:41,2024-12-09 10:55:41,UberBlack,239.5,6.54,3.68,Cancelled
9227,2358,1804,8486,5986,2025-06-24 10:34:55,2025-06-24 11:15:55,UberBlack,587.4,16.04,3.88,Completed
9228,3978,80,545,3111,2024-05-10 10:04:20,2024-05-10 10:18:20,UberX,127.04,11.2,3.84,Completed
9229,2396,2779,4623,7045,2023-10-24 02:17:47,2023-10-24 02:53:47,UberBlack,564.66,11.08,3.68,Completed
9230,1680,1460,7284,9145,2024-12-08 18:02:46,2024-12-08 18:08:46,UberBlack,355.17,6.11,4.02,Completed
9231,9245,8257,1242,2222,2024-05-27 20:44:20,2024-05-27 21:29:20,UberBlack,283.35,5.39,3.9,Completed
9232,473,1644,4557,3733,2024-03-27 16:54:59,2024-03-27 17:15:59,UberPool,793.16,2.86,4.43,Completed
9233,7999,6235,9182,4002,2025-03-07 07:50:58,2025-03-07 08:09:58,UberBlack,144.71,18.0,4.25,Completed
9234,9094,9703,7160,5519,2024-05-27 23:14:24,2024-05-27 23:28:24,UberPool,789.85,19.27,3.53,Completed
9235,263,3822,6921,8598,2025-02-18 20:45:22,2025-02-18 21:01:22,UberX,429.58,9.06,4.28,Completed
9236,4645,4895,1845,7599,2025-05-29 12:08:36,2025-05-29 12:18:36,UberPool,467.34,16.84,4.1,Completed
9237,4222,9844,4065,9144,2025-07-02 05:04:27,2025-07-02 05:31:27,UberX,579.01,15.09,4.83,Completed
9238,1878,3382,1316,6177,2025-05-06 00:42:55,2025-05-06 01:06:55,UberBlack,462.61,2.02,4.14,Completed
9239,4244,8203,3811,7809,2025-04-29 14:24:38,2025-04-29 14:58:38,UberPool,59.44,4.4,3.71,Cancelled
9240,3367,594,1785,3242,2025-06-28 01:47:29,2025-06-28 02:07:29,UberBlack,205.7,11.66,4.62,Completed
9241,2144,1135,8284,9214,2025-05-18 01:48:37,2025-05-18 02:24:37,UberBlack,235.56,9.8,3.55,Cancelled
9242,6034,4834,9491,3294,2024-04-19 04:38:52,2024-04-19 04:59:52,UberX,652.7,1.99,4.95,Completed
9243,9483,910,6583,5531,2024-01-26 21:07:53,2024-01-26 21:27:53,UberX,346.89,5.64,3.94,Completed
9244,949,3588,1405,9083,2024-12-21 00:23:15,2024-12-21 01:08:15,UberBlack,767.33,14.08,3.54,Completed
9245,1005,6647,3023,5062,2023-08-06 00:39:05,2023-08-06 01:16:05,UberPool,597.12,18.75,4.94,No Show
9246,4424,8944,4313,5797,2023-10-11 10:55:05,2023-10-11 11:18:05,UberPool,59.43,19.12,4.84,Cancelled
9247,7445,450,8682,1198,2024-11-24 15:29:30,2024-11-24 15:35:30,UberBlack,120.61,18.77,3.74,Completed
9248,1179,2125,911,3977,2025-07-16 20:14:17,2025-07-16 20:55:17,UberX,401.87,13.49,4.59,Completed
9249,5935,7579,6138,6669,2023-12-30 01:46:33,2023-12-30 02:03:33,UberX,708.34,5.55,4.33,Completed
9250,782,8926,1658,6110,2024-09-27 03:17:22,2024-09-27 03:56:22,UberX,661.01,3.27,4.78,Cancelled
9251,8607,4173,2934,427,2024-03-24 03:01:04,2024-03-24 03:15:04,UberBlack,725.75,1.38,4.28,Cancelled
9252,8049,7715,4654,3565,2025-01-10 14:04:32,2025-01-10 14:14:32,UberX,781.8,10.19,4.18,Completed
9253,9001,623,9723,8887,2024-02-20 23:41:12,2024-02-20 23:59:12,UberBlack,725.31,2.76,4.96,Completed
9254,3845,5827,7680,8184,2023-08-26 10:06:04,2023-08-26 10:35:04,UberBlack,197.2,6.23,4.3,Completed
9255,8689,5707,6220,6024,2025-07-08 04:17:40,2025-07-08 04:56:40,UberBlack,215.89,19.57,3.77,Completed
9256,1945,2525,3811,3119,2025-07-27 17:06:03,2025-07-27 17:29:03,UberX,120.2,16.27,3.88,Completed
9257,6207,5203,6378,5520,2024-03-29 21:32:07,2024-03-29 21:41:07,UberPool,335.52,19.57,4.94,Completed
9258,2817,1429,1590,3067,2024-07-16 14:43:05,2024-07-16 15:28:05,UberPool,417.96,9.36,4.75,Completed
9259,9476,3214,584,4793,2025-02-06 03:32:14,2025-02-06 03:55:14,UberBlack,134.52,4.64,4.67,Completed
9260,8821,7235,5622,3107,2025-02-17 19:06:26,2025-02-17 19:15:26,UberPool,600.64,5.12,4.44,Completed
9261,508,6697,9567,9816,2024-07-21 11:46:02,2024-07-21 12:15:02,UberPool,577.58,9.05,4.6,Completed
9262,2822,6290,7881,3518,2025-02-06 17:26:27,2025-02-06 17:36:27,UberX,431.37,15.85,3.64,Completed
9263,8195,3169,396,7469,2024-05-07 21:15:40,2024-05-07 21:39:40,UberPool,241.2,17.35,4.55,Completed
9264,5844,9267,1956,5767,2023-10-13 22:24:09,2023-10-13 22:46:09,UberBlack,551.22,2.56,4.95,Completed
9265,4182,4208,9157,5637,2024-05-11 08:47:14,2024-05-11 09:19:14,UberBlack,213.35,18.97,4.1,Completed
9266,436,5998,5549,7762,2023-12-14 22:32:06,2023-12-14 22:52:06,UberX,206.88,10.17,4.06,Completed
9267,7219,3952,7454,7982,2025-02-10 17:06:13,2025-02-10 17:46:13,UberX,261.19,13.32,4.94,Completed
9268,5530,9247,9184,9932,2024-04-04 09:38:50,2024-04-04 10:04:50,UberPool,741.1,19.6,4.59,Completed
9269,257,1960,3138,6834,2024-06-21 02:25:50,2024-06-21 02:40:50,UberX,124.57,8.81,3.54,Completed
9270,8335,5814,3734,5714,2024-05-29 17:17:19,2024-05-29 17:51:19,UberPool,795.3,13.29,4.36,Completed
9271,4257,808,2271,1788,2023-12-23 21:10:51,2023-12-23 21:34:51,UberBlack,724.68,19.62,4.44,Completed
9272,9477,5009,3430,7516,2024-10-03 22:04:33,2024-10-03 22:16:33,UberBlack,156.51,14.91,4.15,No Show
9273,8903,7531,8467,1415,2024-09-09 20:42:48,2024-09-09 21:11:48,UberX,744.68,6.83,3.79,Completed
9274,3956,3216,2138,7604,2024-04-06 08:51:59,2024-04-06 09:13:59,UberPool,275.49,15.77,4.66,Cancelled
9275,2554,2453,8295,1360,2025-06-11 19:06:43,2025-06-11 19:43:43,UberPool,662.81,4.45,3.68,Completed
9276,8116,3916,5183,1731,2023-12-02 07:30:04,2023-12-02 08:10:04,UberBlack,378.63,18.89,3.86,Completed
9277,7980,242,2123,545,2024-05-10 12:00:24,2024-05-10 12:15:24,UberX,124.55,15.23,4.74,Completed
9278,9590,8367,8309,4150,2024-01-23 02:56:12,2024-01-23 03:11:12,UberBlack,264.38,12.78,4.19,Completed
9279,2495,9021,1952,2303,2025-03-25 02:05:31,2025-03-25 02:17:31,UberX,661.54,14.39,4.71,Cancelled
9280,1333,9106,7888,3572,2023-09-10 12:12:09,2023-09-10 12:25:09,UberPool,586.67,5.66,4.3,Completed
9281,9882,1319,6301,6317,2023-12-21 07:41:30,2023-12-21 08:14:30,UberBlack,505.18,1.36,4.52,Completed
9282,4916,9888,3767,2587,2025-06-18 23:36:29,2025-06-19 00:13:29,UberBlack,221.26,15.0,4.66,Completed
9283,6023,3800,899,2988,2023-10-14 08:33:38,2023-10-14 09:02:38,UberPool,723.97,7.41,4.93,Completed
9284,3162,8642,2861,6004,2024-06-17 07:30:09,2024-06-17 07:37:09,UberBlack,288.83,1.74,3.85,Completed
9285,6036,5583,5125,4062,2024-08-13 12:24:31,2024-08-13 12:48:31,UberPool,681.27,12.2,3.7,Completed
9286,6974,9926,4329,2910,2024-01-03 20:07:10,2024-01-03 20:27:10,UberBlack,488.27,10.14,4.3,Completed
9287,236,2200,3553,4682,2024-09-22 05:28:13,2024-09-22 05:43:13,UberX,787.76,14.23,4.13,Completed
9288,429,3212,1558,6892,2025-06-07 12:43:59,2025-06-07 13:12:59,UberX,450.41,16.47,4.6,Completed
9289,1735,5382,6917,8732,2023-08-07 21:50:23,2023-08-07 22:35:23,UberPool,151.41,13.32,3.68,Completed
9290,7291,9182,3629,4518,2024-03-28 22:43:28,2024-03-28 22:52:28,UberBlack,681.49,9.07,3.61,Completed
9291,9183,7601,7304,1071,2025-06-24 16:03:28,2025-06-24 16:40:28,UberX,614.49,3.33,3.54,Cancelled
9292,3766,8676,9651,6747,2024-07-19 17:18:47,2024-07-19 17:55:47,UberPool,148.1,12.62,4.79,Completed
9293,7834,6562,9989,2557,2024-06-19 04:01:06,2024-06-19 04:06:06,UberPool,569.17,13.54,4.22,Cancelled
9294,7560,9533,4591,9246,2024-07-22 06:39:33,2024-07-22 07:05:33,UberBlack,188.78,1.67,4.88,Completed
9295,7741,6325,2595,9572,2025-05-19 16:17:27,2025-05-19 16:28:27,UberBlack,247.83,8.95,4.8,Completed
9296,2951,4820,3644,8605,2025-02-28 19:01:27,2025-02-28 19:35:27,UberPool,702.43,18.81,4.69,Completed
9297,5644,2321,641,2883,2024-08-07 05:11:37,2024-08-07 05:27:37,UberX,387.03,1.04,4.73,Completed
9298,2061,5212,145,8880,2025-04-16 14:35:45,2025-04-16 14:41:45,UberBlack,449.58,9.99,4.93,Completed
9299,9979,5329,3397,5201,2024-09-28 23:16:38,2024-09-28 23:42:38,UberPool,730.43,17.48,4.65,Completed
9300,6639,4962,6420,4408,2024-12-21 19:28:40,2024-12-21 19:54:40,UberX,416.07,13.62,4.46,Completed
9301,651,2371,5946,8135,2024-02-12 14:16:49,2024-02-12 14:51:49,UberPool,171.99,17.22,4.21,Completed
9302,6979,3395,7264,9192,2024-11-20 04:18:58,2024-11-20 04:33:58,UberBlack,452.98,14.25,3.56,Completed
9303,5175,1973,5048,9308,2023-09-17 01:55:47,2023-09-17 02:05:47,UberBlack,92.18,7.26,5.0,Completed
9304,1082,2826,5654,5871,2023-10-10 14:07:10,2023-10-10 14:12:10,UberBlack,193.51,11.78,3.71,Completed
9305,3418,8431,9537,4244,2024-08-30 10:09:25,2024-08-30 10:30:25,UberX,167.8,10.88,4.76,Completed
9306,1121,7475,8692,5264,2024-01-14 19:45:49,2024-01-14 20:26:49,UberBlack,501.6,12.81,3.99,Completed
9307,9796,1364,6934,7252,2025-01-31 00:46:09,2025-01-31 00:57:09,UberPool,706.22,3.3,4.27,Completed
9308,2883,8429,1408,5448,2025-04-12 23:23:59,2025-04-12 23:50:59,UberPool,208.8,8.32,4.62,Completed
9309,8446,9495,9519,1316,2024-09-18 12:46:10,2024-09-18 13:15:10,UberX,511.47,1.19,3.87,Completed
9310,790,4064,3389,2547,2024-03-11 03:08:20,2024-03-11 03:28:20,UberPool,743.71,5.06,4.37,Cancelled
9311,5817,9515,7185,2910,2025-03-05 07:31:15,2025-03-05 07:46:15,UberBlack,554.38,19.15,3.58,Completed
9312,8901,8175,9651,6702,2024-03-10 04:22:49,2024-03-10 04:53:49,UberX,233.22,4.98,3.91,Completed
9313,3266,422,8399,9450,2023-09-19 08:57:51,2023-09-19 09:21:51,UberBlack,772.8,15.89,4.36,Completed
9314,6792,2355,4942,2621,2024-01-28 23:04:05,2024-01-28 23:30:05,UberX,591.91,18.89,3.66,Cancelled
9315,9147,5248,7748,3704,2025-01-22 09:14:28,2025-01-22 09:35:28,UberPool,503.89,16.39,4.65,Cancelled
9316,7270,4631,6500,1193,2025-04-05 16:17:13,2025-04-05 16:56:13,UberPool,586.92,3.18,4.22,Completed
9317,9563,414,589,2823,2024-12-01 20:21:08,2024-12-01 21:06:08,UberBlack,726.67,3.91,4.29,Completed
9318,4415,1729,1955,737,2023-09-17 16:01:07,2023-09-17 16:22:07,UberBlack,767.17,6.42,4.68,Cancelled
9319,2342,493,1799,37,2023-10-19 06:54:38,2023-10-19 07:25:38,UberBlack,196.18,2.95,4.11,Completed
9320,8179,7029,2924,1208,2023-09-14 01:58:18,2023-09-14 02:16:18,UberBlack,332.31,9.1,4.82,Completed
9321,9362,1255,5850,7915,2024-01-07 13:20:54,2024-01-07 13:58:54,UberX,70.66,11.26,3.89,Cancelled
9322,6563,6554,7231,4344,2024-12-03 05:41:45,2024-12-03 05:49:45,UberBlack,396.2,2.36,3.64,Completed
9323,6888,2723,3128,2609,2024-03-23 02:11:35,2024-03-23 02:27:35,UberBlack,309.33,6.17,4.66,Completed
9324,6164,3257,2582,9358,2024-11-24 18:28:17,2024-11-24 18:41:17,UberPool,658.65,10.69,3.87,Cancelled
9325,8856,528,9979,570,2023-09-14 20:16:37,2023-09-14 20:35:37,UberBlack,698.03,18.3,4.29,Completed
9326,8768,6414,5491,4148,2023-12-29 01:40:27,2023-12-29 01:59:27,UberBlack,78.38,7.77,4.86,Completed
9327,9565,4166,3621,9876,2023-12-22 23:21:28,2023-12-22 23:33:28,UberBlack,586.41,3.99,4.24,Cancelled
9328,7556,3261,4744,5173,2025-04-10 08:19:45,2025-04-10 08:38:45,UberBlack,693.62,4.98,4.96,Completed
9329,9485,1935,6328,7997,2024-04-17 02:10:49,2024-04-17 02:23:49,UberX,368.3,12.58,4.17,Completed
9330,4518,239,6280,7054,2024-04-20 19:08:18,2024-04-20 19:40:18,UberBlack,514.71,17.33,3.94,Completed
9331,5380,7596,6068,158,2024-11-12 18:09:16,2024-11-12 18:51:16,UberPool,214.95,8.42,4.8,Completed
9332,8472,918,7632,2621,2023-09-17 10:34:35,2023-09-17 11:16:35,UberBlack,73.83,4.81,3.73,Completed
9333,6818,7614,5155,815,2025-03-08 22:16:06,2025-03-08 23:01:06,UberX,680.94,17.51,4.62,Completed
9334,1228,3526,5948,5622,2024-06-15 23:51:47,2024-06-16 00:04:47,UberX,547.76,19.29,4.32,Completed
9335,9569,4304,3102,5501,2023-09-26 19:55:41,2023-09-26 20:08:41,UberX,295.09,6.17,3.73,Completed
9336,1849,2364,6227,6329,2025-05-24 04:16:42,2025-05-24 04:50:42,UberX,232.26,17.31,3.93,Completed
9337,2290,1509,5350,980,2024-09-16 22:23:24,2024-09-16 22:50:24,UberBlack,273.85,5.0,4.09,Completed
9338,2584,8100,9711,8231,2024-10-10 21:22:40,2024-10-10 22:07:40,UberBlack,285.61,16.17,3.77,Completed
9339,2990,323,1885,4751,2025-02-02 06:05:28,2025-02-02 06:13:28,UberX,566.65,17.09,4.38,Completed
9340,1107,6779,965,9808,2025-07-27 12:15:49,2025-07-27 12:21:49,UberBlack,343.75,8.45,3.6,Completed
9341,4283,6292,1101,9683,2024-08-06 22:00:48,2024-08-06 22:28:48,UberX,293.26,11.28,3.62,Completed
9342,2798,7172,1213,7595,2025-05-31 10:03:56,2025-05-31 10:34:56,UberPool,145.69,17.58,4.45,Completed
9343,9762,1719,5023,7739,2023-11-21 22:31:22,2023-11-21 22:58:22,UberX,717.22,18.87,3.75,Completed
9344,334,314,1959,8425,2023-11-11 10:29:58,2023-11-11 10:38:58,UberBlack,773.48,19.54,4.21,Completed
9345,3942,2093,8335,8908,2024-01-19 00:24:00,2024-01-19 00:40:00,UberBlack,499.75,12.9,4.68,No Show
9346,6747,4329,9473,3335,2024-12-14 06:23:28,2024-12-14 06:51:28,UberPool,140.8,10.98,3.75,Cancelled
9347,5206,242,6756,4716,2024-12-08 23:13:44,2024-12-08 23:41:44,UberX,217.15,15.64,4.94,Completed
9348,6957,2251,4002,1194,2024-05-07 16:19:11,2024-05-07 16:30:11,UberBlack,323.14,18.12,4.21,Completed
9349,6130,3668,5765,2461,2024-12-25 11:34:49,2024-12-25 12:15:49,UberX,356.49,19.97,4.19,Completed
9350,8153,1374,6581,785,2024-02-03 05:48:25,2024-02-03 06:26:25,UberX,194.91,19.67,4.01,Cancelled
9351,3224,1319,3721,8803,2025-03-03 06:16:51,2025-03-03 06:27:51,UberPool,182.0,4.79,4.64,Completed
9352,1482,1989,3824,4976,2023-09-12 07:37:35,2023-09-12 07:44:35,UberX,456.16,14.05,4.5,Completed
9353,6201,2179,1095,4213,2024-01-26 14:06:40,2024-01-26 14:51:40,UberX,81.5,1.93,3.66,Completed
9354,1351,7728,8944,2746,2024-01-24 03:24:50,2024-01-24 03:58:50,UberX,681.08,2.85,4.92,Completed
9355,903,4299,5,1267,2024-06-19 17:41:20,2024-06-19 17:48:20,UberX,779.78,7.26,4.27,Cancelled
9356,9450,9424,6087,795,2024-08-12 18:36:16,2024-08-12 19:01:16,UberX,94.71,11.66,4.58,Completed
9357,7861,8260,4829,2265,2024-10-28 18:35:25,2024-10-28 19:07:25,UberPool,708.43,10.24,4.79,Completed
9358,8742,4818,4136,8833,2024-10-03 23:50:26,2024-10-04 00:25:26,UberBlack,709.24,19.87,4.91,Cancelled
9359,3249,6056,8254,5261,2024-02-11 06:37:43,2024-02-11 07:17:43,UberX,752.45,2.02,3.61,Completed
9360,8464,1882,9398,7338,2023-12-16 20:58:44,2023-12-16 21:13:44,UberX,633.2,17.75,4.33,Completed
9361,2685,6398,1526,2231,2024-09-04 08:10:20,2024-09-04 08:26:20,UberBlack,482.58,11.63,4.59,Completed
9362,856,4668,8010,1029,2025-01-08 20:07:55,2025-01-08 20:12:55,UberPool,576.62,16.76,3.87,Completed
9363,9840,9480,5854,4612,2024-10-19 15:08:37,2024-10-19 15:48:37,UberX,796.49,4.38,3.83,Cancelled
9364,8485,9353,2546,6473,2023-10-21 18:19:42,2023-10-21 18:36:42,UberPool,447.28,7.81,4.84,Completed
9365,9734,1674,1389,1061,2024-06-01 18:47:53,2024-06-01 19:21:53,UberPool,356.44,3.93,3.95,Completed
9366,5091,5590,6958,4607,2024-06-25 04:35:50,2024-06-25 04:51:50,UberBlack,310.24,8.25,4.61,Completed
9367,5175,9833,1727,451,2025-03-13 08:26:10,2025-03-13 08:40:10,UberPool,528.82,8.66,4.44,Completed
9368,9666,7610,632,7230,2023-10-07 23:20:26,2023-10-07 23:29:26,UberX,184.97,3.79,4.95,Cancelled
9369,3366,9772,746,4722,2023-11-15 03:49:05,2023-11-15 04:28:05,UberX,54.74,4.39,4.13,Completed
9370,9440,7466,2866,8119,2024-05-30 02:27:19,2024-05-30 03:11:19,UberPool,577.07,1.62,3.61,Cancelled
9371,1207,2931,1866,4619,2025-05-01 08:22:21,2025-05-01 09:04:21,UberBlack,145.3,15.2,4.15,No Show
9372,7686,8757,8512,7019,2024-12-20 22:56:46,2024-12-20 23:19:46,UberPool,338.4,4.57,4.9,Completed
9373,1682,6377,8815,1523,2024-09-15 02:46:57,2024-09-15 02:54:57,UberBlack,180.28,3.79,4.8,Completed
9374,8973,9646,4767,7673,2025-04-25 12:18:20,2025-04-25 13:03:20,UberX,793.7,15.96,4.6,Completed
9375,8875,6453,3595,8879,2023-10-28 07:50:10,2023-10-28 07:59:10,UberBlack,73.64,8.3,4.13,Completed
9376,5257,9009,4665,6448,2023-10-29 15:08:59,2023-10-29 15:40:59,UberBlack,113.27,16.64,4.05,Completed
9377,8954,5622,4675,8414,2024-12-04 14:06:25,2024-12-04 14:47:25,UberX,192.47,6.33,4.68,Completed
9378,1400,4174,4217,5729,2025-03-08 01:17:47,2025-03-08 01:39:47,UberPool,336.08,18.87,3.84,Completed
9379,5642,8236,4179,2196,2024-09-21 23:29:14,2024-09-21 23:39:14,UberPool,775.75,15.85,4.64,Completed
9380,8246,8797,6650,9418,2023-12-25 23:23:50,2023-12-25 23:46:50,UberPool,718.21,18.22,4.3,Completed
9381,4662,2715,1151,8992,2024-12-25 03:51:49,2024-12-25 04:35:49,UberBlack,511.55,11.27,4.69,Completed
9382,7801,6121,5010,6587,2024-03-31 01:45:57,2024-03-31 02:05:57,UberX,490.38,15.1,4.93,Completed
9383,701,9853,1898,6575,2024-10-24 15:32:45,2024-10-24 16:01:45,UberX,577.17,19.88,3.88,Completed
9384,9371,46,6246,8118,2025-01-27 13:37:35,2025-01-27 14:22:35,UberBlack,548.79,16.04,4.04,Completed
9385,4994,2480,8607,8214,2025-02-17 15:55:07,2025-02-17 16:38:07,UberX,118.32,6.09,4.99,Completed
9386,1029,3957,1976,6556,2024-01-02 02:13:36,2024-01-02 02:36:36,UberPool,713.14,4.57,4.65,Completed
9387,1589,6624,4374,2537,2025-02-17 17:04:39,2025-02-17 17:28:39,UberPool,126.18,18.31,3.59,Completed
9388,8207,3888,3593,2863,2023-12-01 16:19:30,2023-12-01 16:40:30,UberX,698.9,5.49,4.3,Completed
9389,9094,6819,3739,7161,2024-10-05 16:19:16,2024-10-05 16:52:16,UberBlack,621.63,11.65,4.71,Completed
9390,8817,870,5328,2075,2025-03-06 07:33:25,2025-03-06 08:11:25,UberBlack,319.46,19.34,4.09,Cancelled
9391,2694,8383,6991,4921,2025-06-18 02:06:47,2025-06-18 02:30:47,UberPool,380.01,10.37,4.15,Completed
9392,6784,5647,4825,1953,2025-01-13 01:57:42,2025-01-13 02:27:42,UberPool,665.34,9.7,3.71,Completed
9393,6759,8793,548,4799,2024-01-16 14:48:49,2024-01-16 15:14:49,UberPool,735.95,11.99,4.13,Completed
9394,3502,5168,9052,9333,2023-12-07 15:11:29,2023-12-07 15:38:29,UberPool,367.29,13.92,3.53,Cancelled
9395,5458,2532,6734,9089,2024-04-17 14:39:57,2024-04-17 15:15:57,UberPool,555.56,18.0,4.34,Completed
9396,9452,7139,7791,3323,2024-04-11 08:12:05,2024-04-11 08:27:05,UberBlack,682.1,10.55,3.82,Completed
9397,8808,6217,9937,4635,2024-07-24 08:20:56,2024-07-24 08:47:56,UberBlack,90.14,6.85,4.35,Completed
9398,9000,1444,9782,8053,2024-12-23 18:12:27,2024-12-23 18:27:27,UberX,691.99,15.38,4.12,Completed
9399,405,1504,6602,1069,2025-07-12 03:08:25,2025-07-12 03:50:25,UberX,291.06,6.21,3.65,Completed
9400,5466,4306,274,3295,2024-03-18 21:16:17,2024-03-18 21:21:17,UberPool,254.73,5.13,4.92,Cancelled
9401,1841,8797,5617,491,2024-03-21 06:02:23,2024-03-21 06:41:23,UberX,145.82,10.28,4.27,Completed
9402,465,2630,5135,748,2024-03-31 07:52:17,2024-03-31 08:02:17,UberX,534.84,13.47,4.47,Completed
9403,3077,3811,6823,8619,2024-04-22 01:19:04,2024-04-22 02:01:04,UberBlack,726.89,12.96,4.03,Completed
9404,4465,4173,2912,954,2024-12-06 02:48:42,2024-12-06 02:58:42,UberBlack,393.62,18.22,4.3,Cancelled
9405,4072,293,8784,7942,2024-06-25 16:49:11,2024-06-25 17:18:11,UberPool,659.44,17.06,3.74,Completed
9406,8197,4736,253,8053,2024-10-29 05:45:26,2024-10-29 06:16:26,UberPool,498.13,11.87,3.68,Completed
9407,901,9841,3912,735,2024-02-06 01:27:58,2024-02-06 01:45:58,UberPool,631.69,18.44,3.76,Completed
9408,8808,8971,9496,1767,2024-05-19 16:28:52,2024-05-19 16:48:52,UberBlack,647.24,9.78,3.82,Completed
9409,3021,7358,6275,8815,2024-09-24 08:01:11,2024-09-24 08:35:11,UberX,706.72,1.61,3.65,Cancelled
9410,3118,9114,6686,2976,2024-01-28 10:51:18,2024-01-28 11:36:18,UberPool,91.0,5.16,4.77,Completed
9411,2310,6544,460,2895,2024-05-21 20:06:11,2024-05-21 20:42:11,UberX,319.92,18.98,3.51,Completed
9412,7437,9542,3959,4583,2024-02-16 03:40:43,2024-02-16 03:51:43,UberPool,726.74,8.66,3.57,Completed
9413,9716,8250,3305,6863,2023-10-04 23:22:02,2023-10-04 23:28:02,UberPool,192.21,19.71,4.84,Completed
9414,8772,3124,3462,2034,2023-09-21 13:13:30,2023-09-21 13:51:30,UberX,278.48,7.03,4.67,Cancelled
9415,7527,2794,6652,1348,2025-02-07 05:17:55,2025-02-07 05:29:55,UberPool,673.2,3.63,3.89,Completed
9416,3652,6329,9172,8816,2024-01-06 03:52:01,2024-01-06 04:23:01,UberPool,619.27,7.12,3.69,Cancelled
9417,1799,2377,4260,3319,2023-12-12 03:58:50,2023-12-12 04:24:50,UberPool,384.15,4.9,3.79,Completed
9418,322,1772,909,4323,2025-02-25 19:53:28,2025-02-25 20:21:28,UberX,715.22,13.66,4.6,No Show
9419,8628,948,6964,9571,2024-07-09 07:54:09,2024-07-09 08:35:09,UberPool,153.96,4.41,3.83,Completed
9420,508,1986,7551,7701,2024-07-29 15:28:28,2024-07-29 15:41:28,UberBlack,301.87,8.23,4.65,Completed
9421,2163,2105,4502,4226,2024-10-08 05:56:36,2024-10-08 06:23:36,UberX,70.73,12.78,4.72,Completed
9422,2864,666,5263,3822,2024-10-05 02:40:52,2024-10-05 03:11:52,UberPool,369.24,10.18,3.94,Completed
9423,2671,3936,8927,5466,2025-05-19 14:28:24,2025-05-19 14:56:24,UberPool,241.2,15.63,4.97,Cancelled
9424,2416,9548,4946,4117,2024-07-23 08:00:04,2024-07-23 08:31:04,UberX,453.83,15.47,3.71,Completed
9425,1057,7113,6985,3687,2025-05-28 01:37:15,2025-05-28 02:02:15,UberX,412.65,15.95,4.43,Completed
9426,5401,9655,2803,3051,2025-07-17 13:02:41,2025-07-17 13:10:41,UberPool,318.97,16.85,4.22,Completed
9427,5124,7374,3319,315,2024-11-13 09:38:43,2024-11-13 10:20:43,UberPool,389.54,12.1,4.74,Completed
9428,3029,8809,1184,3490,2024-06-29 05:56:10,2024-06-29 06:17:10,UberBlack,82.53,4.07,4.87,Cancelled
9429,6513,7982,8513,3445,2025-05-28 06:20:13,2025-05-28 06:43:13,UberBlack,586.82,18.54,3.7,No Show
9430,8090,3275,8746,2316,2025-02-02 01:33:36,2025-02-02 01:48:36,UberPool,767.55,11.93,3.82,Completed
9431,563,3121,1592,1159,2024-06-27 05:27:59,2024-06-27 05:56:59,UberPool,50.92,12.31,3.73,Completed
9432,7919,5338,2284,6684,2023-11-04 19:41:39,2023-11-04 19:59:39,UberX,654.45,3.95,4.34,Completed
9433,1158,1357,1909,7644,2023-11-10 07:05:28,2023-11-10 07:31:28,UberPool,496.64,5.4,4.52,No Show
9434,7987,1754,2259,5669,2024-02-05 15:25:11,2024-02-05 15:53:11,UberBlack,674.45,8.56,3.89,Cancelled
9435,7518,1656,8251,2551,2023-08-07 02:47:52,2023-08-07 02:54:52,UberBlack,68.9,2.65,4.8,Completed
9436,7268,2778,1388,1959,2023-10-21 00:47:31,2023-10-21 01:15:31,UberBlack,511.62,9.45,4.2,Completed
9437,8215,62,1703,2271,2025-04-24 10:47:06,2025-04-24 11:14:06,UberX,732.25,1.13,4.89,Completed
9438,304,5575,7818,4552,2024-02-17 02:21:39,2024-02-17 03:02:39,UberX,185.74,19.92,4.91,Completed
9439,4911,7934,8278,5543,2024-03-13 00:56:15,2024-03-13 01:26:15,UberPool,208.5,13.18,4.17,Completed
9440,1958,6797,656,5411,2024-03-25 05:34:45,2024-03-25 05:49:45,UberBlack,137.69,10.41,4.78,Completed
9441,6923,7779,1795,5393,2024-03-17 07:27:48,2024-03-17 07:40:48,UberX,68.43,3.93,4.87,Completed
9442,3021,1011,2897,7063,2023-11-02 19:13:20,2023-11-02 19:36:20,UberBlack,568.84,16.56,4.66,Completed
9443,294,5415,2390,9315,2025-06-15 08:00:07,2025-06-15 08:11:07,UberBlack,663.71,18.67,4.64,Cancelled
9444,257,9077,5593,4610,2023-09-12 03:43:47,2023-09-12 03:48:47,UberX,268.35,8.47,4.02,Cancelled
9445,6011,1801,383,9308,2024-03-30 18:36:43,2024-03-30 18:43:43,UberPool,514.34,8.83,4.95,Completed
9446,178,1267,5022,8160,2025-07-31 11:02:52,2025-07-31 11:13:52,UberX,628.86,10.59,3.76,No Show
9447,7605,6464,3142,32,2024-10-15 01:45:50,2024-10-15 02:23:50,UberBlack,270.13,9.27,4.22,Completed
9448,8498,1035,1157,259,2025-06-18 08:25:05,2025-06-18 08:55:05,UberX,517.18,11.13,4.52,Completed
9449,625,9427,8208,2002,2025-03-04 05:17:46,2025-03-04 05:34:46,UberPool,589.57,19.79,4.22,Cancelled
9450,9449,3025,484,1990,2024-06-24 10:09:03,2024-06-24 10:37:03,UberBlack,751.26,8.57,3.7,Completed
9451,129,9136,177,9780,2024-09-21 02:40:08,2024-09-21 02:49:08,UberX,320.4,17.02,4.05,Completed
9452,9575,7485,8281,9289,2024-11-29 01:55:31,2024-11-29 02:07:31,UberX,181.96,15.49,3.54,Completed
9453,6684,5805,380,8915,2025-07-28 10:00:42,2025-07-28 10:22:42,UberBlack,428.24,6.29,4.75,Completed
9454,290,3981,8807,7735,2023-08-21 13:17:43,2023-08-21 13:39:43,UberX,583.16,9.23,4.98,Completed
9455,4053,7512,5945,3232,2024-07-01 16:23:37,2024-07-01 16:28:37,UberX,505.43,17.38,4.51,Completed
9456,7012,2224,1636,5512,2024-01-24 23:20:56,2024-01-24 23:40:56,UberX,102.63,18.79,3.79,Completed
9457,5079,8134,7975,7841,2024-07-25 15:03:40,2024-07-25 15:40:40,UberBlack,210.71,1.53,4.31,Cancelled
9458,4121,8497,8929,3437,2025-05-23 10:24:14,2025-05-23 10:36:14,UberBlack,778.73,19.64,4.83,Completed
9459,3213,802,2093,5340,2024-06-08 14:19:53,2024-06-08 14:50:53,UberX,717.41,13.95,4.19,Completed
9460,4615,9827,2932,7921,2024-06-07 21:22:27,2024-06-07 21:49:27,UberPool,285.91,3.44,4.5,Completed
9461,5558,2898,9171,722,2023-09-28 14:43:16,2023-09-28 14:51:16,UberX,181.04,11.53,4.43,Completed
9462,6334,7784,8894,1587,2025-02-22 11:20:35,2025-02-22 11:51:35,UberBlack,115.98,12.78,4.85,Completed
9463,7674,3286,8699,9970,2024-02-27 06:09:03,2024-02-27 06:30:03,UberBlack,481.32,13.04,4.56,Completed
9464,8190,1756,9036,1092,2024-02-19 09:16:13,2024-02-19 10:01:13,UberX,87.63,9.53,4.92,Cancelled
9465,989,2767,5808,6521,2025-07-15 02:20:43,2025-07-15 02:53:43,UberPool,729.32,4.47,4.89,Completed
9466,9411,3706,2164,9473,2025-01-29 11:58:27,2025-01-29 12:06:27,UberBlack,620.1,3.66,3.58,Completed
9467,8666,500,9027,937,2025-06-04 16:23:37,2025-06-04 16:30:37,UberX,237.85,3.45,3.82,Cancelled
9468,8524,8686,5200,3396,2024-09-20 18:45:04,2024-09-20 19:07:04,UberBlack,629.46,2.32,4.34,Completed
9469,2274,9091,7172,3559,2024-11-08 09:50:23,2024-11-08 10:11:23,UberPool,122.77,13.92,4.67,Completed
9470,1820,6421,9683,383,2023-09-16 11:49:20,2023-09-16 12:27:20,UberBlack,758.57,1.4,4.69,Completed
9471,2899,3723,4558,4296,2024-06-03 07:56:39,2024-06-03 08:31:39,UberX,58.38,14.84,3.65,Completed
9472,9558,6743,8926,3876,2024-04-07 03:14:11,2024-04-07 03:34:11,UberBlack,172.87,15.12,3.66,Cancelled
9473,8057,5859,4764,9789,2024-10-29 07:06:17,2024-10-29 07:50:17,UberPool,80.25,1.98,3.88,Completed
9474,2499,3512,4803,1786,2024-01-30 17:06:46,2024-01-30 17:23:46,UberPool,564.03,18.91,4.39,Completed
9475,6318,9918,7317,9183,2024-07-23 07:44:13,2024-07-23 07:53:13,UberBlack,101.83,10.95,4.72,Completed
9476,9621,1942,1974,5883,2025-07-15 22:10:34,2025-07-15 22:36:34,UberX,746.13,7.37,3.86,Completed
9477,5101,4399,4844,4584,2024-11-30 21:58:12,2024-11-30 22:22:12,UberX,492.84,16.74,3.53,Completed
9478,997,7839,3960,4735,2024-01-28 02:55:18,2024-01-28 03:15:18,UberX,497.88,9.45,4.83,Completed
9479,8909,3948,2834,9406,2025-05-16 09:21:32,2025-05-16 09:57:32,UberBlack,601.14,15.59,4.61,Completed
9480,8948,1921,9989,1518,2023-08-06 21:12:30,2023-08-06 21:31:30,UberPool,582.27,12.66,3.84,Completed
9481,6724,4434,4672,3610,2023-09-23 15:24:13,2023-09-23 15:55:13,UberBlack,680.93,14.59,3.91,Completed
9482,5892,819,7664,9967,2024-01-17 18:37:35,2024-01-17 18:54:35,UberBlack,746.85,12.02,4.82,Cancelled
9483,7714,1505,1568,3246,2025-06-23 13:15:45,2025-06-23 13:53:45,UberPool,109.52,11.35,4.72,Cancelled
9484,8370,4972,3664,8658,2025-07-07 02:46:26,2025-07-07 03:24:26,UberPool,368.82,11.93,4.35,Completed
9485,3383,3222,3370,7882,2025-04-15 13:47:22,2025-04-15 13:57:22,UberPool,267.07,16.28,4.69,Completed
9486,9743,5068,6936,2460,2025-01-17 21:15:16,2025-01-17 21:24:16,UberBlack,199.62,18.89,3.61,No Show
9487,4267,7706,6471,1167,2025-07-18 00:08:35,2025-07-18 00:30:35,UberPool,278.56,13.1,4.15,Completed
9488,8284,2250,9524,796,2025-01-13 21:59:49,2025-01-13 22:36:49,UberBlack,614.89,3.16,4.61,Completed
9489,3728,978,5173,4617,2023-10-23 07:20:18,2023-10-23 07:45:18,UberBlack,244.45,19.67,4.07,Completed
9490,9902,3441,5148,8109,2023-09-21 06:23:46,2023-09-21 06:47:46,UberX,389.6,6.9,4.21,Cancelled
9491,858,7455,7212,6527,2024-04-20 21:13:11,2024-04-20 21:18:11,UberBlack,632.95,11.21,4.6,Completed
9492,8415,6741,9170,1335,2025-02-12 22:38:00,2025-02-12 22:59:00,UberX,447.04,2.42,4.52,Completed
9493,7929,3800,3817,317,2025-04-03 23:50:37,2025-04-04 00:17:37,UberX,146.38,4.84,3.85,Completed
9494,7492,97,2912,6322,2024-07-27 13:19:03,2024-07-27 13:35:03,UberX,215.61,3.23,3.81,Completed
9495,9444,5105,9591,6002,2023-10-28 18:50:18,2023-10-28 19:07:18,UberX,484.0,7.25,4.96,Completed
9496,8709,3567,9061,8496,2024-07-05 05:19:22,2024-07-05 05:25:22,UberBlack,311.86,7.2,4.34,Completed
9497,2431,9919,230,3570,2025-03-20 22:11:43,2025-03-20 22:25:43,UberBlack,740.66,16.21,4.16,Completed
9498,3845,3687,9015,4647,2024-10-19 17:24:25,2024-10-19 17:34:25,UberX,650.62,19.44,3.89,Completed
9499,7765,1025,2972,2901,2025-02-21 01:19:58,2025-02-21 01:26:58,UberBlack,596.84,18.53,4.06,Completed
9500,9414,1731,4742,5559,2024-11-17 23:18:47,2024-11-17 23:47:47,UberBlack,410.07,4.19,4.85,Completed
9501,9319,5424,8324,6536,2024-03-27 21:58:07,2024-03-27 22:04:07,UberBlack,525.56,15.04,4.35,Completed
9502,962,457,8072,3169,2024-01-27 10:47:50,2024-01-27 11:26:50,UberX,406.23,3.87,4.83,Completed
9503,989,4213,2919,8779,2024-10-16 20:05:38,2024-10-16 20:10:38,UberX,264.59,6.52,3.51,Completed
9504,7166,5748,7880,6033,2025-06-24 01:41:52,2025-06-24 02:00:52,UberPool,516.51,19.07,3.64,Completed
9505,9741,1097,5967,9345,2023-10-12 01:15:04,2023-10-12 01:41:04,UberPool,755.84,13.09,4.86,Completed
9506,9125,34,1129,7022,2025-02-06 08:36:39,2025-02-06 08:43:39,UberX,755.06,16.33,4.32,Completed
9507,6202,6294,5564,6515,2024-09-17 03:40:06,2024-09-17 04:13:06,UberPool,670.1,4.84,3.97,Completed
9508,2679,2841,791,739,2025-04-05 07:31:07,2025-04-05 08:06:07,UberX,202.94,10.08,4.63,Completed
9509,5593,1076,588,6495,2025-02-24 05:29:13,2025-02-24 06:05:13,UberPool,773.47,9.8,4.31,Completed
9510,8684,1489,4849,4246,2024-04-15 23:04:38,2024-04-15 23:11:38,UberX,495.67,8.63,4.08,Completed
9511,3405,3398,743,7265,2025-06-24 01:29:40,2025-06-24 01:44:40,UberPool,335.16,18.45,3.84,Completed
9512,4244,9413,6575,551,2025-03-23 04:26:03,2025-03-23 04:54:03,UberX,177.06,3.53,4.19,Completed
9513,4941,8273,7594,889,2025-03-13 04:21:12,2025-03-13 04:28:12,UberBlack,544.58,18.9,4.67,Cancelled
9514,8135,8452,6751,7238,2024-06-03 02:01:54,2024-06-03 02:21:54,UberBlack,612.75,10.51,3.69,Completed
9515,8987,7845,1611,4786,2024-10-14 06:41:39,2024-10-14 07:24:39,UberPool,640.85,8.24,4.7,Completed
9516,1950,6626,8866,7762,2024-07-08 14:28:45,2024-07-08 14:55:45,UberBlack,506.39,6.73,4.71,No Show
9517,3459,5981,4055,1033,2025-03-16 01:08:22,2025-03-16 01:25:22,UberPool,354.72,5.18,3.65,Completed
9518,4727,7857,3894,4480,2024-08-06 15:23:47,2024-08-06 16:07:47,UberBlack,518.9,17.29,4.48,Completed
9519,1342,8859,5997,2213,2024-03-25 00:05:03,2024-03-25 00:14:03,UberX,416.56,13.64,3.5,Completed
9520,6706,3036,9244,9206,2024-12-23 12:37:43,2024-12-23 12:56:43,UberX,89.63,15.93,4.07,Completed
9521,9645,3961,2920,8476,2024-10-03 05:38:47,2024-10-03 06:22:47,UberBlack,101.51,3.24,3.88,Completed
9522,6944,7254,4204,7958,2024-12-25 16:26:28,2024-12-25 16:55:28,UberX,301.43,11.22,4.87,Cancelled
9523,2217,2582,5889,4341,2024-03-11 19:40:54,2024-03-11 20:17:54,UberBlack,242.13,18.24,4.09,No Show
9524,6017,9774,2706,3073,2024-07-19 03:10:07,2024-07-19 03:19:07,UberBlack,225.95,14.49,4.9,Completed
9525,1655,8479,4692,1204,2025-06-20 05:15:08,2025-06-20 05:42:08,UberBlack,482.48,5.52,4.11,Cancelled
9526,9170,9145,308,8553,2024-04-18 20:08:21,2024-04-18 20:52:21,UberPool,510.21,8.87,3.64,Cancelled
9527,7109,8442,2825,5664,2024-09-11 21:45:18,2024-09-11 22:22:18,UberBlack,201.3,13.5,4.41,Completed
9528,3077,7021,3565,5818,2024-06-04 06:14:24,2024-06-04 06:20:24,UberBlack,628.55,2.43,4.87,Completed
9529,7130,3666,1553,8667,2025-02-23 04:56:25,2025-02-23 05:40:25,UberPool,62.48,15.67,3.78,Completed
9530,2763,1185,9001,6799,2023-11-26 11:34:39,2023-11-26 11:52:39,UberBlack,188.5,15.02,4.16,Completed
9531,556,9022,9003,5439,2025-05-13 08:20:18,2025-05-13 08:28:18,UberX,276.11,5.69,4.32,Completed
9532,5795,6785,7837,6790,2025-03-10 17:17:40,2025-03-10 17:32:40,UberBlack,702.3,11.76,4.47,Completed
9533,6966,3420,5162,9530,2023-10-17 05:35:59,2023-10-17 05:41:59,UberBlack,707.31,4.69,4.56,Completed
9534,8675,2912,1713,9333,2024-09-15 13:52:25,2024-09-15 13:58:25,UberX,346.73,4.61,4.29,Completed
9535,3663,8774,8895,6902,2024-08-21 06:42:48,2024-08-21 07:25:48,UberX,358.5,10.13,4.6,Completed
9536,6968,2,6036,5813,2024-04-18 07:56:05,2024-04-18 08:35:05,UberPool,201.68,9.96,4.85,Completed
9537,3974,7423,8864,7416,2024-03-12 15:01:10,2024-03-12 15:15:10,UberX,53.61,18.9,4.23,Completed
9538,1912,963,4316,4721,2025-01-19 02:51:45,2025-01-19 03:10:45,UberX,767.23,13.71,3.98,Completed
9539,1632,4458,4293,6166,2025-04-08 04:08:58,2025-04-08 04:36:58,UberPool,185.17,11.52,4.53,Completed
9540,9456,6110,1363,3271,2023-08-22 06:29:07,2023-08-22 07:06:07,UberX,744.28,5.78,4.02,Completed
9541,7140,4422,8060,8268,2024-12-14 20:25:59,2024-12-14 21:05:59,UberBlack,349.41,9.42,4.67,No Show
9542,7128,6460,4601,3919,2024-07-04 10:24:27,2024-07-04 10:52:27,UberBlack,595.51,17.19,3.98,Completed
9543,2420,7889,9195,3860,2025-03-12 09:11:17,2025-03-12 09:38:17,UberPool,700.1,17.31,4.12,Completed
9544,1831,7016,7603,3127,2024-04-07 10:30:28,2024-04-07 10:49:28,UberX,441.93,16.6,4.79,Completed
9545,4794,4401,3162,5666,2024-08-16 17:01:10,2024-08-16 17:17:10,UberX,311.88,16.17,4.02,Completed
9546,4415,5505,247,2292,2023-08-10 20:53:32,2023-08-10 21:03:32,UberPool,601.56,9.73,4.98,Completed
9547,9882,2797,7483,4322,2025-02-07 09:35:43,2025-02-07 10:08:43,UberPool,266.24,13.18,4.31,Cancelled
9548,3577,5543,2002,6023,2023-11-30 20:35:37,2023-11-30 21:14:37,UberX,71.02,16.19,4.66,Completed
9549,5493,1525,4101,9783,2025-05-24 07:23:04,2025-05-24 07:43:04,UberBlack,668.14,8.52,4.38,Completed
9550,8819,1662,9554,9662,2023-12-03 07:28:56,2023-12-03 07:37:56,UberPool,80.25,17.91,4.43,Completed
9551,5330,8412,6886,9557,2024-03-20 15:03:59,2024-03-20 15:16:59,UberPool,189.37,16.1,4.16,Completed
9552,5466,8912,8767,6477,2024-04-22 08:02:50,2024-04-22 08:10:50,UberPool,126.74,11.78,4.61,Completed
9553,178,5662,2594,8670,2024-10-09 22:03:22,2024-10-09 22:17:22,UberBlack,707.01,18.82,4.24,Completed
9554,1497,2950,1457,6682,2024-04-29 22:27:46,2024-04-29 22:38:46,UberX,743.02,10.26,4.04,Completed
9555,7370,1907,7158,9872,2023-12-02 21:44:34,2023-12-02 22:05:34,UberBlack,267.49,11.02,4.84,Completed
9556,8770,7186,7773,5656,2024-07-24 04:10:43,2024-07-24 04:36:43,UberPool,308.89,17.57,3.63,Cancelled
9557,6981,7428,134,6986,2024-08-24 11:14:09,2024-08-24 11:57:09,UberX,770.93,5.54,3.69,Completed
9558,6883,7586,42,7736,2025-03-31 23:50:09,2025-04-01 00:25:09,UberPool,659.37,5.94,4.23,Completed
9559,911,4982,8131,2925,2023-11-09 04:08:23,2023-11-09 04:29:23,UberBlack,280.92,19.48,4.27,Completed
9560,7738,2417,729,8963,2025-04-29 11:40:07,2025-04-29 12:15:07,UberBlack,346.93,10.71,4.19,Completed
9561,9379,9401,1438,568,2024-02-04 19:26:59,2024-02-04 19:48:59,UberX,660.29,5.56,4.94,Cancelled
9562,2017,3561,8002,6974,2023-08-15 23:41:04,2023-08-15 23:51:04,UberX,560.22,4.22,3.81,Completed
9563,9011,9374,3517,8681,2024-12-21 23:13:22,2024-12-21 23:38:22,UberPool,162.24,12.91,4.68,Completed
9564,9761,2016,9782,6152,2024-05-03 23:39:15,2024-05-04 00:18:15,UberPool,660.62,4.89,4.13,Completed
9565,780,3142,2268,3976,2025-07-18 18:15:54,2025-07-18 18:39:54,UberPool,314.03,6.06,4.24,Completed
9566,5773,4225,522,6565,2024-11-22 14:28:09,2024-11-22 15:09:09,UberPool,400.28,18.66,4.41,Completed
9567,7332,3987,3669,1930,2025-03-10 23:13:15,2025-03-10 23:51:15,UberX,387.2,18.5,3.53,Completed
9568,4417,5838,8659,3338,2024-08-04 18:09:57,2024-08-04 18:19:57,UberX,590.36,3.87,4.73,Cancelled
9569,8650,9106,1168,6119,2024-07-02 08:31:51,2024-07-02 09:09:51,UberBlack,475.77,16.71,4.94,Completed
9570,8577,3782,9590,9762,2023-10-29 03:09:18,2023-10-29 03:50:18,UberBlack,512.91,14.85,4.48,No Show
9571,4043,8237,5718,3891,2025-05-18 12:07:42,2025-05-18 12:16:42,UberX,709.55,6.04,4.16,Completed
9572,312,1189,9597,8636,2024-09-29 10:32:50,2024-09-29 10:54:50,UberX,196.01,15.85,4.28,Completed
9573,344,3519,6174,4015,2024-12-26 22:22:29,2024-12-26 22:43:29,UberBlack,754.05,14.33,4.78,Completed
9574,430,3610,3064,688,2025-03-08 07:36:13,2025-03-08 08:01:13,UberBlack,373.29,8.58,3.67,Completed
9575,5951,4507,601,8369,2023-09-03 16:51:45,2023-09-03 17:00:45,UberPool,134.95,4.04,4.03,Completed
9576,2150,7612,8464,76,2023-11-02 19:52:03,2023-11-02 20:30:03,UberBlack,108.6,6.41,4.68,Completed
9577,4808,3660,4175,1318,2024-05-16 04:08:33,2024-05-16 04:47:33,UberPool,345.97,14.49,4.8,Completed
9578,7738,6734,2218,4440,2025-01-02 03:15:07,2025-01-02 03:22:07,UberX,220.54,4.18,3.76,No Show
9579,3514,2249,183,3655,2024-05-21 10:09:43,2024-05-21 10:36:43,UberX,106.01,18.83,4.2,Cancelled
9580,4178,2910,1334,2792,2023-11-10 00:23:02,2023-11-10 00:31:02,UberX,750.62,16.19,3.94,Completed
9581,4643,65,4522,5581,2025-07-10 16:34:36,2025-07-10 17:08:36,UberPool,329.36,17.86,3.73,Completed
9582,7702,7979,1598,2753,2024-01-15 04:12:14,2024-01-15 04:51:14,UberPool,642.37,7.54,4.24,Completed
9583,2644,7255,3179,5384,2023-12-31 04:19:20,2023-12-31 04:39:20,UberBlack,655.37,10.47,3.68,Completed
9584,3993,6473,6318,7665,2024-03-20 04:02:30,2024-03-20 04:07:30,UberBlack,458.91,6.26,4.06,Completed
9585,4617,4625,9294,9684,2025-07-07 11:02:03,2025-07-07 11:24:03,UberPool,487.73,2.58,4.66,Completed
9586,4830,194,2823,945,2025-07-26 16:30:05,2025-07-26 16:55:05,UberX,226.58,4.91,3.79,Completed
9587,5723,3801,7281,1763,2023-10-20 18:49:32,2023-10-20 19:21:32,UberBlack,768.45,16.92,4.12,Completed
9588,8630,470,8216,5439,2023-12-15 08:29:15,2023-12-15 08:41:15,UberPool,518.04,13.57,3.95,Completed
9589,5458,3172,607,2831,2024-01-05 13:18:51,2024-01-05 13:47:51,UberBlack,184.87,12.17,4.57,Completed
9590,7322,648,7201,8690,2025-02-16 03:44:04,2025-02-16 04:12:04,UberX,667.38,8.04,4.8,Cancelled
9591,4336,4376,2903,9660,2025-01-25 23:26:23,2025-01-26 00:07:23,UberPool,391.92,11.29,4.92,Completed
9592,43,3373,2330,1161,2023-09-23 23:17:14,2023-09-23 23:41:14,UberBlack,342.28,13.91,3.86,No Show
9593,7645,4146,8392,6971,2024-05-10 11:29:32,2024-05-10 11:56:32,UberPool,300.15,10.52,3.68,Completed
9594,3266,6561,5876,919,2023-09-13 18:00:11,2023-09-13 18:17:11,UberBlack,102.04,5.83,3.65,Completed
9595,3845,8499,4078,5225,2025-01-11 23:51:19,2025-01-12 00:02:19,UberX,275.38,2.35,4.58,Completed
9596,4759,38,6322,7479,2025-05-13 19:35:39,2025-05-13 19:51:39,UberBlack,387.33,6.83,4.85,Completed
9597,2100,1244,2022,443,2024-01-13 21:09:41,2024-01-13 21:20:41,UberX,360.92,9.75,4.27,Completed
9598,522,159,4090,1078,2024-02-14 02:06:19,2024-02-14 02:29:19,UberPool,341.0,8.25,4.64,Completed
9599,3418,9909,9980,5986,2024-08-07 14:06:37,2024-08-07 14:36:37,UberPool,663.19,7.35,4.42,Completed
9600,3757,4363,1255,1064,2025-05-18 09:30:51,2025-05-18 09:51:51,UberBlack,160.38,2.78,4.56,Completed
9601,6466,7571,2171,6818,2024-12-15 05:32:03,2024-12-15 06:00:03,UberBlack,570.32,9.05,4.14,Completed
9602,9547,2167,3351,8047,2024-08-16 11:26:36,2024-08-16 12:03:36,UberBlack,538.55,9.99,4.26,Completed
9603,3008,5765,2247,6882,2024-08-15 06:36:07,2024-08-15 07:03:07,UberBlack,574.25,12.29,5.0,Completed
9604,4604,2076,9893,9754,2025-01-02 11:48:27,2025-01-02 12:13:27,UberBlack,145.34,13.31,3.87,Cancelled
9605,4140,1701,6629,7671,2025-01-18 02:39:11,2025-01-18 03:04:11,UberBlack,657.55,2.89,4.33,Completed
9606,6927,3760,1772,7659,2025-05-16 08:40:33,2025-05-16 08:56:33,UberBlack,592.72,13.86,4.69,Completed
9607,2163,3881,2992,8687,2025-04-14 19:58:59,2025-04-14 20:06:59,UberBlack,495.29,9.33,3.71,Completed
9608,9832,8833,392,6057,2024-02-20 03:39:05,2024-02-20 04:24:05,UberPool,159.72,11.11,4.43,No Show
9609,5722,1986,3261,3564,2025-06-26 04:11:56,2025-06-26 04:17:56,UberPool,192.68,14.3,4.84,Completed
9610,5789,1745,4942,7932,2025-02-23 23:32:30,2025-02-23 23:48:30,UberBlack,246.62,11.77,3.69,Cancelled
9611,4675,6932,841,9949,2025-04-13 05:55:27,2025-04-13 06:09:27,UberBlack,406.03,16.74,4.32,Completed
9612,3385,6127,9696,5152,2024-08-03 21:32:25,2024-08-03 21:51:25,UberBlack,649.67,19.16,3.76,Completed
9613,3348,6443,5989,3051,2025-06-21 18:26:30,2025-06-21 18:54:30,UberX,401.66,4.96,3.81,Completed
9614,5020,1423,1773,851,2025-05-30 22:47:10,2025-05-30 22:54:10,UberX,410.2,14.08,4.73,Completed
9615,2004,2311,239,1165,2024-03-23 11:27:35,2024-03-23 11:52:35,UberPool,82.33,14.27,4.54,Completed
9616,5903,7052,7499,880,2025-07-15 14:58:59,2025-07-15 15:18:59,UberBlack,285.69,11.65,4.77,Completed
9617,2903,2101,5691,1275,2025-04-21 04:02:36,2025-04-21 04:16:36,UberX,469.38,6.68,4.9,Completed
9618,91,5906,2097,2546,2024-07-08 13:25:15,2024-07-08 13:32:15,UberPool,470.59,19.02,4.08,Completed
9619,1099,3202,3696,44,2024-08-07 05:56:32,2024-08-07 06:28:32,UberX,99.26,10.17,3.83,Completed
9620,3938,6259,5608,3644,2024-02-05 19:09:41,2024-02-05 19:19:41,UberX,497.18,18.34,3.97,No Show
9621,4670,3991,2306,9508,2025-03-03 07:36:11,2025-03-03 08:14:11,UberPool,424.54,18.2,4.9,Completed
9622,5095,1990,7920,6205,2024-09-11 02:31:25,2024-09-11 02:49:25,UberBlack,207.46,9.48,4.04,Completed
9623,2457,2232,9322,8725,2024-11-18 19:55:16,2024-11-18 20:29:16,UberPool,411.21,4.02,4.03,Completed
9624,4659,8429,5609,2214,2024-06-22 06:09:33,2024-06-22 06:32:33,UberPool,177.78,19.14,4.86,Completed
9625,9223,45,5091,6273,2025-02-17 21:32:48,2025-02-17 21:58:48,UberX,63.12,14.26,4.79,Completed
9626,9630,5347,8780,3058,2023-08-21 14:10:19,2023-08-21 14:52:19,UberX,333.48,18.75,3.88,Completed
9627,2585,4008,1986,8086,2023-08-11 23:56:37,2023-08-12 00:27:37,UberPool,658.55,4.16,4.69,Completed
9628,8028,9178,2345,6247,2023-09-11 18:05:23,2023-09-11 18:11:23,UberBlack,417.69,7.13,4.61,Completed
9629,6537,5169,5020,6068,2024-01-03 18:50:28,2024-01-03 19:25:28,UberPool,699.68,1.24,4.01,Cancelled
9630,2857,9130,7331,4750,2025-03-31 20:18:23,2025-03-31 20:34:23,UberX,249.07,5.55,3.97,Completed
9631,6196,4523,2438,5630,2023-11-11 06:58:39,2023-11-11 07:29:39,UberPool,345.57,8.1,4.18,Completed
9632,1650,4891,9827,5024,2023-08-30 00:29:25,2023-08-30 01:11:25,UberPool,588.46,7.29,3.6,Completed
9633,7962,2732,7085,6771,2024-05-23 05:15:33,2024-05-23 06:00:33,UberPool,249.8,10.14,3.76,Completed
9634,5411,1771,5159,7668,2024-06-08 03:39:45,2024-06-08 04:05:45,UberBlack,415.13,3.21,4.28,Completed
9635,8459,7540,380,9860,2025-06-30 10:18:06,2025-06-30 10:43:06,UberX,68.17,18.42,4.78,Completed
9636,9652,5716,7325,3647,2024-01-31 02:04:35,2024-01-31 02:36:35,UberBlack,515.83,6.2,4.24,Completed
9637,5739,7040,3051,9982,2023-10-03 10:39:28,2023-10-03 11:18:28,UberBlack,720.73,11.27,3.53,Completed
9638,2477,4546,8165,3469,2025-04-24 15:22:12,2025-04-24 15:28:12,UberX,66.59,18.33,4.68,Completed
9639,6906,9366,8155,2685,2025-04-25 15:03:57,2025-04-25 15:39:57,UberX,156.81,12.69,3.62,Completed
9640,420,7715,4944,16,2024-12-06 02:42:10,2024-12-06 03:03:10,UberX,362.14,6.06,4.92,Completed
9641,9539,9807,3245,8481,2025-05-18 17:29:15,2025-05-18 17:36:15,UberX,408.2,10.27,4.23,Cancelled
9642,4257,1793,1616,4176,2025-04-23 14:28:21,2025-04-23 14:35:21,UberBlack,600.37,8.29,4.98,Completed
9643,1481,7310,4120,2135,2025-02-01 02:15:09,2025-02-01 02:42:09,UberBlack,540.0,14.99,4.91,Completed
9644,3882,7768,7732,2675,2024-08-08 21:15:51,2024-08-08 21:42:51,UberBlack,150.06,9.78,3.8,Completed
9645,7518,9992,3522,9110,2025-04-19 07:31:29,2025-04-19 07:52:29,UberX,292.39,13.95,4.54,Completed
9646,9915,9320,5661,8677,2025-01-18 03:48:17,2025-01-18 04:08:17,UberX,647.66,12.96,4.08,Cancelled
9647,4295,7691,4749,2053,2024-08-01 23:43:34,2024-08-02 00:10:34,UberX,707.02,13.18,4.12,Completed
9648,7972,7756,1608,5729,2025-07-16 04:41:04,2025-07-16 05:06:04,UberX,208.55,17.08,4.41,Completed
9649,3679,2211,3439,8415,2023-11-01 15:27:10,2023-11-01 15:38:10,UberX,614.94,14.44,4.44,Completed
9650,7581,7257,3774,8030,2025-01-20 06:52:04,2025-01-20 07:13:04,UberPool,183.03,10.38,3.87,Completed
9651,6889,4778,3472,1708,2023-11-16 13:54:36,2023-11-16 14:38:36,UberPool,186.03,12.98,3.68,Completed
9652,9889,3121,5467,7944,2025-04-07 23:19:24,2025-04-07 23:25:24,UberX,302.4,19.95,4.76,Completed
9653,3347,1809,2262,3326,2023-12-01 22:56:27,2023-12-01 23:09:27,UberPool,413.46,17.4,3.99,Completed
9654,795,562,5168,1469,2025-06-14 15:09:54,2025-06-14 15:29:54,UberPool,575.35,7.3,4.19,Cancelled
9655,133,1568,4085,2137,2025-04-04 01:33:46,2025-04-04 01:46:46,UberBlack,613.04,9.45,3.98,Completed
9656,2283,6665,5332,5769,2024-10-07 17:43:04,2024-10-07 18:23:04,UberX,537.99,16.29,4.53,Completed
9657,7689,8000,2578,287,2023-09-13 04:48:53,2023-09-13 05:14:53,UberX,483.61,3.07,4.53,Completed
9658,4793,5441,7499,7888,2024-03-23 07:06:09,2024-03-23 07:49:09,UberPool,531.14,17.83,3.51,Completed
9659,5460,1761,2488,240,2025-02-07 05:25:04,2025-02-07 06:08:04,UberPool,54.4,11.79,4.38,No Show
9660,1680,5149,7653,9633,2024-03-13 09:02:57,2024-03-13 09:07:57,UberPool,223.79,9.14,3.92,Completed
9661,4879,3651,556,1653,2023-11-11 06:23:27,2023-11-11 06:36:27,UberPool,398.18,12.08,4.34,Completed
9662,418,5432,3114,91,2024-03-09 21:07:47,2024-03-09 21:16:47,UberBlack,262.88,5.56,3.64,Completed
9663,7854,9625,310,836,2025-05-21 12:22:45,2025-05-21 12:58:45,UberX,655.66,6.94,3.51,Completed
9664,6692,8792,2016,7690,2025-06-23 08:28:19,2025-06-23 09:13:19,UberX,513.42,13.16,4.4,Completed
9665,8126,6893,9079,9594,2023-11-05 10:27:08,2023-11-05 11:01:08,UberBlack,62.89,1.27,4.61,Completed
9666,1229,1509,5318,7253,2024-05-27 17:51:46,2024-05-27 18:24:46,UberPool,399.35,2.06,3.55,Completed
9667,7865,5648,3085,8733,2024-06-28 02:02:45,2024-06-28 02:08:45,UberPool,334.36,4.71,4.86,Completed
9668,5358,7308,771,954,2025-05-29 00:11:27,2025-05-29 00:54:27,UberX,276.5,9.05,3.78,Completed
9669,5503,5071,4084,1355,2025-06-05 10:47:02,2025-06-05 11:18:02,UberBlack,669.24,7.71,4.99,No Show
9670,3428,3094,857,1279,2025-04-10 17:06:05,2025-04-10 17:47:05,UberBlack,572.43,7.26,4.48,Completed
9671,805,2456,8042,8448,2025-07-28 20:09:28,2025-07-28 20:23:28,UberBlack,508.39,8.49,4.22,Completed
9672,2243,6049,8763,4806,2023-09-08 10:23:11,2023-09-08 10:35:11,UberBlack,317.66,8.74,4.55,Cancelled
9673,4714,3117,3,9994,2025-03-11 08:17:35,2025-03-11 08:28:35,UberPool,465.6,3.64,4.85,Completed
9674,6841,7441,1436,7755,2025-08-02 17:22:46,2025-08-02 17:47:46,UberBlack,54.15,15.21,4.67,Cancelled
9675,8338,4487,7902,2379,2025-04-22 18:28:14,2025-04-22 18:50:14,UberPool,191.14,6.95,4.34,Completed
9676,2210,5849,4555,9394,2024-08-17 23:30:36,2024-08-18 00:11:36,UberX,715.87,18.74,3.51,No Show
9677,9679,3264,6258,3987,2023-12-16 16:14:44,2023-12-16 16:34:44,UberPool,158.7,1.96,4.42,Completed
9678,2427,7666,5967,6386,2024-11-10 23:49:29,2024-11-11 00:23:29,UberPool,172.49,10.9,3.7,Completed
9679,7447,306,1026,6486,2025-05-12 23:50:00,2025-05-13 00:34:00,UberX,148.48,13.72,3.96,Completed
9680,9071,2963,7406,9133,2025-02-13 20:13:00,2025-02-13 20:45:00,UberX,157.15,15.76,3.81,Completed
9681,6353,5447,6313,6573,2024-11-29 21:57:09,2024-11-29 22:17:09,UberBlack,757.79,12.14,3.77,Completed
9682,6575,1948,5366,8655,2025-05-15 00:05:56,2025-05-15 00:40:56,UberX,592.59,3.16,3.82,Completed
9683,8137,9536,2782,4633,2024-09-08 08:33:27,2024-09-08 09:10:27,UberX,164.81,12.62,3.89,Completed
9684,7251,3393,8387,1797,2025-04-03 22:48:58,2025-04-03 23:14:58,UberBlack,228.03,19.9,4.84,Completed
9685,5553,9672,6545,9007,2024-11-05 07:45:37,2024-11-05 08:23:37,UberPool,362.79,10.46,4.28,Completed
9686,2786,7197,2958,140,2024-05-05 20:54:01,2024-05-05 21:38:01,UberX,686.23,14.95,3.67,Completed
9687,8549,494,3031,8703,2024-04-25 10:44:29,2024-04-25 11:06:29,UberX,79.08,16.11,4.35,Completed
9688,163,6192,7481,5977,2024-01-02 02:46:51,2024-01-02 02:54:51,UberX,367.75,4.87,3.92,Completed
9689,803,4142,7123,984,2025-03-19 15:23:05,2025-03-19 16:05:05,UberX,100.56,11.74,4.48,Completed
9690,9155,7835,8540,9259,2024-03-14 14:53:34,2024-03-14 15:24:34,UberX,413.88,17.44,4.8,Cancelled
9691,5660,2139,6772,9985,2024-04-16 18:55:36,2024-04-16 19:10:36,UberX,360.35,19.9,4.19,Completed
9692,6379,4848,5183,4690,2024-08-19 03:23:01,2024-08-19 04:06:01,UberX,370.18,4.66,4.08,Completed
9693,375,3612,1659,6946,2024-05-01 07:36:59,2024-05-01 08:01:59,UberX,362.49,17.78,4.44,Cancelled
9694,7142,4736,2487,2863,2024-06-09 08:23:56,2024-06-09 08:31:56,UberBlack,605.6,19.42,4.74,Completed
9695,508,4922,8810,7184,2024-09-19 23:04:04,2024-09-19 23:37:04,UberBlack,744.23,4.81,4.74,Completed
9696,3550,3739,8168,3409,2025-05-07 09:57:43,2025-05-07 10:11:43,UberPool,69.64,19.76,4.67,Completed
9697,6362,2801,2141,9387,2025-04-13 18:09:24,2025-04-13 18:43:24,UberBlack,723.64,3.59,3.93,Cancelled
9698,2552,4975,4137,7243,2024-01-28 01:08:33,2024-01-28 01:22:33,UberPool,145.81,7.19,3.77,Completed
9699,7076,1793,4788,1933,2024-03-22 06:44:46,2024-03-22 07:25:46,UberPool,320.84,19.58,4.39,Cancelled
9700,1368,2960,6767,7546,2025-05-06 18:01:56,2025-05-06 18:25:56,UberPool,167.64,11.44,3.91,Cancelled
9701,7868,5727,4227,8947,2024-09-18 10:41:50,2024-09-18 11:23:50,UberX,772.26,16.35,4.29,Completed
9702,4361,8176,7636,8336,2023-12-23 09:48:31,2023-12-23 10:06:31,UberPool,50.72,17.76,4.71,Completed
9703,4989,2551,9102,3933,2024-12-20 17:54:21,2024-12-20 18:29:21,UberBlack,618.89,6.53,4.97,Completed
9704,366,7159,8607,119,2023-11-24 08:55:53,2023-11-24 09:11:53,UberPool,190.75,2.74,3.6,Completed
9705,7056,166,5655,237,2024-07-17 16:56:03,2024-07-17 17:23:03,UberX,778.92,3.08,3.84,Completed
9706,3769,7924,655,3145,2024-08-10 10:26:49,2024-08-10 10:46:49,UberX,153.43,8.8,3.64,Completed
9707,1274,9158,7183,9563,2025-06-10 12:27:57,2025-06-10 12:42:57,UberBlack,690.57,16.29,3.98,Completed
9708,3174,4485,8407,2915,2024-09-17 22:20:04,2024-09-17 22:43:04,UberPool,166.26,4.13,4.27,Completed
9709,9861,929,8841,2033,2024-11-12 17:10:59,2024-11-12 17:17:59,UberBlack,593.83,11.78,4.23,Completed
9710,4030,7022,4897,7859,2024-01-08 05:35:58,2024-01-08 05:41:58,UberBlack,771.57,19.54,4.25,Completed
9711,7514,8361,3054,2675,2024-02-22 06:36:18,2024-02-22 07:16:18,UberBlack,373.86,11.23,3.98,Completed
9712,5869,6128,7060,3120,2025-06-18 23:31:40,2025-06-18 23:50:40,UberX,285.57,12.94,3.77,Completed
9713,5074,5599,7929,962,2024-09-16 07:09:23,2024-09-16 07:42:23,UberX,795.63,17.68,3.63,Completed
9714,8433,9634,5957,2016,2024-02-16 19:52:07,2024-02-16 20:12:07,UberBlack,89.28,3.14,4.69,Completed
9715,1835,7396,7140,1056,2024-12-13 11:17:46,2024-12-13 11:56:46,UberPool,723.72,13.33,4.28,No Show
9716,3571,143,9605,7062,2024-01-30 05:04:29,2024-01-30 05:33:29,UberPool,572.27,13.22,4.01,Completed
9717,6979,1918,3253,3017,2024-01-07 22:02:14,2024-01-07 22:11:14,UberX,516.2,18.62,3.98,Completed
9718,2573,2204,8669,9775,2025-06-22 10:04:23,2025-06-22 10:37:23,UberPool,259.14,14.68,4.92,No Show
9719,961,5157,6690,8599,2024-01-21 03:23:36,2024-01-21 04:08:36,UberPool,796.05,14.56,4.71,Completed
9720,2704,9174,6102,1482,2024-01-03 14:06:12,2024-01-03 14:42:12,UberBlack,431.89,11.11,3.75,Completed
9721,8878,4077,206,8616,2024-06-13 05:03:16,2024-06-13 05:23:16,UberBlack,129.56,9.93,3.54,Completed
9722,9209,4008,9086,2808,2023-11-26 12:08:35,2023-11-26 12:24:35,UberX,221.32,14.34,4.27,Completed
9723,700,7620,1545,734,2024-02-29 05:29:38,2024-02-29 05:38:38,UberPool,160.59,4.78,4.56,No Show
9724,5482,9886,7657,8199,2025-08-03 23:57:56,2025-08-04 00:37:56,UberX,127.65,16.71,3.5,No Show
9725,633,222,8072,2036,2025-03-26 10:15:00,2025-03-26 10:47:00,UberBlack,799.97,1.7,4.94,Completed
9726,48,9197,2906,3541,2024-09-03 11:03:14,2024-09-03 11:13:14,UberBlack,391.95,2.01,4.77,Completed
9727,7474,3088,4773,1107,2024-10-23 05:20:50,2024-10-23 05:49:50,UberBlack,549.08,12.05,4.78,Completed
9728,5003,2110,6396,341,2023-09-14 05:18:28,2023-09-14 05:42:28,UberX,279.73,11.24,3.64,Completed
9729,8284,1177,483,8009,2025-04-13 15:44:38,2025-04-13 16:24:38,UberBlack,321.46,19.51,4.64,Completed
9730,1622,3053,5948,8146,2023-08-09 05:02:42,2023-08-09 05:13:42,UberBlack,791.29,14.99,4.42,Completed
9731,4049,1058,8016,2799,2023-08-21 01:39:16,2023-08-21 02:24:16,UberBlack,479.16,13.55,4.39,Completed
9732,933,7668,4396,301,2025-05-06 03:03:58,2025-05-06 03:12:58,UberBlack,50.94,15.89,3.86,Completed
9733,3483,925,5556,7111,2023-10-21 04:56:23,2023-10-21 05:30:23,UberX,549.38,14.02,4.55,Completed
9734,7808,2907,179,1570,2024-11-09 20:25:44,2024-11-09 20:31:44,UberX,244.38,6.23,4.33,Completed
9735,2285,7562,9908,9676,2023-08-27 23:49:18,2023-08-28 00:12:18,UberPool,168.65,9.84,4.23,Completed
9736,4308,5872,1062,4816,2024-10-26 10:57:50,2024-10-26 11:16:50,UberBlack,271.01,20.0,4.31,Completed
9737,1963,2444,4398,7510,2025-08-01 02:44:40,2025-08-01 03:29:40,UberX,174.58,10.6,3.58,Completed
9738,4480,3395,7628,2485,2024-01-12 04:54:25,2024-01-12 05:22:25,UberBlack,635.84,4.28,4.78,Cancelled
9739,4070,1525,8467,6846,2024-10-11 14:20:38,2024-10-11 14:46:38,UberX,85.14,4.85,3.94,Completed
9740,7026,4025,3793,6919,2024-08-08 01:35:35,2024-08-08 01:53:35,UberBlack,477.21,11.96,4.06,No Show
9741,4020,3817,4963,2966,2025-04-24 13:18:35,2025-04-24 13:45:35,UberBlack,440.56,7.44,3.62,Completed
9742,481,5973,9308,9017,2024-12-22 06:10:36,2024-12-22 06:33:36,UberPool,184.81,2.57,4.78,Completed
9743,8837,2858,3015,34,2024-06-16 19:34:15,2024-06-16 19:42:15,UberBlack,241.35,10.33,3.57,Completed
9744,3535,742,3399,6865,2025-01-10 23:27:00,2025-01-10 23:55:00,UberPool,653.03,6.66,3.65,Completed
9745,4425,4410,53,6691,2024-12-30 07:21:50,2024-12-30 07:31:50,UberPool,591.02,9.58,4.03,Completed
9746,5790,1201,8094,1376,2024-12-22 18:02:58,2024-12-22 18:47:58,UberX,445.34,2.51,4.28,Completed
9747,9411,4059,760,7006,2023-10-09 16:13:28,2023-10-09 16:51:28,UberPool,647.57,16.75,4.86,Completed
9748,2763,5296,7885,6711,2024-12-05 08:57:41,2024-12-05 09:24:41,UberBlack,783.6,6.8,4.85,Completed
9749,4212,1271,85,285,2024-12-31 19:08:55,2024-12-31 19:43:55,UberPool,240.42,4.48,3.5,Completed
9750,7156,5118,1581,473,2025-03-13 14:11:15,2025-03-13 14:37:15,UberBlack,196.06,14.38,4.21,No Show
9751,5021,5505,9851,6346,2024-04-02 06:37:17,2024-04-02 06:54:17,UberPool,624.05,18.32,4.64,Cancelled
9752,430,1163,8772,378,2024-07-31 08:42:22,2024-07-31 09:14:22,UberX,576.39,10.0,3.71,Completed
9753,3390,2801,9008,278,2024-01-01 00:26:24,2024-01-01 00:32:24,UberPool,203.94,16.7,4.48,Completed
9754,9224,8169,2992,153,2024-01-14 15:12:14,2024-01-14 15:47:14,UberBlack,562.99,13.61,4.0,Completed
9755,8125,9494,7463,6940,2023-12-25 08:39:48,2023-12-25 08:54:48,UberBlack,538.25,15.25,4.65,Completed
9756,9006,3158,355,7297,2025-06-08 09:09:42,2025-06-08 09:28:42,UberX,441.39,6.42,3.81,Completed
9757,3582,7460,5441,1092,2025-01-30 19:44:40,2025-01-30 20:22:40,UberPool,350.77,17.23,3.97,Completed
9758,6344,1762,3348,9355,2023-11-11 02:07:59,2023-11-11 02:28:59,UberX,734.27,11.18,4.74,Cancelled
9759,404,907,8188,3997,2023-09-22 01:15:54,2023-09-22 01:54:54,UberX,603.21,10.83,4.84,Completed
9760,8487,4125,7409,3791,2025-01-06 09:30:36,2025-01-06 10:07:36,UberBlack,719.03,11.26,4.67,Completed
9761,8025,8324,5869,6015,2024-06-11 03:38:34,2024-06-11 04:21:34,UberX,638.37,1.1,4.23,Completed
9762,625,382,3818,7870,2025-03-04 09:32:23,2025-03-04 09:42:23,UberBlack,411.35,4.63,4.37,Cancelled
9763,6843,8523,1577,6762,2025-01-07 11:44:17,2025-01-07 12:28:17,UberX,622.1,6.04,3.85,Completed
9764,6824,4739,2091,4385,2024-01-07 21:40:20,2024-01-07 22:23:20,UberX,476.74,2.82,4.24,Cancelled
9765,2834,1638,9332,8943,2024-12-12 07:39:52,2024-12-12 08:04:52,UberPool,160.22,11.73,4.21,Completed
9766,9510,4640,9863,3262,2024-01-26 17:30:52,2024-01-26 18:02:52,UberPool,279.39,10.07,4.12,Completed
9767,1407,4393,4457,3762,2025-07-23 03:55:06,2025-07-23 04:03:06,UberPool,409.48,5.68,4.27,No Show
9768,2041,9971,8570,7248,2024-10-23 05:34:22,2024-10-23 06:03:22,UberX,334.26,2.42,4.0,Completed
9769,9665,4095,4389,7675,2024-11-21 10:51:31,2024-11-21 10:57:31,UberBlack,634.87,3.29,4.04,Cancelled
9770,3250,8885,6209,9603,2024-05-22 02:02:16,2024-05-22 02:24:16,UberBlack,747.69,6.19,4.97,Completed
9771,692,9744,311,8725,2024-12-29 23:38:19,2024-12-29 23:44:19,UberX,258.77,2.78,3.73,Completed
9772,6585,5811,7951,8578,2024-01-28 08:49:17,2024-01-28 08:56:17,UberBlack,165.68,11.92,4.72,Completed
9773,2168,7774,3383,4304,2024-03-10 17:09:18,2024-03-10 17:35:18,UberX,518.57,13.48,4.07,Completed
9774,7517,155,1702,5004,2023-10-26 05:22:13,2023-10-26 06:06:13,UberPool,673.94,2.16,4.18,Completed
9775,2403,4681,8108,4665,2023-08-11 00:42:21,2023-08-11 00:48:21,UberX,259.32,1.51,3.6,Completed
9776,2919,1862,5005,4594,2024-02-04 14:14:06,2024-02-04 14:54:06,UberPool,670.96,19.51,4.14,Completed
9777,1300,2767,6359,7701,2025-04-12 03:55:27,2025-04-12 04:33:27,UberX,227.2,13.36,3.83,Completed
9778,3361,7542,8977,1976,2025-05-15 19:41:29,2025-05-15 19:46:29,UberPool,73.87,10.23,4.18,Completed
9779,5793,9385,6174,4505,2025-04-01 16:21:18,2025-04-01 16:29:18,UberPool,387.11,9.23,3.98,Cancelled
9780,2753,4419,9522,5784,2025-03-09 01:09:54,2025-03-09 01:44:54,UberX,450.61,2.37,4.34,Completed
9781,3028,6601,6701,7496,2025-03-07 07:48:02,2025-03-07 07:53:02,UberPool,732.06,3.93,4.55,Cancelled
9782,9885,2367,1630,6873,2024-02-22 14:18:27,2024-02-22 14:23:27,UberX,711.36,3.51,3.54,Completed
9783,3091,1528,9914,7999,2025-02-13 23:44:36,2025-02-14 00:25:36,UberBlack,777.25,12.7,4.53,Completed
9784,8851,1699,7314,6492,2025-06-14 21:28:17,2025-06-14 21:42:17,UberPool,667.08,9.46,4.96,Completed
9785,7685,3214,1373,5175,2024-05-08 05:11:46,2024-05-08 05:19:46,UberX,643.51,17.83,4.09,Completed
9786,9982,5089,6922,1561,2024-05-02 23:53:55,2024-05-03 00:26:55,UberBlack,143.27,12.7,4.54,Completed
9787,7456,6039,7676,4346,2025-01-24 12:25:27,2025-01-24 12:32:27,UberPool,164.35,2.73,3.77,Completed
9788,3162,2823,9831,1056,2025-02-15 18:21:23,2025-02-15 18:26:23,UberPool,290.49,17.99,4.3,Cancelled
9789,3247,4599,8942,8747,2025-07-22 23:44:49,2025-07-22 23:50:49,UberBlack,464.44,2.83,3.88,Completed
9790,3411,2858,6783,7475,2024-04-29 16:39:50,2024-04-29 17:24:50,UberX,68.06,3.01,3.72,Completed
9791,6145,9424,1184,402,2023-09-17 21:56:18,2023-09-17 22:03:18,UberPool,319.1,3.89,3.58,No Show
9792,2650,5824,5475,7167,2023-10-27 15:48:51,2023-10-27 16:20:51,UberPool,290.81,14.73,4.27,Completed
9793,9957,597,7771,9811,2024-02-26 01:44:10,2024-02-26 02:17:10,UberPool,652.32,3.7,4.62,Cancelled
9794,8102,2872,3285,3373,2025-07-26 22:52:44,2025-07-26 23:36:44,UberBlack,172.62,7.69,4.4,Completed
9795,7457,6169,7651,6460,2024-04-23 09:23:37,2024-04-23 09:59:37,UberX,738.44,2.76,4.34,Completed
9796,4249,528,8274,6863,2024-01-11 08:47:22,2024-01-11 09:24:22,UberPool,99.48,16.08,4.14,Cancelled
9797,6289,1997,4900,8379,2023-09-18 10:53:17,2023-09-18 11:06:17,UberX,710.1,1.93,3.76,Completed
9798,8963,541,2065,681,2025-01-12 11:11:45,2025-01-12 11:33:45,UberPool,289.93,18.5,4.52,Cancelled
9799,2832,2659,1671,1303,2025-04-16 04:23:35,2025-04-16 04:52:35,UberBlack,387.4,11.33,4.86,Completed
9800,2270,7996,7921,9953,2024-08-16 19:32:26,2024-08-16 19:50:26,UberPool,778.9,14.94,3.7,No Show
9801,6164,4598,37,388,2025-01-01 17:20:48,2025-01-01 17:26:48,UberPool,547.2,8.63,4.97,Cancelled
9802,9339,8716,1141,3298,2025-03-10 15:14:37,2025-03-10 15:52:37,UberBlack,608.1,16.26,4.66,No Show
9803,2548,9703,9473,6138,2024-12-23 16:44:10,2024-12-23 17:16:10,UberPool,560.45,3.39,4.53,Completed
9804,8610,8448,7664,126,2024-12-08 18:58:43,2024-12-08 19:10:43,UberPool,691.7,7.21,4.19,Completed
9805,796,4647,4454,5601,2024-01-22 04:02:31,2024-01-22 04:18:31,UberX,743.75,8.49,4.57,Completed
9806,3510,3206,4648,1063,2025-03-12 18:05:56,2025-03-12 18:42:56,UberBlack,530.64,17.8,4.69,Completed
9807,2892,234,2144,5851,2023-09-14 14:28:22,2023-09-14 14:52:22,UberPool,732.98,14.4,4.11,Completed
9808,3093,9555,2491,5040,2023-08-28 16:56:11,2023-08-28 17:33:11,UberPool,541.14,18.73,4.15,Completed
9809,8724,7009,9481,5000,2023-12-19 00:35:36,2023-12-19 00:49:36,UberBlack,303.39,4.99,3.52,Cancelled
9810,8739,597,2885,4068,2023-11-17 22:13:27,2023-11-17 22:36:27,UberX,301.4,13.91,4.37,Completed
9811,8285,8850,8607,2581,2025-05-17 02:53:25,2025-05-17 03:11:25,UberPool,512.6,10.29,3.77,Completed
9812,7513,1505,6973,9027,2025-04-21 08:56:59,2025-04-21 09:26:59,UberPool,610.44,5.67,3.5,Completed
9813,2473,5113,3668,9308,2024-11-07 09:55:54,2024-11-07 10:25:54,UberX,537.93,18.06,3.83,Completed
9814,8806,7426,4672,1719,2023-08-08 06:29:14,2023-08-08 07:00:14,UberX,212.23,7.87,4.56,Completed
9815,8144,3420,9280,6947,2023-09-17 00:11:36,2023-09-17 00:36:36,UberBlack,627.1,12.03,3.74,Completed
9816,4120,1187,8883,5678,2025-01-08 05:08:13,2025-01-08 05:48:13,UberX,307.21,2.4,4.25,Completed
9817,4226,4741,652,7070,2024-07-12 21:14:23,2024-07-12 21:19:23,UberX,569.14,10.5,3.7,Completed
9818,3035,3926,4828,4154,2024-07-13 00:03:54,2024-07-13 00:20:54,UberBlack,150.76,5.91,3.89,Completed
9819,6672,5396,5160,4393,2024-02-09 21:44:11,2024-02-09 22:12:11,UberX,624.96,9.51,3.65,Completed
9820,1987,953,2156,4046,2024-08-12 00:46:31,2024-08-12 00:54:31,UberPool,710.94,6.08,4.19,Completed
9821,2781,7620,3973,9882,2024-12-29 20:14:53,2024-12-29 20:25:53,UberX,622.73,16.08,4.88,Completed
9822,5082,9531,2624,6352,2024-12-29 19:56:09,2024-12-29 20:32:09,UberBlack,223.6,10.39,4.84,Completed
9823,3006,103,9604,9054,2025-04-16 07:20:42,2025-04-16 07:49:42,UberBlack,483.36,2.4,4.83,Completed
9824,3889,5537,2898,8906,2024-07-07 08:26:20,2024-07-07 09:11:20,UberX,367.24,4.02,4.67,Completed
9825,6999,8535,9230,779,2024-04-16 05:29:06,2024-04-16 05:39:06,UberX,231.85,2.61,4.37,Completed
9826,3521,7815,8944,7898,2024-05-21 11:35:37,2024-05-21 12:02:37,UberX,146.98,6.62,4.86,Completed
9827,8044,8774,8563,4396,2024-05-18 04:32:14,2024-05-18 04:59:14,UberX,352.06,5.14,4.99,Completed
9828,2047,718,2979,9153,2023-09-02 11:25:10,2023-09-02 11:31:10,UberX,271.57,3.38,3.53,Cancelled
9829,7115,4572,9646,4194,2025-03-17 13:43:50,2025-03-17 14:03:50,UberX,692.44,12.38,4.63,Completed
9830,3127,327,964,2596,2024-03-16 09:22:45,2024-03-16 09:45:45,UberBlack,554.05,17.16,4.86,Completed
9831,223,5973,1677,4407,2025-06-24 21:10:52,2025-06-24 21:16:52,UberPool,726.89,1.7,3.6,Completed
9832,8213,4892,3202,7330,2024-03-30 05:14:12,2024-03-30 05:31:12,UberBlack,153.4,13.56,3.73,Completed
9833,7948,7001,6402,3391,2025-02-23 13:03:58,2025-02-23 13:23:58,UberPool,68.45,11.19,4.8,Completed
9834,5793,120,981,5755,2025-05-29 18:14:18,2025-05-29 18:35:18,UberX,453.97,15.9,3.98,Completed
9835,7117,4903,9935,7902,2025-04-23 12:32:22,2025-04-23 12:53:22,UberX,122.61,19.38,4.28,Completed
9836,8814,8858,6,7183,2025-08-02 12:12:49,2025-08-02 12:44:49,UberX,111.45,13.08,4.91,No Show
9837,6000,4064,4059,4951,2024-06-06 02:38:02,2024-06-06 03:12:02,UberPool,153.65,4.21,3.6,Completed
9838,4923,7041,7100,8999,2025-03-21 01:18:36,2025-03-21 01:30:36,UberX,254.98,6.07,4.53,Completed
9839,4821,7199,3335,7431,2023-12-27 07:45:44,2023-12-27 08:01:44,UberX,635.92,11.93,4.24,Completed
9840,7938,7934,8428,9011,2023-12-17 19:21:14,2023-12-17 19:47:14,UberX,379.37,17.54,4.25,Completed
9841,3845,1676,7472,235,2025-07-01 12:11:50,2025-07-01 12:53:50,UberX,133.06,1.28,3.93,Completed
9842,5457,8933,4096,1995,2025-05-04 10:15:51,2025-05-04 10:32:51,UberX,106.16,8.54,4.37,No Show
9843,442,8556,6169,2814,2023-08-15 03:38:14,2023-08-15 04:02:14,UberX,86.84,17.43,4.42,Completed
9844,2591,1486,7580,9718,2025-03-18 08:25:15,2025-03-18 08:39:15,UberPool,523.01,6.27,4.57,Completed
9845,7955,4119,2324,7811,2025-01-13 13:16:32,2025-01-13 13:47:32,UberPool,233.38,5.54,4.65,Completed
9846,7337,5632,8920,8561,2024-01-02 15:10:20,2024-01-02 15:29:20,UberX,298.94,19.24,4.25,Completed
9847,3672,470,5798,34,2024-06-11 03:43:16,2024-06-11 04:05:16,UberPool,307.57,7.54,4.44,Completed
9848,7611,311,207,9419,2024-11-15 08:35:25,2024-11-15 08:45:25,UberBlack,80.56,5.63,4.01,Completed
9849,1454,2940,4708,42,2024-11-14 08:37:30,2024-11-14 09:22:30,UberPool,401.2,6.26,4.4,Completed
9850,9470,8453,5852,3199,2024-11-07 04:41:19,2024-11-07 05:13:19,UberBlack,73.45,7.75,4.2,Completed
9851,5912,6169,5596,8276,2024-04-21 16:39:48,2024-04-21 17:07:48,UberPool,243.59,16.34,4.55,Completed
9852,2026,7161,4826,1901,2024-08-07 16:48:07,2024-08-07 16:56:07,UberBlack,587.66,17.01,3.76,Completed
9853,7271,8966,4597,6108,2025-02-12 05:40:44,2025-02-12 06:24:44,UberBlack,223.08,18.54,4.72,Cancelled
9854,7088,4577,1092,1096,2024-04-30 21:13:50,2024-04-30 21:57:50,UberBlack,533.89,17.72,3.79,Completed
9855,5860,8256,3891,4463,2024-02-12 04:28:31,2024-02-12 05:03:31,UberBlack,88.74,16.76,4.48,Completed
9856,7292,7110,3167,444,2025-05-15 12:58:54,2025-05-15 13:38:54,UberBlack,194.58,18.76,3.53,Completed
9857,4335,8913,5591,969,2024-09-09 14:22:04,2024-09-09 14:35:04,UberX,390.53,11.44,4.04,Completed
9858,1241,6980,4407,4165,2023-09-08 17:55:56,2023-09-08 18:03:56,UberBlack,790.69,4.42,4.02,Completed
9859,9855,6264,2595,9663,2025-07-25 02:35:57,2025-07-25 02:56:57,UberBlack,185.08,10.67,4.57,Completed
9860,3187,783,4686,1919,2024-12-15 12:07:18,2024-12-15 12:21:18,UberPool,337.03,2.03,4.33,Completed
9861,6881,4064,3711,583,2023-12-22 13:22:26,2023-12-22 13:51:26,UberBlack,412.62,19.86,3.85,Completed
9862,8194,8286,4395,9958,2024-11-20 02:33:09,2024-11-20 03:15:09,UberBlack,568.09,8.15,4.22,Completed
9863,3661,8615,23,2550,2024-11-01 11:21:05,2024-11-01 11:57:05,UberX,730.44,11.23,3.91,Completed
9864,8601,4464,6624,3856,2025-06-06 11:44:10,2025-06-06 12:08:10,UberX,484.36,3.47,3.87,Completed
9865,7529,8468,4849,9815,2024-11-08 06:52:17,2024-11-08 07:27:17,UberPool,595.31,15.55,4.92,Completed
9866,6412,9841,4555,4448,2023-10-25 11:49:00,2023-10-25 12:27:00,UberPool,567.12,10.67,4.64,No Show
9867,9453,7089,6761,518,2025-02-15 10:18:43,2025-02-15 10:32:43,UberX,669.26,13.92,3.53,Completed
9868,3956,4311,2125,8926,2025-04-08 15:55:53,2025-04-08 16:32:53,UberPool,345.06,6.88,3.68,Completed
9869,6653,4008,3467,5049,2025-06-04 11:52:33,2025-06-04 12:18:33,UberX,622.18,4.37,3.87,Cancelled
9870,8801,8947,6122,1931,2025-02-05 21:55:57,2025-02-05 22:20:57,UberBlack,342.33,11.06,4.02,No Show
9871,2701,5414,5868,9543,2023-12-27 22:19:43,2023-12-27 22:58:43,UberBlack,173.62,9.34,3.73,Completed
9872,7567,2032,4612,6625,2024-12-10 01:27:46,2024-12-10 02:06:46,UberX,640.18,2.4,3.77,Completed
9873,4925,9221,33,3174,2023-08-22 06:52:03,2023-08-22 07:29:03,UberPool,737.01,7.97,4.72,Cancelled
9874,2748,7643,7071,5215,2023-11-14 18:27:48,2023-11-14 18:49:48,UberX,691.2,7.43,4.44,Completed
9875,5519,5547,7225,8461,2024-09-13 21:42:25,2024-09-13 22:16:25,UberPool,271.9,2.72,4.08,Completed
9876,3925,1907,2291,5736,2025-06-02 14:06:29,2025-06-02 14:34:29,UberX,299.75,14.72,4.7,Cancelled
9877,1758,8853,6813,5064,2023-09-14 17:04:39,2023-09-14 17:49:39,UberX,769.48,14.85,4.82,Completed
9878,903,852,7535,1679,2023-12-08 13:32:24,2023-12-08 14:10:24,UberPool,341.68,17.77,4.02,Cancelled
9879,4906,8558,586,2660,2023-09-29 22:30:06,2023-09-29 22:58:06,UberBlack,133.36,4.59,4.31,Completed
9880,8206,3456,1768,8367,2024-01-30 16:38:36,2024-01-30 16:56:36,UberBlack,254.7,19.28,4.58,Completed
9881,4695,7037,8491,2687,2023-12-17 06:17:42,2023-12-17 06:36:42,UberX,269.95,9.07,4.16,Completed
9882,8283,6324,1966,810,2025-01-18 06:02:56,2025-01-18 06:16:56,UberBlack,616.96,1.02,4.03,Completed
9883,6820,9106,741,6700,2024-06-14 11:47:28,2024-06-14 12:16:28,UberX,331.42,8.98,4.43,Completed
9884,1825,4126,3976,1955,2024-03-05 12:50:31,2024-03-05 13:03:31,UberBlack,360.5,1.23,4.27,Completed
9885,9035,4560,1949,2293,2025-02-02 05:15:24,2025-02-02 05:38:24,UberX,281.09,12.44,3.64,Cancelled
9886,5170,994,4772,4181,2023-08-10 23:02:14,2023-08-10 23:21:14,UberPool,511.99,6.04,4.17,Completed
9887,113,5128,6727,9028,2023-10-06 18:30:43,2023-10-06 19:13:43,UberPool,639.86,8.12,3.67,Completed
9888,7917,1746,6131,6663,2025-02-19 02:54:38,2025-02-19 03:00:38,UberBlack,247.71,15.56,4.68,Completed
9889,3043,6671,1199,4990,2023-10-27 07:39:22,2023-10-27 07:57:22,UberPool,216.37,8.6,3.59,Completed
9890,1424,3863,8822,4530,2024-06-06 06:05:10,2024-06-06 06:17:10,UberX,291.54,14.06,4.01,Completed
9891,1819,107,9350,4980,2025-07-29 20:02:31,2025-07-29 20:39:31,UberPool,688.63,16.11,4.66,Completed
9892,2481,4523,9172,1270,2024-06-24 14:38:46,2024-06-24 14:58:46,UberX,256.43,18.03,4.69,Completed
9893,2261,2976,3715,8143,2023-11-21 23:43:39,2023-11-21 23:51:39,UberBlack,614.69,3.95,3.6,Completed
9894,7490,1809,3043,3120,2024-09-07 15:47:16,2024-09-07 15:57:16,UberBlack,489.97,5.88,4.12,Completed
9895,1609,2770,4189,8836,2024-11-27 14:05:59,2024-11-27 14:16:59,UberX,613.5,5.33,4.54,Completed
9896,9982,565,8385,3057,2025-03-29 05:16:11,2025-03-29 05:46:11,UberBlack,218.18,17.93,3.77,Completed
9897,2974,5896,6862,862,2023-11-30 13:51:55,2023-11-30 14:00:55,UberPool,107.88,4.77,3.56,Completed
9898,289,4036,3472,619,2024-07-14 04:33:01,2024-07-14 04:48:01,UberBlack,686.57,9.99,3.96,Completed
9899,1522,9506,4436,5199,2024-10-23 04:22:18,2024-10-23 05:07:18,UberPool,302.77,2.47,4.28,Completed
9900,1474,771,6566,914,2024-12-19 18:05:19,2024-12-19 18:26:19,UberPool,110.66,1.8,4.22,Completed
9901,2326,6399,1597,2381,2025-01-18 13:54:37,2025-01-18 14:02:37,UberBlack,207.54,5.17,4.03,Completed
9902,2883,8403,199,1424,2024-02-09 09:56:27,2024-02-09 10:34:27,UberBlack,128.06,4.62,4.08,Completed
9903,840,1130,613,7648,2025-02-06 18:41:25,2025-02-06 19:23:25,UberBlack,551.36,19.7,4.76,Cancelled
9904,564,8453,9133,7298,2023-09-23 02:44:17,2023-09-23 02:49:17,UberBlack,685.54,10.89,4.81,Completed
9905,8071,3426,7100,8792,2024-09-27 09:34:41,2024-09-27 10:17:41,UberX,661.28,5.88,4.77,Completed
9906,299,2630,3787,2914,2023-10-17 01:47:04,2023-10-17 02:18:04,UberPool,622.23,4.71,4.74,Completed
9907,377,336,6614,4107,2025-04-15 10:05:53,2025-04-15 10:39:53,UberPool,571.11,17.08,3.7,Completed
9908,2288,7737,9459,7812,2025-04-19 09:08:59,2025-04-19 09:20:59,UberBlack,351.72,14.57,3.76,Completed
9909,252,6003,6327,4882,2025-01-12 22:36:51,2025-01-12 22:58:51,UberBlack,757.59,17.47,4.14,Completed
9910,7427,6506,4600,114,2024-05-09 05:28:05,2024-05-09 05:58:05,UberX,573.76,11.2,4.56,Completed
9911,8870,8274,9908,9066,2024-04-16 06:19:55,2024-04-16 06:25:55,UberPool,417.95,13.1,4.65,Completed
9912,1788,4631,5026,9404,2024-05-06 04:02:15,2024-05-06 04:13:15,UberBlack,499.52,7.78,3.98,No Show
9913,4182,5430,5047,462,2023-08-29 23:04:46,2023-08-29 23:12:46,UberX,662.65,12.38,3.63,Completed
9914,3062,7386,8482,5631,2024-08-03 09:17:50,2024-08-03 09:44:50,UberPool,311.12,16.4,3.87,Completed
9915,9147,2517,8374,3253,2024-10-09 12:07:53,2024-10-09 12:21:53,UberPool,146.78,3.42,4.67,Completed
9916,9175,7348,9443,7784,2025-08-03 06:31:56,2025-08-03 07:01:56,UberBlack,587.78,19.3,4.18,Completed
9917,4345,6580,4738,6730,2025-03-26 14:12:38,2025-03-26 14:38:38,UberX,511.91,10.65,4.97,Completed
9918,610,9161,8816,1115,2024-06-30 15:34:24,2024-06-30 15:52:24,UberBlack,193.51,9.72,4.77,No Show
9919,989,736,4606,7730,2023-10-19 05:52:25,2023-10-19 06:05:25,UberX,668.62,4.66,4.22,Completed
9920,9292,4213,3190,7646,2025-04-08 15:04:48,2025-04-08 15:48:48,UberBlack,338.76,8.73,4.03,Completed
9921,5220,1006,4034,5443,2025-02-12 13:36:51,2025-02-12 13:47:51,UberPool,225.08,6.77,4.2,Completed
9922,9284,9135,243,7687,2024-02-14 16:07:55,2024-02-14 16:23:55,UberPool,623.17,6.3,5.0,Completed
9923,9673,3149,1217,7043,2025-01-14 02:13:19,2025-01-14 02:40:19,UberPool,503.71,5.39,4.83,Completed
9924,3913,5223,5652,2531,2023-09-12 04:10:37,2023-09-12 04:39:37,UberX,358.36,12.27,4.56,Completed
9925,6918,890,9548,3620,2024-09-20 08:55:13,2024-09-20 09:07:13,UberX,219.97,2.55,4.14,Completed
9926,299,159,4465,3882,2024-04-15 11:11:11,2024-04-15 11:52:11,UberX,567.86,14.74,4.2,Completed
9927,4827,2466,8921,5955,2024-09-07 12:21:55,2024-09-07 13:05:55,UberBlack,147.61,6.56,3.76,Completed
9928,6313,2302,8291,4517,2025-02-03 20:47:43,2025-02-03 21:22:43,UberBlack,178.88,16.13,3.66,Completed
9929,1739,8687,7404,9195,2025-03-09 14:09:33,2025-03-09 14:40:33,UberBlack,770.09,9.68,4.56,Completed
9930,4724,1620,8658,3710,2025-03-03 22:14:45,2025-03-03 22:29:45,UberPool,305.78,16.85,4.0,Completed
9931,8280,2628,4419,5672,2024-05-11 21:10:59,2024-05-11 21:34:59,UberPool,239.8,7.27,4.96,Completed
9932,7625,4668,7953,5690,2023-08-21 11:53:09,2023-08-21 12:19:09,UberPool,61.2,3.98,4.89,Completed
9933,4876,710,4990,8865,2025-01-08 12:02:57,2025-01-08 12:27:57,UberX,605.68,16.91,3.6,Cancelled
9934,756,5486,3681,715,2023-09-16 07:41:35,2023-09-16 08:21:35,UberBlack,493.6,14.1,3.81,Completed
9935,7985,1639,1653,255,2023-11-03 03:49:25,2023-11-03 04:17:25,UberBlack,742.19,14.64,4.97,Completed
9936,3331,341,3650,1797,2025-01-19 12:38:28,2025-01-19 13:04:28,UberBlack,403.34,16.84,4.74,Completed
9937,2071,412,391,5270,2025-06-20 08:26:51,2025-06-20 08:52:51,UberBlack,241.36,5.87,4.23,Completed
9938,4415,1538,7213,4145,2024-07-17 18:54:36,2024-07-17 19:08:36,UberPool,347.25,13.65,4.45,Completed
9939,9311,801,1465,3901,2024-07-01 09:46:08,2024-07-01 10:21:08,UberPool,174.71,13.15,4.44,Completed
9940,1416,9130,3831,6854,2025-07-29 10:19:06,2025-07-29 11:02:06,UberPool,592.85,8.79,3.77,Completed
9941,268,6951,4605,1497,2025-02-16 07:05:29,2025-02-16 07:12:29,UberX,545.72,16.88,4.64,Completed
9942,7926,7101,2991,9963,2024-10-25 12:25:22,2024-10-25 12:55:22,UberPool,563.4,15.47,4.08,Completed
9943,6253,9501,9882,7190,2023-12-15 19:00:04,2023-12-15 19:16:04,UberPool,267.02,4.75,4.94,Cancelled
9944,9234,1564,4893,232,2025-07-27 12:38:32,2025-07-27 13:11:32,UberX,648.91,16.0,4.22,Completed
9945,8425,1216,4451,6344,2023-08-31 00:40:10,2023-08-31 00:48:10,UberPool,329.11,13.6,3.97,Completed
9946,1440,123,6712,2688,2025-01-26 08:06:33,2025-01-26 08:38:33,UberBlack,440.24,19.3,4.49,Completed
9947,9621,5910,6513,9243,2025-06-09 01:55:34,2025-06-09 02:07:34,UberBlack,177.02,6.23,3.53,Completed
9948,4516,1225,4912,8984,2024-10-31 18:08:36,2024-10-31 18:39:36,UberBlack,375.84,17.81,4.29,Completed
9949,4404,637,4004,524,2024-11-28 22:14:08,2024-11-28 22:38:08,UberPool,112.36,17.92,4.08,Completed
9950,4740,470,8847,6889,2025-04-26 19:41:20,2025-04-26 19:57:20,UberBlack,674.53,11.99,4.37,Completed
9951,2065,1986,697,7254,2025-03-09 20:27:06,2025-03-09 20:58:06,UberX,376.73,1.97,4.08,No Show
9952,4960,9802,5037,7116,2023-09-09 06:15:26,2023-09-09 06:27:26,UberPool,262.89,18.32,3.63,Completed
9953,1649,2836,6222,8542,2024-07-30 03:28:16,2024-07-30 03:37:16,UberBlack,535.45,3.04,4.34,Completed
9954,7049,4064,7065,8358,2023-12-06 03:53:05,2023-12-06 04:16:05,UberPool,650.35,5.2,4.85,Completed
9955,228,6939,413,1294,2025-07-03 11:55:22,2025-07-03 12:11:22,UberBlack,178.69,15.35,4.63,Completed
9956,8617,9419,150,3849,2025-03-11 22:29:14,2025-03-11 23:04:14,UberX,311.72,15.41,3.55,Completed
9957,2927,1747,3626,6723,2024-07-27 04:14:26,2024-07-27 04:33:26,UberX,465.58,11.7,4.31,Completed
9958,4794,9259,9578,4254,2025-07-12 16:14:28,2025-07-12 16:56:28,UberBlack,137.14,4.29,4.3,Completed
9959,7449,2739,1282,2763,2025-07-03 21:10:40,2025-07-03 21:53:40,UberPool,658.29,11.37,4.14,Completed
9960,350,682,6218,7517,2024-10-02 05:36:06,2024-10-02 06:19:06,UberPool,367.27,10.62,4.63,Completed
9961,3207,4696,9826,9673,2025-07-21 13:45:31,2025-07-21 14:25:31,UberBlack,64.28,13.82,3.61,Completed
9962,7499,2295,6640,4088,2023-08-07 02:07:38,2023-08-07 02:14:38,UberBlack,571.33,11.27,4.31,Completed
9963,6727,9820,5327,4930,2025-07-06 17:51:53,2025-07-06 18:24:53,UberBlack,580.52,6.74,4.12,Cancelled
9964,547,8503,482,1731,2024-12-02 22:27:18,2024-12-02 22:57:18,UberBlack,460.75,19.39,4.71,Completed
9965,4586,7486,5583,5354,2025-02-25 01:19:41,2025-02-25 01:35:41,UberPool,475.25,19.23,4.21,Completed
9966,5640,1949,2627,7225,2023-08-15 11:12:02,2023-08-15 11:27:02,UberPool,210.03,3.72,4.66,Completed
9967,5073,9333,2136,892,2025-05-01 06:35:00,2025-05-01 06:57:00,UberBlack,724.18,13.51,4.86,Completed
9968,6603,7282,1121,3912,2024-12-18 12:46:26,2024-12-18 13:13:26,UberPool,466.27,10.74,4.01,Completed
9969,5021,3228,2338,7308,2024-09-03 01:00:37,2024-09-03 01:32:37,UberX,757.19,18.0,4.88,Completed
9970,265,5803,9613,5672,2025-04-22 11:10:51,2025-04-22 11:27:51,UberPool,521.65,1.83,4.06,Completed
9971,7986,1795,9900,1012,2024-05-13 02:58:50,2024-05-13 03:10:50,UberPool,550.85,3.22,4.53,Completed
9972,3138,8947,9080,1353,2025-06-15 02:27:42,2025-06-15 02:34:42,UberBlack,626.91,19.98,3.99,Completed
9973,1574,3944,2034,740,2023-11-23 19:40:03,2023-11-23 20:16:03,UberPool,253.94,14.03,3.76,Completed
9974,7598,5924,7141,5816,2024-04-27 00:37:18,2024-04-27 00:56:18,UberPool,763.92,8.27,4.97,Cancelled
9975,9140,9992,7716,8804,2025-06-11 04:19:44,2025-06-11 04:45:44,UberPool,748.69,12.73,3.81,Completed
9976,2227,2894,6395,2470,2025-03-29 02:24:50,2025-03-29 03:00:50,UberX,518.4,18.12,4.79,Completed
9977,5889,5296,1661,4008,2024-10-17 05:23:59,2024-10-17 05:57:59,UberBlack,776.2,12.32,4.16,Completed
9978,7880,6442,5649,250,2024-03-16 20:25:16,2024-03-16 20:41:16,UberBlack,243.81,7.22,3.63,Cancelled
9979,8607,8758,112,2830,2024-06-19 12:57:18,2024-06-19 13:28:18,UberBlack,661.06,14.53,4.48,Completed
9980,2992,3375,7129,5342,2024-01-06 03:03:54,2024-01-06 03:38:54,UberBlack,685.78,6.88,4.51,Completed
9981,9855,6544,4638,5128,2023-09-02 18:22:42,2023-09-02 18:44:42,UberPool,516.12,4.54,4.93,Cancelled
9982,2102,4060,2045,8018,2025-02-22 20:06:38,2025-02-22 20:41:38,UberBlack,258.66,8.33,4.52,Completed
9983,8567,6116,7963,4391,2024-09-19 22:43:02,2024-09-19 23:23:02,UberPool,555.13,11.44,4.94,Completed
9984,1050,5748,8608,4101,2025-06-26 07:39:04,2025-06-26 08:05:04,UberPool,519.0,4.81,3.84,Completed
9985,7125,7205,9962,9313,2024-10-24 00:22:21,2024-10-24 00:52:21,UberX,557.31,15.24,4.38,Completed
9986,92,2963,8082,2411,2024-07-03 04:17:24,2024-07-03 04:49:24,UberPool,69.82,10.17,3.85,Completed
9987,2067,317,3752,4519,2024-03-29 06:40:34,2024-03-29 06:46:34,UberPool,102.75,3.05,3.59,Completed
9988,6471,4979,1528,3208,2024-07-09 04:24:07,2024-07-09 04:45:07,UberPool,278.59,10.49,4.78,Cancelled
9989,805,6015,6664,4600,2024-10-23 15:35:05,2024-10-23 15:42:05,UberPool,781.98,6.25,3.66,Completed
9990,7805,4668,9244,5757,2024-05-24 10:56:50,2024-05-24 11:10:50,UberPool,767.51,16.49,4.46,Completed
9991,7417,1004,1737,292,2023-12-26 16:40:11,2023-12-26 16:51:11,UberPool,163.63,3.75,4.46,Completed
9992,1180,907,4173,6000,2025-05-28 18:01:06,2025-05-28 18:33:06,UberPool,508.2,18.59,4.64,Completed
9993,7114,689,3438,4387,2024-03-16 23:45:45,2024-03-16 23:50:45,UberBlack,288.95,12.12,4.21,Completed
9994,6943,406,5706,3087,2025-05-25 04:24:25,2025-05-25 04:51:25,UberPool,684.39,12.61,3.57,Completed
9995,3828,7493,458,3250,2023-12-29 18:02:08,2023-12-29 18:47:08,UberBlack,234.37,8.98,3.94,Completed
9996,6151,9533,9377,2734,2025-03-21 14:15:13,2025-03-21 14:32:13,UberPool,465.72,11.06,4.12,Completed
9997,3871,9598,5867,2797,2024-03-07 20:32:09,2024-03-07 20:49:09,UberPool,698.32,6.36,4.2,Completed
9998,991,4784,3445,1975,2023-10-30 09:52:34,2023-10-30 10:27:34,UberPool,755.67,16.69,4.95,Completed
9999,6846,3242,9572,2126,2024-02-06 12:18:02,2024-02-06 12:29:02,UberBlack,467.36,6.49,4.72,Completed
10000,3460,4213,5022,5242,2024-02-27 01:13:37,2024-02-27 01:18:37,UberPool,634.83,18.07,4.36,Completed
