vehicle_id,driver_id,make,model,year,license_plate,vehicle_type,vehicle_category,capacity,created_at
1,2,Hero,Apache,2019,MH89AB9427,UberX,Bike,2,2025-06-17 10:53:49
2,6,Piaggio,Ape,2020,MH22AB4187,UberX,Auto,6,2025-01-07 21:59:55
3,11,Toyota,Ertiga,2023,MH15AB1714,UberPool,Car,5,2024-06-18 11:10:34
4,12,Bajaj,Ape,2017,MH18AB2371,UberX,Auto,2,2022-10-15 21:39:05
5,13,Toyota,Swift,2020,MH47AB9378,UberBlack,Car,1,2024-08-22 07:18:40
6,15,TVS,Ape,2017,MH65AB9903,UberPool,Auto,5,2023-01-19 20:59:46
7,17,Royal Enfield,Apache,2015,MH23AB2797,UberBlack,Bike,2,2025-04-19 22:59:38
8,20,TVS,Activa,2023,MH17AB7380,UberPool,Bike,2,2022-10-13 23:15:03
9,21,Bajaj,Splendor,2015,MH59AB3910,UberBlack,Bike,2,2023-04-01 05:22:43
10,22,TVS,King,2023,MH71AB5006,UberPool,Auto,5,2025-04-23 09:08:31
11,25,Royal Enfield,Classic 350,2019,MH61AB6092,UberBlack,Bike,2,2022-10-05 16:19:18
12,28,Honda,WagonR,2017,MH37AB5852,UberBlack,Car,2,2023-04-05 00:21:56
13,30,Honda,Dzire,2021,MH28AB3933,UberX,Car,2,2025-05-01 07:23:47
14,31,Maruti,Innova,2016,MH15AB5658,UberX,Car,5,2023-07-08 11:08:16
15,33,Honda,Pulsar,2016,MH46AB8956,UberBlack,Bike,2,2023-10-21 08:35:52
16,34,Piaggio,RE,2016,MH70AB8315,UberX,Auto,4,2025-03-05 15:32:57
17,37,Piaggio,Ape,2019,MH83AB9631,UberX,Auto,6,2023-05-09 14:09:26
18,38,Honda,Ertiga,2018,MH24AB1326,UberX,Car,2,2024-02-22 02:01:49
19,42,Royal Enfield,Classic 350,2015,MH98AB3754,UberBlack,Bike,2,2022-10-07 11:12:49
20,44,Maruti,Swift,2020,MH35AB3642,UberBlack,Car,3,2025-03-12 16:11:45
21,45,Honda,WagonR,2018,MH22AB1063,UberPool,Car,6,2025-07-17 12:23:11
22,46,Hyundai,Dzire,2019,MH41AB9674,UberX,Car,5,2024-04-21 22:17:03
23,47,Bajaj,King,2023,MH98AB3651,UberPool,Auto,5,2022-12-11 18:02:53
24,49,Honda,i20,2015,MH17AB8390,UberPool,Car,5,2024-12-04 22:22:41
25,50,TVS,RE,2022,MH65AB4998,UberX,Auto,2,2023-07-25 07:20:54
26,51,Bajaj,Ape,2021,MH96AB4339,UberX,Auto,4,2022-09-02 01:30:27
27,53,Hero,Activa,2020,MH91AB2868,UberBlack,Bike,2,2023-07-29 20:44:44
28,56,TVS,RE,2021,MH68AB2716,UberX,Auto,4,2024-10-05 09:31:25
29,58,TVS,RE,2015,MH19AB4110,UberX,Auto,6,2024-05-10 00:15:57
30,59,Bajaj,RE,2018,MH87AB3496,UberX,Auto,6,2023-05-02 07:22:17
31,60,Piaggio,Ape,2018,MH54AB4061,UberPool,Auto,6,2024-12-04 15:35:22
32,62,Piaggio,RE,2023,MH71AB6330,UberBlack,Auto,6,2025-01-24 17:42:24
33,64,Bajaj,King,2022,MH73AB7318,UberX,Auto,6,2024-12-22 10:22:40
34,65,Tata,Ertiga,2020,MH84AB3736,UberX,Car,6,2023-02-06 00:48:19
35,66,Piaggio,RE,2019,MH41AB2229,UberBlack,Auto,2,2024-12-24 06:57:24
36,70,Honda,Classic 350,2021,MH24AB8547,UberBlack,Bike,2,2025-03-16 20:34:39
37,72,Bajaj,King,2021,MH84AB9736,UberBlack,Auto,2,2025-03-09 17:22:39
38,74,Piaggio,King,2020,MH94AB9150,UberX,Auto,6,2025-03-01 02:37:01
39,78,Bajaj,Ape,2017,MH99AB7402,UberPool,Auto,3,2023-07-30 18:26:42
40,80,TVS,Ape,2021,MH31AB6798,UberBlack,Auto,1,2023-04-09 23:10:09
41,82,Hyundai,WagonR,2018,MH49AB9310,UberBlack,Car,5,2024-11-27 23:36:08
42,84,Hyundai,Innova,2018,MH87AB5470,UberBlack,Car,4,2023-09-08 02:32:20
43,85,Piaggio,RE,2022,MH48AB3236,UberBlack,Auto,5,2022-10-10 16:47:00
44,86,Tata,Innova,2022,MH28AB7750,UberPool,Car,5,2022-10-29 17:00:15
45,97,Hero,Classic 350,2021,MH72AB1353,UberBlack,Bike,2,2024-07-24 15:30:56
46,99,Honda,i20,2022,MH49AB9159,UberPool,Car,5,2024-10-09 08:46:07
47,100,Honda,Activa,2019,MH61AB5518,UberX,Bike,2,2023-03-08 20:58:05
48,103,Bajaj,Ape,2023,MH48AB2843,UberPool,Auto,4,2024-05-10 05:42:25
49,104,Hyundai,WagonR,2023,MH90AB6625,UberX,Car,4,2025-06-03 04:54:48
50,107,Piaggio,Ape,2023,MH23AB7239,UberPool,Auto,5,2025-04-21 18:59:18
51,110,Bajaj,King,2019,MH50AB1161,UberBlack,Auto,2,2025-03-04 12:46:03
52,111,Piaggio,Ape,2021,MH11AB6352,UberX,Auto,1,2023-06-24 11:31:40
53,112,Toyota,WagonR,2017,MH68AB1640,UberPool,Car,4,2022-11-29 07:26:24
54,114,Honda,Activa,2015,MH12AB9918,UberX,Bike,2,2025-06-25 23:13:27
55,118,Honda,Apache,2020,MH76AB2710,UberX,Bike,2,2023-07-08 00:03:50
56,119,Honda,i20,2023,MH34AB1674,UberPool,Car,4,2023-04-27 01:46:44
57,120,Honda,Activa,2018,MH89AB8761,UberPool,Bike,2,2023-09-10 14:23:12
58,123,Bajaj,Ape,2020,MH63AB4875,UberX,Auto,2,2023-01-14 20:17:12
59,124,TVS,Splendor,2015,MH10AB4487,UberX,Bike,2,2025-02-06 01:03:19
60,125,TVS,Ape,2021,MH96AB7607,UberX,Auto,5,2023-01-03 19:51:40
61,130,TVS,Ape,2018,MH12AB6856,UberPool,Auto,3,2022-11-05 16:11:24
62,135,Honda,Innova,2018,MH66AB9869,UberBlack,Car,3,2025-04-22 10:42:04
63,138,Royal Enfield,Activa,2015,MH74AB8861,UberBlack,Bike,2,2022-10-24 17:22:35
64,139,Maruti,i20,2022,MH30AB7790,UberBlack,Car,1,2025-06-27 22:48:19
65,142,Maruti,Ertiga,2018,MH64AB7100,UberBlack,Car,1,2023-05-07 18:14:09
66,143,Toyota,Innova,2019,MH48AB5129,UberX,Car,5,2023-02-20 11:38:07
67,144,Bajaj,King,2022,MH45AB6618,UberPool,Auto,5,2024-01-23 10:13:00
68,148,TVS,Pulsar,2019,MH14AB7190,UberX,Bike,2,2025-02-03 04:53:50
69,149,Maruti,Innova,2020,MH88AB8146,UberPool,Car,2,2025-07-14 17:15:09
70,151,Royal Enfield,Pulsar,2017,MH33AB3046,UberBlack,Bike,2,2023-01-03 10:22:57
71,152,Hyundai,Dzire,2018,MH91AB5831,UberPool,Car,1,2024-05-12 22:23:41
72,153,Royal Enfield,Apache,2022,MH59AB5973,UberBlack,Bike,2,2023-07-20 04:38:21
73,155,TVS,Apache,2018,MH86AB8161,UberPool,Bike,2,2023-06-29 11:45:18
74,159,Maruti,Dzire,2023,MH38AB6120,UberX,Car,4,2025-07-26 17:31:47
75,162,Toyota,Innova,2020,MH54AB4574,UberX,Car,2,2023-09-13 07:53:14
76,164,Piaggio,RE,2015,MH41AB7461,UberX,Auto,6,2024-01-09 14:16:08
77,166,Maruti,Swift,2022,MH40AB3345,UberBlack,Car,4,2023-06-29 02:50:13
78,167,Bajaj,Classic 350,2019,MH78AB9938,UberBlack,Bike,2,2023-11-12 01:44:59
79,168,Honda,Innova,2023,MH51AB6263,UberBlack,Car,3,2023-05-16 18:55:17
80,169,Toyota,i20,2019,MH31AB6673,UberX,Car,6,2025-04-26 10:08:56
81,175,Hero,Classic 350,2016,MH74AB6368,UberPool,Bike,2,2023-01-23 14:52:49
82,179,Honda,Splendor,2022,MH18AB1896,UberPool,Bike,2,2022-09-03 20:22:59
83,183,Honda,Ertiga,2015,MH56AB6054,UberBlack,Car,1,2024-03-08 06:02:21
84,186,Royal Enfield,Classic 350,2019,MH44AB8726,UberX,Bike,2,2024-02-29 20:33:44
85,187,Bajaj,Apache,2017,MH48AB8182,UberBlack,Bike,2,2024-11-23 19:02:38
86,189,Piaggio,Ape,2019,MH24AB8557,UberX,Auto,3,2025-07-22 20:10:52
87,192,TVS,Ape,2022,MH35AB5259,UberPool,Auto,5,2025-02-23 06:40:38
88,193,Maruti,Innova,2018,MH72AB9364,UberBlack,Car,1,2023-01-20 22:48:48
89,194,Toyota,Swift,2023,MH37AB7902,UberX,Car,1,2022-11-23 08:33:20
90,195,Bajaj,RE,2023,MH86AB3985,UberPool,Auto,1,2025-03-11 23:54:24
91,196,TVS,Ape,2023,MH32AB2119,UberPool,Auto,2,2024-11-08 22:57:39
92,199,Honda,Classic 350,2018,MH11AB5673,UberBlack,Bike,2,2023-08-03 14:04:39
93,201,Bajaj,Apache,2016,MH50AB3974,UberX,Bike,2,2023-02-11 09:43:24
94,202,TVS,Classic 350,2020,MH94AB4484,UberPool,Bike,2,2022-10-11 22:55:38
95,208,Bajaj,King,2023,MH16AB2663,UberBlack,Auto,5,2023-07-24 15:57:21
96,209,Hyundai,WagonR,2022,MH34AB5792,UberPool,Car,4,2022-10-28 00:07:02
97,211,Hero,Classic 350,2022,MH58AB3663,UberBlack,Bike,2,2025-07-04 16:12:14
98,212,Honda,Splendor,2019,MH38AB4439,UberPool,Bike,2,2024-02-10 16:41:06
99,213,Honda,i20,2019,MH58AB8045,UberPool,Car,3,2023-03-24 22:12:24
100,215,Honda,i20,2015,MH98AB1605,UberX,Car,1,2024-07-08 03:21:27
101,217,Piaggio,Ape,2020,MH71AB4733,UberBlack,Auto,1,2022-09-06 03:32:19
102,219,Bajaj,Ape,2020,MH30AB2559,UberBlack,Auto,1,2023-06-15 18:21:04
103,220,Piaggio,King,2023,MH47AB5710,UberX,Auto,6,2023-09-01 11:35:48
104,221,Royal Enfield,Apache,2023,MH76AB5874,UberBlack,Bike,2,2023-09-06 12:38:34
105,222,Piaggio,Ape,2022,MH84AB7073,UberPool,Auto,2,2022-11-21 23:10:38
106,224,TVS,King,2020,MH91AB6710,UberBlack,Auto,2,2024-11-13 05:50:34
107,226,Piaggio,RE,2015,MH32AB3350,UberX,Auto,4,2025-04-22 08:37:20
108,231,Piaggio,King,2023,MH87AB2212,UberX,Auto,3,2023-10-04 13:51:38
109,232,Piaggio,RE,2022,MH20AB8571,UberX,Auto,3,2023-11-24 01:30:26
110,234,Piaggio,King,2019,MH52AB2620,UberPool,Auto,2,2022-11-01 08:03:45
111,237,Royal Enfield,Pulsar,2023,MH60AB9574,UberX,Bike,2,2023-11-15 03:20:50
112,239,Toyota,Ertiga,2018,MH91AB1486,UberX,Car,5,2023-06-27 23:53:58
113,241,TVS,King,2023,MH24AB2342,UberBlack,Auto,2,2024-10-06 00:39:24
114,242,TVS,Ape,2016,MH45AB6514,UberBlack,Auto,1,2025-08-02 14:11:31
115,243,Honda,Ertiga,2017,MH23AB8295,UberPool,Car,5,2022-08-16 16:31:03
116,244,Hyundai,Innova,2017,MH81AB7966,UberPool,Car,5,2024-09-14 22:09:13
117,245,Toyota,Innova,2016,MH90AB6129,UberBlack,Car,5,2024-02-07 11:41:10
118,246,Bajaj,Ape,2022,MH11AB6216,UberX,Auto,2,2024-02-14 03:39:50
119,247,TVS,RE,2016,MH25AB4950,UberBlack,Auto,1,2023-10-03 18:05:15
120,248,Toyota,i20,2017,MH83AB8771,UberPool,Car,2,2022-09-30 03:14:28
121,249,TVS,King,2016,MH41AB7989,UberX,Auto,5,2024-01-03 23:13:32
122,250,Honda,Innova,2023,MH22AB9229,UberBlack,Car,1,2025-04-10 00:01:43
123,253,Hyundai,Innova,2015,MH27AB5904,UberX,Car,6,2025-04-25 10:43:34
124,256,Bajaj,Classic 350,2016,MH53AB9698,UberPool,Bike,2,2024-02-18 15:23:52
125,258,Tata,WagonR,2017,MH66AB2292,UberX,Car,6,2025-06-09 10:10:14
126,259,Honda,Activa,2021,MH82AB5019,UberX,Bike,2,2025-04-06 07:54:37
127,260,Bajaj,Activa,2015,MH10AB6470,UberBlack,Bike,2,2023-12-12 17:14:21
128,262,Royal Enfield,Splendor,2020,MH91AB5782,UberPool,Bike,2,2024-12-17 04:57:14
129,264,Bajaj,RE,2020,MH59AB7153,UberX,Auto,5,2024-03-10 09:44:22
130,266,Honda,Pulsar,2020,MH54AB2895,UberX,Bike,2,2023-11-21 04:32:09
131,267,TVS,Pulsar,2021,MH96AB1697,UberBlack,Bike,2,2023-09-21 11:42:49
132,270,Honda,Dzire,2022,MH72AB3977,UberPool,Car,1,2023-12-09 18:29:01
133,272,Honda,i20,2021,MH93AB7196,UberPool,Car,1,2023-03-16 17:51:49
134,277,Bajaj,Apache,2017,MH76AB2346,UberPool,Bike,2,2024-04-18 20:09:22
135,278,TVS,Splendor,2021,MH19AB1572,UberX,Bike,2,2023-10-22 14:39:59
136,280,Piaggio,King,2020,MH91AB4354,UberPool,Auto,5,2024-04-04 13:02:02
137,282,TVS,King,2019,MH15AB7116,UberX,Auto,1,2024-02-23 12:50:47
138,283,Honda,i20,2015,MH27AB9034,UberX,Car,1,2022-09-12 01:28:50
139,284,Bajaj,Classic 350,2021,MH36AB7917,UberX,Bike,2,2024-08-12 01:59:43
140,293,Bajaj,King,2019,MH96AB5433,UberPool,Auto,1,2023-04-18 00:28:52
141,295,Piaggio,RE,2020,MH37AB1354,UberBlack,Auto,4,2023-06-22 16:02:20
142,298,Bajaj,King,2022,MH61AB5261,UberBlack,Auto,6,2022-12-24 20:27:57
143,300,Piaggio,Ape,2015,MH82AB3845,UberX,Auto,5,2025-06-08 23:48:49
144,303,TVS,Ape,2023,MH68AB5417,UberPool,Auto,3,2023-08-28 04:20:02
145,306,Toyota,Innova,2023,MH68AB3224,UberPool,Car,1,2023-10-02 19:03:10
146,308,TVS,Pulsar,2015,MH92AB7960,UberBlack,Bike,2,2023-01-19 21:15:04
147,309,Bajaj,RE,2021,MH44AB1575,UberX,Auto,3,2025-03-13 15:44:59
148,311,Honda,i20,2023,MH18AB9310,UberPool,Car,2,2023-01-04 22:55:04
149,314,TVS,King,2020,MH75AB4644,UberBlack,Auto,2,2025-05-19 07:38:11
150,315,Tata,Innova,2022,MH67AB1228,UberPool,Car,1,2024-06-11 08:38:00
151,316,Maruti,i20,2015,MH89AB2846,UberPool,Car,2,2023-03-29 17:18:54
152,317,Piaggio,King,2015,MH33AB9928,UberX,Auto,4,2024-12-25 16:03:33
153,319,Hyundai,Innova,2017,MH15AB5292,UberX,Car,6,2024-10-13 00:17:12
154,321,Toyota,Swift,2015,MH93AB6834,UberPool,Car,4,2023-11-11 04:04:07
155,323,Maruti,Innova,2019,MH18AB1322,UberX,Car,6,2023-10-05 02:21:27
156,324,TVS,Ape,2019,MH22AB4524,UberX,Auto,3,2024-11-18 03:54:51
157,325,Bajaj,Activa,2016,MH17AB8908,UberBlack,Bike,2,2023-07-13 05:07:35
158,326,TVS,RE,2017,MH28AB5539,UberBlack,Auto,4,2024-03-04 02:07:36
159,327,Honda,Ertiga,2023,MH70AB3474,UberBlack,Car,4,2024-09-02 19:15:24
160,331,Honda,Classic 350,2018,MH33AB3907,UberPool,Bike,2,2024-01-09 05:21:41
161,333,Tata,Innova,2017,MH33AB5745,UberX,Car,3,2023-07-13 03:20:54
162,335,Piaggio,Ape,2018,MH32AB7868,UberX,Auto,1,2025-07-22 16:35:12
163,336,Piaggio,RE,2015,MH34AB6004,UberPool,Auto,5,2022-11-15 15:55:44
164,337,Hero,Classic 350,2018,MH16AB8780,UberX,Bike,2,2023-11-13 06:09:12
165,338,Honda,WagonR,2022,MH98AB3782,UberX,Car,2,2024-12-12 00:19:27
166,339,Maruti,i20,2020,MH40AB7404,UberPool,Car,6,2022-08-12 07:25:43
167,340,Maruti,i20,2020,MH35AB7705,UberBlack,Car,5,2024-10-29 12:52:48
168,341,Maruti,Innova,2022,MH70AB6128,UberX,Car,1,2023-01-04 17:00:30
169,342,Tata,Dzire,2017,MH52AB1201,UberX,Car,4,2022-10-23 01:12:33
170,348,Honda,WagonR,2016,MH34AB1567,UberBlack,Car,4,2023-04-10 23:07:47
171,349,Toyota,Swift,2016,MH36AB9856,UberPool,Car,5,2024-04-19 17:39:12
172,356,Honda,WagonR,2016,MH93AB7387,UberPool,Car,2,2023-02-22 12:00:56
173,357,Maruti,Swift,2019,MH50AB5576,UberBlack,Car,4,2023-08-03 12:16:30
174,359,Tata,Swift,2017,MH80AB2120,UberPool,Car,1,2025-04-26 02:26:58
175,360,TVS,Apache,2018,MH62AB1881,UberX,Bike,2,2023-07-28 21:41:03
176,361,Hyundai,Innova,2017,MH33AB6907,UberX,Car,1,2023-06-24 07:50:42
177,363,TVS,RE,2017,MH53AB3966,UberX,Auto,5,2023-03-13 13:33:58
178,365,Hero,Pulsar,2015,MH84AB5449,UberPool,Bike,2,2025-03-23 00:12:31
179,368,TVS,King,2017,MH58AB1370,UberX,Auto,6,2024-04-30 15:47:11
180,370,Tata,Ertiga,2020,MH50AB2546,UberX,Car,2,2022-12-11 22:07:06
181,372,Royal Enfield,Splendor,2022,MH87AB5916,UberBlack,Bike,2,2025-02-11 23:51:17
182,373,Bajaj,Ape,2017,MH44AB6651,UberBlack,Auto,3,2023-08-18 14:57:55
183,374,Piaggio,King,2016,MH58AB1607,UberX,Auto,1,2022-09-05 23:40:31
184,382,Honda,Ertiga,2016,MH50AB9798,UberBlack,Car,1,2022-08-19 06:18:24
185,383,Tata,i20,2021,MH99AB5678,UberBlack,Car,5,2023-02-26 02:58:57
186,385,TVS,King,2022,MH81AB8011,UberBlack,Auto,6,2022-10-10 12:57:37
187,386,Bajaj,Pulsar,2022,MH58AB1963,UberX,Bike,2,2024-06-27 14:36:09
188,391,Piaggio,King,2019,MH68AB5240,UberX,Auto,5,2025-03-14 15:47:30
189,394,Bajaj,King,2023,MH21AB2794,UberBlack,Auto,1,2022-08-18 22:41:30
190,396,TVS,Activa,2017,MH20AB8162,UberPool,Bike,2,2024-03-29 22:01:53
191,397,Maruti,WagonR,2023,MH35AB7439,UberBlack,Car,6,2023-11-04 03:11:27
192,398,Bajaj,RE,2020,MH39AB5564,UberBlack,Auto,3,2024-06-27 15:25:55
193,401,TVS,King,2022,MH15AB9260,UberX,Auto,1,2023-06-23 05:36:15
194,402,Honda,i20,2021,MH50AB5494,UberPool,Car,2,2025-02-28 21:04:20
195,406,Maruti,Dzire,2016,MH31AB4265,UberBlack,Car,6,2023-12-13 03:04:44
196,407,Bajaj,Splendor,2020,MH52AB1024,UberX,Bike,2,2024-11-03 23:02:19
197,409,Maruti,Swift,2015,MH12AB9987,UberBlack,Car,4,2022-09-29 21:17:37
198,411,Hyundai,Ertiga,2021,MH68AB4920,UberBlack,Car,1,2022-09-10 15:54:11
199,412,Bajaj,RE,2023,MH76AB2474,UberX,Auto,3,2024-11-27 17:05:12
200,414,Tata,Swift,2015,MH84AB2512,UberPool,Car,5,2025-07-01 07:13:41
201,415,Piaggio,RE,2018,MH27AB9101,UberX,Auto,4,2023-01-05 20:22:39
202,416,Piaggio,Ape,2023,MH83AB8533,UberBlack,Auto,6,2024-08-11 21:57:36
203,419,Bajaj,King,2015,MH79AB6518,UberPool,Auto,5,2023-09-19 21:18:20
204,422,Honda,WagonR,2022,MH43AB7365,UberX,Car,1,2023-11-22 09:23:19
205,424,Maruti,i20,2023,MH45AB4590,UberX,Car,4,2022-11-23 05:37:25
206,425,Maruti,Ertiga,2018,MH67AB2351,UberX,Car,5,2022-12-24 00:18:12
207,428,Hyundai,Swift,2023,MH92AB7051,UberBlack,Car,3,2024-07-29 18:50:42
208,431,Honda,Pulsar,2019,MH29AB1297,UberX,Bike,2,2022-10-08 22:06:09
209,433,TVS,Ape,2015,MH18AB6947,UberX,Auto,3,2024-07-30 07:21:34
210,435,Hyundai,WagonR,2021,MH13AB8315,UberPool,Car,4,2023-04-05 22:08:05
211,437,Piaggio,Ape,2019,MH46AB5478,UberPool,Auto,4,2023-08-14 22:32:47
212,438,Bajaj,Splendor,2016,MH17AB3260,UberPool,Bike,2,2022-09-11 00:03:16
213,439,Piaggio,RE,2017,MH79AB2500,UberBlack,Auto,5,2024-11-24 05:51:28
214,444,Toyota,Ertiga,2018,MH75AB8319,UberBlack,Car,3,2025-02-16 13:58:34
215,445,Toyota,WagonR,2017,MH14AB9697,UberPool,Car,5,2023-11-06 15:07:38
216,446,Tata,Innova,2020,MH27AB8660,UberX,Car,3,2024-04-22 06:23:45
217,447,Bajaj,King,2019,MH30AB4641,UberPool,Auto,4,2024-04-26 10:09:43
218,448,Maruti,Innova,2016,MH30AB2551,UberBlack,Car,2,2024-06-14 00:40:16
219,449,Piaggio,King,2016,MH80AB2903,UberBlack,Auto,4,2023-04-05 05:42:02
220,450,Toyota,Ertiga,2020,MH54AB1293,UberPool,Car,6,2025-03-25 16:05:36
221,451,Hero,Splendor,2015,MH69AB3832,UberX,Bike,2,2024-10-10 20:17:31
222,452,Hyundai,WagonR,2021,MH13AB1881,UberX,Car,2,2022-11-26 06:44:00
223,453,Bajaj,Ape,2017,MH68AB2419,UberX,Auto,1,2025-02-02 17:04:08
224,455,Piaggio,RE,2018,MH26AB7999,UberX,Auto,3,2025-02-13 00:10:15
225,456,Toyota,Swift,2019,MH78AB7131,UberX,Car,4,2024-07-21 18:58:09
226,457,TVS,King,2020,MH38AB5236,UberPool,Auto,4,2024-10-07 18:34:22
227,458,Bajaj,King,2017,MH28AB8205,UberPool,Auto,2,2024-10-19 10:14:28
228,461,TVS,King,2015,MH23AB2443,UberPool,Auto,2,2023-05-25 22:57:54
229,462,Hyundai,WagonR,2018,MH49AB9057,UberX,Car,3,2024-01-24 15:06:12
230,463,Hyundai,i20,2021,MH20AB9047,UberPool,Car,5,2024-10-05 13:16:23
231,466,Toyota,Innova,2016,MH96AB3067,UberPool,Car,6,2025-04-25 16:19:01
232,467,Tata,WagonR,2015,MH75AB7422,UberPool,Car,6,2023-10-05 16:17:33
233,469,TVS,Classic 350,2017,MH26AB5522,UberX,Bike,2,2023-05-29 23:04:54
234,470,TVS,King,2023,MH66AB9366,UberPool,Auto,5,2023-10-07 07:41:48
235,474,Royal Enfield,Classic 350,2016,MH94AB3615,UberBlack,Bike,2,2025-04-15 21:41:59
236,478,Toyota,Innova,2015,MH14AB7763,UberX,Car,5,2022-12-27 16:33:01
237,479,Honda,Activa,2022,MH48AB3385,UberX,Bike,2,2024-08-03 17:46:16
238,480,Hyundai,Innova,2018,MH49AB1878,UberPool,Car,6,2024-06-08 01:44:31
239,482,Royal Enfield,Activa,2017,MH24AB3470,UberX,Bike,2,2024-01-20 19:17:13
240,485,Royal Enfield,Apache,2020,MH30AB6847,UberPool,Bike,2,2022-11-09 22:33:58
241,486,Bajaj,RE,2021,MH94AB5528,UberPool,Auto,6,2023-08-21 14:58:49
242,488,Maruti,Swift,2022,MH35AB9957,UberBlack,Car,1,2024-06-03 07:25:54
243,489,Bajaj,King,2018,MH10AB8029,UberX,Auto,3,2022-08-29 16:39:02
244,491,Hyundai,Ertiga,2019,MH74AB9236,UberX,Car,6,2023-04-20 05:16:11
245,493,Honda,i20,2019,MH85AB7877,UberBlack,Car,1,2025-02-22 08:17:18
246,494,Royal Enfield,Apache,2015,MH54AB2611,UberX,Bike,2,2022-12-07 23:40:33
247,495,Toyota,Swift,2017,MH57AB6095,UberX,Car,6,2025-02-27 19:42:23
248,496,TVS,RE,2017,MH41AB1480,UberX,Auto,6,2023-07-06 00:25:02
249,497,Hero,Apache,2023,MH64AB1068,UberX,Bike,2,2022-09-07 10:38:50
250,499,Bajaj,Splendor,2023,MH59AB1866,UberX,Bike,2,2024-01-28 14:20:24
251,500,Toyota,Swift,2018,MH23AB8319,UberBlack,Car,5,2025-06-17 22:29:03
252,501,Piaggio,RE,2016,MH21AB5522,UberX,Auto,1,2023-02-09 08:17:28
253,503,Hyundai,WagonR,2016,MH40AB2752,UberBlack,Car,4,2023-04-02 10:19:40
254,505,Bajaj,Ape,2022,MH93AB7798,UberX,Auto,6,2024-07-28 15:59:54
255,507,Tata,Dzire,2020,MH97AB1834,UberBlack,Car,5,2022-11-13 17:31:58
256,511,Hero,Activa,2019,MH91AB8645,UberBlack,Bike,2,2025-02-24 23:35:34
257,512,TVS,Splendor,2016,MH19AB4375,UberPool,Bike,2,2024-11-05 14:18:47
258,514,Bajaj,Apache,2023,MH31AB2955,UberX,Bike,2,2022-12-04 04:06:37
259,517,Bajaj,Activa,2023,MH96AB8268,UberBlack,Bike,2,2022-11-06 08:09:22
260,518,Bajaj,King,2017,MH69AB1921,UberBlack,Auto,2,2025-01-30 16:10:39
261,519,Hero,Classic 350,2016,MH64AB1450,UberBlack,Bike,2,2024-10-13 14:01:59
262,520,Piaggio,RE,2022,MH29AB3126,UberX,Auto,6,2023-09-16 23:59:33
263,524,Piaggio,Ape,2021,MH42AB8882,UberPool,Auto,1,2023-09-20 08:46:27
264,525,Bajaj,King,2020,MH39AB1660,UberPool,Auto,4,2024-04-28 21:15:18
265,526,Bajaj,RE,2017,MH46AB9962,UberX,Auto,6,2023-12-11 04:59:08
266,528,Piaggio,Ape,2020,MH55AB8627,UberBlack,Auto,1,2023-03-03 04:58:25
267,529,Toyota,Ertiga,2019,MH95AB5803,UberX,Car,2,2023-11-20 13:43:39
268,531,Tata,Dzire,2017,MH25AB7401,UberBlack,Car,1,2025-04-15 01:28:22
269,532,Honda,Classic 350,2023,MH55AB8469,UberPool,Bike,2,2024-11-03 05:41:32
270,534,Royal Enfield,Splendor,2021,MH66AB6841,UberX,Bike,2,2024-12-21 14:45:07
271,535,Honda,Splendor,2018,MH83AB6974,UberBlack,Bike,2,2023-02-26 10:59:11
272,538,Bajaj,RE,2020,MH17AB2891,UberPool,Auto,3,2024-05-28 19:58:05
273,541,Tata,Swift,2015,MH71AB1158,UberX,Car,2,2024-02-06 15:48:06
274,542,Hero,Activa,2019,MH30AB5621,UberX,Bike,2,2023-03-02 08:19:55
275,545,Piaggio,Ape,2016,MH89AB9817,UberX,Auto,5,2023-06-12 19:02:17
276,548,Hyundai,i20,2019,MH74AB2080,UberX,Car,1,2023-10-14 06:00:23
277,549,Hyundai,Swift,2021,MH86AB2222,UberX,Car,3,2023-07-03 05:02:57
278,550,Maruti,Dzire,2016,MH57AB2167,UberPool,Car,4,2022-11-03 10:52:48
279,551,TVS,Ape,2023,MH59AB5764,UberPool,Auto,6,2023-11-24 11:24:14
280,552,Toyota,Ertiga,2020,MH39AB6076,UberBlack,Car,1,2022-10-10 21:07:23
281,554,Maruti,Innova,2015,MH25AB5524,UberPool,Car,4,2024-03-25 09:41:40
282,557,Bajaj,Classic 350,2023,MH84AB7954,UberX,Bike,2,2023-07-11 23:45:59
283,562,Royal Enfield,Pulsar,2023,MH53AB6258,UberBlack,Bike,2,2023-02-19 03:59:16
284,565,Toyota,i20,2016,MH67AB9072,UberPool,Car,1,2024-01-27 12:10:31
285,568,Toyota,i20,2020,MH82AB9155,UberBlack,Car,1,2025-06-19 17:35:56
286,569,TVS,Apache,2017,MH58AB1747,UberBlack,Bike,2,2023-03-18 06:56:24
287,572,TVS,RE,2018,MH59AB1309,UberX,Auto,3,2024-12-28 02:37:25
288,574,Royal Enfield,Apache,2019,MH64AB8578,UberPool,Bike,2,2024-03-03 01:39:25
289,575,Maruti,Innova,2016,MH66AB2667,UberX,Car,4,2024-03-24 17:29:19
290,578,Maruti,i20,2022,MH25AB6925,UberPool,Car,3,2025-02-10 19:33:49
291,580,TVS,Ape,2018,MH71AB2002,UberX,Auto,1,2022-12-16 18:39:28
292,581,TVS,Apache,2018,MH77AB1261,UberX,Bike,2,2022-08-27 12:41:03
293,582,TVS,Splendor,2019,MH74AB6313,UberBlack,Bike,2,2023-06-05 14:54:49
294,584,Bajaj,Classic 350,2015,MH30AB3830,UberPool,Bike,2,2024-02-29 04:43:52
295,587,Royal Enfield,Activa,2021,MH28AB8387,UberX,Bike,2,2023-04-10 13:14:36
296,588,Piaggio,King,2015,MH67AB7825,UberPool,Auto,3,2023-10-23 00:27:14
297,589,Maruti,WagonR,2021,MH97AB4389,UberX,Car,4,2025-06-05 22:28:57
298,592,Toyota,Innova,2018,MH80AB7568,UberPool,Car,4,2023-01-11 17:24:03
299,593,Bajaj,King,2017,MH37AB9667,UberPool,Auto,6,2024-02-27 09:55:57
300,594,TVS,Ape,2015,MH62AB1494,UberPool,Auto,5,2023-10-19 13:01:30
301,595,TVS,Ape,2018,MH32AB1942,UberBlack,Auto,3,2023-11-05 15:42:33
302,596,Bajaj,Apache,2015,MH54AB1416,UberBlack,Bike,2,2024-07-09 23:47:04
303,597,Piaggio,RE,2022,MH35AB7850,UberBlack,Auto,1,2025-03-26 15:36:30
304,598,Honda,Classic 350,2021,MH42AB1144,UberPool,Bike,2,2025-08-04 05:19:33
305,599,Hyundai,WagonR,2022,MH17AB8760,UberBlack,Car,5,2025-01-14 01:20:12
306,605,Royal Enfield,Apache,2020,MH42AB3601,UberPool,Bike,2,2024-01-05 18:40:39
307,606,Honda,Ertiga,2015,MH40AB9633,UberPool,Car,2,2024-10-21 23:25:01
308,607,Tata,Dzire,2021,MH26AB8461,UberBlack,Car,2,2022-11-23 13:07:17
309,608,Maruti,Ertiga,2017,MH32AB3412,UberPool,Car,1,2025-07-24 13:39:41
310,609,Maruti,WagonR,2020,MH93AB9029,UberPool,Car,5,2024-11-25 12:40:16
311,612,Tata,Swift,2021,MH31AB1937,UberPool,Car,2,2023-12-12 19:44:10
312,614,Piaggio,King,2016,MH46AB5394,UberBlack,Auto,4,2025-07-20 05:09:40
313,615,Piaggio,RE,2015,MH57AB3879,UberX,Auto,4,2022-08-14 21:56:54
314,618,Bajaj,RE,2017,MH33AB1484,UberX,Auto,6,2023-01-30 16:09:59
315,620,Honda,Activa,2015,MH22AB5360,UberX,Bike,2,2023-04-16 12:26:06
316,621,TVS,King,2022,MH19AB1992,UberPool,Auto,5,2022-09-04 20:59:23
317,623,Maruti,WagonR,2022,MH12AB4539,UberX,Car,4,2024-10-28 13:43:25
318,627,Tata,Swift,2020,MH97AB1176,UberX,Car,3,2023-06-21 10:06:36
319,628,Bajaj,RE,2017,MH62AB8517,UberX,Auto,3,2024-10-12 17:57:32
320,629,Royal Enfield,Activa,2018,MH24AB8218,UberX,Bike,2,2025-01-17 01:19:23
321,630,TVS,King,2021,MH40AB1087,UberBlack,Auto,2,2023-04-28 03:58:21
322,634,Bajaj,Ape,2021,MH51AB5261,UberX,Auto,2,2023-01-04 12:46:48
323,635,Honda,Activa,2023,MH51AB2781,UberBlack,Bike,2,2022-11-19 10:24:04
324,636,Bajaj,Ape,2018,MH26AB8569,UberBlack,Auto,2,2024-05-03 23:05:25
325,637,Bajaj,Activa,2016,MH30AB2931,UberPool,Bike,2,2023-06-04 14:46:21
326,639,Hyundai,Ertiga,2015,MH48AB8032,UberX,Car,2,2023-09-24 21:41:34
327,640,Royal Enfield,Classic 350,2021,MH92AB6425,UberX,Bike,2,2024-09-11 19:10:28
328,641,Bajaj,Activa,2019,MH55AB4365,UberBlack,Bike,2,2022-08-29 10:34:56
329,642,TVS,Activa,2020,MH12AB8416,UberBlack,Bike,2,2023-02-04 22:09:03
330,647,Honda,i20,2021,MH48AB1045,UberPool,Car,6,2024-04-15 19:21:18
331,648,TVS,Classic 350,2015,MH31AB1730,UberBlack,Bike,2,2024-02-22 18:37:32
332,650,Maruti,i20,2017,MH86AB1761,UberX,Car,2,2023-08-30 13:29:53
333,653,Hyundai,Innova,2018,MH89AB1533,UberPool,Car,3,2023-02-08 07:19:52
334,654,Piaggio,RE,2018,MH32AB3570,UberPool,Auto,2,2024-10-27 07:33:58
335,655,Toyota,Dzire,2015,MH31AB5008,UberPool,Car,1,2023-08-10 16:28:43
336,656,Toyota,Innova,2020,MH54AB1972,UberX,Car,5,2025-06-14 21:31:41
337,657,Bajaj,King,2019,MH52AB1547,UberX,Auto,4,2025-04-18 03:42:26
338,658,Piaggio,Ape,2023,MH46AB4410,UberBlack,Auto,2,2025-06-23 12:20:28
339,659,Toyota,Dzire,2019,MH41AB7457,UberX,Car,5,2024-10-13 02:02:08
340,660,Bajaj,Splendor,2023,MH13AB6682,UberBlack,Bike,2,2023-10-02 15:35:56
341,661,Piaggio,Ape,2018,MH25AB3069,UberPool,Auto,3,2023-02-26 19:51:40
342,662,Toyota,i20,2015,MH66AB6461,UberBlack,Car,4,2025-03-14 03:13:56
343,663,Honda,Activa,2017,MH17AB2931,UberX,Bike,2,2025-07-01 09:16:37
344,666,Tata,WagonR,2018,MH19AB8882,UberPool,Car,3,2025-06-24 11:22:54
345,667,TVS,King,2017,MH18AB1243,UberPool,Auto,2,2023-06-30 02:04:50
346,669,TVS,Ape,2016,MH82AB4328,UberPool,Auto,3,2025-04-05 11:16:39
347,674,Bajaj,Ape,2017,MH33AB7480,UberPool,Auto,1,2024-05-15 19:09:27
348,680,Bajaj,RE,2022,MH57AB4803,UberBlack,Auto,4,2023-07-02 06:39:31
349,681,Tata,Innova,2022,MH50AB3476,UberBlack,Car,5,2022-12-30 09:00:47
350,682,TVS,King,2021,MH23AB3324,UberBlack,Auto,1,2024-08-11 04:18:34
351,685,TVS,RE,2022,MH39AB1433,UberX,Auto,5,2025-05-31 03:11:59
352,686,Bajaj,Ape,2023,MH44AB6167,UberX,Auto,3,2024-04-28 04:22:31
353,689,Toyota,Dzire,2016,MH18AB6797,UberBlack,Car,2,2025-05-08 10:27:13
354,691,TVS,Splendor,2020,MH22AB5438,UberX,Bike,2,2022-12-20 00:25:05
355,693,Bajaj,RE,2016,MH48AB4895,UberBlack,Auto,1,2025-01-03 17:50:32
356,696,TVS,King,2022,MH91AB3288,UberPool,Auto,4,2024-08-13 08:36:49
357,698,Bajaj,King,2019,MH26AB3512,UberX,Auto,5,2023-07-09 03:47:43
358,699,Bajaj,Ape,2019,MH90AB6264,UberBlack,Auto,5,2022-08-21 19:54:18
359,702,Honda,Dzire,2015,MH48AB9892,UberPool,Car,4,2023-01-25 13:51:39
360,704,Tata,WagonR,2021,MH83AB4248,UberX,Car,2,2023-11-21 18:13:57
361,705,Honda,i20,2023,MH65AB6804,UberX,Car,3,2025-04-26 23:53:50
362,706,Bajaj,RE,2020,MH69AB9894,UberBlack,Auto,3,2022-11-22 11:29:05
363,710,TVS,Splendor,2023,MH52AB9248,UberPool,Bike,2,2022-12-29 12:07:24
364,711,Piaggio,Ape,2018,MH79AB3814,UberPool,Auto,6,2022-12-31 16:15:10
365,715,Royal Enfield,Pulsar,2021,MH32AB1294,UberBlack,Bike,2,2022-10-14 18:11:24
366,718,TVS,King,2022,MH26AB3757,UberPool,Auto,3,2025-03-26 06:13:29
367,721,Hyundai,Ertiga,2020,MH20AB7419,UberX,Car,5,2023-11-06 01:46:51
368,722,Toyota,Dzire,2020,MH11AB2741,UberBlack,Car,2,2025-06-14 00:13:51
369,724,Royal Enfield,Pulsar,2019,MH67AB3819,UberBlack,Bike,2,2025-02-14 05:27:13
370,731,Bajaj,Activa,2019,MH33AB1208,UberX,Bike,2,2024-09-23 19:10:45
371,735,Toyota,Dzire,2019,MH21AB5709,UberBlack,Car,5,2025-01-10 21:18:20
372,736,Honda,Swift,2015,MH87AB7840,UberPool,Car,2,2025-03-20 11:33:40
373,737,TVS,RE,2017,MH62AB7529,UberX,Auto,3,2022-08-16 07:51:02
374,739,Hero,Activa,2020,MH65AB4181,UberX,Bike,2,2025-06-06 11:26:20
375,740,Tata,Innova,2015,MH12AB4794,UberBlack,Car,1,2023-12-31 05:14:19
376,741,Maruti,i20,2018,MH41AB7074,UberX,Car,5,2024-05-06 02:13:51
377,742,Bajaj,RE,2017,MH48AB8596,UberX,Auto,1,2024-08-08 22:43:19
378,743,Bajaj,King,2015,MH98AB1766,UberPool,Auto,1,2025-02-27 03:13:42
379,747,Bajaj,King,2022,MH94AB1610,UberPool,Auto,4,2024-12-04 05:11:20
380,751,Royal Enfield,Splendor,2021,MH17AB8766,UberPool,Bike,2,2024-01-08 21:29:56
381,754,Tata,Innova,2018,MH77AB6799,UberX,Car,1,2024-09-26 20:24:31
382,757,TVS,RE,2022,MH32AB4274,UberPool,Auto,4,2024-05-04 20:21:04
383,758,Tata,WagonR,2017,MH38AB2823,UberX,Car,2,2023-09-12 11:06:49
384,759,Hero,Splendor,2019,MH46AB2526,UberPool,Bike,2,2025-07-06 22:01:46
385,764,Bajaj,Pulsar,2016,MH59AB6717,UberPool,Bike,2,2025-03-02 23:13:58
386,765,Hero,Pulsar,2022,MH32AB8600,UberPool,Bike,2,2022-11-05 10:01:09
387,769,TVS,Ape,2020,MH71AB7884,UberX,Auto,4,2024-09-17 04:04:44
388,770,Bajaj,King,2019,MH33AB1737,UberPool,Auto,4,2025-03-24 03:05:35
389,771,Tata,Innova,2020,MH22AB9382,UberBlack,Car,4,2024-04-02 18:50:37
390,773,Maruti,WagonR,2018,MH32AB5911,UberBlack,Car,2,2023-02-05 03:47:33
391,775,Toyota,Innova,2023,MH38AB8295,UberPool,Car,3,2024-11-16 20:40:29
392,778,Hero,Classic 350,2017,MH38AB5401,UberPool,Bike,2,2023-11-28 00:51:31
393,781,TVS,Pulsar,2023,MH59AB5186,UberPool,Bike,2,2022-10-25 14:43:56
394,783,Bajaj,RE,2020,MH47AB9782,UberPool,Auto,6,2023-09-29 14:11:12
395,785,Tata,Dzire,2021,MH81AB1679,UberPool,Car,6,2023-05-21 05:30:35
396,786,Bajaj,Pulsar,2023,MH65AB5361,UberX,Bike,2,2025-05-06 09:48:13
397,787,Bajaj,RE,2020,MH39AB9206,UberPool,Auto,6,2023-01-06 10:52:44
398,788,Royal Enfield,Apache,2017,MH21AB7403,UberBlack,Bike,2,2022-12-26 13:34:31
399,789,Bajaj,Apache,2015,MH14AB4610,UberPool,Bike,2,2024-05-15 01:47:00
400,791,Bajaj,King,2021,MH16AB5992,UberPool,Auto,6,2023-06-27 08:57:56
401,793,TVS,Ape,2016,MH47AB4639,UberPool,Auto,5,2023-07-09 15:56:34
402,794,TVS,King,2018,MH68AB1839,UberPool,Auto,6,2023-10-04 05:58:03
403,800,Hero,Activa,2022,MH93AB6757,UberPool,Bike,2,2025-05-29 12:01:13
404,801,Royal Enfield,Classic 350,2017,MH96AB7352,UberX,Bike,2,2022-11-04 15:17:23
405,802,Honda,Splendor,2020,MH94AB5864,UberBlack,Bike,2,2023-02-11 17:46:56
406,804,Honda,Innova,2023,MH87AB1549,UberX,Car,2,2024-06-05 01:25:08
407,806,Royal Enfield,Pulsar,2016,MH11AB9470,UberPool,Bike,2,2024-04-15 13:34:56
408,807,Hero,Classic 350,2023,MH59AB1334,UberPool,Bike,2,2023-08-25 18:10:37
409,808,Hyundai,WagonR,2021,MH14AB6528,UberX,Car,2,2023-07-06 23:45:41
410,809,Bajaj,King,2019,MH64AB9342,UberX,Auto,2,2023-01-01 19:34:26
411,811,Tata,WagonR,2022,MH95AB4456,UberX,Car,4,2023-07-28 06:31:23
412,812,Hero,Activa,2017,MH33AB4004,UberPool,Bike,2,2025-02-20 10:17:14
413,813,Royal Enfield,Activa,2019,MH20AB1264,UberBlack,Bike,2,2023-06-25 13:47:16
414,814,Honda,Activa,2021,MH52AB4572,UberBlack,Bike,2,2023-07-13 12:31:19
415,816,Honda,Splendor,2021,MH70AB4362,UberBlack,Bike,2,2024-08-11 15:34:38
416,818,Bajaj,Apache,2017,MH99AB9438,UberBlack,Bike,2,2023-06-02 12:10:00
417,819,Piaggio,King,2021,MH13AB6159,UberBlack,Auto,3,2024-04-21 00:47:37
418,820,Hyundai,i20,2017,MH27AB2932,UberBlack,Car,4,2022-12-01 08:22:21
419,821,Hyundai,Ertiga,2023,MH64AB2273,UberBlack,Car,4,2024-09-12 19:20:41
420,822,Piaggio,King,2015,MH62AB7402,UberX,Auto,2,2025-01-16 08:31:23
421,823,Maruti,WagonR,2017,MH83AB1242,UberPool,Car,2,2024-11-30 23:16:03
422,824,Piaggio,RE,2023,MH88AB2312,UberBlack,Auto,5,2023-11-03 05:04:29
423,826,Bajaj,King,2016,MH81AB3521,UberPool,Auto,6,2023-09-16 07:01:39
424,829,Bajaj,Pulsar,2022,MH21AB8496,UberBlack,Bike,2,2025-04-25 03:38:55
425,832,Honda,WagonR,2019,MH88AB5299,UberX,Car,4,2024-11-10 02:27:43
426,835,TVS,RE,2015,MH36AB9774,UberBlack,Auto,6,2025-01-23 21:50:09
427,836,Maruti,Ertiga,2018,MH51AB5955,UberBlack,Car,6,2025-02-28 03:08:30
428,838,Piaggio,RE,2016,MH46AB6878,UberBlack,Auto,5,2024-09-24 18:20:48
429,839,Royal Enfield,Splendor,2021,MH86AB3943,UberX,Bike,2,2023-06-16 08:36:47
430,842,TVS,Ape,2022,MH34AB1032,UberPool,Auto,3,2024-03-04 16:40:24
431,843,Piaggio,RE,2019,MH39AB9398,UberBlack,Auto,3,2024-11-24 20:09:29
432,845,Bajaj,RE,2017,MH98AB2234,UberPool,Auto,6,2024-09-03 14:03:06
433,847,Bajaj,King,2022,MH74AB1091,UberPool,Auto,6,2023-11-27 02:04:28
434,852,TVS,Pulsar,2016,MH53AB9645,UberBlack,Bike,2,2025-05-11 06:26:43
435,853,Maruti,WagonR,2019,MH84AB3325,UberBlack,Car,5,2023-09-26 16:48:47
436,855,Hyundai,Swift,2018,MH67AB1759,UberX,Car,4,2024-10-31 08:29:34
437,860,Honda,Dzire,2021,MH90AB5888,UberX,Car,4,2024-01-15 13:33:50
438,863,Toyota,Swift,2023,MH90AB9837,UberX,Car,5,2023-06-13 18:58:38
439,864,Bajaj,King,2017,MH61AB3461,UberBlack,Auto,2,2023-02-08 22:09:54
440,866,TVS,Ape,2017,MH93AB5849,UberPool,Auto,5,2023-03-08 21:00:54
441,867,Hero,Splendor,2022,MH28AB9459,UberBlack,Bike,2,2023-09-25 17:48:18
442,868,Piaggio,King,2017,MH92AB8650,UberBlack,Auto,3,2022-11-11 07:39:56
443,870,Maruti,WagonR,2023,MH10AB7930,UberBlack,Car,6,2024-09-16 05:51:11
444,874,Honda,WagonR,2016,MH31AB8737,UberPool,Car,4,2024-03-08 16:00:26
445,875,Maruti,i20,2015,MH77AB3186,UberX,Car,2,2025-03-25 10:56:24
446,876,Bajaj,King,2015,MH91AB3870,UberPool,Auto,2,2023-01-18 17:51:43
447,877,TVS,King,2019,MH37AB6342,UberBlack,Auto,4,2025-06-29 14:17:24
448,878,Piaggio,RE,2019,MH52AB9551,UberBlack,Auto,4,2024-05-15 12:40:14
449,879,Maruti,Dzire,2015,MH47AB3336,UberPool,Car,2,2023-11-01 21:08:28
450,883,TVS,RE,2021,MH86AB1304,UberBlack,Auto,1,2024-12-24 03:43:28
451,886,Toyota,WagonR,2020,MH41AB1146,UberX,Car,5,2025-04-25 23:47:12
452,887,Honda,Classic 350,2021,MH17AB5094,UberBlack,Bike,2,2025-06-26 02:02:54
453,888,Royal Enfield,Splendor,2017,MH47AB4969,UberPool,Bike,2,2025-03-09 17:59:05
454,889,Bajaj,Apache,2015,MH55AB6814,UberX,Bike,2,2024-07-24 21:37:29
455,890,TVS,King,2023,MH20AB9729,UberPool,Auto,3,2025-04-23 17:12:04
456,891,Hero,Pulsar,2021,MH99AB5456,UberBlack,Bike,2,2022-09-11 14:42:10
457,892,Bajaj,RE,2020,MH82AB8401,UberPool,Auto,2,2023-10-19 18:24:34
458,894,TVS,King,2021,MH62AB3494,UberX,Auto,2,2024-06-07 01:01:22
459,895,Tata,Swift,2021,MH61AB8595,UberBlack,Car,5,2025-07-26 12:31:24
460,898,TVS,King,2016,MH26AB7108,UberBlack,Auto,3,2023-11-20 17:45:00
461,899,TVS,Ape,2017,MH27AB1827,UberPool,Auto,2,2022-09-03 00:23:32
462,900,Piaggio,King,2017,MH31AB7729,UberBlack,Auto,5,2022-10-27 23:30:02
463,904,Maruti,WagonR,2021,MH60AB2190,UberPool,Car,5,2023-01-31 04:45:32
464,907,TVS,RE,2018,MH54AB7176,UberBlack,Auto,5,2023-10-07 12:57:16
465,909,Piaggio,RE,2023,MH41AB4528,UberPool,Auto,5,2025-02-06 09:35:19
466,910,TVS,King,2023,MH75AB8602,UberBlack,Auto,4,2022-12-05 09:19:17
467,912,Honda,Pulsar,2020,MH65AB1202,UberPool,Bike,2,2023-06-11 10:02:42
468,913,Toyota,Innova,2023,MH32AB1800,UberBlack,Car,3,2023-08-27 21:12:03
469,915,Bajaj,RE,2020,MH35AB9648,UberBlack,Auto,2,2024-09-01 04:09:33
470,916,Bajaj,RE,2017,MH61AB1161,UberX,Auto,1,2022-10-22 05:49:36
471,918,Hyundai,Innova,2015,MH93AB8641,UberPool,Car,2,2025-01-03 23:36:03
472,920,Piaggio,Ape,2016,MH49AB4716,UberX,Auto,3,2025-04-19 04:03:32
473,921,Piaggio,RE,2018,MH48AB2936,UberX,Auto,2,2023-09-25 20:17:42
474,923,Piaggio,King,2020,MH29AB9905,UberPool,Auto,2,2024-07-29 02:08:30
475,924,Honda,i20,2023,MH65AB6361,UberBlack,Car,4,2023-04-19 22:45:11
476,925,Bajaj,Pulsar,2019,MH11AB6398,UberBlack,Bike,2,2024-04-11 04:43:43
477,929,Piaggio,RE,2015,MH76AB3992,UberX,Auto,3,2023-03-09 20:56:54
478,930,Maruti,i20,2022,MH64AB8014,UberBlack,Car,1,2023-01-23 07:36:57
479,931,TVS,Ape,2021,MH26AB9932,UberX,Auto,6,2024-03-29 08:54:03
480,932,Royal Enfield,Activa,2017,MH10AB2395,UberPool,Bike,2,2023-08-07 05:36:44
481,934,TVS,RE,2015,MH67AB7692,UberPool,Auto,1,2022-11-18 07:38:28
482,935,TVS,Ape,2020,MH71AB3505,UberBlack,Auto,6,2024-01-12 14:55:55
483,936,TVS,RE,2019,MH41AB6035,UberPool,Auto,3,2024-08-02 03:45:51
484,938,Toyota,Innova,2018,MH19AB4181,UberPool,Car,6,2024-07-22 19:20:52
485,941,TVS,King,2016,MH11AB1849,UberPool,Auto,4,2024-05-20 14:12:58
486,942,Bajaj,Pulsar,2016,MH73AB6728,UberX,Bike,2,2022-12-18 22:29:16
487,944,Tata,Swift,2017,MH15AB3402,UberBlack,Car,3,2024-02-03 10:07:37
488,945,Piaggio,Ape,2016,MH85AB4248,UberBlack,Auto,4,2024-07-23 04:07:50
489,946,Toyota,WagonR,2015,MH34AB5886,UberBlack,Car,2,2023-10-27 02:22:10
490,947,TVS,Apache,2022,MH46AB1001,UberPool,Bike,2,2023-07-16 14:13:42
491,948,Royal Enfield,Splendor,2022,MH78AB7815,UberX,Bike,2,2024-01-30 23:29:12
492,950,Hyundai,Swift,2015,MH98AB8707,UberPool,Car,3,2023-12-26 21:14:43
493,951,Honda,Swift,2022,MH90AB1558,UberBlack,Car,5,2025-04-28 14:45:34
494,952,Hero,Classic 350,2018,MH94AB3727,UberBlack,Bike,2,2023-01-20 03:12:19
495,953,TVS,RE,2019,MH55AB7283,UberX,Auto,3,2023-07-20 06:16:09
496,955,Honda,Swift,2023,MH55AB9337,UberX,Car,3,2024-03-20 03:57:56
497,956,Honda,Splendor,2016,MH51AB8403,UberPool,Bike,2,2023-09-09 11:16:57
498,960,Honda,Classic 350,2020,MH41AB2916,UberPool,Bike,2,2025-02-20 13:09:34
499,963,Tata,WagonR,2015,MH16AB5670,UberX,Car,5,2023-08-12 16:33:09
500,966,Maruti,Ertiga,2019,MH50AB6107,UberX,Car,5,2025-04-06 02:41:59
501,967,Hero,Pulsar,2023,MH29AB3919,UberX,Bike,2,2022-08-30 22:17:07
502,969,Bajaj,Ape,2018,MH85AB7268,UberPool,Auto,2,2023-01-09 11:32:58
503,970,Piaggio,RE,2018,MH75AB7090,UberBlack,Auto,5,2024-03-24 02:53:37
504,971,TVS,Splendor,2022,MH78AB9855,UberX,Bike,2,2025-03-28 03:29:14
505,973,Tata,Innova,2017,MH87AB6536,UberX,Car,4,2025-06-29 12:17:34
506,974,Royal Enfield,Activa,2018,MH36AB4878,UberPool,Bike,2,2023-10-17 20:51:35
507,976,TVS,RE,2018,MH17AB4110,UberBlack,Auto,4,2024-03-04 15:23:04
508,977,TVS,Splendor,2023,MH74AB1875,UberPool,Bike,2,2023-03-11 07:00:57
509,978,Hero,Activa,2023,MH71AB1697,UberBlack,Bike,2,2024-12-31 23:45:18
510,980,Maruti,Ertiga,2016,MH86AB2518,UberBlack,Car,6,2025-04-06 17:04:00
511,981,Piaggio,King,2018,MH20AB2505,UberX,Auto,6,2024-06-03 04:46:43
512,982,Tata,WagonR,2016,MH22AB6493,UberBlack,Car,3,2024-06-18 17:08:24
513,983,TVS,Ape,2015,MH53AB3670,UberPool,Auto,2,2025-05-07 10:19:20
514,984,Maruti,Swift,2021,MH14AB5837,UberPool,Car,6,2023-04-15 06:55:31
515,985,Bajaj,RE,2015,MH50AB4700,UberBlack,Auto,4,2023-11-28 01:23:57
516,987,Bajaj,King,2022,MH44AB6953,UberBlack,Auto,3,2025-04-16 13:50:17
517,988,Royal Enfield,Splendor,2023,MH96AB3254,UberBlack,Bike,2,2023-08-08 09:35:16
518,994,Maruti,WagonR,2016,MH47AB7396,UberBlack,Car,1,2023-10-29 07:59:28
519,995,Piaggio,King,2018,MH83AB5461,UberPool,Auto,4,2025-05-19 13:51:18
520,998,Royal Enfield,Pulsar,2021,MH33AB5066,UberPool,Bike,2,2024-09-05 02:08:55
521,1000,Piaggio,King,2015,MH56AB4802,UberX,Auto,2,2022-09-23 06:04:15
522,1004,TVS,RE,2023,MH48AB1269,UberX,Auto,3,2022-12-09 21:12:54
523,1006,Honda,Classic 350,2015,MH37AB7361,UberBlack,Bike,2,2023-11-29 03:53:42
524,1007,Hero,Apache,2015,MH60AB4874,UberX,Bike,2,2025-03-13 02:12:07
525,1010,Royal Enfield,Pulsar,2021,MH11AB7077,UberX,Bike,2,2023-04-28 18:18:11
526,1011,Honda,Ertiga,2016,MH92AB8027,UberPool,Car,1,2024-07-04 05:30:26
527,1012,Piaggio,Ape,2016,MH11AB4544,UberBlack,Auto,1,2025-01-11 15:25:44
528,1014,Bajaj,RE,2015,MH40AB1472,UberX,Auto,3,2023-01-06 08:15:26
529,1015,Maruti,i20,2019,MH53AB3589,UberBlack,Car,2,2022-10-22 11:45:15
530,1017,TVS,Activa,2022,MH99AB7007,UberX,Bike,2,2023-04-15 05:59:23
531,1019,Honda,Ertiga,2017,MH60AB1682,UberX,Car,5,2024-03-11 22:19:06
532,1020,Piaggio,King,2015,MH27AB8593,UberPool,Auto,4,2025-03-20 12:10:55
533,1021,TVS,Apache,2019,MH90AB3245,UberX,Bike,2,2024-09-19 02:08:51
534,1023,TVS,Activa,2019,MH98AB5674,UberPool,Bike,2,2023-12-01 17:55:49
535,1025,Honda,Swift,2016,MH81AB1266,UberBlack,Car,5,2025-06-09 11:21:01
536,1027,Honda,i20,2021,MH54AB6740,UberBlack,Car,2,2023-03-22 10:22:10
537,1028,TVS,Apache,2021,MH61AB3570,UberX,Bike,2,2024-10-01 06:34:57
538,1030,Piaggio,King,2017,MH25AB9082,UberBlack,Auto,4,2025-03-22 06:11:03
539,1032,Hyundai,Ertiga,2021,MH58AB1197,UberX,Car,4,2022-09-10 02:28:13
540,1034,Tata,Dzire,2019,MH79AB7931,UberX,Car,4,2024-04-02 17:33:11
541,1035,Hyundai,WagonR,2017,MH63AB7653,UberX,Car,2,2024-04-13 11:52:45
542,1039,Hyundai,Swift,2020,MH74AB6982,UberX,Car,1,2025-01-03 20:11:58
543,1040,Bajaj,Splendor,2016,MH66AB4774,UberBlack,Bike,2,2022-09-25 02:41:39
544,1043,Piaggio,RE,2021,MH73AB2538,UberPool,Auto,4,2023-10-01 14:17:59
545,1044,Hyundai,i20,2022,MH83AB2013,UberPool,Car,2,2024-05-05 22:05:47
546,1048,Hyundai,Innova,2016,MH36AB5018,UberBlack,Car,3,2023-08-13 02:20:26
547,1049,Royal Enfield,Activa,2019,MH17AB7150,UberPool,Bike,2,2025-04-11 15:55:23
548,1051,Piaggio,King,2018,MH22AB6240,UberBlack,Auto,4,2024-06-09 04:06:39
549,1052,Bajaj,King,2022,MH25AB2309,UberBlack,Auto,5,2023-10-20 07:05:40
550,1053,Piaggio,Ape,2021,MH65AB5920,UberBlack,Auto,4,2023-06-23 17:16:47
551,1054,Bajaj,King,2020,MH59AB3016,UberBlack,Auto,2,2022-11-08 16:36:56
552,1056,Hyundai,Ertiga,2022,MH43AB8536,UberPool,Car,5,2023-09-09 14:44:47
553,1058,Hyundai,Ertiga,2022,MH16AB4043,UberX,Car,6,2023-10-03 07:39:17
554,1061,TVS,King,2016,MH79AB5347,UberX,Auto,1,2025-03-18 22:24:13
555,1064,Bajaj,Ape,2017,MH30AB1418,UberBlack,Auto,3,2024-07-31 10:43:14
556,1065,Royal Enfield,Pulsar,2018,MH34AB3353,UberBlack,Bike,2,2025-03-07 08:39:29
557,1067,Piaggio,Ape,2022,MH37AB3183,UberX,Auto,5,2024-06-02 22:49:10
558,1068,TVS,Apache,2015,MH33AB3185,UberPool,Bike,2,2025-05-14 12:10:46
559,1069,Toyota,WagonR,2022,MH58AB4061,UberPool,Car,2,2025-03-30 16:35:11
560,1073,Royal Enfield,Pulsar,2017,MH38AB9764,UberPool,Bike,2,2024-09-17 07:04:36
561,1076,Bajaj,RE,2017,MH40AB3987,UberX,Auto,5,2024-07-14 20:23:07
562,1077,Hyundai,Ertiga,2015,MH18AB7935,UberBlack,Car,2,2025-05-05 02:47:41
563,1078,Toyota,i20,2019,MH47AB3265,UberX,Car,3,2022-12-29 08:27:45
564,1080,Hero,Activa,2023,MH29AB1148,UberBlack,Bike,2,2023-12-09 03:46:55
565,1081,TVS,Apache,2016,MH52AB5402,UberBlack,Bike,2,2024-06-20 13:51:03
566,1083,Bajaj,Classic 350,2015,MH66AB6301,UberPool,Bike,2,2024-03-26 15:04:46
567,1089,Piaggio,Ape,2016,MH35AB4623,UberX,Auto,1,2022-10-15 00:06:33
568,1092,Tata,Innova,2018,MH37AB3535,UberX,Car,4,2024-04-29 17:13:59
569,1093,Piaggio,RE,2017,MH73AB8362,UberPool,Auto,4,2024-09-01 20:15:39
570,1094,Toyota,Swift,2021,MH74AB1553,UberPool,Car,4,2025-05-26 11:37:47
571,1095,Royal Enfield,Splendor,2022,MH10AB4396,UberBlack,Bike,2,2022-08-14 21:43:01
572,1097,Hero,Pulsar,2021,MH14AB6489,UberBlack,Bike,2,2022-09-01 17:30:16
573,1100,Bajaj,Activa,2023,MH48AB3216,UberBlack,Bike,2,2022-12-24 02:02:03
574,1101,Hero,Splendor,2022,MH48AB1878,UberX,Bike,2,2023-05-02 20:19:21
575,1102,TVS,Splendor,2021,MH70AB7010,UberBlack,Bike,2,2025-06-22 23:00:23
576,1103,Tata,WagonR,2021,MH27AB7082,UberBlack,Car,1,2024-12-06 09:33:55
577,1104,Bajaj,Splendor,2015,MH41AB7632,UberX,Bike,2,2022-09-06 14:03:34
578,1106,Piaggio,King,2021,MH43AB7744,UberBlack,Auto,1,2022-09-08 06:01:16
579,1110,Honda,Classic 350,2019,MH50AB8957,UberBlack,Bike,2,2023-03-16 02:29:44
580,1115,Bajaj,RE,2023,MH37AB8936,UberBlack,Auto,5,2023-11-13 19:39:46
581,1117,Piaggio,King,2016,MH42AB9291,UberPool,Auto,1,2023-06-05 21:51:18
582,1122,Piaggio,Ape,2020,MH50AB1232,UberPool,Auto,5,2022-11-20 16:34:39
583,1128,Piaggio,RE,2017,MH63AB8151,UberPool,Auto,2,2024-12-16 10:19:52
584,1129,Toyota,Ertiga,2018,MH85AB5214,UberPool,Car,1,2022-12-13 04:55:11
585,1130,Maruti,Dzire,2023,MH84AB9743,UberBlack,Car,1,2022-09-30 23:19:20
586,1131,Bajaj,King,2019,MH81AB6561,UberX,Auto,3,2022-08-28 23:15:33
587,1132,Maruti,Ertiga,2016,MH33AB8379,UberPool,Car,6,2025-03-14 04:14:28
588,1134,Bajaj,RE,2018,MH85AB9700,UberBlack,Auto,3,2024-09-29 17:48:14
589,1135,TVS,Pulsar,2017,MH53AB7515,UberBlack,Bike,2,2023-04-12 11:49:10
590,1136,Honda,Classic 350,2016,MH75AB9211,UberBlack,Bike,2,2025-04-28 11:51:10
591,1139,Toyota,Dzire,2022,MH77AB9946,UberBlack,Car,4,2024-02-23 03:22:10
592,1141,Hyundai,Ertiga,2023,MH47AB2104,UberPool,Car,5,2025-07-23 15:20:48
593,1142,Tata,Ertiga,2016,MH35AB5184,UberBlack,Car,6,2023-07-07 11:57:48
594,1144,Royal Enfield,Apache,2022,MH83AB9789,UberPool,Bike,2,2023-07-03 07:00:48
595,1145,Hero,Apache,2023,MH64AB8271,UberBlack,Bike,2,2023-12-03 17:51:47
596,1146,Honda,Classic 350,2018,MH96AB9873,UberX,Bike,2,2023-07-12 17:36:34
597,1147,Honda,WagonR,2017,MH35AB7471,UberX,Car,1,2024-04-17 16:52:50
598,1149,Bajaj,Ape,2017,MH63AB2370,UberPool,Auto,4,2024-01-13 17:49:35
599,1153,Maruti,Swift,2021,MH51AB6838,UberPool,Car,6,2025-03-14 01:49:11
600,1157,Honda,Classic 350,2019,MH52AB9179,UberBlack,Bike,2,2023-10-24 03:10:58
601,1159,TVS,King,2020,MH55AB9086,UberPool,Auto,1,2024-06-30 10:14:41
602,1161,Hyundai,WagonR,2021,MH45AB1093,UberX,Car,1,2022-08-24 08:14:35
603,1163,Honda,Classic 350,2020,MH76AB7798,UberBlack,Bike,2,2023-05-09 17:12:55
604,1164,Hyundai,Ertiga,2015,MH55AB2168,UberPool,Car,4,2024-12-25 17:12:54
605,1165,TVS,Apache,2016,MH29AB3869,UberPool,Bike,2,2023-02-12 20:10:06
606,1169,TVS,Splendor,2023,MH85AB8738,UberPool,Bike,2,2025-04-29 23:49:09
607,1170,Toyota,Dzire,2018,MH77AB7660,UberBlack,Car,4,2024-04-27 14:54:05
608,1172,Honda,Dzire,2020,MH70AB1686,UberBlack,Car,1,2023-05-18 05:26:09
609,1174,Hero,Pulsar,2021,MH34AB1746,UberBlack,Bike,2,2025-06-03 06:20:45
610,1176,TVS,Pulsar,2018,MH75AB7737,UberX,Bike,2,2023-08-03 21:49:51
611,1177,Maruti,Ertiga,2020,MH16AB9856,UberBlack,Car,6,2024-03-23 07:27:28
612,1178,Bajaj,RE,2019,MH18AB4483,UberPool,Auto,6,2024-01-02 11:43:57
613,1181,Bajaj,Ape,2021,MH91AB2084,UberBlack,Auto,4,2025-01-03 22:30:04
614,1185,TVS,Ape,2022,MH27AB5468,UberPool,Auto,2,2024-01-05 16:29:09
615,1187,TVS,RE,2018,MH56AB7377,UberBlack,Auto,3,2024-05-27 00:17:08
616,1189,Bajaj,King,2020,MH15AB8602,UberX,Auto,3,2024-07-23 06:19:23
617,1195,Royal Enfield,Apache,2023,MH11AB6273,UberPool,Bike,2,2025-07-24 17:09:29
618,1196,Piaggio,RE,2019,MH96AB1308,UberPool,Auto,5,2025-04-01 07:23:51
619,1198,Piaggio,RE,2017,MH94AB8081,UberX,Auto,2,2025-01-11 22:26:07
620,1201,Piaggio,King,2019,MH28AB1725,UberX,Auto,1,2024-08-17 11:22:27
621,1202,Honda,Activa,2017,MH52AB9529,UberPool,Bike,2,2022-11-11 15:04:11
622,1204,Bajaj,King,2018,MH49AB3516,UberX,Auto,2,2023-10-12 02:11:09
623,1206,Honda,Ertiga,2022,MH95AB8533,UberPool,Car,3,2025-06-11 07:31:32
624,1208,TVS,King,2020,MH88AB6985,UberX,Auto,6,2025-07-05 04:14:50
625,1209,Hero,Activa,2021,MH44AB9563,UberBlack,Bike,2,2024-06-11 21:50:07
626,1211,Toyota,Swift,2023,MH76AB3115,UberBlack,Car,3,2024-10-09 17:59:14
627,1212,Piaggio,King,2023,MH45AB2737,UberBlack,Auto,4,2024-03-04 07:08:58
628,1213,Toyota,Ertiga,2018,MH31AB8034,UberX,Car,6,2024-07-03 04:56:06
629,1214,TVS,Ape,2023,MH58AB5586,UberX,Auto,4,2023-09-26 08:02:13
630,1216,Royal Enfield,Apache,2023,MH36AB2616,UberPool,Bike,2,2025-01-17 21:32:28
631,1217,Maruti,WagonR,2021,MH33AB4500,UberBlack,Car,6,2023-11-15 12:53:25
632,1220,Bajaj,King,2016,MH77AB2479,UberPool,Auto,5,2024-01-10 20:49:26
633,1221,Bajaj,King,2017,MH58AB6927,UberPool,Auto,5,2023-04-16 13:41:27
634,1223,Royal Enfield,Activa,2023,MH85AB1383,UberPool,Bike,2,2024-10-18 13:30:23
635,1225,Toyota,Dzire,2022,MH28AB4605,UberBlack,Car,4,2024-11-27 18:26:51
636,1227,Tata,i20,2023,MH84AB1441,UberX,Car,2,2025-04-24 17:29:15
637,1232,Tata,Ertiga,2015,MH14AB8019,UberPool,Car,3,2023-04-08 17:59:10
638,1233,Piaggio,Ape,2022,MH17AB5596,UberPool,Auto,4,2023-12-14 10:17:23
639,1236,TVS,Ape,2019,MH19AB8293,UberPool,Auto,4,2022-10-18 01:33:18
640,1237,TVS,Pulsar,2023,MH19AB9923,UberBlack,Bike,2,2024-11-29 06:52:52
641,1239,Piaggio,RE,2022,MH36AB8582,UberBlack,Auto,1,2023-07-14 07:44:12
642,1240,Honda,Splendor,2020,MH73AB1951,UberBlack,Bike,2,2023-06-17 10:29:19
643,1243,TVS,King,2023,MH87AB7399,UberX,Auto,4,2025-04-03 19:18:53
644,1244,Bajaj,Ape,2019,MH80AB9384,UberPool,Auto,4,2024-04-13 11:24:30
645,1245,Honda,Swift,2017,MH12AB8847,UberPool,Car,1,2024-07-28 05:57:03
646,1246,Toyota,i20,2021,MH97AB2782,UberX,Car,1,2024-10-18 02:19:01
647,1247,Piaggio,Ape,2015,MH90AB6467,UberBlack,Auto,1,2022-10-09 06:58:46
648,1249,Piaggio,RE,2017,MH82AB9847,UberBlack,Auto,6,2025-05-28 06:31:45
649,1251,Hero,Activa,2017,MH13AB9002,UberX,Bike,2,2025-01-02 09:51:19
650,1252,Royal Enfield,Activa,2015,MH25AB1771,UberPool,Bike,2,2023-04-03 04:07:18
651,1253,Bajaj,RE,2022,MH28AB3358,UberPool,Auto,5,2023-04-19 03:00:49
652,1255,Bajaj,RE,2019,MH75AB8154,UberBlack,Auto,3,2024-07-28 13:30:24
653,1256,TVS,RE,2018,MH50AB1724,UberPool,Auto,4,2023-05-30 00:29:14
654,1262,Royal Enfield,Activa,2021,MH76AB4691,UberX,Bike,2,2024-02-20 00:32:44
655,1263,TVS,Classic 350,2015,MH72AB8245,UberX,Bike,2,2024-01-22 12:45:37
656,1267,Bajaj,RE,2018,MH22AB6290,UberPool,Auto,3,2024-11-19 04:54:51
657,1268,Bajaj,Ape,2020,MH66AB1536,UberPool,Auto,2,2024-07-10 23:33:17
658,1269,Bajaj,Ape,2022,MH89AB4647,UberBlack,Auto,3,2025-01-25 10:28:53
659,1270,TVS,King,2015,MH49AB7023,UberBlack,Auto,5,2024-08-05 15:31:27
660,1271,Maruti,Swift,2019,MH18AB6055,UberPool,Car,1,2024-06-29 10:28:50
661,1276,Piaggio,RE,2017,MH39AB6287,UberX,Auto,2,2023-03-20 16:48:16
662,1277,Honda,Classic 350,2016,MH51AB7447,UberBlack,Bike,2,2025-03-24 17:33:06
663,1279,Bajaj,Ape,2015,MH84AB8174,UberPool,Auto,5,2024-10-13 17:25:16
664,1281,Honda,Splendor,2017,MH39AB5957,UberBlack,Bike,2,2025-03-20 17:32:34
665,1282,TVS,Classic 350,2023,MH47AB5315,UberPool,Bike,2,2024-09-25 08:12:35
666,1286,Honda,Apache,2015,MH39AB7934,UberBlack,Bike,2,2024-06-24 19:18:15
667,1288,TVS,Splendor,2016,MH65AB4570,UberX,Bike,2,2023-03-27 08:04:40
668,1289,TVS,King,2018,MH73AB9290,UberBlack,Auto,2,2024-01-13 10:39:46
669,1291,Hyundai,i20,2022,MH56AB8422,UberBlack,Car,2,2024-05-05 20:16:30
670,1292,Piaggio,Ape,2017,MH94AB8195,UberX,Auto,1,2025-01-26 18:40:47
671,1293,TVS,Ape,2018,MH14AB3239,UberBlack,Auto,1,2023-05-26 00:19:42
672,1294,Honda,Apache,2019,MH92AB3681,UberX,Bike,2,2025-06-10 08:40:47
673,1295,Toyota,Innova,2016,MH58AB7108,UberX,Car,5,2025-07-31 20:54:04
674,1297,TVS,Activa,2018,MH84AB8091,UberPool,Bike,2,2024-08-21 05:10:48
675,1301,Tata,Dzire,2019,MH47AB7296,UberPool,Car,6,2023-11-18 16:31:15
676,1304,Royal Enfield,Pulsar,2016,MH54AB6844,UberBlack,Bike,2,2024-05-08 23:00:17
677,1306,Hero,Classic 350,2019,MH88AB2882,UberPool,Bike,2,2024-11-20 10:20:04
678,1307,Tata,Swift,2020,MH11AB3647,UberX,Car,1,2025-05-27 21:36:44
679,1313,Piaggio,RE,2021,MH82AB2176,UberBlack,Auto,3,2024-03-14 05:17:25
680,1314,Toyota,Innova,2019,MH95AB8856,UberPool,Car,6,2023-08-21 12:34:49
681,1315,Honda,Innova,2023,MH36AB8976,UberPool,Car,3,2025-01-22 03:28:47
682,1316,Toyota,i20,2017,MH78AB7636,UberPool,Car,6,2024-09-24 02:31:08
683,1317,Bajaj,RE,2015,MH29AB7959,UberBlack,Auto,3,2023-10-10 03:24:02
684,1319,Bajaj,Ape,2021,MH33AB2909,UberBlack,Auto,2,2025-04-15 01:34:04
685,1322,Royal Enfield,Classic 350,2022,MH25AB7185,UberPool,Bike,2,2022-09-30 13:30:48
686,1325,Royal Enfield,Splendor,2015,MH27AB6135,UberBlack,Bike,2,2024-02-20 15:02:52
687,1326,Bajaj,Apache,2017,MH14AB3202,UberX,Bike,2,2023-12-08 23:13:33
688,1328,Toyota,Innova,2023,MH15AB2185,UberX,Car,6,2023-06-27 12:10:56
689,1332,Royal Enfield,Activa,2018,MH63AB8999,UberPool,Bike,2,2024-08-29 20:50:37
690,1334,Piaggio,RE,2016,MH70AB8411,UberBlack,Auto,1,2023-05-12 16:04:43
691,1335,Bajaj,Apache,2019,MH61AB2970,UberPool,Bike,2,2024-09-25 21:46:12
692,1336,Hero,Activa,2017,MH37AB5019,UberPool,Bike,2,2024-03-05 18:25:38
693,1338,Tata,Innova,2021,MH56AB8115,UberPool,Car,2,2024-10-31 01:16:52
694,1339,Hero,Splendor,2023,MH59AB5035,UberPool,Bike,2,2023-07-07 07:07:11
695,1340,Tata,Dzire,2016,MH82AB6844,UberBlack,Car,6,2025-01-04 02:58:32
696,1343,Honda,Apache,2020,MH84AB3587,UberBlack,Bike,2,2023-08-12 07:57:30
697,1344,Tata,Ertiga,2022,MH58AB5304,UberX,Car,3,2025-06-06 12:56:33
698,1345,Bajaj,RE,2018,MH80AB6298,UberX,Auto,2,2022-11-28 00:49:24
699,1346,TVS,King,2016,MH36AB5441,UberPool,Auto,6,2023-07-04 12:43:52
700,1347,Honda,Classic 350,2022,MH28AB3958,UberBlack,Bike,2,2023-11-22 06:54:06
701,1350,Bajaj,Ape,2015,MH48AB8681,UberX,Auto,2,2022-08-06 09:08:50
702,1354,Hyundai,Innova,2019,MH58AB2371,UberPool,Car,6,2023-08-21 15:41:56
703,1355,TVS,Activa,2018,MH29AB6858,UberX,Bike,2,2025-07-23 18:10:25
704,1356,Hyundai,Ertiga,2022,MH77AB9471,UberPool,Car,5,2024-04-15 02:32:54
705,1357,Bajaj,Splendor,2017,MH98AB1132,UberPool,Bike,2,2022-10-14 15:36:23
706,1359,Honda,Innova,2019,MH41AB8222,UberPool,Car,6,2024-08-10 04:43:07
707,1360,Royal Enfield,Splendor,2023,MH34AB1848,UberBlack,Bike,2,2025-06-04 23:13:52
708,1363,TVS,Ape,2015,MH17AB2636,UberBlack,Auto,6,2023-06-11 06:32:38
709,1364,TVS,RE,2016,MH49AB4377,UberBlack,Auto,1,2025-05-01 09:00:53
710,1366,Hero,Splendor,2019,MH39AB8096,UberPool,Bike,2,2024-08-30 09:39:22
711,1367,TVS,RE,2016,MH11AB8960,UberBlack,Auto,1,2024-07-21 11:00:44
712,1369,TVS,RE,2015,MH88AB7641,UberBlack,Auto,5,2022-12-06 07:03:11
713,1370,Royal Enfield,Apache,2017,MH52AB8440,UberX,Bike,2,2024-01-18 17:34:39
714,1374,Honda,Splendor,2017,MH64AB4242,UberX,Bike,2,2022-10-18 14:40:36
715,1375,Bajaj,King,2019,MH32AB4214,UberX,Auto,4,2024-03-31 20:10:32
716,1376,Maruti,Dzire,2018,MH16AB4031,UberBlack,Car,4,2022-11-27 10:16:06
717,1378,TVS,Splendor,2020,MH27AB3755,UberPool,Bike,2,2023-08-16 13:48:48
718,1379,Bajaj,RE,2019,MH29AB1447,UberPool,Auto,4,2025-05-08 15:19:54
719,1380,Hero,Splendor,2020,MH19AB5195,UberPool,Bike,2,2024-11-03 06:03:34
720,1381,Piaggio,Ape,2017,MH12AB2563,UberPool,Auto,4,2022-10-22 02:16:45
721,1383,Toyota,Ertiga,2023,MH28AB3109,UberX,Car,2,2024-03-22 16:51:37
722,1385,Hero,Splendor,2020,MH39AB3137,UberX,Bike,2,2023-09-28 21:37:01
723,1386,Bajaj,RE,2020,MH58AB3291,UberBlack,Auto,1,2025-02-17 06:02:35
724,1387,Honda,Swift,2016,MH24AB4403,UberPool,Car,5,2022-10-13 17:23:58
725,1388,Bajaj,Pulsar,2016,MH34AB4732,UberBlack,Bike,2,2022-10-23 12:21:11
726,1389,Hyundai,Dzire,2023,MH58AB2912,UberX,Car,2,2023-05-16 07:09:24
727,1391,Honda,Innova,2020,MH62AB5641,UberPool,Car,2,2024-10-08 17:32:32
728,1396,Hyundai,Dzire,2023,MH61AB5889,UberPool,Car,5,2024-10-27 13:20:12
729,1397,Royal Enfield,Splendor,2017,MH43AB9388,UberPool,Bike,2,2025-04-08 06:45:53
730,1401,Bajaj,Apache,2017,MH16AB6842,UberX,Bike,2,2022-08-06 21:05:31
731,1402,Royal Enfield,Classic 350,2018,MH45AB6906,UberX,Bike,2,2024-09-09 03:05:15
732,1404,TVS,RE,2020,MH61AB2509,UberPool,Auto,6,2023-06-08 01:00:26
733,1405,Tata,WagonR,2020,MH52AB2086,UberPool,Car,4,2023-05-28 20:44:44
734,1410,Bajaj,Apache,2018,MH91AB9370,UberX,Bike,2,2024-11-22 23:19:03
735,1415,TVS,King,2019,MH23AB5367,UberPool,Auto,3,2023-07-25 18:10:17
736,1417,Toyota,WagonR,2020,MH30AB5727,UberPool,Car,3,2022-10-25 12:40:16
737,1418,Royal Enfield,Apache,2018,MH53AB4414,UberBlack,Bike,2,2023-10-16 13:06:31
738,1419,Piaggio,Ape,2021,MH26AB6555,UberBlack,Auto,2,2022-10-19 14:02:19
739,1423,Hyundai,Dzire,2021,MH73AB3469,UberPool,Car,1,2023-10-31 04:56:54
740,1425,Royal Enfield,Splendor,2017,MH92AB8498,UberBlack,Bike,2,2024-09-08 22:28:50
741,1428,TVS,RE,2023,MH38AB6308,UberPool,Auto,2,2025-03-05 08:16:43
742,1429,TVS,King,2023,MH52AB9195,UberBlack,Auto,4,2023-11-20 05:10:36
743,1431,Honda,Swift,2021,MH22AB7443,UberBlack,Car,5,2022-12-20 12:51:42
744,1433,Hyundai,i20,2022,MH85AB4872,UberBlack,Car,5,2024-05-21 20:51:37
745,1434,Piaggio,RE,2021,MH22AB6807,UberX,Auto,6,2023-01-24 15:26:57
746,1436,Bajaj,RE,2021,MH75AB4223,UberBlack,Auto,4,2023-04-01 16:22:10
747,1438,Maruti,Dzire,2015,MH73AB4411,UberPool,Car,2,2023-07-23 22:44:20
748,1442,Hero,Classic 350,2017,MH10AB2563,UberPool,Bike,2,2024-04-29 10:49:52
749,1443,Piaggio,King,2022,MH80AB1312,UberBlack,Auto,2,2024-03-04 20:44:27
750,1444,TVS,Activa,2018,MH25AB3159,UberX,Bike,2,2023-04-15 17:31:56
751,1448,Royal Enfield,Pulsar,2019,MH66AB7502,UberX,Bike,2,2024-11-20 15:19:27
752,1450,TVS,Pulsar,2017,MH59AB5858,UberPool,Bike,2,2025-04-01 06:56:26
753,1451,Bajaj,Pulsar,2016,MH68AB3272,UberBlack,Bike,2,2023-06-08 22:15:03
754,1452,Piaggio,Ape,2019,MH11AB4526,UberPool,Auto,5,2025-03-14 09:01:01
755,1453,Honda,Splendor,2016,MH33AB7776,UberBlack,Bike,2,2023-06-02 23:18:29
756,1458,TVS,Activa,2022,MH21AB7717,UberPool,Bike,2,2023-07-25 13:27:06
757,1460,Bajaj,King,2023,MH38AB4579,UberPool,Auto,2,2025-06-07 16:31:43
758,1468,Bajaj,RE,2016,MH59AB2760,UberX,Auto,3,2023-12-24 18:45:11
759,1469,Bajaj,RE,2021,MH41AB5458,UberBlack,Auto,5,2024-09-08 07:07:54
760,1470,Maruti,Dzire,2018,MH39AB5459,UberPool,Car,2,2023-12-13 20:46:31
761,1471,Royal Enfield,Classic 350,2018,MH97AB5483,UberBlack,Bike,2,2024-07-01 18:49:35
762,1473,Hyundai,Swift,2023,MH98AB5346,UberX,Car,6,2023-09-05 18:05:11
763,1476,Maruti,WagonR,2022,MH86AB4547,UberX,Car,1,2023-11-04 00:12:49
764,1477,Honda,Splendor,2016,MH61AB1170,UberPool,Bike,2,2024-03-02 01:32:08
765,1478,Piaggio,Ape,2016,MH13AB1779,UberPool,Auto,6,2024-11-20 08:50:58
766,1486,Maruti,Dzire,2023,MH81AB7835,UberPool,Car,1,2023-04-12 18:38:52
767,1489,Honda,Splendor,2016,MH89AB1648,UberX,Bike,2,2024-02-03 10:44:23
768,1490,Bajaj,Splendor,2018,MH43AB9223,UberBlack,Bike,2,2025-05-14 10:51:15
769,1491,TVS,Activa,2019,MH29AB1981,UberX,Bike,2,2025-05-04 08:52:34
770,1492,Bajaj,Splendor,2021,MH17AB8832,UberBlack,Bike,2,2024-07-09 10:15:47
771,1493,Bajaj,King,2016,MH36AB9905,UberPool,Auto,1,2023-09-26 01:06:39
772,1498,Hyundai,WagonR,2016,MH99AB2415,UberPool,Car,1,2023-04-28 18:07:21
773,1499,Toyota,Ertiga,2016,MH84AB6069,UberX,Car,2,2023-07-18 04:17:39
774,1500,Royal Enfield,Splendor,2017,MH76AB2446,UberPool,Bike,2,2024-09-13 09:22:29
775,1501,Maruti,Dzire,2023,MH68AB5900,UberPool,Car,2,2024-07-06 23:05:48
776,1502,Hero,Activa,2018,MH65AB8805,UberBlack,Bike,2,2023-05-15 08:08:01
777,1503,Royal Enfield,Classic 350,2019,MH64AB4072,UberBlack,Bike,2,2022-09-22 00:46:20
778,1504,Toyota,i20,2016,MH14AB9180,UberPool,Car,5,2023-09-14 01:25:07
779,1505,Tata,Swift,2019,MH31AB5087,UberBlack,Car,2,2023-08-04 18:56:17
780,1509,Hyundai,Innova,2015,MH19AB4890,UberX,Car,3,2025-01-06 19:23:28
781,1510,Hyundai,Swift,2021,MH86AB8099,UberBlack,Car,2,2023-07-09 14:16:21
782,1511,Hero,Classic 350,2023,MH42AB6642,UberPool,Bike,2,2023-10-14 08:29:03
783,1514,Hyundai,Dzire,2022,MH49AB2229,UberX,Car,2,2023-12-30 14:29:48
784,1518,TVS,King,2022,MH18AB8643,UberBlack,Auto,5,2023-06-25 12:11:58
785,1519,Piaggio,Ape,2019,MH76AB9613,UberPool,Auto,4,2022-08-30 03:48:14
786,1525,Honda,Apache,2023,MH82AB4619,UberX,Bike,2,2023-07-20 22:34:08
787,1526,Hyundai,Swift,2020,MH65AB8396,UberPool,Car,6,2025-03-17 12:06:41
788,1527,Bajaj,Apache,2020,MH74AB5853,UberX,Bike,2,2025-04-15 20:58:29
789,1528,Tata,Ertiga,2016,MH68AB3556,UberPool,Car,4,2024-03-01 18:40:56
790,1533,Hyundai,WagonR,2020,MH13AB5243,UberPool,Car,1,2023-01-10 10:17:44
791,1534,Hero,Splendor,2016,MH47AB5496,UberX,Bike,2,2025-01-19 04:43:52
792,1536,Maruti,WagonR,2023,MH92AB7897,UberX,Car,3,2023-10-11 13:39:28
793,1537,Honda,WagonR,2016,MH10AB1056,UberBlack,Car,4,2024-04-03 02:43:22
794,1538,Honda,Activa,2015,MH96AB5455,UberX,Bike,2,2024-11-16 22:34:50
795,1542,Bajaj,Activa,2017,MH10AB8728,UberPool,Bike,2,2024-08-08 14:41:55
796,1544,Toyota,i20,2016,MH25AB6753,UberBlack,Car,2,2024-10-27 00:05:50
797,1546,Toyota,Dzire,2023,MH28AB3965,UberX,Car,5,2024-07-24 16:03:52
798,1548,Hyundai,Swift,2023,MH45AB8717,UberPool,Car,2,2025-07-09 17:55:55
799,1550,Bajaj,King,2019,MH14AB1021,UberPool,Auto,1,2023-01-28 01:40:13
800,1555,Honda,Innova,2022,MH87AB2897,UberX,Car,3,2023-08-14 03:28:16
801,1556,Maruti,Dzire,2020,MH95AB1486,UberPool,Car,2,2025-03-19 20:18:14
802,1560,Royal Enfield,Pulsar,2017,MH92AB9693,UberBlack,Bike,2,2024-01-31 10:29:08
803,1563,Maruti,WagonR,2019,MH25AB6888,UberPool,Car,5,2022-09-18 16:57:31
804,1564,Honda,WagonR,2023,MH40AB1478,UberX,Car,5,2023-08-18 15:13:54
805,1565,Maruti,Swift,2019,MH23AB5713,UberBlack,Car,3,2025-06-23 21:52:30
806,1568,Hyundai,Swift,2020,MH26AB9364,UberX,Car,6,2025-06-23 12:25:34
807,1569,TVS,Classic 350,2023,MH62AB8440,UberPool,Bike,2,2024-10-24 05:16:22
808,1571,Piaggio,RE,2023,MH14AB3871,UberX,Auto,6,2024-02-25 02:01:29
809,1572,Piaggio,Ape,2018,MH12AB7316,UberX,Auto,3,2023-09-25 11:19:29
810,1573,Honda,Splendor,2018,MH69AB2890,UberBlack,Bike,2,2023-06-30 02:00:42
811,1575,Maruti,Dzire,2022,MH42AB4924,UberBlack,Car,4,2023-06-05 17:31:07
812,1576,Piaggio,RE,2020,MH52AB6294,UberPool,Auto,4,2024-05-24 20:33:18
813,1579,Honda,Activa,2019,MH99AB1341,UberBlack,Bike,2,2024-04-07 04:50:08
814,1580,Bajaj,Activa,2015,MH63AB8043,UberBlack,Bike,2,2024-02-06 17:00:10
815,1581,Bajaj,Ape,2019,MH55AB3510,UberBlack,Auto,5,2024-10-16 06:49:36
816,1582,TVS,RE,2021,MH18AB1794,UberPool,Auto,3,2025-04-24 06:15:21
817,1585,Royal Enfield,Pulsar,2018,MH67AB5478,UberPool,Bike,2,2022-11-25 04:03:17
818,1586,Hero,Splendor,2021,MH50AB3357,UberPool,Bike,2,2025-03-09 20:53:20
819,1587,Hero,Pulsar,2021,MH94AB2132,UberPool,Bike,2,2023-08-22 17:10:59
820,1592,Piaggio,RE,2017,MH55AB4603,UberBlack,Auto,1,2023-04-28 08:02:58
821,1595,TVS,RE,2022,MH61AB3633,UberBlack,Auto,5,2022-08-07 03:52:12
822,1599,TVS,Apache,2019,MH68AB9173,UberX,Bike,2,2025-03-01 05:39:15
823,1600,Hero,Activa,2019,MH96AB4017,UberX,Bike,2,2024-04-01 15:25:20
824,1604,Bajaj,King,2017,MH37AB5939,UberBlack,Auto,1,2024-06-07 05:39:53
825,1605,Hyundai,Swift,2022,MH26AB6043,UberX,Car,6,2024-07-10 12:36:31
826,1611,TVS,Pulsar,2021,MH86AB2769,UberPool,Bike,2,2025-05-06 23:16:55
827,1612,TVS,King,2022,MH46AB1471,UberPool,Auto,2,2023-05-12 17:56:04
828,1614,Honda,Classic 350,2015,MH30AB5547,UberX,Bike,2,2023-01-06 12:06:45
829,1616,Royal Enfield,Splendor,2018,MH37AB4631,UberBlack,Bike,2,2024-05-26 09:05:09
830,1617,Honda,Innova,2019,MH55AB3970,UberX,Car,1,2023-04-26 16:32:13
831,1618,Honda,Pulsar,2023,MH59AB4708,UberX,Bike,2,2023-12-03 20:45:37
832,1620,Hero,Pulsar,2021,MH60AB4011,UberBlack,Bike,2,2025-06-25 11:44:44
833,1623,Piaggio,RE,2022,MH30AB2625,UberPool,Auto,3,2024-06-02 20:39:29
834,1625,Honda,Dzire,2017,MH13AB5948,UberX,Car,4,2024-12-09 14:02:49
835,1629,Honda,Pulsar,2016,MH55AB4944,UberBlack,Bike,2,2024-01-15 22:25:28
836,1631,Tata,WagonR,2018,MH70AB1081,UberPool,Car,2,2024-06-29 15:37:06
837,1635,Hyundai,Swift,2018,MH25AB4778,UberBlack,Car,2,2024-11-16 20:40:57
838,1637,Bajaj,King,2023,MH55AB1124,UberX,Auto,2,2024-11-13 16:17:22
839,1638,Tata,Swift,2015,MH23AB4921,UberBlack,Car,2,2023-09-09 10:14:19
840,1639,Hyundai,i20,2018,MH72AB8982,UberX,Car,5,2023-06-28 18:43:15
841,1640,Maruti,Swift,2015,MH33AB6596,UberPool,Car,1,2023-11-12 05:40:18
842,1641,Bajaj,Pulsar,2020,MH58AB5600,UberBlack,Bike,2,2024-07-16 01:40:14
843,1642,Hero,Activa,2020,MH55AB6064,UberX,Bike,2,2023-12-28 20:25:07
844,1644,TVS,Ape,2017,MH39AB1007,UberPool,Auto,3,2024-12-22 02:16:56
845,1647,Bajaj,RE,2018,MH20AB7308,UberBlack,Auto,6,2024-02-05 08:35:42
846,1652,Royal Enfield,Activa,2016,MH46AB6431,UberPool,Bike,2,2022-08-16 18:16:06
847,1653,Royal Enfield,Apache,2018,MH66AB1210,UberBlack,Bike,2,2024-12-03 21:54:26
848,1654,Honda,Innova,2020,MH35AB2710,UberX,Car,6,2022-10-20 05:03:09
849,1656,Royal Enfield,Classic 350,2021,MH64AB6570,UberX,Bike,2,2024-10-03 17:39:49
850,1658,Bajaj,Classic 350,2021,MH18AB3048,UberX,Bike,2,2025-05-19 12:04:54
851,1659,Bajaj,Ape,2016,MH99AB6261,UberPool,Auto,5,2024-06-01 19:16:45
852,1661,Tata,Ertiga,2016,MH89AB1980,UberX,Car,2,2022-11-12 16:25:38
853,1662,Maruti,Ertiga,2016,MH60AB8839,UberBlack,Car,5,2022-10-04 09:40:20
854,1666,TVS,RE,2021,MH90AB8828,UberBlack,Auto,4,2023-12-03 22:30:39
855,1669,Hyundai,Dzire,2017,MH29AB4250,UberBlack,Car,4,2025-06-13 17:48:33
856,1670,Honda,Innova,2017,MH19AB3261,UberPool,Car,6,2024-07-30 09:03:55
857,1671,Piaggio,King,2023,MH57AB7784,UberX,Auto,4,2023-03-28 15:26:07
858,1672,Maruti,Innova,2017,MH87AB6104,UberX,Car,1,2024-05-11 18:04:49
859,1673,Maruti,Ertiga,2018,MH68AB6515,UberX,Car,5,2025-05-17 10:25:51
860,1674,Piaggio,Ape,2017,MH41AB2198,UberX,Auto,2,2025-07-22 12:27:25
861,1675,Royal Enfield,Apache,2023,MH58AB7225,UberBlack,Bike,2,2023-12-25 19:58:05
862,1676,Toyota,WagonR,2023,MH43AB2692,UberPool,Car,6,2023-03-19 12:45:40
863,1677,Bajaj,Ape,2022,MH62AB6611,UberBlack,Auto,1,2024-09-26 02:59:25
864,1678,Bajaj,Activa,2017,MH15AB2544,UberX,Bike,2,2025-06-29 10:37:37
865,1679,Hero,Classic 350,2020,MH30AB8011,UberPool,Bike,2,2023-09-07 16:32:53
866,1683,Bajaj,Classic 350,2022,MH38AB7042,UberX,Bike,2,2024-04-10 02:55:21
867,1684,Tata,Dzire,2019,MH50AB6659,UberX,Car,2,2022-12-07 02:24:22
868,1687,TVS,Classic 350,2020,MH59AB8688,UberPool,Bike,2,2023-12-23 11:39:11
869,1688,Honda,Classic 350,2023,MH47AB7977,UberX,Bike,2,2025-01-26 18:50:30
870,1690,Hyundai,i20,2019,MH57AB2971,UberX,Car,3,2024-04-10 22:18:11
871,1691,Bajaj,Apache,2015,MH62AB3123,UberBlack,Bike,2,2023-12-16 15:07:13
872,1693,TVS,Classic 350,2023,MH52AB2799,UberX,Bike,2,2023-11-15 09:51:44
873,1699,Bajaj,King,2017,MH67AB7846,UberBlack,Auto,4,2023-07-25 03:09:33
874,1701,Honda,Dzire,2020,MH99AB1356,UberBlack,Car,4,2025-01-14 00:27:46
875,1702,Bajaj,King,2019,MH27AB2195,UberX,Auto,5,2023-02-07 19:14:28
876,1703,Hyundai,WagonR,2020,MH10AB4048,UberX,Car,2,2022-09-06 18:04:08
877,1704,Royal Enfield,Classic 350,2023,MH98AB1102,UberPool,Bike,2,2024-02-04 20:05:19
878,1705,Royal Enfield,Activa,2022,MH27AB7120,UberX,Bike,2,2022-12-10 22:32:28
879,1706,TVS,Ape,2015,MH68AB1396,UberX,Auto,2,2022-08-09 03:41:13
880,1710,Piaggio,Ape,2017,MH21AB5794,UberPool,Auto,5,2024-06-01 12:01:15
881,1711,Bajaj,RE,2018,MH66AB3556,UberBlack,Auto,1,2024-02-23 17:00:57
882,1712,Piaggio,Ape,2019,MH50AB2049,UberBlack,Auto,4,2024-05-13 09:11:43
883,1713,Royal Enfield,Classic 350,2015,MH60AB4229,UberPool,Bike,2,2025-05-07 23:56:31
884,1715,Bajaj,Ape,2017,MH76AB7985,UberX,Auto,1,2024-10-15 19:01:56
885,1716,Maruti,Dzire,2017,MH13AB1802,UberBlack,Car,6,2024-11-20 08:00:59
886,1717,TVS,Ape,2019,MH26AB7352,UberPool,Auto,5,2024-03-15 16:58:04
887,1719,Toyota,Dzire,2021,MH67AB7242,UberX,Car,5,2025-04-09 14:23:07
888,1720,Honda,i20,2021,MH73AB2405,UberBlack,Car,2,2024-06-17 19:47:21
889,1721,Hero,Apache,2019,MH87AB5686,UberPool,Bike,2,2023-08-21 08:00:44
890,1722,Bajaj,RE,2023,MH57AB7869,UberPool,Auto,5,2024-10-24 00:07:01
891,1723,Bajaj,RE,2018,MH28AB5285,UberBlack,Auto,3,2025-04-15 20:40:21
892,1725,Honda,Dzire,2020,MH16AB1014,UberX,Car,1,2023-03-07 23:48:36
893,1726,TVS,Classic 350,2016,MH70AB6652,UberBlack,Bike,2,2023-04-22 11:14:47
894,1727,Piaggio,Ape,2015,MH79AB1799,UberX,Auto,5,2024-03-27 14:01:04
895,1729,Piaggio,Ape,2015,MH46AB5182,UberBlack,Auto,1,2024-01-04 23:46:49
896,1730,Hyundai,Swift,2019,MH40AB2046,UberPool,Car,4,2024-02-09 18:59:36
897,1731,Honda,Apache,2016,MH97AB4499,UberPool,Bike,2,2025-06-10 15:37:35
898,1733,Honda,Ertiga,2016,MH45AB9438,UberBlack,Car,2,2024-12-29 09:52:47
899,1734,TVS,Classic 350,2020,MH55AB9285,UberX,Bike,2,2025-02-13 22:37:17
900,1741,Maruti,i20,2015,MH23AB7607,UberBlack,Car,3,2025-06-01 06:11:54
901,1742,TVS,Classic 350,2016,MH72AB8385,UberBlack,Bike,2,2025-03-08 05:22:25
902,1744,Hero,Splendor,2015,MH29AB8579,UberBlack,Bike,2,2023-06-28 10:53:29
903,1745,Tata,i20,2023,MH98AB4345,UberPool,Car,6,2023-06-27 22:26:52
904,1746,Tata,Swift,2016,MH56AB9453,UberPool,Car,4,2023-01-16 13:15:51
905,1747,TVS,RE,2016,MH82AB8700,UberPool,Auto,4,2023-02-28 10:08:37
906,1754,Honda,Activa,2018,MH94AB4263,UberX,Bike,2,2025-03-14 02:22:11
907,1756,Hero,Classic 350,2015,MH51AB1460,UberPool,Bike,2,2025-05-06 11:31:43
908,1759,Bajaj,King,2018,MH42AB6841,UberBlack,Auto,5,2025-03-30 13:53:07
909,1760,Honda,Innova,2021,MH51AB8204,UberBlack,Car,2,2023-08-22 15:48:46
910,1761,TVS,RE,2020,MH40AB5054,UberBlack,Auto,6,2023-02-08 20:56:32
911,1762,Piaggio,RE,2019,MH30AB7355,UberPool,Auto,6,2024-02-08 18:38:21
912,1763,Maruti,WagonR,2022,MH52AB1709,UberX,Car,6,2023-05-09 08:07:51
913,1764,Honda,Apache,2021,MH64AB9979,UberPool,Bike,2,2023-08-20 10:37:59
914,1765,Bajaj,RE,2018,MH10AB3484,UberBlack,Auto,3,2022-08-19 05:02:44
915,1767,Toyota,WagonR,2017,MH71AB7295,UberPool,Car,5,2025-05-25 00:05:00
916,1768,Piaggio,RE,2019,MH50AB2140,UberBlack,Auto,3,2022-09-07 21:56:50
917,1771,Piaggio,RE,2017,MH50AB3060,UberBlack,Auto,3,2024-01-10 11:59:17
918,1772,Royal Enfield,Splendor,2018,MH10AB9918,UberPool,Bike,2,2022-12-13 15:00:31
919,1773,Maruti,i20,2022,MH26AB1130,UberBlack,Car,4,2024-05-25 23:19:11
920,1776,Honda,Ertiga,2017,MH71AB8784,UberPool,Car,4,2024-05-03 18:57:47
921,1778,Bajaj,RE,2023,MH47AB3297,UberPool,Auto,2,2025-04-14 22:25:58
922,1779,Piaggio,King,2023,MH59AB4250,UberX,Auto,5,2024-02-06 08:26:05
923,1780,Maruti,WagonR,2016,MH28AB2199,UberX,Car,2,2023-03-17 03:33:05
924,1784,TVS,RE,2018,MH47AB5755,UberPool,Auto,2,2023-06-25 09:21:18
925,1785,Bajaj,King,2022,MH98AB8324,UberPool,Auto,1,2023-11-08 09:35:16
926,1791,Piaggio,King,2016,MH96AB8778,UberX,Auto,4,2023-08-02 08:37:37
927,1792,Honda,Classic 350,2020,MH61AB7596,UberPool,Bike,2,2022-11-18 15:56:49
928,1793,TVS,Splendor,2021,MH77AB4842,UberX,Bike,2,2025-01-06 20:28:20
929,1794,TVS,Splendor,2015,MH88AB7007,UberX,Bike,2,2023-10-07 01:53:15
930,1795,Hyundai,Dzire,2021,MH97AB6972,UberX,Car,4,2024-03-13 04:15:33
931,1801,Bajaj,Ape,2017,MH26AB2445,UberBlack,Auto,1,2024-01-14 23:28:58
932,1804,Bajaj,Activa,2015,MH68AB1348,UberPool,Bike,2,2024-07-12 09:43:58
933,1805,TVS,King,2018,MH63AB1820,UberX,Auto,3,2023-11-02 02:36:19
934,1806,Honda,Splendor,2016,MH52AB1608,UberBlack,Bike,2,2025-03-27 18:35:11
935,1808,Bajaj,RE,2016,MH60AB3480,UberPool,Auto,1,2025-03-17 18:45:26
936,1809,Honda,Swift,2017,MH61AB6712,UberBlack,Car,5,2024-10-16 12:16:35
937,1811,Bajaj,Ape,2019,MH69AB6509,UberBlack,Auto,4,2022-11-18 10:25:48
938,1815,Bajaj,RE,2020,MH46AB9316,UberBlack,Auto,6,2024-05-17 22:40:45
939,1816,Hyundai,WagonR,2016,MH86AB4062,UberX,Car,3,2023-10-31 15:34:27
940,1817,TVS,King,2016,MH42AB7298,UberX,Auto,6,2025-07-05 02:10:21
941,1824,TVS,Ape,2021,MH46AB4933,UberX,Auto,1,2024-10-02 16:45:56
942,1826,Maruti,WagonR,2017,MH94AB7679,UberPool,Car,3,2023-11-20 13:22:25
943,1828,Honda,Dzire,2019,MH60AB9826,UberPool,Car,3,2024-04-10 02:21:41
944,1829,Bajaj,Ape,2022,MH95AB3105,UberPool,Auto,1,2023-05-21 23:00:45
945,1830,Maruti,Ertiga,2017,MH12AB9947,UberPool,Car,6,2023-09-27 07:56:41
946,1832,Maruti,Innova,2021,MH12AB6236,UberX,Car,5,2023-07-12 15:55:36
947,1834,Honda,Innova,2019,MH36AB3346,UberPool,Car,1,2025-07-31 03:04:39
948,1839,Bajaj,Splendor,2018,MH40AB6247,UberPool,Bike,2,2023-02-05 15:49:12
949,1840,Bajaj,King,2018,MH11AB2464,UberX,Auto,1,2023-11-05 05:24:06
950,1845,Bajaj,Ape,2015,MH77AB4846,UberX,Auto,5,2023-06-11 09:04:42
951,1847,Honda,Splendor,2015,MH49AB9711,UberX,Bike,2,2024-01-02 11:11:29
952,1850,Honda,Ertiga,2018,MH52AB5565,UberX,Car,3,2024-06-10 23:53:04
953,1851,Piaggio,RE,2015,MH89AB4770,UberX,Auto,3,2022-08-27 06:30:20
954,1856,Bajaj,Ape,2022,MH63AB7958,UberX,Auto,2,2023-08-13 09:11:17
955,1859,Royal Enfield,Pulsar,2023,MH92AB1405,UberBlack,Bike,2,2023-09-01 00:04:43
956,1861,Toyota,Dzire,2021,MH76AB2094,UberPool,Car,5,2022-11-29 17:06:22
957,1862,Royal Enfield,Apache,2022,MH10AB6693,UberBlack,Bike,2,2022-11-21 20:16:27
958,1866,Maruti,Swift,2015,MH54AB9986,UberX,Car,6,2023-10-05 01:31:13
959,1869,Bajaj,RE,2021,MH73AB4322,UberBlack,Auto,4,2024-06-02 19:19:42
960,1870,Piaggio,King,2017,MH22AB3044,UberBlack,Auto,3,2023-05-14 16:58:59
961,1871,Tata,i20,2018,MH70AB7687,UberBlack,Car,3,2024-02-03 23:28:11
962,1874,Bajaj,Ape,2016,MH61AB8959,UberPool,Auto,4,2025-01-11 21:14:45
963,1875,Bajaj,Ape,2022,MH71AB7522,UberX,Auto,6,2024-01-03 17:27:06
964,1879,Piaggio,RE,2021,MH40AB8085,UberBlack,Auto,5,2023-10-12 06:20:02
965,1880,Piaggio,King,2015,MH21AB7496,UberBlack,Auto,2,2023-01-10 13:31:13
966,1882,Royal Enfield,Pulsar,2017,MH33AB7965,UberPool,Bike,2,2023-03-24 09:58:01
967,1884,Royal Enfield,Activa,2023,MH11AB4190,UberPool,Bike,2,2024-09-21 19:48:16
968,1885,TVS,RE,2021,MH51AB3769,UberX,Auto,5,2022-09-15 19:10:39
969,1886,Piaggio,Ape,2023,MH87AB1011,UberPool,Auto,3,2025-06-18 12:12:12
970,1890,Piaggio,RE,2020,MH82AB9772,UberX,Auto,2,2025-02-26 17:01:44
971,1891,TVS,Activa,2022,MH71AB8616,UberX,Bike,2,2023-10-07 19:46:59
972,1892,TVS,Activa,2022,MH58AB5855,UberX,Bike,2,2025-03-12 15:28:29
973,1893,Bajaj,Ape,2020,MH78AB1403,UberPool,Auto,1,2023-06-06 20:57:16
974,1895,Hyundai,Swift,2022,MH23AB7349,UberPool,Car,4,2022-08-17 13:48:37
975,1897,Piaggio,RE,2016,MH27AB6775,UberPool,Auto,3,2024-01-15 05:44:41
976,1899,Honda,i20,2022,MH20AB2870,UberPool,Car,5,2025-06-20 10:37:25
977,1903,Hero,Splendor,2020,MH15AB1071,UberBlack,Bike,2,2023-12-14 18:08:44
978,1907,Bajaj,King,2019,MH86AB3964,UberBlack,Auto,4,2023-07-01 03:52:22
979,1909,TVS,King,2022,MH16AB4816,UberBlack,Auto,1,2023-10-08 15:13:20
980,1911,Honda,Dzire,2015,MH25AB2665,UberBlack,Car,2,2022-11-08 07:12:19
981,1913,Hero,Splendor,2023,MH60AB1591,UberPool,Bike,2,2025-05-10 18:27:48
982,1915,Bajaj,Activa,2015,MH61AB6646,UberX,Bike,2,2022-09-20 23:00:46
983,1916,Toyota,Dzire,2018,MH62AB4454,UberX,Car,6,2025-02-11 19:25:24
984,1917,Bajaj,King,2017,MH15AB1223,UberPool,Auto,6,2023-11-22 16:31:30
985,1918,Maruti,Dzire,2019,MH32AB7306,UberBlack,Car,6,2024-05-06 11:51:21
986,1919,Bajaj,Apache,2022,MH56AB4919,UberPool,Bike,2,2024-07-10 11:01:18
987,1921,Piaggio,King,2015,MH99AB6351,UberPool,Auto,6,2023-10-22 21:12:30
988,1923,Hyundai,Innova,2021,MH94AB7020,UberPool,Car,6,2024-10-30 06:32:15
989,1925,TVS,Splendor,2021,MH79AB9076,UberX,Bike,2,2022-08-29 23:08:07
990,1927,TVS,Apache,2020,MH38AB5167,UberPool,Bike,2,2023-10-05 22:55:53
991,1928,Bajaj,King,2021,MH93AB8030,UberBlack,Auto,5,2023-01-17 13:57:08
992,1929,TVS,King,2023,MH35AB5385,UberBlack,Auto,2,2022-12-20 11:10:42
993,1932,Honda,Pulsar,2020,MH93AB9962,UberPool,Bike,2,2023-11-18 23:10:40
994,1933,Bajaj,King,2022,MH37AB8113,UberPool,Auto,3,2023-12-13 01:32:36
995,1935,TVS,RE,2017,MH13AB8548,UberPool,Auto,3,2024-07-14 19:01:15
996,1936,TVS,RE,2023,MH87AB5763,UberX,Auto,2,2024-02-28 07:13:58
997,1937,TVS,Ape,2023,MH37AB5125,UberPool,Auto,2,2023-07-01 11:02:41
998,1939,TVS,Ape,2020,MH78AB1518,UberPool,Auto,1,2023-07-15 22:26:37
999,1940,TVS,King,2015,MH56AB1522,UberBlack,Auto,2,2025-02-10 15:47:47
1000,1941,TVS,King,2022,MH31AB1134,UberX,Auto,4,2023-12-31 01:19:56
1001,1942,Hyundai,Dzire,2018,MH82AB1748,UberBlack,Car,4,2025-06-15 23:42:23
1002,1944,Bajaj,Classic 350,2017,MH85AB6156,UberPool,Bike,2,2022-11-13 22:41:58
1003,1948,TVS,Ape,2015,MH40AB1468,UberX,Auto,4,2024-02-11 09:35:43
1004,1949,Hyundai,i20,2020,MH24AB6805,UberX,Car,6,2025-04-26 23:18:43
1005,1953,Maruti,Innova,2020,MH12AB4030,UberBlack,Car,1,2024-07-12 04:44:19
1006,1954,Bajaj,Apache,2018,MH18AB3281,UberPool,Bike,2,2023-09-28 10:06:19
1007,1956,TVS,Ape,2018,MH38AB9052,UberBlack,Auto,3,2024-05-30 21:52:24
1008,1957,Maruti,Ertiga,2016,MH24AB3330,UberX,Car,6,2022-08-31 02:31:39
1009,1959,Honda,Splendor,2019,MH31AB7571,UberPool,Bike,2,2024-05-12 06:55:05
1010,1960,Tata,Innova,2017,MH80AB8112,UberBlack,Car,4,2024-07-26 03:41:17
1011,1961,Hyundai,Swift,2015,MH77AB6955,UberPool,Car,2,2024-09-23 12:44:08
1012,1964,Bajaj,Ape,2020,MH54AB5793,UberPool,Auto,1,2022-09-14 10:50:27
1013,1966,Royal Enfield,Splendor,2016,MH84AB4803,UberPool,Bike,2,2024-11-23 18:21:17
1014,1967,Maruti,WagonR,2019,MH54AB6856,UberPool,Car,6,2023-05-28 15:50:02
1015,1968,Tata,Ertiga,2015,MH63AB3223,UberPool,Car,2,2022-12-28 04:53:45
1016,1969,Bajaj,King,2022,MH35AB5054,UberPool,Auto,3,2023-05-19 20:03:58
1017,1970,Hero,Pulsar,2016,MH95AB6201,UberPool,Bike,2,2023-09-07 23:08:01
1018,1973,Royal Enfield,Pulsar,2021,MH42AB2663,UberX,Bike,2,2024-06-10 01:16:41
1019,1977,Hero,Activa,2019,MH77AB2941,UberBlack,Bike,2,2025-05-18 09:56:56
1020,1981,TVS,King,2017,MH11AB1970,UberPool,Auto,5,2024-02-11 16:33:25
1021,1983,Maruti,i20,2021,MH40AB1330,UberX,Car,5,2023-06-08 17:07:39
1022,1984,TVS,RE,2021,MH73AB1971,UberPool,Auto,3,2022-08-10 14:13:58
1023,1985,Hyundai,Ertiga,2023,MH28AB3048,UberBlack,Car,6,2024-08-30 09:35:13
1024,1986,TVS,King,2018,MH96AB2637,UberX,Auto,2,2023-04-01 11:35:32
1025,1988,Bajaj,Activa,2023,MH77AB1630,UberPool,Bike,2,2023-05-03 17:55:39
1026,1989,TVS,RE,2019,MH93AB3494,UberX,Auto,2,2025-02-01 10:17:16
1027,1990,Honda,Pulsar,2021,MH48AB7000,UberX,Bike,2,2025-01-07 21:44:40
1028,1992,Bajaj,Ape,2017,MH40AB2754,UberX,Auto,3,2024-02-19 22:14:07
1029,1997,Tata,Innova,2020,MH66AB7202,UberPool,Car,2,2024-01-08 16:36:50
1030,1998,Piaggio,RE,2016,MH52AB5797,UberBlack,Auto,1,2023-03-20 09:22:10
1031,2000,TVS,Ape,2019,MH34AB2393,UberBlack,Auto,6,2022-11-20 02:32:14
1032,2001,Hyundai,Dzire,2021,MH88AB7103,UberX,Car,1,2023-12-06 12:10:32
1033,2005,Toyota,Ertiga,2022,MH71AB2944,UberBlack,Car,6,2024-06-28 04:34:48
1034,2006,Hyundai,Swift,2021,MH28AB2879,UberBlack,Car,4,2023-04-29 02:34:47
1035,2007,Bajaj,King,2020,MH18AB8404,UberX,Auto,2,2023-08-02 10:55:23
1036,2011,Bajaj,King,2017,MH97AB2366,UberBlack,Auto,1,2023-01-05 23:13:04
1037,2012,Piaggio,King,2018,MH89AB3549,UberX,Auto,1,2023-09-11 02:39:33
1038,2014,Piaggio,RE,2021,MH82AB2237,UberPool,Auto,4,2024-12-19 03:16:58
1039,2015,Tata,WagonR,2022,MH24AB1440,UberPool,Car,2,2024-12-07 11:49:56
1040,2016,Piaggio,Ape,2022,MH72AB1016,UberPool,Auto,6,2025-01-23 07:53:45
1041,2018,TVS,Activa,2016,MH57AB4219,UberX,Bike,2,2024-06-23 12:22:06
1042,2021,TVS,Apache,2015,MH11AB3909,UberX,Bike,2,2025-04-10 05:16:45
1043,2022,Tata,Ertiga,2023,MH41AB9099,UberBlack,Car,5,2024-01-11 05:12:10
1044,2023,Toyota,Ertiga,2019,MH91AB6672,UberX,Car,2,2024-02-23 11:35:12
1045,2024,TVS,Ape,2021,MH67AB7497,UberX,Auto,2,2024-02-25 03:18:41
1046,2025,Bajaj,King,2015,MH87AB4370,UberPool,Auto,4,2025-01-05 19:59:34
1047,2032,Piaggio,King,2020,MH48AB2127,UberBlack,Auto,6,2024-05-11 03:41:30
1048,2034,Bajaj,RE,2021,MH79AB9273,UberX,Auto,1,2024-09-29 17:47:14
1049,2036,Toyota,i20,2017,MH67AB3826,UberX,Car,1,2023-09-14 03:47:13
1050,2042,Hero,Pulsar,2018,MH45AB7148,UberX,Bike,2,2023-02-04 06:16:39
1051,2043,Honda,Innova,2017,MH29AB1047,UberX,Car,2,2023-05-25 17:20:20
1052,2044,Piaggio,Ape,2017,MH56AB4867,UberX,Auto,1,2024-12-13 00:53:50
1053,2049,Piaggio,RE,2016,MH96AB7336,UberBlack,Auto,1,2025-01-03 12:11:50
1054,2051,Piaggio,King,2018,MH63AB1148,UberX,Auto,5,2023-02-23 01:21:34
1055,2053,Piaggio,Ape,2016,MH93AB8846,UberX,Auto,6,2024-10-31 08:42:00
1056,2054,Honda,Splendor,2022,MH75AB6017,UberBlack,Bike,2,2024-12-02 00:32:16
1057,2055,Royal Enfield,Classic 350,2017,MH15AB1700,UberX,Bike,2,2024-12-15 21:40:57
1058,2057,Bajaj,Splendor,2019,MH99AB2633,UberX,Bike,2,2024-07-28 10:35:41
1059,2058,Hero,Classic 350,2016,MH65AB4955,UberPool,Bike,2,2024-01-08 16:15:37
1060,2059,TVS,RE,2023,MH87AB6253,UberX,Auto,2,2024-03-25 11:41:34
1061,2063,Tata,Swift,2023,MH57AB2325,UberX,Car,5,2025-02-10 00:05:07
1062,2069,Honda,Innova,2019,MH56AB5252,UberPool,Car,4,2025-03-13 08:58:04
1063,2072,TVS,RE,2021,MH54AB6544,UberPool,Auto,1,2025-03-10 06:05:21
1064,2076,Bajaj,King,2021,MH73AB2282,UberX,Auto,4,2022-08-28 04:46:24
1065,2077,Hero,Activa,2023,MH63AB3316,UberPool,Bike,2,2024-12-13 22:42:56
1066,2079,Honda,Innova,2021,MH23AB3203,UberBlack,Car,4,2023-12-05 07:34:48
1067,2081,Royal Enfield,Activa,2018,MH13AB7099,UberPool,Bike,2,2024-04-05 21:16:16
1068,2082,Bajaj,Classic 350,2016,MH35AB9920,UberBlack,Bike,2,2025-02-26 03:40:28
1069,2084,TVS,Splendor,2017,MH27AB4562,UberBlack,Bike,2,2023-02-19 10:03:25
1070,2085,Piaggio,King,2021,MH18AB5946,UberPool,Auto,4,2022-10-23 00:08:53
1071,2088,Bajaj,Classic 350,2021,MH36AB4578,UberX,Bike,2,2023-04-01 00:40:45
1072,2089,Hero,Splendor,2022,MH63AB2585,UberBlack,Bike,2,2024-11-09 09:08:52
1073,2090,Bajaj,Splendor,2020,MH33AB5841,UberBlack,Bike,2,2025-04-22 09:45:09
1074,2091,Maruti,i20,2021,MH78AB7905,UberX,Car,4,2023-06-03 03:48:16
1075,2092,Royal Enfield,Splendor,2019,MH59AB6131,UberPool,Bike,2,2024-01-19 21:53:44
1076,2093,Piaggio,King,2023,MH71AB1357,UberX,Auto,4,2023-02-28 21:13:33
1077,2101,Piaggio,RE,2015,MH13AB5559,UberBlack,Auto,2,2024-10-02 04:49:28
1078,2103,Honda,Pulsar,2021,MH39AB2290,UberPool,Bike,2,2024-07-05 03:35:00
1079,2104,Bajaj,Ape,2017,MH86AB2861,UberBlack,Auto,6,2024-03-13 00:39:33
1080,2105,Tata,Swift,2021,MH52AB4654,UberPool,Car,1,2025-06-05 05:37:12
1081,2107,Hyundai,Swift,2021,MH97AB3378,UberBlack,Car,1,2024-08-21 04:18:27
1082,2108,Honda,WagonR,2017,MH26AB9414,UberX,Car,3,2023-12-29 05:53:36
1083,2110,Hero,Activa,2018,MH12AB2433,UberBlack,Bike,2,2024-03-19 08:30:20
1084,2116,Tata,Ertiga,2021,MH93AB1875,UberPool,Car,3,2024-06-07 06:09:08
1085,2119,TVS,Ape,2023,MH93AB5129,UberBlack,Auto,4,2024-08-07 15:15:25
1086,2122,Honda,Activa,2022,MH89AB1931,UberPool,Bike,2,2023-07-07 23:04:13
1087,2123,Toyota,Swift,2022,MH25AB2808,UberPool,Car,5,2025-05-08 04:31:16
1088,2125,TVS,Classic 350,2020,MH76AB2555,UberBlack,Bike,2,2023-01-09 10:58:42
1089,2126,Piaggio,Ape,2016,MH11AB8088,UberX,Auto,4,2024-03-01 21:34:50
1090,2128,Hyundai,WagonR,2018,MH22AB7683,UberX,Car,1,2025-04-11 12:30:17
1091,2130,Honda,WagonR,2020,MH55AB8350,UberX,Car,6,2024-11-26 07:41:26
1092,2132,Hero,Classic 350,2019,MH87AB7725,UberX,Bike,2,2023-09-26 18:09:37
1093,2133,Honda,Activa,2016,MH21AB4461,UberBlack,Bike,2,2023-02-15 04:07:46
1094,2134,Piaggio,Ape,2015,MH60AB9690,UberX,Auto,6,2024-07-29 09:05:16
1095,2139,Maruti,Dzire,2015,MH73AB2259,UberPool,Car,4,2023-01-07 04:42:21
1096,2143,Bajaj,Pulsar,2016,MH59AB4634,UberBlack,Bike,2,2023-10-05 09:34:22
1097,2145,Tata,Swift,2018,MH19AB8703,UberBlack,Car,5,2024-07-27 05:05:49
1098,2155,TVS,Activa,2015,MH15AB6086,UberBlack,Bike,2,2025-03-16 10:47:14
1099,2158,Bajaj,RE,2022,MH96AB3676,UberBlack,Auto,3,2024-03-19 12:34:14
1100,2159,TVS,King,2023,MH52AB9249,UberX,Auto,3,2024-12-17 21:50:10
1101,2161,TVS,RE,2023,MH25AB3509,UberPool,Auto,3,2023-12-16 13:35:33
1102,2164,Bajaj,Ape,2017,MH28AB6278,UberPool,Auto,1,2022-12-08 22:34:53
1103,2165,TVS,Splendor,2017,MH51AB2093,UberBlack,Bike,2,2025-02-19 01:30:48
1104,2167,TVS,King,2021,MH32AB2741,UberBlack,Auto,2,2025-02-16 00:28:50
1105,2170,Bajaj,King,2015,MH25AB9880,UberPool,Auto,2,2022-08-17 11:24:16
1106,2172,Piaggio,King,2020,MH43AB2600,UberX,Auto,6,2024-07-28 23:48:03
1107,2175,TVS,King,2018,MH22AB6143,UberPool,Auto,2,2024-04-14 04:59:32
1108,2177,Honda,Dzire,2015,MH70AB7552,UberBlack,Car,6,2024-02-16 20:42:17
1109,2179,TVS,Ape,2015,MH93AB8022,UberBlack,Auto,6,2023-02-07 14:15:19
1110,2180,TVS,Activa,2023,MH69AB3221,UberBlack,Bike,2,2024-03-08 23:05:20
1111,2181,Hero,Activa,2017,MH99AB2763,UberPool,Bike,2,2023-03-13 16:52:17
1112,2184,Bajaj,Apache,2016,MH63AB7561,UberBlack,Bike,2,2022-09-14 02:44:29
1113,2186,Maruti,Dzire,2018,MH89AB8708,UberX,Car,4,2023-07-01 04:48:12
1114,2192,Hero,Classic 350,2017,MH25AB8845,UberBlack,Bike,2,2023-12-28 20:03:34
1115,2194,Hyundai,Swift,2017,MH49AB3172,UberBlack,Car,2,2022-09-24 20:43:39
1116,2195,Bajaj,Ape,2019,MH22AB9605,UberBlack,Auto,2,2024-10-01 23:34:12
1117,2196,Tata,Ertiga,2018,MH33AB4845,UberPool,Car,3,2023-07-14 02:02:02
1118,2197,Hero,Splendor,2023,MH22AB6079,UberPool,Bike,2,2024-04-08 18:14:59
1119,2198,Bajaj,Apache,2023,MH44AB3544,UberBlack,Bike,2,2024-10-30 08:16:03
1120,2199,Bajaj,RE,2019,MH41AB7026,UberX,Auto,6,2024-05-02 09:02:03
1121,2200,TVS,King,2021,MH54AB2488,UberX,Auto,6,2022-09-18 22:22:59
1122,2201,Piaggio,King,2016,MH53AB7824,UberPool,Auto,1,2024-06-09 23:21:14
1123,2202,Piaggio,King,2016,MH49AB9109,UberPool,Auto,2,2024-08-08 22:15:20
1124,2203,Piaggio,Ape,2016,MH34AB8658,UberX,Auto,3,2024-11-01 10:00:28
1125,2204,Bajaj,Apache,2020,MH21AB1914,UberBlack,Bike,2,2023-10-01 16:47:07
1126,2209,Tata,Swift,2016,MH13AB4270,UberPool,Car,4,2023-11-30 04:33:46
1127,2211,Honda,Apache,2017,MH83AB3874,UberX,Bike,2,2025-02-03 11:09:28
1128,2213,Bajaj,RE,2022,MH58AB7252,UberPool,Auto,5,2024-05-12 22:22:30
1129,2214,TVS,Ape,2017,MH31AB6684,UberX,Auto,2,2023-09-15 16:50:45
1130,2219,TVS,RE,2019,MH21AB2071,UberBlack,Auto,5,2022-12-16 10:08:39
1131,2220,Honda,Ertiga,2015,MH89AB4776,UberPool,Car,2,2023-02-11 21:26:01
1132,2222,Bajaj,Apache,2015,MH58AB7957,UberBlack,Bike,2,2023-08-10 04:48:27
1133,2224,Honda,Ertiga,2018,MH44AB7719,UberX,Car,2,2024-02-26 03:16:45
1134,2230,Honda,Activa,2018,MH40AB5216,UberX,Bike,2,2025-05-25 17:19:12
1135,2231,TVS,Splendor,2023,MH58AB8146,UberBlack,Bike,2,2024-11-07 07:11:32
1136,2232,Hero,Activa,2021,MH56AB5718,UberX,Bike,2,2025-04-09 20:48:13
1137,2236,Bajaj,Activa,2017,MH59AB3188,UberBlack,Bike,2,2025-04-17 19:25:43
1138,2237,TVS,Splendor,2022,MH44AB4345,UberPool,Bike,2,2025-02-07 02:15:57
1139,2238,Honda,Innova,2017,MH81AB9569,UberBlack,Car,3,2023-04-22 17:29:36
1140,2240,TVS,King,2015,MH41AB7994,UberBlack,Auto,4,2025-05-21 07:02:58
1141,2245,TVS,Pulsar,2020,MH86AB2574,UberPool,Bike,2,2024-08-25 01:07:01
1142,2247,TVS,Splendor,2019,MH68AB3041,UberBlack,Bike,2,2025-07-06 20:11:01
1143,2248,Bajaj,RE,2015,MH85AB6574,UberPool,Auto,2,2022-08-14 17:08:40
1144,2249,Piaggio,King,2018,MH45AB5666,UberBlack,Auto,6,2022-09-08 02:26:45
1145,2250,Piaggio,King,2021,MH76AB8104,UberPool,Auto,4,2025-05-03 22:31:11
1146,2251,Piaggio,Ape,2019,MH68AB1268,UberPool,Auto,6,2024-03-17 21:25:09
1147,2252,Tata,Ertiga,2015,MH65AB1843,UberX,Car,3,2025-02-16 23:45:29
1148,2257,TVS,RE,2016,MH13AB4520,UberBlack,Auto,3,2024-12-20 21:08:03
1149,2258,TVS,RE,2020,MH60AB8871,UberPool,Auto,4,2023-03-26 19:00:11
1150,2262,TVS,Splendor,2020,MH19AB9893,UberBlack,Bike,2,2022-12-17 18:07:39
1151,2264,TVS,RE,2016,MH59AB9051,UberBlack,Auto,3,2025-02-22 03:17:30
1152,2266,Honda,Pulsar,2018,MH46AB4399,UberPool,Bike,2,2023-04-04 10:33:30
1153,2272,Piaggio,King,2023,MH51AB1305,UberPool,Auto,3,2025-03-05 10:50:39
1154,2277,Hyundai,WagonR,2021,MH83AB4757,UberPool,Car,3,2022-11-04 03:14:13
1155,2278,Hero,Pulsar,2019,MH32AB8121,UberX,Bike,2,2023-03-29 11:23:31
1156,2279,Honda,Activa,2017,MH52AB8302,UberX,Bike,2,2023-10-22 06:24:36
1157,2281,Hero,Pulsar,2020,MH17AB4943,UberBlack,Bike,2,2023-12-11 03:35:17
1158,2284,Royal Enfield,Classic 350,2017,MH58AB5929,UberBlack,Bike,2,2022-09-21 13:37:56
1159,2286,Tata,Dzire,2023,MH92AB5710,UberBlack,Car,2,2024-06-18 07:29:12
1160,2289,TVS,Ape,2015,MH95AB7313,UberX,Auto,3,2024-03-20 07:19:00
1161,2293,TVS,RE,2015,MH20AB1356,UberX,Auto,2,2023-05-12 00:23:43
1162,2295,Honda,Activa,2021,MH86AB6463,UberX,Bike,2,2023-11-01 11:12:56
1163,2296,Piaggio,RE,2015,MH47AB9252,UberPool,Auto,2,2024-11-08 00:50:37
1164,2297,TVS,King,2020,MH77AB7161,UberPool,Auto,1,2024-04-23 13:47:42
1165,2299,Tata,Innova,2021,MH28AB1845,UberX,Car,6,2023-09-29 16:18:00
1166,2300,Bajaj,Apache,2019,MH97AB5608,UberX,Bike,2,2023-09-17 23:11:16
1167,2301,Piaggio,King,2021,MH75AB7185,UberBlack,Auto,6,2025-01-13 18:22:35
1168,2302,Bajaj,RE,2016,MH78AB2178,UberBlack,Auto,2,2025-06-29 06:43:06
1169,2306,Toyota,Innova,2022,MH96AB7908,UberX,Car,4,2025-02-09 03:15:19
1170,2307,Piaggio,RE,2022,MH38AB3032,UberPool,Auto,3,2024-11-21 10:14:41
1171,2311,TVS,Classic 350,2022,MH64AB3835,UberBlack,Bike,2,2023-01-16 18:45:46
1172,2313,Bajaj,Classic 350,2018,MH60AB8282,UberBlack,Bike,2,2024-01-26 15:02:36
1173,2314,Hero,Activa,2023,MH87AB9001,UberPool,Bike,2,2025-02-01 20:30:53
1174,2318,Royal Enfield,Apache,2019,MH97AB5699,UberBlack,Bike,2,2025-06-26 00:28:18
1175,2320,Hyundai,i20,2020,MH27AB6802,UberX,Car,4,2024-01-17 23:19:38
1176,2321,TVS,King,2015,MH40AB8802,UberPool,Auto,4,2023-01-04 21:39:30
1177,2322,Honda,Classic 350,2019,MH13AB5344,UberX,Bike,2,2025-04-20 15:28:49
1178,2327,Tata,WagonR,2022,MH55AB2319,UberPool,Car,5,2024-07-15 16:27:23
1179,2328,TVS,Pulsar,2019,MH21AB2245,UberPool,Bike,2,2024-08-22 19:43:54
1180,2330,Bajaj,Pulsar,2015,MH89AB1953,UberX,Bike,2,2023-09-28 03:28:10
1181,2332,Piaggio,RE,2019,MH14AB7701,UberPool,Auto,4,2023-08-22 06:19:58
1182,2333,Honda,Pulsar,2018,MH47AB5315,UberPool,Bike,2,2023-10-22 17:17:59
1183,2335,Honda,Innova,2021,MH56AB5030,UberPool,Car,2,2022-10-24 16:02:03
1184,2336,Toyota,WagonR,2021,MH14AB1220,UberX,Car,3,2023-03-13 16:50:49
1185,2337,Hero,Activa,2016,MH18AB1981,UberBlack,Bike,2,2022-12-06 15:31:52
1186,2338,Hyundai,i20,2020,MH63AB2274,UberX,Car,5,2025-03-14 18:41:15
1187,2339,Piaggio,Ape,2021,MH50AB2316,UberX,Auto,5,2024-09-08 06:17:42
1188,2340,Hyundai,i20,2018,MH67AB5533,UberPool,Car,4,2022-11-10 01:08:00
1189,2349,Hyundai,Ertiga,2019,MH70AB8351,UberPool,Car,1,2023-04-25 23:49:11
1190,2351,Piaggio,Ape,2021,MH75AB8976,UberBlack,Auto,1,2022-09-02 02:32:39
1191,2353,Royal Enfield,Activa,2021,MH61AB7281,UberBlack,Bike,2,2024-05-10 20:46:03
1192,2355,Honda,Swift,2020,MH27AB7043,UberPool,Car,3,2023-07-13 14:49:18
1193,2359,Piaggio,King,2015,MH77AB2110,UberPool,Auto,6,2023-09-25 03:14:41
1194,2360,Toyota,Ertiga,2018,MH10AB3956,UberBlack,Car,6,2024-10-16 12:39:17
1195,2361,Tata,WagonR,2019,MH12AB6169,UberPool,Car,4,2023-06-17 00:53:58
1196,2362,Bajaj,Ape,2023,MH64AB3862,UberX,Auto,1,2023-04-24 19:41:29
1197,2364,Hero,Apache,2016,MH37AB2445,UberBlack,Bike,2,2023-07-17 14:15:32
1198,2365,Royal Enfield,Splendor,2019,MH72AB6038,UberPool,Bike,2,2023-11-23 08:19:24
1199,2366,Toyota,i20,2016,MH42AB8434,UberBlack,Car,6,2024-10-09 03:02:31
1200,2367,TVS,RE,2019,MH68AB5902,UberPool,Auto,2,2024-05-24 16:34:50
1201,2369,Toyota,Innova,2019,MH46AB2689,UberX,Car,6,2023-06-04 10:38:48
1202,2370,Bajaj,Ape,2018,MH74AB8878,UberBlack,Auto,2,2023-09-21 00:43:34
1203,2371,Hero,Activa,2021,MH62AB6080,UberPool,Bike,2,2022-12-17 09:07:27
1204,2372,TVS,Splendor,2018,MH21AB4335,UberPool,Bike,2,2024-02-24 11:37:20
1205,2375,Honda,Ertiga,2018,MH11AB3315,UberPool,Car,5,2023-04-15 04:48:03
1206,2377,Bajaj,Apache,2021,MH50AB9757,UberX,Bike,2,2023-01-09 17:26:57
1207,2379,Bajaj,Activa,2023,MH78AB6974,UberBlack,Bike,2,2023-06-27 03:28:09
1208,2381,Maruti,WagonR,2023,MH87AB6371,UberPool,Car,5,2024-12-18 22:49:56
1209,2382,Bajaj,Ape,2023,MH48AB2244,UberX,Auto,5,2024-05-20 15:30:50
1210,2383,TVS,Apache,2023,MH24AB7173,UberPool,Bike,2,2024-08-19 21:39:17
1211,2385,Honda,Pulsar,2018,MH78AB4367,UberX,Bike,2,2025-04-21 09:54:19
1212,2389,Bajaj,King,2023,MH83AB2502,UberBlack,Auto,6,2023-12-03 04:55:20
1213,2390,Maruti,Dzire,2023,MH18AB5230,UberPool,Car,2,2022-12-30 14:21:17
1214,2393,Bajaj,Activa,2017,MH49AB3572,UberX,Bike,2,2025-04-29 05:20:51
1215,2394,Piaggio,King,2022,MH40AB1852,UberBlack,Auto,6,2024-06-18 21:30:04
1216,2395,Toyota,Swift,2023,MH50AB3535,UberPool,Car,2,2023-01-29 07:20:53
1217,2401,Hero,Splendor,2019,MH61AB2443,UberX,Bike,2,2023-09-03 13:57:30
1218,2402,Maruti,Innova,2020,MH56AB4207,UberX,Car,1,2023-11-19 19:49:48
1219,2405,Bajaj,Splendor,2018,MH17AB6034,UberPool,Bike,2,2024-10-13 22:38:07
1220,2406,Tata,WagonR,2023,MH21AB2635,UberX,Car,5,2024-02-03 06:55:47
1221,2407,TVS,King,2023,MH48AB6125,UberPool,Auto,4,2025-03-22 19:17:28
1222,2408,Royal Enfield,Pulsar,2019,MH51AB5973,UberX,Bike,2,2022-08-17 13:04:46
1223,2412,Piaggio,RE,2016,MH28AB7661,UberBlack,Auto,5,2024-07-28 03:37:27
1224,2413,TVS,Pulsar,2015,MH63AB6026,UberBlack,Bike,2,2022-11-16 12:53:36
1225,2415,Honda,Ertiga,2016,MH12AB7870,UberX,Car,6,2023-08-19 18:52:14
1226,2417,TVS,Ape,2021,MH98AB2528,UberX,Auto,1,2024-12-23 07:32:18
1227,2422,Piaggio,Ape,2017,MH30AB5096,UberX,Auto,6,2023-08-28 19:29:55
1228,2423,Tata,i20,2017,MH63AB9248,UberX,Car,2,2024-01-05 08:28:58
1229,2426,Bajaj,Ape,2022,MH55AB7588,UberX,Auto,6,2024-04-07 11:31:37
1230,2430,Honda,Activa,2021,MH28AB1499,UberBlack,Bike,2,2024-10-22 21:58:46
1231,2432,Hyundai,WagonR,2016,MH10AB1182,UberPool,Car,5,2023-10-16 05:41:44
1232,2436,Toyota,Ertiga,2020,MH73AB3121,UberX,Car,5,2024-02-17 04:26:45
1233,2442,TVS,RE,2018,MH30AB3388,UberX,Auto,1,2024-12-13 23:39:25
1234,2444,Piaggio,King,2019,MH81AB6564,UberBlack,Auto,4,2024-03-15 09:40:08
1235,2445,Bajaj,King,2018,MH81AB8587,UberX,Auto,2,2022-12-21 02:22:51
1236,2446,TVS,RE,2019,MH52AB4051,UberBlack,Auto,1,2024-06-03 11:04:05
1237,2448,Honda,Splendor,2017,MH90AB9454,UberPool,Bike,2,2023-04-10 15:55:50
1238,2451,Tata,Swift,2019,MH80AB1469,UberX,Car,2,2023-10-13 04:59:31
1239,2452,Hero,Classic 350,2020,MH48AB8816,UberPool,Bike,2,2024-09-24 22:00:53
1240,2453,Royal Enfield,Activa,2020,MH15AB1381,UberPool,Bike,2,2023-10-05 07:55:18
1241,2455,Honda,Ertiga,2023,MH52AB8137,UberPool,Car,6,2023-07-12 01:37:44
1242,2456,Bajaj,Splendor,2016,MH59AB6394,UberBlack,Bike,2,2024-12-08 11:16:31
1243,2459,Royal Enfield,Pulsar,2018,MH75AB9063,UberBlack,Bike,2,2024-10-05 06:47:48
1244,2460,Piaggio,King,2021,MH54AB7972,UberBlack,Auto,5,2025-03-27 12:07:56
1245,2462,Bajaj,RE,2018,MH59AB1859,UberPool,Auto,6,2023-07-09 09:30:33
1246,2466,Toyota,i20,2015,MH21AB2600,UberBlack,Car,2,2023-07-31 19:45:35
1247,2467,TVS,RE,2019,MH71AB5539,UberBlack,Auto,4,2025-07-18 06:27:57
1248,2469,Honda,i20,2015,MH37AB9338,UberX,Car,2,2022-10-08 14:47:16
1249,2470,Hero,Apache,2023,MH85AB6286,UberBlack,Bike,2,2025-05-13 12:16:04
1250,2478,Honda,Dzire,2019,MH49AB2202,UberBlack,Car,6,2023-08-30 07:10:49
1251,2479,Hyundai,WagonR,2015,MH56AB4823,UberPool,Car,4,2023-10-22 15:55:52
1252,2480,Honda,Dzire,2020,MH21AB7698,UberPool,Car,2,2024-12-29 21:25:10
1253,2485,Bajaj,Ape,2020,MH38AB3065,UberBlack,Auto,6,2024-11-30 12:20:55
1254,2488,Royal Enfield,Splendor,2023,MH42AB9364,UberBlack,Bike,2,2022-11-18 09:34:14
1255,2492,Honda,Classic 350,2020,MH58AB3445,UberBlack,Bike,2,2024-10-24 18:45:49
1256,2496,Hyundai,Ertiga,2023,MH94AB4040,UberX,Car,5,2025-07-23 14:58:08
1257,2497,Honda,Swift,2016,MH77AB4577,UberX,Car,2,2025-03-13 18:23:26
1258,2498,Bajaj,Splendor,2021,MH75AB9425,UberPool,Bike,2,2023-12-13 06:26:42
1259,2500,Honda,Apache,2021,MH72AB7709,UberBlack,Bike,2,2024-10-15 23:41:34
1260,2501,Honda,Splendor,2021,MH45AB6307,UberBlack,Bike,2,2023-01-27 07:05:31
1261,2502,Tata,Innova,2019,MH83AB6332,UberBlack,Car,4,2023-03-13 16:10:25
1262,2503,Bajaj,Splendor,2018,MH55AB4287,UberX,Bike,2,2023-07-02 23:13:54
1263,2504,TVS,Apache,2020,MH86AB3599,UberBlack,Bike,2,2025-04-20 18:40:16
1264,2505,Piaggio,King,2019,MH78AB8493,UberPool,Auto,1,2024-10-06 14:03:57
1265,2506,Bajaj,Ape,2019,MH77AB7320,UberBlack,Auto,2,2025-06-24 10:45:05
1266,2509,Royal Enfield,Apache,2016,MH93AB2930,UberBlack,Bike,2,2025-04-02 05:57:32
1267,2510,TVS,King,2019,MH52AB4670,UberPool,Auto,5,2025-06-19 21:35:55
1268,2511,TVS,Apache,2016,MH55AB8140,UberPool,Bike,2,2024-04-04 23:04:10
1269,2517,Honda,WagonR,2022,MH77AB7992,UberX,Car,6,2024-07-12 00:11:48
1270,2518,Maruti,i20,2018,MH54AB9262,UberX,Car,1,2023-07-12 06:26:14
1271,2521,Tata,Dzire,2015,MH20AB6362,UberBlack,Car,4,2025-02-12 05:44:38
1272,2523,Piaggio,RE,2017,MH45AB3368,UberX,Auto,5,2024-07-22 23:42:24
1273,2525,Honda,Pulsar,2019,MH94AB3742,UberPool,Bike,2,2025-02-21 11:17:53
1274,2527,Royal Enfield,Activa,2015,MH82AB9518,UberPool,Bike,2,2024-03-26 05:49:44
1275,2529,Hero,Splendor,2023,MH14AB5498,UberX,Bike,2,2022-09-16 06:51:35
1276,2532,Toyota,Innova,2023,MH10AB2179,UberPool,Car,2,2022-09-15 13:41:33
1277,2533,Bajaj,Apache,2023,MH61AB7557,UberBlack,Bike,2,2024-10-31 07:12:48
1278,2535,Hero,Apache,2020,MH43AB5465,UberPool,Bike,2,2024-05-15 15:04:58
1279,2536,Hyundai,Dzire,2017,MH60AB1670,UberBlack,Car,4,2022-08-05 19:41:42
1280,2544,TVS,Classic 350,2017,MH73AB3228,UberX,Bike,2,2025-05-19 14:51:03
1281,2546,TVS,Ape,2018,MH60AB5897,UberBlack,Auto,5,2024-08-30 07:05:53
1282,2547,Maruti,i20,2017,MH77AB6718,UberPool,Car,4,2024-10-27 17:10:15
1283,2551,Piaggio,Ape,2017,MH74AB6970,UberBlack,Auto,1,2022-09-25 15:33:18
1284,2553,Maruti,Innova,2020,MH93AB4563,UberBlack,Car,2,2023-10-30 07:49:15
1285,2556,Tata,WagonR,2020,MH50AB9995,UberX,Car,1,2025-01-11 17:56:18
1286,2560,Tata,Dzire,2021,MH43AB4564,UberBlack,Car,3,2025-01-25 10:45:26
1287,2562,Royal Enfield,Activa,2019,MH46AB7478,UberX,Bike,2,2022-09-30 05:05:30
1288,2563,Honda,Activa,2015,MH71AB6626,UberX,Bike,2,2023-07-11 00:34:52
1289,2565,Piaggio,Ape,2016,MH87AB9271,UberX,Auto,4,2023-06-25 00:55:38
1290,2568,TVS,Apache,2016,MH29AB5543,UberPool,Bike,2,2023-04-15 06:55:22
1291,2569,Hyundai,i20,2017,MH53AB4375,UberBlack,Car,1,2025-06-30 04:53:25
1292,2571,TVS,Activa,2023,MH32AB9519,UberBlack,Bike,2,2024-03-19 19:39:07
1293,2577,Honda,Ertiga,2020,MH94AB8796,UberPool,Car,4,2023-06-06 03:27:15
1294,2581,Royal Enfield,Apache,2021,MH50AB1601,UberPool,Bike,2,2023-01-11 17:52:54
1295,2582,Hyundai,Innova,2019,MH88AB5314,UberBlack,Car,6,2023-05-09 10:26:48
1296,2586,Hyundai,Dzire,2021,MH78AB8712,UberBlack,Car,4,2025-06-08 18:10:10
1297,2587,Hyundai,WagonR,2017,MH28AB1043,UberBlack,Car,3,2024-01-03 16:29:49
1298,2588,Bajaj,King,2021,MH98AB4948,UberPool,Auto,1,2025-05-04 14:36:56
1299,2590,Bajaj,Apache,2022,MH69AB3047,UberX,Bike,2,2023-01-12 18:05:20
1300,2592,Bajaj,RE,2016,MH52AB5133,UberPool,Auto,4,2025-06-07 14:30:22
1301,2595,Hyundai,i20,2019,MH40AB2175,UberBlack,Car,3,2024-08-01 17:48:51
1302,2598,Piaggio,King,2017,MH32AB6773,UberPool,Auto,4,2024-06-15 11:15:40
1303,2601,TVS,King,2019,MH23AB4657,UberPool,Auto,3,2024-05-26 10:40:19
1304,2602,Piaggio,Ape,2022,MH49AB2560,UberPool,Auto,5,2025-02-17 18:28:39
1305,2604,TVS,Classic 350,2018,MH89AB6145,UberX,Bike,2,2024-11-07 04:27:46
1306,2605,Toyota,i20,2020,MH57AB6726,UberBlack,Car,1,2023-06-23 08:20:48
1307,2607,Piaggio,Ape,2020,MH72AB5938,UberPool,Auto,3,2025-06-11 10:25:58
1308,2608,Bajaj,Ape,2021,MH61AB1725,UberX,Auto,5,2024-04-28 04:24:35
1309,2610,Hero,Pulsar,2021,MH31AB4904,UberX,Bike,2,2024-08-11 05:05:15
1310,2612,Piaggio,Ape,2019,MH66AB1030,UberPool,Auto,1,2025-06-02 02:52:28
1311,2617,Hero,Apache,2021,MH85AB8284,UberBlack,Bike,2,2023-02-08 02:25:00
1312,2618,Bajaj,King,2022,MH95AB9014,UberBlack,Auto,6,2023-08-12 03:34:22
1313,2622,Hyundai,Swift,2023,MH54AB6232,UberBlack,Car,3,2025-01-16 23:27:30
1314,2628,Honda,Ertiga,2018,MH73AB5643,UberPool,Car,6,2022-09-03 18:02:59
1315,2630,Hero,Splendor,2022,MH13AB4128,UberBlack,Bike,2,2024-12-11 17:09:46
1316,2631,Hero,Splendor,2016,MH68AB6700,UberBlack,Bike,2,2024-12-15 10:01:45
1317,2632,Bajaj,Ape,2015,MH23AB8181,UberBlack,Auto,1,2024-02-16 04:54:07
1318,2641,Royal Enfield,Activa,2019,MH83AB1547,UberPool,Bike,2,2025-06-06 01:53:35
1319,2643,TVS,Ape,2017,MH77AB6121,UberPool,Auto,6,2022-10-31 09:28:36
1320,2648,Tata,Ertiga,2017,MH24AB6982,UberBlack,Car,2,2024-10-21 18:41:01
1321,2651,Piaggio,Ape,2021,MH66AB7583,UberBlack,Auto,2,2023-12-24 14:13:34
1322,2652,Bajaj,Classic 350,2022,MH40AB7029,UberBlack,Bike,2,2023-09-09 17:16:34
1323,2654,Honda,Activa,2021,MH15AB9012,UberX,Bike,2,2023-03-31 10:25:01
1324,2655,Bajaj,Pulsar,2023,MH78AB4512,UberPool,Bike,2,2023-10-08 07:54:23
1325,2656,Toyota,Dzire,2020,MH23AB4176,UberBlack,Car,1,2022-10-10 19:25:40
1326,2659,Hyundai,Dzire,2015,MH87AB8669,UberPool,Car,2,2023-02-07 15:39:31
1327,2661,TVS,Activa,2018,MH65AB7638,UberBlack,Bike,2,2023-03-22 18:13:15
1328,2662,Hyundai,WagonR,2021,MH66AB2024,UberBlack,Car,3,2024-09-27 20:03:37
1329,2664,Bajaj,RE,2015,MH95AB1844,UberPool,Auto,6,2023-04-30 16:02:44
1330,2665,Bajaj,King,2021,MH56AB3512,UberPool,Auto,1,2024-08-22 23:07:53
1331,2666,Bajaj,King,2017,MH95AB7800,UberX,Auto,6,2023-05-30 23:04:27
1332,2668,Honda,Apache,2016,MH28AB9299,UberBlack,Bike,2,2022-12-18 06:12:39
1333,2670,Royal Enfield,Activa,2016,MH21AB3068,UberBlack,Bike,2,2024-02-27 21:14:19
1334,2673,Toyota,Dzire,2016,MH43AB3726,UberPool,Car,2,2023-11-03 03:30:33
1335,2674,Hero,Splendor,2022,MH92AB9954,UberBlack,Bike,2,2023-03-25 03:14:29
1336,2678,Hyundai,i20,2019,MH60AB6217,UberPool,Car,3,2022-12-19 05:17:53
1337,2681,Piaggio,King,2021,MH57AB4518,UberX,Auto,3,2023-02-24 21:24:44
1338,2682,TVS,King,2019,MH19AB2792,UberBlack,Auto,1,2024-02-11 13:10:49
1339,2684,Piaggio,Ape,2020,MH20AB4503,UberPool,Auto,4,2024-10-13 21:00:22
1340,2689,Honda,Swift,2020,MH28AB1949,UberX,Car,5,2024-11-08 03:41:34
1341,2690,Piaggio,Ape,2016,MH98AB4545,UberPool,Auto,6,2024-07-30 17:17:43
1342,2695,Honda,Apache,2016,MH78AB5578,UberPool,Bike,2,2022-10-23 15:50:19
1343,2697,Hyundai,WagonR,2017,MH31AB1457,UberX,Car,3,2024-04-26 05:48:58
1344,2699,Piaggio,RE,2018,MH41AB6302,UberPool,Auto,1,2023-12-20 19:32:16
1345,2700,Maruti,Dzire,2022,MH31AB9875,UberX,Car,4,2024-07-24 09:57:03
1346,2703,Toyota,Swift,2023,MH71AB7469,UberPool,Car,4,2022-10-26 03:38:40
1347,2709,Hero,Activa,2015,MH63AB8916,UberPool,Bike,2,2023-05-13 02:31:46
1348,2713,Honda,Dzire,2022,MH58AB3365,UberBlack,Car,5,2025-06-14 04:31:43
1349,2715,Hero,Classic 350,2021,MH93AB8909,UberBlack,Bike,2,2023-09-12 22:46:22
1350,2717,Tata,Dzire,2016,MH73AB3413,UberX,Car,3,2023-09-23 12:45:01
1351,2718,Piaggio,Ape,2021,MH81AB1808,UberBlack,Auto,3,2024-02-25 11:24:49
1352,2719,Honda,WagonR,2018,MH15AB4705,UberBlack,Car,2,2023-03-26 05:21:16
1353,2721,TVS,Apache,2021,MH42AB8035,UberPool,Bike,2,2022-10-31 16:34:31
1354,2723,Hero,Activa,2016,MH61AB1606,UberPool,Bike,2,2025-01-26 23:31:12
1355,2724,Piaggio,RE,2015,MH59AB5098,UberBlack,Auto,1,2024-11-01 23:58:00
1356,2728,Piaggio,Ape,2022,MH92AB1253,UberX,Auto,3,2023-02-13 21:10:02
1357,2729,Hyundai,Ertiga,2016,MH86AB8383,UberBlack,Car,1,2023-11-06 20:27:11
1358,2730,Honda,Swift,2020,MH81AB2635,UberX,Car,4,2024-10-15 01:40:23
1359,2731,Bajaj,Ape,2021,MH69AB1176,UberPool,Auto,3,2023-02-03 05:26:41
1360,2732,Maruti,Innova,2018,MH18AB5079,UberBlack,Car,4,2024-12-10 08:08:11
1361,2737,Bajaj,King,2017,MH61AB1056,UberX,Auto,2,2024-03-05 16:24:12
1362,2739,Tata,i20,2015,MH80AB9356,UberPool,Car,3,2023-11-07 16:46:27
1363,2740,Honda,Splendor,2017,MH87AB4799,UberX,Bike,2,2024-11-16 15:24:44
1364,2743,Honda,Pulsar,2023,MH48AB4147,UberBlack,Bike,2,2022-10-20 21:56:32
1365,2744,Piaggio,RE,2015,MH62AB6932,UberPool,Auto,2,2025-05-12 07:24:38
1366,2745,Hero,Classic 350,2019,MH53AB5156,UberPool,Bike,2,2024-02-24 14:15:47
1367,2747,Bajaj,Ape,2020,MH25AB1425,UberX,Auto,6,2025-07-05 23:23:04
1368,2750,Hyundai,Swift,2016,MH29AB9897,UberX,Car,2,2022-08-23 01:23:37
1369,2751,Honda,Innova,2020,MH75AB8900,UberBlack,Car,5,2022-10-17 09:15:25
1370,2754,Toyota,Innova,2022,MH22AB9073,UberPool,Car,1,2025-03-23 00:33:37
1371,2755,Hero,Pulsar,2015,MH54AB7730,UberBlack,Bike,2,2024-10-17 22:36:11
1372,2756,Hero,Activa,2019,MH19AB3122,UberPool,Bike,2,2024-01-09 17:49:35
1373,2757,TVS,RE,2020,MH21AB7425,UberPool,Auto,5,2022-12-27 02:06:21
1374,2759,Honda,i20,2020,MH36AB4916,UberPool,Car,4,2024-06-05 17:59:12
1375,2761,TVS,RE,2023,MH68AB7614,UberPool,Auto,4,2024-09-23 10:19:39
1376,2762,TVS,RE,2015,MH59AB5584,UberX,Auto,3,2024-03-07 12:13:57
1377,2764,Honda,Classic 350,2018,MH20AB8740,UberX,Bike,2,2022-08-29 01:44:33
1378,2766,Toyota,Dzire,2017,MH43AB7884,UberBlack,Car,6,2023-12-12 14:31:09
1379,2767,TVS,King,2022,MH43AB6575,UberX,Auto,1,2023-03-08 10:36:11
1380,2770,Honda,Apache,2023,MH15AB5972,UberBlack,Bike,2,2025-01-09 22:24:44
1381,2772,Bajaj,Splendor,2023,MH21AB6643,UberPool,Bike,2,2023-08-20 02:04:42
1382,2778,Hyundai,Innova,2017,MH71AB1843,UberPool,Car,5,2024-01-03 19:21:58
1383,2779,TVS,Ape,2019,MH71AB7775,UberX,Auto,1,2023-09-05 16:35:25
1384,2783,Maruti,WagonR,2022,MH60AB6024,UberPool,Car,3,2023-02-15 04:21:16
1385,2785,TVS,Classic 350,2020,MH69AB3455,UberBlack,Bike,2,2022-09-09 01:18:03
1386,2787,TVS,RE,2017,MH59AB4442,UberPool,Auto,5,2024-07-09 07:53:50
1387,2789,TVS,Splendor,2018,MH84AB1170,UberBlack,Bike,2,2023-07-18 16:25:11
1388,2790,TVS,Ape,2021,MH77AB6715,UberBlack,Auto,4,2024-06-29 07:15:42
1389,2791,Tata,WagonR,2017,MH93AB7680,UberX,Car,2,2023-03-25 23:52:15
1390,2793,Bajaj,King,2023,MH70AB1553,UberBlack,Auto,4,2022-10-27 02:34:48
1391,2794,Royal Enfield,Classic 350,2020,MH69AB1669,UberBlack,Bike,2,2024-11-03 03:08:17
1392,2797,Honda,i20,2021,MH28AB7164,UberX,Car,4,2024-10-05 03:57:55
1393,2800,Honda,Pulsar,2022,MH18AB2399,UberX,Bike,2,2023-02-19 00:31:04
1394,2801,Bajaj,Apache,2016,MH26AB7872,UberX,Bike,2,2023-05-14 18:34:23
1395,2805,Maruti,WagonR,2023,MH93AB3751,UberPool,Car,2,2024-02-09 03:20:47
1396,2806,Toyota,Dzire,2018,MH16AB3344,UberX,Car,5,2024-06-29 22:40:18
1397,2808,Bajaj,King,2019,MH58AB1369,UberPool,Auto,6,2023-09-21 18:43:14
1398,2811,Tata,i20,2019,MH39AB1037,UberPool,Car,5,2024-04-01 07:11:51
1399,2813,Bajaj,Pulsar,2020,MH66AB9809,UberPool,Bike,2,2023-12-05 04:34:48
1400,2814,Bajaj,Activa,2019,MH21AB3237,UberBlack,Bike,2,2025-04-27 00:21:47
1401,2818,Bajaj,Classic 350,2015,MH14AB7267,UberPool,Bike,2,2023-10-10 10:55:19
1402,2819,Honda,Activa,2020,MH46AB9711,UberPool,Bike,2,2025-04-23 14:29:27
1403,2820,Bajaj,Splendor,2016,MH84AB9524,UberX,Bike,2,2023-09-02 10:03:21
1404,2823,Bajaj,Apache,2020,MH49AB3345,UberBlack,Bike,2,2024-10-28 08:48:01
1405,2825,Hyundai,Dzire,2022,MH62AB5959,UberX,Car,3,2022-10-05 16:45:22
1406,2826,Hero,Classic 350,2023,MH64AB9684,UberBlack,Bike,2,2024-06-04 11:07:30
1407,2829,Honda,Classic 350,2015,MH96AB3956,UberX,Bike,2,2023-06-09 03:33:31
1408,2831,Honda,Dzire,2017,MH25AB5081,UberX,Car,4,2025-05-18 22:51:39
1409,2836,Maruti,i20,2020,MH81AB7574,UberPool,Car,2,2023-09-18 04:13:29
1410,2837,Piaggio,Ape,2017,MH79AB8732,UberBlack,Auto,5,2023-11-07 19:07:45
1411,2840,Bajaj,Activa,2022,MH35AB2249,UberPool,Bike,2,2024-04-09 16:36:10
1412,2841,Hyundai,i20,2020,MH62AB3845,UberBlack,Car,1,2024-10-09 19:43:29
1413,2842,Honda,Classic 350,2019,MH48AB2881,UberPool,Bike,2,2022-10-06 17:49:19
1414,2843,Toyota,Dzire,2017,MH79AB9299,UberX,Car,4,2023-04-15 14:52:25
1415,2846,Maruti,Innova,2016,MH99AB1677,UberX,Car,5,2023-08-10 11:34:18
1416,2847,TVS,Apache,2016,MH29AB1347,UberX,Bike,2,2023-10-31 04:29:21
1417,2850,Bajaj,Ape,2015,MH20AB9013,UberPool,Auto,3,2022-09-13 06:29:53
1418,2852,TVS,Splendor,2021,MH45AB9680,UberPool,Bike,2,2024-09-02 10:38:58
1419,2853,Bajaj,Ape,2016,MH17AB5408,UberPool,Auto,4,2022-09-09 16:10:09
1420,2858,Tata,Innova,2015,MH22AB6824,UberX,Car,4,2023-05-12 18:09:35
1421,2859,Piaggio,Ape,2022,MH42AB5518,UberX,Auto,1,2024-05-04 22:42:16
1422,2861,Tata,Swift,2022,MH78AB6597,UberPool,Car,6,2025-05-06 04:39:07
1423,2862,Bajaj,RE,2015,MH83AB7102,UberBlack,Auto,4,2024-06-15 20:59:17
1424,2863,Toyota,Ertiga,2023,MH37AB7519,UberBlack,Car,6,2023-03-02 19:33:05
1425,2865,Bajaj,King,2015,MH21AB5253,UberPool,Auto,4,2025-05-21 07:23:57
1426,2866,Bajaj,RE,2017,MH61AB8953,UberX,Auto,3,2024-06-02 06:08:20
1427,2867,Piaggio,Ape,2020,MH74AB2633,UberBlack,Auto,6,2022-10-08 15:55:37
1428,2869,Hero,Splendor,2020,MH15AB2750,UberBlack,Bike,2,2023-01-20 12:40:33
1429,2870,Royal Enfield,Activa,2022,MH95AB3166,UberX,Bike,2,2024-09-24 16:16:49
1430,2872,Bajaj,King,2016,MH83AB3141,UberX,Auto,1,2024-11-12 07:34:43
1431,2873,Bajaj,Ape,2020,MH26AB4903,UberX,Auto,6,2022-08-19 17:35:26
1432,2874,Honda,WagonR,2015,MH44AB4239,UberPool,Car,5,2023-08-05 08:44:01
1433,2876,Honda,Pulsar,2016,MH53AB9774,UberBlack,Bike,2,2024-10-26 19:07:03
1434,2878,TVS,Splendor,2016,MH64AB4457,UberBlack,Bike,2,2023-02-02 08:02:44
1435,2879,TVS,RE,2019,MH86AB3701,UberX,Auto,4,2023-10-31 06:23:03
1436,2880,Royal Enfield,Apache,2016,MH49AB4006,UberPool,Bike,2,2023-12-08 16:34:50
1437,2884,TVS,RE,2021,MH30AB7315,UberX,Auto,3,2025-03-24 20:18:38
1438,2886,Bajaj,Ape,2023,MH40AB2148,UberX,Auto,3,2022-08-25 07:03:31
1439,2887,Piaggio,King,2022,MH40AB8114,UberBlack,Auto,4,2025-02-27 10:33:51
1440,2888,Bajaj,Apache,2019,MH34AB6008,UberX,Bike,2,2024-09-10 16:27:22
1441,2889,TVS,King,2022,MH76AB9116,UberX,Auto,5,2022-08-25 10:29:46
1442,2890,TVS,Classic 350,2016,MH53AB7653,UberBlack,Bike,2,2024-07-20 04:53:28
1443,2891,Bajaj,Activa,2015,MH30AB1768,UberX,Bike,2,2025-04-09 04:22:46
1444,2894,Honda,Splendor,2019,MH26AB5800,UberPool,Bike,2,2024-10-30 11:20:33
1445,2895,TVS,RE,2015,MH16AB5703,UberX,Auto,5,2023-03-17 20:16:43
1446,2896,Tata,Ertiga,2020,MH71AB4736,UberPool,Car,4,2023-11-02 01:29:00
1447,2898,Hyundai,Dzire,2021,MH58AB3267,UberX,Car,3,2024-12-08 21:21:12
1448,2900,Honda,Pulsar,2015,MH38AB7759,UberBlack,Bike,2,2025-07-14 22:25:22
1449,2902,Maruti,i20,2016,MH44AB1960,UberX,Car,6,2022-12-09 20:59:11
1450,2905,Bajaj,Classic 350,2018,MH23AB2862,UberPool,Bike,2,2023-11-08 02:04:26
1451,2906,Toyota,WagonR,2019,MH18AB5237,UberPool,Car,3,2025-01-07 07:14:11
1452,2907,Honda,Splendor,2015,MH91AB2077,UberBlack,Bike,2,2023-11-03 05:28:49
1453,2909,Bajaj,Activa,2018,MH37AB6406,UberBlack,Bike,2,2023-10-17 20:52:25
1454,2910,Piaggio,King,2022,MH49AB3680,UberX,Auto,5,2022-12-29 10:57:06
1455,2911,Piaggio,RE,2020,MH88AB7836,UberBlack,Auto,4,2022-11-26 12:04:56
1456,2912,TVS,King,2016,MH55AB5082,UberBlack,Auto,1,2023-02-04 20:08:21
1457,2913,Toyota,WagonR,2017,MH48AB8618,UberBlack,Car,2,2024-04-13 22:14:24
1458,2915,TVS,Splendor,2015,MH35AB3347,UberBlack,Bike,2,2023-09-16 02:30:31
1459,2916,Bajaj,Ape,2015,MH91AB1910,UberPool,Auto,3,2024-12-30 07:14:48
1460,2917,Royal Enfield,Splendor,2019,MH48AB3386,UberPool,Bike,2,2024-05-08 11:49:09
1461,2921,TVS,RE,2020,MH50AB5256,UberBlack,Auto,1,2023-08-28 21:57:21
1462,2924,TVS,RE,2018,MH25AB7562,UberBlack,Auto,4,2025-04-02 15:32:47
1463,2925,Bajaj,Ape,2015,MH65AB8256,UberPool,Auto,3,2025-02-10 02:22:02
1464,2926,Bajaj,Ape,2018,MH49AB4787,UberBlack,Auto,5,2023-10-15 05:04:24
1465,2930,Honda,Splendor,2019,MH50AB4473,UberBlack,Bike,2,2025-05-16 19:53:02
1466,2931,Piaggio,RE,2020,MH32AB9411,UberPool,Auto,5,2024-11-29 20:13:33
1467,2932,Bajaj,King,2022,MH35AB5065,UberBlack,Auto,1,2025-01-20 08:07:58
1468,2936,Toyota,Swift,2022,MH39AB5542,UberPool,Car,2,2025-06-13 20:25:31
1469,2939,Piaggio,RE,2015,MH33AB4768,UberPool,Auto,3,2024-08-02 19:52:20
1470,2940,Toyota,Dzire,2019,MH70AB5153,UberX,Car,6,2025-06-12 03:06:19
1471,2942,Piaggio,King,2018,MH68AB3576,UberX,Auto,2,2022-10-08 10:45:05
1472,2943,Hyundai,Swift,2020,MH19AB7549,UberX,Car,2,2025-02-21 18:44:56
1473,2944,Toyota,Innova,2016,MH13AB8986,UberBlack,Car,1,2024-05-12 16:03:37
1474,2946,TVS,Apache,2023,MH73AB1887,UberBlack,Bike,2,2023-11-19 15:40:01
1475,2947,Hero,Apache,2017,MH29AB5901,UberPool,Bike,2,2025-01-15 20:14:38
1476,2948,TVS,Splendor,2016,MH85AB3560,UberPool,Bike,2,2024-03-17 07:04:55
1477,2949,Hero,Pulsar,2020,MH39AB9367,UberX,Bike,2,2023-12-19 02:36:14
1478,2950,Honda,Splendor,2016,MH41AB6656,UberX,Bike,2,2023-09-12 14:02:31
1479,2952,Bajaj,Apache,2019,MH18AB8707,UberX,Bike,2,2024-03-07 09:21:20
1480,2953,Royal Enfield,Apache,2020,MH73AB2986,UberPool,Bike,2,2025-03-23 15:56:24
1481,2954,Bajaj,Pulsar,2023,MH90AB3153,UberPool,Bike,2,2022-10-27 19:09:41
1482,2956,Bajaj,Splendor,2021,MH25AB7725,UberX,Bike,2,2022-10-29 20:27:59
1483,2959,Honda,Ertiga,2020,MH65AB4890,UberPool,Car,2,2022-09-07 03:02:15
1484,2960,Maruti,WagonR,2021,MH19AB6122,UberX,Car,3,2025-05-12 05:08:30
1485,2963,Maruti,Innova,2023,MH94AB7314,UberBlack,Car,3,2025-06-08 06:34:45
1486,2965,Piaggio,King,2022,MH68AB2267,UberPool,Auto,2,2024-09-30 13:30:41
1487,2966,Bajaj,Ape,2021,MH13AB9276,UberX,Auto,6,2022-09-10 22:20:53
1488,2976,Bajaj,RE,2015,MH20AB5661,UberPool,Auto,6,2024-09-03 06:50:09
1489,2978,Maruti,Ertiga,2018,MH86AB3437,UberPool,Car,5,2023-08-16 15:31:48
1490,2979,Piaggio,Ape,2016,MH78AB4393,UberX,Auto,3,2024-02-27 20:13:16
1491,2981,Hero,Classic 350,2018,MH81AB9568,UberX,Bike,2,2022-10-14 09:29:46
1492,2982,Honda,Classic 350,2023,MH55AB2451,UberBlack,Bike,2,2022-12-26 12:05:06
1493,2983,TVS,King,2015,MH54AB1576,UberBlack,Auto,5,2023-12-31 12:12:56
1494,2984,TVS,Classic 350,2023,MH78AB3626,UberPool,Bike,2,2025-05-19 06:10:54
1495,2988,Bajaj,Activa,2015,MH11AB8850,UberX,Bike,2,2023-07-10 19:27:48
1496,2989,TVS,RE,2015,MH91AB2839,UberBlack,Auto,6,2023-10-09 08:38:12
1497,2991,Royal Enfield,Pulsar,2018,MH68AB4453,UberPool,Bike,2,2024-11-02 16:55:49
1498,2993,TVS,Splendor,2022,MH76AB4658,UberBlack,Bike,2,2023-10-20 14:02:45
1499,2996,Piaggio,RE,2023,MH38AB1814,UberPool,Auto,5,2023-03-10 09:17:04
1500,3000,Honda,Activa,2020,MH23AB5182,UberPool,Bike,2,2025-01-26 11:06:04
1501,3001,Honda,Activa,2018,MH62AB8560,UberX,Bike,2,2025-06-30 08:43:32
1502,3003,Royal Enfield,Classic 350,2019,MH82AB1578,UberPool,Bike,2,2025-05-27 02:31:39
1503,3004,Honda,Activa,2021,MH67AB7104,UberX,Bike,2,2024-12-19 20:29:00
1504,3007,TVS,King,2016,MH20AB7962,UberPool,Auto,3,2022-11-15 16:10:21
1505,3009,Hero,Apache,2020,MH61AB4395,UberPool,Bike,2,2023-11-22 14:30:37
1506,3010,Maruti,i20,2015,MH90AB8190,UberX,Car,5,2024-12-24 15:54:00
1507,3012,Maruti,Ertiga,2015,MH27AB6726,UberBlack,Car,3,2025-01-25 22:43:53
1508,3013,TVS,Pulsar,2018,MH70AB8812,UberPool,Bike,2,2024-09-14 05:31:12
1509,3014,Maruti,Ertiga,2018,MH22AB7201,UberPool,Car,6,2024-10-29 05:57:18
1510,3018,TVS,RE,2017,MH63AB2765,UberPool,Auto,3,2023-07-22 12:52:44
1511,3019,TVS,Ape,2017,MH11AB2695,UberX,Auto,3,2025-02-03 05:18:45
1512,3025,Bajaj,RE,2020,MH47AB6521,UberPool,Auto,1,2022-09-14 05:09:47
1513,3026,Bajaj,King,2019,MH85AB1513,UberBlack,Auto,6,2025-03-15 19:01:47
1514,3027,Bajaj,Ape,2023,MH36AB9126,UberPool,Auto,6,2022-08-10 01:40:00
1515,3032,Bajaj,Activa,2023,MH71AB3213,UberPool,Bike,2,2025-01-24 23:11:13
1516,3036,Hero,Classic 350,2018,MH11AB4312,UberPool,Bike,2,2022-09-17 00:21:16
1517,3037,Honda,Dzire,2015,MH13AB1490,UberBlack,Car,1,2024-07-24 01:24:51
1518,3047,Bajaj,Apache,2017,MH88AB6033,UberBlack,Bike,2,2023-01-29 16:42:51
1519,3048,Maruti,WagonR,2019,MH23AB8170,UberBlack,Car,5,2024-07-05 18:58:23
1520,3053,TVS,King,2019,MH62AB7348,UberX,Auto,5,2022-09-26 12:13:43
1521,3054,TVS,Ape,2018,MH55AB2634,UberBlack,Auto,5,2023-02-17 16:29:29
1522,3055,Bajaj,Pulsar,2020,MH29AB8411,UberPool,Bike,2,2025-02-24 02:15:17
1523,3061,TVS,RE,2015,MH31AB3087,UberX,Auto,1,2022-09-13 03:22:18
1524,3064,Toyota,Innova,2015,MH57AB7262,UberBlack,Car,4,2023-05-07 14:12:16
1525,3065,Hero,Pulsar,2020,MH20AB7045,UberBlack,Bike,2,2024-10-13 07:45:06
1526,3067,Piaggio,RE,2019,MH23AB9463,UberBlack,Auto,2,2022-10-03 05:12:45
1527,3068,Bajaj,King,2016,MH62AB7595,UberPool,Auto,1,2025-06-24 15:49:05
1528,3073,Piaggio,RE,2017,MH37AB3082,UberPool,Auto,5,2023-01-30 12:30:05
1529,3082,TVS,King,2022,MH91AB1551,UberBlack,Auto,5,2023-07-18 19:47:06
1530,3085,Bajaj,Classic 350,2016,MH51AB3302,UberPool,Bike,2,2023-08-18 04:57:44
1531,3087,Honda,Apache,2023,MH46AB5960,UberPool,Bike,2,2023-02-28 13:55:38
1532,3088,Maruti,Dzire,2017,MH43AB3444,UberPool,Car,5,2024-08-15 09:18:53
1533,3094,TVS,RE,2016,MH41AB8561,UberX,Auto,4,2024-10-22 20:32:57
1534,3097,Hyundai,Innova,2015,MH38AB2207,UberX,Car,5,2022-08-28 11:49:10
1535,3099,Toyota,WagonR,2021,MH90AB2995,UberPool,Car,1,2025-03-07 15:39:21
1536,3100,Bajaj,Ape,2021,MH10AB7278,UberX,Auto,1,2023-01-29 21:51:17
1537,3102,Royal Enfield,Splendor,2023,MH82AB3033,UberX,Bike,2,2022-12-18 20:42:22
1538,3103,Piaggio,RE,2020,MH58AB3343,UberPool,Auto,6,2025-01-03 02:41:39
1539,3105,Royal Enfield,Activa,2023,MH95AB4463,UberPool,Bike,2,2023-01-21 15:47:52
1540,3106,Maruti,Dzire,2019,MH20AB5602,UberX,Car,2,2023-11-11 15:52:45
1541,3109,Honda,Swift,2016,MH81AB2696,UberPool,Car,1,2024-10-07 22:20:10
1542,3110,Hero,Pulsar,2017,MH50AB2897,UberPool,Bike,2,2024-12-12 22:22:43
1543,3114,Piaggio,RE,2019,MH49AB8379,UberX,Auto,5,2023-05-25 03:24:17
1544,3115,Royal Enfield,Splendor,2019,MH16AB7330,UberPool,Bike,2,2024-07-25 01:12:34
1545,3116,Hyundai,Ertiga,2023,MH68AB9627,UberX,Car,1,2024-09-01 21:42:28
1546,3117,Toyota,Swift,2019,MH55AB7385,UberPool,Car,3,2023-06-18 08:21:06
1547,3120,Bajaj,Pulsar,2022,MH51AB8739,UberBlack,Bike,2,2024-01-29 04:53:37
1548,3121,Hero,Classic 350,2019,MH13AB4645,UberX,Bike,2,2024-05-26 00:05:08
1549,3122,TVS,Apache,2023,MH67AB1060,UberBlack,Bike,2,2025-07-25 11:41:30
1550,3123,Toyota,i20,2016,MH39AB7441,UberBlack,Car,5,2024-09-15 13:08:12
1551,3124,Hero,Pulsar,2021,MH48AB2160,UberX,Bike,2,2022-11-23 05:11:16
1552,3126,Hero,Pulsar,2017,MH64AB8387,UberPool,Bike,2,2025-04-01 21:19:23
1553,3131,Maruti,Ertiga,2023,MH15AB6696,UberPool,Car,4,2023-11-06 07:16:35
1554,3133,Maruti,Ertiga,2015,MH20AB1438,UberBlack,Car,5,2025-03-02 00:05:02
1555,3135,TVS,Apache,2021,MH22AB3715,UberPool,Bike,2,2025-05-11 04:14:19
1556,3139,Tata,Swift,2021,MH46AB1349,UberX,Car,3,2024-01-14 14:47:59
1557,3142,TVS,Activa,2021,MH69AB5920,UberBlack,Bike,2,2024-01-11 12:57:12
1558,3143,Honda,Activa,2019,MH75AB5134,UberBlack,Bike,2,2024-04-28 13:50:06
1559,3145,Tata,Swift,2018,MH61AB2745,UberX,Car,1,2024-12-06 01:49:39
1560,3146,Royal Enfield,Splendor,2016,MH66AB8967,UberX,Bike,2,2023-05-16 18:40:58
1561,3147,TVS,King,2019,MH86AB4232,UberX,Auto,1,2022-12-07 05:56:28
1562,3149,Honda,Splendor,2016,MH19AB8247,UberX,Bike,2,2022-08-06 18:36:23
1563,3151,Piaggio,King,2015,MH14AB5555,UberBlack,Auto,1,2024-05-06 12:45:17
1564,3153,Maruti,Innova,2019,MH47AB2411,UberPool,Car,3,2025-03-08 21:17:17
1565,3154,TVS,King,2019,MH39AB4807,UberX,Auto,6,2022-10-25 08:31:12
1566,3156,Piaggio,King,2021,MH99AB6610,UberPool,Auto,2,2024-11-14 17:44:05
1567,3158,Honda,Swift,2022,MH97AB1434,UberX,Car,6,2024-11-24 00:10:45
1568,3161,Hyundai,Dzire,2015,MH17AB6097,UberBlack,Car,6,2023-11-12 07:51:18
1569,3164,Piaggio,RE,2021,MH90AB7622,UberPool,Auto,2,2022-09-14 22:57:53
1570,3165,TVS,Ape,2016,MH88AB8825,UberBlack,Auto,4,2023-06-09 18:38:42
1571,3166,Maruti,WagonR,2018,MH82AB5971,UberPool,Car,6,2024-11-27 15:27:12
1572,3168,Hyundai,i20,2022,MH29AB4212,UberBlack,Car,5,2024-09-11 21:41:50
1573,3169,Honda,Classic 350,2020,MH94AB4991,UberBlack,Bike,2,2023-12-14 01:48:27
1574,3171,Tata,Ertiga,2021,MH80AB8425,UberBlack,Car,1,2023-06-24 16:13:39
1575,3172,Hero,Pulsar,2019,MH83AB4289,UberX,Bike,2,2025-06-22 16:00:22
1576,3175,Honda,Classic 350,2022,MH14AB8052,UberX,Bike,2,2024-02-20 01:13:40
1577,3176,TVS,Activa,2016,MH71AB4751,UberPool,Bike,2,2025-01-07 10:44:47
1578,3178,Honda,Pulsar,2016,MH25AB7366,UberX,Bike,2,2024-03-15 07:43:24
1579,3182,Hero,Classic 350,2023,MH88AB4079,UberPool,Bike,2,2024-03-13 06:44:59
1580,3184,Royal Enfield,Apache,2021,MH36AB9767,UberBlack,Bike,2,2023-03-30 00:20:57
1581,3185,TVS,RE,2016,MH47AB6368,UberPool,Auto,4,2023-06-04 23:59:14
1582,3186,Toyota,i20,2018,MH42AB3167,UberPool,Car,6,2025-06-25 09:13:41
1583,3189,Honda,WagonR,2021,MH84AB3472,UberPool,Car,3,2023-12-08 12:17:29
1584,3190,Honda,Ertiga,2015,MH52AB1390,UberBlack,Car,2,2023-11-22 15:58:37
1585,3191,Hero,Splendor,2015,MH95AB2314,UberX,Bike,2,2024-03-28 23:51:20
1586,3192,Piaggio,RE,2016,MH51AB7948,UberX,Auto,4,2024-06-27 16:58:38
1587,3193,Honda,WagonR,2018,MH81AB5225,UberPool,Car,6,2025-03-14 03:34:19
1588,3197,Piaggio,Ape,2016,MH27AB2437,UberX,Auto,1,2024-02-10 00:56:23
1589,3199,Honda,i20,2017,MH93AB4165,UberBlack,Car,3,2023-07-11 11:14:12
1590,3200,TVS,Ape,2015,MH97AB7633,UberPool,Auto,2,2024-11-21 08:49:27
1591,3202,Toyota,Swift,2015,MH43AB5299,UberBlack,Car,1,2023-06-17 20:54:21
1592,3206,Royal Enfield,Pulsar,2021,MH56AB6193,UberBlack,Bike,2,2024-06-20 08:45:32
1593,3208,Hero,Activa,2017,MH26AB2176,UberBlack,Bike,2,2024-09-16 23:38:04
1594,3211,Bajaj,RE,2015,MH62AB4495,UberX,Auto,5,2025-02-12 20:00:12
1595,3212,TVS,King,2016,MH71AB7298,UberX,Auto,6,2023-02-23 16:03:58
1596,3214,Piaggio,Ape,2018,MH13AB3548,UberX,Auto,4,2025-01-02 14:34:35
1597,3216,Hero,Classic 350,2018,MH64AB9302,UberX,Bike,2,2024-01-04 11:54:44
1598,3217,Honda,Activa,2016,MH62AB8576,UberPool,Bike,2,2024-08-10 01:57:31
1599,3219,Hero,Pulsar,2017,MH38AB2109,UberBlack,Bike,2,2023-10-26 01:35:12
1600,3220,Piaggio,RE,2017,MH53AB3292,UberBlack,Auto,2,2022-10-01 04:03:59
1601,3222,TVS,King,2016,MH32AB7234,UberBlack,Auto,2,2023-12-27 06:29:14
1602,3228,Honda,Apache,2020,MH31AB4055,UberPool,Bike,2,2024-07-01 01:45:07
1603,3229,Honda,WagonR,2019,MH43AB5936,UberBlack,Car,5,2025-01-26 03:08:20
1604,3234,Bajaj,Classic 350,2023,MH65AB9311,UberX,Bike,2,2023-05-28 17:26:16
1605,3235,Maruti,Innova,2018,MH38AB1759,UberPool,Car,3,2024-07-16 13:00:21
1606,3236,Honda,Ertiga,2023,MH13AB6250,UberBlack,Car,4,2024-03-26 07:58:30
1607,3238,Hero,Apache,2020,MH99AB6697,UberBlack,Bike,2,2022-08-13 07:44:41
1608,3239,Piaggio,Ape,2015,MH91AB7367,UberBlack,Auto,2,2023-03-22 10:56:24
1609,3240,Honda,Classic 350,2015,MH31AB6838,UberBlack,Bike,2,2024-12-21 07:28:13
1610,3242,Toyota,Swift,2019,MH59AB4856,UberPool,Car,2,2024-11-24 16:52:14
1611,3243,Tata,Dzire,2021,MH60AB1368,UberX,Car,2,2024-03-07 22:55:20
1612,3245,Hyundai,i20,2019,MH19AB9768,UberX,Car,2,2024-02-27 09:21:19
1613,3246,TVS,King,2022,MH69AB4725,UberBlack,Auto,4,2025-07-22 16:54:46
1614,3248,Bajaj,Ape,2020,MH72AB6174,UberPool,Auto,1,2023-03-12 01:29:07
1615,3251,Piaggio,RE,2019,MH67AB5414,UberBlack,Auto,1,2025-02-05 16:58:08
1616,3252,Maruti,WagonR,2018,MH60AB8471,UberX,Car,2,2025-07-21 12:17:24
1617,3253,Piaggio,King,2017,MH55AB7438,UberBlack,Auto,4,2024-10-07 09:06:59
1618,3255,Hero,Splendor,2017,MH56AB5778,UberBlack,Bike,2,2022-09-05 20:11:02
1619,3257,Toyota,Dzire,2015,MH11AB9897,UberX,Car,3,2022-10-06 17:50:54
1620,3260,Bajaj,Splendor,2023,MH99AB3394,UberBlack,Bike,2,2023-02-18 13:43:53
1621,3261,Hyundai,Ertiga,2023,MH27AB9376,UberPool,Car,2,2023-09-06 01:10:33
1622,3262,Maruti,Swift,2022,MH97AB9547,UberBlack,Car,2,2024-04-08 15:35:24
1623,3263,Toyota,Ertiga,2022,MH39AB7992,UberPool,Car,3,2022-11-14 03:13:35
1624,3264,TVS,RE,2017,MH10AB8732,UberX,Auto,1,2023-10-29 01:15:37
1625,3267,Honda,WagonR,2015,MH80AB5832,UberX,Car,5,2022-11-30 18:13:01
1626,3269,TVS,Splendor,2021,MH97AB3624,UberPool,Bike,2,2023-03-20 18:31:45
1627,3270,Piaggio,King,2018,MH90AB7480,UberPool,Auto,1,2023-02-19 23:05:34
1628,3272,Honda,Ertiga,2020,MH55AB6439,UberX,Car,6,2024-01-14 23:53:18
1629,3274,Bajaj,RE,2020,MH20AB1530,UberBlack,Auto,1,2024-12-21 11:51:30
1630,3275,TVS,Ape,2023,MH42AB3111,UberX,Auto,4,2022-08-17 08:30:30
1631,3276,Toyota,Ertiga,2015,MH11AB4437,UberPool,Car,1,2023-09-05 04:33:43
1632,3277,Bajaj,Pulsar,2018,MH51AB1627,UberX,Bike,2,2025-06-05 04:05:11
1633,3278,Piaggio,Ape,2018,MH10AB4119,UberBlack,Auto,3,2024-10-02 10:10:31
1634,3282,Bajaj,Ape,2019,MH35AB8485,UberPool,Auto,2,2023-09-17 23:18:20
1635,3285,Bajaj,King,2017,MH81AB1493,UberBlack,Auto,1,2025-01-01 18:45:46
1636,3286,Royal Enfield,Pulsar,2016,MH64AB7984,UberBlack,Bike,2,2024-02-14 18:44:45
1637,3288,Honda,Classic 350,2019,MH11AB5075,UberX,Bike,2,2023-01-28 17:09:00
1638,3293,Hyundai,Innova,2019,MH42AB2053,UberX,Car,4,2023-01-30 04:35:09
1639,3294,Tata,WagonR,2019,MH84AB8607,UberX,Car,1,2022-08-09 22:14:59
1640,3295,Piaggio,King,2019,MH52AB1450,UberX,Auto,3,2024-02-18 15:46:07
1641,3296,Piaggio,RE,2022,MH62AB5904,UberX,Auto,5,2024-02-22 10:55:53
1642,3298,Bajaj,Activa,2015,MH85AB3123,UberPool,Bike,2,2025-01-26 19:17:01
1643,3299,Maruti,Innova,2015,MH50AB1297,UberBlack,Car,5,2024-04-08 22:17:44
1644,3300,Honda,Activa,2021,MH22AB4197,UberX,Bike,2,2024-08-30 18:10:07
1645,3305,Bajaj,Apache,2020,MH30AB5006,UberBlack,Bike,2,2023-02-28 21:45:16
1646,3308,Toyota,Ertiga,2023,MH16AB6314,UberBlack,Car,5,2025-07-29 07:38:27
1647,3309,Tata,Ertiga,2022,MH91AB5983,UberX,Car,3,2024-10-19 14:32:49
1648,3310,Hero,Apache,2022,MH61AB3856,UberPool,Bike,2,2024-08-17 03:26:29
1649,3311,Piaggio,RE,2020,MH15AB2745,UberX,Auto,1,2024-11-13 11:03:12
1650,3312,Bajaj,Apache,2020,MH74AB8133,UberX,Bike,2,2023-09-10 23:37:44
1651,3318,Royal Enfield,Activa,2023,MH78AB3902,UberPool,Bike,2,2022-12-04 02:54:45
1652,3320,Toyota,Swift,2022,MH45AB9708,UberBlack,Car,1,2024-11-04 16:53:29
1653,3326,Maruti,Innova,2020,MH78AB9314,UberX,Car,6,2024-02-18 22:02:35
1654,3330,TVS,RE,2023,MH65AB2104,UberPool,Auto,2,2024-03-31 08:36:40
1655,3332,Honda,Dzire,2020,MH99AB6381,UberBlack,Car,3,2024-07-23 12:33:26
1656,3333,Piaggio,King,2017,MH15AB6340,UberBlack,Auto,3,2025-06-30 20:50:48
1657,3339,TVS,King,2020,MH66AB9125,UberBlack,Auto,5,2024-11-07 04:25:33
1658,3342,Maruti,Ertiga,2018,MH67AB9982,UberX,Car,1,2024-10-12 10:21:47
1659,3345,TVS,King,2022,MH62AB3339,UberPool,Auto,3,2024-04-26 04:43:58
1660,3346,Hero,Splendor,2021,MH10AB6843,UberBlack,Bike,2,2023-07-05 14:00:57
1661,3352,TVS,RE,2016,MH54AB3750,UberX,Auto,1,2023-05-02 23:01:33
1662,3354,Toyota,WagonR,2023,MH86AB7159,UberX,Car,1,2023-01-18 19:23:04
1663,3356,Bajaj,King,2022,MH65AB2152,UberX,Auto,6,2024-03-28 22:49:47
1664,3357,Piaggio,Ape,2023,MH85AB4723,UberX,Auto,6,2023-04-23 00:01:37
1665,3359,TVS,Classic 350,2016,MH24AB5037,UberBlack,Bike,2,2023-07-02 15:21:56
1666,3360,Piaggio,Ape,2022,MH83AB3074,UberPool,Auto,1,2025-01-30 18:26:40
1667,3362,TVS,Ape,2021,MH16AB4609,UberX,Auto,5,2023-03-05 01:07:30
1668,3365,TVS,Ape,2023,MH76AB6779,UberX,Auto,5,2024-05-19 14:17:15
1669,3368,Honda,Activa,2023,MH60AB9397,UberBlack,Bike,2,2024-02-05 21:19:01
1670,3373,Honda,Innova,2018,MH83AB8658,UberPool,Car,6,2025-05-02 05:59:38
1671,3375,Maruti,Ertiga,2015,MH92AB1066,UberPool,Car,2,2024-09-05 06:41:24
1672,3376,Honda,Apache,2019,MH45AB6122,UberPool,Bike,2,2023-05-19 09:19:25
1673,3377,Piaggio,Ape,2019,MH49AB5540,UberX,Auto,1,2023-09-01 13:47:09
1674,3378,Royal Enfield,Activa,2017,MH64AB3219,UberPool,Bike,2,2023-09-07 11:57:09
1675,3379,TVS,King,2018,MH48AB8404,UberPool,Auto,5,2023-09-09 17:39:54
1676,3380,Tata,Swift,2019,MH41AB6585,UberBlack,Car,6,2025-06-27 08:21:01
1677,3382,Bajaj,Ape,2023,MH52AB1887,UberPool,Auto,5,2023-05-26 23:32:53
1678,3386,Piaggio,King,2020,MH74AB6148,UberPool,Auto,5,2024-10-03 06:02:27
1679,3388,Tata,Innova,2021,MH95AB2180,UberPool,Car,4,2022-10-27 11:03:06
1680,3389,TVS,RE,2019,MH96AB1638,UberPool,Auto,6,2024-06-21 19:37:20
1681,3391,Maruti,WagonR,2016,MH97AB8634,UberPool,Car,4,2024-06-26 18:36:18
1682,3393,Toyota,Innova,2015,MH92AB1042,UberPool,Car,5,2023-10-17 02:50:15
1683,3394,Bajaj,King,2017,MH29AB4125,UberX,Auto,6,2023-09-14 17:19:54
1684,3395,Piaggio,King,2019,MH11AB4871,UberX,Auto,4,2023-05-13 06:23:11
1685,3397,Piaggio,Ape,2020,MH26AB6456,UberBlack,Auto,1,2022-12-13 03:05:47
1686,3398,Bajaj,RE,2016,MH27AB7432,UberPool,Auto,2,2023-11-05 05:12:35
1687,3399,Tata,Dzire,2020,MH98AB6423,UberX,Car,3,2025-02-18 08:21:54
1688,3400,TVS,RE,2019,MH86AB1878,UberX,Auto,2,2024-01-04 00:44:44
1689,3403,Toyota,Innova,2022,MH72AB2226,UberPool,Car,4,2022-10-13 23:36:51
1690,3404,TVS,RE,2018,MH55AB6143,UberPool,Auto,3,2023-11-25 15:35:46
1691,3406,TVS,RE,2017,MH14AB1670,UberPool,Auto,1,2025-06-15 17:46:12
1692,3408,TVS,Splendor,2018,MH63AB6065,UberPool,Bike,2,2024-07-05 14:13:00
1693,3409,Honda,Apache,2022,MH60AB2821,UberX,Bike,2,2025-03-01 15:51:40
1694,3412,Honda,i20,2018,MH94AB2527,UberBlack,Car,2,2023-09-11 09:23:54
1695,3413,Hero,Classic 350,2020,MH13AB8169,UberBlack,Bike,2,2024-07-29 02:54:05
1696,3414,Hero,Pulsar,2017,MH29AB9864,UberBlack,Bike,2,2025-06-11 10:58:06
1697,3417,Maruti,Innova,2021,MH47AB5641,UberPool,Car,5,2024-05-01 17:15:36
1698,3419,TVS,RE,2015,MH42AB7078,UberPool,Auto,3,2023-10-16 20:21:37
1699,3420,Honda,Apache,2015,MH26AB7682,UberX,Bike,2,2023-11-26 22:10:51
1700,3421,TVS,King,2015,MH73AB9166,UberPool,Auto,5,2025-05-10 16:10:48
1701,3422,Piaggio,King,2018,MH39AB3242,UberPool,Auto,4,2023-01-05 02:06:44
1702,3426,Honda,Ertiga,2015,MH43AB7734,UberX,Car,1,2024-01-24 07:52:41
1703,3427,Bajaj,Ape,2018,MH61AB7177,UberBlack,Auto,6,2022-10-27 21:28:02
1704,3429,Tata,i20,2015,MH33AB4010,UberX,Car,1,2025-07-23 21:45:46
1705,3430,TVS,King,2020,MH96AB1382,UberPool,Auto,1,2024-08-27 17:57:39
1706,3431,Honda,Splendor,2021,MH92AB8573,UberX,Bike,2,2025-03-21 20:10:13
1707,3434,Bajaj,King,2016,MH32AB1633,UberX,Auto,2,2025-06-17 05:11:45
1708,3435,Bajaj,King,2019,MH88AB1543,UberPool,Auto,4,2023-12-30 01:51:43
1709,3438,TVS,RE,2016,MH58AB3987,UberBlack,Auto,1,2024-10-21 16:05:15
1710,3439,Piaggio,RE,2018,MH97AB4788,UberBlack,Auto,6,2023-12-21 17:37:39
1711,3440,Bajaj,Ape,2017,MH83AB7191,UberBlack,Auto,5,2023-06-05 19:46:57
1712,3441,Maruti,Swift,2020,MH38AB1407,UberPool,Car,1,2023-03-17 19:58:36
1713,3442,Toyota,WagonR,2015,MH17AB3063,UberX,Car,5,2024-06-12 12:45:58
1714,3444,Tata,WagonR,2019,MH33AB8438,UberX,Car,3,2024-03-27 09:41:34
1715,3445,Honda,Activa,2020,MH72AB9871,UberBlack,Bike,2,2023-02-23 01:35:43
1716,3446,Bajaj,Activa,2017,MH17AB7557,UberX,Bike,2,2024-01-30 02:20:53
1717,3449,Toyota,Ertiga,2023,MH98AB1422,UberX,Car,2,2023-04-30 20:00:58
1718,3451,Honda,Activa,2015,MH47AB5238,UberPool,Bike,2,2024-12-16 02:49:32
1719,3454,TVS,King,2023,MH84AB6309,UberX,Auto,6,2024-08-04 21:33:32
1720,3455,Royal Enfield,Classic 350,2015,MH82AB7831,UberBlack,Bike,2,2022-12-27 10:57:30
1721,3456,Tata,Innova,2022,MH29AB5211,UberPool,Car,2,2024-06-01 11:19:29
1722,3457,Royal Enfield,Pulsar,2022,MH80AB8631,UberBlack,Bike,2,2025-02-26 21:43:32
1723,3458,Royal Enfield,Classic 350,2023,MH78AB5274,UberX,Bike,2,2025-07-10 09:22:38
1724,3461,Hero,Activa,2019,MH63AB6211,UberPool,Bike,2,2023-10-29 00:58:28
1725,3462,Royal Enfield,Splendor,2021,MH21AB3331,UberBlack,Bike,2,2023-09-10 15:26:42
1726,3463,Piaggio,Ape,2022,MH29AB9941,UberPool,Auto,2,2023-09-07 08:21:51
1727,3466,Honda,Splendor,2017,MH75AB3402,UberPool,Bike,2,2023-04-19 14:30:33
1728,3468,Piaggio,RE,2021,MH42AB2958,UberPool,Auto,1,2025-05-10 13:59:00
1729,3469,Hyundai,Dzire,2022,MH19AB9453,UberPool,Car,1,2025-04-15 02:07:30
1730,3471,Royal Enfield,Classic 350,2023,MH75AB1173,UberX,Bike,2,2023-09-09 12:19:24
1731,3472,Tata,WagonR,2019,MH70AB7024,UberBlack,Car,1,2025-02-19 10:36:02
1732,3473,Tata,i20,2023,MH34AB3018,UberX,Car,3,2024-12-16 13:20:10
1733,3478,Honda,Ertiga,2020,MH40AB7112,UberBlack,Car,6,2024-08-25 06:24:43
1734,3479,Hero,Classic 350,2015,MH20AB2402,UberBlack,Bike,2,2025-01-13 08:13:11
1735,3480,Piaggio,King,2023,MH12AB9557,UberPool,Auto,1,2024-05-13 09:15:47
1736,3484,Bajaj,King,2015,MH98AB9428,UberBlack,Auto,6,2023-08-07 19:15:19
1737,3486,Royal Enfield,Splendor,2020,MH31AB1645,UberPool,Bike,2,2024-01-02 03:27:52
1738,3488,Hero,Splendor,2022,MH46AB1953,UberPool,Bike,2,2024-08-26 23:51:59
1739,3489,Toyota,WagonR,2023,MH84AB7111,UberBlack,Car,4,2024-10-16 13:06:27
1740,3490,TVS,King,2017,MH92AB5811,UberPool,Auto,1,2023-10-23 19:11:49
1741,3495,Bajaj,King,2016,MH21AB1573,UberBlack,Auto,1,2024-03-23 09:37:56
1742,3498,Tata,Swift,2016,MH73AB6932,UberX,Car,6,2022-11-12 16:00:42
1743,3499,Maruti,Innova,2015,MH29AB6701,UberBlack,Car,3,2023-01-10 02:48:49
1744,3500,TVS,RE,2018,MH97AB3877,UberX,Auto,1,2023-06-10 00:40:49
1745,3503,Toyota,i20,2022,MH56AB8755,UberPool,Car,6,2024-11-05 14:35:07
1746,3504,TVS,Pulsar,2021,MH51AB8394,UberBlack,Bike,2,2023-09-13 05:19:24
1747,3506,TVS,Pulsar,2020,MH29AB7284,UberBlack,Bike,2,2023-12-04 12:26:04
1748,3507,Piaggio,Ape,2019,MH95AB3715,UberX,Auto,3,2022-12-20 14:55:59
1749,3508,Tata,Innova,2016,MH54AB4460,UberPool,Car,3,2023-05-25 21:31:32
1750,3511,Hyundai,Swift,2018,MH40AB8513,UberBlack,Car,2,2022-08-13 17:14:41
1751,3512,Royal Enfield,Classic 350,2022,MH58AB9742,UberX,Bike,2,2023-02-28 04:40:11
1752,3515,Piaggio,King,2015,MH77AB6246,UberPool,Auto,4,2025-02-27 21:49:46
1753,3516,Tata,Innova,2015,MH56AB9535,UberPool,Car,5,2025-06-11 00:53:55
1754,3518,TVS,Ape,2023,MH20AB5506,UberPool,Auto,5,2025-03-20 19:49:19
1755,3519,Bajaj,Ape,2015,MH37AB6528,UberBlack,Auto,4,2025-01-15 19:42:37
1756,3520,Hyundai,Ertiga,2015,MH96AB6824,UberPool,Car,3,2022-09-18 03:05:25
1757,3523,TVS,Splendor,2023,MH65AB4425,UberX,Bike,2,2023-08-04 23:13:42
1758,3524,TVS,Pulsar,2020,MH28AB8231,UberBlack,Bike,2,2022-09-12 00:16:09
1759,3525,Bajaj,RE,2016,MH21AB1929,UberBlack,Auto,5,2023-06-18 18:22:49
1760,3526,Hero,Activa,2019,MH62AB7951,UberBlack,Bike,2,2025-07-23 18:20:47
1761,3527,Piaggio,Ape,2020,MH86AB4643,UberX,Auto,1,2025-06-07 13:13:08
1762,3528,Hyundai,i20,2021,MH25AB9193,UberBlack,Car,2,2024-08-15 16:36:47
1763,3531,Tata,Ertiga,2018,MH93AB5505,UberBlack,Car,5,2023-03-01 19:44:38
1764,3532,Maruti,Dzire,2017,MH94AB7858,UberPool,Car,2,2022-09-15 01:32:17
1765,3536,Honda,Classic 350,2017,MH11AB6487,UberPool,Bike,2,2025-03-08 19:24:40
1766,3537,Honda,Pulsar,2023,MH71AB9979,UberX,Bike,2,2024-02-23 01:06:34
1767,3541,Piaggio,RE,2016,MH46AB8708,UberBlack,Auto,3,2024-05-10 07:01:02
1768,3542,Piaggio,Ape,2019,MH67AB5997,UberPool,Auto,1,2023-04-05 13:08:35
1769,3545,Bajaj,Activa,2018,MH68AB2698,UberPool,Bike,2,2024-01-27 02:55:10
1770,3547,Piaggio,King,2022,MH33AB2320,UberPool,Auto,4,2022-09-20 04:15:08
1771,3549,Tata,Dzire,2022,MH53AB9770,UberX,Car,3,2024-02-02 10:27:49
1772,3553,Bajaj,Activa,2017,MH64AB8307,UberPool,Bike,2,2024-09-16 18:00:39
1773,3554,Piaggio,Ape,2022,MH85AB9876,UberBlack,Auto,4,2024-02-24 20:58:06
1774,3556,TVS,Apache,2019,MH52AB9400,UberPool,Bike,2,2025-04-17 03:50:55
1775,3557,TVS,Splendor,2018,MH45AB1069,UberX,Bike,2,2023-03-13 12:49:41
1776,3561,Bajaj,Ape,2018,MH63AB1053,UberBlack,Auto,3,2023-01-31 05:39:07
1777,3562,TVS,RE,2022,MH52AB2048,UberBlack,Auto,5,2023-09-14 20:38:09
1778,3565,Hyundai,WagonR,2018,MH76AB1445,UberX,Car,2,2025-01-04 04:59:33
1779,3566,Honda,Apache,2019,MH71AB4971,UberPool,Bike,2,2024-08-18 07:15:36
1780,3567,Piaggio,King,2021,MH25AB2145,UberPool,Auto,4,2023-09-11 00:09:56
1781,3572,TVS,RE,2017,MH99AB4932,UberX,Auto,4,2023-03-05 16:47:55
1782,3575,Tata,Innova,2019,MH76AB1495,UberPool,Car,2,2022-11-10 23:26:19
1783,3578,Tata,Swift,2017,MH26AB8364,UberBlack,Car,3,2022-10-17 20:05:25
1784,3579,Toyota,Swift,2018,MH66AB3887,UberBlack,Car,6,2024-05-22 19:04:08
1785,3580,Hero,Activa,2021,MH91AB3653,UberPool,Bike,2,2025-05-30 15:48:18
1786,3583,Royal Enfield,Apache,2021,MH34AB2026,UberX,Bike,2,2024-05-27 22:50:59
1787,3584,Maruti,Dzire,2023,MH99AB1234,UberPool,Car,5,2023-10-12 20:10:27
1788,3586,Honda,WagonR,2023,MH16AB7473,UberPool,Car,1,2024-04-02 17:04:16
1789,3587,TVS,Apache,2023,MH52AB9414,UberPool,Bike,2,2024-07-31 13:06:51
1790,3588,Bajaj,Apache,2021,MH51AB5857,UberX,Bike,2,2024-06-02 02:47:01
1791,3593,Bajaj,RE,2023,MH97AB9556,UberX,Auto,3,2023-08-04 01:00:35
1792,3594,Maruti,Dzire,2023,MH79AB7246,UberPool,Car,5,2024-06-16 12:12:30
1793,3596,Hyundai,i20,2019,MH59AB9617,UberPool,Car,2,2024-04-11 02:19:56
1794,3597,Piaggio,RE,2023,MH46AB8356,UberX,Auto,3,2022-09-28 18:07:10
1795,3598,Maruti,Dzire,2016,MH95AB4608,UberBlack,Car,2,2024-08-02 08:44:48
1796,3600,Piaggio,Ape,2022,MH21AB3745,UberX,Auto,6,2024-04-01 15:28:12
1797,3601,Maruti,Dzire,2021,MH58AB9568,UberPool,Car,3,2022-08-31 02:46:52
1798,3602,Tata,Ertiga,2022,MH79AB7376,UberX,Car,4,2024-06-08 11:26:29
1799,3603,Piaggio,Ape,2020,MH33AB8720,UberX,Auto,5,2025-07-31 00:09:33
1800,3605,Royal Enfield,Splendor,2018,MH29AB1103,UberBlack,Bike,2,2025-03-17 21:04:21
1801,3606,Royal Enfield,Activa,2018,MH44AB8170,UberX,Bike,2,2023-11-03 07:25:04
1802,3610,Bajaj,King,2017,MH95AB9797,UberX,Auto,2,2023-02-28 22:18:54
1803,3612,TVS,Apache,2022,MH41AB6605,UberPool,Bike,2,2022-11-09 15:41:15
1804,3613,Toyota,Ertiga,2017,MH67AB9187,UberBlack,Car,6,2025-07-15 21:58:43
1805,3614,Maruti,Innova,2020,MH37AB6564,UberBlack,Car,3,2023-02-28 03:07:30
1806,3615,Piaggio,King,2018,MH17AB3061,UberPool,Auto,2,2023-03-29 20:31:24
1807,3616,Piaggio,Ape,2017,MH31AB6642,UberPool,Auto,1,2023-05-17 08:48:47
1808,3618,Bajaj,Apache,2015,MH29AB6424,UberPool,Bike,2,2025-05-12 00:51:01
1809,3621,TVS,Classic 350,2023,MH87AB4652,UberBlack,Bike,2,2024-01-22 22:59:29
1810,3626,Royal Enfield,Splendor,2019,MH23AB2703,UberPool,Bike,2,2024-11-18 12:13:53
1811,3627,Honda,Activa,2016,MH56AB7903,UberBlack,Bike,2,2024-10-30 02:34:44
1812,3628,Royal Enfield,Classic 350,2018,MH77AB7405,UberPool,Bike,2,2024-02-29 02:31:58
1813,3629,Honda,Splendor,2019,MH45AB9436,UberBlack,Bike,2,2023-02-15 13:59:42
1814,3633,Royal Enfield,Classic 350,2018,MH36AB4070,UberBlack,Bike,2,2025-04-02 23:11:45
1815,3634,Honda,Swift,2017,MH46AB9918,UberBlack,Car,3,2023-07-30 05:07:10
1816,3637,Honda,Classic 350,2022,MH13AB1173,UberBlack,Bike,2,2024-12-15 23:27:54
1817,3640,Bajaj,Pulsar,2019,MH50AB5571,UberX,Bike,2,2023-10-06 17:42:57
1818,3642,TVS,Splendor,2022,MH62AB1393,UberBlack,Bike,2,2023-02-13 15:21:01
1819,3643,Piaggio,King,2018,MH17AB2394,UberX,Auto,6,2024-03-11 22:32:59
1820,3645,Toyota,Dzire,2023,MH13AB2922,UberX,Car,6,2023-10-24 08:10:54
1821,3648,TVS,RE,2021,MH28AB9917,UberX,Auto,2,2024-12-27 12:23:06
1822,3650,Royal Enfield,Activa,2015,MH51AB9980,UberX,Bike,2,2024-07-01 23:30:34
1823,3651,Honda,Ertiga,2015,MH24AB6996,UberX,Car,2,2025-01-15 06:28:15
1824,3655,TVS,Pulsar,2020,MH61AB8510,UberX,Bike,2,2024-12-09 08:14:04
1825,3656,Tata,WagonR,2017,MH75AB8549,UberX,Car,3,2025-05-09 00:46:00
1826,3657,TVS,Activa,2021,MH94AB7030,UberPool,Bike,2,2023-11-25 17:08:22
1827,3658,Piaggio,Ape,2019,MH55AB9104,UberPool,Auto,5,2024-08-20 07:26:16
1828,3660,Honda,Activa,2020,MH57AB1416,UberPool,Bike,2,2025-04-16 21:05:54
1829,3662,Bajaj,Classic 350,2017,MH82AB2359,UberPool,Bike,2,2023-09-07 18:13:09
1830,3664,Hyundai,i20,2020,MH46AB2217,UberBlack,Car,2,2022-09-18 13:08:08
1831,3666,TVS,RE,2020,MH26AB7012,UberX,Auto,1,2023-01-30 01:05:23
1832,3668,Honda,Activa,2017,MH19AB7461,UberBlack,Bike,2,2024-12-19 00:45:00
1833,3671,Hero,Splendor,2017,MH21AB5904,UberPool,Bike,2,2022-11-08 04:32:15
1834,3675,TVS,Apache,2020,MH29AB1983,UberX,Bike,2,2024-08-25 18:41:13
1835,3677,Toyota,WagonR,2021,MH89AB5293,UberPool,Car,2,2024-05-01 07:13:18
1836,3678,Honda,Ertiga,2023,MH28AB5918,UberX,Car,2,2024-10-22 02:57:46
1837,3681,TVS,Ape,2018,MH32AB2500,UberX,Auto,6,2023-01-29 23:55:12
1838,3684,TVS,Splendor,2017,MH84AB4281,UberPool,Bike,2,2023-07-27 11:59:33
1839,3685,Hyundai,Ertiga,2015,MH83AB5104,UberX,Car,2,2022-09-04 15:27:33
1840,3686,Bajaj,Ape,2015,MH56AB3699,UberPool,Auto,4,2025-07-16 21:15:35
1841,3687,TVS,Ape,2015,MH13AB5625,UberPool,Auto,5,2022-11-20 05:55:10
1842,3690,Hero,Pulsar,2018,MH29AB6323,UberPool,Bike,2,2022-08-11 22:17:14
1843,3691,Hero,Splendor,2023,MH86AB2424,UberX,Bike,2,2023-08-02 23:06:17
1844,3693,Hyundai,Ertiga,2018,MH43AB9230,UberBlack,Car,3,2023-12-25 16:18:28
1845,3695,Hero,Pulsar,2018,MH86AB8084,UberBlack,Bike,2,2024-03-31 03:52:27
1846,3696,Tata,WagonR,2023,MH63AB2428,UberX,Car,4,2025-06-24 04:42:15
1847,3697,Hyundai,Dzire,2016,MH24AB3469,UberX,Car,2,2022-12-15 12:06:16
1848,3698,Bajaj,Ape,2018,MH74AB2369,UberX,Auto,1,2023-09-18 02:45:46
1849,3699,Hyundai,i20,2019,MH81AB1563,UberX,Car,5,2025-02-21 04:30:51
1850,3706,Piaggio,RE,2023,MH79AB9655,UberBlack,Auto,1,2025-04-03 21:54:41
1851,3708,TVS,Ape,2021,MH48AB6905,UberX,Auto,2,2025-05-07 22:14:38
1852,3710,Honda,Swift,2015,MH75AB3524,UberX,Car,6,2025-04-19 10:31:13
1853,3713,Toyota,Innova,2021,MH81AB4389,UberX,Car,4,2025-06-24 02:41:18
1854,3716,Toyota,WagonR,2021,MH72AB1882,UberPool,Car,6,2023-09-02 19:27:19
1855,3717,Bajaj,King,2016,MH11AB4566,UberBlack,Auto,5,2025-02-25 17:50:30
1856,3718,Bajaj,Ape,2016,MH74AB8850,UberPool,Auto,1,2023-04-21 22:57:30
1857,3720,Hero,Splendor,2018,MH36AB3603,UberX,Bike,2,2023-05-27 10:54:29
1858,3721,Hyundai,Innova,2020,MH65AB1455,UberPool,Car,1,2024-04-15 11:53:49
1859,3722,Honda,Classic 350,2021,MH54AB1950,UberBlack,Bike,2,2023-02-04 00:16:03
1860,3723,Royal Enfield,Apache,2017,MH55AB8524,UberX,Bike,2,2023-02-09 14:22:41
1861,3724,Maruti,WagonR,2018,MH25AB7461,UberX,Car,2,2025-05-13 10:14:56
1862,3727,TVS,Ape,2023,MH19AB2520,UberBlack,Auto,6,2024-05-27 07:58:13
1863,3729,Bajaj,King,2022,MH13AB4079,UberBlack,Auto,5,2024-07-19 18:16:49
1864,3731,Bajaj,Splendor,2021,MH61AB8563,UberX,Bike,2,2024-08-28 15:02:17
1865,3732,Hyundai,i20,2019,MH61AB7502,UberPool,Car,6,2023-09-12 21:35:48
1866,3735,Bajaj,Ape,2017,MH41AB4574,UberBlack,Auto,4,2024-07-01 10:35:19
1867,3738,Maruti,WagonR,2016,MH97AB6214,UberBlack,Car,1,2024-07-31 05:26:52
1868,3739,Honda,WagonR,2016,MH45AB1795,UberBlack,Car,4,2023-06-25 05:55:07
1869,3740,Toyota,Dzire,2018,MH48AB4530,UberX,Car,4,2022-11-22 16:06:47
1870,3741,Honda,Classic 350,2019,MH46AB9875,UberBlack,Bike,2,2023-07-16 21:03:05
1871,3742,Piaggio,RE,2017,MH41AB8669,UberPool,Auto,5,2025-04-24 16:14:53
1872,3747,Bajaj,Ape,2022,MH33AB3328,UberBlack,Auto,3,2023-07-04 09:04:04
1873,3748,Piaggio,RE,2020,MH80AB6532,UberBlack,Auto,3,2023-09-25 07:20:15
1874,3749,TVS,Splendor,2018,MH89AB2873,UberBlack,Bike,2,2022-12-28 23:50:16
1875,3752,Hero,Pulsar,2019,MH76AB3704,UberX,Bike,2,2023-01-12 18:56:36
1876,3753,Royal Enfield,Activa,2023,MH36AB9975,UberBlack,Bike,2,2024-08-22 10:22:17
1877,3756,Bajaj,Classic 350,2018,MH28AB4940,UberBlack,Bike,2,2022-10-15 14:02:06
1878,3760,Maruti,Innova,2018,MH62AB5183,UberPool,Car,3,2023-03-20 19:13:39
1879,3761,TVS,King,2021,MH45AB9474,UberPool,Auto,6,2024-07-31 00:31:57
1880,3762,TVS,Splendor,2021,MH39AB9046,UberX,Bike,2,2023-03-02 00:43:26
1881,3764,Maruti,WagonR,2018,MH23AB8493,UberPool,Car,3,2024-12-30 16:52:38
1882,3770,Honda,WagonR,2022,MH61AB1611,UberX,Car,3,2023-08-28 06:44:40
1883,3771,Honda,Apache,2015,MH75AB2694,UberX,Bike,2,2024-01-04 03:47:54
1884,3772,TVS,King,2016,MH57AB8199,UberX,Auto,5,2024-01-31 10:27:42
1885,3774,Hyundai,Ertiga,2018,MH99AB7213,UberX,Car,1,2025-01-07 12:27:37
1886,3776,Honda,Classic 350,2016,MH23AB6028,UberPool,Bike,2,2024-08-09 00:39:30
1887,3778,Toyota,WagonR,2016,MH21AB9460,UberBlack,Car,2,2023-08-17 02:51:13
1888,3779,Hero,Apache,2020,MH53AB5417,UberPool,Bike,2,2023-04-02 15:58:43
1889,3781,TVS,Pulsar,2021,MH74AB5043,UberPool,Bike,2,2025-07-08 03:17:54
1890,3782,TVS,RE,2022,MH67AB2466,UberPool,Auto,1,2024-09-30 08:38:09
1891,3784,Hyundai,Ertiga,2019,MH90AB6157,UberPool,Car,3,2024-04-13 10:44:27
1892,3786,TVS,Ape,2021,MH64AB1469,UberX,Auto,2,2024-12-05 03:49:17
1893,3787,Maruti,Swift,2021,MH92AB3255,UberX,Car,4,2024-08-25 20:15:31
1894,3788,Toyota,i20,2021,MH85AB8726,UberPool,Car,6,2022-11-13 16:43:48
1895,3789,Maruti,Ertiga,2022,MH36AB7399,UberBlack,Car,2,2024-08-08 09:25:35
1896,3792,TVS,Ape,2015,MH84AB6322,UberBlack,Auto,6,2025-05-16 21:20:43
1897,3793,Hero,Activa,2018,MH43AB1481,UberBlack,Bike,2,2024-09-18 02:44:53
1898,3794,Piaggio,RE,2021,MH97AB6909,UberX,Auto,5,2023-12-04 22:43:08
1899,3795,Maruti,Dzire,2021,MH98AB5253,UberX,Car,2,2022-11-02 04:28:59
1900,3798,Honda,Apache,2023,MH44AB4093,UberBlack,Bike,2,2023-05-18 03:14:18
1901,3799,Royal Enfield,Splendor,2015,MH98AB7880,UberX,Bike,2,2023-09-25 15:51:08
1902,3800,Honda,Apache,2020,MH25AB5995,UberX,Bike,2,2024-09-28 20:46:05
1903,3801,TVS,King,2019,MH88AB7343,UberPool,Auto,5,2023-06-02 07:19:45
1904,3802,TVS,Pulsar,2016,MH99AB8798,UberBlack,Bike,2,2025-02-22 07:39:07
1905,3804,TVS,King,2017,MH70AB6616,UberX,Auto,5,2025-02-05 04:49:43
1906,3805,Maruti,Swift,2021,MH18AB8320,UberX,Car,3,2023-01-31 09:31:38
1907,3806,Royal Enfield,Activa,2019,MH99AB6225,UberBlack,Bike,2,2023-03-13 00:52:20
1908,3807,Toyota,Innova,2016,MH62AB4487,UberBlack,Car,2,2022-10-02 08:13:03
1909,3809,Tata,Innova,2023,MH87AB8969,UberBlack,Car,1,2024-04-17 09:26:06
1910,3811,Piaggio,RE,2015,MH21AB8290,UberX,Auto,4,2025-06-11 20:15:13
1911,3813,Bajaj,RE,2019,MH91AB6535,UberPool,Auto,4,2022-12-01 19:31:12
1912,3814,Toyota,Swift,2019,MH82AB5943,UberBlack,Car,3,2025-06-22 00:45:45
1913,3816,Hyundai,Dzire,2018,MH50AB6744,UberX,Car,5,2024-01-11 18:59:20
1914,3817,Toyota,WagonR,2017,MH96AB9763,UberPool,Car,6,2024-01-14 13:36:57
1915,3819,Royal Enfield,Classic 350,2023,MH25AB4409,UberX,Bike,2,2025-03-03 03:01:26
1916,3820,Tata,Innova,2021,MH45AB8476,UberBlack,Car,4,2024-10-16 01:36:41
1917,3822,Maruti,Innova,2023,MH81AB3128,UberBlack,Car,6,2025-01-28 13:05:45
1918,3824,Honda,WagonR,2015,MH96AB9548,UberBlack,Car,3,2023-05-22 23:41:23
1919,3826,Maruti,WagonR,2016,MH24AB7824,UberX,Car,1,2024-10-29 08:50:03
1920,3829,Royal Enfield,Apache,2019,MH58AB2338,UberX,Bike,2,2023-06-28 15:57:41
1921,3831,Piaggio,RE,2015,MH83AB8495,UberPool,Auto,3,2024-07-09 08:31:48
1922,3833,Hyundai,WagonR,2018,MH95AB9457,UberBlack,Car,6,2024-07-30 01:13:25
1923,3835,Bajaj,Pulsar,2022,MH95AB8911,UberPool,Bike,2,2024-02-07 18:21:43
1924,3836,Piaggio,Ape,2022,MH68AB1077,UberX,Auto,4,2023-05-13 11:49:25
1925,3837,Piaggio,RE,2017,MH53AB4969,UberX,Auto,3,2023-03-25 16:47:51
1926,3838,Toyota,Swift,2023,MH13AB3677,UberX,Car,4,2023-05-31 11:17:46
1927,3839,Honda,Activa,2015,MH88AB7702,UberBlack,Bike,2,2024-01-28 04:27:14
1928,3840,Royal Enfield,Splendor,2017,MH79AB8051,UberPool,Bike,2,2024-03-14 04:14:18
1929,3841,Bajaj,Ape,2018,MH83AB6914,UberPool,Auto,1,2024-02-11 11:32:37
1930,3842,TVS,Classic 350,2023,MH27AB2776,UberBlack,Bike,2,2024-01-26 15:18:56
1931,3843,Maruti,Dzire,2022,MH11AB1346,UberPool,Car,1,2022-12-09 17:33:23
1932,3846,Tata,i20,2015,MH77AB9390,UberBlack,Car,4,2023-12-09 06:10:20
1933,3848,Piaggio,King,2018,MH31AB1599,UberPool,Auto,6,2023-02-12 07:28:37
1934,3850,Honda,i20,2018,MH44AB9267,UberPool,Car,5,2024-12-30 12:30:36
1935,3851,Tata,WagonR,2019,MH79AB8213,UberPool,Car,6,2023-03-13 19:52:31
1936,3853,Honda,WagonR,2020,MH17AB8778,UberPool,Car,6,2024-09-13 03:36:02
1937,3855,TVS,Classic 350,2020,MH66AB3182,UberPool,Bike,2,2025-04-30 21:05:16
1938,3856,Royal Enfield,Apache,2019,MH21AB9353,UberX,Bike,2,2023-12-30 21:55:01
1939,3857,Bajaj,King,2019,MH73AB8809,UberBlack,Auto,3,2025-07-17 18:24:04
1940,3860,Maruti,Dzire,2019,MH52AB3168,UberX,Car,1,2023-10-15 18:25:40
1941,3861,Tata,Dzire,2021,MH88AB4698,UberX,Car,2,2022-12-30 10:21:27
1942,3863,Tata,Ertiga,2019,MH54AB3815,UberPool,Car,4,2022-08-08 15:05:00
1943,3865,Toyota,Swift,2015,MH69AB5225,UberX,Car,6,2024-05-21 06:15:49
1944,3867,Bajaj,Apache,2016,MH65AB9436,UberPool,Bike,2,2024-08-27 03:14:39
1945,3868,Toyota,Innova,2022,MH61AB8841,UberPool,Car,1,2024-02-09 14:31:12
1946,3869,Hyundai,Ertiga,2023,MH35AB8900,UberBlack,Car,5,2024-10-11 21:09:27
1947,3870,Bajaj,RE,2020,MH36AB7544,UberBlack,Auto,4,2024-02-06 21:12:13
1948,3872,Bajaj,RE,2017,MH73AB8118,UberX,Auto,2,2024-10-17 17:08:49
1949,3873,Bajaj,Pulsar,2023,MH55AB7557,UberX,Bike,2,2024-11-06 23:12:43
1950,3874,Bajaj,King,2017,MH38AB9147,UberBlack,Auto,2,2023-07-27 00:11:51
1951,3875,Hyundai,i20,2018,MH23AB1579,UberX,Car,2,2023-10-05 23:28:31
1952,3877,TVS,Ape,2015,MH10AB9900,UberBlack,Auto,5,2024-03-18 04:27:51
1953,3879,Bajaj,Pulsar,2019,MH14AB4349,UberBlack,Bike,2,2023-03-23 22:03:56
1954,3881,Hero,Apache,2018,MH34AB4821,UberX,Bike,2,2023-12-27 12:17:12
1955,3888,Bajaj,Ape,2023,MH75AB4449,UberBlack,Auto,3,2025-07-17 01:33:26
1956,3890,Royal Enfield,Splendor,2017,MH56AB8976,UberBlack,Bike,2,2024-11-09 04:02:05
1957,3891,Bajaj,King,2022,MH38AB8207,UberX,Auto,5,2022-10-23 22:19:42
1958,3894,Piaggio,Ape,2020,MH97AB2862,UberPool,Auto,4,2023-11-02 15:02:06
1959,3895,Piaggio,King,2023,MH12AB7326,UberPool,Auto,3,2023-01-27 17:15:12
1960,3896,TVS,King,2019,MH98AB3360,UberX,Auto,3,2025-01-27 22:47:11
1961,3897,Honda,Pulsar,2022,MH89AB3577,UberPool,Bike,2,2022-11-24 17:43:00
1962,3901,Hero,Apache,2018,MH28AB8377,UberX,Bike,2,2022-11-19 17:22:15
1963,3903,Piaggio,King,2023,MH77AB6941,UberBlack,Auto,2,2023-01-26 06:47:39
1964,3907,Bajaj,Activa,2023,MH37AB1622,UberX,Bike,2,2024-04-20 02:44:27
1965,3908,TVS,Ape,2022,MH96AB9484,UberX,Auto,6,2024-09-26 18:57:39
1966,3909,Maruti,Ertiga,2020,MH12AB4899,UberX,Car,1,2024-12-19 08:02:32
1967,3910,Piaggio,King,2021,MH54AB6944,UberX,Auto,6,2022-08-07 09:19:42
1968,3914,Piaggio,RE,2017,MH52AB1191,UberPool,Auto,4,2023-05-15 16:04:49
1969,3915,Honda,Classic 350,2015,MH61AB8499,UberX,Bike,2,2024-09-24 04:44:00
1970,3916,Royal Enfield,Classic 350,2022,MH21AB5879,UberBlack,Bike,2,2023-02-02 18:03:44
1971,3917,Piaggio,Ape,2021,MH41AB3331,UberBlack,Auto,5,2023-05-05 11:04:10
1972,3918,Honda,Splendor,2015,MH39AB9646,UberPool,Bike,2,2023-12-28 12:26:31
1973,3919,Hyundai,Dzire,2022,MH58AB3767,UberX,Car,1,2025-01-30 02:02:50
1974,3923,TVS,Activa,2021,MH40AB8237,UberPool,Bike,2,2024-02-05 13:59:22
1975,3926,Honda,Ertiga,2021,MH39AB5213,UberBlack,Car,3,2023-09-25 08:09:17
1976,3928,TVS,RE,2018,MH81AB6699,UberPool,Auto,6,2023-04-27 09:13:13
1977,3929,Royal Enfield,Apache,2021,MH94AB7029,UberX,Bike,2,2024-02-15 06:16:46
1978,3931,Tata,Swift,2023,MH72AB4558,UberX,Car,1,2022-10-21 20:13:25
1979,3933,Maruti,Swift,2017,MH69AB4342,UberPool,Car,6,2023-10-02 12:00:04
1980,3934,Bajaj,Pulsar,2020,MH59AB8556,UberX,Bike,2,2025-04-05 20:26:24
1981,3935,Piaggio,RE,2017,MH36AB5670,UberBlack,Auto,4,2023-08-20 15:47:07
1982,3936,Honda,Pulsar,2016,MH64AB7413,UberX,Bike,2,2023-11-14 21:14:11
1983,3941,Honda,Swift,2015,MH87AB1170,UberPool,Car,5,2023-11-05 20:46:29
1984,3943,TVS,King,2015,MH66AB4405,UberBlack,Auto,2,2023-03-02 07:02:52
1985,3944,TVS,Apache,2022,MH81AB4239,UberBlack,Bike,2,2024-05-25 17:15:12
1986,3945,Honda,Apache,2020,MH90AB5577,UberX,Bike,2,2025-06-10 03:44:08
1987,3946,Royal Enfield,Splendor,2015,MH86AB4241,UberPool,Bike,2,2023-02-15 16:17:39
1988,3948,Tata,Innova,2020,MH91AB2760,UberX,Car,3,2022-09-09 22:10:29
1989,3950,Royal Enfield,Pulsar,2019,MH63AB8132,UberBlack,Bike,2,2023-10-02 23:18:28
1990,3952,TVS,Classic 350,2018,MH98AB4830,UberBlack,Bike,2,2024-09-10 21:24:40
1991,3953,Honda,Splendor,2020,MH26AB9211,UberBlack,Bike,2,2022-12-24 06:44:32
1992,3957,Hyundai,WagonR,2021,MH54AB2439,UberBlack,Car,2,2023-10-27 19:38:09
1993,3958,Honda,Apache,2022,MH66AB2483,UberBlack,Bike,2,2024-11-18 03:09:11
1994,3961,Piaggio,Ape,2018,MH66AB5480,UberX,Auto,3,2024-12-29 13:55:41
1995,3962,Hero,Activa,2021,MH75AB6225,UberBlack,Bike,2,2022-09-25 06:47:15
1996,3964,Honda,Swift,2021,MH30AB6298,UberX,Car,2,2024-10-02 09:45:40
1997,3966,Maruti,i20,2021,MH45AB7443,UberBlack,Car,6,2022-10-13 15:48:23
1998,3968,Hyundai,Dzire,2019,MH39AB6870,UberPool,Car,5,2023-09-07 14:15:33
1999,3969,Honda,Apache,2017,MH24AB4058,UberX,Bike,2,2025-01-27 10:46:44
2000,3973,TVS,King,2015,MH40AB9264,UberPool,Auto,1,2023-11-18 18:59:23
2001,3979,Honda,i20,2015,MH36AB6408,UberPool,Car,4,2024-07-13 11:42:13
2002,3981,TVS,King,2021,MH10AB5909,UberBlack,Auto,1,2025-02-02 20:30:50
2003,3982,Tata,WagonR,2019,MH66AB5525,UberPool,Car,4,2024-02-23 07:50:07
2004,3983,Piaggio,RE,2016,MH64AB2328,UberX,Auto,2,2023-06-13 14:04:22
2005,3984,Hyundai,Swift,2018,MH83AB7636,UberBlack,Car,3,2023-11-09 23:06:52
2006,3985,Honda,Classic 350,2023,MH99AB2149,UberBlack,Bike,2,2023-08-04 07:47:43
2007,3987,Piaggio,RE,2015,MH48AB3009,UberPool,Auto,5,2023-08-07 12:41:52
2008,3988,Bajaj,RE,2018,MH57AB3146,UberBlack,Auto,4,2022-10-28 01:37:20
2009,3991,Piaggio,Ape,2021,MH10AB2645,UberX,Auto,5,2024-03-12 18:24:36
2010,3992,TVS,Splendor,2015,MH31AB6549,UberPool,Bike,2,2024-04-07 12:28:55
2011,3997,Honda,Swift,2016,MH13AB2123,UberX,Car,3,2024-05-22 15:54:37
2012,4000,Royal Enfield,Splendor,2023,MH21AB7140,UberBlack,Bike,2,2024-04-24 19:43:43
2013,4002,Tata,Ertiga,2016,MH86AB5836,UberBlack,Car,5,2022-10-07 05:27:04
2014,4004,Bajaj,RE,2021,MH90AB7122,UberX,Auto,3,2023-10-09 13:54:15
2015,4006,Hero,Activa,2016,MH95AB4647,UberBlack,Bike,2,2024-01-13 23:06:41
2016,4007,Honda,Classic 350,2016,MH74AB8095,UberBlack,Bike,2,2023-03-27 22:24:44
2017,4008,Hero,Classic 350,2015,MH78AB1187,UberBlack,Bike,2,2023-07-30 05:12:52
2018,4010,Honda,Pulsar,2018,MH30AB6990,UberX,Bike,2,2024-05-17 13:52:18
2019,4011,Hero,Activa,2021,MH20AB3518,UberBlack,Bike,2,2025-01-15 02:07:17
2020,4014,Toyota,Dzire,2016,MH34AB5578,UberBlack,Car,3,2023-03-02 12:15:30
2021,4018,Toyota,Swift,2019,MH15AB1854,UberX,Car,4,2023-07-10 15:30:07
2022,4021,Bajaj,King,2022,MH56AB9554,UberBlack,Auto,3,2024-11-09 05:49:34
2023,4025,Bajaj,Classic 350,2019,MH79AB1113,UberPool,Bike,2,2023-04-13 05:45:23
2024,4026,Hero,Splendor,2017,MH63AB3151,UberBlack,Bike,2,2023-04-17 17:32:09
2025,4027,Toyota,Swift,2021,MH85AB7071,UberX,Car,4,2022-10-01 06:30:55
2026,4028,Royal Enfield,Splendor,2017,MH24AB2931,UberBlack,Bike,2,2024-03-04 17:00:46
2027,4029,Hero,Splendor,2023,MH20AB2989,UberBlack,Bike,2,2022-08-23 12:42:17
2028,4035,Bajaj,Ape,2018,MH96AB4631,UberX,Auto,1,2023-05-16 01:39:01
2029,4036,Hyundai,Innova,2023,MH73AB3222,UberX,Car,4,2024-02-04 02:02:25
2030,4037,Toyota,Swift,2019,MH94AB6584,UberBlack,Car,4,2024-11-14 14:15:49
2031,4041,Piaggio,Ape,2023,MH99AB2727,UberX,Auto,5,2022-11-08 18:49:03
2032,4042,TVS,Ape,2016,MH83AB7628,UberBlack,Auto,1,2023-03-26 23:34:13
2033,4044,TVS,Splendor,2020,MH30AB2459,UberX,Bike,2,2024-12-19 11:16:35
2034,4045,Maruti,Dzire,2021,MH10AB9501,UberX,Car,4,2025-03-30 05:55:39
2035,4046,Hero,Activa,2015,MH42AB5179,UberBlack,Bike,2,2023-09-16 15:19:59
2036,4050,Hero,Activa,2016,MH98AB9184,UberX,Bike,2,2024-05-31 11:43:37
2037,4054,Hero,Activa,2018,MH44AB7960,UberBlack,Bike,2,2024-12-05 14:44:47
2038,4055,TVS,Apache,2020,MH13AB7618,UberX,Bike,2,2023-06-03 20:00:24
2039,4056,Piaggio,Ape,2020,MH74AB1569,UberPool,Auto,2,2022-09-22 18:40:46
2040,4057,TVS,King,2020,MH60AB8081,UberBlack,Auto,5,2024-01-07 06:36:24
2041,4059,Honda,Ertiga,2023,MH54AB1665,UberPool,Car,3,2023-07-30 09:05:20
2042,4060,Honda,Innova,2016,MH49AB3344,UberBlack,Car,5,2024-08-12 03:11:40
2043,4064,Bajaj,King,2020,MH68AB8259,UberPool,Auto,2,2024-11-10 12:30:33
2044,4065,Bajaj,Activa,2019,MH68AB7655,UberPool,Bike,2,2025-03-25 11:20:09
2045,4066,Bajaj,Ape,2020,MH34AB1735,UberX,Auto,4,2023-11-29 19:38:33
2046,4069,Royal Enfield,Pulsar,2023,MH90AB7567,UberX,Bike,2,2022-09-01 23:45:34
2047,4071,TVS,Classic 350,2023,MH50AB1234,UberX,Bike,2,2025-02-04 10:25:58
2048,4073,TVS,RE,2022,MH59AB2389,UberX,Auto,4,2024-10-29 16:50:06
2049,4077,Bajaj,Activa,2021,MH65AB1129,UberX,Bike,2,2024-05-22 14:16:35
2050,4078,Honda,Activa,2017,MH44AB7553,UberBlack,Bike,2,2024-05-21 18:28:50
2051,4086,Piaggio,Ape,2021,MH71AB1753,UberX,Auto,4,2024-09-27 12:43:53
2052,4087,Royal Enfield,Pulsar,2022,MH72AB5839,UberX,Bike,2,2023-02-03 09:13:06
2053,4089,Maruti,Innova,2022,MH26AB4379,UberX,Car,6,2025-03-01 17:16:43
2054,4093,Hyundai,Dzire,2019,MH32AB4327,UberPool,Car,2,2024-11-12 22:26:59
2055,4094,Royal Enfield,Splendor,2015,MH76AB6259,UberBlack,Bike,2,2024-03-30 04:12:21
2056,4095,Piaggio,King,2021,MH18AB8415,UberX,Auto,1,2023-10-09 23:57:36
2057,4098,Hero,Apache,2017,MH11AB6897,UberBlack,Bike,2,2025-07-17 15:20:50
2058,4099,Hyundai,Dzire,2016,MH34AB2950,UberBlack,Car,3,2024-10-24 23:41:09
2059,4102,Royal Enfield,Splendor,2020,MH88AB4767,UberPool,Bike,2,2024-05-29 17:18:55
2060,4105,Bajaj,RE,2017,MH26AB3024,UberX,Auto,5,2023-10-12 20:57:20
2061,4106,Toyota,i20,2019,MH43AB4706,UberBlack,Car,1,2025-06-01 06:08:32
2062,4107,Hero,Apache,2015,MH78AB8954,UberBlack,Bike,2,2024-06-06 08:28:17
2063,4108,Hyundai,Ertiga,2018,MH97AB8628,UberPool,Car,5,2024-06-09 12:45:37
2064,4109,Bajaj,Ape,2019,MH15AB3434,UberX,Auto,1,2023-12-03 22:46:07
2065,4110,Honda,Pulsar,2018,MH21AB4555,UberPool,Bike,2,2025-01-04 10:17:58
2066,4111,Piaggio,Ape,2023,MH20AB9228,UberX,Auto,6,2023-06-10 20:01:48
2067,4114,Maruti,Ertiga,2021,MH29AB6091,UberX,Car,4,2024-02-21 12:43:55
2068,4115,Royal Enfield,Activa,2021,MH37AB6447,UberPool,Bike,2,2023-04-11 21:22:40
2069,4116,TVS,King,2019,MH54AB3088,UberPool,Auto,2,2023-08-26 03:58:46
2070,4117,TVS,Ape,2023,MH78AB3354,UberX,Auto,6,2024-10-24 21:48:00
2071,4119,Bajaj,Apache,2019,MH47AB4042,UberX,Bike,2,2024-02-22 07:05:29
2072,4122,TVS,RE,2020,MH24AB2107,UberPool,Auto,5,2024-08-23 15:27:30
2073,4123,Piaggio,RE,2023,MH13AB6425,UberX,Auto,2,2023-01-07 06:53:20
2074,4125,TVS,Apache,2018,MH80AB9638,UberX,Bike,2,2023-04-15 11:57:42
2075,4126,TVS,RE,2015,MH43AB8231,UberPool,Auto,4,2023-02-11 03:37:37
2076,4127,Royal Enfield,Classic 350,2015,MH78AB3105,UberBlack,Bike,2,2025-05-06 18:25:06
2077,4128,TVS,King,2020,MH99AB9201,UberPool,Auto,1,2023-04-03 21:34:57
2078,4129,Piaggio,RE,2015,MH90AB8743,UberPool,Auto,2,2023-04-11 11:01:41
2079,4130,Toyota,Ertiga,2021,MH81AB6896,UberBlack,Car,2,2025-06-06 07:15:45
2080,4138,Hyundai,Ertiga,2017,MH60AB3103,UberX,Car,6,2024-08-28 04:16:47
2081,4141,Bajaj,King,2019,MH20AB5209,UberPool,Auto,2,2022-08-14 01:36:33
2082,4142,Maruti,Swift,2021,MH20AB5544,UberPool,Car,3,2023-02-04 02:14:17
2083,4144,Honda,i20,2021,MH49AB6775,UberBlack,Car,4,2023-01-08 00:47:24
2084,4145,TVS,Pulsar,2018,MH18AB8845,UberX,Bike,2,2025-01-07 16:52:17
2085,4146,Hyundai,Dzire,2018,MH41AB5532,UberBlack,Car,4,2023-03-08 03:38:22
2086,4147,Honda,WagonR,2022,MH13AB2511,UberX,Car,1,2025-05-05 07:29:55
2087,4153,Bajaj,Ape,2019,MH38AB5824,UberPool,Auto,5,2025-04-22 19:01:03
2088,4154,TVS,King,2023,MH99AB6831,UberBlack,Auto,6,2023-07-21 05:47:25
2089,4155,Hero,Activa,2023,MH74AB2512,UberPool,Bike,2,2024-01-14 05:03:52
2090,4156,TVS,RE,2017,MH24AB7002,UberBlack,Auto,5,2024-06-26 16:07:51
2091,4158,Tata,i20,2019,MH37AB8476,UberPool,Car,2,2023-08-09 22:18:06
2092,4163,Bajaj,King,2019,MH84AB1737,UberX,Auto,2,2024-08-28 05:50:20
2093,4165,Toyota,Dzire,2017,MH39AB6267,UberPool,Car,5,2025-05-21 17:27:31
2094,4166,Tata,Swift,2019,MH67AB4387,UberBlack,Car,1,2023-06-28 16:57:41
2095,4170,Honda,Pulsar,2021,MH81AB8591,UberPool,Bike,2,2025-02-17 15:32:46
2096,4173,Royal Enfield,Classic 350,2019,MH10AB8520,UberX,Bike,2,2023-07-31 17:29:35
2097,4174,Tata,WagonR,2021,MH55AB7589,UberX,Car,1,2023-05-22 11:15:21
2098,4175,TVS,King,2017,MH30AB3533,UberX,Auto,2,2024-03-03 18:37:19
2099,4176,Piaggio,Ape,2017,MH25AB4482,UberBlack,Auto,4,2025-06-27 05:09:19
2100,4180,Bajaj,King,2023,MH43AB8214,UberX,Auto,4,2022-10-04 21:28:25
2101,4183,Bajaj,Activa,2018,MH35AB1181,UberPool,Bike,2,2022-11-28 14:21:28
2102,4188,TVS,Ape,2021,MH82AB3721,UberBlack,Auto,1,2025-03-08 08:32:09
2103,4189,Royal Enfield,Classic 350,2015,MH44AB9897,UberPool,Bike,2,2023-05-01 07:43:13
2104,4191,Maruti,Dzire,2018,MH42AB5335,UberX,Car,3,2023-04-07 06:21:46
2105,4195,Piaggio,King,2023,MH21AB2842,UberBlack,Auto,6,2024-08-12 11:13:45
2106,4197,Royal Enfield,Apache,2016,MH29AB5282,UberX,Bike,2,2025-05-25 12:52:29
2107,4199,Maruti,WagonR,2018,MH69AB2447,UberPool,Car,6,2022-12-30 12:27:56
2108,4204,Hyundai,i20,2018,MH58AB5135,UberBlack,Car,5,2025-01-14 03:57:38
2109,4205,Maruti,Ertiga,2021,MH53AB6728,UberPool,Car,6,2024-06-01 14:06:59
2110,4206,Piaggio,Ape,2020,MH83AB5227,UberX,Auto,1,2024-08-07 00:58:27
2111,4208,Bajaj,King,2018,MH23AB4417,UberPool,Auto,2,2025-05-05 14:35:27
2112,4209,TVS,King,2022,MH32AB9009,UberPool,Auto,4,2022-08-25 23:49:09
2113,4210,Honda,Classic 350,2022,MH72AB6998,UberBlack,Bike,2,2023-07-20 16:08:46
2114,4211,Hyundai,i20,2021,MH19AB4418,UberPool,Car,1,2023-02-07 15:34:19
2115,4213,TVS,Activa,2016,MH84AB6669,UberX,Bike,2,2022-08-24 14:46:28
2116,4218,Bajaj,Ape,2023,MH48AB3935,UberPool,Auto,4,2023-12-25 17:27:08
2117,4220,Toyota,Dzire,2015,MH96AB9028,UberPool,Car,1,2023-06-14 18:58:09
2118,4223,Hero,Splendor,2016,MH19AB2343,UberX,Bike,2,2024-09-11 02:18:00
2119,4224,Bajaj,King,2019,MH77AB1003,UberPool,Auto,3,2023-02-04 09:08:14
2120,4225,Toyota,WagonR,2019,MH73AB3560,UberX,Car,3,2024-11-04 07:24:12
2121,4228,Piaggio,RE,2016,MH10AB9594,UberPool,Auto,1,2022-09-28 06:29:00
2122,4229,TVS,Classic 350,2015,MH49AB2467,UberPool,Bike,2,2025-02-09 19:57:26
2123,4232,Bajaj,Activa,2015,MH58AB8441,UberBlack,Bike,2,2024-11-03 16:06:08
2124,4234,TVS,King,2018,MH59AB8407,UberX,Auto,1,2023-03-22 09:30:43
2125,4235,Piaggio,King,2016,MH15AB3969,UberX,Auto,4,2022-09-06 12:43:20
2126,4239,Tata,Innova,2018,MH96AB3841,UberX,Car,3,2023-12-06 10:15:56
2127,4242,TVS,Ape,2022,MH30AB5373,UberPool,Auto,5,2023-08-25 05:00:53
2128,4243,Hero,Apache,2020,MH97AB8273,UberBlack,Bike,2,2025-05-22 05:08:01
2129,4245,Toyota,WagonR,2022,MH10AB2942,UberX,Car,6,2023-06-02 05:17:23
2130,4246,TVS,Activa,2016,MH69AB9177,UberX,Bike,2,2024-07-15 17:45:20
2131,4252,Bajaj,Ape,2021,MH10AB7946,UberBlack,Auto,3,2025-06-20 16:39:04
2132,4255,Honda,Activa,2023,MH92AB7882,UberX,Bike,2,2024-09-09 14:41:03
2133,4259,Honda,Innova,2022,MH35AB6681,UberBlack,Car,4,2024-01-08 23:01:03
2134,4266,Honda,Apache,2018,MH99AB4187,UberPool,Bike,2,2023-07-12 07:12:02
2135,4268,TVS,Classic 350,2015,MH31AB7269,UberX,Bike,2,2022-12-02 12:51:10
2136,4271,Tata,WagonR,2022,MH94AB7951,UberPool,Car,5,2023-04-03 16:02:41
2137,4273,TVS,Apache,2023,MH66AB7344,UberPool,Bike,2,2024-11-02 17:01:29
2138,4277,TVS,Ape,2019,MH66AB2282,UberPool,Auto,3,2023-10-07 16:00:28
2139,4280,Piaggio,RE,2019,MH66AB5140,UberPool,Auto,6,2024-06-29 11:53:40
2140,4281,Toyota,Innova,2015,MH56AB4954,UberPool,Car,4,2025-02-13 16:19:05
2141,4284,Honda,Ertiga,2015,MH81AB5471,UberBlack,Car,6,2023-09-02 03:19:01
2142,4287,Piaggio,King,2020,MH39AB5238,UberPool,Auto,1,2023-08-21 20:32:14
2143,4288,Tata,Innova,2019,MH80AB1533,UberPool,Car,5,2023-07-14 18:25:02
2144,4289,Hyundai,Dzire,2023,MH37AB4255,UberBlack,Car,5,2022-12-11 13:56:07
2145,4293,Royal Enfield,Activa,2018,MH33AB2980,UberX,Bike,2,2024-02-23 12:31:22
2146,4294,Honda,Classic 350,2019,MH77AB1702,UberBlack,Bike,2,2025-04-02 11:01:29
2147,4297,Hero,Classic 350,2018,MH68AB4424,UberX,Bike,2,2023-03-13 23:05:11
2148,4299,Hero,Apache,2015,MH59AB4578,UberX,Bike,2,2022-12-08 11:49:33
2149,4301,TVS,RE,2020,MH23AB1751,UberBlack,Auto,2,2024-04-24 19:41:10
2150,4303,TVS,Activa,2018,MH78AB8404,UberBlack,Bike,2,2024-06-09 16:32:44
2151,4304,TVS,RE,2018,MH47AB7464,UberPool,Auto,3,2023-09-09 01:14:12
2152,4306,TVS,King,2021,MH65AB1611,UberX,Auto,2,2025-07-07 01:31:31
2153,4310,Tata,Dzire,2022,MH43AB2826,UberPool,Car,5,2023-09-03 16:18:14
2154,4311,Maruti,Ertiga,2019,MH18AB1874,UberX,Car,1,2023-10-23 10:40:25
2155,4312,Tata,WagonR,2015,MH71AB9737,UberX,Car,6,2024-01-12 20:30:57
2156,4320,TVS,RE,2021,MH48AB9482,UberPool,Auto,5,2022-08-22 20:03:55
2157,4325,Royal Enfield,Activa,2022,MH35AB9492,UberX,Bike,2,2025-04-22 14:56:14
2158,4326,Maruti,WagonR,2016,MH43AB5122,UberX,Car,3,2024-07-29 12:43:38
2159,4327,TVS,Apache,2022,MH77AB4446,UberPool,Bike,2,2025-06-16 16:15:55
2160,4329,Hyundai,Ertiga,2017,MH62AB1519,UberX,Car,4,2023-09-08 19:48:15
2161,4331,Tata,i20,2022,MH52AB8089,UberPool,Car,1,2023-05-22 15:19:16
2162,4332,Hero,Activa,2016,MH30AB3987,UberX,Bike,2,2022-11-30 13:08:41
2163,4333,TVS,RE,2018,MH82AB2798,UberX,Auto,2,2024-08-15 12:20:04
2164,4334,Royal Enfield,Apache,2020,MH86AB9534,UberPool,Bike,2,2024-10-16 03:06:34
2165,4338,Bajaj,Ape,2018,MH41AB9162,UberPool,Auto,5,2024-09-18 00:10:39
2166,4339,Hero,Apache,2023,MH11AB9016,UberBlack,Bike,2,2024-10-19 05:48:24
2167,4340,Maruti,Ertiga,2021,MH92AB6953,UberX,Car,1,2023-07-23 20:30:45
2168,4341,TVS,Splendor,2022,MH14AB8455,UberBlack,Bike,2,2022-09-16 21:49:12
2169,4342,Honda,Ertiga,2019,MH66AB9698,UberBlack,Car,3,2022-10-21 08:23:50
2170,4343,Bajaj,RE,2018,MH42AB9479,UberPool,Auto,4,2024-01-22 10:58:37
2171,4346,Tata,Innova,2019,MH98AB1118,UberPool,Car,3,2024-08-06 23:23:13
2172,4347,Bajaj,King,2017,MH75AB1946,UberBlack,Auto,1,2024-02-08 17:04:42
2173,4348,Maruti,WagonR,2023,MH74AB5011,UberBlack,Car,4,2023-04-28 12:36:35
2174,4349,Bajaj,Splendor,2021,MH73AB9507,UberPool,Bike,2,2024-01-08 01:32:48
2175,4350,Piaggio,Ape,2019,MH43AB5377,UberX,Auto,5,2024-09-14 07:49:47
2176,4353,Piaggio,Ape,2020,MH85AB4532,UberX,Auto,2,2024-02-27 13:22:15
2177,4355,Maruti,WagonR,2020,MH65AB1083,UberBlack,Car,3,2025-07-03 01:00:37
2178,4356,Tata,i20,2015,MH25AB6924,UberX,Car,2,2024-10-08 23:55:34
2179,4357,Bajaj,RE,2021,MH58AB4208,UberX,Auto,1,2023-05-29 15:36:56
2180,4359,Bajaj,RE,2020,MH61AB6777,UberPool,Auto,1,2024-03-17 16:27:29
2181,4363,Maruti,WagonR,2016,MH55AB5508,UberX,Car,2,2023-10-20 04:21:30
2182,4364,TVS,RE,2017,MH13AB2924,UberX,Auto,6,2025-03-02 15:25:41
2183,4365,TVS,RE,2016,MH81AB6347,UberX,Auto,1,2025-06-27 05:04:01
2184,4368,Bajaj,Pulsar,2016,MH95AB9711,UberX,Bike,2,2023-03-02 05:31:09
2185,4372,Bajaj,Ape,2021,MH76AB3069,UberX,Auto,3,2024-12-14 23:19:55
2186,4373,Bajaj,Ape,2015,MH82AB4891,UberX,Auto,3,2025-03-02 11:14:43
2187,4374,Honda,Apache,2022,MH37AB9457,UberPool,Bike,2,2024-04-13 02:27:19
2188,4376,Royal Enfield,Activa,2022,MH36AB9608,UberBlack,Bike,2,2024-04-22 00:39:46
2189,4377,Hyundai,Ertiga,2020,MH91AB6364,UberX,Car,5,2024-12-18 23:17:38
2190,4378,Hyundai,Swift,2023,MH30AB8962,UberX,Car,6,2022-12-04 09:40:14
2191,4380,Honda,Dzire,2021,MH45AB3154,UberBlack,Car,3,2022-08-17 22:37:06
2192,4382,Honda,Innova,2017,MH56AB6982,UberBlack,Car,4,2024-06-08 01:10:12
2193,4383,TVS,Ape,2023,MH94AB2298,UberPool,Auto,3,2025-05-18 02:17:42
2194,4384,Bajaj,RE,2015,MH75AB3030,UberBlack,Auto,4,2023-07-27 00:52:20
2195,4393,Piaggio,Ape,2020,MH48AB5289,UberBlack,Auto,5,2022-08-18 01:47:50
2196,4394,Royal Enfield,Splendor,2020,MH11AB5819,UberBlack,Bike,2,2022-09-01 08:26:52
2197,4396,TVS,Ape,2016,MH51AB1498,UberBlack,Auto,5,2024-08-21 07:17:06
2198,4397,Hyundai,Innova,2021,MH47AB1672,UberX,Car,3,2025-06-26 17:16:57
2199,4398,Tata,WagonR,2020,MH54AB6772,UberBlack,Car,6,2023-04-17 09:43:08
2200,4399,Hyundai,Innova,2023,MH75AB2274,UberX,Car,5,2023-01-02 17:52:14
2201,4401,Bajaj,Ape,2017,MH67AB8186,UberPool,Auto,3,2024-12-20 14:13:33
2202,4403,Royal Enfield,Classic 350,2022,MH44AB7096,UberBlack,Bike,2,2023-04-27 08:32:41
2203,4407,Hyundai,Innova,2016,MH26AB4552,UberBlack,Car,4,2024-04-09 06:59:01
2204,4408,Hyundai,Ertiga,2018,MH71AB8699,UberBlack,Car,1,2025-07-11 13:16:14
2205,4409,Tata,Swift,2019,MH52AB6966,UberBlack,Car,3,2024-01-21 21:25:48
2206,4410,TVS,Ape,2021,MH69AB5344,UberBlack,Auto,1,2023-08-24 01:12:06
2207,4411,Royal Enfield,Pulsar,2018,MH96AB6585,UberPool,Bike,2,2024-01-08 18:03:00
2208,4412,TVS,RE,2017,MH52AB6964,UberBlack,Auto,2,2023-07-24 22:11:20
2209,4413,Hero,Pulsar,2022,MH65AB8319,UberPool,Bike,2,2024-11-25 04:45:04
2210,4414,Piaggio,RE,2021,MH48AB3030,UberX,Auto,2,2023-04-12 20:40:26
2211,4416,Bajaj,Classic 350,2021,MH56AB4233,UberX,Bike,2,2023-01-31 13:12:35
2212,4419,TVS,Splendor,2018,MH45AB2691,UberPool,Bike,2,2024-10-17 03:20:52
2213,4420,Bajaj,RE,2020,MH46AB6972,UberPool,Auto,5,2023-01-20 07:03:51
2214,4421,Hyundai,Innova,2020,MH89AB6508,UberPool,Car,4,2022-09-18 03:37:37
2215,4422,Maruti,WagonR,2023,MH94AB4517,UberX,Car,3,2024-11-26 19:42:28
2216,4426,TVS,Ape,2021,MH63AB9339,UberX,Auto,5,2024-12-25 23:18:14
2217,4427,TVS,RE,2019,MH84AB2501,UberX,Auto,5,2024-04-30 17:17:30
2218,4429,Hero,Apache,2018,MH20AB8760,UberX,Bike,2,2023-10-24 10:02:30
2219,4431,TVS,Classic 350,2023,MH51AB3599,UberX,Bike,2,2023-03-04 17:26:31
2220,4434,Piaggio,Ape,2022,MH84AB4793,UberX,Auto,4,2025-03-21 15:00:58
2221,4435,TVS,RE,2018,MH18AB7885,UberX,Auto,5,2023-10-02 19:22:08
2222,4436,Piaggio,Ape,2023,MH54AB1400,UberX,Auto,1,2025-06-05 07:04:08
2223,4437,TVS,Activa,2018,MH86AB2282,UberX,Bike,2,2023-08-02 09:08:03
2224,4438,Hyundai,Dzire,2017,MH15AB3650,UberPool,Car,3,2023-05-03 05:54:43
2225,4442,Maruti,i20,2018,MH97AB4888,UberBlack,Car,2,2022-12-06 04:59:32
2226,4444,TVS,RE,2022,MH85AB1697,UberX,Auto,1,2023-09-19 13:55:23
2227,4446,Piaggio,RE,2023,MH81AB8332,UberBlack,Auto,2,2024-07-27 16:44:28
2228,4448,Bajaj,Ape,2023,MH88AB4461,UberBlack,Auto,3,2023-11-01 16:02:04
2229,4449,Royal Enfield,Activa,2016,MH62AB8418,UberPool,Bike,2,2025-01-20 01:37:27
2230,4451,Bajaj,Apache,2017,MH11AB9907,UberX,Bike,2,2023-07-25 12:09:08
2231,4452,Honda,Splendor,2017,MH47AB4053,UberBlack,Bike,2,2023-12-26 16:50:12
2232,4458,Royal Enfield,Apache,2022,MH45AB3439,UberBlack,Bike,2,2023-09-04 07:59:03
2233,4459,TVS,Apache,2015,MH42AB8587,UberBlack,Bike,2,2025-01-12 12:28:45
2234,4463,Bajaj,Ape,2017,MH73AB8112,UberPool,Auto,2,2023-11-23 21:36:29
2235,4464,Honda,Apache,2023,MH21AB8772,UberPool,Bike,2,2023-02-01 17:53:09
2236,4466,TVS,Activa,2017,MH49AB7359,UberBlack,Bike,2,2022-08-12 00:04:30
2237,4467,Hero,Apache,2019,MH59AB4559,UberBlack,Bike,2,2025-03-12 06:10:55
2238,4470,Piaggio,King,2018,MH21AB6358,UberPool,Auto,4,2024-09-13 09:52:47
2239,4471,TVS,Pulsar,2018,MH88AB5573,UberX,Bike,2,2024-03-04 04:41:26
2240,4473,Tata,i20,2015,MH81AB7144,UberPool,Car,5,2024-10-15 06:33:24
2241,4475,Royal Enfield,Classic 350,2023,MH18AB2994,UberBlack,Bike,2,2024-08-03 06:16:23
2242,4476,Bajaj,RE,2017,MH41AB3234,UberPool,Auto,4,2024-08-31 13:08:09
2243,4477,TVS,RE,2017,MH16AB4711,UberPool,Auto,2,2025-06-04 01:54:39
2244,4478,Tata,Ertiga,2023,MH44AB1872,UberPool,Car,6,2025-07-13 00:05:58
2245,4481,Bajaj,RE,2023,MH62AB9059,UberPool,Auto,6,2024-06-10 21:27:02
2246,4482,TVS,King,2023,MH41AB1843,UberPool,Auto,3,2025-05-20 03:07:13
2247,4484,Honda,Classic 350,2020,MH96AB8362,UberBlack,Bike,2,2025-02-07 06:37:17
2248,4485,TVS,Classic 350,2023,MH59AB1034,UberX,Bike,2,2024-10-30 13:40:30
2249,4486,TVS,Splendor,2017,MH60AB8847,UberBlack,Bike,2,2024-08-22 03:20:08
2250,4487,TVS,Apache,2019,MH37AB7786,UberX,Bike,2,2025-01-11 21:21:18
2251,4488,Tata,Swift,2020,MH62AB2759,UberPool,Car,4,2024-04-11 10:57:53
2252,4490,Bajaj,Apache,2019,MH32AB1693,UberX,Bike,2,2022-09-06 18:22:22
2253,4493,Bajaj,Splendor,2023,MH65AB8259,UberPool,Bike,2,2024-12-22 12:26:39
2254,4495,Hero,Apache,2017,MH16AB5088,UberPool,Bike,2,2024-06-29 13:22:18
2255,4500,Honda,Swift,2023,MH54AB1355,UberPool,Car,4,2022-11-05 02:59:54
2256,4503,Hero,Pulsar,2018,MH50AB9967,UberPool,Bike,2,2025-03-10 15:39:36
2257,4505,Honda,Swift,2019,MH34AB4041,UberX,Car,6,2025-02-06 03:05:08
2258,4506,Piaggio,King,2021,MH62AB4355,UberX,Auto,4,2025-03-25 14:00:19
2259,4507,Piaggio,Ape,2015,MH45AB3111,UberX,Auto,2,2023-06-18 20:08:30
2260,4510,Bajaj,RE,2021,MH15AB9280,UberBlack,Auto,1,2024-02-26 00:37:20
2261,4513,TVS,RE,2015,MH56AB3475,UberX,Auto,5,2023-09-26 07:21:52
2262,4514,Honda,Innova,2020,MH68AB5841,UberBlack,Car,4,2025-07-28 05:54:01
2263,4519,Honda,Activa,2015,MH52AB3174,UberPool,Bike,2,2023-04-13 06:11:10
2264,4522,Toyota,Innova,2021,MH22AB2852,UberPool,Car,2,2024-07-08 06:20:16
2265,4523,Honda,Pulsar,2015,MH49AB1102,UberBlack,Bike,2,2024-05-25 11:35:38
2266,4525,Royal Enfield,Apache,2016,MH38AB1657,UberPool,Bike,2,2023-02-18 06:42:13
2267,4528,Maruti,i20,2017,MH27AB2781,UberPool,Car,5,2025-02-25 11:51:41
2268,4532,TVS,King,2020,MH35AB8535,UberX,Auto,3,2023-06-29 05:53:19
2269,4537,Bajaj,Pulsar,2015,MH46AB5027,UberX,Bike,2,2022-12-12 20:14:49
2270,4539,Bajaj,King,2019,MH41AB2425,UberX,Auto,4,2024-07-26 20:20:18
2271,4542,Royal Enfield,Apache,2021,MH15AB3875,UberX,Bike,2,2025-04-15 19:39:41
2272,4543,Tata,Swift,2021,MH55AB6566,UberBlack,Car,1,2024-08-02 19:10:41
2273,4544,Bajaj,Apache,2022,MH51AB6435,UberPool,Bike,2,2022-09-30 00:47:33
2274,4545,Tata,WagonR,2017,MH16AB4964,UberPool,Car,6,2024-09-04 13:06:58
2275,4546,Hero,Pulsar,2022,MH50AB2847,UberX,Bike,2,2024-06-29 17:29:31
2276,4553,Hyundai,Ertiga,2021,MH80AB8986,UberX,Car,4,2023-02-23 08:27:54
2277,4556,Bajaj,King,2022,MH19AB2163,UberX,Auto,1,2023-08-16 00:38:09
2278,4557,Piaggio,RE,2021,MH68AB4319,UberX,Auto,2,2025-05-27 07:54:31
2279,4558,Bajaj,Activa,2018,MH99AB4790,UberX,Bike,2,2022-09-28 10:20:24
2280,4560,TVS,King,2023,MH46AB6237,UberX,Auto,4,2025-06-09 00:45:43
2281,4562,Royal Enfield,Splendor,2022,MH84AB5862,UberX,Bike,2,2025-03-27 15:07:25
2282,4563,Maruti,Ertiga,2023,MH39AB1525,UberX,Car,3,2024-06-02 16:34:13
2283,4566,Tata,Ertiga,2019,MH62AB9656,UberPool,Car,6,2024-06-03 22:09:56
2284,4569,TVS,Ape,2016,MH83AB1402,UberX,Auto,6,2025-01-23 09:54:00
2285,4571,Hyundai,Swift,2016,MH51AB5993,UberBlack,Car,5,2023-11-04 17:52:54
2286,4572,Hyundai,Swift,2015,MH87AB4626,UberX,Car,3,2023-01-19 04:13:30
2287,4573,TVS,Pulsar,2018,MH63AB4327,UberX,Bike,2,2024-05-26 20:42:05
2288,4574,Hyundai,WagonR,2020,MH99AB5958,UberX,Car,4,2023-05-21 05:43:28
2289,4577,Bajaj,RE,2023,MH46AB2958,UberPool,Auto,3,2022-10-01 15:39:52
2290,4578,Tata,WagonR,2015,MH91AB3403,UberX,Car,4,2023-08-27 15:04:17
2291,4580,Hyundai,WagonR,2015,MH24AB4013,UberPool,Car,6,2023-01-26 18:00:15
2292,4581,Piaggio,RE,2023,MH97AB4669,UberX,Auto,6,2024-02-05 12:52:35
2293,4582,Piaggio,King,2016,MH67AB9832,UberPool,Auto,4,2025-01-23 11:09:03
2294,4583,Bajaj,King,2021,MH87AB8281,UberPool,Auto,1,2023-02-13 19:34:28
2295,4584,Honda,Splendor,2022,MH40AB4915,UberX,Bike,2,2023-12-29 15:52:02
2296,4587,Bajaj,RE,2020,MH56AB2375,UberPool,Auto,5,2024-07-29 05:22:36
2297,4588,Bajaj,RE,2016,MH72AB4471,UberPool,Auto,3,2023-06-05 05:23:40
2298,4589,TVS,RE,2023,MH87AB5222,UberBlack,Auto,3,2023-01-16 01:41:10
2299,4594,Tata,Innova,2019,MH55AB3445,UberBlack,Car,3,2023-12-03 04:32:11
2300,4595,Bajaj,King,2022,MH12AB9150,UberPool,Auto,3,2023-05-24 22:03:42
2301,4596,Honda,Innova,2021,MH33AB1202,UberPool,Car,5,2022-09-22 05:13:54
2302,4598,TVS,King,2017,MH93AB3986,UberPool,Auto,1,2024-02-08 15:57:22
2303,4599,Piaggio,RE,2021,MH13AB3108,UberBlack,Auto,6,2025-03-04 18:46:17
2304,4600,Hero,Splendor,2023,MH65AB9397,UberX,Bike,2,2024-04-12 06:02:46
2305,4603,Bajaj,RE,2018,MH65AB1052,UberBlack,Auto,6,2023-01-30 00:50:22
2306,4608,Honda,Innova,2015,MH81AB2101,UberBlack,Car,4,2024-03-27 06:25:02
2307,4609,Maruti,Dzire,2017,MH73AB7655,UberBlack,Car,2,2022-09-03 17:03:38
2308,4610,Bajaj,King,2023,MH69AB8617,UberPool,Auto,4,2024-02-20 01:09:09
2309,4612,Maruti,Innova,2022,MH27AB7319,UberBlack,Car,2,2022-09-15 15:34:12
2310,4616,Maruti,i20,2020,MH64AB7573,UberPool,Car,4,2024-02-17 16:49:15
2311,4618,Tata,WagonR,2018,MH91AB6209,UberBlack,Car,3,2025-06-29 15:43:30
2312,4622,Honda,Splendor,2017,MH29AB1604,UberPool,Bike,2,2022-09-16 04:49:22
2313,4623,Toyota,Innova,2021,MH40AB8529,UberPool,Car,6,2023-08-24 01:25:47
2314,4624,Piaggio,Ape,2017,MH55AB1735,UberX,Auto,4,2024-01-03 11:35:32
2315,4625,Hero,Classic 350,2022,MH44AB9600,UberPool,Bike,2,2022-12-27 03:07:54
2316,4626,TVS,RE,2020,MH79AB2976,UberBlack,Auto,2,2024-10-16 00:27:41
2317,4628,Bajaj,King,2022,MH43AB9349,UberPool,Auto,3,2023-06-16 22:19:43
2318,4629,Royal Enfield,Activa,2018,MH57AB6457,UberBlack,Bike,2,2024-10-06 07:46:46
2319,4631,TVS,RE,2023,MH40AB7108,UberPool,Auto,5,2024-04-18 17:07:40
2320,4632,Piaggio,King,2016,MH32AB6745,UberX,Auto,1,2022-10-08 23:05:15
2321,4634,Honda,Dzire,2015,MH99AB7225,UberPool,Car,4,2023-10-28 20:26:11
2322,4635,Piaggio,RE,2017,MH58AB9042,UberX,Auto,5,2025-06-10 07:04:42
2323,4636,Honda,WagonR,2018,MH36AB7054,UberX,Car,6,2022-09-02 02:34:43
2324,4637,Toyota,Ertiga,2016,MH41AB8837,UberBlack,Car,2,2022-09-03 16:19:10
2325,4639,Hyundai,Ertiga,2021,MH77AB3172,UberBlack,Car,6,2024-12-21 20:08:04
2326,4640,TVS,King,2018,MH40AB6397,UberPool,Auto,2,2023-01-20 16:48:48
2327,4642,Bajaj,Splendor,2017,MH86AB5534,UberBlack,Bike,2,2025-01-06 00:55:38
2328,4647,TVS,Classic 350,2023,MH25AB2863,UberX,Bike,2,2024-12-16 14:06:31
2329,4648,Bajaj,King,2018,MH47AB7035,UberX,Auto,4,2023-03-05 06:58:27
2330,4649,Honda,Dzire,2017,MH27AB4621,UberX,Car,4,2023-04-17 14:43:38
2331,4650,TVS,Ape,2021,MH52AB1132,UberX,Auto,5,2025-05-20 06:41:57
2332,4652,TVS,Ape,2022,MH57AB1908,UberPool,Auto,3,2023-03-14 01:41:24
2333,4653,Royal Enfield,Classic 350,2016,MH68AB5925,UberX,Bike,2,2024-11-30 10:06:33
2334,4655,Toyota,Ertiga,2019,MH37AB5944,UberBlack,Car,3,2023-08-17 12:19:26
2335,4660,Hyundai,Dzire,2023,MH99AB2253,UberX,Car,6,2023-03-18 19:47:55
2336,4661,Royal Enfield,Apache,2015,MH85AB3305,UberPool,Bike,2,2024-12-14 18:21:46
2337,4663,Maruti,i20,2019,MH75AB1567,UberBlack,Car,2,2025-04-15 06:32:44
2338,4665,Honda,Apache,2022,MH92AB6772,UberPool,Bike,2,2025-04-12 09:50:23
2339,4666,Honda,Innova,2018,MH35AB2645,UberPool,Car,5,2025-06-06 13:10:25
2340,4667,Royal Enfield,Splendor,2023,MH78AB6167,UberPool,Bike,2,2022-08-28 21:26:27
2341,4668,Tata,i20,2019,MH39AB5466,UberPool,Car,1,2022-08-22 09:53:58
2342,4674,Maruti,Swift,2019,MH28AB8975,UberBlack,Car,5,2024-04-24 16:35:50
2343,4676,TVS,Activa,2018,MH54AB5561,UberBlack,Bike,2,2023-12-07 14:16:06
2344,4677,Maruti,Swift,2016,MH77AB2163,UberBlack,Car,5,2024-02-01 05:16:24
2345,4681,Piaggio,King,2016,MH37AB3549,UberBlack,Auto,5,2024-03-25 14:23:20
2346,4682,Hyundai,WagonR,2020,MH36AB9661,UberPool,Car,5,2023-11-15 09:18:21
2347,4683,Bajaj,RE,2016,MH51AB9183,UberX,Auto,2,2023-04-22 00:50:27
2348,4684,Royal Enfield,Apache,2021,MH16AB2515,UberPool,Bike,2,2023-10-04 09:19:02
2349,4688,Bajaj,Classic 350,2017,MH48AB6477,UberPool,Bike,2,2023-12-13 03:16:54
2350,4689,Royal Enfield,Pulsar,2015,MH32AB3022,UberX,Bike,2,2024-11-05 02:19:33
2351,4693,TVS,Classic 350,2017,MH28AB5095,UberBlack,Bike,2,2022-11-20 06:27:49
2352,4694,Hero,Classic 350,2016,MH66AB5032,UberBlack,Bike,2,2025-02-17 11:39:28
2353,4696,Bajaj,Apache,2021,MH59AB2016,UberBlack,Bike,2,2024-07-09 02:41:20
2354,4698,TVS,Classic 350,2015,MH94AB1829,UberPool,Bike,2,2023-04-11 03:02:26
2355,4699,Toyota,i20,2023,MH19AB1843,UberPool,Car,5,2023-08-06 18:22:37
2356,4700,Hero,Classic 350,2018,MH53AB3186,UberX,Bike,2,2024-12-28 14:51:10
2357,4701,Hero,Pulsar,2015,MH31AB3710,UberPool,Bike,2,2024-04-15 10:56:59
2358,4702,Bajaj,King,2020,MH61AB2103,UberPool,Auto,5,2023-01-10 18:27:13
2359,4703,Honda,Innova,2021,MH42AB2407,UberBlack,Car,6,2023-03-19 16:46:21
2360,4706,TVS,Splendor,2018,MH37AB4228,UberPool,Bike,2,2023-10-30 21:09:32
2361,4707,TVS,Splendor,2017,MH76AB6579,UberBlack,Bike,2,2023-04-21 08:00:31
2362,4708,Hyundai,WagonR,2020,MH80AB2909,UberPool,Car,6,2025-05-31 22:50:38
2363,4711,Bajaj,Ape,2020,MH70AB9991,UberX,Auto,5,2023-02-21 12:59:04
2364,4712,Hyundai,Dzire,2019,MH85AB3920,UberX,Car,1,2025-05-04 08:47:33
2365,4716,Bajaj,Ape,2016,MH93AB5638,UberX,Auto,5,2023-05-04 03:14:50
2366,4717,Piaggio,King,2023,MH24AB5754,UberX,Auto,3,2024-06-14 21:12:17
2367,4718,Maruti,Dzire,2023,MH56AB7500,UberBlack,Car,5,2023-01-09 13:27:28
2368,4719,Honda,Swift,2019,MH31AB7753,UberPool,Car,2,2024-04-17 07:52:08
2369,4723,Maruti,Dzire,2015,MH23AB8376,UberPool,Car,1,2024-06-15 19:25:57
2370,4725,Maruti,i20,2023,MH92AB5959,UberBlack,Car,3,2023-08-08 19:25:33
2371,4726,Honda,Activa,2023,MH76AB7406,UberPool,Bike,2,2023-08-19 10:35:07
2372,4729,Honda,Apache,2023,MH19AB9887,UberX,Bike,2,2024-04-12 16:52:15
2373,4730,Bajaj,Activa,2016,MH41AB7317,UberPool,Bike,2,2024-05-04 18:47:03
2374,4731,TVS,Ape,2016,MH63AB6114,UberPool,Auto,6,2022-10-12 05:30:07
2375,4732,Piaggio,RE,2020,MH34AB3449,UberBlack,Auto,1,2024-02-26 19:23:36
2376,4733,Piaggio,RE,2016,MH22AB4124,UberX,Auto,5,2023-06-03 13:34:12
2377,4734,Bajaj,Pulsar,2016,MH55AB7596,UberBlack,Bike,2,2024-10-23 05:14:22
2378,4736,Toyota,Innova,2017,MH79AB5107,UberBlack,Car,1,2025-01-30 02:40:27
2379,4737,Bajaj,RE,2019,MH60AB3853,UberPool,Auto,4,2023-10-14 20:31:34
2380,4739,Toyota,Dzire,2015,MH27AB6130,UberX,Car,3,2023-09-04 17:47:31
2381,4741,Toyota,i20,2021,MH66AB1644,UberPool,Car,4,2023-12-10 13:30:25
2382,4742,Hero,Apache,2017,MH89AB4242,UberBlack,Bike,2,2023-04-20 15:20:12
2383,4743,Piaggio,Ape,2023,MH73AB7989,UberBlack,Auto,4,2023-11-06 00:09:30
2384,4744,TVS,Splendor,2023,MH99AB9179,UberPool,Bike,2,2025-03-16 06:01:25
2385,4749,Maruti,Swift,2022,MH93AB6538,UberX,Car,3,2025-05-16 19:44:26
2386,4750,Bajaj,RE,2018,MH37AB1586,UberPool,Auto,1,2022-08-31 13:55:33
2387,4752,Honda,Ertiga,2022,MH28AB5647,UberPool,Car,2,2025-04-24 13:21:35
2388,4757,TVS,Pulsar,2021,MH54AB5740,UberX,Bike,2,2023-12-20 07:57:28
2389,4758,Honda,Activa,2018,MH85AB3914,UberPool,Bike,2,2023-11-02 11:38:59
2390,4761,Bajaj,Activa,2023,MH50AB4035,UberX,Bike,2,2022-11-18 06:26:49
2391,4762,Piaggio,RE,2023,MH31AB9376,UberBlack,Auto,2,2023-07-12 12:06:30
2392,4764,Bajaj,Pulsar,2022,MH80AB7987,UberBlack,Bike,2,2023-04-12 13:02:42
2393,4765,Tata,Ertiga,2015,MH45AB3959,UberBlack,Car,2,2023-06-17 22:51:55
2394,4766,Royal Enfield,Pulsar,2016,MH76AB7016,UberBlack,Bike,2,2024-07-03 21:41:58
2395,4772,Maruti,Swift,2021,MH97AB4065,UberBlack,Car,1,2022-12-25 07:27:00
2396,4775,Bajaj,King,2018,MH49AB8660,UberBlack,Auto,1,2024-02-10 08:17:09
2397,4776,Hero,Classic 350,2015,MH73AB8855,UberPool,Bike,2,2023-08-16 05:27:34
2398,4777,Honda,i20,2019,MH82AB5629,UberBlack,Car,5,2024-02-27 18:52:10
2399,4778,Piaggio,King,2018,MH54AB8472,UberPool,Auto,5,2024-07-26 03:35:49
2400,4784,Royal Enfield,Pulsar,2016,MH40AB9959,UberX,Bike,2,2025-02-15 10:39:41
2401,4785,Honda,Apache,2016,MH88AB5214,UberBlack,Bike,2,2024-01-14 01:58:00
2402,4786,TVS,Apache,2017,MH30AB7074,UberBlack,Bike,2,2023-07-28 21:41:50
2403,4790,TVS,Splendor,2018,MH34AB1566,UberBlack,Bike,2,2025-03-06 00:23:01
2404,4791,Honda,Splendor,2020,MH47AB2577,UberBlack,Bike,2,2025-07-21 23:18:28
2405,4795,Bajaj,Apache,2016,MH22AB1424,UberBlack,Bike,2,2023-11-12 05:16:04
2406,4799,Royal Enfield,Apache,2020,MH23AB4774,UberPool,Bike,2,2024-01-10 22:54:40
2407,4802,Tata,Innova,2015,MH52AB1498,UberPool,Car,1,2025-05-15 22:12:17
2408,4804,Bajaj,Classic 350,2017,MH28AB4887,UberPool,Bike,2,2024-02-23 11:28:51
2409,4805,Tata,Ertiga,2022,MH74AB8636,UberX,Car,6,2025-02-28 18:28:56
2410,4806,Toyota,Dzire,2023,MH24AB3292,UberBlack,Car,1,2023-02-17 13:12:27
2411,4807,Hero,Activa,2018,MH55AB6033,UberBlack,Bike,2,2024-12-01 22:50:09
2412,4809,TVS,Pulsar,2016,MH19AB3641,UberPool,Bike,2,2025-04-02 10:12:11
2413,4812,TVS,Ape,2021,MH41AB9159,UberX,Auto,1,2023-01-20 20:45:08
2414,4813,Hyundai,i20,2018,MH40AB2722,UberX,Car,5,2023-12-18 14:47:27
2415,4816,TVS,RE,2018,MH16AB8077,UberBlack,Auto,3,2025-07-21 06:34:13
2416,4818,TVS,Ape,2015,MH13AB4848,UberBlack,Auto,1,2025-04-02 16:37:54
2417,4819,Bajaj,RE,2021,MH48AB9964,UberPool,Auto,6,2023-01-12 23:47:26
2418,4820,Maruti,Swift,2017,MH18AB9205,UberX,Car,3,2023-12-12 23:47:59
2419,4823,Hyundai,Swift,2023,MH21AB8335,UberX,Car,2,2023-12-01 08:09:00
2420,4824,TVS,King,2016,MH64AB8710,UberBlack,Auto,4,2024-08-07 11:25:11
2421,4825,Piaggio,RE,2017,MH18AB5612,UberBlack,Auto,5,2023-08-13 17:04:25
2422,4828,TVS,RE,2018,MH95AB3103,UberX,Auto,3,2024-03-20 01:03:50
2423,4829,Hyundai,Ertiga,2022,MH42AB4490,UberBlack,Car,2,2024-02-24 20:43:53
2424,4832,TVS,Pulsar,2016,MH15AB7739,UberPool,Bike,2,2023-05-28 09:59:44
2425,4834,Maruti,Swift,2019,MH60AB1031,UberX,Car,1,2022-12-20 13:41:51
2426,4835,TVS,RE,2018,MH25AB4840,UberPool,Auto,3,2025-01-10 03:26:19
2427,4839,Royal Enfield,Activa,2019,MH27AB1775,UberBlack,Bike,2,2023-08-08 20:41:56
2428,4841,Bajaj,Pulsar,2018,MH86AB6854,UberPool,Bike,2,2023-06-05 22:41:54
2429,4843,TVS,RE,2016,MH72AB7189,UberX,Auto,6,2024-04-21 00:23:01
2430,4845,Piaggio,Ape,2023,MH73AB8437,UberPool,Auto,4,2024-03-15 16:54:54
2431,4846,Royal Enfield,Apache,2016,MH37AB9193,UberPool,Bike,2,2024-01-14 17:23:19
2432,4847,Hero,Pulsar,2018,MH87AB9798,UberX,Bike,2,2023-03-16 16:09:01
2433,4848,Piaggio,RE,2022,MH92AB3633,UberX,Auto,3,2025-06-10 22:02:18
2434,4850,TVS,RE,2015,MH45AB6918,UberX,Auto,5,2022-08-07 10:14:30
2435,4851,TVS,Apache,2023,MH62AB9352,UberX,Bike,2,2023-08-12 08:58:23
2436,4852,Piaggio,King,2018,MH45AB2859,UberBlack,Auto,5,2023-12-13 13:37:47
2437,4855,Bajaj,King,2021,MH49AB1656,UberX,Auto,6,2023-10-03 02:26:51
2438,4860,Bajaj,King,2022,MH50AB9355,UberPool,Auto,5,2024-04-27 01:03:00
2439,4862,Honda,Swift,2023,MH91AB6329,UberX,Car,6,2022-12-19 14:05:29
2440,4864,Bajaj,Splendor,2020,MH45AB6008,UberBlack,Bike,2,2023-03-13 15:16:04
2441,4865,Toyota,i20,2017,MH67AB2329,UberBlack,Car,5,2024-10-13 02:30:17
2442,4869,TVS,Splendor,2021,MH39AB9463,UberPool,Bike,2,2022-08-21 21:34:36
2443,4870,Royal Enfield,Splendor,2017,MH16AB8671,UberBlack,Bike,2,2024-02-14 13:19:14
2444,4878,Hyundai,Dzire,2022,MH81AB5572,UberX,Car,1,2025-04-08 15:24:45
2445,4881,TVS,King,2020,MH53AB4588,UberBlack,Auto,3,2023-11-22 21:50:37
2446,4882,TVS,Splendor,2022,MH76AB7769,UberPool,Bike,2,2023-08-04 10:53:41
2447,4883,Honda,Activa,2023,MH85AB3699,UberBlack,Bike,2,2025-01-14 23:36:07
2448,4884,Piaggio,RE,2016,MH14AB1634,UberPool,Auto,2,2023-01-08 08:24:06
2449,4889,Piaggio,RE,2019,MH12AB6084,UberPool,Auto,1,2023-06-21 09:56:09
2450,4890,Toyota,Innova,2021,MH23AB8267,UberPool,Car,6,2023-03-02 13:03:11
2451,4891,Honda,Splendor,2019,MH22AB1376,UberBlack,Bike,2,2023-04-05 22:22:51
2452,4892,Honda,Classic 350,2021,MH71AB2340,UberBlack,Bike,2,2024-03-01 01:30:00
2453,4893,TVS,Apache,2017,MH65AB3065,UberPool,Bike,2,2025-04-07 05:28:52
2454,4894,Royal Enfield,Splendor,2019,MH82AB9988,UberPool,Bike,2,2024-01-07 06:31:39
2455,4895,Hero,Splendor,2015,MH25AB9226,UberPool,Bike,2,2024-05-24 09:27:46
2456,4898,Hero,Pulsar,2018,MH30AB6346,UberPool,Bike,2,2025-07-24 05:16:06
2457,4900,Hyundai,Ertiga,2019,MH38AB1477,UberPool,Car,2,2022-09-22 17:23:42
2458,4901,Hyundai,WagonR,2021,MH77AB8911,UberBlack,Car,3,2022-10-20 08:28:03
2459,4903,Piaggio,RE,2018,MH91AB1934,UberPool,Auto,2,2023-01-10 11:53:49
2460,4907,Bajaj,King,2022,MH89AB9195,UberBlack,Auto,5,2022-11-05 00:28:07
2461,4918,Hyundai,WagonR,2017,MH46AB8653,UberX,Car,3,2023-01-27 09:36:29
2462,4922,Bajaj,RE,2018,MH17AB2527,UberBlack,Auto,4,2023-11-02 13:10:26
2463,4924,Bajaj,Pulsar,2018,MH20AB5330,UberPool,Bike,2,2025-06-30 12:34:06
2464,4926,TVS,King,2016,MH75AB3043,UberX,Auto,4,2024-01-17 04:28:30
2465,4929,Honda,Splendor,2022,MH17AB1353,UberX,Bike,2,2023-11-24 06:56:12
2466,4932,Bajaj,Classic 350,2019,MH35AB3532,UberPool,Bike,2,2024-08-26 12:36:44
2467,4936,Royal Enfield,Apache,2015,MH98AB6416,UberX,Bike,2,2024-12-19 08:36:42
2468,4938,Bajaj,Apache,2016,MH93AB3536,UberX,Bike,2,2023-08-09 23:56:39
2469,4939,Maruti,Innova,2019,MH23AB2088,UberX,Car,5,2024-05-31 05:05:18
2470,4940,Toyota,Swift,2021,MH11AB9008,UberX,Car,2,2023-10-06 02:45:37
2471,4943,TVS,Ape,2018,MH16AB1541,UberPool,Auto,2,2023-07-16 21:22:13
2472,4945,Maruti,Ertiga,2019,MH43AB3686,UberBlack,Car,4,2024-07-22 12:18:01
2473,4948,Bajaj,Apache,2018,MH81AB5350,UberBlack,Bike,2,2023-09-13 15:30:23
2474,4949,Hyundai,WagonR,2016,MH25AB7706,UberX,Car,6,2024-10-03 06:22:14
2475,4951,Honda,Activa,2019,MH44AB3321,UberPool,Bike,2,2023-03-12 08:07:03
2476,4954,Bajaj,Ape,2019,MH52AB6154,UberX,Auto,4,2025-06-15 12:32:51
2477,4955,Honda,Pulsar,2021,MH77AB3084,UberBlack,Bike,2,2024-04-22 12:46:04
2478,4957,Piaggio,King,2015,MH78AB2744,UberPool,Auto,5,2023-03-01 01:12:53
2479,4958,Piaggio,King,2015,MH33AB4137,UberX,Auto,2,2023-07-07 13:43:06
2480,4959,Honda,Apache,2018,MH54AB9375,UberX,Bike,2,2023-03-20 10:46:41
2481,4961,Bajaj,Ape,2020,MH92AB3808,UberBlack,Auto,5,2025-01-05 09:08:23
2482,4962,Hyundai,Swift,2022,MH50AB1746,UberPool,Car,6,2025-05-22 16:35:58
2483,4964,Piaggio,RE,2022,MH37AB6909,UberPool,Auto,3,2024-12-15 22:39:02
2484,4969,Hyundai,Dzire,2019,MH99AB8755,UberPool,Car,4,2024-05-03 09:49:25
2485,4970,TVS,Apache,2019,MH82AB7398,UberPool,Bike,2,2025-07-26 16:52:44
2486,4972,Bajaj,RE,2019,MH64AB5625,UberX,Auto,1,2023-01-03 10:08:03
2487,4973,Hero,Classic 350,2023,MH75AB3223,UberPool,Bike,2,2024-12-18 20:30:24
2488,4974,Honda,Classic 350,2017,MH95AB8495,UberPool,Bike,2,2024-09-25 05:51:23
2489,4975,Bajaj,Classic 350,2022,MH85AB4733,UberBlack,Bike,2,2025-03-17 09:44:10
2490,4978,TVS,Classic 350,2015,MH84AB2649,UberX,Bike,2,2022-11-17 05:54:30
2491,4979,Maruti,Innova,2015,MH69AB3574,UberPool,Car,3,2024-09-27 09:33:38
2492,4981,Bajaj,Activa,2021,MH15AB2516,UberPool,Bike,2,2024-04-08 14:37:19
2493,4982,Honda,i20,2018,MH28AB5143,UberPool,Car,1,2023-06-08 00:48:57
2494,4983,Honda,Pulsar,2021,MH27AB6907,UberBlack,Bike,2,2024-02-02 11:30:12
2495,4984,Tata,Innova,2018,MH25AB7459,UberX,Car,2,2025-02-22 00:37:06
2496,4988,Hyundai,Swift,2018,MH97AB5868,UberX,Car,6,2022-11-27 06:49:19
2497,4990,Piaggio,Ape,2023,MH43AB5381,UberX,Auto,4,2023-03-14 17:54:43
2498,4991,Piaggio,King,2017,MH97AB4977,UberPool,Auto,1,2023-09-18 14:16:13
2499,4992,Honda,Apache,2021,MH43AB6507,UberPool,Bike,2,2024-06-16 10:33:48
2500,4995,Piaggio,Ape,2020,MH89AB6800,UberPool,Auto,6,2022-08-14 06:45:22
2501,4998,Bajaj,RE,2022,MH34AB2789,UberPool,Auto,6,2023-10-10 12:00:52
2502,5000,Bajaj,Classic 350,2016,MH77AB4745,UberX,Bike,2,2023-05-30 22:19:55
2503,5004,Hyundai,Swift,2017,MH37AB4418,UberPool,Car,6,2023-01-03 15:46:59
2504,5006,Tata,WagonR,2016,MH69AB7695,UberPool,Car,6,2025-04-26 06:36:39
2505,5007,Hyundai,Swift,2019,MH59AB6510,UberBlack,Car,3,2023-03-19 04:02:20
2506,5009,Maruti,Dzire,2023,MH58AB4791,UberBlack,Car,1,2023-09-08 14:37:31
2507,5010,Maruti,Innova,2015,MH27AB3150,UberBlack,Car,6,2022-09-24 08:06:41
2508,5013,Bajaj,RE,2022,MH93AB5783,UberBlack,Auto,6,2023-02-23 23:14:50
2509,5016,Honda,Apache,2017,MH77AB3209,UberPool,Bike,2,2025-04-22 06:21:07
2510,5017,Royal Enfield,Classic 350,2019,MH33AB4379,UberBlack,Bike,2,2022-11-26 21:26:13
2511,5022,Hyundai,Ertiga,2019,MH37AB4755,UberBlack,Car,4,2023-10-22 18:51:52
2512,5024,Toyota,Ertiga,2022,MH76AB4538,UberBlack,Car,4,2022-10-30 18:04:34
2513,5025,Piaggio,RE,2016,MH54AB2961,UberX,Auto,1,2025-03-25 23:32:22
2514,5028,Tata,Swift,2022,MH66AB3705,UberX,Car,3,2025-01-25 23:22:04
2515,5029,Hyundai,Ertiga,2023,MH59AB7269,UberPool,Car,2,2023-01-02 17:49:43
2516,5031,Hero,Apache,2020,MH70AB5073,UberX,Bike,2,2023-10-17 16:08:51
2517,5032,Hyundai,Dzire,2015,MH81AB4187,UberX,Car,5,2025-02-03 10:28:13
2518,5033,Bajaj,Splendor,2020,MH16AB8803,UberBlack,Bike,2,2025-08-05 00:31:39
2519,5034,Toyota,WagonR,2022,MH39AB2727,UberX,Car,5,2023-03-30 15:55:45
2520,5035,Bajaj,Apache,2016,MH49AB9473,UberPool,Bike,2,2022-12-27 02:54:15
2521,5037,Toyota,Ertiga,2022,MH95AB7113,UberBlack,Car,6,2023-09-19 13:12:33
2522,5040,Bajaj,Ape,2017,MH62AB9914,UberBlack,Auto,1,2022-12-26 13:53:02
2523,5041,Honda,Swift,2022,MH29AB3831,UberX,Car,5,2024-06-15 15:08:02
2524,5042,Piaggio,King,2016,MH30AB2986,UberBlack,Auto,5,2023-01-12 20:14:43
2525,5045,TVS,Pulsar,2018,MH86AB6297,UberBlack,Bike,2,2022-09-10 05:02:39
2526,5046,Hero,Pulsar,2018,MH36AB2235,UberPool,Bike,2,2022-12-06 05:57:08
2527,5049,Piaggio,Ape,2022,MH54AB2883,UberPool,Auto,3,2025-02-25 12:21:02
2528,5051,Honda,Splendor,2018,MH31AB4221,UberX,Bike,2,2022-12-25 01:59:35
2529,5054,Piaggio,Ape,2015,MH65AB1049,UberBlack,Auto,3,2023-12-13 09:16:44
2530,5055,Tata,Innova,2015,MH31AB5582,UberX,Car,2,2023-10-20 20:37:43
2531,5056,Maruti,WagonR,2023,MH90AB9949,UberPool,Car,4,2022-10-28 18:26:40
2532,5057,TVS,Ape,2022,MH51AB6581,UberBlack,Auto,5,2023-04-17 20:54:37
2533,5058,Hero,Activa,2020,MH83AB2588,UberPool,Bike,2,2023-03-30 08:44:16
2534,5059,Hero,Apache,2022,MH32AB5064,UberPool,Bike,2,2023-10-01 15:18:23
2535,5063,Honda,Apache,2021,MH26AB8296,UberX,Bike,2,2024-11-27 11:35:07
2536,5064,TVS,King,2016,MH79AB3045,UberPool,Auto,6,2022-11-08 02:09:17
2537,5066,Maruti,Innova,2018,MH93AB5430,UberBlack,Car,3,2024-05-10 18:05:31
2538,5067,Hyundai,WagonR,2017,MH23AB8978,UberPool,Car,3,2023-08-30 19:27:55
2539,5068,Bajaj,King,2018,MH83AB5694,UberX,Auto,4,2023-05-02 02:12:47
2540,5069,TVS,King,2019,MH14AB8235,UberBlack,Auto,6,2022-08-22 03:27:26
2541,5070,Piaggio,Ape,2021,MH82AB9368,UberBlack,Auto,6,2023-11-30 16:14:37
2542,5071,Honda,Apache,2022,MH44AB2234,UberX,Bike,2,2025-07-09 07:49:28
2543,5076,Tata,Ertiga,2021,MH68AB3477,UberPool,Car,3,2024-12-16 20:06:28
2544,5080,Honda,WagonR,2018,MH93AB8373,UberBlack,Car,5,2024-12-09 16:48:43
2545,5083,Bajaj,Classic 350,2022,MH16AB2187,UberX,Bike,2,2024-05-28 04:48:26
2546,5085,Honda,Pulsar,2016,MH65AB5357,UberPool,Bike,2,2023-06-03 22:37:59
2547,5087,Piaggio,Ape,2023,MH28AB5238,UberX,Auto,4,2023-06-25 02:37:05
2548,5089,Bajaj,King,2022,MH10AB5796,UberX,Auto,4,2025-06-07 19:44:04
2549,5090,Piaggio,RE,2021,MH54AB2118,UberBlack,Auto,4,2023-04-27 15:11:51
2550,5093,Royal Enfield,Activa,2017,MH65AB3286,UberX,Bike,2,2022-09-05 15:51:25
2551,5096,Toyota,WagonR,2018,MH53AB9131,UberX,Car,2,2025-06-22 23:53:25
2552,5098,Royal Enfield,Classic 350,2017,MH19AB3528,UberX,Bike,2,2022-11-09 23:01:25
2553,5104,Maruti,i20,2020,MH68AB9289,UberBlack,Car,3,2023-05-22 02:25:00
2554,5105,Bajaj,King,2018,MH28AB5996,UberX,Auto,3,2024-06-10 10:11:16
2555,5107,Royal Enfield,Splendor,2015,MH84AB9841,UberBlack,Bike,2,2024-10-10 03:56:28
2556,5110,Hyundai,WagonR,2023,MH37AB7672,UberBlack,Car,5,2023-07-09 17:07:34
2557,5111,Toyota,Swift,2018,MH44AB2198,UberX,Car,6,2025-02-01 07:01:21
2558,5113,TVS,Pulsar,2017,MH85AB9447,UberPool,Bike,2,2024-07-22 23:54:13
2559,5118,Honda,Apache,2022,MH66AB1452,UberBlack,Bike,2,2022-10-30 21:47:08
2560,5120,Hero,Classic 350,2015,MH13AB9171,UberPool,Bike,2,2022-09-20 15:07:41
2561,5123,Hero,Apache,2018,MH41AB8293,UberX,Bike,2,2024-07-21 05:46:21
2562,5125,Hyundai,Ertiga,2016,MH94AB8998,UberPool,Car,3,2023-05-27 16:46:08
2563,5126,Tata,i20,2022,MH20AB7251,UberX,Car,5,2023-09-26 22:25:46
2564,5127,TVS,King,2017,MH20AB6861,UberPool,Auto,6,2024-12-30 17:57:03
2565,5128,TVS,Splendor,2020,MH42AB7138,UberBlack,Bike,2,2024-01-04 07:55:04
2566,5129,Royal Enfield,Splendor,2023,MH29AB5759,UberBlack,Bike,2,2023-05-30 08:07:51
2567,5131,TVS,King,2016,MH45AB3790,UberPool,Auto,5,2024-11-15 20:17:26
2568,5132,Bajaj,Splendor,2019,MH23AB9243,UberBlack,Bike,2,2025-05-22 03:37:15
2569,5134,Bajaj,Classic 350,2018,MH43AB3818,UberX,Bike,2,2023-01-29 08:35:23
2570,5135,Bajaj,RE,2018,MH38AB9587,UberX,Auto,1,2022-08-19 15:07:19
2571,5136,Honda,Splendor,2015,MH69AB3013,UberX,Bike,2,2023-02-03 07:25:12
2572,5138,Maruti,Innova,2019,MH75AB5236,UberPool,Car,4,2023-08-18 11:27:19
2573,5140,Royal Enfield,Splendor,2020,MH95AB5356,UberX,Bike,2,2024-05-26 01:25:27
2574,5143,TVS,Ape,2021,MH59AB1115,UberPool,Auto,3,2022-12-18 09:56:23
2575,5144,Honda,Activa,2018,MH83AB2384,UberX,Bike,2,2022-12-15 17:40:46
2576,5145,TVS,Apache,2022,MH93AB7564,UberPool,Bike,2,2025-06-30 05:44:59
2577,5148,TVS,King,2020,MH70AB8094,UberPool,Auto,4,2024-02-01 20:03:58
2578,5149,Royal Enfield,Classic 350,2015,MH81AB6780,UberX,Bike,2,2022-10-06 06:46:38
2579,5151,Honda,Ertiga,2020,MH92AB3288,UberBlack,Car,4,2024-04-21 18:58:03
2580,5154,TVS,Apache,2017,MH19AB9044,UberPool,Bike,2,2023-11-30 01:43:31
2581,5155,Hyundai,i20,2023,MH76AB9111,UberBlack,Car,2,2024-06-25 05:18:21
2582,5156,Piaggio,Ape,2022,MH28AB8668,UberPool,Auto,3,2024-02-07 18:21:53
2583,5157,TVS,RE,2017,MH10AB8063,UberX,Auto,6,2024-03-18 00:17:41
2584,5159,Piaggio,King,2015,MH63AB3788,UberBlack,Auto,5,2025-06-19 07:24:08
2585,5162,Bajaj,Activa,2021,MH97AB5515,UberX,Bike,2,2024-04-10 21:37:28
2586,5164,Tata,WagonR,2017,MH49AB7797,UberPool,Car,2,2022-12-29 20:53:00
2587,5165,Bajaj,RE,2017,MH21AB5209,UberX,Auto,1,2023-06-02 20:39:56
2588,5168,Maruti,i20,2018,MH82AB4916,UberX,Car,1,2025-03-10 17:10:58
2589,5169,Maruti,Swift,2023,MH43AB1351,UberPool,Car,3,2024-05-13 02:38:35
2590,5171,Honda,Activa,2020,MH53AB9569,UberPool,Bike,2,2022-11-25 08:53:16
2591,5172,TVS,Pulsar,2019,MH55AB3514,UberBlack,Bike,2,2022-12-06 14:55:06
2592,5173,Hero,Apache,2016,MH45AB4159,UberPool,Bike,2,2022-10-27 16:02:24
2593,5177,TVS,King,2020,MH68AB9573,UberX,Auto,3,2024-08-20 10:17:21
2594,5178,Tata,i20,2023,MH35AB9219,UberPool,Car,6,2024-04-10 21:14:12
2595,5181,Toyota,Innova,2020,MH60AB7950,UberBlack,Car,4,2025-04-13 02:49:05
2596,5182,Toyota,i20,2020,MH78AB8165,UberBlack,Car,3,2023-09-17 18:52:51
2597,5183,Tata,Ertiga,2023,MH28AB6357,UberBlack,Car,4,2024-07-11 01:35:24
2598,5184,Maruti,i20,2016,MH65AB3112,UberPool,Car,4,2023-07-22 22:03:05
2599,5186,TVS,Ape,2022,MH63AB3754,UberBlack,Auto,2,2023-10-31 11:07:52
2600,5188,Honda,Apache,2017,MH65AB9605,UberPool,Bike,2,2022-09-24 09:08:03
2601,5189,Tata,i20,2022,MH34AB8112,UberPool,Car,5,2025-04-07 22:54:24
2602,5190,Piaggio,RE,2016,MH10AB3148,UberBlack,Auto,4,2023-08-13 06:02:23
2603,5194,Honda,Swift,2020,MH96AB3084,UberX,Car,2,2024-06-02 05:07:13
2604,5197,Piaggio,King,2017,MH22AB3107,UberX,Auto,3,2023-01-09 18:03:53
2605,5199,Bajaj,Ape,2015,MH91AB5489,UberPool,Auto,6,2025-06-21 14:24:41
2606,5201,Bajaj,Apache,2019,MH63AB3996,UberX,Bike,2,2024-10-28 22:25:27
2607,5202,Maruti,WagonR,2020,MH64AB7685,UberX,Car,6,2023-09-13 19:26:20
2608,5203,Honda,Dzire,2020,MH14AB9551,UberX,Car,3,2022-09-28 23:38:07
2609,5205,Toyota,WagonR,2017,MH51AB4941,UberBlack,Car,5,2024-04-19 17:07:20
2610,5208,Hyundai,Swift,2018,MH16AB9102,UberPool,Car,3,2022-12-30 06:54:55
2611,5211,Piaggio,King,2016,MH96AB5483,UberX,Auto,1,2023-10-08 04:09:02
2612,5212,Hyundai,i20,2019,MH34AB6677,UberX,Car,4,2025-07-22 01:50:23
2613,5213,TVS,Splendor,2018,MH41AB4016,UberBlack,Bike,2,2024-11-10 08:34:43
2614,5215,Honda,Ertiga,2022,MH13AB3289,UberPool,Car,3,2025-05-01 02:26:32
2615,5216,Hyundai,Dzire,2016,MH13AB1197,UberPool,Car,4,2023-12-10 11:40:08
2616,5219,Honda,Dzire,2018,MH96AB6382,UberBlack,Car,6,2023-10-01 06:05:50
2617,5222,Toyota,WagonR,2022,MH90AB4614,UberPool,Car,4,2024-06-10 14:15:14
2618,5223,TVS,Apache,2022,MH60AB2062,UberPool,Bike,2,2022-09-24 20:07:28
2619,5224,Tata,Innova,2022,MH38AB6530,UberPool,Car,3,2022-10-22 19:26:53
2620,5225,Bajaj,King,2022,MH22AB3944,UberPool,Auto,4,2024-10-10 17:32:30
2621,5226,Hero,Apache,2018,MH84AB4557,UberBlack,Bike,2,2023-01-08 08:06:49
2622,5229,Bajaj,Ape,2019,MH32AB8580,UberBlack,Auto,1,2022-11-19 21:29:01
2623,5232,Maruti,Innova,2015,MH92AB2609,UberX,Car,3,2024-09-27 17:19:20
2624,5235,Toyota,i20,2015,MH65AB3582,UberPool,Car,5,2023-10-28 14:00:20
2625,5240,Piaggio,Ape,2020,MH74AB3964,UberPool,Auto,4,2024-04-19 18:48:05
2626,5241,Bajaj,Pulsar,2016,MH26AB1711,UberX,Bike,2,2023-12-10 16:04:50
2627,5243,Hero,Activa,2016,MH28AB8235,UberPool,Bike,2,2022-08-16 06:40:31
2628,5245,Bajaj,Ape,2020,MH50AB8568,UberBlack,Auto,1,2023-06-18 18:49:13
2629,5246,Bajaj,Splendor,2016,MH63AB4063,UberX,Bike,2,2023-02-23 01:21:58
2630,5247,Tata,Ertiga,2020,MH86AB2455,UberX,Car,1,2022-09-10 20:56:58
2631,5248,TVS,King,2018,MH60AB5115,UberX,Auto,4,2024-07-06 17:37:17
2632,5250,TVS,Apache,2018,MH30AB7855,UberBlack,Bike,2,2024-08-31 14:46:08
2633,5251,Hyundai,Dzire,2017,MH98AB1122,UberBlack,Car,1,2023-05-10 19:37:35
2634,5252,Bajaj,Pulsar,2022,MH60AB9195,UberX,Bike,2,2024-04-27 04:20:33
2635,5253,Bajaj,Classic 350,2023,MH16AB9311,UberPool,Bike,2,2022-12-24 10:02:15
2636,5254,TVS,Ape,2022,MH23AB1923,UberBlack,Auto,2,2023-12-28 07:01:07
2637,5255,Honda,Innova,2018,MH15AB1233,UberX,Car,5,2024-06-05 19:38:27
2638,5260,Maruti,Ertiga,2021,MH37AB3302,UberPool,Car,5,2024-11-30 17:28:34
2639,5264,TVS,Ape,2022,MH67AB6418,UberPool,Auto,4,2023-09-25 17:47:07
2640,5266,Honda,Classic 350,2016,MH71AB3714,UberBlack,Bike,2,2025-03-15 15:29:33
2641,5269,TVS,King,2015,MH40AB5739,UberPool,Auto,4,2023-07-26 16:02:18
2642,5270,Bajaj,RE,2017,MH46AB7202,UberPool,Auto,6,2025-06-24 15:05:06
2643,5272,TVS,Ape,2019,MH18AB6475,UberPool,Auto,6,2023-08-18 19:44:10
2644,5274,Bajaj,Apache,2016,MH69AB6121,UberPool,Bike,2,2023-01-24 14:41:53
2645,5276,Hyundai,Swift,2023,MH56AB2773,UberBlack,Car,4,2025-05-08 08:56:01
2646,5278,Honda,Classic 350,2020,MH82AB6913,UberBlack,Bike,2,2023-10-20 04:37:17
2647,5279,TVS,Classic 350,2015,MH15AB4746,UberBlack,Bike,2,2024-06-23 14:39:37
2648,5283,Tata,Ertiga,2020,MH29AB3987,UberBlack,Car,4,2024-04-24 11:28:57
2649,5288,TVS,Ape,2019,MH91AB3288,UberX,Auto,1,2024-10-27 14:29:19
2650,5291,Bajaj,RE,2017,MH51AB2516,UberBlack,Auto,3,2023-10-14 12:41:46
2651,5292,TVS,Classic 350,2020,MH35AB8424,UberBlack,Bike,2,2024-04-23 11:49:09
2652,5293,Toyota,WagonR,2021,MH62AB1738,UberPool,Car,1,2023-07-23 13:57:15
2653,5294,Bajaj,Classic 350,2019,MH37AB1940,UberX,Bike,2,2024-11-25 21:01:26
2654,5295,TVS,RE,2023,MH19AB4615,UberPool,Auto,2,2024-11-26 08:39:09
2655,5296,Honda,i20,2017,MH25AB1264,UberBlack,Car,2,2023-07-27 21:25:48
2656,5297,Bajaj,Apache,2018,MH87AB3503,UberX,Bike,2,2023-10-31 15:18:48
2657,5298,Piaggio,King,2015,MH21AB6007,UberBlack,Auto,4,2024-12-01 01:03:51
2658,5299,Honda,Innova,2015,MH68AB8086,UberBlack,Car,6,2024-05-21 03:57:14
2659,5300,Piaggio,King,2018,MH87AB1891,UberBlack,Auto,4,2025-05-19 18:31:43
2660,5302,Bajaj,Ape,2019,MH73AB7600,UberPool,Auto,6,2023-06-25 22:19:31
2661,5304,Bajaj,RE,2022,MH74AB3553,UberPool,Auto,3,2025-07-03 07:50:25
2662,5306,Royal Enfield,Classic 350,2021,MH87AB6056,UberBlack,Bike,2,2022-09-17 23:47:19
2663,5310,Bajaj,King,2015,MH97AB6067,UberX,Auto,5,2022-11-24 23:55:38
2664,5312,Honda,Pulsar,2020,MH12AB9673,UberPool,Bike,2,2024-10-27 19:04:55
2665,5313,Honda,Pulsar,2020,MH91AB7998,UberX,Bike,2,2024-12-10 07:04:09
2666,5314,TVS,RE,2021,MH58AB3397,UberX,Auto,2,2023-11-08 13:04:24
2667,5315,Royal Enfield,Pulsar,2022,MH41AB5983,UberBlack,Bike,2,2023-12-02 08:40:18
2668,5317,Honda,Activa,2017,MH70AB1898,UberBlack,Bike,2,2024-01-04 06:19:43
2669,5318,TVS,King,2017,MH34AB4947,UberPool,Auto,6,2025-07-12 08:03:33
2670,5319,Royal Enfield,Classic 350,2021,MH23AB1753,UberPool,Bike,2,2025-06-27 23:55:32
2671,5321,Hyundai,i20,2021,MH21AB9959,UberX,Car,4,2022-08-08 05:20:24
2672,5322,TVS,RE,2023,MH80AB7326,UberBlack,Auto,6,2025-07-18 22:14:35
2673,5323,Piaggio,Ape,2022,MH88AB3775,UberPool,Auto,3,2023-04-12 16:18:43
2674,5325,TVS,RE,2018,MH97AB6901,UberX,Auto,5,2024-02-24 15:19:52
2675,5329,Honda,Apache,2021,MH21AB4760,UberBlack,Bike,2,2023-04-01 21:36:29
2676,5331,TVS,Splendor,2023,MH79AB4733,UberBlack,Bike,2,2024-12-25 10:19:54
2677,5333,Bajaj,RE,2023,MH41AB9920,UberX,Auto,1,2023-09-25 21:10:46
2678,5336,Honda,Pulsar,2019,MH70AB7894,UberBlack,Bike,2,2023-07-15 10:10:48
2679,5338,Toyota,Ertiga,2018,MH73AB9090,UberBlack,Car,2,2023-01-27 00:28:27
2680,5342,Piaggio,Ape,2015,MH21AB3584,UberX,Auto,1,2023-03-29 09:09:12
2681,5344,Tata,Dzire,2016,MH74AB7013,UberX,Car,1,2024-12-30 02:40:30
2682,5346,Toyota,Dzire,2016,MH56AB3488,UberX,Car,1,2024-03-04 01:20:42
2683,5347,Toyota,WagonR,2018,MH96AB2090,UberPool,Car,1,2023-10-02 11:28:14
2684,5348,Piaggio,RE,2016,MH31AB8946,UberX,Auto,2,2023-07-29 00:11:08
2685,5350,Maruti,i20,2021,MH71AB4068,UberX,Car,1,2023-02-08 21:14:37
2686,5351,Honda,Innova,2015,MH41AB2600,UberBlack,Car,4,2023-07-23 18:48:21
2687,5353,TVS,Classic 350,2015,MH10AB1093,UberBlack,Bike,2,2022-10-03 10:04:19
2688,5354,Honda,Ertiga,2016,MH69AB7163,UberPool,Car,2,2023-08-12 16:47:32
2689,5355,Hyundai,Innova,2023,MH40AB5213,UberX,Car,5,2024-03-07 09:49:13
2690,5357,Hero,Apache,2016,MH50AB5664,UberBlack,Bike,2,2023-05-10 09:31:02
2691,5359,TVS,Classic 350,2016,MH24AB8621,UberBlack,Bike,2,2025-02-11 06:20:43
2692,5360,Honda,WagonR,2015,MH27AB8907,UberX,Car,5,2023-11-30 20:45:52
2693,5361,Maruti,Innova,2015,MH15AB4889,UberBlack,Car,6,2024-07-05 03:31:56
2694,5362,Piaggio,RE,2023,MH35AB5637,UberBlack,Auto,6,2023-04-29 17:07:40
2695,5363,Piaggio,RE,2017,MH36AB3748,UberX,Auto,4,2025-04-22 09:48:34
2696,5367,Piaggio,RE,2015,MH57AB4517,UberX,Auto,3,2023-06-10 05:41:24
2697,5368,Bajaj,Ape,2018,MH27AB6739,UberX,Auto,6,2025-01-15 09:51:54
2698,5369,Royal Enfield,Pulsar,2020,MH28AB1703,UberX,Bike,2,2022-09-03 08:26:10
2699,5370,Toyota,Swift,2016,MH65AB8656,UberBlack,Car,3,2022-08-20 12:27:28
2700,5371,TVS,RE,2023,MH37AB3743,UberPool,Auto,4,2024-03-10 04:27:23
2701,5372,Bajaj,RE,2016,MH61AB8306,UberBlack,Auto,1,2024-06-27 19:43:56
2702,5373,Tata,WagonR,2023,MH62AB3223,UberBlack,Car,1,2023-05-19 05:26:19
2703,5375,Hyundai,Swift,2020,MH34AB9309,UberPool,Car,3,2024-10-09 18:14:41
2704,5376,Tata,WagonR,2018,MH12AB3795,UberX,Car,1,2025-06-14 22:06:59
2705,5378,Piaggio,King,2016,MH71AB6537,UberX,Auto,6,2023-04-08 00:03:53
2706,5382,Hyundai,Ertiga,2015,MH56AB4233,UberX,Car,5,2023-12-22 08:18:32
2707,5384,TVS,RE,2015,MH95AB6615,UberX,Auto,4,2023-04-25 02:37:15
2708,5392,TVS,Splendor,2023,MH43AB9221,UberPool,Bike,2,2023-10-26 05:14:12
2709,5393,Honda,Innova,2021,MH72AB8316,UberX,Car,2,2023-09-08 08:09:32
2710,5395,Honda,Apache,2021,MH67AB9063,UberX,Bike,2,2023-05-15 10:42:20
2711,5396,Bajaj,Ape,2018,MH13AB8364,UberPool,Auto,3,2023-06-21 17:48:01
2712,5398,TVS,RE,2020,MH75AB4805,UberPool,Auto,3,2023-08-12 11:28:37
2713,5404,Bajaj,RE,2022,MH30AB8239,UberX,Auto,4,2025-06-05 14:54:32
2714,5405,Piaggio,King,2018,MH27AB9986,UberX,Auto,5,2022-12-24 15:20:27
2715,5406,Maruti,Ertiga,2023,MH40AB3137,UberX,Car,3,2025-05-11 02:15:29
2716,5407,Maruti,Dzire,2016,MH34AB5188,UberX,Car,4,2022-12-17 14:03:52
2717,5408,Tata,i20,2015,MH19AB1647,UberPool,Car,1,2023-06-23 23:22:42
2718,5409,Hyundai,Swift,2021,MH50AB2052,UberX,Car,6,2023-05-23 06:36:48
2719,5410,TVS,Classic 350,2016,MH21AB8551,UberX,Bike,2,2024-07-08 18:18:25
2720,5412,TVS,King,2023,MH55AB8207,UberBlack,Auto,4,2024-08-24 23:29:41
2721,5413,Piaggio,King,2018,MH90AB2467,UberX,Auto,3,2023-06-27 15:30:25
2722,5414,Tata,Ertiga,2015,MH49AB5878,UberBlack,Car,6,2023-10-09 22:26:30
2723,5415,Toyota,i20,2023,MH25AB2023,UberX,Car,1,2023-03-09 20:17:20
2724,5416,TVS,Classic 350,2022,MH98AB7588,UberPool,Bike,2,2023-02-08 18:53:30
2725,5417,Royal Enfield,Splendor,2020,MH26AB5390,UberBlack,Bike,2,2024-06-17 18:35:24
2726,5418,Hero,Splendor,2022,MH14AB3511,UberX,Bike,2,2024-06-10 12:24:29
2727,5421,Royal Enfield,Apache,2020,MH19AB8916,UberPool,Bike,2,2025-01-19 12:43:24
2728,5424,Toyota,Dzire,2018,MH81AB1068,UberPool,Car,6,2024-07-12 15:33:00
2729,5426,Bajaj,Apache,2022,MH74AB3656,UberPool,Bike,2,2024-12-29 16:03:08
2730,5428,Bajaj,Apache,2018,MH29AB1971,UberBlack,Bike,2,2024-08-15 11:13:49
2731,5430,Honda,Pulsar,2023,MH44AB9587,UberBlack,Bike,2,2022-10-23 18:55:59
2732,5431,TVS,RE,2020,MH74AB9173,UberX,Auto,4,2025-02-26 21:44:55
2733,5432,Honda,i20,2018,MH37AB6561,UberBlack,Car,4,2025-03-20 07:25:21
2734,5433,Piaggio,RE,2017,MH99AB5176,UberX,Auto,5,2025-06-11 04:27:57
2735,5437,Honda,i20,2021,MH95AB7941,UberX,Car,6,2024-12-15 15:16:22
2736,5438,Piaggio,King,2021,MH46AB9744,UberPool,Auto,3,2025-05-02 03:39:00
2737,5441,Tata,Dzire,2023,MH39AB6228,UberBlack,Car,4,2023-09-24 00:24:39
2738,5445,TVS,RE,2018,MH87AB2268,UberBlack,Auto,6,2024-02-22 22:39:38
2739,5447,TVS,Ape,2022,MH61AB3720,UberX,Auto,4,2023-04-19 14:16:09
2740,5448,Hyundai,Dzire,2018,MH49AB1048,UberPool,Car,6,2023-03-10 09:30:33
2741,5451,Maruti,Swift,2021,MH64AB4185,UberX,Car,3,2022-09-20 16:09:22
2742,5452,Maruti,Innova,2017,MH21AB7134,UberPool,Car,6,2023-12-28 01:57:30
2743,5459,Hyundai,Ertiga,2020,MH32AB7809,UberX,Car,4,2025-01-11 16:45:57
2744,5462,Honda,i20,2021,MH33AB4557,UberX,Car,3,2024-08-20 14:03:08
2745,5464,Hero,Apache,2019,MH44AB6960,UberPool,Bike,2,2025-02-21 06:18:57
2746,5465,Bajaj,Ape,2019,MH36AB5438,UberPool,Auto,2,2024-11-02 04:13:26
2747,5467,Maruti,Swift,2022,MH53AB5344,UberBlack,Car,3,2025-07-03 23:15:56
2748,5468,Honda,Apache,2022,MH92AB5732,UberX,Bike,2,2024-11-08 13:59:24
2749,5470,Honda,i20,2019,MH32AB5919,UberPool,Car,2,2023-10-10 05:56:05
2750,5473,Bajaj,King,2016,MH30AB2822,UberX,Auto,4,2025-06-11 06:33:37
2751,5475,Royal Enfield,Activa,2017,MH42AB7347,UberPool,Bike,2,2024-02-26 17:33:41
2752,5476,Honda,i20,2023,MH66AB3843,UberPool,Car,4,2023-12-04 01:56:24
2753,5480,Bajaj,King,2018,MH93AB9655,UberPool,Auto,3,2023-11-20 08:30:49
2754,5483,Piaggio,RE,2020,MH40AB1034,UberX,Auto,4,2023-04-13 19:59:20
2755,5485,Hero,Apache,2020,MH93AB2233,UberBlack,Bike,2,2025-07-31 07:34:26
2756,5486,Hyundai,WagonR,2017,MH97AB4843,UberX,Car,3,2024-08-13 19:32:19
2757,5487,Honda,Pulsar,2019,MH51AB4220,UberX,Bike,2,2023-07-12 06:42:23
2758,5489,Honda,Swift,2017,MH42AB7627,UberPool,Car,2,2022-08-11 06:45:09
2759,5495,TVS,Ape,2021,MH31AB6055,UberX,Auto,6,2024-01-26 11:02:09
2760,5496,Maruti,Innova,2021,MH11AB7975,UberPool,Car,6,2024-10-17 00:11:23
2761,5498,Piaggio,King,2016,MH13AB7186,UberBlack,Auto,6,2023-01-23 15:35:12
2762,5500,Bajaj,Classic 350,2019,MH87AB2678,UberX,Bike,2,2024-05-04 22:04:14
2763,5501,Honda,WagonR,2015,MH59AB6540,UberX,Car,4,2023-08-02 01:01:53
2764,5504,Hyundai,WagonR,2016,MH54AB1147,UberX,Car,1,2025-04-09 05:15:57
2765,5505,Hyundai,Swift,2017,MH34AB2333,UberPool,Car,1,2022-08-19 05:15:35
2766,5506,Hyundai,Swift,2017,MH71AB3704,UberBlack,Car,5,2024-09-29 08:11:31
2767,5508,TVS,Ape,2018,MH91AB3189,UberX,Auto,2,2022-11-30 14:15:14
2768,5510,Honda,WagonR,2016,MH43AB9978,UberPool,Car,2,2025-04-21 16:36:26
2769,5511,Hero,Classic 350,2021,MH58AB8416,UberBlack,Bike,2,2024-10-21 23:43:31
2770,5513,Bajaj,Splendor,2015,MH92AB2105,UberPool,Bike,2,2023-07-26 06:02:00
2771,5517,Hyundai,Innova,2017,MH42AB7426,UberX,Car,6,2023-05-08 22:03:40
2772,5524,Bajaj,Classic 350,2017,MH41AB9736,UberPool,Bike,2,2024-10-26 10:18:18
2773,5527,Hyundai,i20,2020,MH31AB9500,UberBlack,Car,3,2023-02-04 05:00:18
2774,5531,Piaggio,Ape,2019,MH68AB6302,UberBlack,Auto,4,2024-02-09 21:40:21
2775,5532,TVS,RE,2022,MH99AB9254,UberX,Auto,5,2025-01-10 09:42:13
2776,5533,Maruti,Innova,2020,MH73AB8829,UberBlack,Car,4,2023-12-23 19:07:58
2777,5534,Piaggio,Ape,2023,MH36AB7388,UberPool,Auto,4,2024-07-17 13:06:51
2778,5535,Tata,Innova,2016,MH15AB7045,UberBlack,Car,2,2023-05-08 13:05:28
2779,5537,TVS,Ape,2023,MH23AB6184,UberX,Auto,3,2024-06-05 21:10:56
2780,5538,Honda,Swift,2018,MH53AB8104,UberBlack,Car,1,2024-06-29 18:11:52
2781,5543,Honda,Innova,2023,MH90AB7714,UberBlack,Car,6,2024-06-01 10:42:52
2782,5545,Royal Enfield,Splendor,2021,MH37AB6852,UberPool,Bike,2,2025-06-04 09:44:55
2783,5547,TVS,King,2015,MH72AB6351,UberX,Auto,2,2024-10-15 21:26:37
2784,5548,Maruti,Swift,2023,MH47AB3122,UberPool,Car,2,2024-08-20 02:38:12
2785,5549,Bajaj,King,2019,MH93AB5681,UberX,Auto,5,2025-01-04 11:39:45
2786,5551,Toyota,Innova,2020,MH84AB5806,UberX,Car,5,2024-12-05 14:26:28
2787,5552,Honda,Pulsar,2020,MH61AB7119,UberX,Bike,2,2024-07-27 04:57:19
2788,5554,Bajaj,Apache,2018,MH70AB8424,UberBlack,Bike,2,2024-04-21 12:31:17
2789,5560,TVS,RE,2022,MH63AB6939,UberPool,Auto,4,2022-09-29 11:34:26
2790,5561,Tata,Innova,2023,MH55AB3534,UberPool,Car,1,2024-01-17 06:05:48
2791,5563,Toyota,Innova,2023,MH47AB7869,UberPool,Car,5,2025-03-01 02:54:45
2792,5564,Bajaj,RE,2022,MH51AB3783,UberX,Auto,4,2022-12-24 11:08:21
2793,5566,Piaggio,RE,2019,MH82AB8014,UberPool,Auto,2,2023-03-03 09:07:41
2794,5567,Honda,WagonR,2022,MH42AB1864,UberX,Car,1,2025-05-03 04:38:50
2795,5568,Honda,Innova,2019,MH14AB8170,UberX,Car,1,2024-07-06 21:53:54
2796,5569,TVS,RE,2020,MH83AB2345,UberX,Auto,3,2025-01-01 02:37:36
2797,5572,Tata,i20,2020,MH70AB6245,UberX,Car,6,2024-09-11 08:37:06
2798,5574,TVS,RE,2018,MH96AB8898,UberPool,Auto,6,2023-03-07 06:57:09
2799,5575,Hyundai,Dzire,2019,MH63AB2152,UberPool,Car,2,2024-09-20 20:55:13
2800,5576,TVS,Ape,2017,MH12AB5442,UberX,Auto,5,2024-12-06 11:11:28
2801,5577,Bajaj,Splendor,2021,MH41AB4350,UberPool,Bike,2,2023-03-17 15:34:55
2802,5579,Hero,Splendor,2023,MH86AB9162,UberBlack,Bike,2,2023-09-03 17:07:00
2803,5580,Bajaj,Classic 350,2017,MH76AB3941,UberBlack,Bike,2,2024-06-01 10:54:46
2804,5582,TVS,Activa,2018,MH94AB4580,UberBlack,Bike,2,2023-06-11 01:31:53
2805,5583,Bajaj,King,2016,MH88AB2080,UberPool,Auto,1,2024-01-26 07:25:37
2806,5584,Hero,Pulsar,2018,MH96AB4791,UberX,Bike,2,2024-12-15 16:52:09
2807,5585,TVS,King,2019,MH21AB9669,UberBlack,Auto,3,2025-06-03 05:24:09
2808,5589,Tata,Ertiga,2021,MH16AB3961,UberBlack,Car,1,2024-01-23 14:02:37
2809,5590,Piaggio,RE,2016,MH38AB8720,UberBlack,Auto,5,2025-07-31 17:50:49
2810,5591,Toyota,Ertiga,2016,MH14AB4936,UberPool,Car,4,2025-03-04 05:26:23
2811,5592,Piaggio,King,2022,MH68AB8598,UberPool,Auto,2,2023-07-10 20:16:31
2812,5598,TVS,Classic 350,2021,MH49AB6850,UberPool,Bike,2,2023-03-18 06:12:58
2813,5599,TVS,Activa,2015,MH36AB5099,UberBlack,Bike,2,2022-11-24 15:41:04
2814,5601,Honda,Innova,2019,MH35AB6869,UberBlack,Car,6,2022-11-04 18:34:11
2815,5606,Maruti,Swift,2017,MH58AB4347,UberBlack,Car,3,2025-03-28 11:18:20
2816,5609,Bajaj,Pulsar,2015,MH78AB3216,UberX,Bike,2,2024-12-16 14:46:35
2817,5611,Bajaj,RE,2016,MH36AB6983,UberBlack,Auto,6,2024-01-01 20:57:47
2818,5613,Hyundai,Ertiga,2023,MH50AB6510,UberBlack,Car,1,2024-02-01 08:49:43
2819,5614,Hero,Pulsar,2021,MH42AB1284,UberPool,Bike,2,2024-03-29 01:27:34
2820,5615,Tata,Swift,2021,MH66AB5611,UberBlack,Car,1,2023-12-19 08:59:42
2821,5617,Hero,Apache,2019,MH74AB8823,UberPool,Bike,2,2024-08-20 23:16:44
2822,5618,Maruti,WagonR,2019,MH81AB5008,UberBlack,Car,3,2024-03-30 18:04:18
2823,5621,Bajaj,King,2022,MH41AB1893,UberX,Auto,5,2024-11-30 08:12:58
2824,5622,Hero,Classic 350,2020,MH71AB3766,UberPool,Bike,2,2022-08-22 15:22:53
2825,5624,Maruti,Dzire,2018,MH56AB9310,UberBlack,Car,2,2023-01-31 20:38:36
2826,5626,Royal Enfield,Splendor,2017,MH57AB9948,UberX,Bike,2,2024-09-15 16:38:42
2827,5629,TVS,Ape,2023,MH87AB2386,UberBlack,Auto,6,2024-11-09 19:45:07
2828,5630,Piaggio,King,2020,MH20AB7292,UberBlack,Auto,6,2023-03-10 16:44:27
2829,5631,Honda,Activa,2016,MH99AB5526,UberPool,Bike,2,2025-02-19 05:12:50
2830,5632,TVS,Apache,2021,MH42AB6266,UberX,Bike,2,2025-04-25 08:03:30
2831,5633,Honda,Swift,2015,MH43AB2188,UberPool,Car,2,2023-04-28 15:48:32
2832,5634,Bajaj,Activa,2021,MH73AB9820,UberPool,Bike,2,2024-05-22 13:42:33
2833,5635,TVS,Classic 350,2015,MH18AB9226,UberBlack,Bike,2,2024-09-30 09:50:42
2834,5637,Royal Enfield,Activa,2020,MH15AB3046,UberBlack,Bike,2,2024-11-26 20:13:34
2835,5638,Royal Enfield,Classic 350,2015,MH88AB4743,UberPool,Bike,2,2025-03-19 10:59:34
2836,5639,Bajaj,Apache,2015,MH26AB9249,UberBlack,Bike,2,2024-10-22 03:43:27
2837,5641,Maruti,Ertiga,2019,MH95AB2256,UberPool,Car,4,2024-02-28 11:24:16
2838,5643,Bajaj,Ape,2022,MH40AB5421,UberBlack,Auto,4,2022-12-10 20:01:56
2839,5647,Toyota,Swift,2021,MH22AB4630,UberBlack,Car,3,2024-02-06 14:36:45
2840,5648,Tata,i20,2017,MH97AB2438,UberPool,Car,3,2024-01-24 07:53:52
2841,5650,Royal Enfield,Apache,2017,MH72AB6657,UberPool,Bike,2,2025-04-12 07:23:51
2842,5652,Bajaj,Ape,2023,MH95AB4296,UberX,Auto,5,2023-01-09 07:41:32
2843,5656,Royal Enfield,Activa,2020,MH21AB6817,UberBlack,Bike,2,2025-02-02 22:07:08
2844,5657,Tata,WagonR,2023,MH75AB2150,UberPool,Car,3,2024-04-05 17:57:36
2845,5659,TVS,RE,2020,MH56AB7813,UberBlack,Auto,4,2024-01-03 05:08:25
2846,5662,Tata,WagonR,2023,MH84AB5940,UberX,Car,5,2024-06-16 16:47:08
2847,5663,Tata,Ertiga,2018,MH59AB5110,UberPool,Car,6,2025-05-30 23:55:39
2848,5664,Hyundai,i20,2020,MH50AB2956,UberBlack,Car,4,2024-12-19 23:40:20
2849,5667,Maruti,Dzire,2018,MH85AB6475,UberPool,Car,2,2022-12-02 14:46:40
2850,5670,Toyota,Innova,2020,MH19AB9368,UberX,Car,3,2024-05-02 08:32:43
2851,5671,Honda,Classic 350,2016,MH85AB3107,UberX,Bike,2,2025-05-04 19:42:48
2852,5672,Tata,i20,2022,MH49AB7354,UberBlack,Car,4,2025-03-09 08:45:33
2853,5676,TVS,Ape,2022,MH83AB9314,UberBlack,Auto,5,2023-01-25 10:59:52
2854,5677,Bajaj,Splendor,2021,MH38AB1957,UberPool,Bike,2,2024-07-31 00:39:57
2855,5678,Tata,Ertiga,2015,MH43AB4356,UberPool,Car,5,2023-03-27 15:51:57
2856,5679,Toyota,Innova,2016,MH64AB5103,UberX,Car,2,2023-06-03 17:29:23
2857,5681,Maruti,Dzire,2022,MH46AB7641,UberBlack,Car,6,2023-02-01 16:55:41
2858,5683,Maruti,WagonR,2021,MH36AB2768,UberBlack,Car,1,2023-08-28 16:58:57
2859,5684,Piaggio,King,2018,MH69AB1278,UberBlack,Auto,3,2025-07-28 05:59:34
2860,5685,TVS,RE,2021,MH10AB7882,UberX,Auto,2,2022-09-13 23:42:18
2861,5688,Maruti,WagonR,2018,MH54AB7835,UberPool,Car,2,2023-09-20 14:30:28
2862,5689,Piaggio,King,2022,MH68AB7122,UberPool,Auto,5,2023-02-12 11:07:12
2863,5690,TVS,RE,2023,MH49AB2063,UberX,Auto,3,2023-12-31 14:12:28
2864,5692,Maruti,Dzire,2017,MH70AB4329,UberX,Car,2,2023-08-23 04:04:11
2865,5693,Hyundai,i20,2017,MH66AB5990,UberBlack,Car,4,2024-01-30 16:05:53
2866,5695,Hyundai,Dzire,2018,MH53AB7769,UberX,Car,1,2023-11-20 19:38:39
2867,5697,Piaggio,Ape,2017,MH11AB4978,UberBlack,Auto,1,2024-10-19 22:02:47
2868,5702,TVS,Ape,2020,MH74AB7767,UberX,Auto,6,2023-01-07 08:02:16
2869,5703,Honda,Innova,2018,MH93AB2049,UberBlack,Car,1,2023-05-24 03:21:48
2870,5704,Toyota,i20,2016,MH69AB8936,UberBlack,Car,1,2024-08-04 03:14:08
2871,5705,Tata,WagonR,2021,MH60AB4744,UberPool,Car,6,2022-10-11 23:20:21
2872,5707,Piaggio,King,2022,MH32AB9308,UberX,Auto,6,2023-05-13 14:19:15
2873,5709,Toyota,WagonR,2020,MH84AB9444,UberPool,Car,3,2024-06-01 02:05:22
2874,5710,Toyota,Dzire,2022,MH88AB1806,UberBlack,Car,2,2024-10-11 22:50:21
2875,5716,Piaggio,Ape,2019,MH13AB4685,UberPool,Auto,3,2025-01-24 20:21:16
2876,5717,Hyundai,Ertiga,2018,MH95AB2763,UberBlack,Car,2,2025-05-20 14:27:46
2877,5721,Hyundai,Ertiga,2020,MH26AB8343,UberBlack,Car,3,2023-05-10 01:48:41
2878,5724,Royal Enfield,Splendor,2020,MH16AB5088,UberX,Bike,2,2022-11-01 07:25:37
2879,5726,Royal Enfield,Activa,2022,MH81AB2009,UberPool,Bike,2,2022-08-31 21:26:08
2880,5727,Toyota,Ertiga,2021,MH52AB3486,UberPool,Car,5,2024-01-15 05:24:00
2881,5728,Honda,Activa,2016,MH74AB6825,UberX,Bike,2,2024-12-06 12:28:02
2882,5732,Piaggio,Ape,2018,MH74AB9237,UberX,Auto,1,2023-04-21 00:34:31
2883,5733,Bajaj,King,2016,MH45AB8648,UberPool,Auto,4,2022-10-22 14:31:05
2884,5736,TVS,Activa,2016,MH41AB7552,UberBlack,Bike,2,2025-03-13 01:16:09
2885,5738,Tata,Innova,2022,MH62AB6675,UberX,Car,5,2023-08-16 09:25:25
2886,5741,Toyota,Ertiga,2021,MH23AB6370,UberBlack,Car,3,2024-01-22 23:27:50
2887,5742,Piaggio,Ape,2015,MH26AB5995,UberBlack,Auto,3,2024-07-05 06:36:21
2888,5743,TVS,RE,2019,MH50AB8504,UberPool,Auto,4,2023-11-01 16:01:25
2889,5744,Hero,Pulsar,2023,MH78AB8158,UberPool,Bike,2,2023-10-22 05:59:27
2890,5747,TVS,RE,2015,MH84AB2481,UberBlack,Auto,3,2022-11-14 19:35:41
2891,5748,TVS,Ape,2021,MH66AB9447,UberX,Auto,2,2024-11-02 21:41:44
2892,5749,Honda,Ertiga,2020,MH85AB4084,UberPool,Car,1,2023-01-16 03:21:01
2893,5751,Honda,Innova,2016,MH29AB8531,UberX,Car,4,2023-10-22 10:27:02
2894,5752,Hero,Activa,2020,MH95AB4764,UberPool,Bike,2,2024-05-08 10:08:49
2895,5754,Honda,WagonR,2023,MH15AB8181,UberX,Car,1,2025-02-09 16:17:22
2896,5755,Bajaj,RE,2018,MH91AB4517,UberBlack,Auto,5,2025-05-30 21:27:39
2897,5757,Maruti,Dzire,2015,MH83AB7994,UberPool,Car,4,2024-01-19 21:59:32
2898,5760,Bajaj,Classic 350,2017,MH12AB4266,UberBlack,Bike,2,2025-06-26 21:59:20
2899,5761,Bajaj,Apache,2019,MH74AB4666,UberPool,Bike,2,2025-04-21 10:44:14
2900,5762,Royal Enfield,Classic 350,2015,MH68AB2648,UberBlack,Bike,2,2022-10-14 22:44:26
2901,5763,Piaggio,RE,2020,MH61AB6340,UberPool,Auto,3,2024-08-13 21:10:14
2902,5764,Honda,WagonR,2022,MH71AB1556,UberPool,Car,3,2022-11-13 20:07:31
2903,5765,Royal Enfield,Pulsar,2018,MH19AB7430,UberPool,Bike,2,2023-11-14 21:10:37
2904,5768,Piaggio,RE,2020,MH44AB7974,UberBlack,Auto,6,2022-11-22 21:41:09
2905,5772,TVS,Ape,2018,MH94AB1820,UberPool,Auto,5,2024-03-07 00:40:36
2906,5774,TVS,Ape,2016,MH17AB3635,UberPool,Auto,2,2024-09-23 13:05:44
2907,5775,Toyota,i20,2017,MH64AB7874,UberX,Car,3,2022-10-28 23:21:41
2908,5779,Royal Enfield,Activa,2015,MH97AB1535,UberBlack,Bike,2,2023-09-06 07:07:59
2909,5780,Honda,Splendor,2019,MH11AB2484,UberPool,Bike,2,2024-05-15 11:48:13
2910,5781,Hero,Apache,2022,MH11AB1669,UberX,Bike,2,2024-02-02 10:11:43
2911,5782,Honda,Ertiga,2015,MH14AB8385,UberX,Car,5,2024-07-12 13:32:33
2912,5786,TVS,King,2021,MH66AB4797,UberBlack,Auto,3,2023-02-25 03:06:40
2913,5788,TVS,King,2018,MH61AB4800,UberBlack,Auto,6,2022-12-03 15:52:52
2914,5791,Honda,i20,2019,MH23AB4451,UberX,Car,5,2023-01-03 22:42:24
2915,5792,TVS,Ape,2021,MH73AB2108,UberBlack,Auto,2,2024-12-10 00:18:38
2916,5796,Maruti,Dzire,2015,MH54AB5813,UberX,Car,6,2024-06-29 14:52:21
2917,5799,Piaggio,King,2017,MH55AB2110,UberX,Auto,1,2023-03-23 16:18:10
2918,5800,Piaggio,RE,2018,MH55AB5918,UberBlack,Auto,1,2024-09-25 16:57:27
2919,5801,TVS,RE,2019,MH18AB3972,UberPool,Auto,5,2024-11-12 12:45:24
2920,5803,Honda,Activa,2015,MH97AB4739,UberX,Bike,2,2023-09-13 00:59:37
2921,5805,Honda,i20,2022,MH96AB7860,UberPool,Car,4,2023-06-19 10:12:41
2922,5806,Hero,Classic 350,2017,MH77AB6245,UberX,Bike,2,2024-01-02 12:05:23
2923,5807,Hyundai,Swift,2018,MH82AB8706,UberBlack,Car,2,2025-03-28 21:28:26
2924,5809,TVS,King,2019,MH95AB4185,UberX,Auto,5,2024-07-31 02:23:05
2925,5810,Honda,Dzire,2021,MH40AB3639,UberBlack,Car,5,2025-03-24 09:47:27
2926,5811,Bajaj,Ape,2022,MH11AB3955,UberPool,Auto,4,2025-06-03 19:46:53
2927,5814,Honda,Dzire,2015,MH70AB3005,UberPool,Car,3,2022-10-17 16:03:54
2928,5819,Bajaj,Ape,2020,MH25AB4644,UberX,Auto,1,2023-06-02 10:06:34
2929,5821,Tata,i20,2021,MH17AB6588,UberPool,Car,4,2024-03-09 16:39:13
2930,5824,Royal Enfield,Classic 350,2016,MH85AB3237,UberBlack,Bike,2,2024-03-20 19:59:05
2931,5827,Piaggio,Ape,2017,MH14AB4730,UberX,Auto,2,2024-01-22 20:41:23
2932,5829,TVS,King,2022,MH44AB1548,UberPool,Auto,5,2023-01-22 08:50:46
2933,5830,Bajaj,RE,2015,MH36AB7842,UberX,Auto,4,2022-11-22 04:22:50
2934,5831,Royal Enfield,Activa,2022,MH24AB3781,UberPool,Bike,2,2024-05-18 06:52:53
2935,5833,TVS,Ape,2017,MH58AB6302,UberPool,Auto,4,2025-02-19 11:26:28
2936,5834,Toyota,WagonR,2019,MH83AB7786,UberPool,Car,3,2025-02-25 17:16:38
2937,5835,TVS,RE,2019,MH50AB4749,UberPool,Auto,3,2024-09-21 18:10:58
2938,5836,Hyundai,WagonR,2019,MH48AB9490,UberBlack,Car,2,2024-05-22 10:30:44
2939,5838,Bajaj,Classic 350,2015,MH24AB9529,UberPool,Bike,2,2022-08-11 03:50:17
2940,5840,Maruti,Swift,2020,MH65AB8804,UberX,Car,2,2024-09-09 06:57:38
2941,5841,TVS,RE,2020,MH68AB8009,UberPool,Auto,6,2024-09-11 13:34:47
2942,5846,Royal Enfield,Splendor,2020,MH17AB7778,UberBlack,Bike,2,2025-05-03 15:27:15
2943,5848,Honda,i20,2018,MH74AB4432,UberX,Car,5,2024-10-22 22:09:11
2944,5849,Hyundai,WagonR,2020,MH99AB1991,UberX,Car,4,2025-08-04 04:27:31
2945,5852,Honda,Classic 350,2015,MH41AB5902,UberBlack,Bike,2,2023-11-13 03:52:59
2946,5853,TVS,King,2018,MH98AB4949,UberX,Auto,5,2022-09-18 19:37:17
2947,5855,Bajaj,RE,2019,MH89AB6891,UberX,Auto,3,2023-07-23 12:27:19
2948,5857,Royal Enfield,Splendor,2020,MH19AB6190,UberPool,Bike,2,2023-01-22 07:48:50
2949,5858,TVS,Ape,2017,MH61AB4151,UberBlack,Auto,5,2025-06-18 17:28:32
2950,5859,Toyota,Dzire,2019,MH96AB3381,UberPool,Car,1,2022-09-21 09:56:23
2951,5861,Hero,Activa,2021,MH30AB9376,UberBlack,Bike,2,2024-03-08 07:51:33
2952,5862,Honda,Classic 350,2019,MH71AB7847,UberBlack,Bike,2,2025-03-01 00:57:29
2953,5864,Toyota,Ertiga,2022,MH13AB4426,UberBlack,Car,5,2025-06-19 13:30:33
2954,5868,TVS,Classic 350,2023,MH66AB4037,UberPool,Bike,2,2024-01-06 13:11:37
2955,5870,Bajaj,Ape,2018,MH25AB3539,UberX,Auto,6,2023-08-18 15:57:46
2956,5872,TVS,RE,2017,MH99AB4652,UberX,Auto,5,2023-05-09 18:43:24
2957,5875,Bajaj,King,2017,MH54AB4942,UberBlack,Auto,5,2024-02-18 20:19:57
2958,5876,Hero,Activa,2020,MH45AB6598,UberPool,Bike,2,2025-07-27 18:49:51
2959,5877,Hero,Activa,2017,MH50AB9827,UberBlack,Bike,2,2022-08-24 14:04:34
2960,5878,Maruti,Innova,2015,MH16AB4805,UberPool,Car,4,2024-10-01 00:10:49
2961,5884,Maruti,Dzire,2017,MH74AB3468,UberPool,Car,4,2025-06-16 18:21:20
2962,5885,Hyundai,Ertiga,2019,MH88AB1148,UberPool,Car,4,2024-02-15 16:25:31
2963,5894,Piaggio,King,2020,MH66AB2642,UberPool,Auto,5,2024-10-24 02:20:56
2964,5895,Piaggio,King,2017,MH21AB4189,UberX,Auto,6,2022-09-16 14:04:20
2965,5896,Hero,Activa,2021,MH32AB9845,UberPool,Bike,2,2023-09-18 01:32:55
2966,5898,TVS,King,2019,MH90AB4445,UberPool,Auto,4,2025-06-08 10:49:02
2967,5899,Hero,Activa,2023,MH32AB4455,UberX,Bike,2,2023-03-10 20:46:51
2968,5900,Bajaj,King,2023,MH66AB3901,UberBlack,Auto,5,2024-03-13 17:50:48
2969,5901,Piaggio,King,2021,MH69AB4497,UberPool,Auto,2,2024-07-06 17:06:37
2970,5904,Tata,Dzire,2018,MH12AB5808,UberPool,Car,1,2023-03-12 11:21:44
2971,5905,Tata,Dzire,2021,MH29AB9423,UberX,Car,2,2024-06-05 15:50:03
2972,5906,Tata,Innova,2015,MH75AB5652,UberBlack,Car,4,2025-02-01 02:30:26
2973,5907,Honda,Splendor,2016,MH65AB4924,UberPool,Bike,2,2024-05-11 15:35:35
2974,5908,Piaggio,RE,2015,MH39AB2556,UberX,Auto,6,2024-03-29 21:33:49
2975,5910,Bajaj,King,2021,MH40AB7149,UberPool,Auto,2,2024-12-23 04:01:40
2976,5911,Honda,Innova,2020,MH50AB6013,UberX,Car,3,2023-03-03 18:27:07
2977,5914,Honda,Ertiga,2020,MH68AB7199,UberX,Car,2,2023-11-12 06:54:22
2978,5916,TVS,RE,2016,MH91AB1030,UberBlack,Auto,3,2025-02-10 01:12:19
2979,5918,TVS,RE,2015,MH58AB7792,UberBlack,Auto,1,2023-10-07 07:56:40
2980,5920,Piaggio,RE,2017,MH59AB1100,UberPool,Auto,4,2024-07-15 04:04:37
2981,5922,Bajaj,Ape,2016,MH66AB5290,UberBlack,Auto,6,2023-09-27 10:23:28
2982,5923,Bajaj,Activa,2016,MH58AB3197,UberPool,Bike,2,2024-03-12 15:33:53
2983,5924,Hero,Splendor,2021,MH59AB9054,UberBlack,Bike,2,2025-04-01 22:21:05
2984,5925,TVS,King,2022,MH38AB3416,UberX,Auto,4,2023-05-18 03:12:57
2985,5928,Hero,Pulsar,2019,MH29AB4464,UberBlack,Bike,2,2023-12-25 18:31:24
2986,5931,Bajaj,King,2019,MH42AB1229,UberPool,Auto,1,2025-03-19 15:33:47
2987,5934,Maruti,Ertiga,2022,MH31AB9451,UberPool,Car,1,2024-06-15 06:17:27
2988,5938,Toyota,Ertiga,2015,MH54AB1498,UberPool,Car,4,2024-05-13 03:43:13
2989,5940,Hero,Apache,2023,MH53AB4833,UberX,Bike,2,2025-01-01 06:00:29
2990,5941,Bajaj,RE,2022,MH20AB5173,UberPool,Auto,5,2023-02-20 11:23:49
2991,5943,TVS,Apache,2016,MH31AB3717,UberPool,Bike,2,2023-08-28 21:29:22
2992,5947,Bajaj,RE,2015,MH33AB9317,UberBlack,Auto,5,2024-05-07 14:37:13
2993,5948,Hyundai,Ertiga,2017,MH16AB9339,UberBlack,Car,6,2025-05-10 17:01:36
2994,5950,Bajaj,Splendor,2022,MH60AB9970,UberX,Bike,2,2023-12-24 04:35:52
2995,5952,Toyota,WagonR,2021,MH31AB6474,UberX,Car,3,2024-11-04 03:53:43
2996,5953,Tata,Ertiga,2018,MH27AB5563,UberBlack,Car,5,2023-10-05 11:55:10
2997,5954,Toyota,i20,2019,MH40AB1887,UberX,Car,6,2022-11-04 16:17:23
2998,5956,Hyundai,Swift,2017,MH72AB5105,UberBlack,Car,4,2023-06-27 00:36:48
2999,5962,Toyota,i20,2018,MH74AB5615,UberPool,Car,1,2024-01-02 16:36:01
3000,5964,Bajaj,King,2021,MH55AB5208,UberX,Auto,5,2023-03-14 13:18:45
3001,5967,Piaggio,King,2017,MH81AB6838,UberBlack,Auto,5,2024-05-01 11:56:22
3002,5968,Toyota,Dzire,2015,MH76AB7731,UberBlack,Car,3,2023-03-11 09:57:32
3003,5969,Hyundai,i20,2021,MH93AB5027,UberX,Car,5,2022-11-26 05:50:11
3004,5971,Bajaj,Ape,2020,MH12AB6450,UberX,Auto,3,2023-04-27 08:59:20
3005,5973,Piaggio,King,2016,MH52AB1454,UberPool,Auto,1,2022-11-01 14:19:36
3006,5974,Bajaj,RE,2022,MH72AB3791,UberX,Auto,1,2023-10-27 23:03:19
3007,5975,Bajaj,King,2019,MH46AB5213,UberPool,Auto,5,2022-08-24 03:23:11
3008,5976,Bajaj,Ape,2016,MH98AB2175,UberPool,Auto,1,2024-08-08 15:48:07
3009,5977,TVS,Splendor,2015,MH35AB5197,UberPool,Bike,2,2024-12-07 06:23:32
3010,5979,Honda,Activa,2019,MH77AB7490,UberPool,Bike,2,2023-11-24 12:36:58
3011,5981,TVS,RE,2022,MH47AB5556,UberBlack,Auto,4,2023-09-23 14:22:19
3012,5983,Royal Enfield,Splendor,2022,MH27AB4590,UberPool,Bike,2,2023-08-14 00:01:19
3013,5986,Hero,Apache,2022,MH43AB2696,UberX,Bike,2,2024-08-06 16:22:30
3014,5990,Honda,Swift,2023,MH10AB4161,UberPool,Car,5,2023-01-26 01:02:51
3015,5991,Bajaj,Ape,2017,MH55AB3175,UberBlack,Auto,6,2022-10-17 09:05:35
3016,5995,Piaggio,King,2015,MH49AB4538,UberBlack,Auto,2,2022-09-18 03:29:04
3017,5996,Hero,Classic 350,2015,MH27AB7486,UberBlack,Bike,2,2023-07-30 02:38:39
3018,5998,TVS,King,2022,MH57AB3169,UberBlack,Auto,4,2022-12-28 19:08:28
3019,6001,Honda,Apache,2023,MH16AB4555,UberBlack,Bike,2,2023-12-15 18:52:24
3020,6002,Bajaj,King,2018,MH61AB8698,UberBlack,Auto,1,2023-07-26 04:40:24
3021,6003,TVS,Pulsar,2019,MH92AB2098,UberX,Bike,2,2025-03-13 23:49:20
3022,6004,Bajaj,Classic 350,2021,MH44AB3567,UberBlack,Bike,2,2022-12-23 13:00:31
3023,6005,Bajaj,Ape,2018,MH11AB4427,UberBlack,Auto,3,2023-03-28 09:23:15
3024,6006,Honda,Innova,2017,MH99AB7506,UberX,Car,5,2022-11-02 15:33:14
3025,6009,Piaggio,King,2018,MH33AB8667,UberX,Auto,3,2023-09-14 01:34:06
3026,6010,Bajaj,RE,2016,MH42AB9009,UberBlack,Auto,3,2022-09-26 09:36:53
3027,6015,TVS,Apache,2022,MH35AB8365,UberPool,Bike,2,2024-12-03 19:16:40
3028,6018,Hyundai,i20,2015,MH83AB7832,UberPool,Car,5,2022-10-11 18:06:44
3029,6022,Honda,Innova,2020,MH59AB6511,UberBlack,Car,4,2024-04-24 23:21:55
3030,6025,Bajaj,Activa,2021,MH22AB1513,UberBlack,Bike,2,2023-06-11 20:53:04
3031,6027,Hyundai,Swift,2020,MH70AB4368,UberPool,Car,5,2024-07-02 13:04:00
3032,6028,Piaggio,RE,2015,MH76AB1330,UberPool,Auto,1,2024-04-06 15:28:41
3033,6029,Piaggio,King,2020,MH64AB5553,UberX,Auto,1,2023-07-14 16:04:45
3034,6030,Bajaj,Splendor,2023,MH94AB9294,UberPool,Bike,2,2022-11-23 07:34:15
3035,6031,TVS,RE,2021,MH83AB2652,UberPool,Auto,3,2024-01-10 12:59:55
3036,6032,TVS,RE,2018,MH62AB5050,UberPool,Auto,1,2024-09-26 07:08:35
3037,6033,Maruti,Innova,2023,MH52AB8203,UberBlack,Car,6,2024-05-12 01:05:21
3038,6037,Royal Enfield,Splendor,2017,MH59AB6368,UberPool,Bike,2,2025-02-17 20:42:41
3039,6038,Bajaj,Ape,2016,MH80AB3352,UberBlack,Auto,1,2022-09-09 03:59:29
3040,6039,Tata,i20,2023,MH75AB7013,UberBlack,Car,2,2023-11-23 11:32:01
3041,6041,Honda,Activa,2016,MH89AB7624,UberX,Bike,2,2024-02-19 01:35:15
3042,6044,Piaggio,King,2016,MH99AB6696,UberBlack,Auto,5,2022-12-10 21:05:40
3043,6045,TVS,Pulsar,2022,MH39AB2011,UberBlack,Bike,2,2023-08-11 14:41:12
3044,6047,Bajaj,Classic 350,2021,MH36AB3031,UberBlack,Bike,2,2023-04-11 11:47:48
3045,6049,TVS,Activa,2021,MH73AB1357,UberPool,Bike,2,2025-03-31 17:09:49
3046,6051,Tata,i20,2019,MH42AB9969,UberBlack,Car,1,2023-06-30 11:53:39
3047,6053,TVS,Splendor,2015,MH17AB5452,UberX,Bike,2,2023-02-05 23:29:14
3048,6054,TVS,Classic 350,2015,MH29AB4906,UberX,Bike,2,2022-12-18 10:54:20
3049,6055,Tata,Innova,2015,MH66AB8967,UberX,Car,5,2023-08-20 06:10:43
3050,6056,Honda,Pulsar,2017,MH81AB9246,UberBlack,Bike,2,2024-07-11 14:24:00
3051,6058,TVS,Pulsar,2022,MH36AB5380,UberPool,Bike,2,2023-01-15 07:13:53
3052,6064,Piaggio,King,2017,MH57AB2882,UberBlack,Auto,5,2024-12-19 09:38:17
3053,6065,Bajaj,Classic 350,2021,MH90AB6270,UberPool,Bike,2,2025-06-30 23:32:40
3054,6067,TVS,Activa,2022,MH81AB4987,UberBlack,Bike,2,2023-08-17 12:22:00
3055,6069,Hero,Splendor,2020,MH34AB3340,UberPool,Bike,2,2023-10-22 00:16:38
3056,6071,Piaggio,Ape,2015,MH65AB9119,UberPool,Auto,1,2024-12-09 11:37:21
3057,6072,TVS,RE,2021,MH10AB2750,UberPool,Auto,3,2025-05-27 02:54:36
3058,6073,Maruti,Innova,2015,MH30AB6737,UberPool,Car,1,2023-08-07 12:24:00
3059,6074,Hyundai,Swift,2018,MH22AB7701,UberBlack,Car,4,2022-09-30 01:28:21
3060,6076,Royal Enfield,Apache,2017,MH71AB1009,UberPool,Bike,2,2024-10-07 03:53:17
3061,6078,Toyota,WagonR,2022,MH23AB8193,UberPool,Car,2,2024-03-17 23:18:03
3062,6079,TVS,RE,2021,MH47AB3923,UberBlack,Auto,4,2023-08-15 02:35:20
3063,6080,Honda,Ertiga,2015,MH98AB5818,UberX,Car,5,2024-08-15 23:18:16
3064,6082,Piaggio,RE,2022,MH62AB8567,UberPool,Auto,2,2022-11-07 16:26:53
3065,6084,Tata,Swift,2017,MH54AB6111,UberX,Car,1,2023-01-17 06:16:54
3066,6086,Bajaj,Activa,2016,MH50AB9360,UberPool,Bike,2,2023-03-31 15:47:30
3067,6087,TVS,Classic 350,2017,MH52AB7857,UberX,Bike,2,2024-06-03 16:27:32
3068,6088,Royal Enfield,Classic 350,2023,MH30AB1734,UberBlack,Bike,2,2024-09-15 13:29:46
3069,6089,Tata,i20,2015,MH60AB2761,UberPool,Car,6,2025-04-03 17:23:30
3070,6090,TVS,RE,2017,MH60AB2059,UberX,Auto,3,2024-08-30 10:50:15
3071,6091,Honda,WagonR,2018,MH21AB3212,UberX,Car,6,2022-09-02 22:51:07
3072,6092,Tata,WagonR,2022,MH65AB7651,UberPool,Car,3,2024-06-19 19:22:10
3073,6093,Bajaj,King,2018,MH91AB3928,UberPool,Auto,2,2025-02-24 22:40:27
3074,6096,Piaggio,RE,2021,MH82AB5547,UberX,Auto,3,2023-09-25 13:00:45
3075,6100,Toyota,i20,2021,MH19AB8640,UberBlack,Car,6,2022-11-10 14:14:49
3076,6101,Hyundai,i20,2016,MH40AB9508,UberX,Car,3,2023-10-08 23:01:38
3077,6103,Bajaj,Pulsar,2016,MH38AB7195,UberPool,Bike,2,2023-02-20 21:29:36
3078,6105,Piaggio,Ape,2021,MH47AB6847,UberPool,Auto,3,2024-10-23 13:49:45
3079,6109,Tata,Swift,2020,MH25AB1494,UberPool,Car,1,2023-05-11 10:46:06
3080,6110,TVS,Ape,2020,MH73AB1137,UberPool,Auto,2,2023-09-11 12:28:35
3081,6114,TVS,RE,2023,MH61AB9709,UberPool,Auto,3,2024-11-13 08:21:29
3082,6116,Hero,Pulsar,2018,MH53AB9948,UberBlack,Bike,2,2024-11-13 06:11:55
3083,6117,Bajaj,Apache,2023,MH60AB3465,UberPool,Bike,2,2023-08-15 04:09:42
3084,6118,Hyundai,WagonR,2015,MH14AB7273,UberBlack,Car,2,2022-12-19 05:10:55
3085,6121,TVS,Splendor,2020,MH21AB8906,UberBlack,Bike,2,2023-11-27 12:46:53
3086,6122,TVS,Splendor,2018,MH70AB9535,UberPool,Bike,2,2023-10-05 07:47:57
3087,6125,TVS,RE,2016,MH32AB8443,UberX,Auto,3,2025-06-29 00:08:00
3088,6126,TVS,Activa,2015,MH95AB2083,UberBlack,Bike,2,2024-05-29 21:36:04
3089,6127,Royal Enfield,Pulsar,2016,MH35AB5404,UberPool,Bike,2,2024-11-09 13:21:24
3090,6128,Tata,Innova,2021,MH19AB6240,UberX,Car,6,2023-05-17 16:58:39
3091,6132,TVS,Pulsar,2017,MH28AB3089,UberBlack,Bike,2,2025-07-07 06:17:51
3092,6133,Royal Enfield,Splendor,2023,MH22AB1039,UberX,Bike,2,2025-06-30 10:51:15
3093,6134,Honda,Splendor,2017,MH84AB8253,UberX,Bike,2,2022-11-05 01:37:10
3094,6135,Piaggio,Ape,2019,MH15AB5113,UberX,Auto,4,2023-09-25 09:01:02
3095,6136,Honda,Splendor,2017,MH61AB9443,UberX,Bike,2,2022-09-04 09:45:26
3096,6138,Honda,Pulsar,2015,MH11AB9539,UberX,Bike,2,2022-12-09 21:05:46
3097,6139,Honda,Activa,2015,MH52AB9320,UberX,Bike,2,2024-11-29 19:39:41
3098,6141,Bajaj,King,2015,MH34AB4549,UberPool,Auto,6,2022-08-24 01:23:31
3099,6143,Hyundai,Swift,2023,MH24AB1790,UberPool,Car,4,2025-05-24 13:59:19
3100,6146,Bajaj,King,2023,MH94AB8079,UberBlack,Auto,5,2024-09-06 13:36:30
3101,6148,Toyota,Swift,2018,MH18AB2592,UberPool,Car,6,2025-03-14 04:04:49
3102,6149,Honda,Apache,2021,MH12AB3246,UberBlack,Bike,2,2023-10-14 06:40:10
3103,6150,Toyota,Innova,2021,MH67AB7914,UberPool,Car,2,2025-02-15 18:37:40
3104,6153,Bajaj,RE,2020,MH82AB9580,UberX,Auto,4,2024-10-05 03:25:03
3105,6155,Maruti,WagonR,2019,MH89AB9343,UberBlack,Car,3,2022-08-19 18:08:46
3106,6156,Piaggio,Ape,2020,MH86AB2226,UberX,Auto,4,2025-06-22 00:38:23
3107,6159,Honda,Dzire,2015,MH41AB4671,UberX,Car,6,2022-08-27 11:29:52
3108,6161,Royal Enfield,Apache,2021,MH97AB6799,UberPool,Bike,2,2025-04-21 08:30:13
3109,6163,Bajaj,King,2021,MH55AB9044,UberBlack,Auto,6,2024-05-08 05:01:51
3110,6165,Toyota,Swift,2019,MH83AB6658,UberX,Car,3,2024-01-31 19:35:05
3111,6166,Honda,i20,2021,MH47AB2645,UberPool,Car,3,2025-03-24 21:14:51
3112,6167,Hero,Activa,2021,MH28AB6291,UberX,Bike,2,2024-03-08 21:27:12
3113,6168,Toyota,Dzire,2015,MH70AB3420,UberPool,Car,6,2023-07-19 13:33:44
3114,6169,TVS,King,2019,MH22AB4053,UberPool,Auto,1,2023-09-02 03:44:18
3115,6170,Honda,Innova,2020,MH72AB5117,UberPool,Car,5,2024-08-02 22:13:17
3116,6171,Hero,Activa,2015,MH98AB6290,UberBlack,Bike,2,2025-01-05 09:31:41
3117,6173,Honda,Dzire,2019,MH14AB9488,UberX,Car,3,2024-01-29 15:53:09
3118,6174,TVS,Pulsar,2022,MH75AB9690,UberPool,Bike,2,2025-07-13 18:35:13
3119,6176,Piaggio,Ape,2016,MH85AB3817,UberX,Auto,4,2024-08-24 23:10:51
3120,6177,TVS,King,2021,MH88AB4213,UberX,Auto,3,2024-03-26 14:17:47
3121,6178,Piaggio,King,2017,MH68AB8136,UberBlack,Auto,2,2023-12-26 00:52:04
3122,6182,Toyota,WagonR,2023,MH40AB2358,UberX,Car,4,2022-11-24 14:05:48
3123,6183,Bajaj,Apache,2016,MH78AB4372,UberBlack,Bike,2,2023-07-05 03:48:54
3124,6185,Piaggio,Ape,2020,MH53AB8705,UberBlack,Auto,6,2025-03-08 20:56:33
3125,6186,Toyota,Dzire,2023,MH12AB2440,UberPool,Car,4,2024-06-14 15:13:22
3126,6187,Maruti,WagonR,2017,MH82AB5852,UberPool,Car,1,2022-10-23 18:48:24
3127,6189,Tata,Ertiga,2019,MH44AB8451,UberX,Car,3,2023-01-01 01:28:57
3128,6191,Bajaj,King,2016,MH92AB5618,UberBlack,Auto,2,2023-07-06 09:16:14
3129,6192,Bajaj,RE,2018,MH33AB4904,UberBlack,Auto,6,2022-12-29 19:01:08
3130,6193,Honda,WagonR,2021,MH69AB1818,UberPool,Car,4,2023-07-21 10:30:29
3131,6195,TVS,Ape,2019,MH70AB8898,UberBlack,Auto,6,2023-02-20 19:20:59
3132,6197,Maruti,Ertiga,2016,MH20AB2007,UberPool,Car,1,2022-12-23 03:34:15
3133,6200,Bajaj,Ape,2019,MH41AB8672,UberBlack,Auto,2,2022-09-19 12:24:56
3134,6204,Hero,Splendor,2023,MH67AB8680,UberBlack,Bike,2,2024-08-29 11:47:41
3135,6206,Honda,Apache,2018,MH34AB5628,UberX,Bike,2,2025-04-09 09:26:21
3136,6209,Hyundai,Dzire,2018,MH88AB3124,UberX,Car,3,2022-08-25 00:17:29
3137,6210,Hyundai,WagonR,2022,MH67AB3973,UberPool,Car,4,2023-07-21 01:09:22
3138,6212,TVS,Classic 350,2020,MH16AB3700,UberX,Bike,2,2023-04-27 01:48:00
3139,6213,Piaggio,Ape,2020,MH33AB2527,UberX,Auto,3,2023-10-17 20:34:18
3140,6217,TVS,King,2015,MH39AB7200,UberX,Auto,5,2024-07-21 08:16:16
3141,6218,Honda,WagonR,2023,MH72AB9880,UberBlack,Car,3,2023-03-01 03:50:20
3142,6223,Maruti,Ertiga,2019,MH69AB6426,UberBlack,Car,6,2024-07-11 14:43:52
3143,6224,Piaggio,Ape,2018,MH57AB9240,UberBlack,Auto,3,2025-07-15 10:57:37
3144,6225,Royal Enfield,Splendor,2021,MH83AB5004,UberBlack,Bike,2,2023-02-01 23:51:50
3145,6226,Bajaj,Ape,2020,MH40AB3143,UberBlack,Auto,6,2023-03-21 07:18:35
3146,6227,Toyota,Innova,2019,MH62AB2330,UberPool,Car,6,2025-04-24 10:19:28
3147,6228,Piaggio,Ape,2022,MH85AB5748,UberPool,Auto,6,2023-02-20 05:46:48
3148,6231,Royal Enfield,Activa,2016,MH76AB9466,UberPool,Bike,2,2023-11-15 12:15:41
3149,6233,Tata,Ertiga,2016,MH38AB6334,UberBlack,Car,6,2024-04-21 07:04:33
3150,6234,TVS,Activa,2017,MH18AB2880,UberBlack,Bike,2,2023-07-27 05:55:59
3151,6235,TVS,Ape,2022,MH32AB4762,UberBlack,Auto,3,2025-02-07 16:02:23
3152,6236,Bajaj,RE,2019,MH68AB4502,UberPool,Auto,4,2023-11-30 07:53:17
3153,6239,TVS,RE,2021,MH96AB4222,UberBlack,Auto,5,2024-11-01 20:57:15
3154,6240,TVS,Apache,2022,MH96AB8614,UberBlack,Bike,2,2023-09-16 21:28:37
3155,6242,Tata,i20,2017,MH27AB1333,UberX,Car,5,2022-12-15 11:43:50
3156,6244,Piaggio,RE,2015,MH13AB2596,UberBlack,Auto,3,2024-12-21 22:13:38
3157,6245,Honda,WagonR,2021,MH86AB1945,UberPool,Car,2,2023-11-04 17:07:23
3158,6248,Hero,Apache,2022,MH51AB6573,UberX,Bike,2,2024-12-30 14:54:49
3159,6249,Honda,Splendor,2021,MH66AB2608,UberBlack,Bike,2,2024-09-26 09:54:44
3160,6250,Piaggio,RE,2023,MH11AB1025,UberBlack,Auto,3,2024-06-13 00:34:46
3161,6251,TVS,Ape,2022,MH33AB5471,UberX,Auto,6,2025-03-28 18:06:38
3162,6252,Tata,Ertiga,2019,MH98AB7456,UberPool,Car,3,2023-07-22 11:25:05
3163,6254,Piaggio,RE,2019,MH76AB4250,UberX,Auto,3,2023-12-07 01:02:06
3164,6255,Tata,Swift,2022,MH29AB6437,UberX,Car,2,2022-08-13 04:06:26
3165,6257,Bajaj,King,2018,MH40AB6366,UberX,Auto,4,2023-03-19 11:49:14
3166,6259,TVS,Classic 350,2022,MH73AB8279,UberX,Bike,2,2024-11-11 02:21:47
3167,6260,Bajaj,Classic 350,2020,MH78AB8898,UberPool,Bike,2,2025-06-22 10:40:18
3168,6263,Toyota,Ertiga,2016,MH11AB5907,UberBlack,Car,6,2024-02-26 11:43:28
3169,6264,TVS,Ape,2016,MH42AB1016,UberPool,Auto,4,2022-08-11 11:30:54
3170,6265,Toyota,i20,2015,MH62AB2398,UberBlack,Car,5,2023-01-11 02:24:42
3171,6268,Bajaj,King,2019,MH60AB7439,UberBlack,Auto,4,2023-09-15 17:48:19
3172,6270,TVS,Ape,2019,MH70AB3483,UberBlack,Auto,1,2024-06-12 08:20:22
3173,6272,Hero,Pulsar,2019,MH39AB7033,UberPool,Bike,2,2024-10-29 03:45:50
3174,6274,Honda,Pulsar,2015,MH37AB3517,UberPool,Bike,2,2025-03-10 21:04:48
3175,6275,Tata,i20,2020,MH28AB6937,UberPool,Car,5,2024-07-14 13:19:01
3176,6278,Royal Enfield,Classic 350,2018,MH50AB1172,UberPool,Bike,2,2024-06-15 17:43:22
3177,6281,Bajaj,Ape,2015,MH94AB9179,UberX,Auto,5,2023-07-08 08:37:31
3178,6285,Bajaj,Ape,2019,MH69AB7324,UberPool,Auto,6,2024-02-02 03:48:47
3179,6286,Hero,Pulsar,2021,MH21AB5264,UberBlack,Bike,2,2023-06-17 04:28:12
3180,6287,Piaggio,Ape,2018,MH94AB7633,UberBlack,Auto,2,2025-07-04 21:53:19
3181,6290,Honda,WagonR,2017,MH66AB6468,UberPool,Car,6,2024-05-13 02:10:29
3182,6292,TVS,Pulsar,2015,MH84AB6216,UberX,Bike,2,2025-07-23 07:38:19
3183,6293,Piaggio,King,2021,MH61AB4566,UberX,Auto,1,2024-10-14 00:08:34
3184,6294,TVS,RE,2021,MH28AB2935,UberX,Auto,3,2024-05-25 19:41:34
3185,6295,Bajaj,King,2019,MH17AB8296,UberBlack,Auto,4,2025-07-05 22:01:36
3186,6296,Piaggio,Ape,2015,MH48AB9215,UberX,Auto,1,2024-03-17 20:59:40
3187,6298,Hyundai,Dzire,2022,MH90AB5036,UberBlack,Car,4,2024-06-04 21:48:37
3188,6299,Bajaj,Classic 350,2017,MH86AB6192,UberBlack,Bike,2,2025-02-24 06:07:15
3189,6300,Piaggio,King,2022,MH68AB8681,UberBlack,Auto,1,2024-05-11 12:14:11
3190,6302,TVS,Apache,2023,MH85AB1605,UberPool,Bike,2,2022-11-12 03:33:55
3191,6303,Toyota,Ertiga,2021,MH87AB2574,UberPool,Car,3,2024-06-24 10:19:26
3192,6305,Piaggio,RE,2022,MH11AB1813,UberBlack,Auto,2,2025-04-06 17:45:32
3193,6306,Bajaj,RE,2016,MH37AB3108,UberPool,Auto,5,2022-10-05 23:31:09
3194,6307,Bajaj,King,2019,MH63AB1322,UberX,Auto,1,2023-05-14 13:57:33
3195,6310,Tata,i20,2023,MH46AB2240,UberPool,Car,4,2024-08-09 23:18:08
3196,6311,Hero,Pulsar,2016,MH77AB5356,UberX,Bike,2,2024-07-31 19:00:36
3197,6315,Piaggio,Ape,2020,MH18AB6786,UberPool,Auto,1,2024-01-30 05:33:31
3198,6316,Royal Enfield,Apache,2020,MH81AB3564,UberX,Bike,2,2025-01-08 17:17:23
3199,6317,Hyundai,Innova,2017,MH98AB9958,UberPool,Car,5,2022-12-03 08:08:03
3200,6321,Hero,Classic 350,2018,MH10AB3479,UberX,Bike,2,2022-12-18 08:58:47
3201,6324,Piaggio,RE,2018,MH40AB6846,UberX,Auto,5,2022-09-05 16:30:30
3202,6325,Honda,Activa,2022,MH23AB7136,UberBlack,Bike,2,2024-07-06 11:30:52
3203,6327,Hyundai,i20,2021,MH48AB8936,UberX,Car,4,2025-07-09 01:13:50
3204,6328,Piaggio,King,2022,MH44AB7756,UberPool,Auto,6,2023-04-21 02:21:25
3205,6329,TVS,Splendor,2022,MH97AB3472,UberBlack,Bike,2,2023-09-08 03:05:02
3206,6330,Maruti,Swift,2016,MH80AB6790,UberBlack,Car,6,2024-10-30 00:19:19
3207,6331,Honda,i20,2015,MH79AB8867,UberPool,Car,4,2023-07-03 23:41:06
3208,6332,TVS,King,2015,MH96AB6544,UberBlack,Auto,1,2023-12-08 13:45:07
3209,6333,Bajaj,King,2023,MH11AB2783,UberX,Auto,5,2023-01-17 15:03:58
3210,6336,Piaggio,Ape,2021,MH72AB9058,UberPool,Auto,3,2024-05-12 05:45:03
3211,6337,Royal Enfield,Splendor,2018,MH67AB9706,UberBlack,Bike,2,2024-08-17 04:27:21
3212,6340,TVS,King,2018,MH59AB5844,UberPool,Auto,3,2022-08-13 09:28:22
3213,6342,Toyota,Dzire,2019,MH66AB8252,UberPool,Car,6,2023-01-15 17:49:18
3214,6343,TVS,RE,2018,MH71AB3423,UberX,Auto,6,2022-09-14 23:36:01
3215,6345,Bajaj,Activa,2016,MH88AB2216,UberPool,Bike,2,2023-08-10 04:34:33
3216,6348,Toyota,Dzire,2022,MH47AB4387,UberBlack,Car,6,2025-06-25 15:59:00
3217,6349,Bajaj,Apache,2020,MH16AB6294,UberX,Bike,2,2024-09-09 21:28:11
3218,6350,Honda,Innova,2015,MH50AB1063,UberPool,Car,4,2024-08-02 05:01:59
3219,6352,Tata,Swift,2022,MH92AB7997,UberX,Car,5,2024-01-03 14:58:57
3220,6354,Hyundai,Innova,2022,MH67AB4870,UberPool,Car,4,2024-05-16 18:52:00
3221,6355,Honda,i20,2020,MH84AB2881,UberBlack,Car,5,2024-02-28 15:29:28
3222,6356,Tata,Innova,2022,MH39AB7371,UberPool,Car,3,2024-11-07 02:53:22
3223,6357,Honda,WagonR,2023,MH77AB6735,UberBlack,Car,4,2024-06-04 15:30:44
3224,6359,Honda,Activa,2020,MH93AB6934,UberPool,Bike,2,2025-06-07 23:43:52
3225,6361,Toyota,Swift,2023,MH42AB5299,UberPool,Car,6,2025-04-01 02:45:07
3226,6365,TVS,RE,2021,MH41AB6245,UberX,Auto,3,2023-12-15 12:21:52
3227,6366,TVS,Classic 350,2022,MH71AB5549,UberX,Bike,2,2025-02-04 21:36:58
3228,6368,Bajaj,Splendor,2017,MH38AB9316,UberPool,Bike,2,2023-10-04 21:17:09
3229,6369,TVS,King,2020,MH59AB2191,UberBlack,Auto,1,2024-04-18 19:16:40
3230,6371,Piaggio,Ape,2022,MH52AB7116,UberPool,Auto,5,2024-08-19 10:49:56
3231,6372,Piaggio,RE,2017,MH33AB1663,UberBlack,Auto,1,2025-07-20 12:59:35
3232,6373,Hyundai,i20,2015,MH50AB5696,UberPool,Car,6,2023-06-26 06:45:29
3233,6374,Tata,Dzire,2021,MH51AB6969,UberPool,Car,1,2024-12-15 13:12:07
3234,6377,Honda,Splendor,2018,MH45AB5962,UberX,Bike,2,2025-05-03 19:28:33
3235,6378,Royal Enfield,Pulsar,2022,MH23AB3207,UberX,Bike,2,2025-06-14 10:45:42
3236,6380,Bajaj,RE,2015,MH62AB6508,UberX,Auto,2,2024-01-17 00:33:44
3237,6381,Bajaj,Apache,2022,MH50AB9875,UberX,Bike,2,2023-05-20 20:40:01
3238,6382,TVS,RE,2023,MH33AB2966,UberBlack,Auto,4,2023-05-01 21:38:05
3239,6383,Honda,WagonR,2023,MH72AB6328,UberBlack,Car,4,2023-01-17 07:38:01
3240,6384,Piaggio,Ape,2017,MH99AB8800,UberX,Auto,4,2025-01-21 09:34:27
3241,6390,Bajaj,Splendor,2022,MH68AB4596,UberBlack,Bike,2,2024-07-09 02:50:22
3242,6392,Piaggio,Ape,2018,MH65AB7304,UberPool,Auto,1,2024-05-24 20:18:26
3243,6393,TVS,Ape,2022,MH74AB6339,UberPool,Auto,1,2024-04-18 11:45:21
3244,6396,Hyundai,Innova,2020,MH94AB1759,UberPool,Car,6,2023-10-07 01:39:54
3245,6397,Honda,WagonR,2017,MH88AB1445,UberBlack,Car,1,2024-02-15 21:27:57
3246,6398,Tata,i20,2018,MH33AB3417,UberPool,Car,3,2024-12-18 10:45:31
3247,6399,Tata,i20,2017,MH54AB5745,UberPool,Car,2,2022-10-27 11:19:13
3248,6400,Hyundai,i20,2019,MH95AB2284,UberBlack,Car,3,2024-07-31 13:43:31
3249,6402,Royal Enfield,Splendor,2016,MH68AB8242,UberPool,Bike,2,2022-12-17 19:11:37
3250,6405,Honda,i20,2022,MH31AB5554,UberBlack,Car,3,2025-02-22 16:46:36
3251,6406,Bajaj,Ape,2023,MH68AB1561,UberBlack,Auto,6,2022-11-08 19:20:33
3252,6407,TVS,RE,2022,MH52AB6167,UberX,Auto,6,2024-04-30 14:54:38
3253,6410,Bajaj,King,2018,MH60AB6549,UberBlack,Auto,6,2023-10-14 15:30:47
3254,6413,Bajaj,Classic 350,2023,MH37AB7077,UberX,Bike,2,2024-01-06 16:15:03
3255,6414,Hero,Apache,2016,MH34AB1744,UberPool,Bike,2,2024-07-24 03:25:30
3256,6418,TVS,King,2017,MH18AB3105,UberBlack,Auto,1,2022-10-27 21:29:05
3257,6421,Royal Enfield,Activa,2018,MH80AB8371,UberX,Bike,2,2022-10-05 20:44:57
3258,6422,Tata,i20,2020,MH38AB8369,UberBlack,Car,5,2023-04-03 15:22:30
3259,6423,Maruti,Innova,2017,MH49AB2383,UberX,Car,4,2023-10-11 03:44:28
3260,6424,Tata,Dzire,2015,MH64AB4149,UberBlack,Car,1,2024-04-12 13:53:07
3261,6425,TVS,Ape,2018,MH14AB7684,UberBlack,Auto,3,2023-03-31 03:50:16
3262,6426,Piaggio,RE,2021,MH76AB3025,UberPool,Auto,4,2025-01-27 16:45:25
3263,6432,Toyota,i20,2021,MH64AB6504,UberBlack,Car,4,2024-02-25 21:33:01
3264,6433,Tata,WagonR,2022,MH57AB6732,UberBlack,Car,3,2025-05-31 09:30:03
3265,6434,Bajaj,Apache,2019,MH22AB1049,UberPool,Bike,2,2024-03-20 07:50:21
3266,6436,Piaggio,Ape,2022,MH71AB3143,UberPool,Auto,1,2024-03-16 10:02:40
3267,6437,Hero,Pulsar,2020,MH98AB9735,UberBlack,Bike,2,2024-09-29 20:26:04
3268,6440,Piaggio,Ape,2023,MH18AB1422,UberBlack,Auto,5,2022-09-12 23:07:33
3269,6441,TVS,Activa,2022,MH29AB4460,UberPool,Bike,2,2024-02-15 08:21:08
3270,6442,Honda,Apache,2020,MH70AB3440,UberX,Bike,2,2022-11-25 15:43:15
3271,6443,Bajaj,RE,2019,MH24AB1268,UberPool,Auto,1,2022-11-19 21:40:37
3272,6444,Hero,Classic 350,2019,MH84AB5009,UberX,Bike,2,2025-04-10 01:16:31
3273,6446,Royal Enfield,Splendor,2023,MH95AB2947,UberPool,Bike,2,2025-01-20 10:25:36
3274,6448,Bajaj,RE,2020,MH91AB7008,UberBlack,Auto,4,2023-11-19 20:09:00
3275,6453,Hero,Pulsar,2019,MH12AB5513,UberPool,Bike,2,2024-07-13 18:37:03
3276,6456,Piaggio,King,2015,MH15AB1678,UberPool,Auto,3,2023-03-26 00:50:40
3277,6460,TVS,RE,2023,MH85AB3257,UberX,Auto,6,2023-12-11 14:32:36
3278,6462,Hero,Classic 350,2015,MH93AB7298,UberPool,Bike,2,2025-05-25 08:01:56
3279,6463,TVS,Ape,2018,MH52AB8161,UberBlack,Auto,3,2025-02-11 20:08:41
3280,6464,Piaggio,Ape,2023,MH15AB4690,UberBlack,Auto,4,2023-10-28 09:49:03
3281,6465,Honda,Dzire,2021,MH47AB8982,UberX,Car,2,2024-10-13 15:51:11
3282,6469,TVS,Apache,2023,MH22AB8938,UberX,Bike,2,2024-06-24 07:37:23
3283,6470,Piaggio,RE,2018,MH54AB2058,UberPool,Auto,6,2024-08-24 13:52:07
3284,6473,Bajaj,King,2019,MH92AB7667,UberPool,Auto,6,2024-03-25 21:32:44
3285,6476,Honda,Swift,2015,MH14AB5257,UberPool,Car,2,2023-02-06 03:10:05
3286,6477,Piaggio,Ape,2015,MH44AB9908,UberBlack,Auto,4,2023-04-21 19:19:50
3287,6478,Bajaj,Apache,2016,MH48AB1167,UberBlack,Bike,2,2024-06-08 13:15:13
3288,6480,TVS,RE,2022,MH16AB9224,UberPool,Auto,2,2025-06-12 21:48:11
3289,6481,Tata,Swift,2023,MH24AB7520,UberPool,Car,5,2024-10-10 14:10:07
3290,6482,Bajaj,RE,2015,MH39AB9938,UberPool,Auto,4,2024-01-17 19:37:12
3291,6483,Bajaj,Ape,2017,MH80AB2571,UberPool,Auto,1,2023-07-20 06:03:01
3292,6484,Tata,Innova,2020,MH43AB7698,UberPool,Car,2,2022-11-26 00:34:24
3293,6490,Royal Enfield,Pulsar,2016,MH29AB6720,UberX,Bike,2,2023-10-18 19:17:42
3294,6492,Hero,Pulsar,2022,MH61AB9201,UberPool,Bike,2,2025-07-11 23:33:00
3295,6493,Bajaj,Pulsar,2020,MH73AB6063,UberPool,Bike,2,2025-08-01 09:01:42
3296,6494,TVS,Splendor,2023,MH17AB9283,UberBlack,Bike,2,2022-08-10 21:38:28
3297,6495,Hero,Classic 350,2018,MH93AB4612,UberX,Bike,2,2025-07-16 02:22:57
3298,6496,Royal Enfield,Splendor,2021,MH14AB5550,UberX,Bike,2,2022-08-09 22:24:18
3299,6497,Hero,Apache,2019,MH67AB2434,UberPool,Bike,2,2022-09-23 14:36:57
3300,6503,Hero,Apache,2019,MH23AB7061,UberX,Bike,2,2023-05-12 13:24:33
3301,6505,TVS,Apache,2020,MH97AB9195,UberBlack,Bike,2,2023-08-01 13:37:16
3302,6506,Bajaj,Ape,2021,MH86AB5682,UberBlack,Auto,3,2024-08-07 11:15:53
3303,6507,Hero,Activa,2016,MH38AB8584,UberBlack,Bike,2,2024-05-31 01:28:24
3304,6509,Hyundai,i20,2023,MH72AB8021,UberX,Car,1,2024-08-14 18:27:20
3305,6510,Bajaj,Ape,2018,MH66AB5039,UberBlack,Auto,4,2023-07-02 09:33:48
3306,6511,Bajaj,Apache,2017,MH70AB7830,UberX,Bike,2,2024-06-09 13:38:52
3307,6512,TVS,King,2016,MH49AB8152,UberPool,Auto,3,2022-09-19 01:29:15
3308,6514,Toyota,WagonR,2016,MH34AB6772,UberX,Car,3,2024-02-28 21:14:33
3309,6515,Hyundai,Innova,2020,MH59AB2414,UberBlack,Car,2,2022-12-15 09:46:39
3310,6516,Tata,Ertiga,2017,MH21AB4404,UberBlack,Car,3,2024-06-25 22:22:01
3311,6517,Hyundai,Innova,2016,MH11AB6760,UberPool,Car,2,2022-11-19 02:31:27
3312,6518,TVS,RE,2022,MH53AB1108,UberPool,Auto,4,2023-08-04 01:23:33
3313,6523,Piaggio,Ape,2015,MH75AB5487,UberBlack,Auto,5,2024-03-31 01:52:57
3314,6524,Maruti,WagonR,2017,MH70AB2176,UberX,Car,4,2023-10-20 00:10:27
3315,6525,Toyota,Innova,2015,MH98AB4020,UberBlack,Car,5,2023-10-09 04:33:11
3316,6533,Tata,i20,2016,MH41AB3481,UberPool,Car,4,2024-01-11 03:47:53
3317,6539,Tata,Dzire,2018,MH29AB7708,UberX,Car,4,2025-03-08 08:22:12
3318,6540,Royal Enfield,Classic 350,2019,MH65AB6500,UberBlack,Bike,2,2023-05-08 16:17:01
3319,6541,Bajaj,Ape,2019,MH59AB9805,UberPool,Auto,6,2023-08-18 07:25:26
3320,6542,TVS,King,2017,MH83AB5743,UberPool,Auto,5,2024-05-26 03:54:09
3321,6543,Bajaj,RE,2018,MH63AB9011,UberPool,Auto,6,2023-09-09 12:46:57
3322,6544,Bajaj,Classic 350,2021,MH74AB5270,UberBlack,Bike,2,2024-12-31 14:57:22
3323,6547,Bajaj,Ape,2020,MH39AB7624,UberBlack,Auto,4,2025-02-27 03:27:51
3324,6548,Honda,Pulsar,2017,MH14AB4135,UberX,Bike,2,2024-09-01 08:29:13
3325,6550,Hero,Pulsar,2016,MH71AB8375,UberBlack,Bike,2,2025-02-05 06:42:51
3326,6553,Hyundai,Dzire,2019,MH15AB4397,UberBlack,Car,6,2024-11-20 11:34:05
3327,6554,Bajaj,RE,2018,MH23AB6224,UberBlack,Auto,6,2024-02-15 20:44:19
3328,6556,Honda,Swift,2016,MH60AB7599,UberPool,Car,5,2022-12-08 22:27:13
3329,6561,Toyota,Dzire,2021,MH27AB9810,UberX,Car,1,2023-02-16 05:07:09
3330,6562,Bajaj,Ape,2023,MH98AB6986,UberX,Auto,1,2023-11-10 11:12:17
3331,6564,Hyundai,Innova,2018,MH82AB8930,UberBlack,Car,1,2024-04-21 21:20:58
3332,6566,Royal Enfield,Pulsar,2019,MH21AB6202,UberBlack,Bike,2,2022-11-19 13:14:05
3333,6567,Maruti,Ertiga,2021,MH64AB1201,UberBlack,Car,4,2023-04-18 05:07:32
3334,6569,Toyota,Ertiga,2021,MH55AB1976,UberPool,Car,4,2024-01-19 15:41:45
3335,6571,Toyota,WagonR,2017,MH28AB6094,UberPool,Car,5,2024-01-25 19:06:01
3336,6572,Piaggio,RE,2017,MH53AB2716,UberBlack,Auto,5,2025-02-26 01:00:57
3337,6574,Bajaj,King,2016,MH41AB6527,UberX,Auto,4,2023-12-10 00:51:24
3338,6576,Maruti,Swift,2023,MH47AB1543,UberX,Car,3,2025-07-30 16:02:28
3339,6578,Honda,Activa,2022,MH93AB1289,UberPool,Bike,2,2024-05-11 18:36:28
3340,6579,Honda,i20,2016,MH14AB8825,UberBlack,Car,3,2025-02-16 08:28:24
3341,6580,Tata,i20,2021,MH63AB7130,UberX,Car,5,2023-05-20 22:59:40
3342,6582,Tata,i20,2016,MH60AB3686,UberX,Car,3,2023-08-23 01:47:36
3343,6583,Tata,Dzire,2022,MH35AB1883,UberBlack,Car,6,2022-11-18 02:44:42
3344,6584,Hero,Apache,2018,MH84AB1293,UberX,Bike,2,2024-10-22 15:38:40
3345,6588,Bajaj,Ape,2017,MH13AB1852,UberPool,Auto,6,2023-07-23 12:34:20
3346,6589,TVS,RE,2021,MH15AB8903,UberX,Auto,6,2023-01-27 10:27:44
3347,6591,Hyundai,WagonR,2019,MH75AB6347,UberBlack,Car,4,2023-09-26 11:05:16
3348,6592,Piaggio,Ape,2023,MH77AB3814,UberX,Auto,2,2023-05-03 23:26:55
3349,6597,Tata,Dzire,2023,MH25AB6409,UberX,Car,2,2024-03-08 06:47:49
3350,6599,Bajaj,RE,2017,MH83AB8430,UberBlack,Auto,6,2024-03-22 01:21:42
3351,6601,Hyundai,Innova,2015,MH24AB5861,UberBlack,Car,6,2022-10-02 02:18:32
3352,6604,Bajaj,Ape,2019,MH72AB7026,UberPool,Auto,2,2023-05-30 01:13:27
3353,6605,Bajaj,Ape,2023,MH61AB6100,UberPool,Auto,5,2024-02-15 05:55:00
3354,6607,Royal Enfield,Activa,2015,MH17AB8791,UberBlack,Bike,2,2023-01-03 05:38:31
3355,6608,Bajaj,Ape,2019,MH64AB4550,UberPool,Auto,4,2024-12-25 08:52:30
3356,6610,Piaggio,RE,2022,MH54AB6889,UberBlack,Auto,6,2023-07-08 00:49:36
3357,6611,Hero,Apache,2020,MH79AB4997,UberBlack,Bike,2,2024-08-07 18:55:21
3358,6612,TVS,Splendor,2015,MH73AB8614,UberX,Bike,2,2023-06-17 22:26:53
3359,6614,Piaggio,RE,2018,MH24AB8271,UberX,Auto,1,2023-08-17 21:16:58
3360,6615,Bajaj,RE,2020,MH85AB9197,UberX,Auto,3,2025-03-24 21:27:55
3361,6616,Toyota,Dzire,2016,MH57AB7891,UberBlack,Car,4,2023-01-13 05:25:13
3362,6617,Hero,Splendor,2015,MH20AB6118,UberPool,Bike,2,2024-09-22 20:37:34
3363,6619,Maruti,i20,2018,MH36AB6355,UberX,Car,1,2023-09-08 19:24:14
3364,6621,Bajaj,Pulsar,2021,MH16AB4392,UberX,Bike,2,2025-05-11 19:39:54
3365,6624,TVS,Pulsar,2021,MH61AB4714,UberX,Bike,2,2025-06-15 10:50:49
3366,6625,Tata,Swift,2019,MH16AB3558,UberX,Car,1,2024-11-01 04:59:36
3367,6626,Maruti,WagonR,2016,MH98AB8354,UberX,Car,5,2024-05-10 07:35:29
3368,6630,TVS,King,2022,MH42AB1756,UberPool,Auto,1,2022-09-08 02:01:14
3369,6631,Piaggio,Ape,2020,MH13AB2205,UberBlack,Auto,6,2024-06-05 15:18:19
3370,6635,Maruti,Innova,2021,MH66AB4813,UberBlack,Car,3,2022-11-19 04:17:45
3371,6637,Tata,Dzire,2020,MH86AB7047,UberX,Car,4,2025-06-26 00:49:30
3372,6647,Bajaj,Apache,2017,MH43AB2792,UberX,Bike,2,2023-12-28 11:40:55
3373,6649,Bajaj,RE,2017,MH77AB7166,UberPool,Auto,1,2025-04-30 18:04:03
3374,6651,Tata,WagonR,2020,MH64AB1355,UberX,Car,3,2022-09-01 07:37:53
3375,6654,Bajaj,RE,2020,MH67AB8213,UberPool,Auto,3,2023-10-07 03:49:26
3376,6655,Hyundai,i20,2015,MH57AB8713,UberX,Car,4,2024-10-27 02:53:05
3377,6656,Bajaj,Pulsar,2017,MH73AB9080,UberBlack,Bike,2,2024-02-17 07:09:17
3378,6657,TVS,RE,2021,MH25AB6175,UberBlack,Auto,4,2023-11-25 23:57:47
3379,6658,Piaggio,Ape,2023,MH86AB2889,UberPool,Auto,6,2024-10-10 05:25:56
3380,6659,Bajaj,RE,2022,MH23AB6197,UberX,Auto,1,2024-08-18 23:50:25
3381,6660,Hyundai,Dzire,2019,MH24AB3575,UberPool,Car,6,2023-12-03 08:02:02
3382,6664,TVS,King,2019,MH63AB8202,UberX,Auto,1,2023-06-25 01:02:08
3383,6665,Bajaj,King,2016,MH70AB5320,UberX,Auto,5,2025-02-06 00:29:48
3384,6668,Tata,WagonR,2020,MH49AB6201,UberBlack,Car,1,2022-10-05 17:56:04
3385,6670,TVS,King,2015,MH34AB5164,UberX,Auto,1,2022-09-21 10:44:54
3386,6671,Bajaj,King,2021,MH21AB8561,UberX,Auto,4,2023-04-13 22:37:54
3387,6673,Toyota,Ertiga,2015,MH24AB2696,UberBlack,Car,2,2022-11-04 22:51:18
3388,6675,Bajaj,Activa,2018,MH21AB9558,UberBlack,Bike,2,2024-09-28 05:38:44
3389,6678,Bajaj,King,2017,MH13AB5004,UberPool,Auto,4,2025-07-13 14:28:27
3390,6679,TVS,King,2021,MH43AB1200,UberX,Auto,1,2025-03-01 15:58:15
3391,6682,Bajaj,Ape,2020,MH47AB3127,UberPool,Auto,6,2023-01-17 18:41:01
3392,6683,Tata,i20,2017,MH47AB2230,UberX,Car,4,2023-09-11 17:23:40
3393,6685,Bajaj,Apache,2017,MH48AB2142,UberX,Bike,2,2022-11-02 13:00:07
3394,6686,Royal Enfield,Apache,2019,MH94AB7484,UberPool,Bike,2,2025-02-10 03:01:58
3395,6690,Hyundai,i20,2017,MH26AB4749,UberX,Car,6,2024-05-14 06:32:51
3396,6696,TVS,Pulsar,2016,MH20AB7925,UberBlack,Bike,2,2023-10-11 18:12:50
3397,6697,Royal Enfield,Splendor,2018,MH76AB6696,UberX,Bike,2,2024-04-22 09:59:42
3398,6698,Piaggio,King,2017,MH40AB5572,UberBlack,Auto,4,2024-03-12 07:16:21
3399,6701,TVS,Pulsar,2016,MH73AB5696,UberPool,Bike,2,2023-10-09 02:11:05
3400,6703,TVS,Pulsar,2018,MH22AB8096,UberPool,Bike,2,2023-05-13 17:50:30
3401,6705,TVS,RE,2021,MH14AB6301,UberBlack,Auto,3,2023-11-22 17:51:37
3402,6707,Maruti,Ertiga,2018,MH70AB2707,UberX,Car,6,2024-12-26 15:24:54
3403,6708,TVS,Ape,2021,MH40AB2723,UberBlack,Auto,1,2023-10-19 10:28:33
3404,6710,Honda,Activa,2015,MH91AB8922,UberBlack,Bike,2,2022-11-24 04:14:48
3405,6716,Honda,Apache,2022,MH58AB1876,UberX,Bike,2,2024-11-25 17:37:39
3406,6717,Piaggio,RE,2015,MH45AB2744,UberBlack,Auto,6,2023-04-26 02:51:03
3407,6718,TVS,Apache,2022,MH49AB9164,UberX,Bike,2,2024-08-14 10:13:17
3408,6720,Hyundai,Ertiga,2018,MH57AB8680,UberX,Car,4,2023-12-20 06:35:35
3409,6723,TVS,RE,2016,MH95AB7988,UberBlack,Auto,3,2023-11-07 09:35:44
3410,6729,Hyundai,Dzire,2016,MH95AB8924,UberPool,Car,1,2025-07-09 21:58:16
3411,6730,Hero,Activa,2018,MH70AB1303,UberX,Bike,2,2023-07-08 14:34:50
3412,6732,Bajaj,Ape,2020,MH89AB7518,UberBlack,Auto,5,2022-10-10 00:19:08
3413,6734,TVS,King,2015,MH89AB6873,UberX,Auto,5,2024-07-29 07:17:12
3414,6735,Hyundai,Ertiga,2020,MH14AB6736,UberPool,Car,5,2023-01-24 22:45:08
3415,6740,Honda,Swift,2023,MH44AB8322,UberBlack,Car,2,2023-11-16 05:15:57
3416,6741,Royal Enfield,Activa,2015,MH60AB4366,UberBlack,Bike,2,2025-04-09 18:14:12
3417,6742,Piaggio,Ape,2017,MH46AB2260,UberPool,Auto,6,2022-12-11 08:29:45
3418,6743,Maruti,i20,2020,MH44AB1577,UberBlack,Car,6,2024-06-30 19:02:09
3419,6746,Piaggio,King,2017,MH72AB9401,UberBlack,Auto,5,2023-11-21 20:05:31
3420,6748,Honda,i20,2015,MH60AB9229,UberX,Car,1,2024-09-19 08:00:43
3421,6749,Toyota,Ertiga,2016,MH68AB6443,UberBlack,Car,2,2025-04-16 05:56:10
3422,6750,Bajaj,RE,2018,MH40AB2332,UberX,Auto,3,2023-01-16 23:32:57
3423,6751,Royal Enfield,Classic 350,2017,MH54AB1037,UberBlack,Bike,2,2024-02-24 03:13:31
3424,6752,Bajaj,Ape,2020,MH64AB3019,UberPool,Auto,2,2024-07-21 11:26:57
3425,6753,TVS,Ape,2016,MH43AB2506,UberX,Auto,3,2023-10-06 06:14:34
3426,6754,Tata,Ertiga,2022,MH34AB3358,UberX,Car,3,2025-02-01 15:49:15
3427,6755,TVS,RE,2022,MH42AB3947,UberX,Auto,6,2025-02-11 10:13:48
3428,6756,Bajaj,Splendor,2019,MH33AB1568,UberPool,Bike,2,2024-04-16 19:27:48
3429,6757,Bajaj,King,2019,MH24AB7055,UberBlack,Auto,5,2023-09-20 18:51:12
3430,6758,Hero,Activa,2019,MH28AB6609,UberX,Bike,2,2024-07-19 17:01:49
3431,6765,TVS,Ape,2017,MH94AB6406,UberX,Auto,6,2023-04-18 05:53:11
3432,6769,Honda,Innova,2020,MH98AB9968,UberPool,Car,4,2023-07-08 21:15:52
3433,6771,Piaggio,Ape,2018,MH60AB5839,UberBlack,Auto,2,2024-06-09 18:07:26
3434,6774,Bajaj,Classic 350,2020,MH68AB3440,UberX,Bike,2,2024-04-05 04:19:43
3435,6776,Piaggio,Ape,2016,MH64AB2170,UberX,Auto,5,2022-12-12 06:40:42
3436,6779,Maruti,Dzire,2020,MH23AB2670,UberBlack,Car,6,2022-11-30 17:18:21
3437,6780,Toyota,Ertiga,2018,MH16AB2751,UberX,Car,4,2024-07-19 18:25:53
3438,6781,Bajaj,Apache,2015,MH32AB5262,UberPool,Bike,2,2024-04-20 10:36:30
3439,6785,TVS,Ape,2019,MH23AB3793,UberX,Auto,2,2022-11-25 02:28:18
3440,6786,Bajaj,RE,2018,MH31AB1546,UberBlack,Auto,4,2023-10-01 01:58:25
3441,6787,Honda,Innova,2022,MH17AB5987,UberX,Car,5,2024-09-10 08:11:00
3442,6789,Toyota,WagonR,2015,MH77AB6787,UberBlack,Car,4,2022-08-28 13:59:38
3443,6790,Bajaj,King,2017,MH25AB4689,UberX,Auto,4,2023-04-23 04:41:44
3444,6791,Piaggio,RE,2017,MH58AB1886,UberBlack,Auto,1,2024-06-28 02:05:36
3445,6797,Piaggio,RE,2022,MH18AB7101,UberX,Auto,5,2025-03-09 03:20:31
3446,6799,Maruti,WagonR,2023,MH48AB5422,UberBlack,Car,5,2025-06-27 20:27:49
3447,6800,Piaggio,RE,2023,MH10AB4233,UberPool,Auto,6,2025-06-15 20:01:55
3448,6801,Royal Enfield,Pulsar,2023,MH25AB2568,UberX,Bike,2,2023-09-12 16:30:38
3449,6802,Tata,Swift,2019,MH83AB5367,UberPool,Car,2,2025-04-28 15:29:12
3450,6803,TVS,Apache,2019,MH13AB8202,UberPool,Bike,2,2022-11-09 23:08:33
3451,6806,Maruti,Innova,2018,MH55AB6274,UberBlack,Car,5,2023-09-05 01:10:18
3452,6809,Bajaj,RE,2019,MH80AB2656,UberBlack,Auto,1,2025-02-04 13:36:41
3453,6814,Bajaj,Ape,2023,MH32AB4806,UberBlack,Auto,3,2024-10-28 04:08:06
3454,6815,Toyota,Ertiga,2023,MH45AB9063,UberPool,Car,5,2025-06-01 07:11:50
3455,6816,Bajaj,King,2023,MH72AB6801,UberX,Auto,4,2024-03-30 06:03:20
3456,6819,Hyundai,WagonR,2019,MH22AB6261,UberX,Car,2,2022-11-24 11:20:38
3457,6821,Bajaj,King,2015,MH58AB7733,UberPool,Auto,6,2023-01-05 00:55:54
3458,6823,Hero,Classic 350,2018,MH39AB2484,UberX,Bike,2,2023-01-13 20:00:34
3459,6825,Bajaj,Ape,2021,MH99AB2528,UberX,Auto,5,2024-06-30 10:34:58
3460,6826,TVS,Pulsar,2015,MH86AB5012,UberPool,Bike,2,2023-04-23 21:33:07
3461,6829,Maruti,Dzire,2019,MH97AB1935,UberX,Car,4,2023-09-24 05:19:35
3462,6832,Honda,Splendor,2022,MH11AB4521,UberPool,Bike,2,2024-07-04 10:08:41
3463,6834,Piaggio,Ape,2018,MH13AB7785,UberX,Auto,5,2025-06-26 17:23:56
3464,6836,Bajaj,RE,2015,MH46AB7079,UberBlack,Auto,2,2024-12-08 16:27:02
3465,6838,Tata,Dzire,2016,MH60AB3990,UberPool,Car,4,2025-03-19 13:03:08
3466,6847,TVS,RE,2019,MH65AB5423,UberPool,Auto,2,2023-02-09 14:54:58
3467,6848,Hyundai,Innova,2015,MH64AB6381,UberX,Car,5,2023-09-06 17:08:15
3468,6849,Piaggio,RE,2020,MH38AB7301,UberPool,Auto,5,2025-06-03 01:00:40
3469,6851,Bajaj,RE,2015,MH67AB3603,UberBlack,Auto,6,2024-05-14 13:36:15
3470,6852,Honda,Innova,2022,MH80AB1371,UberX,Car,3,2024-01-31 18:22:07
3471,6854,Piaggio,King,2015,MH78AB2617,UberBlack,Auto,5,2023-08-12 20:14:51
3472,6857,Honda,Apache,2019,MH51AB8134,UberPool,Bike,2,2023-10-05 07:55:23
3473,6858,TVS,Ape,2023,MH20AB8327,UberPool,Auto,3,2024-03-16 20:44:51
3474,6859,Maruti,Innova,2019,MH17AB6923,UberX,Car,3,2022-12-09 20:45:08
3475,6861,Piaggio,King,2021,MH71AB5597,UberX,Auto,5,2025-04-01 09:48:08
3476,6865,Maruti,Swift,2021,MH92AB9166,UberPool,Car,5,2025-04-27 00:45:54
3477,6866,Piaggio,Ape,2018,MH14AB1393,UberX,Auto,2,2023-04-29 13:49:21
3478,6867,Hero,Apache,2015,MH54AB9828,UberX,Bike,2,2023-08-29 07:39:20
3479,6868,Royal Enfield,Splendor,2016,MH42AB5452,UberPool,Bike,2,2022-09-28 02:15:01
3480,6869,TVS,Activa,2019,MH10AB1803,UberX,Bike,2,2022-08-09 05:54:02
3481,6870,Hyundai,Swift,2015,MH47AB7755,UberPool,Car,3,2022-12-25 06:03:55
3482,6874,Honda,Classic 350,2021,MH77AB4457,UberPool,Bike,2,2023-03-10 07:57:30
3483,6875,Piaggio,King,2020,MH31AB6919,UberPool,Auto,1,2022-10-21 00:08:37
3484,6876,Honda,Activa,2017,MH46AB7493,UberPool,Bike,2,2023-04-02 10:59:59
3485,6877,Hyundai,WagonR,2021,MH17AB2362,UberX,Car,5,2025-01-20 04:27:27
3486,6878,Tata,i20,2020,MH20AB2461,UberBlack,Car,1,2024-09-24 07:49:51
3487,6879,Maruti,WagonR,2020,MH32AB7109,UberX,Car,5,2025-01-30 20:46:59
3488,6880,Bajaj,King,2020,MH87AB1368,UberPool,Auto,2,2025-04-19 11:03:08
3489,6882,Hyundai,Swift,2022,MH19AB9147,UberPool,Car,1,2024-01-31 20:21:36
3490,6884,TVS,Ape,2019,MH71AB8933,UberBlack,Auto,6,2024-02-12 15:35:39
3491,6885,Bajaj,Splendor,2015,MH98AB4747,UberX,Bike,2,2023-11-26 23:52:17
3492,6890,Bajaj,RE,2022,MH61AB8730,UberX,Auto,2,2024-10-29 05:16:44
3493,6891,TVS,Classic 350,2016,MH62AB9354,UberPool,Bike,2,2023-02-10 04:13:48
3494,6893,TVS,Classic 350,2021,MH46AB6987,UberBlack,Bike,2,2024-07-20 10:54:06
3495,6899,Piaggio,RE,2019,MH97AB6051,UberX,Auto,6,2023-05-05 05:00:31
3496,6901,Bajaj,RE,2023,MH18AB2442,UberX,Auto,4,2024-04-25 17:42:38
3497,6902,Bajaj,King,2019,MH73AB3574,UberBlack,Auto,4,2024-08-14 21:04:03
3498,6903,Piaggio,King,2016,MH44AB5904,UberBlack,Auto,5,2025-07-11 10:20:33
3499,6904,Hero,Splendor,2019,MH59AB6566,UberBlack,Bike,2,2023-07-23 14:31:41
3500,6905,Royal Enfield,Pulsar,2017,MH92AB5738,UberBlack,Bike,2,2022-11-23 00:00:12
3501,6910,Piaggio,King,2023,MH12AB8808,UberX,Auto,4,2025-06-05 07:50:54
3502,6911,Royal Enfield,Classic 350,2019,MH83AB8700,UberX,Bike,2,2023-03-16 02:00:58
3503,6916,Honda,Splendor,2020,MH41AB5492,UberX,Bike,2,2025-01-10 07:29:16
3504,6917,Hero,Activa,2016,MH78AB8447,UberX,Bike,2,2023-06-22 03:04:09
3505,6919,Bajaj,Activa,2022,MH49AB8234,UberPool,Bike,2,2023-10-20 07:58:44
3506,6922,Royal Enfield,Classic 350,2021,MH17AB2337,UberBlack,Bike,2,2022-10-11 01:50:54
3507,6926,Honda,Dzire,2020,MH30AB7234,UberPool,Car,2,2023-09-02 18:13:55
3508,6928,Honda,Activa,2018,MH24AB8345,UberPool,Bike,2,2024-07-12 06:49:28
3509,6930,TVS,RE,2023,MH55AB7888,UberPool,Auto,3,2023-04-18 16:45:32
3510,6931,Bajaj,RE,2020,MH93AB8144,UberBlack,Auto,2,2022-12-28 02:23:22
3511,6932,Piaggio,Ape,2021,MH72AB1760,UberBlack,Auto,3,2022-11-26 01:19:46
3512,6934,Royal Enfield,Classic 350,2022,MH24AB5451,UberX,Bike,2,2024-08-03 00:11:38
3513,6936,Royal Enfield,Classic 350,2015,MH27AB6983,UberBlack,Bike,2,2023-09-01 14:22:02
3514,6938,Maruti,Innova,2020,MH46AB5195,UberBlack,Car,3,2024-03-03 14:01:51
3515,6939,Honda,Ertiga,2023,MH51AB8508,UberPool,Car,2,2025-04-15 12:56:10
3516,6940,Royal Enfield,Pulsar,2022,MH43AB5376,UberBlack,Bike,2,2025-05-19 07:26:25
3517,6941,TVS,King,2020,MH53AB8756,UberPool,Auto,6,2024-05-25 20:12:37
3518,6946,Bajaj,Pulsar,2020,MH98AB5448,UberX,Bike,2,2022-11-06 19:02:11
3519,6947,Hyundai,Swift,2020,MH37AB1161,UberBlack,Car,4,2023-03-18 10:38:31
3520,6948,Tata,Ertiga,2022,MH26AB9650,UberBlack,Car,6,2024-05-09 17:19:55
3521,6949,Bajaj,King,2021,MH83AB6357,UberBlack,Auto,5,2024-08-08 00:00:55
3522,6950,TVS,RE,2023,MH84AB5467,UberX,Auto,6,2022-11-16 23:49:58
3523,6951,TVS,King,2015,MH40AB7713,UberPool,Auto,5,2023-11-30 11:26:20
3524,6952,Bajaj,Ape,2017,MH69AB8129,UberBlack,Auto,3,2022-09-28 19:03:57
3525,6953,Honda,Pulsar,2019,MH35AB6904,UberX,Bike,2,2024-04-19 07:11:57
3526,6955,Tata,i20,2021,MH23AB8083,UberPool,Car,2,2023-03-25 16:39:49
3527,6967,Royal Enfield,Classic 350,2023,MH42AB3286,UberPool,Bike,2,2022-09-12 08:06:51
3528,6973,Hero,Classic 350,2019,MH82AB2058,UberBlack,Bike,2,2025-03-23 03:36:13
3529,6976,Tata,Dzire,2021,MH84AB6466,UberX,Car,6,2024-03-25 14:21:33
3530,6980,Bajaj,Apache,2017,MH54AB1591,UberX,Bike,2,2025-04-07 08:23:03
3531,6985,Honda,Splendor,2020,MH64AB8805,UberBlack,Bike,2,2023-06-16 06:57:37
3532,6990,Tata,i20,2023,MH28AB4410,UberX,Car,4,2022-11-11 13:14:44
3533,6991,Bajaj,RE,2023,MH18AB4222,UberX,Auto,6,2024-06-21 15:58:00
3534,6992,Honda,Splendor,2017,MH36AB8869,UberPool,Bike,2,2025-06-18 11:21:33
3535,6993,Toyota,WagonR,2017,MH45AB5610,UberX,Car,5,2024-12-13 20:44:03
3536,6994,Maruti,Ertiga,2021,MH96AB6774,UberBlack,Car,5,2024-03-18 20:24:44
3537,6995,Maruti,Ertiga,2017,MH83AB5923,UberPool,Car,3,2023-09-03 03:15:23
3538,6997,Toyota,Swift,2016,MH79AB3550,UberBlack,Car,4,2024-12-09 22:32:29
3539,7000,Bajaj,King,2021,MH55AB6716,UberX,Auto,1,2025-02-24 06:37:35
3540,7001,Bajaj,RE,2018,MH39AB1975,UberPool,Auto,5,2024-07-04 20:06:04
3541,7002,Royal Enfield,Classic 350,2019,MH29AB4552,UberBlack,Bike,2,2023-01-02 12:12:55
3542,7004,Bajaj,Activa,2018,MH71AB6853,UberBlack,Bike,2,2023-09-01 10:40:26
3543,7006,TVS,RE,2023,MH74AB5913,UberPool,Auto,2,2023-08-28 10:01:45
3544,7007,Royal Enfield,Pulsar,2019,MH90AB6316,UberX,Bike,2,2025-02-21 23:34:36
3545,7008,Bajaj,RE,2017,MH67AB8780,UberX,Auto,6,2024-06-11 17:39:15
3546,7009,Tata,i20,2018,MH19AB7570,UberX,Car,3,2024-05-06 16:47:00
3547,7010,Hyundai,Innova,2018,MH30AB7955,UberPool,Car,5,2025-04-09 02:56:35
3548,7013,Bajaj,King,2019,MH96AB9372,UberX,Auto,6,2025-04-27 18:15:18
3549,7014,Bajaj,Classic 350,2023,MH69AB8985,UberBlack,Bike,2,2025-04-20 23:05:11
3550,7015,Honda,Ertiga,2023,MH82AB5397,UberBlack,Car,1,2022-10-04 18:53:21
3551,7016,Honda,WagonR,2022,MH31AB9297,UberPool,Car,4,2022-08-09 01:12:20
3552,7017,Royal Enfield,Activa,2021,MH88AB2367,UberX,Bike,2,2025-01-17 17:15:20
3553,7019,Hero,Classic 350,2021,MH31AB7179,UberBlack,Bike,2,2024-10-11 16:28:29
3554,7021,TVS,Pulsar,2019,MH22AB6189,UberPool,Bike,2,2024-04-02 12:40:40
3555,7022,Maruti,Ertiga,2023,MH16AB3305,UberX,Car,3,2024-07-05 20:46:40
3556,7027,Hyundai,Swift,2015,MH68AB2675,UberBlack,Car,1,2024-11-15 23:37:37
3557,7029,Honda,Innova,2018,MH98AB5071,UberPool,Car,1,2022-08-05 17:53:05
3558,7031,Tata,Innova,2022,MH77AB2633,UberPool,Car,5,2025-06-16 06:50:37
3559,7032,Bajaj,Apache,2020,MH13AB2293,UberBlack,Bike,2,2022-09-05 04:34:52
3560,7033,Hyundai,Dzire,2016,MH94AB2301,UberX,Car,1,2022-09-19 22:22:09
3561,7035,TVS,Ape,2019,MH57AB7482,UberPool,Auto,2,2022-11-16 06:17:48
3562,7036,Toyota,WagonR,2015,MH98AB1758,UberBlack,Car,6,2023-08-17 03:35:13
3563,7037,Bajaj,Ape,2022,MH45AB4122,UberX,Auto,4,2023-06-14 05:23:15
3564,7038,Royal Enfield,Splendor,2022,MH39AB1111,UberX,Bike,2,2022-10-05 08:57:57
3565,7040,Tata,Dzire,2022,MH37AB4867,UberBlack,Car,4,2023-05-29 11:40:06
3566,7041,Piaggio,RE,2016,MH10AB2600,UberBlack,Auto,3,2023-10-29 21:57:39
3567,7043,Bajaj,King,2017,MH19AB3589,UberX,Auto,6,2025-03-16 00:24:21
3568,7044,TVS,RE,2015,MH63AB2267,UberX,Auto,5,2022-08-27 07:41:03
3569,7047,TVS,Apache,2021,MH61AB1868,UberX,Bike,2,2023-05-09 01:59:27
3570,7050,TVS,RE,2019,MH41AB6593,UberBlack,Auto,6,2024-02-11 17:34:19
3571,7051,Hyundai,WagonR,2016,MH18AB1506,UberX,Car,3,2024-08-21 01:05:21
3572,7052,Hero,Splendor,2020,MH41AB2147,UberBlack,Bike,2,2024-01-09 15:23:26
3573,7053,Honda,Innova,2021,MH17AB3475,UberPool,Car,4,2022-12-19 07:45:23
3574,7055,Bajaj,Ape,2019,MH73AB8941,UberBlack,Auto,4,2022-11-05 10:59:13
3575,7057,Hero,Apache,2019,MH74AB6444,UberPool,Bike,2,2024-12-21 03:34:46
3576,7058,Hyundai,WagonR,2020,MH11AB5478,UberX,Car,2,2025-05-07 13:19:32
3577,7059,Royal Enfield,Apache,2015,MH59AB5316,UberBlack,Bike,2,2022-12-07 18:46:56
3578,7060,Piaggio,Ape,2021,MH24AB9061,UberPool,Auto,3,2025-01-30 04:59:22
3579,7061,Honda,Dzire,2022,MH73AB2791,UberX,Car,3,2025-05-18 07:34:00
3580,7065,Piaggio,RE,2021,MH17AB7047,UberBlack,Auto,1,2023-06-29 05:13:56
3581,7066,Honda,WagonR,2020,MH55AB9029,UberX,Car,5,2025-03-06 17:21:04
3582,7067,Tata,WagonR,2023,MH58AB6342,UberX,Car,3,2022-10-24 07:59:53
3583,7071,TVS,Splendor,2019,MH45AB3251,UberBlack,Bike,2,2023-02-12 13:48:50
3584,7072,Bajaj,Classic 350,2022,MH90AB1307,UberBlack,Bike,2,2025-06-11 16:56:08
3585,7073,Bajaj,Ape,2020,MH15AB2061,UberPool,Auto,1,2024-01-23 22:40:50
3586,7079,Tata,Ertiga,2023,MH94AB7800,UberX,Car,4,2023-11-24 08:49:13
3587,7081,TVS,Ape,2022,MH15AB5805,UberX,Auto,3,2022-09-10 06:09:20
3588,7082,Tata,Ertiga,2023,MH24AB5830,UberX,Car,1,2023-12-10 16:32:50
3589,7086,Royal Enfield,Activa,2016,MH66AB1173,UberX,Bike,2,2024-04-14 23:56:11
3590,7087,Honda,Splendor,2019,MH38AB7978,UberPool,Bike,2,2023-04-26 00:17:35
3591,7089,TVS,RE,2018,MH86AB8659,UberPool,Auto,4,2024-05-01 22:32:31
3592,7092,Bajaj,Ape,2015,MH50AB5121,UberX,Auto,4,2024-12-29 05:36:07
3593,7093,Hyundai,Swift,2015,MH73AB8084,UberX,Car,1,2025-06-01 19:18:15
3594,7095,TVS,King,2016,MH78AB1097,UberX,Auto,4,2023-12-27 04:10:17
3595,7097,Honda,Apache,2017,MH74AB5652,UberPool,Bike,2,2025-02-08 01:12:47
3596,7099,Royal Enfield,Classic 350,2016,MH77AB8010,UberPool,Bike,2,2024-03-07 20:50:16
3597,7101,Hero,Classic 350,2021,MH72AB3150,UberBlack,Bike,2,2023-01-09 22:13:33
3598,7106,Honda,Ertiga,2017,MH32AB4810,UberPool,Car,5,2025-01-05 20:11:20
3599,7108,Hyundai,Dzire,2015,MH91AB3474,UberX,Car,3,2024-09-02 18:52:52
3600,7110,Tata,Dzire,2020,MH89AB8950,UberBlack,Car,2,2023-12-27 07:10:33
3601,7113,Tata,WagonR,2019,MH98AB1891,UberBlack,Car,6,2023-06-20 01:36:32
3602,7116,Bajaj,RE,2015,MH54AB5384,UberPool,Auto,6,2025-02-27 06:50:15
3603,7121,Royal Enfield,Activa,2023,MH79AB1479,UberX,Bike,2,2024-11-23 11:12:33
3604,7123,Toyota,Innova,2021,MH26AB1996,UberBlack,Car,2,2025-01-01 09:41:08
3605,7124,Hero,Splendor,2023,MH79AB1627,UberX,Bike,2,2024-01-29 07:50:02
3606,7126,Royal Enfield,Splendor,2016,MH61AB3759,UberBlack,Bike,2,2023-11-04 17:36:44
3607,7129,Tata,Ertiga,2018,MH68AB2020,UberX,Car,3,2024-07-04 08:27:46
3608,7138,Honda,Apache,2016,MH50AB3019,UberPool,Bike,2,2024-05-16 02:37:34
3609,7139,Royal Enfield,Splendor,2021,MH62AB3485,UberBlack,Bike,2,2025-02-23 07:33:08
3610,7141,TVS,Activa,2021,MH34AB7320,UberX,Bike,2,2025-04-26 16:02:55
3611,7147,Hyundai,Dzire,2021,MH75AB8998,UberX,Car,2,2022-08-19 12:06:49
3612,7148,Honda,Dzire,2017,MH51AB5520,UberPool,Car,1,2025-01-18 11:46:09
3613,7149,Bajaj,King,2019,MH12AB8195,UberBlack,Auto,4,2023-09-24 18:24:01
3614,7153,Honda,WagonR,2016,MH78AB4278,UberBlack,Car,3,2022-12-27 05:07:41
3615,7154,Maruti,Swift,2015,MH65AB7381,UberPool,Car,5,2024-01-10 21:41:03
3616,7155,Honda,Apache,2018,MH82AB4791,UberX,Bike,2,2024-10-19 21:22:02
3617,7157,Hyundai,WagonR,2015,MH38AB6131,UberBlack,Car,6,2024-03-23 23:57:58
3618,7159,Hero,Activa,2022,MH14AB7288,UberPool,Bike,2,2023-07-18 05:33:25
3619,7161,Piaggio,RE,2022,MH57AB1087,UberPool,Auto,3,2023-01-14 23:17:49
3620,7162,Honda,Splendor,2020,MH80AB4974,UberX,Bike,2,2025-01-18 01:41:01
3621,7163,Royal Enfield,Splendor,2017,MH72AB9679,UberBlack,Bike,2,2024-02-28 10:46:05
3622,7168,Toyota,WagonR,2021,MH43AB7034,UberX,Car,2,2025-01-09 04:06:51
3623,7169,Maruti,Innova,2015,MH25AB9936,UberPool,Car,4,2022-10-20 20:43:24
3624,7170,TVS,Classic 350,2018,MH79AB9322,UberX,Bike,2,2023-08-21 14:43:53
3625,7172,TVS,RE,2022,MH49AB1399,UberPool,Auto,2,2024-01-17 15:17:58
3626,7177,Bajaj,Ape,2020,MH10AB8281,UberX,Auto,3,2024-09-15 03:48:07
3627,7178,Bajaj,Pulsar,2015,MH57AB3294,UberBlack,Bike,2,2025-07-09 19:01:15
3628,7180,Hero,Apache,2020,MH17AB2918,UberX,Bike,2,2025-01-26 04:15:22
3629,7181,Bajaj,Apache,2022,MH20AB2505,UberPool,Bike,2,2022-11-05 09:57:20
3630,7185,Piaggio,King,2020,MH11AB6921,UberX,Auto,2,2024-04-28 02:32:49
3631,7186,Piaggio,Ape,2016,MH77AB5378,UberX,Auto,5,2023-05-12 18:38:07
3632,7187,Hyundai,Ertiga,2016,MH47AB2668,UberX,Car,1,2025-05-31 00:54:04
3633,7191,Bajaj,King,2019,MH90AB1683,UberPool,Auto,6,2023-04-07 18:52:56
3634,7193,Hero,Apache,2021,MH84AB4487,UberX,Bike,2,2023-09-24 09:17:05
3635,7194,Tata,WagonR,2017,MH58AB5345,UberPool,Car,2,2024-12-02 07:16:56
3636,7197,TVS,Ape,2018,MH15AB3471,UberBlack,Auto,3,2022-12-04 08:44:53
3637,7199,Toyota,i20,2015,MH58AB1839,UberPool,Car,4,2023-08-10 11:34:33
3638,7202,Tata,Swift,2022,MH20AB3436,UberPool,Car,1,2025-01-15 15:10:14
3639,7203,Tata,Dzire,2019,MH88AB2418,UberX,Car,6,2025-07-07 18:35:06
3640,7205,Honda,Splendor,2018,MH65AB7379,UberBlack,Bike,2,2023-02-28 05:46:14
3641,7208,Bajaj,Classic 350,2019,MH36AB8004,UberPool,Bike,2,2025-01-31 13:36:11
3642,7210,Piaggio,RE,2016,MH94AB6017,UberBlack,Auto,3,2025-06-06 20:36:40
3643,7211,Piaggio,King,2020,MH63AB2922,UberPool,Auto,1,2023-09-12 23:57:20
3644,7214,Piaggio,King,2016,MH47AB7250,UberBlack,Auto,2,2023-05-21 04:50:46
3645,7215,Bajaj,Ape,2022,MH89AB8846,UberPool,Auto,2,2024-10-19 02:04:11
3646,7216,Maruti,Dzire,2018,MH11AB5607,UberX,Car,2,2024-08-21 06:09:01
3647,7217,Toyota,Ertiga,2023,MH77AB4920,UberX,Car,6,2023-02-19 15:20:54
3648,7220,TVS,RE,2017,MH51AB1443,UberBlack,Auto,6,2024-09-06 20:43:41
3649,7221,Piaggio,RE,2022,MH12AB5235,UberX,Auto,1,2024-05-15 02:30:11
3650,7223,Bajaj,Activa,2021,MH58AB8024,UberBlack,Bike,2,2023-12-17 17:47:09
3651,7224,Royal Enfield,Splendor,2022,MH93AB3503,UberPool,Bike,2,2022-11-21 00:37:33
3652,7225,Toyota,WagonR,2020,MH71AB9294,UberBlack,Car,4,2025-07-23 18:53:14
3653,7227,Bajaj,Classic 350,2023,MH13AB6847,UberX,Bike,2,2023-02-05 12:40:53
3654,7229,Bajaj,Activa,2015,MH81AB9615,UberX,Bike,2,2023-11-14 23:56:32
3655,7231,Toyota,Swift,2022,MH13AB2529,UberBlack,Car,5,2022-09-28 08:41:47
3656,7232,Bajaj,King,2022,MH73AB1825,UberBlack,Auto,6,2023-04-12 01:58:16
3657,7233,TVS,Splendor,2023,MH98AB7490,UberX,Bike,2,2022-10-09 17:38:52
3658,7234,Maruti,i20,2023,MH94AB7783,UberX,Car,4,2022-09-02 09:21:01
3659,7235,Honda,Pulsar,2023,MH93AB2114,UberPool,Bike,2,2024-09-17 05:55:24
3660,7236,Piaggio,King,2015,MH11AB7199,UberPool,Auto,5,2025-05-20 09:11:17
3661,7237,Piaggio,RE,2017,MH72AB1769,UberPool,Auto,6,2025-07-18 15:33:12
3662,7238,Hyundai,Dzire,2023,MH96AB5362,UberPool,Car,3,2023-05-24 15:43:37
3663,7239,Bajaj,King,2023,MH19AB8366,UberBlack,Auto,2,2023-02-03 17:59:41
3664,7241,Hyundai,Swift,2022,MH87AB8255,UberX,Car,2,2025-04-11 19:40:46
3665,7243,Maruti,i20,2015,MH77AB4475,UberPool,Car,5,2022-09-11 12:00:15
3666,7246,Bajaj,Ape,2023,MH54AB5234,UberPool,Auto,5,2024-03-22 00:21:31
3667,7247,Honda,Activa,2015,MH44AB9748,UberX,Bike,2,2025-06-08 22:52:16
3668,7252,Hyundai,WagonR,2020,MH79AB7179,UberBlack,Car,4,2024-02-22 14:02:57
3669,7254,Piaggio,RE,2021,MH17AB3994,UberX,Auto,2,2023-04-17 06:30:01
3670,7255,Honda,Ertiga,2015,MH64AB7922,UberBlack,Car,6,2024-03-14 03:34:49
3671,7256,TVS,Splendor,2020,MH91AB8807,UberBlack,Bike,2,2024-08-21 00:02:40
3672,7257,TVS,RE,2015,MH77AB9170,UberBlack,Auto,5,2024-09-02 19:53:46
3673,7259,Toyota,WagonR,2023,MH32AB6479,UberBlack,Car,2,2024-04-24 02:51:06
3674,7263,Hero,Pulsar,2021,MH77AB9642,UberPool,Bike,2,2024-07-18 04:11:57
3675,7264,Hyundai,Swift,2020,MH50AB8972,UberBlack,Car,6,2024-05-31 05:02:53
3676,7272,Toyota,Ertiga,2022,MH35AB2275,UberPool,Car,2,2023-08-12 14:42:19
3677,7273,Tata,Ertiga,2020,MH59AB3253,UberPool,Car,4,2025-01-13 12:03:17
3678,7274,Piaggio,King,2019,MH41AB4217,UberX,Auto,4,2023-01-31 19:37:53
3679,7275,Bajaj,King,2018,MH14AB6764,UberBlack,Auto,5,2024-07-25 03:11:31
3680,7276,Royal Enfield,Classic 350,2017,MH14AB9648,UberPool,Bike,2,2022-11-25 18:25:26
3681,7278,Tata,i20,2019,MH61AB5146,UberX,Car,1,2022-09-18 15:58:16
3682,7279,Royal Enfield,Classic 350,2019,MH62AB7327,UberX,Bike,2,2023-10-28 17:11:43
3683,7282,Honda,i20,2022,MH75AB6187,UberPool,Car,3,2025-06-24 14:31:11
3684,7284,Bajaj,King,2020,MH94AB5926,UberX,Auto,3,2023-08-23 07:40:12
3685,7286,Honda,Classic 350,2021,MH68AB3859,UberBlack,Bike,2,2023-09-02 04:03:57
3686,7290,Honda,i20,2015,MH69AB3654,UberX,Car,6,2022-11-14 12:16:45
3687,7293,Royal Enfield,Activa,2019,MH15AB8101,UberBlack,Bike,2,2022-09-26 13:53:51
3688,7294,Maruti,Innova,2019,MH23AB4730,UberBlack,Car,2,2024-04-15 01:10:03
3689,7295,Bajaj,Activa,2021,MH95AB9807,UberBlack,Bike,2,2023-02-25 06:01:33
3690,7296,Toyota,i20,2017,MH35AB9788,UberBlack,Car,5,2024-09-27 21:52:44
3691,7297,TVS,RE,2017,MH55AB5143,UberPool,Auto,6,2024-04-15 13:50:53
3692,7298,Piaggio,King,2017,MH82AB7754,UberPool,Auto,1,2025-07-23 03:36:50
3693,7301,Toyota,Innova,2021,MH57AB9146,UberPool,Car,6,2023-08-30 22:48:09
3694,7303,Bajaj,Ape,2019,MH35AB9038,UberBlack,Auto,1,2024-09-18 07:39:16
3695,7304,TVS,Ape,2017,MH62AB3386,UberPool,Auto,2,2025-04-08 03:09:47
3696,7307,TVS,RE,2021,MH14AB1856,UberBlack,Auto,1,2025-03-01 02:16:25
3697,7308,Tata,WagonR,2019,MH59AB1595,UberBlack,Car,4,2023-05-09 17:11:22
3698,7310,Hyundai,i20,2015,MH82AB2369,UberX,Car,1,2023-06-12 18:32:12
3699,7311,Bajaj,King,2021,MH55AB6293,UberPool,Auto,3,2022-12-16 11:22:10
3700,7314,Bajaj,Splendor,2015,MH22AB8775,UberBlack,Bike,2,2024-08-17 17:16:59
3701,7316,Royal Enfield,Pulsar,2022,MH48AB3560,UberX,Bike,2,2024-03-24 21:52:24
3702,7317,TVS,RE,2017,MH53AB9297,UberPool,Auto,6,2022-12-09 06:03:32
3703,7318,Maruti,WagonR,2018,MH30AB2785,UberPool,Car,4,2025-06-23 12:20:55
3704,7320,Royal Enfield,Activa,2016,MH15AB8330,UberX,Bike,2,2023-01-05 07:59:02
3705,7321,Piaggio,Ape,2021,MH18AB2932,UberPool,Auto,1,2023-09-20 21:30:02
3706,7325,Hyundai,Swift,2017,MH55AB1549,UberX,Car,4,2024-06-19 16:05:04
3707,7326,Bajaj,Pulsar,2022,MH63AB5214,UberX,Bike,2,2025-04-16 08:59:29
3708,7327,Honda,Apache,2021,MH53AB3296,UberPool,Bike,2,2024-10-18 13:32:45
3709,7329,Piaggio,King,2015,MH50AB4153,UberPool,Auto,4,2024-10-12 16:38:22
3710,7330,TVS,Splendor,2016,MH62AB1243,UberX,Bike,2,2023-02-21 15:08:02
3711,7331,TVS,Ape,2020,MH34AB9806,UberBlack,Auto,4,2023-11-22 08:07:05
3712,7333,TVS,Activa,2023,MH73AB6184,UberBlack,Bike,2,2023-09-09 01:30:11
3713,7334,Bajaj,RE,2019,MH18AB6640,UberPool,Auto,2,2024-11-22 19:55:58
3714,7339,Piaggio,RE,2018,MH16AB2621,UberPool,Auto,3,2023-01-08 22:54:47
3715,7340,Bajaj,RE,2018,MH90AB3193,UberBlack,Auto,4,2023-12-26 02:19:22
3716,7341,TVS,Apache,2019,MH39AB4733,UberBlack,Bike,2,2024-06-09 03:53:56
3717,7343,Honda,Ertiga,2019,MH54AB8480,UberBlack,Car,4,2023-10-12 06:09:42
3718,7346,TVS,Splendor,2019,MH70AB8445,UberX,Bike,2,2023-02-26 20:03:08
3719,7347,Royal Enfield,Apache,2022,MH29AB9354,UberX,Bike,2,2024-04-16 01:00:09
3720,7348,TVS,RE,2015,MH62AB8383,UberBlack,Auto,6,2023-11-07 07:52:23
3721,7350,Maruti,Swift,2022,MH81AB5777,UberPool,Car,2,2023-06-09 05:37:03
3722,7355,Piaggio,RE,2018,MH18AB7213,UberBlack,Auto,3,2025-03-20 01:38:43
3723,7356,Maruti,Dzire,2023,MH26AB7941,UberPool,Car,5,2025-06-10 06:08:10
3724,7358,Honda,Classic 350,2015,MH33AB5656,UberBlack,Bike,2,2024-05-29 01:31:47
3725,7362,Bajaj,RE,2020,MH92AB6959,UberPool,Auto,5,2025-03-14 06:14:53
3726,7365,Piaggio,RE,2020,MH77AB5276,UberX,Auto,3,2023-09-30 20:08:47
3727,7367,TVS,King,2020,MH24AB3414,UberX,Auto,3,2024-02-06 02:42:44
3728,7368,Hyundai,Innova,2015,MH69AB1439,UberBlack,Car,1,2025-02-21 12:32:52
3729,7369,Bajaj,Splendor,2018,MH85AB6386,UberBlack,Bike,2,2023-01-21 02:07:26
3730,7371,TVS,RE,2020,MH67AB9845,UberBlack,Auto,6,2024-01-27 15:28:53
3731,7372,TVS,Activa,2015,MH70AB4428,UberBlack,Bike,2,2023-01-28 14:06:34
3732,7374,Bajaj,RE,2023,MH30AB2201,UberBlack,Auto,1,2025-06-09 11:54:43
3733,7375,Toyota,WagonR,2019,MH91AB3493,UberX,Car,6,2022-11-27 17:02:04
3734,7377,Bajaj,King,2019,MH43AB9122,UberBlack,Auto,5,2024-03-18 06:26:07
3735,7383,Bajaj,King,2022,MH16AB8988,UberX,Auto,3,2022-12-17 03:04:00
3736,7384,Tata,Swift,2020,MH92AB1327,UberBlack,Car,4,2023-08-20 22:16:47
3737,7385,Tata,Ertiga,2018,MH33AB8270,UberPool,Car,2,2023-01-10 07:40:48
3738,7386,Bajaj,Pulsar,2021,MH52AB8422,UberX,Bike,2,2023-10-31 08:22:25
3739,7387,Tata,i20,2023,MH16AB5183,UberBlack,Car,4,2024-10-12 19:13:52
3740,7388,Tata,i20,2018,MH66AB9472,UberPool,Car,4,2025-03-25 14:58:01
3741,7390,TVS,RE,2018,MH89AB8121,UberX,Auto,4,2024-06-18 15:50:53
3742,7391,Bajaj,Ape,2019,MH56AB5540,UberPool,Auto,1,2025-07-19 10:25:42
3743,7393,Piaggio,Ape,2018,MH74AB6936,UberPool,Auto,6,2022-11-27 11:08:30
3744,7394,Bajaj,Ape,2017,MH61AB3405,UberBlack,Auto,5,2025-01-09 09:54:22
3745,7396,Maruti,WagonR,2020,MH23AB6172,UberBlack,Car,6,2023-12-30 14:11:13
3746,7398,TVS,RE,2022,MH46AB8312,UberBlack,Auto,6,2024-01-05 15:47:09
3747,7399,Hero,Apache,2020,MH38AB4163,UberX,Bike,2,2023-01-25 21:14:59
3748,7400,Tata,i20,2018,MH19AB4492,UberBlack,Car,3,2023-09-20 04:57:03
3749,7401,TVS,Classic 350,2016,MH88AB7930,UberBlack,Bike,2,2024-03-19 21:26:48
3750,7402,Tata,WagonR,2020,MH90AB1828,UberX,Car,1,2023-05-11 17:28:51
3751,7405,Maruti,Swift,2017,MH73AB9656,UberPool,Car,3,2023-08-23 20:06:25
3752,7406,Piaggio,Ape,2020,MH76AB8603,UberX,Auto,1,2022-09-02 23:39:55
3753,7408,Hero,Pulsar,2020,MH39AB9400,UberBlack,Bike,2,2023-01-31 17:05:59
3754,7410,Tata,Dzire,2016,MH88AB1045,UberPool,Car,2,2025-04-09 04:05:55
3755,7411,Royal Enfield,Activa,2018,MH31AB8662,UberBlack,Bike,2,2023-07-09 14:33:37
3756,7413,Piaggio,RE,2022,MH46AB7304,UberX,Auto,2,2024-09-09 04:23:04
3757,7414,Honda,Activa,2022,MH50AB4185,UberX,Bike,2,2023-01-28 13:44:04
3758,7415,Hyundai,Dzire,2019,MH36AB9831,UberPool,Car,2,2024-12-13 16:30:19
3759,7416,Bajaj,King,2020,MH67AB4159,UberBlack,Auto,1,2025-02-14 12:46:00
3760,7419,TVS,Apache,2019,MH24AB7153,UberBlack,Bike,2,2023-05-30 02:56:29
3761,7421,TVS,Activa,2021,MH32AB5304,UberBlack,Bike,2,2023-03-23 07:57:00
3762,7422,Honda,Innova,2015,MH83AB3311,UberPool,Car,4,2024-07-31 01:46:44
3763,7423,Bajaj,King,2022,MH39AB7783,UberBlack,Auto,3,2024-04-13 07:28:21
3764,7424,Tata,Swift,2020,MH96AB2799,UberBlack,Car,2,2024-05-27 03:58:31
3765,7425,Hero,Splendor,2015,MH34AB2468,UberBlack,Bike,2,2024-03-01 14:45:26
3766,7426,TVS,King,2017,MH12AB8812,UberPool,Auto,5,2023-02-28 06:39:29
3767,7428,Hyundai,Innova,2020,MH63AB8039,UberX,Car,5,2024-05-05 16:41:23
3768,7429,Royal Enfield,Classic 350,2021,MH11AB2511,UberBlack,Bike,2,2024-09-25 06:12:16
3769,7435,Hero,Apache,2018,MH44AB1024,UberX,Bike,2,2024-02-14 15:08:22
3770,7440,Toyota,WagonR,2020,MH53AB8431,UberPool,Car,6,2023-08-25 03:00:22
3771,7441,Royal Enfield,Apache,2021,MH92AB7468,UberPool,Bike,2,2022-08-26 15:47:24
3772,7443,TVS,RE,2017,MH85AB8808,UberPool,Auto,3,2024-06-26 14:40:44
3773,7444,Maruti,Innova,2015,MH65AB9513,UberPool,Car,5,2023-11-07 13:41:48
3774,7446,Toyota,Dzire,2018,MH16AB5865,UberPool,Car,6,2023-11-27 02:00:54
3775,7451,Maruti,Innova,2022,MH91AB1383,UberPool,Car,1,2022-10-15 19:42:11
3776,7455,TVS,Pulsar,2022,MH38AB1207,UberPool,Bike,2,2022-12-31 11:28:31
3777,7460,Hyundai,Dzire,2023,MH86AB1001,UberPool,Car,6,2025-07-14 07:10:17
3778,7461,Bajaj,Ape,2021,MH29AB4316,UberX,Auto,5,2023-10-04 08:59:28
3779,7464,TVS,RE,2020,MH17AB8847,UberX,Auto,1,2023-05-27 16:42:18
3780,7465,Royal Enfield,Splendor,2021,MH87AB1894,UberX,Bike,2,2024-04-19 13:24:03
3781,7466,Royal Enfield,Splendor,2020,MH83AB1960,UberPool,Bike,2,2024-05-23 08:32:58
3782,7468,Maruti,WagonR,2022,MH66AB8057,UberBlack,Car,2,2025-06-04 06:55:37
3783,7469,Honda,i20,2019,MH62AB8260,UberX,Car,5,2023-09-03 14:35:11
3784,7470,TVS,Ape,2015,MH80AB8556,UberPool,Auto,5,2023-09-05 22:22:44
3785,7472,Hero,Pulsar,2017,MH87AB9376,UberX,Bike,2,2024-06-02 09:02:31
3786,7475,Honda,Ertiga,2022,MH79AB9471,UberPool,Car,6,2025-01-06 06:16:45
3787,7476,Royal Enfield,Activa,2023,MH75AB9269,UberX,Bike,2,2022-08-24 03:12:37
3788,7478,Bajaj,Classic 350,2020,MH89AB7607,UberBlack,Bike,2,2023-04-13 20:26:47
3789,7479,TVS,Ape,2021,MH32AB8323,UberPool,Auto,5,2023-10-05 02:51:02
3790,7480,Toyota,Swift,2015,MH82AB8213,UberX,Car,3,2025-04-10 13:15:21
3791,7481,Royal Enfield,Apache,2020,MH12AB2894,UberX,Bike,2,2024-06-01 07:38:21
3792,7482,Tata,WagonR,2017,MH94AB2439,UberX,Car,3,2024-04-18 02:04:14
3793,7484,Royal Enfield,Activa,2016,MH45AB1291,UberBlack,Bike,2,2024-05-17 15:14:15
3794,7485,Honda,Dzire,2019,MH61AB6055,UberBlack,Car,6,2023-10-12 21:06:07
3795,7486,Toyota,WagonR,2016,MH63AB6342,UberX,Car,5,2025-04-05 20:24:55
3796,7487,Bajaj,Pulsar,2016,MH57AB7689,UberBlack,Bike,2,2024-02-08 03:10:29
3797,7488,Tata,i20,2016,MH38AB2935,UberBlack,Car,5,2022-10-16 14:02:02
3798,7489,Hyundai,Swift,2023,MH19AB4953,UberPool,Car,5,2023-02-17 00:35:54
3799,7491,Maruti,Innova,2022,MH86AB1789,UberPool,Car,4,2025-01-13 21:58:28
3800,7493,TVS,King,2019,MH17AB6687,UberBlack,Auto,5,2024-12-27 01:07:05
3801,7494,Hyundai,Swift,2018,MH88AB5177,UberX,Car,4,2024-07-16 21:45:41
3802,7497,Piaggio,RE,2016,MH89AB3630,UberPool,Auto,5,2022-11-30 19:33:43
3803,7503,Bajaj,RE,2023,MH64AB1818,UberBlack,Auto,4,2024-09-29 20:16:55
3804,7506,Bajaj,King,2019,MH20AB8027,UberBlack,Auto,4,2025-01-12 01:34:20
3805,7508,TVS,RE,2016,MH71AB8644,UberBlack,Auto,2,2023-07-24 05:28:44
3806,7512,TVS,RE,2015,MH62AB8680,UberX,Auto,5,2023-08-28 03:21:46
3807,7519,Hyundai,Ertiga,2023,MH54AB3516,UberPool,Car,6,2023-02-15 07:55:30
3808,7530,Hyundai,i20,2022,MH72AB6280,UberBlack,Car,4,2025-02-24 03:05:42
3809,7531,Hyundai,Swift,2015,MH39AB1962,UberX,Car,1,2023-09-13 16:30:03
3810,7536,Hero,Activa,2021,MH21AB8328,UberPool,Bike,2,2024-06-17 16:09:15
3811,7538,Piaggio,Ape,2021,MH32AB3495,UberBlack,Auto,3,2025-05-16 04:33:44
3812,7539,TVS,Ape,2022,MH63AB5324,UberBlack,Auto,1,2023-02-16 13:56:08
3813,7540,TVS,Ape,2020,MH74AB4471,UberX,Auto,3,2023-08-14 07:07:04
3814,7541,Honda,i20,2015,MH20AB1164,UberX,Car,4,2024-01-03 20:00:09
3815,7542,Toyota,Innova,2017,MH28AB8259,UberPool,Car,6,2023-04-18 16:08:39
3816,7543,Hero,Activa,2020,MH83AB6012,UberBlack,Bike,2,2023-09-08 08:56:38
3817,7544,Tata,i20,2017,MH40AB6904,UberBlack,Car,3,2024-10-28 19:52:42
3818,7545,Bajaj,Apache,2019,MH78AB3979,UberX,Bike,2,2024-11-03 11:37:22
3819,7548,Honda,Ertiga,2015,MH25AB2977,UberPool,Car,6,2022-10-16 16:48:15
3820,7550,Royal Enfield,Classic 350,2019,MH22AB7072,UberX,Bike,2,2024-08-16 13:25:11
3821,7551,Honda,i20,2020,MH57AB5070,UberX,Car,2,2025-05-01 07:04:54
3822,7552,TVS,Splendor,2023,MH37AB9109,UberX,Bike,2,2022-12-31 19:49:31
3823,7553,Tata,Innova,2017,MH50AB3451,UberBlack,Car,6,2025-03-12 21:39:27
3824,7558,Toyota,Innova,2018,MH42AB3371,UberX,Car,6,2025-06-21 13:10:50
3825,7561,Honda,Innova,2022,MH83AB8085,UberPool,Car,4,2025-06-12 00:30:20
3826,7562,Honda,Swift,2022,MH35AB4648,UberPool,Car,1,2024-04-21 10:32:14
3827,7563,Tata,Ertiga,2019,MH98AB6336,UberPool,Car,6,2023-07-24 14:11:28
3828,7568,Bajaj,King,2023,MH31AB5794,UberX,Auto,4,2022-12-27 12:18:21
3829,7570,Piaggio,RE,2023,MH58AB4066,UberPool,Auto,6,2023-11-20 05:20:28
3830,7571,Honda,Classic 350,2017,MH83AB4101,UberBlack,Bike,2,2023-03-15 22:29:23
3831,7572,TVS,RE,2021,MH30AB6917,UberBlack,Auto,4,2025-01-03 14:33:26
3832,7573,Bajaj,King,2015,MH77AB1991,UberPool,Auto,3,2022-11-11 11:07:55
3833,7574,Bajaj,Ape,2017,MH63AB3352,UberX,Auto,6,2024-11-05 16:00:18
3834,7575,Bajaj,King,2022,MH57AB1329,UberX,Auto,1,2024-01-06 05:59:29
3835,7579,Bajaj,Pulsar,2022,MH13AB4523,UberPool,Bike,2,2022-11-29 19:16:09
3836,7582,Hyundai,WagonR,2022,MH53AB7221,UberBlack,Car,5,2024-04-01 10:33:44
3837,7583,Piaggio,Ape,2021,MH37AB8988,UberX,Auto,2,2024-10-08 12:27:40
3838,7584,Honda,Activa,2023,MH70AB1129,UberBlack,Bike,2,2024-03-25 11:38:37
3839,7585,Hyundai,Dzire,2023,MH33AB9841,UberBlack,Car,5,2023-04-02 22:45:52
3840,7586,Bajaj,RE,2017,MH93AB4653,UberBlack,Auto,5,2023-01-25 19:09:32
3841,7589,TVS,Classic 350,2020,MH34AB8974,UberPool,Bike,2,2023-03-25 11:41:12
3842,7592,TVS,Apache,2016,MH30AB6368,UberPool,Bike,2,2023-11-17 10:56:31
3843,7593,Toyota,Dzire,2015,MH79AB4367,UberPool,Car,4,2023-07-26 12:40:54
3844,7596,TVS,Pulsar,2021,MH25AB4435,UberBlack,Bike,2,2025-01-05 05:36:26
3845,7597,Tata,Swift,2023,MH96AB7161,UberX,Car,6,2022-10-26 08:55:10
3846,7599,Honda,Activa,2018,MH87AB5308,UberPool,Bike,2,2025-04-16 16:00:14
3847,7601,Maruti,WagonR,2023,MH35AB9498,UberBlack,Car,2,2024-10-24 06:42:39
3848,7604,Bajaj,RE,2021,MH28AB9459,UberBlack,Auto,4,2023-02-01 11:06:54
3849,7607,Hyundai,Ertiga,2017,MH72AB9304,UberPool,Car,6,2024-02-05 12:29:07
3850,7609,Hero,Splendor,2018,MH63AB4123,UberBlack,Bike,2,2025-03-04 07:15:47
3851,7610,Hyundai,WagonR,2020,MH93AB7802,UberX,Car,3,2025-06-12 12:49:42
3852,7612,Bajaj,Ape,2021,MH88AB5916,UberX,Auto,2,2024-07-31 16:40:30
3853,7613,Hyundai,Dzire,2023,MH77AB9950,UberBlack,Car,5,2025-05-05 04:02:56
3854,7614,Bajaj,Ape,2023,MH75AB9503,UberPool,Auto,1,2023-05-23 16:16:51
3855,7616,Bajaj,RE,2015,MH68AB2629,UberPool,Auto,5,2023-03-28 07:34:41
3856,7619,Bajaj,RE,2021,MH13AB5005,UberPool,Auto,5,2023-09-25 23:04:39
3857,7620,Honda,Ertiga,2020,MH81AB9283,UberPool,Car,3,2024-12-20 13:31:22
3858,7621,Bajaj,Classic 350,2017,MH24AB4250,UberX,Bike,2,2025-06-05 00:15:59
3859,7622,Royal Enfield,Classic 350,2021,MH37AB4664,UberX,Bike,2,2025-07-19 23:03:27
3860,7623,Piaggio,RE,2023,MH17AB5987,UberX,Auto,5,2025-04-26 21:23:24
3861,7628,Bajaj,Splendor,2022,MH82AB8998,UberPool,Bike,2,2023-05-24 04:12:51
3862,7629,Honda,Apache,2017,MH25AB2991,UberBlack,Bike,2,2025-07-05 06:44:32
3863,7630,Maruti,i20,2022,MH45AB8580,UberX,Car,5,2023-01-26 05:39:33
3864,7635,Toyota,Swift,2016,MH30AB7331,UberPool,Car,5,2025-03-09 06:11:46
3865,7637,TVS,King,2021,MH10AB4558,UberX,Auto,2,2022-12-13 12:39:24
3866,7638,Bajaj,RE,2017,MH19AB9017,UberBlack,Auto,1,2023-12-17 04:40:25
3867,7641,Hero,Apache,2017,MH41AB3302,UberPool,Bike,2,2025-02-09 13:08:05
3868,7643,Honda,Activa,2023,MH21AB2300,UberBlack,Bike,2,2023-09-11 12:47:57
3869,7644,Honda,Pulsar,2015,MH63AB4582,UberX,Bike,2,2023-05-21 10:27:48
3870,7647,Hero,Classic 350,2020,MH26AB8430,UberX,Bike,2,2025-01-10 19:04:56
3871,7648,Hero,Activa,2016,MH11AB6638,UberX,Bike,2,2024-04-05 23:13:35
3872,7652,Maruti,Swift,2016,MH68AB3963,UberPool,Car,1,2024-11-30 14:57:05
3873,7655,Tata,Ertiga,2017,MH29AB4194,UberBlack,Car,6,2025-02-14 23:37:24
3874,7657,Maruti,Dzire,2022,MH14AB3893,UberX,Car,5,2023-10-20 02:13:06
3875,7658,Piaggio,RE,2019,MH10AB2224,UberPool,Auto,4,2024-02-11 09:08:29
3876,7661,TVS,RE,2018,MH61AB1587,UberPool,Auto,4,2024-09-12 20:02:19
3877,7666,Tata,Dzire,2015,MH90AB5625,UberPool,Car,1,2023-02-19 08:50:19
3878,7667,Piaggio,Ape,2023,MH10AB8109,UberBlack,Auto,2,2025-02-03 02:31:15
3879,7668,Piaggio,King,2018,MH40AB4388,UberPool,Auto,1,2025-03-26 22:56:38
3880,7671,Tata,Ertiga,2017,MH63AB3163,UberPool,Car,1,2024-10-09 07:16:43
3881,7672,Hyundai,i20,2019,MH58AB2958,UberPool,Car,2,2024-06-22 14:29:32
3882,7676,Hyundai,Ertiga,2016,MH53AB2646,UberX,Car,2,2023-04-24 09:42:39
3883,7677,Bajaj,RE,2021,MH66AB4326,UberX,Auto,5,2024-04-25 12:39:41
3884,7678,Hyundai,Swift,2022,MH49AB2529,UberBlack,Car,2,2022-08-31 05:07:29
3885,7679,Honda,Classic 350,2021,MH53AB4913,UberX,Bike,2,2024-09-02 17:46:54
3886,7680,Bajaj,RE,2021,MH38AB9478,UberPool,Auto,4,2023-01-20 10:37:23
3887,7682,Bajaj,Pulsar,2016,MH85AB6244,UberBlack,Bike,2,2024-10-17 19:02:54
3888,7691,Maruti,Swift,2023,MH48AB2670,UberPool,Car,2,2024-09-08 14:08:59
3889,7693,TVS,King,2020,MH15AB2515,UberBlack,Auto,3,2022-09-06 21:18:28
3890,7695,Honda,Pulsar,2016,MH44AB7411,UberPool,Bike,2,2025-02-16 10:03:16
3891,7696,Maruti,Dzire,2019,MH91AB7064,UberPool,Car,5,2024-06-22 20:52:02
3892,7697,Piaggio,Ape,2019,MH59AB5711,UberBlack,Auto,2,2024-01-21 05:00:56
3893,7698,Maruti,i20,2016,MH92AB1348,UberX,Car,2,2023-03-03 14:45:47
3894,7699,Maruti,Swift,2021,MH54AB2722,UberBlack,Car,5,2024-12-09 18:48:30
3895,7701,Piaggio,RE,2021,MH12AB2836,UberPool,Auto,3,2023-12-22 07:16:22
3896,7703,Tata,Innova,2016,MH84AB3646,UberPool,Car,4,2022-11-14 03:19:38
3897,7704,TVS,Splendor,2019,MH61AB2542,UberPool,Bike,2,2025-07-16 15:20:56
3898,7706,Bajaj,Ape,2017,MH96AB9441,UberBlack,Auto,3,2023-06-06 20:58:23
3899,7709,Honda,Ertiga,2021,MH54AB7962,UberBlack,Car,6,2023-02-21 10:05:59
3900,7710,Piaggio,Ape,2022,MH31AB1166,UberX,Auto,1,2025-03-11 06:51:39
3901,7713,Honda,Classic 350,2016,MH13AB4725,UberPool,Bike,2,2022-09-01 11:58:59
3902,7715,TVS,RE,2019,MH72AB7170,UberPool,Auto,1,2024-12-26 23:33:09
3903,7717,TVS,Pulsar,2022,MH24AB8173,UberPool,Bike,2,2024-07-26 08:28:54
3904,7718,Bajaj,Splendor,2019,MH56AB7032,UberPool,Bike,2,2023-01-28 18:29:02
3905,7722,Honda,Swift,2015,MH28AB1302,UberPool,Car,6,2023-08-10 20:20:13
3906,7723,TVS,King,2022,MH35AB6163,UberPool,Auto,3,2024-06-20 21:12:13
3907,7726,Tata,Ertiga,2017,MH85AB5164,UberX,Car,4,2025-04-24 10:00:06
3908,7727,Bajaj,RE,2015,MH82AB9531,UberX,Auto,3,2023-06-30 09:31:39
3909,7728,Hero,Activa,2016,MH43AB8055,UberBlack,Bike,2,2024-12-09 13:03:36
3910,7731,Royal Enfield,Splendor,2017,MH35AB7854,UberX,Bike,2,2024-11-28 02:12:06
3911,7734,TVS,Splendor,2022,MH17AB8010,UberX,Bike,2,2023-10-14 08:02:53
3912,7736,Toyota,Innova,2017,MH52AB6292,UberX,Car,6,2025-02-28 15:07:47
3913,7737,Bajaj,RE,2019,MH21AB8374,UberPool,Auto,2,2023-12-12 21:56:48
3914,7743,Honda,Swift,2020,MH48AB2134,UberPool,Car,3,2024-10-15 10:34:15
3915,7744,Hero,Splendor,2021,MH41AB8358,UberBlack,Bike,2,2023-05-27 12:17:51
3916,7745,Hyundai,i20,2019,MH80AB3698,UberBlack,Car,1,2025-07-01 11:34:31
3917,7748,Bajaj,Activa,2018,MH37AB7653,UberBlack,Bike,2,2023-09-08 23:50:05
3918,7750,Bajaj,RE,2023,MH30AB7935,UberBlack,Auto,6,2023-08-12 00:13:32
3919,7752,Royal Enfield,Splendor,2017,MH17AB7271,UberPool,Bike,2,2023-12-17 08:16:13
3920,7753,TVS,Classic 350,2022,MH58AB5255,UberPool,Bike,2,2024-12-20 08:23:14
3921,7754,TVS,King,2017,MH52AB1782,UberBlack,Auto,3,2023-11-09 04:13:27
3922,7756,Hero,Splendor,2019,MH41AB3543,UberPool,Bike,2,2025-03-03 06:47:32
3923,7757,Hero,Activa,2017,MH75AB8076,UberX,Bike,2,2024-09-09 07:57:34
3924,7758,Toyota,i20,2020,MH90AB6487,UberX,Car,3,2025-06-01 12:28:12
3925,7759,Honda,Ertiga,2017,MH51AB6465,UberX,Car,1,2025-07-27 02:40:42
3926,7762,Toyota,Ertiga,2023,MH62AB6527,UberBlack,Car,1,2023-05-04 21:56:20
3927,7768,Bajaj,Ape,2023,MH14AB6716,UberX,Auto,5,2024-08-26 14:34:40
3928,7770,Honda,Swift,2020,MH34AB1247,UberPool,Car,4,2024-07-28 22:33:21
3929,7772,Maruti,Ertiga,2023,MH38AB1869,UberX,Car,5,2025-01-18 12:48:54
3930,7773,TVS,RE,2016,MH65AB8778,UberPool,Auto,4,2022-12-25 04:59:35
3931,7774,Bajaj,Ape,2016,MH84AB3015,UberBlack,Auto,1,2023-06-30 18:34:30
3932,7775,Hero,Classic 350,2016,MH84AB8507,UberX,Bike,2,2023-12-03 16:51:11
3933,7776,TVS,King,2019,MH49AB6707,UberBlack,Auto,3,2024-02-09 22:37:48
3934,7779,Tata,i20,2016,MH49AB5050,UberBlack,Car,4,2022-10-22 00:48:56
3935,7781,Royal Enfield,Pulsar,2023,MH92AB6000,UberX,Bike,2,2025-01-19 04:13:21
3936,7782,Hyundai,Ertiga,2020,MH62AB9115,UberPool,Car,5,2023-10-18 00:32:45
3937,7783,Honda,Classic 350,2017,MH82AB7178,UberX,Bike,2,2024-12-21 06:23:35
3938,7784,TVS,RE,2017,MH70AB4578,UberX,Auto,3,2023-08-21 20:35:01
3939,7786,Tata,Swift,2018,MH96AB2291,UberBlack,Car,6,2023-03-16 18:51:08
3940,7788,Hyundai,WagonR,2021,MH51AB2789,UberPool,Car,1,2024-03-27 22:02:57
3941,7789,Bajaj,King,2018,MH12AB8345,UberPool,Auto,5,2022-12-01 22:50:34
3942,7790,Bajaj,RE,2023,MH66AB7302,UberBlack,Auto,5,2024-04-09 11:06:34
3943,7794,Tata,Swift,2020,MH90AB2421,UberBlack,Car,1,2024-08-16 18:29:04
3944,7795,Hero,Pulsar,2019,MH33AB4895,UberPool,Bike,2,2024-03-15 23:18:04
3945,7796,Bajaj,King,2019,MH94AB4522,UberPool,Auto,2,2023-09-21 00:47:33
3946,7797,Bajaj,RE,2018,MH19AB9610,UberPool,Auto,2,2024-01-09 16:30:32
3947,7802,Hero,Pulsar,2020,MH96AB8889,UberBlack,Bike,2,2024-05-01 11:15:50
3948,7803,Tata,Ertiga,2023,MH28AB7783,UberX,Car,1,2024-11-13 02:35:58
3949,7806,Hyundai,WagonR,2021,MH31AB1412,UberPool,Car,2,2024-08-18 13:54:34
3950,7810,Royal Enfield,Activa,2022,MH39AB6632,UberPool,Bike,2,2025-03-25 22:55:01
3951,7811,Hyundai,Innova,2020,MH63AB6002,UberPool,Car,2,2023-11-23 03:14:09
3952,7812,Maruti,WagonR,2023,MH78AB6354,UberBlack,Car,2,2024-04-14 19:39:11
3953,7813,Royal Enfield,Pulsar,2022,MH91AB1308,UberX,Bike,2,2024-12-06 05:36:32
3954,7814,Piaggio,Ape,2019,MH38AB9991,UberX,Auto,1,2024-03-09 00:37:47
3955,7815,Hyundai,i20,2020,MH70AB9308,UberBlack,Car,1,2024-06-21 11:20:43
3956,7817,TVS,Classic 350,2015,MH76AB9675,UberX,Bike,2,2024-03-31 18:43:33
3957,7822,TVS,RE,2023,MH97AB1618,UberBlack,Auto,2,2024-07-27 12:52:25
3958,7823,TVS,Classic 350,2017,MH81AB9632,UberX,Bike,2,2025-07-27 15:49:52
3959,7828,Hero,Classic 350,2018,MH43AB7185,UberX,Bike,2,2024-10-06 14:26:01
3960,7830,TVS,RE,2021,MH35AB2281,UberPool,Auto,5,2024-04-10 16:09:47
3961,7831,Maruti,i20,2016,MH34AB8396,UberX,Car,2,2023-08-21 06:31:03
3962,7832,Piaggio,RE,2023,MH10AB6005,UberPool,Auto,1,2023-09-22 13:31:16
3963,7833,Bajaj,RE,2023,MH39AB5541,UberBlack,Auto,1,2022-09-28 13:24:36
3964,7835,Bajaj,King,2019,MH72AB7757,UberPool,Auto,5,2024-02-04 01:53:45
3965,7839,Tata,Dzire,2023,MH98AB7670,UberBlack,Car,1,2024-11-08 01:11:18
3966,7840,Toyota,Ertiga,2022,MH93AB3154,UberBlack,Car,2,2023-03-16 17:54:04
3967,7841,TVS,Ape,2023,MH23AB2231,UberPool,Auto,3,2025-07-10 14:02:30
3968,7845,Honda,Dzire,2020,MH98AB9255,UberBlack,Car,2,2025-03-13 09:55:42
3969,7848,Toyota,Swift,2018,MH60AB8973,UberX,Car,4,2022-09-29 01:54:20
3970,7852,Toyota,Dzire,2023,MH49AB2190,UberBlack,Car,4,2025-03-10 05:27:13
3971,7855,TVS,King,2015,MH29AB9370,UberPool,Auto,3,2025-05-16 03:24:42
3972,7856,Bajaj,King,2017,MH62AB5110,UberBlack,Auto,5,2024-08-01 13:29:01
3973,7857,Maruti,Innova,2015,MH41AB2443,UberPool,Car,4,2022-10-20 05:31:00
3974,7859,Bajaj,RE,2023,MH75AB4986,UberPool,Auto,5,2023-11-16 23:59:21
3975,7860,Bajaj,Ape,2023,MH52AB4658,UberX,Auto,5,2025-04-22 02:20:10
3976,7862,Toyota,WagonR,2023,MH22AB5487,UberPool,Car,5,2024-05-22 20:28:51
3977,7863,Bajaj,Activa,2020,MH41AB7909,UberBlack,Bike,2,2024-10-21 13:50:30
3978,7872,Piaggio,RE,2018,MH32AB1700,UberPool,Auto,2,2023-06-24 23:44:01
3979,7877,TVS,Ape,2021,MH22AB2400,UberPool,Auto,4,2023-05-13 05:37:42
3980,7878,Bajaj,RE,2015,MH98AB7370,UberPool,Auto,5,2023-03-29 12:00:47
3981,7879,Maruti,Ertiga,2019,MH59AB9048,UberX,Car,1,2024-07-24 06:21:49
3982,7881,Hero,Pulsar,2023,MH10AB5183,UberPool,Bike,2,2023-06-29 21:05:06
3983,7882,Hero,Pulsar,2015,MH81AB4302,UberPool,Bike,2,2025-06-28 00:51:59
3984,7883,Hyundai,i20,2022,MH49AB9254,UberPool,Car,4,2024-02-15 03:18:33
3985,7886,Toyota,WagonR,2023,MH92AB7975,UberBlack,Car,1,2025-01-27 05:37:23
3986,7888,Bajaj,Pulsar,2022,MH68AB7672,UberX,Bike,2,2023-10-21 15:09:33
3987,7889,TVS,RE,2020,MH91AB2085,UberBlack,Auto,2,2024-09-12 14:37:05
3988,7890,Honda,Activa,2015,MH64AB6893,UberPool,Bike,2,2022-12-14 22:24:14
3989,7891,Hero,Classic 350,2023,MH42AB4593,UberPool,Bike,2,2023-11-25 07:27:52
3990,7894,Bajaj,Pulsar,2022,MH57AB7823,UberX,Bike,2,2025-05-30 19:48:17
3991,7895,TVS,King,2018,MH53AB8894,UberPool,Auto,4,2024-02-12 21:07:21
3992,7896,TVS,Ape,2020,MH82AB3262,UberBlack,Auto,5,2024-01-11 02:31:17
3993,7897,TVS,Activa,2018,MH62AB2207,UberBlack,Bike,2,2023-08-12 01:51:58
3994,7901,Piaggio,Ape,2018,MH66AB5778,UberPool,Auto,5,2025-04-19 19:02:00
3995,7902,Bajaj,RE,2021,MH14AB5621,UberX,Auto,3,2023-11-23 22:31:52
3996,7903,TVS,Splendor,2017,MH54AB7388,UberPool,Bike,2,2025-05-30 13:50:14
3997,7904,Bajaj,RE,2016,MH71AB9471,UberX,Auto,5,2022-09-23 06:35:07
3998,7905,Honda,Activa,2023,MH19AB7520,UberX,Bike,2,2023-01-22 16:02:32
3999,7910,Bajaj,RE,2022,MH62AB4413,UberX,Auto,5,2022-10-17 23:37:14
4000,7912,Hero,Pulsar,2023,MH13AB5981,UberX,Bike,2,2025-01-14 11:33:04
4001,7913,TVS,Splendor,2017,MH65AB9993,UberX,Bike,2,2025-01-15 16:34:52
4002,7914,Piaggio,King,2020,MH50AB2968,UberX,Auto,5,2024-12-18 08:23:13
4003,7915,Hero,Activa,2022,MH10AB9126,UberBlack,Bike,2,2025-07-06 03:40:11
4004,7918,Piaggio,RE,2018,MH96AB2311,UberX,Auto,2,2024-04-08 15:30:11
4005,7923,TVS,RE,2017,MH96AB8716,UberPool,Auto,5,2024-05-12 00:09:30
4006,7924,Bajaj,Apache,2015,MH18AB7611,UberPool,Bike,2,2025-05-15 23:17:01
4007,7925,TVS,Apache,2020,MH70AB5936,UberBlack,Bike,2,2023-09-11 19:30:04
4008,7927,Bajaj,Pulsar,2023,MH19AB1176,UberBlack,Bike,2,2024-06-24 13:42:42
4009,7928,TVS,Ape,2015,MH53AB7460,UberX,Auto,3,2025-01-08 23:22:08
4010,7930,Royal Enfield,Pulsar,2023,MH90AB5650,UberX,Bike,2,2025-03-05 12:30:38
4011,7931,Honda,WagonR,2015,MH13AB8071,UberPool,Car,1,2025-06-12 10:20:53
4012,7933,Hero,Apache,2018,MH20AB8217,UberPool,Bike,2,2025-05-31 04:22:59
4013,7934,Hero,Pulsar,2019,MH47AB7136,UberPool,Bike,2,2022-08-24 18:39:04
4014,7935,TVS,Ape,2016,MH75AB2386,UberPool,Auto,2,2024-07-11 01:28:41
4015,7936,Tata,i20,2022,MH52AB8506,UberPool,Car,3,2023-05-30 00:45:32
4016,7941,Royal Enfield,Splendor,2021,MH81AB4121,UberPool,Bike,2,2024-08-03 10:30:15
4017,7943,Tata,Swift,2020,MH34AB4857,UberBlack,Car,5,2022-09-03 12:04:57
4018,7945,Hyundai,i20,2021,MH85AB7557,UberPool,Car,6,2025-07-18 22:55:54
4019,7949,Honda,Ertiga,2016,MH75AB8639,UberPool,Car,5,2024-06-24 08:51:46
4020,7950,Bajaj,King,2016,MH47AB1321,UberX,Auto,4,2025-07-03 09:14:54
4021,7951,Hyundai,i20,2022,MH43AB6466,UberX,Car,2,2023-10-01 10:52:56
4022,7952,TVS,RE,2018,MH67AB1926,UberX,Auto,2,2023-06-11 21:46:05
4023,7957,Piaggio,Ape,2018,MH12AB5771,UberPool,Auto,2,2023-10-03 20:02:23
4024,7959,Toyota,Swift,2018,MH45AB6300,UberPool,Car,4,2024-09-22 23:44:20
4025,7960,Piaggio,Ape,2015,MH15AB8789,UberX,Auto,3,2024-06-23 08:53:58
4026,7963,Royal Enfield,Activa,2022,MH26AB5088,UberX,Bike,2,2024-01-25 08:55:58
4027,7964,Bajaj,Classic 350,2020,MH67AB9632,UberX,Bike,2,2025-07-07 12:47:40
4028,7965,Hero,Apache,2016,MH16AB5666,UberX,Bike,2,2022-10-05 16:20:16
4029,7974,Tata,WagonR,2022,MH71AB7220,UberPool,Car,5,2022-09-07 04:37:00
4030,7979,Honda,Pulsar,2017,MH26AB5445,UberBlack,Bike,2,2023-05-10 04:09:39
4031,7982,Royal Enfield,Pulsar,2022,MH20AB7908,UberPool,Bike,2,2024-12-29 16:11:17
4032,7989,TVS,Classic 350,2016,MH26AB1493,UberBlack,Bike,2,2024-10-08 07:13:47
4033,7990,TVS,Apache,2015,MH30AB9816,UberBlack,Bike,2,2022-10-25 01:57:21
4034,7992,Piaggio,King,2019,MH36AB9656,UberX,Auto,4,2025-02-23 12:33:08
4035,7995,TVS,King,2019,MH25AB4859,UberBlack,Auto,4,2024-05-05 22:43:08
4036,7996,Royal Enfield,Apache,2023,MH76AB7986,UberBlack,Bike,2,2023-12-27 22:33:30
4037,7997,Piaggio,King,2015,MH76AB8846,UberBlack,Auto,4,2024-01-12 22:27:10
4038,8000,Honda,Swift,2019,MH25AB9834,UberBlack,Car,2,2025-01-04 10:34:11
4039,8001,Honda,Splendor,2019,MH88AB1867,UberBlack,Bike,2,2022-09-26 05:17:15
4040,8005,TVS,Apache,2022,MH45AB4051,UberPool,Bike,2,2023-10-23 23:15:42
4041,8013,Tata,Dzire,2020,MH48AB5467,UberPool,Car,6,2023-05-06 18:31:43
4042,8016,Tata,i20,2021,MH18AB1997,UberBlack,Car,3,2022-11-14 00:34:51
4043,8022,Royal Enfield,Pulsar,2023,MH70AB5542,UberX,Bike,2,2025-06-30 03:35:26
4044,8023,TVS,Splendor,2018,MH88AB3030,UberPool,Bike,2,2024-03-23 00:20:57
4045,8032,Hero,Pulsar,2022,MH79AB3758,UberBlack,Bike,2,2024-10-09 19:52:56
4046,8034,Toyota,Innova,2021,MH76AB2886,UberBlack,Car,1,2023-12-25 10:56:18
4047,8035,Piaggio,Ape,2020,MH78AB9106,UberPool,Auto,4,2022-12-12 10:07:53
4048,8036,Tata,Innova,2015,MH23AB4135,UberBlack,Car,6,2024-06-08 21:22:46
4049,8037,Piaggio,RE,2017,MH51AB7450,UberPool,Auto,5,2023-06-07 10:30:32
4050,8040,TVS,Classic 350,2018,MH21AB8851,UberPool,Bike,2,2024-01-29 12:14:26
4051,8041,Honda,WagonR,2017,MH62AB7658,UberBlack,Car,4,2024-09-07 12:17:45
4052,8045,Piaggio,King,2016,MH61AB4808,UberX,Auto,5,2024-09-15 10:14:22
4053,8047,Bajaj,Activa,2016,MH40AB1169,UberX,Bike,2,2023-04-03 19:25:37
4054,8050,Tata,Dzire,2019,MH97AB9449,UberPool,Car,3,2022-08-15 22:10:26
4055,8051,Honda,Innova,2021,MH60AB7000,UberPool,Car,5,2024-10-25 21:10:19
4056,8052,Royal Enfield,Splendor,2020,MH38AB7457,UberPool,Bike,2,2025-01-22 13:21:18
4057,8053,Bajaj,Apache,2020,MH46AB2690,UberX,Bike,2,2024-07-24 08:34:20
4058,8054,Tata,WagonR,2017,MH16AB9861,UberBlack,Car,1,2025-03-24 19:16:18
4059,8056,Toyota,i20,2018,MH42AB9317,UberX,Car,5,2023-01-15 04:31:26
4060,8058,Maruti,Ertiga,2017,MH12AB6822,UberX,Car,4,2025-05-07 18:13:53
4061,8059,Hero,Apache,2020,MH61AB9595,UberPool,Bike,2,2024-09-30 22:29:41
4062,8061,TVS,Ape,2015,MH14AB2304,UberBlack,Auto,2,2024-11-21 07:57:12
4063,8062,Toyota,Swift,2020,MH27AB5922,UberX,Car,3,2023-08-17 10:23:16
4064,8064,Hyundai,Ertiga,2022,MH51AB9421,UberBlack,Car,3,2024-05-02 00:43:41
4065,8068,Bajaj,King,2021,MH76AB7836,UberX,Auto,6,2022-12-07 14:20:43
4066,8069,Tata,WagonR,2018,MH40AB4706,UberX,Car,3,2024-06-07 06:31:11
4067,8073,Honda,Apache,2017,MH12AB2534,UberBlack,Bike,2,2023-11-19 04:39:33
4068,8075,TVS,Apache,2022,MH60AB7196,UberX,Bike,2,2024-03-09 10:40:29
4069,8078,Bajaj,Activa,2020,MH16AB7789,UberPool,Bike,2,2025-06-12 08:49:28
4070,8079,Maruti,Dzire,2016,MH78AB6028,UberX,Car,6,2024-04-05 16:42:14
4071,8084,TVS,RE,2017,MH91AB7683,UberPool,Auto,2,2025-02-20 06:30:20
4072,8087,Hyundai,Ertiga,2021,MH57AB6931,UberPool,Car,4,2025-06-12 19:53:18
4073,8088,Bajaj,RE,2015,MH38AB9874,UberPool,Auto,6,2023-07-20 05:53:44
4074,8089,Royal Enfield,Pulsar,2021,MH43AB5959,UberBlack,Bike,2,2025-03-02 21:39:50
4075,8091,Maruti,i20,2023,MH89AB3832,UberBlack,Car,5,2024-12-01 12:24:37
4076,8092,Bajaj,King,2018,MH52AB4473,UberPool,Auto,6,2023-02-26 12:34:44
4077,8093,Bajaj,Apache,2021,MH26AB9731,UberBlack,Bike,2,2022-11-24 00:20:36
4078,8095,Hero,Classic 350,2023,MH20AB5064,UberBlack,Bike,2,2024-04-09 19:36:43
4079,8096,Royal Enfield,Apache,2016,MH41AB5215,UberX,Bike,2,2022-12-15 04:51:51
4080,8097,TVS,Activa,2016,MH74AB6198,UberX,Bike,2,2023-02-11 01:55:09
4081,8098,Honda,Pulsar,2019,MH16AB6665,UberBlack,Bike,2,2025-02-19 22:30:17
4082,8099,TVS,Classic 350,2020,MH19AB3148,UberX,Bike,2,2025-01-17 19:32:21
4083,8100,Honda,Splendor,2021,MH23AB2568,UberBlack,Bike,2,2024-01-14 16:38:04
4084,8103,TVS,Ape,2022,MH37AB8202,UberX,Auto,3,2024-10-20 14:12:39
4085,8107,Maruti,Dzire,2016,MH50AB9767,UberPool,Car,4,2024-10-17 01:05:16
4086,8108,Bajaj,Activa,2019,MH44AB3092,UberBlack,Bike,2,2023-04-13 06:47:28
4087,8109,Hyundai,Innova,2015,MH17AB3701,UberBlack,Car,2,2023-10-09 17:03:01
4088,8114,Honda,Innova,2015,MH70AB9134,UberX,Car,1,2023-03-03 03:14:08
4089,8115,Bajaj,Activa,2015,MH14AB4930,UberPool,Bike,2,2025-07-22 20:24:16
4090,8121,Piaggio,Ape,2018,MH33AB3606,UberPool,Auto,2,2025-06-02 21:47:42
4091,8122,Hyundai,Ertiga,2020,MH57AB6672,UberBlack,Car,4,2024-06-19 21:48:11
4092,8123,Honda,Innova,2022,MH57AB7300,UberPool,Car,6,2025-05-11 10:12:06
4093,8124,Honda,Pulsar,2018,MH86AB4980,UberBlack,Bike,2,2024-11-09 12:06:51
4094,8127,TVS,RE,2016,MH13AB6752,UberX,Auto,5,2022-11-17 09:59:30
4095,8128,Piaggio,King,2022,MH80AB8207,UberBlack,Auto,2,2022-09-27 08:48:37
4096,8132,Bajaj,Ape,2020,MH71AB3950,UberBlack,Auto,5,2024-11-16 01:50:57
4097,8134,Honda,WagonR,2023,MH35AB1198,UberBlack,Car,1,2023-08-23 00:14:44
4098,8138,Piaggio,Ape,2021,MH56AB9562,UberPool,Auto,4,2022-10-30 00:37:21
4099,8139,Piaggio,Ape,2015,MH67AB5789,UberPool,Auto,4,2022-10-29 21:46:15
4100,8140,Hyundai,Ertiga,2021,MH91AB8663,UberX,Car,2,2022-09-20 17:32:37
4101,8141,Tata,Swift,2023,MH91AB9316,UberPool,Car,3,2024-08-17 06:04:07
4102,8146,TVS,King,2015,MH84AB1522,UberBlack,Auto,2,2024-02-14 14:50:57
4103,8149,Tata,Innova,2017,MH15AB5130,UberPool,Car,5,2023-08-14 21:00:18
4104,8150,Tata,Innova,2018,MH84AB1341,UberBlack,Car,4,2024-08-25 05:11:08
4105,8151,Honda,Apache,2022,MH73AB4115,UberBlack,Bike,2,2022-12-19 09:02:37
4106,8154,Maruti,Dzire,2019,MH90AB5184,UberPool,Car,1,2023-10-20 04:02:36
4107,8155,TVS,RE,2016,MH83AB8926,UberX,Auto,5,2023-04-22 02:15:01
4108,8157,Piaggio,Ape,2015,MH25AB2107,UberX,Auto,1,2023-04-15 10:28:12
4109,8159,Tata,WagonR,2017,MH88AB2179,UberBlack,Car,4,2024-08-07 18:34:56
4110,8160,Piaggio,King,2017,MH65AB2352,UberBlack,Auto,4,2024-04-18 21:38:17
4111,8162,Royal Enfield,Apache,2022,MH18AB1478,UberPool,Bike,2,2025-02-13 17:10:36
4112,8169,Piaggio,RE,2020,MH33AB8257,UberPool,Auto,4,2022-10-15 16:27:02
4113,8170,Bajaj,Splendor,2023,MH41AB2743,UberBlack,Bike,2,2023-08-16 14:27:33
4114,8172,Maruti,Ertiga,2015,MH19AB7328,UberX,Car,6,2024-06-14 01:41:43
4115,8173,Bajaj,RE,2016,MH52AB3594,UberBlack,Auto,1,2023-04-22 04:58:18
4116,8174,Tata,Innova,2016,MH59AB7185,UberBlack,Car,6,2024-04-03 20:12:20
4117,8175,Bajaj,Splendor,2023,MH58AB1396,UberPool,Bike,2,2023-10-05 06:13:47
4118,8176,Honda,Ertiga,2018,MH22AB7517,UberPool,Car,2,2023-10-05 09:22:47
4119,8177,Toyota,Innova,2021,MH42AB5600,UberPool,Car,1,2023-07-15 21:02:47
4120,8178,Tata,Swift,2021,MH17AB8046,UberPool,Car,6,2023-07-28 00:07:54
4121,8185,Tata,WagonR,2023,MH78AB3695,UberX,Car,3,2023-02-22 06:24:43
4122,8187,Honda,Swift,2015,MH17AB8522,UberX,Car,5,2024-07-13 07:29:29
4123,8188,Honda,Ertiga,2019,MH70AB9733,UberBlack,Car,1,2024-11-26 22:30:01
4124,8189,Bajaj,Ape,2016,MH68AB1998,UberBlack,Auto,3,2024-10-24 01:29:20
4125,8192,TVS,Classic 350,2021,MH52AB9836,UberBlack,Bike,2,2024-01-21 02:49:28
4126,8196,Royal Enfield,Apache,2022,MH85AB1348,UberX,Bike,2,2024-02-11 00:57:43
4127,8198,Bajaj,King,2022,MH50AB5579,UberPool,Auto,5,2024-08-26 08:55:23
4128,8202,Maruti,i20,2018,MH71AB9671,UberPool,Car,5,2023-09-05 20:18:17
4129,8203,TVS,King,2017,MH37AB1704,UberBlack,Auto,1,2025-06-20 05:39:39
4130,8210,TVS,Pulsar,2018,MH43AB4473,UberX,Bike,2,2025-02-02 00:46:26
4131,8212,Honda,Activa,2017,MH13AB8585,UberX,Bike,2,2023-02-21 07:36:21
4132,8214,Maruti,Dzire,2021,MH69AB6726,UberPool,Car,3,2024-03-20 00:23:51
4133,8216,TVS,Pulsar,2021,MH47AB2464,UberPool,Bike,2,2023-03-17 15:27:14
4134,8218,Honda,Dzire,2020,MH20AB2705,UberPool,Car,2,2024-08-28 16:40:44
4135,8219,Bajaj,RE,2018,MH54AB9305,UberX,Auto,1,2024-07-16 22:09:12
4136,8220,Bajaj,Classic 350,2018,MH97AB5066,UberX,Bike,2,2024-07-01 06:07:43
4137,8221,Bajaj,Ape,2019,MH80AB1213,UberBlack,Auto,6,2023-06-21 11:00:09
4138,8222,Piaggio,King,2016,MH23AB3724,UberPool,Auto,5,2022-09-02 03:45:25
4139,8223,Hyundai,Innova,2018,MH17AB7517,UberPool,Car,6,2025-06-22 15:04:43
4140,8225,Royal Enfield,Pulsar,2016,MH22AB3187,UberPool,Bike,2,2023-03-01 15:13:13
4141,8228,Tata,i20,2016,MH10AB9696,UberX,Car,6,2023-06-14 17:30:05
4142,8232,Royal Enfield,Classic 350,2018,MH57AB3108,UberX,Bike,2,2024-05-31 12:52:56
4143,8233,Bajaj,Classic 350,2022,MH35AB8399,UberX,Bike,2,2022-10-14 08:10:52
4144,8236,Maruti,WagonR,2015,MH60AB9751,UberPool,Car,5,2023-08-13 06:50:57
4145,8237,TVS,King,2021,MH49AB2652,UberPool,Auto,4,2023-01-11 18:56:12
4146,8238,Hyundai,i20,2019,MH64AB9999,UberBlack,Car,3,2024-05-23 22:35:34
4147,8241,Tata,Innova,2017,MH53AB3824,UberPool,Car,4,2024-02-15 05:43:03
4148,8244,Royal Enfield,Activa,2022,MH71AB4622,UberBlack,Bike,2,2022-10-02 05:41:11
4149,8248,TVS,RE,2021,MH90AB7320,UberX,Auto,2,2024-10-11 11:34:03
4150,8250,Bajaj,Ape,2018,MH94AB8871,UberBlack,Auto,1,2024-07-04 10:32:21
4151,8253,Hyundai,Ertiga,2015,MH88AB6782,UberBlack,Car,6,2024-03-04 17:05:06
4152,8255,Tata,Ertiga,2016,MH54AB2599,UberBlack,Car,5,2024-01-23 14:03:09
4153,8256,Bajaj,Pulsar,2018,MH17AB6029,UberPool,Bike,2,2022-12-02 20:40:14
4154,8257,Bajaj,Apache,2021,MH19AB2498,UberPool,Bike,2,2024-09-15 10:49:26
4155,8258,Piaggio,Ape,2020,MH97AB4767,UberX,Auto,5,2023-07-12 15:50:33
4156,8260,Hero,Classic 350,2017,MH97AB1283,UberPool,Bike,2,2025-01-17 18:42:51
4157,8263,Honda,Ertiga,2023,MH21AB6257,UberBlack,Car,6,2025-03-01 12:13:38
4158,8264,TVS,King,2015,MH94AB4162,UberX,Auto,5,2023-02-27 17:29:16
4159,8265,Bajaj,King,2016,MH91AB9552,UberX,Auto,3,2025-04-28 19:15:00
4160,8266,Hyundai,i20,2018,MH62AB5090,UberPool,Car,4,2022-09-30 08:18:17
4161,8268,Bajaj,Ape,2023,MH73AB8256,UberBlack,Auto,6,2023-12-05 16:43:16
4162,8269,Hyundai,WagonR,2017,MH47AB5269,UberX,Car,6,2022-11-24 17:52:52
4163,8271,Royal Enfield,Classic 350,2017,MH22AB9794,UberPool,Bike,2,2025-06-15 07:12:41
4164,8273,TVS,RE,2015,MH89AB7669,UberPool,Auto,4,2024-08-27 19:44:46
4165,8274,Bajaj,Activa,2018,MH27AB7403,UberBlack,Bike,2,2025-05-19 03:14:33
4166,8279,Hyundai,i20,2022,MH13AB3822,UberBlack,Car,3,2024-07-31 00:18:43
4167,8281,Tata,Ertiga,2017,MH81AB1663,UberBlack,Car,3,2022-12-16 09:58:14
4168,8286,TVS,Activa,2017,MH58AB3291,UberPool,Bike,2,2024-10-05 09:31:09
4169,8288,Bajaj,Pulsar,2016,MH33AB6531,UberBlack,Bike,2,2024-12-08 09:20:25
4170,8290,Toyota,Ertiga,2023,MH69AB7444,UberPool,Car,2,2024-12-07 08:04:44
4171,8291,Hero,Apache,2016,MH89AB8247,UberBlack,Bike,2,2024-07-14 17:17:22
4172,8293,TVS,Classic 350,2021,MH53AB3983,UberX,Bike,2,2023-08-31 04:29:14
4173,8294,Royal Enfield,Activa,2021,MH76AB6424,UberX,Bike,2,2025-02-13 21:41:43
4174,8296,Honda,Pulsar,2016,MH71AB7073,UberX,Bike,2,2023-09-06 15:56:27
4175,8297,Hero,Pulsar,2020,MH98AB3352,UberBlack,Bike,2,2023-09-12 12:14:14
4176,8302,TVS,King,2019,MH92AB8442,UberX,Auto,6,2023-05-07 05:10:42
4177,8306,TVS,RE,2015,MH55AB8202,UberPool,Auto,6,2023-07-07 08:25:52
4178,8311,Honda,Splendor,2022,MH63AB7873,UberPool,Bike,2,2023-02-08 15:00:09
4179,8313,TVS,Ape,2019,MH24AB4700,UberBlack,Auto,6,2024-10-14 21:16:14
4180,8314,Maruti,Dzire,2022,MH65AB1761,UberPool,Car,5,2023-02-09 20:22:13
4181,8320,Toyota,Innova,2019,MH79AB3891,UberBlack,Car,2,2022-11-17 00:08:42
4182,8323,TVS,Pulsar,2019,MH79AB9794,UberX,Bike,2,2023-10-13 15:57:06
4183,8324,Hero,Pulsar,2020,MH41AB6066,UberX,Bike,2,2022-10-31 22:05:45
4184,8325,Royal Enfield,Apache,2019,MH62AB2747,UberPool,Bike,2,2025-05-13 14:05:57
4185,8329,Maruti,Ertiga,2016,MH14AB2635,UberPool,Car,6,2025-06-29 01:47:25
4186,8330,Bajaj,Activa,2016,MH90AB3775,UberBlack,Bike,2,2024-08-26 15:46:49
4187,8332,Piaggio,RE,2020,MH76AB5102,UberPool,Auto,5,2023-08-16 14:37:25
4188,8334,Bajaj,Ape,2016,MH27AB8515,UberPool,Auto,1,2023-01-03 01:37:25
4189,8336,Tata,WagonR,2016,MH51AB7310,UberBlack,Car,5,2025-03-29 08:30:35
4190,8337,Bajaj,Activa,2015,MH85AB2574,UberBlack,Bike,2,2023-01-07 14:29:46
4191,8341,TVS,Apache,2022,MH82AB5135,UberX,Bike,2,2025-08-02 08:17:25
4192,8343,Bajaj,Ape,2018,MH13AB9812,UberBlack,Auto,6,2025-07-10 14:55:31
4193,8347,Toyota,i20,2015,MH61AB5283,UberX,Car,5,2025-06-14 14:23:24
4194,8350,TVS,King,2023,MH47AB1539,UberX,Auto,6,2025-02-06 13:54:49
4195,8351,Bajaj,King,2021,MH42AB6274,UberX,Auto,4,2024-06-22 01:36:05
4196,8352,TVS,Ape,2022,MH26AB9596,UberX,Auto,2,2024-01-31 06:57:20
4197,8353,Honda,WagonR,2020,MH63AB3923,UberPool,Car,1,2024-05-11 09:34:26
4198,8356,Honda,Swift,2020,MH84AB9908,UberX,Car,6,2024-10-30 14:05:48
4199,8359,Honda,i20,2023,MH11AB1113,UberBlack,Car,2,2023-07-13 12:13:41
4200,8360,Maruti,Innova,2018,MH68AB9815,UberX,Car,5,2023-05-04 22:36:31
4201,8361,Honda,Classic 350,2017,MH93AB3532,UberX,Bike,2,2024-04-20 17:47:46
4202,8363,Maruti,WagonR,2016,MH17AB9886,UberX,Car,4,2024-08-20 13:34:56
4203,8364,Piaggio,RE,2017,MH36AB8657,UberPool,Auto,6,2022-08-30 16:29:06
4204,8367,Bajaj,Splendor,2020,MH44AB2132,UberPool,Bike,2,2023-09-25 03:35:38
4205,8368,Bajaj,Ape,2023,MH17AB8296,UberX,Auto,6,2024-01-22 17:51:44
4206,8372,Tata,Ertiga,2017,MH89AB3730,UberBlack,Car,5,2024-06-10 17:57:52
4207,8374,Bajaj,Activa,2021,MH37AB6441,UberBlack,Bike,2,2025-02-06 15:13:17
4208,8375,Hyundai,i20,2017,MH59AB4280,UberBlack,Car,5,2024-12-22 22:49:06
4209,8376,Piaggio,King,2019,MH88AB6305,UberPool,Auto,5,2024-07-02 20:48:22
4210,8377,Maruti,i20,2017,MH39AB4928,UberPool,Car,3,2024-05-19 00:31:20
4211,8381,Piaggio,King,2022,MH29AB9445,UberBlack,Auto,2,2023-06-30 19:56:02
4212,8383,Royal Enfield,Pulsar,2023,MH87AB2596,UberPool,Bike,2,2023-11-07 15:51:45
4213,8384,Honda,Swift,2020,MH51AB8999,UberPool,Car,2,2024-10-17 06:56:41
4214,8385,Toyota,i20,2021,MH21AB5454,UberBlack,Car,5,2024-04-10 02:50:41
4215,8388,Piaggio,RE,2019,MH18AB8022,UberPool,Auto,5,2024-01-06 00:46:28
4216,8390,Bajaj,Splendor,2017,MH69AB9323,UberBlack,Bike,2,2023-08-30 08:12:28
4217,8391,Piaggio,Ape,2016,MH45AB6378,UberPool,Auto,5,2024-07-24 09:22:25
4218,8392,Maruti,i20,2016,MH70AB3649,UberBlack,Car,3,2023-02-26 02:52:15
4219,8393,Honda,Apache,2023,MH71AB5431,UberBlack,Bike,2,2023-02-26 15:10:15
4220,8394,Hero,Splendor,2017,MH63AB4012,UberBlack,Bike,2,2023-06-24 13:26:03
4221,8396,TVS,King,2023,MH12AB9081,UberBlack,Auto,2,2022-10-27 14:46:01
4222,8397,Maruti,i20,2015,MH55AB8484,UberX,Car,1,2023-05-31 02:16:23
4223,8398,TVS,King,2018,MH94AB6272,UberPool,Auto,3,2022-09-18 15:56:24
4224,8399,Bajaj,Ape,2017,MH52AB6633,UberBlack,Auto,3,2024-10-22 22:51:26
4225,8400,TVS,Ape,2015,MH99AB9965,UberPool,Auto,4,2023-12-31 23:40:41
4226,8402,Piaggio,RE,2015,MH23AB6561,UberBlack,Auto,6,2025-03-12 08:37:03
4227,8403,Bajaj,RE,2018,MH58AB3496,UberPool,Auto,6,2023-07-18 19:17:26
4228,8406,Hyundai,i20,2019,MH71AB1609,UberX,Car,2,2024-12-04 20:52:52
4229,8407,Hero,Activa,2015,MH60AB8347,UberX,Bike,2,2024-12-12 21:31:06
4230,8409,TVS,Classic 350,2015,MH89AB6890,UberPool,Bike,2,2024-09-17 07:10:55
4231,8410,TVS,RE,2019,MH78AB8851,UberPool,Auto,3,2022-09-30 22:02:41
4232,8412,Royal Enfield,Pulsar,2015,MH97AB9706,UberX,Bike,2,2024-02-14 12:33:12
4233,8413,Royal Enfield,Pulsar,2023,MH87AB1485,UberBlack,Bike,2,2024-05-28 10:11:32
4234,8417,Maruti,Swift,2021,MH41AB5375,UberBlack,Car,4,2024-08-28 08:52:46
4235,8420,Hero,Activa,2015,MH43AB3205,UberX,Bike,2,2024-06-04 12:02:07
4236,8421,Bajaj,RE,2018,MH11AB6177,UberBlack,Auto,4,2024-10-12 08:31:57
4237,8422,Royal Enfield,Pulsar,2018,MH65AB4067,UberBlack,Bike,2,2022-11-02 22:21:27
4238,8423,Royal Enfield,Apache,2022,MH56AB6852,UberPool,Bike,2,2023-04-05 04:20:06
4239,8424,Hyundai,i20,2021,MH81AB6304,UberPool,Car,5,2022-09-03 16:47:20
4240,8427,Hero,Classic 350,2021,MH44AB9207,UberPool,Bike,2,2023-06-15 11:09:11
4241,8429,Bajaj,Ape,2021,MH49AB9358,UberPool,Auto,1,2023-09-09 15:10:43
4242,8430,Maruti,Swift,2015,MH32AB6626,UberPool,Car,3,2024-06-24 07:28:37
4243,8431,TVS,Apache,2018,MH40AB5681,UberPool,Bike,2,2025-06-17 23:19:22
4244,8432,Piaggio,King,2017,MH84AB5350,UberBlack,Auto,6,2023-05-04 01:38:29
4245,8434,TVS,King,2022,MH10AB5696,UberX,Auto,6,2023-08-18 15:04:24
4246,8436,TVS,King,2015,MH52AB7318,UberX,Auto,2,2023-08-19 16:27:51
4247,8439,Hero,Classic 350,2020,MH93AB2735,UberX,Bike,2,2022-12-20 21:40:54
4248,8440,Bajaj,Ape,2021,MH92AB2976,UberX,Auto,5,2023-03-04 01:22:19
4249,8441,TVS,King,2020,MH51AB5577,UberX,Auto,2,2023-04-15 13:51:25
4250,8442,Piaggio,RE,2018,MH41AB3486,UberPool,Auto,1,2024-06-16 19:55:50
4251,8444,Piaggio,Ape,2022,MH69AB2427,UberX,Auto,5,2024-12-04 18:42:04
4252,8447,Maruti,Ertiga,2021,MH66AB8549,UberPool,Car,2,2022-11-02 06:12:37
4253,8448,Hero,Apache,2023,MH89AB1041,UberBlack,Bike,2,2024-10-09 07:25:58
4254,8451,TVS,Ape,2017,MH66AB2627,UberPool,Auto,2,2022-12-10 08:11:12
4255,8452,TVS,Ape,2019,MH70AB5143,UberBlack,Auto,2,2022-08-21 11:17:41
4256,8453,TVS,King,2021,MH99AB9466,UberBlack,Auto,5,2024-12-22 13:52:49
4257,8454,Honda,WagonR,2016,MH60AB2485,UberBlack,Car,5,2024-12-25 10:04:32
4258,8455,TVS,King,2021,MH49AB6183,UberBlack,Auto,6,2024-09-28 03:02:16
4259,8456,Honda,Innova,2018,MH20AB7787,UberBlack,Car,3,2024-07-21 13:31:05
4260,8457,Maruti,Ertiga,2022,MH82AB1594,UberBlack,Car,1,2022-11-08 13:44:24
4261,8462,Bajaj,Splendor,2017,MH63AB1325,UberPool,Bike,2,2023-06-11 21:53:41
4262,8463,Royal Enfield,Apache,2015,MH27AB9708,UberPool,Bike,2,2023-11-25 18:04:23
4263,8465,Honda,Apache,2023,MH66AB7937,UberBlack,Bike,2,2023-10-07 18:03:26
4264,8468,TVS,Activa,2016,MH91AB3794,UberPool,Bike,2,2023-12-01 10:47:45
4265,8469,Bajaj,RE,2015,MH73AB9493,UberX,Auto,4,2024-10-22 12:20:53
4266,8471,Maruti,i20,2018,MH54AB6030,UberX,Car,2,2025-04-13 19:22:11
4267,8473,Bajaj,Ape,2019,MH51AB3825,UberX,Auto,2,2022-10-05 15:20:30
4268,8477,Honda,Splendor,2017,MH46AB6693,UberPool,Bike,2,2024-07-26 11:24:18
4269,8479,Hero,Splendor,2021,MH32AB8622,UberPool,Bike,2,2024-08-10 05:37:06
4270,8480,Hyundai,Swift,2019,MH86AB3057,UberBlack,Car,4,2023-06-03 20:05:50
4271,8483,Toyota,WagonR,2015,MH29AB4367,UberX,Car,4,2024-09-21 16:01:48
4272,8486,Hero,Pulsar,2023,MH19AB1728,UberPool,Bike,2,2025-07-30 14:27:37
4273,8488,Tata,WagonR,2018,MH47AB5485,UberX,Car,2,2023-07-22 19:16:37
4274,8492,Royal Enfield,Splendor,2017,MH93AB7149,UberX,Bike,2,2023-10-29 23:33:35
4275,8494,Hyundai,WagonR,2019,MH19AB7610,UberBlack,Car,2,2024-01-29 08:22:01
4276,8496,Piaggio,Ape,2022,MH14AB3802,UberPool,Auto,2,2023-05-25 20:40:01
4277,8497,Hyundai,Ertiga,2016,MH44AB4731,UberPool,Car,1,2024-04-04 20:01:21
4278,8499,Bajaj,Pulsar,2021,MH74AB6994,UberX,Bike,2,2023-12-22 13:17:38
4279,8500,TVS,Activa,2020,MH31AB7364,UberX,Bike,2,2023-07-16 01:22:57
4280,8501,Bajaj,Ape,2018,MH52AB5707,UberBlack,Auto,4,2023-12-08 11:21:09
4281,8503,Toyota,Innova,2015,MH50AB6901,UberX,Car,1,2025-02-09 18:38:34
4282,8504,Hero,Splendor,2018,MH88AB1278,UberX,Bike,2,2024-04-25 07:43:05
4283,8505,TVS,Activa,2017,MH70AB6960,UberBlack,Bike,2,2024-12-09 05:23:20
4284,8506,Toyota,Innova,2015,MH74AB9057,UberX,Car,3,2023-12-11 03:29:27
4285,8507,Honda,Pulsar,2018,MH52AB6996,UberPool,Bike,2,2024-04-14 22:37:35
4286,8511,Bajaj,Activa,2020,MH85AB2037,UberBlack,Bike,2,2025-06-04 10:46:48
4287,8515,Honda,Innova,2018,MH88AB8188,UberPool,Car,5,2024-09-22 12:41:18
4288,8520,Honda,Activa,2015,MH15AB6656,UberBlack,Bike,2,2025-06-24 12:04:03
4289,8522,Royal Enfield,Pulsar,2018,MH77AB1054,UberPool,Bike,2,2023-05-31 22:48:26
4290,8523,Piaggio,RE,2021,MH90AB7362,UberX,Auto,5,2024-11-26 07:09:12
4291,8526,TVS,RE,2019,MH42AB8470,UberPool,Auto,1,2025-01-13 19:40:52
4292,8527,Tata,Innova,2015,MH52AB7756,UberBlack,Car,4,2022-08-27 23:06:28
4293,8528,TVS,Activa,2015,MH92AB7516,UberPool,Bike,2,2024-01-27 23:45:05
4294,8529,TVS,Ape,2022,MH27AB3683,UberX,Auto,2,2022-10-12 12:38:53
4295,8530,Bajaj,Splendor,2019,MH40AB1297,UberX,Bike,2,2023-12-14 14:37:51
4296,8531,Bajaj,Splendor,2016,MH14AB8038,UberBlack,Bike,2,2023-04-05 13:33:03
4297,8532,Hero,Pulsar,2021,MH40AB6568,UberBlack,Bike,2,2024-04-15 07:20:01
4298,8533,Maruti,Innova,2017,MH16AB3522,UberBlack,Car,4,2024-10-03 14:15:44
4299,8535,Toyota,Dzire,2018,MH30AB7736,UberBlack,Car,1,2024-05-06 00:34:01
4300,8537,Hero,Pulsar,2019,MH52AB5881,UberX,Bike,2,2024-05-03 12:41:06
4301,8544,Hyundai,Ertiga,2017,MH31AB5706,UberX,Car,1,2024-08-30 13:37:48
4302,8548,Toyota,Ertiga,2017,MH99AB1913,UberX,Car,1,2024-03-19 08:10:32
4303,8550,Toyota,Dzire,2022,MH77AB3806,UberBlack,Car,6,2024-02-27 05:47:37
4304,8553,Bajaj,King,2018,MH52AB2005,UberBlack,Auto,5,2024-05-03 02:53:27
4305,8556,Honda,Splendor,2018,MH52AB4772,UberX,Bike,2,2023-09-27 20:08:40
4306,8557,TVS,King,2016,MH91AB8941,UberPool,Auto,2,2022-09-11 01:04:10
4307,8558,TVS,Ape,2023,MH45AB7683,UberBlack,Auto,4,2024-04-16 13:04:56
4308,8559,TVS,Splendor,2023,MH86AB8443,UberPool,Bike,2,2022-08-16 00:00:01
4309,8564,TVS,RE,2021,MH18AB5506,UberX,Auto,5,2022-08-22 18:40:43
4310,8566,Maruti,Ertiga,2022,MH15AB1880,UberPool,Car,2,2025-01-02 00:49:25
4311,8570,Tata,Swift,2017,MH72AB4075,UberX,Car,6,2023-06-28 06:01:05
4312,8574,Royal Enfield,Classic 350,2017,MH63AB2128,UberPool,Bike,2,2022-09-17 13:38:48
4313,8578,Bajaj,King,2017,MH85AB3385,UberPool,Auto,3,2023-08-22 00:20:51
4314,8583,Piaggio,Ape,2022,MH67AB8452,UberX,Auto,5,2024-08-01 04:13:04
4315,8585,Piaggio,RE,2019,MH34AB9232,UberX,Auto,1,2023-11-29 01:02:07
4316,8586,Royal Enfield,Pulsar,2017,MH31AB4048,UberX,Bike,2,2022-10-12 11:23:08
4317,8587,Bajaj,RE,2023,MH20AB4225,UberBlack,Auto,3,2022-09-20 04:04:00
4318,8588,Toyota,Dzire,2020,MH86AB1457,UberPool,Car,2,2025-04-10 14:59:32
4319,8590,Hero,Activa,2019,MH15AB2571,UberPool,Bike,2,2024-06-09 13:48:28
4320,8592,Hero,Pulsar,2019,MH53AB3628,UberX,Bike,2,2025-04-27 17:44:44
4321,8593,Bajaj,King,2020,MH59AB8254,UberBlack,Auto,1,2023-07-18 16:09:21
4322,8594,Piaggio,Ape,2018,MH83AB4714,UberBlack,Auto,6,2025-03-15 12:47:53
4323,8596,Hero,Apache,2021,MH30AB4099,UberX,Bike,2,2023-03-08 08:34:39
4324,8602,TVS,King,2016,MH55AB4223,UberPool,Auto,5,2023-09-25 22:08:05
4325,8603,Bajaj,RE,2023,MH67AB9330,UberBlack,Auto,5,2025-02-21 22:26:56
4326,8605,Honda,Splendor,2015,MH53AB4969,UberX,Bike,2,2023-10-05 01:41:06
4327,8609,Piaggio,Ape,2019,MH53AB8900,UberPool,Auto,5,2024-12-07 05:12:37
4328,8613,Hero,Activa,2017,MH54AB8815,UberX,Bike,2,2025-07-25 20:31:06
4329,8614,Toyota,Ertiga,2018,MH11AB1093,UberPool,Car,1,2023-09-24 03:49:47
4330,8615,TVS,RE,2023,MH65AB5972,UberBlack,Auto,3,2022-10-30 07:27:26
4331,8616,Royal Enfield,Apache,2022,MH90AB6735,UberX,Bike,2,2023-08-03 11:11:34
4332,8618,Piaggio,RE,2019,MH80AB5089,UberBlack,Auto,3,2023-01-07 12:40:16
4333,8620,TVS,King,2015,MH81AB7242,UberBlack,Auto,2,2023-07-27 17:30:49
4334,8623,Bajaj,King,2015,MH32AB6454,UberX,Auto,6,2025-04-30 15:42:21
4335,8624,TVS,Ape,2019,MH90AB2692,UberX,Auto,6,2023-08-22 22:27:08
4336,8625,Bajaj,King,2020,MH62AB3915,UberBlack,Auto,3,2024-10-22 09:51:10
4337,8626,Toyota,WagonR,2021,MH67AB7895,UberBlack,Car,5,2023-05-25 21:00:10
4338,8627,Honda,Innova,2015,MH50AB7591,UberPool,Car,4,2024-08-10 04:30:30
4339,8632,Toyota,Dzire,2021,MH44AB3793,UberPool,Car,3,2025-05-28 17:58:00
4340,8635,Toyota,Swift,2021,MH50AB5434,UberBlack,Car,6,2024-07-31 16:42:35
4341,8638,Toyota,WagonR,2016,MH47AB4615,UberPool,Car,1,2023-10-01 04:14:57
4342,8640,Piaggio,RE,2022,MH19AB6656,UberX,Auto,6,2023-04-21 12:41:56
4343,8642,Bajaj,Splendor,2015,MH87AB2064,UberPool,Bike,2,2024-12-09 00:17:48
4344,8646,TVS,Ape,2018,MH93AB1494,UberBlack,Auto,6,2023-09-25 04:55:44
4345,8647,Bajaj,Splendor,2017,MH30AB6954,UberX,Bike,2,2023-04-28 03:25:02
4346,8651,TVS,King,2022,MH46AB8176,UberBlack,Auto,4,2024-11-02 23:07:21
4347,8656,Tata,WagonR,2021,MH47AB5617,UberX,Car,5,2023-12-22 02:13:59
4348,8660,Bajaj,Splendor,2022,MH94AB1490,UberPool,Bike,2,2022-12-18 15:14:22
4349,8663,Bajaj,Ape,2015,MH18AB1600,UberX,Auto,2,2024-06-17 06:48:17
4350,8665,TVS,Activa,2015,MH57AB7418,UberBlack,Bike,2,2025-04-05 13:20:34
4351,8667,TVS,RE,2016,MH24AB9343,UberPool,Auto,3,2024-09-11 18:16:38
4352,8668,Piaggio,Ape,2015,MH13AB5578,UberPool,Auto,5,2024-02-20 08:56:45
4353,8671,Maruti,Ertiga,2015,MH66AB3777,UberBlack,Car,2,2024-06-01 00:03:15
4354,8673,Bajaj,Ape,2019,MH82AB3834,UberX,Auto,3,2023-12-28 20:29:25
4355,8676,Piaggio,RE,2015,MH63AB5737,UberX,Auto,3,2024-04-15 05:50:54
4356,8679,Toyota,Swift,2015,MH68AB1657,UberBlack,Car,3,2024-01-02 06:58:53
4357,8680,Bajaj,RE,2015,MH54AB7069,UberX,Auto,2,2024-11-17 20:07:39
4358,8682,Hyundai,Ertiga,2023,MH75AB8466,UberBlack,Car,3,2024-10-16 16:12:33
4359,8685,Tata,WagonR,2015,MH65AB8288,UberPool,Car,6,2025-07-28 01:46:56
4360,8686,Hyundai,Swift,2019,MH76AB4734,UberPool,Car,1,2023-09-01 15:42:34
4361,8687,Royal Enfield,Splendor,2020,MH25AB5355,UberBlack,Bike,2,2024-05-03 09:50:30
4362,8688,Tata,WagonR,2015,MH97AB3557,UberX,Car,3,2025-02-03 05:40:51
4363,8690,Honda,WagonR,2016,MH23AB6487,UberX,Car,1,2025-07-14 20:52:15
4364,8697,Tata,Dzire,2022,MH22AB5195,UberX,Car,3,2023-02-15 12:12:24
4365,8701,Bajaj,King,2016,MH14AB7437,UberX,Auto,6,2024-11-29 22:20:45
4366,8706,TVS,Splendor,2019,MH99AB9174,UberX,Bike,2,2022-12-11 21:11:19
4367,8712,TVS,Pulsar,2016,MH99AB1590,UberPool,Bike,2,2024-03-30 16:48:02
4368,8713,Tata,Swift,2017,MH28AB1112,UberPool,Car,2,2023-12-29 17:41:06
4369,8714,Hero,Activa,2019,MH51AB3896,UberPool,Bike,2,2023-09-12 22:14:03
4370,8716,Honda,i20,2021,MH14AB8020,UberBlack,Car,5,2024-06-09 14:44:50
4371,8717,Hyundai,Dzire,2018,MH62AB1638,UberX,Car,6,2023-08-05 21:49:38
4372,8718,Honda,Ertiga,2018,MH19AB2611,UberBlack,Car,3,2024-03-13 04:17:08
4373,8720,Maruti,i20,2023,MH24AB3699,UberBlack,Car,5,2024-10-09 20:38:35
4374,8722,Hero,Activa,2017,MH94AB4026,UberBlack,Bike,2,2022-11-07 02:20:54
4375,8723,TVS,King,2016,MH52AB5208,UberBlack,Auto,2,2024-02-10 13:24:40
4376,8728,TVS,Pulsar,2019,MH52AB1720,UberX,Bike,2,2023-04-17 11:02:49
4377,8730,Royal Enfield,Apache,2017,MH71AB4978,UberBlack,Bike,2,2023-09-07 10:06:05
4378,8731,TVS,Ape,2021,MH65AB5562,UberBlack,Auto,1,2023-12-26 17:34:25
4379,8732,Maruti,Innova,2016,MH31AB3222,UberBlack,Car,4,2024-07-05 00:48:25
4380,8733,Hyundai,Dzire,2015,MH64AB9072,UberPool,Car,4,2025-03-07 17:32:57
4381,8737,Piaggio,RE,2021,MH68AB8516,UberBlack,Auto,1,2024-01-13 11:45:45
4382,8740,Tata,Swift,2023,MH98AB3207,UberPool,Car,1,2022-12-24 10:37:56
4383,8741,Piaggio,RE,2020,MH20AB4587,UberX,Auto,6,2024-06-16 16:25:14
4384,8744,Hyundai,WagonR,2017,MH17AB3953,UberBlack,Car,2,2022-10-15 03:56:58
4385,8746,Royal Enfield,Splendor,2021,MH92AB3686,UberX,Bike,2,2024-03-10 22:18:43
4386,8747,Tata,Dzire,2020,MH24AB3300,UberPool,Car,6,2025-04-28 14:10:15
4387,8749,Hero,Activa,2021,MH85AB7934,UberX,Bike,2,2023-10-26 11:39:53
4388,8750,Maruti,i20,2019,MH10AB4921,UberBlack,Car,1,2025-01-17 10:38:40
4389,8751,Piaggio,RE,2022,MH60AB8920,UberX,Auto,4,2024-02-19 08:27:47
4390,8752,Honda,WagonR,2018,MH36AB4580,UberBlack,Car,5,2023-03-27 21:05:31
4391,8755,TVS,RE,2021,MH60AB7625,UberBlack,Auto,4,2025-05-12 05:16:41
4392,8756,Hero,Apache,2020,MH12AB9620,UberBlack,Bike,2,2024-09-14 04:31:49
4393,8757,Maruti,Innova,2015,MH96AB1873,UberBlack,Car,2,2024-03-15 11:58:45
4394,8758,Tata,Ertiga,2017,MH56AB1785,UberBlack,Car,6,2022-12-15 12:55:30
4395,8759,Piaggio,RE,2020,MH57AB8062,UberPool,Auto,3,2024-03-25 13:53:16
4396,8764,Honda,i20,2019,MH18AB3077,UberPool,Car,2,2024-01-30 13:39:01
4397,8765,Hero,Classic 350,2015,MH57AB1210,UberBlack,Bike,2,2024-01-31 08:40:04
4398,8766,Honda,Ertiga,2015,MH66AB7536,UberX,Car,5,2023-08-22 13:37:13
4399,8767,Honda,Swift,2019,MH88AB9791,UberX,Car,4,2023-03-09 14:41:01
4400,8771,Honda,Apache,2015,MH40AB3194,UberX,Bike,2,2023-05-14 01:45:15
4401,8773,Royal Enfield,Apache,2016,MH25AB8835,UberPool,Bike,2,2025-04-14 09:46:24
4402,8774,TVS,Apache,2015,MH98AB1665,UberPool,Bike,2,2025-05-24 06:07:44
4403,8776,Tata,Innova,2018,MH23AB6446,UberPool,Car,3,2024-04-24 00:22:04
4404,8779,Piaggio,RE,2017,MH89AB6279,UberX,Auto,6,2024-06-13 14:59:37
4405,8780,Bajaj,Ape,2021,MH14AB4241,UberBlack,Auto,1,2023-09-03 13:41:52
4406,8783,Tata,WagonR,2019,MH81AB8034,UberPool,Car,3,2023-05-03 21:35:13
4407,8786,Royal Enfield,Apache,2018,MH51AB2228,UberPool,Bike,2,2024-05-27 15:07:30
4408,8789,Hyundai,Ertiga,2022,MH46AB4308,UberBlack,Car,2,2025-07-11 14:37:11
4409,8792,Hero,Activa,2016,MH31AB1929,UberPool,Bike,2,2024-01-02 02:26:44
4410,8793,Bajaj,Ape,2015,MH36AB9070,UberBlack,Auto,1,2022-11-22 19:39:33
4411,8794,Maruti,Swift,2018,MH91AB3347,UberX,Car,5,2025-01-22 19:48:11
4412,8796,Toyota,Innova,2016,MH61AB1157,UberBlack,Car,6,2025-06-27 12:33:59
4413,8797,Bajaj,Ape,2022,MH54AB9012,UberBlack,Auto,5,2024-08-02 07:05:23
4414,8798,TVS,RE,2021,MH61AB2382,UberBlack,Auto,1,2024-06-04 19:42:51
4415,8799,Royal Enfield,Apache,2019,MH44AB1786,UberPool,Bike,2,2023-03-08 19:50:21
4416,8800,Honda,Innova,2021,MH19AB8113,UberBlack,Car,2,2022-12-30 01:20:53
4417,8803,Toyota,WagonR,2022,MH26AB8070,UberX,Car,1,2023-02-23 23:10:31
4418,8804,TVS,Splendor,2017,MH58AB1316,UberBlack,Bike,2,2024-04-07 10:45:57
4419,8805,Honda,Ertiga,2019,MH62AB6827,UberBlack,Car,3,2024-05-11 06:28:19
4420,8807,Bajaj,RE,2023,MH85AB6194,UberPool,Auto,5,2023-08-12 02:06:49
4421,8809,TVS,King,2018,MH34AB8369,UberPool,Auto,3,2023-12-05 13:15:28
4422,8812,Honda,Swift,2023,MH15AB3887,UberX,Car,5,2022-08-07 17:26:49
4423,8813,Honda,Classic 350,2021,MH20AB5976,UberPool,Bike,2,2023-12-14 13:29:19
4424,8815,Bajaj,Pulsar,2022,MH39AB7188,UberBlack,Bike,2,2024-08-17 14:56:38
4425,8816,Bajaj,Ape,2015,MH75AB6395,UberPool,Auto,3,2022-08-09 00:43:20
4426,8823,Tata,i20,2019,MH66AB7428,UberX,Car,1,2024-01-01 17:49:54
4427,8824,Piaggio,RE,2019,MH33AB1262,UberX,Auto,2,2025-01-19 10:05:08
4428,8826,Honda,Pulsar,2022,MH78AB6601,UberX,Bike,2,2023-01-15 00:21:54
4429,8827,Hyundai,WagonR,2016,MH50AB2136,UberX,Car,1,2024-08-12 18:09:43
4430,8829,Royal Enfield,Classic 350,2015,MH76AB7699,UberX,Bike,2,2024-09-25 21:04:40
4431,8830,Maruti,WagonR,2021,MH50AB9284,UberBlack,Car,4,2025-04-15 11:55:45
4432,8833,Piaggio,RE,2019,MH26AB7054,UberPool,Auto,3,2024-09-01 03:24:17
4433,8835,Bajaj,Ape,2018,MH81AB6400,UberPool,Auto,6,2024-05-01 01:36:05
4434,8836,Bajaj,Ape,2019,MH47AB6517,UberX,Auto,6,2024-04-29 07:50:26
4435,8841,Honda,i20,2021,MH34AB9634,UberX,Car,6,2025-04-03 06:34:51
4436,8842,Royal Enfield,Classic 350,2015,MH76AB2962,UberPool,Bike,2,2023-07-02 17:23:53
4437,8844,Honda,Activa,2021,MH15AB3251,UberBlack,Bike,2,2023-11-13 04:43:47
4438,8846,TVS,King,2018,MH33AB4652,UberX,Auto,3,2023-05-13 01:21:34
4439,8848,Bajaj,RE,2022,MH12AB8639,UberBlack,Auto,1,2024-12-03 00:08:23
4440,8849,Bajaj,King,2023,MH99AB9129,UberBlack,Auto,4,2023-07-20 13:40:15
4441,8850,Maruti,Innova,2015,MH75AB4701,UberX,Car,3,2023-06-16 00:50:28
4442,8852,Hero,Pulsar,2023,MH29AB5120,UberPool,Bike,2,2023-03-10 08:05:40
4443,8853,Hero,Activa,2018,MH35AB9129,UberBlack,Bike,2,2023-06-24 02:53:41
4444,8854,Bajaj,King,2022,MH49AB3370,UberPool,Auto,1,2025-06-25 19:55:20
4445,8855,TVS,Pulsar,2023,MH27AB1750,UberX,Bike,2,2025-06-01 16:48:34
4446,8858,TVS,Ape,2015,MH93AB1909,UberPool,Auto,5,2024-10-06 09:52:32
4447,8859,Royal Enfield,Classic 350,2020,MH52AB1009,UberX,Bike,2,2023-08-12 10:56:00
4448,8862,Bajaj,Apache,2022,MH91AB7287,UberBlack,Bike,2,2024-02-10 13:26:27
4449,8864,Toyota,WagonR,2022,MH36AB4559,UberPool,Car,1,2024-06-13 19:35:44
4450,8866,Bajaj,Apache,2022,MH45AB2385,UberPool,Bike,2,2023-04-13 19:17:08
4451,8867,Tata,Ertiga,2018,MH29AB6177,UberPool,Car,4,2024-08-30 15:16:12
4452,8868,Bajaj,Ape,2019,MH75AB3560,UberBlack,Auto,3,2023-06-29 10:38:43
4453,8869,Bajaj,King,2019,MH79AB6603,UberX,Auto,4,2024-08-03 15:26:37
4454,8871,Bajaj,Ape,2022,MH97AB6925,UberBlack,Auto,4,2022-12-28 23:42:34
4455,8872,Bajaj,Splendor,2021,MH18AB5266,UberPool,Bike,2,2022-12-18 19:08:46
4456,8873,Maruti,WagonR,2019,MH21AB7190,UberPool,Car,1,2025-01-05 00:35:16
4457,8876,Bajaj,RE,2017,MH51AB7755,UberBlack,Auto,5,2022-12-11 21:38:04
4458,8877,Hyundai,i20,2021,MH26AB8309,UberBlack,Car,2,2024-10-03 01:31:39
4459,8880,Piaggio,King,2022,MH71AB7265,UberPool,Auto,3,2025-06-26 20:33:43
4460,8883,Toyota,Dzire,2019,MH70AB2989,UberPool,Car,3,2023-03-31 12:47:04
4461,8885,Toyota,WagonR,2019,MH94AB1106,UberX,Car,5,2022-08-13 07:58:49
4462,8886,Bajaj,King,2020,MH92AB8070,UberPool,Auto,2,2024-04-19 19:14:17
4463,8887,Bajaj,Ape,2021,MH71AB6930,UberPool,Auto,2,2022-08-09 14:51:23
4464,8888,TVS,Apache,2020,MH96AB5234,UberX,Bike,2,2023-11-09 07:17:33
4465,8896,Hyundai,i20,2023,MH83AB5043,UberBlack,Car,4,2024-02-04 21:45:07
4466,8898,Honda,Apache,2020,MH40AB7542,UberBlack,Bike,2,2023-11-12 12:17:14
4467,8902,Bajaj,Pulsar,2015,MH84AB5292,UberPool,Bike,2,2022-09-20 11:40:46
4468,8904,Hyundai,Innova,2019,MH73AB7516,UberPool,Car,5,2025-02-28 12:28:26
4469,8906,Piaggio,RE,2015,MH18AB8675,UberPool,Auto,6,2024-06-08 15:02:03
4470,8907,Bajaj,King,2015,MH44AB4932,UberBlack,Auto,5,2025-04-07 22:11:28
4471,8908,Bajaj,Activa,2022,MH18AB6786,UberBlack,Bike,2,2024-10-03 14:51:15
4472,8910,Bajaj,King,2019,MH38AB1403,UberX,Auto,5,2023-05-05 15:24:57
4473,8912,Piaggio,Ape,2022,MH40AB9996,UberPool,Auto,3,2023-06-19 08:16:06
4474,8913,Bajaj,Apache,2015,MH29AB5252,UberBlack,Bike,2,2025-05-13 22:57:26
4475,8915,Hyundai,Ertiga,2021,MH75AB9604,UberPool,Car,6,2022-11-09 05:02:33
4476,8919,Piaggio,Ape,2023,MH91AB1766,UberBlack,Auto,6,2022-11-14 07:48:10
4477,8921,Royal Enfield,Pulsar,2019,MH94AB3852,UberPool,Bike,2,2022-12-05 23:23:51
4478,8922,Hyundai,WagonR,2022,MH23AB2825,UberPool,Car,4,2023-06-24 01:52:52
4479,8923,TVS,RE,2022,MH78AB2393,UberPool,Auto,4,2023-10-19 23:49:00
4480,8925,Tata,Dzire,2016,MH72AB4467,UberPool,Car,4,2024-11-27 00:25:14
4481,8926,Toyota,Ertiga,2023,MH73AB4235,UberX,Car,3,2023-04-28 11:19:49
4482,8927,Toyota,Swift,2016,MH60AB7965,UberPool,Car,6,2024-05-21 03:58:05
4483,8928,Tata,Dzire,2019,MH96AB7506,UberBlack,Car,6,2024-02-28 13:27:44
4484,8930,Piaggio,Ape,2021,MH71AB7443,UberX,Auto,6,2024-01-03 07:42:17
4485,8931,Honda,Dzire,2017,MH49AB8609,UberBlack,Car,6,2022-12-14 13:01:32
4486,8932,Bajaj,RE,2019,MH73AB7632,UberBlack,Auto,5,2023-03-04 12:47:00
4487,8933,Royal Enfield,Splendor,2022,MH23AB7429,UberPool,Bike,2,2024-11-15 04:02:24
4488,8934,Hyundai,i20,2020,MH68AB3309,UberPool,Car,4,2025-05-01 13:26:53
4489,8935,TVS,Ape,2017,MH34AB6168,UberX,Auto,5,2024-06-19 13:49:20
4490,8939,Bajaj,RE,2018,MH47AB2149,UberX,Auto,4,2024-12-12 03:30:17
4491,8943,Hyundai,Innova,2019,MH26AB5685,UberPool,Car,1,2023-05-31 15:12:07
4492,8944,Hyundai,Innova,2023,MH33AB3961,UberX,Car,5,2023-10-10 12:25:42
4493,8946,Honda,Innova,2016,MH66AB2508,UberBlack,Car,1,2024-10-03 04:09:04
4494,8947,Hero,Classic 350,2022,MH70AB8003,UberBlack,Bike,2,2022-11-22 23:28:35
4495,8950,Bajaj,RE,2018,MH22AB7409,UberPool,Auto,3,2025-04-28 11:51:30
4496,8951,Honda,Dzire,2018,MH61AB5849,UberX,Car,3,2025-01-14 08:37:09
4497,8953,Hero,Pulsar,2020,MH41AB4982,UberBlack,Bike,2,2024-01-12 22:43:50
4498,8955,Piaggio,Ape,2017,MH21AB1541,UberX,Auto,2,2024-08-15 13:28:35
4499,8956,TVS,Classic 350,2022,MH51AB2130,UberPool,Bike,2,2023-01-07 20:57:29
4500,8957,Piaggio,Ape,2020,MH83AB8356,UberPool,Auto,1,2023-12-02 15:37:32
4501,8959,Maruti,Ertiga,2022,MH10AB6904,UberPool,Car,5,2024-04-16 20:46:21
4502,8960,Piaggio,RE,2020,MH80AB4214,UberX,Auto,1,2023-08-04 03:39:15
4503,8961,Hyundai,Dzire,2020,MH49AB7076,UberPool,Car,2,2025-03-07 06:33:10
4504,8962,Royal Enfield,Activa,2023,MH75AB4775,UberPool,Bike,2,2024-08-14 05:19:49
4505,8964,TVS,RE,2021,MH90AB5920,UberBlack,Auto,3,2022-09-17 11:38:47
4506,8966,TVS,Ape,2023,MH24AB1497,UberBlack,Auto,4,2025-03-07 02:07:10
4507,8967,Toyota,WagonR,2022,MH34AB3287,UberBlack,Car,1,2022-08-25 17:15:45
4508,8968,Hero,Apache,2017,MH84AB5825,UberX,Bike,2,2023-06-05 01:47:01
4509,8969,Piaggio,RE,2016,MH21AB3865,UberPool,Auto,4,2024-01-01 21:14:43
4510,8971,Bajaj,Apache,2015,MH65AB8918,UberBlack,Bike,2,2025-06-17 12:11:43
4511,8972,Maruti,i20,2018,MH74AB8866,UberX,Car,1,2024-01-28 15:17:57
4512,8976,Toyota,Swift,2018,MH75AB3474,UberBlack,Car,5,2023-04-21 19:46:24
4513,8977,Piaggio,RE,2015,MH23AB7047,UberX,Auto,6,2025-04-03 21:23:02
4514,8979,TVS,Ape,2020,MH48AB9029,UberPool,Auto,1,2025-01-04 16:54:44
4515,8980,Honda,Splendor,2021,MH75AB1564,UberX,Bike,2,2024-07-09 17:14:28
4516,8982,Hyundai,Ertiga,2015,MH10AB6353,UberBlack,Car,6,2022-10-27 04:29:46
4517,8983,Royal Enfield,Activa,2015,MH20AB4286,UberX,Bike,2,2025-02-16 00:10:17
4518,8985,Bajaj,Pulsar,2021,MH10AB6860,UberPool,Bike,2,2024-04-22 02:49:11
4519,8988,Bajaj,Pulsar,2016,MH23AB2961,UberPool,Bike,2,2023-12-31 20:34:02
4520,8989,Honda,Apache,2017,MH83AB2343,UberBlack,Bike,2,2022-09-19 07:40:51
4521,8990,Honda,Splendor,2021,MH89AB1773,UberBlack,Bike,2,2022-12-13 05:59:06
4522,8991,Toyota,WagonR,2019,MH18AB9029,UberBlack,Car,4,2024-07-26 02:05:25
4523,8996,Honda,Pulsar,2015,MH57AB5958,UberBlack,Bike,2,2024-08-05 21:22:10
4524,8998,Bajaj,King,2015,MH82AB1447,UberX,Auto,4,2023-03-27 01:50:01
4525,8999,Bajaj,RE,2016,MH53AB4550,UberBlack,Auto,4,2024-08-29 08:47:26
4526,9002,Honda,WagonR,2019,MH36AB5905,UberPool,Car,6,2023-08-11 16:41:03
4527,9003,Hyundai,i20,2022,MH36AB3066,UberX,Car,1,2023-07-01 12:18:56
4528,9004,TVS,RE,2016,MH57AB4218,UberPool,Auto,2,2024-11-01 18:06:15
4529,9007,Bajaj,King,2018,MH32AB6634,UberPool,Auto,6,2023-06-18 22:31:19
4530,9009,Hyundai,Ertiga,2023,MH79AB9839,UberX,Car,3,2023-04-25 10:43:33
4531,9010,TVS,RE,2019,MH62AB5526,UberBlack,Auto,6,2025-01-25 19:53:36
4532,9015,TVS,Apache,2016,MH97AB7627,UberBlack,Bike,2,2024-08-13 00:53:30
4533,9016,Bajaj,RE,2019,MH14AB6455,UberBlack,Auto,4,2025-05-08 18:57:53
4534,9018,TVS,RE,2016,MH91AB4356,UberPool,Auto,2,2024-05-15 19:28:28
4535,9019,Bajaj,Ape,2015,MH40AB9406,UberBlack,Auto,5,2025-03-28 15:47:38
4536,9021,Tata,WagonR,2022,MH66AB1435,UberBlack,Car,6,2022-12-29 21:37:24
4537,9022,Bajaj,Splendor,2023,MH52AB9262,UberPool,Bike,2,2023-01-24 02:40:11
4538,9026,Piaggio,RE,2019,MH98AB4098,UberBlack,Auto,3,2023-08-18 05:18:40
4539,9027,Honda,Swift,2015,MH75AB9701,UberBlack,Car,2,2022-12-29 03:20:13
4540,9029,Honda,Apache,2022,MH75AB4275,UberBlack,Bike,2,2024-10-27 21:45:23
4541,9030,Piaggio,RE,2018,MH71AB1388,UberX,Auto,4,2024-11-19 11:13:34
4542,9031,Bajaj,Splendor,2017,MH16AB7032,UberBlack,Bike,2,2023-08-23 07:02:42
4543,9032,TVS,Ape,2019,MH76AB6812,UberX,Auto,6,2023-07-24 19:44:21
4544,9036,Tata,Innova,2023,MH68AB2272,UberX,Car,3,2024-03-20 01:34:00
4545,9037,Honda,Innova,2016,MH45AB1233,UberPool,Car,1,2024-02-01 17:51:01
4546,9038,Bajaj,Ape,2016,MH41AB7328,UberX,Auto,4,2024-12-12 18:19:20
4547,9039,Maruti,Swift,2019,MH75AB6862,UberPool,Car,6,2025-03-01 19:48:31
4548,9044,Bajaj,Ape,2017,MH97AB4150,UberBlack,Auto,3,2023-10-09 15:46:02
4549,9046,Bajaj,RE,2019,MH96AB6330,UberX,Auto,3,2023-04-01 10:53:54
4550,9048,Bajaj,Activa,2021,MH28AB6295,UberPool,Bike,2,2024-07-04 02:42:11
4551,9050,Hero,Apache,2019,MH22AB3545,UberBlack,Bike,2,2024-10-04 10:17:36
4552,9059,Piaggio,Ape,2023,MH67AB2003,UberX,Auto,1,2023-08-05 19:12:49
4553,9060,Bajaj,Ape,2017,MH25AB6461,UberX,Auto,5,2024-12-18 17:01:04
4554,9062,Hero,Classic 350,2021,MH24AB2813,UberX,Bike,2,2022-12-05 01:22:48
4555,9063,Honda,Pulsar,2017,MH42AB1619,UberBlack,Bike,2,2024-05-21 05:51:20
4556,9064,TVS,Pulsar,2021,MH19AB3158,UberX,Bike,2,2023-11-18 10:19:32
4557,9065,Royal Enfield,Activa,2019,MH76AB2442,UberBlack,Bike,2,2024-02-09 02:18:27
4558,9066,Bajaj,RE,2016,MH18AB3698,UberBlack,Auto,2,2023-07-23 22:15:38
4559,9068,Maruti,Swift,2021,MH68AB7251,UberPool,Car,3,2024-08-03 20:06:40
4560,9069,TVS,Ape,2022,MH41AB4059,UberX,Auto,5,2024-04-16 12:32:37
4561,9072,Piaggio,RE,2021,MH74AB6036,UberX,Auto,3,2024-06-11 06:17:35
4562,9074,Hyundai,Innova,2021,MH31AB3870,UberBlack,Car,1,2023-01-22 08:54:17
4563,9075,TVS,King,2015,MH50AB4272,UberBlack,Auto,6,2023-09-06 23:40:08
4564,9076,Piaggio,Ape,2015,MH53AB7016,UberX,Auto,5,2023-01-20 22:29:21
4565,9077,TVS,RE,2023,MH92AB2125,UberPool,Auto,5,2024-12-19 02:44:58
4566,9080,Tata,Dzire,2020,MH67AB9058,UberX,Car,1,2022-10-29 09:36:33
4567,9083,Honda,WagonR,2017,MH69AB5697,UberX,Car,1,2022-12-21 06:10:14
4568,9084,Honda,Splendor,2020,MH68AB9338,UberBlack,Bike,2,2023-08-11 02:08:45
4569,9087,Bajaj,King,2020,MH53AB2492,UberBlack,Auto,3,2024-09-03 16:37:47
4570,9091,TVS,Ape,2020,MH31AB7949,UberPool,Auto,2,2023-11-18 09:45:34
4571,9095,TVS,RE,2017,MH22AB8928,UberX,Auto,2,2023-05-19 07:34:06
4572,9096,TVS,RE,2019,MH77AB8856,UberBlack,Auto,6,2024-02-17 04:29:07
4573,9106,Honda,i20,2015,MH94AB3655,UberX,Car,2,2024-11-13 23:56:18
4574,9107,Bajaj,Ape,2022,MH32AB7290,UberPool,Auto,1,2024-09-19 06:22:49
4575,9110,Piaggio,RE,2019,MH28AB1536,UberPool,Auto,6,2022-12-06 20:32:50
4576,9114,Royal Enfield,Activa,2016,MH41AB2748,UberPool,Bike,2,2023-01-05 19:49:53
4577,9115,Royal Enfield,Pulsar,2020,MH39AB1992,UberX,Bike,2,2024-05-07 01:15:16
4578,9117,Toyota,Innova,2016,MH38AB1256,UberX,Car,1,2024-09-14 19:45:24
4579,9120,Toyota,Swift,2019,MH64AB5953,UberPool,Car,2,2022-12-30 18:53:39
4580,9122,Hyundai,Dzire,2022,MH92AB8833,UberBlack,Car,6,2023-11-22 14:33:37
4581,9123,Bajaj,King,2020,MH94AB3262,UberBlack,Auto,2,2023-02-23 09:20:49
4582,9124,Royal Enfield,Splendor,2017,MH64AB1869,UberBlack,Bike,2,2023-04-26 06:30:46
4583,9127,Honda,Classic 350,2021,MH89AB8750,UberBlack,Bike,2,2024-07-01 05:55:05
4584,9129,Piaggio,Ape,2022,MH99AB4011,UberPool,Auto,4,2024-02-25 22:45:23
4585,9130,Piaggio,King,2019,MH19AB2042,UberX,Auto,3,2023-11-13 11:27:03
4586,9131,Tata,Ertiga,2021,MH47AB7231,UberPool,Car,2,2023-01-01 21:57:30
4587,9134,TVS,Ape,2021,MH34AB4567,UberBlack,Auto,4,2022-10-22 00:26:42
4588,9135,Bajaj,RE,2022,MH24AB2736,UberBlack,Auto,3,2025-01-31 03:37:48
4589,9136,TVS,Splendor,2020,MH91AB4014,UberX,Bike,2,2023-12-11 16:28:37
4590,9138,Maruti,Swift,2017,MH71AB1134,UberBlack,Car,3,2025-03-19 18:28:06
4591,9139,Toyota,Ertiga,2020,MH82AB4660,UberX,Car,6,2024-07-06 23:20:12
4592,9141,Bajaj,RE,2023,MH20AB5989,UberX,Auto,2,2023-12-05 02:14:55
4593,9142,Tata,Swift,2021,MH61AB8727,UberPool,Car,6,2024-05-02 14:46:42
4594,9143,Royal Enfield,Activa,2022,MH15AB8991,UberX,Bike,2,2024-09-26 03:57:27
4595,9144,Honda,i20,2020,MH18AB2801,UberX,Car,3,2024-01-07 01:44:14
4596,9145,Honda,Classic 350,2017,MH40AB1983,UberX,Bike,2,2023-11-10 05:06:44
4597,9149,Hero,Apache,2020,MH76AB7564,UberX,Bike,2,2023-03-20 14:11:39
4598,9152,Tata,Innova,2017,MH36AB7606,UberX,Car,6,2022-09-12 08:43:52
4599,9153,TVS,Activa,2023,MH46AB7165,UberBlack,Bike,2,2024-05-02 01:39:29
4600,9154,Bajaj,King,2016,MH45AB8564,UberBlack,Auto,5,2024-03-11 11:53:58
4601,9156,TVS,Splendor,2023,MH95AB1377,UberPool,Bike,2,2024-06-22 05:01:37
4602,9158,Piaggio,King,2016,MH18AB9154,UberBlack,Auto,3,2023-01-20 16:04:48
4603,9159,TVS,King,2015,MH17AB3558,UberBlack,Auto,4,2023-05-14 10:56:04
4604,9160,Honda,Activa,2019,MH31AB5524,UberPool,Bike,2,2023-09-26 01:33:46
4605,9161,Tata,i20,2018,MH61AB7385,UberPool,Car,1,2025-03-16 20:22:23
4606,9162,TVS,Activa,2021,MH68AB2912,UberX,Bike,2,2023-09-29 22:24:26
4607,9164,Piaggio,RE,2021,MH18AB9619,UberX,Auto,6,2023-09-24 14:24:45
4608,9169,Royal Enfield,Pulsar,2019,MH67AB8596,UberPool,Bike,2,2023-08-04 09:14:30
4609,9174,TVS,King,2023,MH47AB7142,UberBlack,Auto,2,2023-11-20 19:59:56
4610,9176,Bajaj,Pulsar,2016,MH91AB9462,UberBlack,Bike,2,2024-10-03 15:30:28
4611,9177,Hyundai,WagonR,2022,MH51AB5667,UberX,Car,2,2023-12-19 11:55:59
4612,9178,TVS,Apache,2020,MH94AB8179,UberBlack,Bike,2,2023-09-19 22:22:07
4613,9179,Hero,Classic 350,2015,MH70AB8241,UberBlack,Bike,2,2023-03-21 22:09:21
4614,9181,Hyundai,Ertiga,2020,MH53AB4448,UberX,Car,1,2022-09-16 20:40:27
4615,9182,Tata,Dzire,2016,MH43AB2709,UberX,Car,4,2024-12-30 11:43:23
4616,9187,Hyundai,i20,2017,MH23AB4005,UberBlack,Car,6,2024-12-06 13:45:29
4617,9188,TVS,King,2022,MH98AB3083,UberPool,Auto,1,2025-04-08 09:00:16
4618,9191,TVS,Apache,2017,MH51AB2713,UberPool,Bike,2,2025-05-31 00:48:27
4619,9194,TVS,Activa,2020,MH65AB6254,UberX,Bike,2,2024-05-27 14:48:22
4620,9196,TVS,King,2017,MH44AB4539,UberPool,Auto,3,2022-08-31 13:21:45
4621,9197,Honda,Ertiga,2017,MH29AB1387,UberX,Car,2,2025-01-09 08:17:55
4622,9199,Hyundai,Swift,2015,MH63AB5793,UberBlack,Car,4,2024-09-02 14:58:03
4623,9202,Tata,Dzire,2021,MH53AB3562,UberBlack,Car,1,2024-09-26 23:47:19
4624,9207,Bajaj,Ape,2019,MH75AB8558,UberPool,Auto,1,2023-09-08 18:27:51
4625,9211,TVS,King,2018,MH66AB3789,UberPool,Auto,1,2025-07-25 14:25:28
4626,9213,Honda,Dzire,2017,MH25AB6611,UberPool,Car,6,2025-06-23 06:12:51
4627,9217,Bajaj,RE,2015,MH57AB1017,UberPool,Auto,6,2024-10-02 21:58:24
4628,9221,Hero,Classic 350,2021,MH90AB2859,UberBlack,Bike,2,2023-05-31 12:29:55
4629,9222,TVS,Ape,2023,MH42AB5465,UberBlack,Auto,3,2024-10-28 11:33:20
4630,9226,Toyota,WagonR,2019,MH84AB5331,UberX,Car,1,2024-12-29 03:40:41
4631,9229,Bajaj,RE,2017,MH14AB9810,UberBlack,Auto,4,2023-06-04 18:45:36
4632,9230,Royal Enfield,Splendor,2019,MH17AB7748,UberX,Bike,2,2025-01-13 18:33:37
4633,9236,Toyota,Swift,2020,MH25AB8639,UberPool,Car,1,2023-05-19 13:19:19
4634,9237,TVS,King,2017,MH83AB7680,UberX,Auto,3,2025-07-12 15:02:28
4635,9238,TVS,King,2018,MH20AB5433,UberBlack,Auto,2,2023-11-20 03:55:14
4636,9240,Bajaj,Pulsar,2015,MH73AB1764,UberPool,Bike,2,2023-04-05 22:08:16
4637,9241,Maruti,Ertiga,2015,MH68AB8494,UberX,Car,2,2025-05-26 21:35:42
4638,9242,Honda,WagonR,2019,MH89AB6447,UberBlack,Car,5,2025-05-19 00:43:42
4639,9244,Tata,WagonR,2019,MH31AB9859,UberBlack,Car,4,2024-10-13 21:14:32
4640,9246,Maruti,WagonR,2021,MH98AB8719,UberBlack,Car,5,2022-11-18 13:57:13
4641,9247,Bajaj,Activa,2023,MH17AB2934,UberX,Bike,2,2022-12-18 14:10:26
4642,9248,Toyota,Swift,2020,MH32AB3464,UberX,Car,5,2023-03-04 00:55:14
4643,9249,Hyundai,Dzire,2017,MH36AB8626,UberPool,Car,3,2025-05-18 03:05:38
4644,9254,Hyundai,Innova,2023,MH13AB7513,UberBlack,Car,2,2023-05-23 15:09:56
4645,9256,Bajaj,King,2019,MH80AB7539,UberBlack,Auto,3,2025-04-06 04:36:01
4646,9257,Hero,Apache,2016,MH31AB7850,UberX,Bike,2,2024-05-13 09:40:24
4647,9259,TVS,Apache,2019,MH26AB8652,UberBlack,Bike,2,2023-04-08 03:02:59
4648,9261,Toyota,Ertiga,2022,MH17AB3167,UberX,Car,3,2025-01-27 06:43:32
4649,9265,TVS,RE,2021,MH88AB1570,UberPool,Auto,4,2023-07-08 01:33:57
4650,9266,TVS,RE,2015,MH29AB8000,UberBlack,Auto,6,2024-11-29 20:00:45
4651,9267,TVS,King,2019,MH20AB1729,UberPool,Auto,2,2023-03-29 07:01:55
4652,9270,Royal Enfield,Splendor,2017,MH89AB7790,UberPool,Bike,2,2024-09-29 20:47:21
4653,9272,Hyundai,Swift,2018,MH51AB7775,UberX,Car,2,2024-11-06 19:39:10
4654,9273,Bajaj,Apache,2021,MH95AB5399,UberPool,Bike,2,2024-07-09 14:06:50
4655,9274,Hero,Apache,2023,MH55AB2415,UberX,Bike,2,2024-06-29 16:43:36
4656,9275,Piaggio,RE,2021,MH50AB7437,UberBlack,Auto,2,2024-09-01 16:18:32
4657,9277,Toyota,Ertiga,2021,MH72AB2167,UberX,Car,1,2024-11-21 14:34:35
4658,9278,Honda,Apache,2016,MH33AB6695,UberBlack,Bike,2,2024-09-14 03:28:08
4659,9279,Bajaj,Ape,2022,MH32AB2264,UberPool,Auto,5,2023-06-15 00:25:53
4660,9280,Bajaj,Pulsar,2017,MH87AB3327,UberPool,Bike,2,2023-02-13 22:31:08
4661,9281,Honda,Innova,2016,MH80AB8259,UberPool,Car,4,2023-07-21 15:14:02
4662,9282,Hero,Classic 350,2021,MH57AB8939,UberX,Bike,2,2023-12-08 01:34:12
4663,9283,Hyundai,Innova,2023,MH76AB4859,UberPool,Car,4,2022-08-26 03:27:43
4664,9287,Tata,i20,2023,MH37AB4848,UberBlack,Car,3,2023-07-29 10:55:26
4665,9289,Honda,Dzire,2018,MH70AB9376,UberX,Car,4,2024-01-27 10:02:07
4666,9294,Bajaj,King,2017,MH59AB7793,UberBlack,Auto,4,2024-08-15 09:59:30
4667,9296,Honda,Splendor,2023,MH12AB8886,UberBlack,Bike,2,2023-09-10 01:48:32
4668,9297,Royal Enfield,Apache,2018,MH16AB1413,UberX,Bike,2,2023-08-24 22:58:44
4669,9300,Toyota,WagonR,2020,MH11AB4304,UberBlack,Car,4,2023-08-19 06:14:21
4670,9302,Bajaj,King,2022,MH10AB3545,UberBlack,Auto,1,2025-01-19 12:52:18
4671,9306,Toyota,WagonR,2016,MH43AB3326,UberBlack,Car,1,2025-07-27 00:34:50
4672,9307,Tata,Innova,2022,MH32AB9172,UberBlack,Car,2,2024-01-19 06:31:47
4673,9309,Bajaj,Ape,2017,MH97AB7678,UberBlack,Auto,6,2022-09-15 23:49:08
4674,9313,Piaggio,King,2020,MH43AB3585,UberPool,Auto,4,2025-05-10 18:00:16
4675,9314,Bajaj,Ape,2018,MH41AB7475,UberBlack,Auto,5,2023-05-27 13:07:41
4676,9315,Bajaj,RE,2019,MH13AB8722,UberX,Auto,5,2025-01-31 14:09:12
4677,9316,Honda,Innova,2023,MH23AB7823,UberX,Car,6,2024-06-20 23:20:50
4678,9320,Bajaj,Ape,2023,MH13AB9753,UberBlack,Auto,6,2024-11-04 07:49:19
4679,9322,Hyundai,Swift,2018,MH39AB7455,UberBlack,Car,2,2024-10-06 16:17:50
4680,9325,Bajaj,Apache,2019,MH52AB3081,UberX,Bike,2,2024-04-26 07:12:03
4681,9329,TVS,Activa,2019,MH27AB7384,UberPool,Bike,2,2023-07-23 04:33:26
4682,9333,Toyota,Ertiga,2022,MH32AB4037,UberX,Car,1,2022-08-08 10:08:00
4683,9335,TVS,Pulsar,2017,MH50AB1822,UberX,Bike,2,2023-09-16 02:12:03
4684,9338,Honda,Activa,2018,MH33AB8251,UberPool,Bike,2,2022-09-16 19:20:56
4685,9340,Hero,Splendor,2021,MH53AB2122,UberPool,Bike,2,2024-07-23 19:13:47
4686,9342,Honda,WagonR,2017,MH47AB6324,UberX,Car,2,2023-10-30 07:44:52
4687,9344,Honda,WagonR,2021,MH10AB6587,UberPool,Car,3,2023-01-14 20:03:42
4688,9346,Honda,WagonR,2021,MH49AB8846,UberX,Car,6,2025-02-13 13:54:41
4689,9347,Honda,Swift,2018,MH27AB1062,UberPool,Car,2,2024-09-25 10:31:28
4690,9349,Honda,Swift,2016,MH78AB5310,UberPool,Car,3,2024-09-21 01:29:32
4691,9350,Hero,Classic 350,2018,MH65AB9332,UberPool,Bike,2,2024-09-27 21:51:31
4692,9352,Tata,WagonR,2021,MH93AB6909,UberPool,Car,5,2024-10-27 18:22:00
4693,9353,Piaggio,RE,2021,MH62AB8255,UberPool,Auto,1,2024-04-12 05:55:31
4694,9355,Bajaj,RE,2018,MH58AB5501,UberPool,Auto,5,2024-04-24 10:42:37
4695,9356,Piaggio,King,2016,MH47AB4841,UberPool,Auto,6,2023-08-11 04:21:19
4696,9358,Hyundai,Dzire,2019,MH29AB5862,UberBlack,Car,1,2023-01-09 04:15:10
4697,9359,Bajaj,Classic 350,2018,MH25AB9150,UberPool,Bike,2,2024-11-03 00:19:59
4698,9361,TVS,Apache,2017,MH33AB3377,UberX,Bike,2,2023-06-18 12:23:07
4699,9363,Hyundai,Dzire,2016,MH85AB8857,UberX,Car,5,2024-04-04 11:40:26
4700,9366,Honda,Swift,2018,MH42AB8270,UberX,Car,1,2024-08-12 17:36:19
4701,9370,TVS,Splendor,2015,MH94AB3894,UberBlack,Bike,2,2023-11-02 06:14:48
4702,9374,Honda,Pulsar,2023,MH51AB1241,UberBlack,Bike,2,2024-05-03 12:00:12
4703,9380,Bajaj,RE,2017,MH70AB2656,UberX,Auto,3,2025-06-14 15:15:25
4704,9381,Bajaj,Apache,2016,MH37AB6207,UberBlack,Bike,2,2023-06-14 13:34:00
4705,9384,Bajaj,Apache,2018,MH18AB8200,UberX,Bike,2,2023-08-17 00:42:56
4706,9385,Piaggio,Ape,2016,MH58AB4772,UberX,Auto,3,2025-06-12 12:59:16
4707,9387,Royal Enfield,Splendor,2020,MH43AB4459,UberX,Bike,2,2025-06-28 04:22:06
4708,9388,Piaggio,Ape,2017,MH51AB5959,UberX,Auto,4,2022-10-24 20:05:32
4709,9389,Honda,Activa,2017,MH98AB3410,UberX,Bike,2,2023-08-23 05:26:52
4710,9392,Honda,Pulsar,2019,MH53AB1680,UberX,Bike,2,2023-11-03 09:16:31
4711,9398,TVS,King,2022,MH25AB7842,UberBlack,Auto,6,2025-02-12 13:30:37
4712,9400,Honda,Ertiga,2023,MH20AB7999,UberBlack,Car,2,2023-09-30 01:18:09
4713,9401,TVS,Activa,2018,MH23AB5955,UberPool,Bike,2,2024-03-29 02:21:03
4714,9403,Tata,Innova,2016,MH35AB4555,UberBlack,Car,4,2024-07-24 09:11:28
4715,9410,Toyota,WagonR,2022,MH98AB5764,UberPool,Car,1,2022-10-08 12:55:12
4716,9412,Hero,Classic 350,2015,MH50AB5467,UberX,Bike,2,2023-02-26 21:43:43
4717,9413,Tata,Ertiga,2015,MH71AB4881,UberPool,Car,4,2025-05-24 00:48:42
4718,9416,Toyota,WagonR,2019,MH71AB1066,UberPool,Car,5,2024-09-01 21:37:10
4719,9417,Bajaj,Splendor,2017,MH23AB8428,UberBlack,Bike,2,2024-03-14 08:48:47
4720,9419,TVS,RE,2021,MH89AB8390,UberX,Auto,5,2024-12-16 05:49:13
4721,9420,Royal Enfield,Pulsar,2015,MH44AB2459,UberBlack,Bike,2,2022-08-20 08:34:54
4722,9422,Bajaj,Activa,2018,MH18AB2732,UberBlack,Bike,2,2025-04-24 13:10:12
4723,9424,Royal Enfield,Activa,2022,MH50AB7309,UberBlack,Bike,2,2024-05-11 14:01:45
4724,9425,Royal Enfield,Apache,2015,MH24AB3356,UberBlack,Bike,2,2024-08-02 23:41:35
4725,9427,TVS,Pulsar,2016,MH67AB6486,UberPool,Bike,2,2022-09-27 16:46:11
4726,9429,Hyundai,WagonR,2016,MH65AB2838,UberPool,Car,6,2023-09-18 00:20:20
4727,9430,Honda,Ertiga,2019,MH16AB4714,UberBlack,Car,4,2024-12-21 03:50:24
4728,9431,Tata,WagonR,2020,MH46AB6663,UberPool,Car,4,2022-10-19 02:14:41
4729,9434,Piaggio,RE,2019,MH21AB5227,UberX,Auto,3,2023-06-05 23:16:12
4730,9442,Bajaj,Ape,2020,MH60AB4221,UberPool,Auto,6,2024-11-13 11:03:48
4731,9443,Bajaj,RE,2023,MH52AB6277,UberX,Auto,5,2023-06-23 18:51:13
4732,9446,Bajaj,RE,2016,MH36AB3434,UberBlack,Auto,5,2023-11-01 05:42:10
4733,9451,Royal Enfield,Activa,2018,MH49AB4320,UberPool,Bike,2,2023-05-26 02:02:49
4734,9454,Piaggio,Ape,2020,MH89AB2770,UberBlack,Auto,4,2022-08-26 10:51:47
4735,9460,Royal Enfield,Pulsar,2023,MH56AB9385,UberPool,Bike,2,2024-06-09 14:31:07
4736,9461,Piaggio,Ape,2017,MH28AB6473,UberBlack,Auto,6,2025-03-24 01:18:03
4737,9462,TVS,RE,2022,MH98AB7668,UberX,Auto,4,2022-09-21 10:38:06
4738,9464,Bajaj,Activa,2022,MH22AB2258,UberPool,Bike,2,2023-08-25 00:31:21
4739,9466,Tata,Innova,2018,MH91AB6611,UberBlack,Car,3,2023-12-10 07:46:35
4740,9467,Bajaj,Activa,2019,MH57AB1780,UberPool,Bike,2,2024-02-07 15:05:06
4741,9474,Piaggio,Ape,2020,MH74AB3104,UberBlack,Auto,3,2024-03-14 11:01:29
4742,9479,TVS,RE,2015,MH87AB8564,UberBlack,Auto,2,2023-09-24 05:28:41
4743,9480,TVS,King,2019,MH25AB8318,UberBlack,Auto,2,2022-12-02 21:05:54
4744,9484,Piaggio,King,2018,MH20AB6115,UberBlack,Auto,6,2024-03-27 02:20:06
4745,9486,Hyundai,Dzire,2016,MH55AB5135,UberPool,Car,6,2024-07-04 15:09:12
4746,9487,Honda,WagonR,2022,MH59AB3408,UberPool,Car,2,2023-05-20 03:35:31
4747,9488,TVS,King,2019,MH14AB6066,UberX,Auto,3,2022-10-24 00:00:10
4748,9492,Tata,Ertiga,2022,MH12AB4294,UberPool,Car,3,2025-03-28 14:58:11
4749,9493,Royal Enfield,Classic 350,2018,MH16AB8418,UberBlack,Bike,2,2022-08-17 12:05:33
4750,9494,Honda,Activa,2022,MH51AB2260,UberBlack,Bike,2,2024-06-09 05:59:29
4751,9495,Bajaj,Ape,2015,MH60AB6793,UberX,Auto,5,2024-12-27 11:36:05
4752,9496,Hero,Classic 350,2017,MH39AB5595,UberPool,Bike,2,2023-02-06 09:29:00
4753,9497,Hyundai,Ertiga,2015,MH44AB2938,UberBlack,Car,6,2023-03-22 22:18:52
4754,9498,Tata,Swift,2023,MH29AB3482,UberX,Car,1,2023-04-26 06:46:29
4755,9499,Bajaj,King,2016,MH99AB4450,UberBlack,Auto,1,2023-01-12 05:35:16
4756,9501,Toyota,i20,2020,MH15AB2048,UberBlack,Car,1,2024-12-22 11:17:26
4757,9503,Royal Enfield,Apache,2022,MH32AB1898,UberBlack,Bike,2,2025-03-15 12:09:46
4758,9504,TVS,Apache,2017,MH40AB8890,UberBlack,Bike,2,2024-10-28 15:49:10
4759,9506,Honda,Swift,2019,MH88AB9102,UberPool,Car,4,2022-09-04 06:35:15
4760,9507,TVS,King,2021,MH79AB5639,UberPool,Auto,2,2023-07-02 04:32:15
4761,9512,Bajaj,Pulsar,2018,MH41AB9913,UberPool,Bike,2,2025-05-28 16:55:34
4762,9515,TVS,King,2016,MH83AB1688,UberX,Auto,6,2023-03-17 02:48:55
4763,9518,Honda,Pulsar,2015,MH81AB3258,UberPool,Bike,2,2024-06-13 02:18:29
4764,9519,Toyota,Swift,2016,MH64AB1803,UberPool,Car,6,2023-07-09 06:35:56
4765,9521,TVS,Activa,2015,MH35AB6998,UberBlack,Bike,2,2022-11-12 06:04:23
4766,9523,Piaggio,RE,2019,MH25AB8951,UberBlack,Auto,4,2022-08-27 21:57:13
4767,9524,Piaggio,RE,2018,MH46AB4829,UberBlack,Auto,6,2022-12-14 08:47:55
4768,9525,Tata,Swift,2023,MH29AB2636,UberBlack,Car,5,2023-08-27 08:48:45
4769,9531,Maruti,WagonR,2015,MH65AB4085,UberBlack,Car,2,2024-10-04 06:49:03
4770,9533,Maruti,i20,2021,MH69AB9536,UberX,Car,6,2024-12-20 01:17:57
4771,9534,Maruti,i20,2015,MH29AB4859,UberBlack,Car,5,2022-10-20 16:51:27
4772,9535,Tata,i20,2022,MH10AB3300,UberBlack,Car,3,2024-12-22 23:54:48
4773,9536,Honda,Apache,2018,MH55AB7931,UberPool,Bike,2,2025-06-30 17:37:20
4774,9537,Hero,Splendor,2018,MH54AB5783,UberPool,Bike,2,2024-04-30 12:56:11
4775,9538,Bajaj,Ape,2021,MH41AB7424,UberX,Auto,3,2023-04-12 04:55:02
4776,9541,Toyota,Dzire,2023,MH99AB5299,UberBlack,Car,2,2025-02-26 04:53:48
4777,9542,Toyota,Swift,2022,MH91AB6652,UberBlack,Car,1,2025-04-27 16:24:15
4778,9543,TVS,Splendor,2015,MH86AB1386,UberBlack,Bike,2,2025-07-17 09:59:53
4779,9544,Honda,Ertiga,2020,MH71AB3268,UberBlack,Car,4,2024-03-13 03:41:33
4780,9545,Bajaj,Ape,2020,MH40AB2468,UberX,Auto,4,2025-04-18 09:04:17
4781,9546,TVS,RE,2018,MH37AB9514,UberX,Auto,4,2024-05-01 22:28:42
4782,9548,TVS,Pulsar,2019,MH79AB1859,UberX,Bike,2,2023-04-28 18:18:57
4783,9549,TVS,Ape,2021,MH60AB9538,UberBlack,Auto,5,2025-03-04 10:11:46
4784,9551,Bajaj,RE,2023,MH56AB9975,UberPool,Auto,6,2023-03-24 08:43:27
4785,9555,Bajaj,Splendor,2016,MH10AB2833,UberBlack,Bike,2,2023-06-03 08:40:47
4786,9556,Piaggio,Ape,2020,MH96AB6080,UberPool,Auto,3,2023-02-03 11:03:51
4787,9557,TVS,King,2017,MH10AB8316,UberPool,Auto,1,2025-01-08 18:43:51
4788,9560,Hero,Activa,2022,MH11AB4092,UberBlack,Bike,2,2023-01-15 00:43:33
4789,9562,Toyota,Swift,2022,MH68AB6377,UberBlack,Car,5,2025-04-24 01:47:16
4790,9570,Toyota,Innova,2019,MH90AB9677,UberX,Car,5,2023-04-17 09:29:40
4791,9572,Maruti,Dzire,2017,MH10AB5494,UberX,Car,6,2023-05-09 09:21:28
4792,9573,Toyota,Ertiga,2022,MH26AB9326,UberX,Car,1,2024-04-20 05:19:42
4793,9574,Honda,WagonR,2017,MH86AB6596,UberPool,Car,3,2024-05-19 06:01:14
4794,9578,Hero,Pulsar,2021,MH37AB8590,UberX,Bike,2,2024-06-21 20:18:02
4795,9581,Bajaj,King,2021,MH93AB4466,UberX,Auto,6,2024-02-05 06:08:45
4796,9582,Toyota,Dzire,2020,MH23AB8650,UberPool,Car,4,2024-03-08 00:45:45
4797,9584,Honda,Activa,2017,MH25AB3690,UberPool,Bike,2,2024-01-21 18:48:41
4798,9586,Royal Enfield,Pulsar,2016,MH36AB4507,UberPool,Bike,2,2023-07-15 21:06:24
4799,9587,Honda,Apache,2023,MH32AB7021,UberPool,Bike,2,2024-11-23 05:58:53
4800,9589,Royal Enfield,Pulsar,2016,MH84AB3803,UberBlack,Bike,2,2023-06-04 09:35:33
4801,9591,TVS,Ape,2015,MH84AB5979,UberPool,Auto,1,2024-08-07 23:39:12
4802,9593,Royal Enfield,Apache,2018,MH66AB8005,UberX,Bike,2,2025-05-18 05:57:41
4803,9594,Honda,Pulsar,2020,MH63AB5785,UberBlack,Bike,2,2023-06-23 23:32:17
4804,9595,Honda,Classic 350,2019,MH73AB8159,UberPool,Bike,2,2023-12-17 15:15:53
4805,9596,TVS,Ape,2020,MH96AB9137,UberPool,Auto,6,2024-08-14 18:54:58
4806,9598,Hyundai,Swift,2023,MH62AB6985,UberX,Car,4,2025-02-17 07:54:12
4807,9601,Honda,Activa,2021,MH45AB6523,UberX,Bike,2,2025-03-21 20:56:57
4808,9602,Hyundai,i20,2015,MH50AB3250,UberPool,Car,4,2024-10-02 01:14:48
4809,9604,TVS,RE,2019,MH31AB7959,UberPool,Auto,4,2024-09-09 23:39:00
4810,9607,TVS,Ape,2020,MH15AB9936,UberX,Auto,3,2025-06-14 07:47:03
4811,9609,TVS,King,2015,MH98AB7385,UberX,Auto,5,2023-08-08 07:20:48
4812,9610,Bajaj,Ape,2020,MH14AB5845,UberX,Auto,4,2023-11-12 23:12:43
4813,9612,Tata,Innova,2015,MH90AB3666,UberX,Car,6,2024-04-15 06:53:47
4814,9613,Bajaj,RE,2020,MH32AB2800,UberX,Auto,2,2024-11-10 20:34:39
4815,9615,Bajaj,RE,2019,MH43AB7262,UberX,Auto,4,2025-03-29 15:09:07
4816,9620,Bajaj,Apache,2016,MH47AB9380,UberPool,Bike,2,2023-08-11 11:08:21
4817,9622,Honda,Classic 350,2016,MH50AB2598,UberX,Bike,2,2025-03-16 17:36:57
4818,9625,Piaggio,King,2019,MH57AB4938,UberBlack,Auto,5,2023-01-04 03:20:16
4819,9626,Bajaj,Pulsar,2020,MH74AB5805,UberBlack,Bike,2,2024-12-09 19:17:46
4820,9627,Piaggio,Ape,2016,MH65AB6692,UberX,Auto,3,2024-01-17 23:28:15
4821,9633,Piaggio,Ape,2020,MH28AB3186,UberBlack,Auto,6,2023-03-07 11:38:09
4822,9634,TVS,Splendor,2017,MH10AB1723,UberX,Bike,2,2023-01-29 01:27:53
4823,9635,Bajaj,King,2019,MH83AB8495,UberX,Auto,1,2025-07-18 03:01:57
4824,9637,Maruti,Innova,2021,MH40AB4439,UberPool,Car,1,2023-09-05 19:26:53
4825,9639,Piaggio,Ape,2016,MH16AB6152,UberBlack,Auto,1,2024-07-12 00:33:17
4826,9640,TVS,Activa,2021,MH91AB2671,UberBlack,Bike,2,2024-12-31 16:43:47
4827,9642,TVS,Ape,2019,MH17AB1458,UberBlack,Auto,3,2023-12-06 04:09:47
4828,9644,TVS,King,2023,MH36AB5288,UberBlack,Auto,3,2025-03-04 17:19:56
4829,9646,Honda,Apache,2017,MH21AB1269,UberBlack,Bike,2,2025-01-19 01:16:22
4830,9648,Bajaj,Splendor,2023,MH47AB2471,UberBlack,Bike,2,2023-06-08 01:00:00
4831,9653,Honda,Ertiga,2021,MH51AB5447,UberBlack,Car,1,2024-12-02 05:47:25
4832,9654,Honda,Classic 350,2017,MH51AB6389,UberX,Bike,2,2024-05-18 21:54:38
4833,9655,TVS,King,2016,MH52AB2979,UberBlack,Auto,1,2025-02-04 16:33:06
4834,9656,Bajaj,King,2020,MH67AB8632,UberX,Auto,4,2023-06-30 19:31:37
4835,9657,TVS,Ape,2015,MH97AB7585,UberX,Auto,6,2024-12-13 12:53:21
4836,9658,Honda,Apache,2016,MH37AB6980,UberX,Bike,2,2023-06-21 08:12:16
4837,9663,Honda,Innova,2023,MH36AB7223,UberBlack,Car,3,2025-06-20 04:06:25
4838,9667,Honda,Apache,2023,MH30AB8936,UberPool,Bike,2,2022-09-29 22:05:14
4839,9668,Bajaj,Ape,2021,MH84AB3152,UberX,Auto,4,2023-08-20 08:43:33
4840,9669,Piaggio,RE,2020,MH59AB5125,UberBlack,Auto,1,2024-12-16 01:14:32
4841,9670,Hero,Activa,2017,MH73AB7958,UberX,Bike,2,2024-02-29 11:07:52
4842,9671,Maruti,Dzire,2018,MH55AB2260,UberBlack,Car,2,2023-09-14 21:10:44
4843,9672,Honda,Innova,2020,MH85AB7287,UberBlack,Car,1,2024-07-11 20:09:13
4844,9675,Royal Enfield,Pulsar,2019,MH86AB5282,UberX,Bike,2,2023-04-02 11:41:58
4845,9676,TVS,Ape,2021,MH35AB4350,UberPool,Auto,3,2024-10-16 22:30:10
4846,9678,Piaggio,Ape,2019,MH85AB2393,UberX,Auto,6,2025-01-13 22:11:36
4847,9680,Piaggio,King,2023,MH73AB1044,UberX,Auto,5,2024-03-09 00:11:01
4848,9681,Bajaj,Ape,2016,MH25AB4776,UberX,Auto,4,2025-03-17 15:04:33
4849,9686,TVS,Ape,2017,MH36AB4310,UberX,Auto,3,2025-06-03 15:24:30
4850,9688,Toyota,Innova,2016,MH90AB8244,UberX,Car,6,2023-08-31 13:26:37
4851,9689,Hero,Pulsar,2022,MH74AB8948,UberBlack,Bike,2,2023-03-08 03:20:18
4852,9690,Bajaj,Pulsar,2023,MH72AB1670,UberBlack,Bike,2,2023-02-04 11:04:35
4853,9691,Bajaj,RE,2017,MH32AB1827,UberBlack,Auto,2,2023-02-14 07:38:30
4854,9692,Maruti,Innova,2019,MH76AB5812,UberBlack,Car,6,2023-09-29 10:16:51
4855,9693,Hyundai,Swift,2022,MH75AB2607,UberPool,Car,3,2024-01-21 04:49:31
4856,9697,TVS,King,2016,MH14AB5766,UberX,Auto,6,2024-10-11 21:30:22
4857,9699,Honda,Activa,2015,MH11AB4053,UberBlack,Bike,2,2024-01-24 20:04:05
4858,9700,Bajaj,Pulsar,2019,MH22AB9168,UberX,Bike,2,2024-03-13 17:22:09
4859,9703,Bajaj,Ape,2018,MH90AB2567,UberX,Auto,4,2023-02-07 21:27:29
4860,9705,TVS,Pulsar,2019,MH14AB4672,UberX,Bike,2,2024-12-28 06:04:23
4861,9706,Royal Enfield,Activa,2017,MH52AB2488,UberPool,Bike,2,2024-08-27 01:51:27
4862,9708,Toyota,Dzire,2020,MH76AB2887,UberX,Car,4,2024-10-06 13:08:13
4863,9710,Bajaj,RE,2015,MH20AB6483,UberX,Auto,5,2022-09-15 14:38:05
4864,9711,TVS,Ape,2021,MH80AB7029,UberPool,Auto,4,2023-11-04 15:22:28
4865,9713,Maruti,Swift,2021,MH67AB1142,UberBlack,Car,1,2024-12-20 08:43:30
4866,9718,Bajaj,Splendor,2023,MH27AB2732,UberX,Bike,2,2023-01-05 14:28:27
4867,9719,Hero,Classic 350,2021,MH65AB5660,UberBlack,Bike,2,2024-09-23 23:04:13
4868,9721,Piaggio,King,2018,MH59AB3496,UberBlack,Auto,2,2025-02-05 13:14:49
4869,9723,Toyota,Ertiga,2020,MH15AB2645,UberX,Car,2,2025-04-27 08:31:42
4870,9724,TVS,Activa,2021,MH79AB6344,UberX,Bike,2,2022-08-21 07:05:54
4871,9727,Bajaj,Ape,2016,MH77AB5674,UberBlack,Auto,5,2023-04-04 02:34:54
4872,9729,TVS,King,2019,MH95AB5554,UberBlack,Auto,5,2025-02-06 20:29:56
4873,9730,Bajaj,Apache,2019,MH69AB3403,UberBlack,Bike,2,2022-10-05 01:45:22
4874,9731,Hyundai,WagonR,2019,MH49AB3057,UberBlack,Car,1,2023-01-02 13:25:29
4875,9733,TVS,Classic 350,2018,MH82AB5212,UberBlack,Bike,2,2024-10-30 08:00:48
4876,9736,Hyundai,WagonR,2020,MH22AB5644,UberPool,Car,3,2022-12-08 03:14:43
4877,9738,Royal Enfield,Apache,2022,MH49AB9467,UberX,Bike,2,2024-11-10 07:41:21
4878,9744,TVS,Pulsar,2020,MH27AB9382,UberBlack,Bike,2,2022-12-13 20:19:07
4879,9745,Piaggio,King,2019,MH58AB6210,UberX,Auto,5,2023-09-04 11:16:08
4880,9746,Bajaj,RE,2019,MH40AB2346,UberPool,Auto,5,2022-09-29 20:32:54
4881,9747,Bajaj,Splendor,2018,MH86AB2604,UberX,Bike,2,2024-07-17 20:24:28
4882,9750,Honda,Activa,2022,MH53AB5270,UberBlack,Bike,2,2025-05-06 17:29:31
4883,9751,Honda,Dzire,2022,MH72AB8925,UberX,Car,6,2023-03-05 00:55:34
4884,9752,Hero,Apache,2019,MH29AB3674,UberPool,Bike,2,2025-01-03 06:30:47
4885,9753,Toyota,Innova,2015,MH36AB9635,UberBlack,Car,2,2023-09-26 11:32:53
4886,9754,Hero,Pulsar,2019,MH70AB3251,UberX,Bike,2,2024-12-11 12:52:51
4887,9755,Tata,Dzire,2015,MH66AB5874,UberX,Car,5,2024-11-11 20:54:17
4888,9758,TVS,Pulsar,2022,MH16AB1851,UberPool,Bike,2,2023-06-19 20:40:55
4889,9760,Toyota,Dzire,2023,MH94AB9020,UberPool,Car,2,2022-11-16 00:57:17
4890,9763,Hyundai,Dzire,2016,MH10AB9699,UberPool,Car,5,2024-10-27 18:04:18
4891,9764,Tata,Innova,2020,MH97AB9946,UberX,Car,4,2022-11-13 17:14:20
4892,9766,Toyota,Swift,2023,MH87AB5606,UberPool,Car,1,2022-08-11 21:25:21
4893,9767,Bajaj,Ape,2023,MH54AB9313,UberBlack,Auto,6,2022-09-30 06:43:23
4894,9768,Piaggio,Ape,2016,MH77AB3006,UberX,Auto,5,2024-09-02 20:43:09
4895,9770,TVS,RE,2023,MH25AB9141,UberBlack,Auto,5,2025-06-13 07:39:27
4896,9771,Hyundai,Dzire,2015,MH62AB5181,UberX,Car,2,2022-09-13 11:19:03
4897,9772,Piaggio,Ape,2020,MH53AB4081,UberPool,Auto,2,2024-02-15 20:19:17
4898,9774,Hyundai,i20,2022,MH22AB8287,UberX,Car,6,2025-07-04 08:12:21
4899,9776,Hyundai,Swift,2018,MH33AB5768,UberX,Car,3,2024-09-03 11:35:59
4900,9779,Maruti,Swift,2016,MH97AB8529,UberX,Car,1,2023-08-24 22:16:43
4901,9780,Bajaj,Pulsar,2017,MH47AB4725,UberX,Bike,2,2024-09-12 22:59:58
4902,9782,Piaggio,Ape,2022,MH31AB6009,UberPool,Auto,4,2024-08-20 02:00:16
4903,9783,Bajaj,Ape,2015,MH72AB2946,UberX,Auto,1,2023-08-27 21:30:44
4904,9784,Hyundai,WagonR,2023,MH85AB8072,UberBlack,Car,1,2023-06-14 02:15:03
4905,9785,Toyota,Innova,2016,MH82AB9243,UberBlack,Car,2,2025-01-10 11:39:25
4906,9787,Bajaj,Apache,2019,MH93AB6897,UberX,Bike,2,2025-05-19 05:58:32
4907,9788,Tata,WagonR,2016,MH55AB3348,UberBlack,Car,2,2024-09-23 20:17:22
4908,9789,Maruti,i20,2022,MH73AB9302,UberBlack,Car,3,2024-06-27 11:55:49
4909,9794,Tata,WagonR,2020,MH17AB2746,UberBlack,Car,1,2023-01-06 18:12:05
4910,9795,Hyundai,Innova,2019,MH12AB3358,UberPool,Car,4,2023-10-14 00:55:04
4911,9797,Hero,Splendor,2017,MH38AB2594,UberPool,Bike,2,2022-10-06 19:20:45
4912,9798,Hyundai,WagonR,2020,MH21AB1401,UberX,Car,1,2025-02-11 18:20:09
4913,9801,Tata,WagonR,2023,MH54AB8724,UberPool,Car,2,2025-05-02 09:19:45
4914,9802,TVS,Ape,2018,MH80AB5425,UberPool,Auto,6,2024-04-09 08:04:26
4915,9803,Honda,Innova,2020,MH74AB2221,UberPool,Car,2,2022-11-25 04:40:51
4916,9804,Toyota,Swift,2017,MH85AB2274,UberBlack,Car,2,2025-02-06 13:18:39
4917,9807,Tata,Dzire,2022,MH27AB6410,UberX,Car,1,2024-10-30 18:20:41
4918,9811,Honda,Ertiga,2023,MH14AB4368,UberBlack,Car,1,2023-10-25 11:13:36
4919,9812,Toyota,WagonR,2017,MH39AB8219,UberX,Car,3,2023-08-19 15:13:39
4920,9813,Tata,WagonR,2019,MH81AB3857,UberBlack,Car,3,2025-07-30 16:12:51
4921,9814,Toyota,i20,2017,MH51AB5609,UberPool,Car,3,2023-05-11 16:26:35
4922,9815,Piaggio,King,2022,MH58AB4646,UberX,Auto,4,2023-05-04 13:23:11
4923,9819,Bajaj,King,2020,MH55AB1877,UberX,Auto,4,2022-09-19 01:16:21
4924,9820,Bajaj,Apache,2019,MH30AB4342,UberPool,Bike,2,2023-06-09 11:00:33
4925,9821,Hyundai,WagonR,2021,MH67AB7291,UberBlack,Car,2,2023-04-11 15:07:32
4926,9827,Tata,Ertiga,2022,MH59AB2210,UberPool,Car,3,2024-02-22 20:24:53
4927,9828,TVS,Ape,2015,MH45AB6827,UberPool,Auto,2,2023-11-09 12:44:15
4928,9829,Hyundai,Ertiga,2017,MH98AB1708,UberPool,Car,5,2023-10-18 20:25:15
4929,9830,TVS,Pulsar,2020,MH46AB8371,UberBlack,Bike,2,2022-10-03 21:17:48
4930,9831,Tata,Innova,2018,MH71AB2361,UberBlack,Car,6,2024-11-25 05:32:36
4931,9833,Hero,Pulsar,2019,MH75AB8959,UberX,Bike,2,2023-02-09 07:06:39
4932,9835,Maruti,WagonR,2015,MH25AB6701,UberPool,Car,3,2023-08-28 12:34:26
4933,9836,Honda,i20,2020,MH33AB2506,UberX,Car,6,2024-09-09 06:20:42
4934,9837,Piaggio,Ape,2020,MH45AB4007,UberPool,Auto,1,2023-04-19 18:41:04
4935,9838,Hyundai,Swift,2019,MH37AB8623,UberBlack,Car,1,2024-08-28 00:17:20
4936,9841,Piaggio,King,2023,MH13AB9703,UberBlack,Auto,2,2024-08-07 19:21:47
4937,9844,Honda,Apache,2020,MH74AB4676,UberPool,Bike,2,2024-06-14 09:49:08
4938,9847,TVS,Apache,2023,MH67AB7112,UberBlack,Bike,2,2023-08-23 00:55:08
4939,9848,Honda,Activa,2022,MH43AB3178,UberPool,Bike,2,2023-01-06 13:06:12
4940,9849,TVS,RE,2015,MH48AB4489,UberPool,Auto,5,2023-01-01 10:16:11
4941,9853,Tata,Innova,2021,MH75AB5191,UberBlack,Car,4,2025-07-01 21:25:24
4942,9854,Piaggio,King,2015,MH98AB8423,UberBlack,Auto,6,2023-12-10 08:44:47
4943,9856,Royal Enfield,Pulsar,2020,MH39AB1929,UberBlack,Bike,2,2022-11-10 16:48:06
4944,9857,Hyundai,i20,2015,MH79AB7620,UberPool,Car,5,2023-08-26 15:30:25
4945,9860,Piaggio,King,2020,MH23AB2761,UberBlack,Auto,2,2024-04-29 03:40:26
4946,9862,Bajaj,King,2021,MH71AB2163,UberBlack,Auto,6,2024-04-07 22:02:34
4947,9867,Piaggio,Ape,2017,MH69AB6508,UberX,Auto,2,2024-02-22 21:19:23
4948,9869,Hero,Splendor,2015,MH28AB7031,UberBlack,Bike,2,2023-01-14 05:30:25
4949,9870,TVS,RE,2020,MH19AB8960,UberPool,Auto,4,2025-07-13 19:58:51
4950,9872,Hyundai,Dzire,2017,MH15AB5025,UberPool,Car,1,2023-08-07 15:54:42
4951,9878,Maruti,Swift,2019,MH49AB7674,UberPool,Car,1,2022-09-09 12:39:50
4952,9883,TVS,RE,2019,MH19AB1939,UberX,Auto,4,2024-06-07 21:26:37
4953,9884,TVS,Activa,2015,MH59AB4639,UberX,Bike,2,2024-08-08 20:29:35
4954,9886,Piaggio,Ape,2023,MH85AB5360,UberX,Auto,1,2025-02-20 13:48:47
4955,9887,Tata,Swift,2018,MH14AB5070,UberBlack,Car,4,2022-12-09 01:18:33
4956,9888,Honda,WagonR,2016,MH77AB5333,UberPool,Car,4,2023-06-25 14:03:50
4957,9890,Bajaj,Ape,2022,MH70AB4835,UberPool,Auto,2,2023-07-24 16:46:34
4958,9893,Bajaj,King,2017,MH67AB6653,UberBlack,Auto,2,2024-12-18 11:35:52
4959,9896,TVS,Classic 350,2015,MH20AB1706,UberX,Bike,2,2023-09-08 15:14:39
4960,9899,Honda,Classic 350,2022,MH47AB1844,UberX,Bike,2,2023-07-24 21:34:38
4961,9901,Piaggio,King,2015,MH18AB9415,UberX,Auto,2,2023-10-20 09:08:23
4962,9904,Royal Enfield,Classic 350,2016,MH79AB1142,UberPool,Bike,2,2024-04-10 12:49:51
4963,9906,Maruti,i20,2020,MH41AB8434,UberX,Car,1,2023-07-22 02:28:02
4964,9907,Hero,Splendor,2016,MH10AB3452,UberX,Bike,2,2025-05-29 08:25:18
4965,9908,Maruti,Dzire,2021,MH81AB4574,UberBlack,Car,1,2022-11-23 09:31:47
4966,9909,Hero,Splendor,2016,MH19AB9946,UberX,Bike,2,2024-10-24 00:03:58
4967,9910,TVS,Ape,2018,MH44AB2833,UberX,Auto,4,2023-10-23 06:38:53
4968,9911,Royal Enfield,Activa,2023,MH71AB2061,UberX,Bike,2,2024-06-23 12:43:52
4969,9912,Hyundai,i20,2019,MH20AB2336,UberPool,Car,2,2024-03-31 14:39:45
4970,9913,Honda,Dzire,2017,MH56AB2836,UberBlack,Car,4,2023-01-24 07:48:23
4971,9916,Bajaj,Activa,2020,MH74AB7326,UberX,Bike,2,2023-04-19 05:16:54
4972,9918,Royal Enfield,Pulsar,2016,MH18AB8941,UberX,Bike,2,2023-11-29 17:55:26
4973,9919,Hyundai,Innova,2019,MH86AB7397,UberPool,Car,3,2022-09-25 14:42:45
4974,9920,Toyota,Ertiga,2019,MH30AB2370,UberBlack,Car,6,2024-04-02 10:26:56
4975,9924,Hyundai,Innova,2023,MH16AB6428,UberBlack,Car,4,2025-07-02 17:26:51
4976,9925,Honda,Apache,2015,MH31AB5823,UberX,Bike,2,2023-03-21 07:39:43
4977,9926,Bajaj,Classic 350,2018,MH41AB7140,UberX,Bike,2,2025-02-20 07:14:07
4978,9928,Maruti,Ertiga,2022,MH90AB6248,UberPool,Car,5,2025-06-13 01:24:41
4979,9934,Royal Enfield,Splendor,2018,MH29AB1039,UberX,Bike,2,2023-06-17 12:07:00
4980,9936,Tata,Swift,2018,MH88AB3134,UberX,Car,2,2024-06-28 15:50:36
4981,9937,Honda,WagonR,2022,MH64AB8573,UberPool,Car,3,2024-09-28 17:51:46
4982,9940,Bajaj,RE,2023,MH72AB1178,UberPool,Auto,2,2025-02-01 16:28:46
4983,9944,Bajaj,RE,2019,MH88AB8084,UberX,Auto,1,2023-12-29 19:30:54
4984,9946,Piaggio,King,2021,MH60AB8358,UberPool,Auto,2,2025-07-05 11:33:15
4985,9947,TVS,RE,2017,MH87AB8113,UberBlack,Auto,3,2023-11-06 02:01:54
4986,9950,Piaggio,RE,2015,MH42AB9073,UberX,Auto,4,2022-10-25 11:16:42
4987,9952,Honda,Apache,2019,MH51AB9226,UberPool,Bike,2,2023-09-28 23:49:14
4988,9954,TVS,King,2020,MH69AB8566,UberBlack,Auto,1,2024-08-29 03:42:21
4989,9958,Tata,Swift,2020,MH35AB5172,UberX,Car,4,2025-05-24 00:31:41
4990,9959,Piaggio,Ape,2018,MH91AB3859,UberBlack,Auto,4,2024-09-06 13:03:07
4991,9962,Toyota,Dzire,2022,MH58AB7983,UberPool,Car,3,2024-08-21 22:55:56
4992,9963,Piaggio,Ape,2019,MH26AB9185,UberPool,Auto,5,2025-02-01 08:44:10
4993,9965,Royal Enfield,Apache,2020,MH90AB5507,UberBlack,Bike,2,2023-08-25 14:38:09
4994,9966,Toyota,Ertiga,2015,MH13AB3544,UberBlack,Car,1,2023-04-27 01:26:55
4995,9967,Bajaj,Classic 350,2021,MH51AB5815,UberPool,Bike,2,2022-10-31 12:00:17
4996,9970,Honda,i20,2017,MH37AB3235,UberX,Car,3,2024-09-27 23:54:04
4997,9971,Bajaj,Pulsar,2020,MH59AB7835,UberBlack,Bike,2,2023-02-26 04:13:41
4998,9972,Toyota,i20,2021,MH56AB8934,UberBlack,Car,3,2024-11-25 22:15:59
4999,9973,Honda,Pulsar,2015,MH38AB9964,UberX,Bike,2,2025-07-13 19:12:33
5000,9974,Toyota,Dzire,2022,MH91AB7499,UberX,Car,5,2023-11-21 12:51:36
5001,9975,Hyundai,Ertiga,2022,MH71AB1131,UberX,Car,3,2023-01-14 08:09:52
5002,9977,Maruti,Swift,2020,MH77AB2768,UberBlack,Car,4,2024-10-21 00:43:26
5003,9980,Toyota,Swift,2020,MH41AB5478,UberX,Car,5,2025-04-14 12:01:16
5004,9981,Maruti,Innova,2023,MH69AB7635,UberPool,Car,1,2024-12-19 12:16:33
5005,9984,Bajaj,King,2018,MH86AB8348,UberBlack,Auto,3,2025-01-09 09:20:09
5006,9985,Hyundai,WagonR,2017,MH25AB7072,UberX,Car,1,2023-10-10 00:43:45
5007,9988,Piaggio,Ape,2016,MH17AB1498,UberBlack,Auto,5,2024-05-08 10:19:44
5008,9990,TVS,Pulsar,2015,MH14AB3279,UberPool,Bike,2,2025-01-21 06:44:56
5009,9992,Bajaj,Pulsar,2015,MH96AB7145,UberPool,Bike,2,2023-12-21 09:14:49
5010,9994,Honda,Apache,2017,MH67AB7767,UberBlack,Bike,2,2024-12-02 13:48:58
5011,9995,Honda,Swift,2023,MH32AB7269,UberX,Car,2,2025-06-04 18:49:06
5012,9996,Royal Enfield,Classic 350,2018,MH98AB2645,UberX,Bike,2,2023-09-25 18:24:27
5013,9997,Bajaj,Splendor,2015,MH68AB6565,UberX,Bike,2,2024-09-09 19:09:41
5014,9998,Piaggio,King,2016,MH45AB2782,UberPool,Auto,2,2023-02-12 01:45:19
5015,9999,TVS,Pulsar,2018,MH13AB7166,UberBlack,Bike,2,2023-06-20 04:19:28
